period_date,cbsa_code,cbsa_title,gdp_millions
2001-01-01,00998,United States (Metropolitan Portion),12683267028
2002-01-01,00998,United States (Metropolitan Portion),12891795481
2003-01-01,00998,United States (Metropolitan Portion),13265790126
2004-01-01,00998,United States (Metropolitan Portion),13794531566
2005-01-01,00998,United States (Metropolitan Portion),14300027093
2006-01-01,00998,United States (Metropolitan Portion),14706457103
2007-01-01,00998,United States (Metropolitan Portion),15024057016
2008-01-01,00998,United States (Metropolitan Portion),15026108266
2009-01-01,00998,United States (Metropolitan Portion),14595743531
2010-01-01,00998,United States (Metropolitan Portion),15002118296
2011-01-01,00998,United States (Metropolitan Portion),15229309333
2012-01-01,00998,United States (Metropolitan Portion),15584714510
2013-01-01,00998,United States (Metropolitan Portion),15898170419
2014-01-01,00998,United States (Metropolitan Portion),16310562342
2015-01-01,00998,United States (Metropolitan Portion),16826288856
2016-01-01,00998,United States (Metropolitan Portion),17154930168
2017-01-01,00998,United States (Metropolitan Portion),17619114703
2018-01-01,00998,United States (Metropolitan Portion),18160699656
2019-01-01,00998,United States (Metropolitan Portion),18642485171
2020-01-01,00998,United States (Metropolitan Portion),18238881803
2021-01-01,00998,United States (Metropolitan Portion),19387630694
2022-01-01,00998,United States (Metropolitan Portion),19896599724
2023-01-01,00998,United States (Metropolitan Portion),20436284297
2011-01-01,10180,"Abilene, TX (Metropolitan Statistical Area)",6537181
2012-01-01,10180,"Abilene, TX (Metropolitan Statistical Area)",6732935
2013-01-01,10180,"Abilene, TX (Metropolitan Statistical Area)",6834707
2014-01-01,10180,"Abilene, TX (Metropolitan Statistical Area)",6955561
2015-01-01,10180,"Abilene, TX (Metropolitan Statistical Area)",6827936
2016-01-01,10180,"Abilene, TX (Metropolitan Statistical Area)",6686943
2017-01-01,10180,"Abilene, TX (Metropolitan Statistical Area)",6827152
2018-01-01,10180,"Abilene, TX (Metropolitan Statistical Area)",7141273
2019-01-01,10180,"Abilene, TX (Metropolitan Statistical Area)",7455255
2020-01-01,10180,"Abilene, TX (Metropolitan Statistical Area)",7387697
2021-01-01,10180,"Abilene, TX (Metropolitan Statistical Area)",7603626
2022-01-01,10180,"Abilene, TX (Metropolitan Statistical Area)",8006032
2023-01-01,10180,"Abilene, TX (Metropolitan Statistical Area)",8270864
2001-01-01,10180,"Abilene, TX (Metropolitan Statistical Area)",5286630
2002-01-01,10180,"Abilene, TX (Metropolitan Statistical Area)",5342042
2003-01-01,10180,"Abilene, TX (Metropolitan Statistical Area)",5438921
2004-01-01,10180,"Abilene, TX (Metropolitan Statistical Area)",5565831
2005-01-01,10180,"Abilene, TX (Metropolitan Statistical Area)",5692062
2006-01-01,10180,"Abilene, TX (Metropolitan Statistical Area)",6126025
2007-01-01,10180,"Abilene, TX (Metropolitan Statistical Area)",6338833
2008-01-01,10180,"Abilene, TX (Metropolitan Statistical Area)",6397914
2009-01-01,10180,"Abilene, TX (Metropolitan Statistical Area)",6249007
2010-01-01,10180,"Abilene, TX (Metropolitan Statistical Area)",6487399
2001-01-01,10420,"Akron, OH (Metropolitan Statistical Area)",30570431
2002-01-01,10420,"Akron, OH (Metropolitan Statistical Area)",31915076
2003-01-01,10420,"Akron, OH (Metropolitan Statistical Area)",33064642
2004-01-01,10420,"Akron, OH (Metropolitan Statistical Area)",33703560
2005-01-01,10420,"Akron, OH (Metropolitan Statistical Area)",34562361
2006-01-01,10420,"Akron, OH (Metropolitan Statistical Area)",34159207
2007-01-01,10420,"Akron, OH (Metropolitan Statistical Area)",34801508
2008-01-01,10420,"Akron, OH (Metropolitan Statistical Area)",34677830
2009-01-01,10420,"Akron, OH (Metropolitan Statistical Area)",32495789
2010-01-01,10420,"Akron, OH (Metropolitan Statistical Area)",33289652
2011-01-01,10420,"Akron, OH (Metropolitan Statistical Area)",33366153
2012-01-01,10420,"Akron, OH (Metropolitan Statistical Area)",33664676
2013-01-01,10420,"Akron, OH (Metropolitan Statistical Area)",34425311
2014-01-01,10420,"Akron, OH (Metropolitan Statistical Area)",35267685
2015-01-01,10420,"Akron, OH (Metropolitan Statistical Area)",35587178
2016-01-01,10420,"Akron, OH (Metropolitan Statistical Area)",35715828
2017-01-01,10420,"Akron, OH (Metropolitan Statistical Area)",36424857
2018-01-01,10420,"Akron, OH (Metropolitan Statistical Area)",36883382
2019-01-01,10420,"Akron, OH (Metropolitan Statistical Area)",37473869
2020-01-01,10420,"Akron, OH (Metropolitan Statistical Area)",36128928
2021-01-01,10420,"Akron, OH (Metropolitan Statistical Area)",37703119
2022-01-01,10420,"Akron, OH (Metropolitan Statistical Area)",37672860
2023-01-01,10420,"Akron, OH (Metropolitan Statistical Area)",38081735
2001-01-01,10500,"Albany, GA (Metropolitan Statistical Area)",5949216
2002-01-01,10500,"Albany, GA (Metropolitan Statistical Area)",6008442
2003-01-01,10500,"Albany, GA (Metropolitan Statistical Area)",6037163
2004-01-01,10500,"Albany, GA (Metropolitan Statistical Area)",6100758
2005-01-01,10500,"Albany, GA (Metropolitan Statistical Area)",6213286
2006-01-01,10500,"Albany, GA (Metropolitan Statistical Area)",6056539
2007-01-01,10500,"Albany, GA (Metropolitan Statistical Area)",5922264
2008-01-01,10500,"Albany, GA (Metropolitan Statistical Area)",5807549
2009-01-01,10500,"Albany, GA (Metropolitan Statistical Area)",5750321
2010-01-01,10500,"Albany, GA (Metropolitan Statistical Area)",5580803
2011-01-01,10500,"Albany, GA (Metropolitan Statistical Area)",5706573
2012-01-01,10500,"Albany, GA (Metropolitan Statistical Area)",5761812
2013-01-01,10500,"Albany, GA (Metropolitan Statistical Area)",5771682
2014-01-01,10500,"Albany, GA (Metropolitan Statistical Area)",5662279
2015-01-01,10500,"Albany, GA (Metropolitan Statistical Area)",5631247
2016-01-01,10500,"Albany, GA (Metropolitan Statistical Area)",5726021
2017-01-01,10500,"Albany, GA (Metropolitan Statistical Area)",5693673
2018-01-01,10500,"Albany, GA (Metropolitan Statistical Area)",5702355
2019-01-01,10500,"Albany, GA (Metropolitan Statistical Area)",5836949
2020-01-01,10500,"Albany, GA (Metropolitan Statistical Area)",5746053
2021-01-01,10500,"Albany, GA (Metropolitan Statistical Area)",6027659
2022-01-01,10500,"Albany, GA (Metropolitan Statistical Area)",6121212
2023-01-01,10500,"Albany, GA (Metropolitan Statistical Area)",6180188
2011-01-01,10540,"Albany-Lebanon, OR (Metropolitan Statistical Area)",3880062
2012-01-01,10540,"Albany-Lebanon, OR (Metropolitan Statistical Area)",3921929
2013-01-01,10540,"Albany-Lebanon, OR (Metropolitan Statistical Area)",3993713
2014-01-01,10540,"Albany-Lebanon, OR (Metropolitan Statistical Area)",4116391
2015-01-01,10540,"Albany-Lebanon, OR (Metropolitan Statistical Area)",4318476
2016-01-01,10540,"Albany-Lebanon, OR (Metropolitan Statistical Area)",4575970
2017-01-01,10540,"Albany-Lebanon, OR (Metropolitan Statistical Area)",4505965
2018-01-01,10540,"Albany-Lebanon, OR (Metropolitan Statistical Area)",4802294
2019-01-01,10540,"Albany-Lebanon, OR (Metropolitan Statistical Area)",4930998
2020-01-01,10540,"Albany-Lebanon, OR (Metropolitan Statistical Area)",4822572
2021-01-01,10540,"Albany-Lebanon, OR (Metropolitan Statistical Area)",4907036
2022-01-01,10540,"Albany-Lebanon, OR (Metropolitan Statistical Area)",5043047
2023-01-01,10540,"Albany-Lebanon, OR (Metropolitan Statistical Area)",5130128
2001-01-01,10540,"Albany-Lebanon, OR (Metropolitan Statistical Area)",3603456
2002-01-01,10540,"Albany-Lebanon, OR (Metropolitan Statistical Area)",3814373
2003-01-01,10540,"Albany-Lebanon, OR (Metropolitan Statistical Area)",3675279
2004-01-01,10540,"Albany-Lebanon, OR (Metropolitan Statistical Area)",3959887
2005-01-01,10540,"Albany-Lebanon, OR (Metropolitan Statistical Area)",4051086
2006-01-01,10540,"Albany-Lebanon, OR (Metropolitan Statistical Area)",4304354
2007-01-01,10540,"Albany-Lebanon, OR (Metropolitan Statistical Area)",4026866
2008-01-01,10540,"Albany-Lebanon, OR (Metropolitan Statistical Area)",3936444
2009-01-01,10540,"Albany-Lebanon, OR (Metropolitan Statistical Area)",3876850
2010-01-01,10540,"Albany-Lebanon, OR (Metropolitan Statistical Area)",3843299
2011-01-01,10580,"Albany-Schenectady-Troy, NY (Metropolitan Statistical Area)",54394078
2012-01-01,10580,"Albany-Schenectady-Troy, NY (Metropolitan Statistical Area)",54571023
2013-01-01,10580,"Albany-Schenectady-Troy, NY (Metropolitan Statistical Area)",55520393
2014-01-01,10580,"Albany-Schenectady-Troy, NY (Metropolitan Statistical Area)",56398124
2015-01-01,10580,"Albany-Schenectady-Troy, NY (Metropolitan Statistical Area)",58040524
2016-01-01,10580,"Albany-Schenectady-Troy, NY (Metropolitan Statistical Area)",59466852
2017-01-01,10580,"Albany-Schenectady-Troy, NY (Metropolitan Statistical Area)",61024034
2018-01-01,10580,"Albany-Schenectady-Troy, NY (Metropolitan Statistical Area)",61119269
2019-01-01,10580,"Albany-Schenectady-Troy, NY (Metropolitan Statistical Area)",63778650
2020-01-01,10580,"Albany-Schenectady-Troy, NY (Metropolitan Statistical Area)",62655818
2021-01-01,10580,"Albany-Schenectady-Troy, NY (Metropolitan Statistical Area)",67674323
2022-01-01,10580,"Albany-Schenectady-Troy, NY (Metropolitan Statistical Area)",67717208
2023-01-01,10580,"Albany-Schenectady-Troy, NY (Metropolitan Statistical Area)",69401141
2001-01-01,10580,"Albany-Schenectady-Troy, NY (Metropolitan Statistical Area)",47437230
2002-01-01,10580,"Albany-Schenectady-Troy, NY (Metropolitan Statistical Area)",48101630
2003-01-01,10580,"Albany-Schenectady-Troy, NY (Metropolitan Statistical Area)",49676809
2004-01-01,10580,"Albany-Schenectady-Troy, NY (Metropolitan Statistical Area)",50657787
2005-01-01,10580,"Albany-Schenectady-Troy, NY (Metropolitan Statistical Area)",50908466
2006-01-01,10580,"Albany-Schenectady-Troy, NY (Metropolitan Statistical Area)",51466086
2007-01-01,10580,"Albany-Schenectady-Troy, NY (Metropolitan Statistical Area)",51668884
2008-01-01,10580,"Albany-Schenectady-Troy, NY (Metropolitan Statistical Area)",52477717
2009-01-01,10580,"Albany-Schenectady-Troy, NY (Metropolitan Statistical Area)",53495052
2010-01-01,10580,"Albany-Schenectady-Troy, NY (Metropolitan Statistical Area)",53969868
2001-01-01,10740,"Albuquerque, NM (Metropolitan Statistical Area)",31949682
2002-01-01,10740,"Albuquerque, NM (Metropolitan Statistical Area)",32556088
2003-01-01,10740,"Albuquerque, NM (Metropolitan Statistical Area)",35758151
2004-01-01,10740,"Albuquerque, NM (Metropolitan Statistical Area)",41416431
2005-01-01,10740,"Albuquerque, NM (Metropolitan Statistical Area)",41006651
2006-01-01,10740,"Albuquerque, NM (Metropolitan Statistical Area)",41740379
2007-01-01,10740,"Albuquerque, NM (Metropolitan Statistical Area)",41417919
2008-01-01,10740,"Albuquerque, NM (Metropolitan Statistical Area)",40809673
2009-01-01,10740,"Albuquerque, NM (Metropolitan Statistical Area)",42298283
2010-01-01,10740,"Albuquerque, NM (Metropolitan Statistical Area)",41851011
2011-01-01,10740,"Albuquerque, NM (Metropolitan Statistical Area)",41033001
2012-01-01,10740,"Albuquerque, NM (Metropolitan Statistical Area)",40418820
2013-01-01,10740,"Albuquerque, NM (Metropolitan Statistical Area)",39726620
2014-01-01,10740,"Albuquerque, NM (Metropolitan Statistical Area)",40534164
2015-01-01,10740,"Albuquerque, NM (Metropolitan Statistical Area)",41038769
2016-01-01,10740,"Albuquerque, NM (Metropolitan Statistical Area)",41719773
2017-01-01,10740,"Albuquerque, NM (Metropolitan Statistical Area)",41881258
2018-01-01,10740,"Albuquerque, NM (Metropolitan Statistical Area)",42671307
2019-01-01,10740,"Albuquerque, NM (Metropolitan Statistical Area)",43920456
2020-01-01,10740,"Albuquerque, NM (Metropolitan Statistical Area)",43329662
2021-01-01,10740,"Albuquerque, NM (Metropolitan Statistical Area)",45653922
2022-01-01,10740,"Albuquerque, NM (Metropolitan Statistical Area)",47447327
2023-01-01,10740,"Albuquerque, NM (Metropolitan Statistical Area)",48602526
2011-01-01,10780,"Alexandria, LA (Metropolitan Statistical Area)",6118976
2012-01-01,10780,"Alexandria, LA (Metropolitan Statistical Area)",6141512
2013-01-01,10780,"Alexandria, LA (Metropolitan Statistical Area)",6125289
2014-01-01,10780,"Alexandria, LA (Metropolitan Statistical Area)",6128956
2015-01-01,10780,"Alexandria, LA (Metropolitan Statistical Area)",5990445
2016-01-01,10780,"Alexandria, LA (Metropolitan Statistical Area)",6109568
2017-01-01,10780,"Alexandria, LA (Metropolitan Statistical Area)",6081708
2018-01-01,10780,"Alexandria, LA (Metropolitan Statistical Area)",6161095
2019-01-01,10780,"Alexandria, LA (Metropolitan Statistical Area)",6158801
2020-01-01,10780,"Alexandria, LA (Metropolitan Statistical Area)",5997466
2021-01-01,10780,"Alexandria, LA (Metropolitan Statistical Area)",6160094
2022-01-01,10780,"Alexandria, LA (Metropolitan Statistical Area)",6019646
2023-01-01,10780,"Alexandria, LA (Metropolitan Statistical Area)",6085726
2001-01-01,10780,"Alexandria, LA (Metropolitan Statistical Area)",5135940
2002-01-01,10780,"Alexandria, LA (Metropolitan Statistical Area)",5323808
2003-01-01,10780,"Alexandria, LA (Metropolitan Statistical Area)",5390946
2004-01-01,10780,"Alexandria, LA (Metropolitan Statistical Area)",5652163
2005-01-01,10780,"Alexandria, LA (Metropolitan Statistical Area)",6006625
2006-01-01,10780,"Alexandria, LA (Metropolitan Statistical Area)",6019344
2007-01-01,10780,"Alexandria, LA (Metropolitan Statistical Area)",5773629
2008-01-01,10780,"Alexandria, LA (Metropolitan Statistical Area)",5785386
2009-01-01,10780,"Alexandria, LA (Metropolitan Statistical Area)",5964246
2010-01-01,10780,"Alexandria, LA (Metropolitan Statistical Area)",6088048
2011-01-01,10900,"Allentown-Bethlehem-Easton, PA-NJ (Metropolitan Statistical Area)",40483258
2012-01-01,10900,"Allentown-Bethlehem-Easton, PA-NJ (Metropolitan Statistical Area)",40861586
2013-01-01,10900,"Allentown-Bethlehem-Easton, PA-NJ (Metropolitan Statistical Area)",41318333
2014-01-01,10900,"Allentown-Bethlehem-Easton, PA-NJ (Metropolitan Statistical Area)",41968278
2015-01-01,10900,"Allentown-Bethlehem-Easton, PA-NJ (Metropolitan Statistical Area)",42867530
2016-01-01,10900,"Allentown-Bethlehem-Easton, PA-NJ (Metropolitan Statistical Area)",44009635
2017-01-01,10900,"Allentown-Bethlehem-Easton, PA-NJ (Metropolitan Statistical Area)",44541436
2018-01-01,10900,"Allentown-Bethlehem-Easton, PA-NJ (Metropolitan Statistical Area)",44764523
2019-01-01,10900,"Allentown-Bethlehem-Easton, PA-NJ (Metropolitan Statistical Area)",46548544
2020-01-01,10900,"Allentown-Bethlehem-Easton, PA-NJ (Metropolitan Statistical Area)",44640909
2021-01-01,10900,"Allentown-Bethlehem-Easton, PA-NJ (Metropolitan Statistical Area)",46296228
2022-01-01,10900,"Allentown-Bethlehem-Easton, PA-NJ (Metropolitan Statistical Area)",47283842
2023-01-01,10900,"Allentown-Bethlehem-Easton, PA-NJ (Metropolitan Statistical Area)",49056765
2001-01-01,10900,"Allentown-Bethlehem-Easton, PA-NJ (Metropolitan Statistical Area)",45322830
2002-01-01,10900,"Allentown-Bethlehem-Easton, PA-NJ (Metropolitan Statistical Area)",45212235
2003-01-01,10900,"Allentown-Bethlehem-Easton, PA-NJ (Metropolitan Statistical Area)",41509141
2004-01-01,10900,"Allentown-Bethlehem-Easton, PA-NJ (Metropolitan Statistical Area)",38482366
2005-01-01,10900,"Allentown-Bethlehem-Easton, PA-NJ (Metropolitan Statistical Area)",38727700
2006-01-01,10900,"Allentown-Bethlehem-Easton, PA-NJ (Metropolitan Statistical Area)",38111986
2007-01-01,10900,"Allentown-Bethlehem-Easton, PA-NJ (Metropolitan Statistical Area)",39886392
2008-01-01,10900,"Allentown-Bethlehem-Easton, PA-NJ (Metropolitan Statistical Area)",40386178
2009-01-01,10900,"Allentown-Bethlehem-Easton, PA-NJ (Metropolitan Statistical Area)",39090940
2010-01-01,10900,"Allentown-Bethlehem-Easton, PA-NJ (Metropolitan Statistical Area)",40207637
2010-01-01,11020,"Altoona, PA (Metropolitan Statistical Area)",5572848
2011-01-01,11020,"Altoona, PA (Metropolitan Statistical Area)",5554266
2012-01-01,11020,"Altoona, PA (Metropolitan Statistical Area)",5495715
2013-01-01,11020,"Altoona, PA (Metropolitan Statistical Area)",5576289
2014-01-01,11020,"Altoona, PA (Metropolitan Statistical Area)",5608926
2015-01-01,11020,"Altoona, PA (Metropolitan Statistical Area)",5702495
2016-01-01,11020,"Altoona, PA (Metropolitan Statistical Area)",5795705
2017-01-01,11020,"Altoona, PA (Metropolitan Statistical Area)",5849536
2018-01-01,11020,"Altoona, PA (Metropolitan Statistical Area)",5944931
2019-01-01,11020,"Altoona, PA (Metropolitan Statistical Area)",6081711
2020-01-01,11020,"Altoona, PA (Metropolitan Statistical Area)",5906303
2021-01-01,11020,"Altoona, PA (Metropolitan Statistical Area)",6124259
2022-01-01,11020,"Altoona, PA (Metropolitan Statistical Area)",6113273
2023-01-01,11020,"Altoona, PA (Metropolitan Statistical Area)",6198024
2001-01-01,11020,"Altoona, PA (Metropolitan Statistical Area)",5000013
2002-01-01,11020,"Altoona, PA (Metropolitan Statistical Area)",4981865
2003-01-01,11020,"Altoona, PA (Metropolitan Statistical Area)",5117548
2004-01-01,11020,"Altoona, PA (Metropolitan Statistical Area)",5319910
2005-01-01,11020,"Altoona, PA (Metropolitan Statistical Area)",5438855
2006-01-01,11020,"Altoona, PA (Metropolitan Statistical Area)",5525970
2007-01-01,11020,"Altoona, PA (Metropolitan Statistical Area)",5466313
2008-01-01,11020,"Altoona, PA (Metropolitan Statistical Area)",5471724
2009-01-01,11020,"Altoona, PA (Metropolitan Statistical Area)",5465177
2010-01-01,11100,"Amarillo, TX (Metropolitan Statistical Area)",12234156
2011-01-01,11100,"Amarillo, TX (Metropolitan Statistical Area)",12342819
2012-01-01,11100,"Amarillo, TX (Metropolitan Statistical Area)",12277893
2013-01-01,11100,"Amarillo, TX (Metropolitan Statistical Area)",12602661
2014-01-01,11100,"Amarillo, TX (Metropolitan Statistical Area)",12937778
2015-01-01,11100,"Amarillo, TX (Metropolitan Statistical Area)",13389635
2016-01-01,11100,"Amarillo, TX (Metropolitan Statistical Area)",13198310
2017-01-01,11100,"Amarillo, TX (Metropolitan Statistical Area)",13044032
2018-01-01,11100,"Amarillo, TX (Metropolitan Statistical Area)",13439341
2019-01-01,11100,"Amarillo, TX (Metropolitan Statistical Area)",13785723
2020-01-01,11100,"Amarillo, TX (Metropolitan Statistical Area)",13850704
2021-01-01,11100,"Amarillo, TX (Metropolitan Statistical Area)",14398438
2022-01-01,11100,"Amarillo, TX (Metropolitan Statistical Area)",14399408
2023-01-01,11100,"Amarillo, TX (Metropolitan Statistical Area)",14958128
2001-01-01,11100,"Amarillo, TX (Metropolitan Statistical Area)",10295849
2002-01-01,11100,"Amarillo, TX (Metropolitan Statistical Area)",10486434
2003-01-01,11100,"Amarillo, TX (Metropolitan Statistical Area)",10645413
2004-01-01,11100,"Amarillo, TX (Metropolitan Statistical Area)",10773569
2005-01-01,11100,"Amarillo, TX (Metropolitan Statistical Area)",10841041
2006-01-01,11100,"Amarillo, TX (Metropolitan Statistical Area)",11341189
2007-01-01,11100,"Amarillo, TX (Metropolitan Statistical Area)",11672173
2008-01-01,11100,"Amarillo, TX (Metropolitan Statistical Area)",11791519
2009-01-01,11100,"Amarillo, TX (Metropolitan Statistical Area)",11759683
2011-01-01,11180,"Ames, IA (Metropolitan Statistical Area)",5664146
2012-01-01,11180,"Ames, IA (Metropolitan Statistical Area)",5827954
2013-01-01,11180,"Ames, IA (Metropolitan Statistical Area)",6189154
2014-01-01,11180,"Ames, IA (Metropolitan Statistical Area)",6346832
2015-01-01,11180,"Ames, IA (Metropolitan Statistical Area)",6378329
2016-01-01,11180,"Ames, IA (Metropolitan Statistical Area)",6262087
2017-01-01,11180,"Ames, IA (Metropolitan Statistical Area)",6445208
2018-01-01,11180,"Ames, IA (Metropolitan Statistical Area)",6563479
2019-01-01,11180,"Ames, IA (Metropolitan Statistical Area)",6650160
2020-01-01,11180,"Ames, IA (Metropolitan Statistical Area)",6490136
2021-01-01,11180,"Ames, IA (Metropolitan Statistical Area)",6930649
2022-01-01,11180,"Ames, IA (Metropolitan Statistical Area)",6967531
2023-01-01,11180,"Ames, IA (Metropolitan Statistical Area)",6953270
2001-01-01,11180,"Ames, IA (Metropolitan Statistical Area)",4359482
2002-01-01,11180,"Ames, IA (Metropolitan Statistical Area)",4533576
2003-01-01,11180,"Ames, IA (Metropolitan Statistical Area)",4769864
2004-01-01,11180,"Ames, IA (Metropolitan Statistical Area)",4961875
2005-01-01,11180,"Ames, IA (Metropolitan Statistical Area)",5085953
2006-01-01,11180,"Ames, IA (Metropolitan Statistical Area)",5200779
2007-01-01,11180,"Ames, IA (Metropolitan Statistical Area)",5318320
2008-01-01,11180,"Ames, IA (Metropolitan Statistical Area)",5492371
2009-01-01,11180,"Ames, IA (Metropolitan Statistical Area)",5413074
2010-01-01,11180,"Ames, IA (Metropolitan Statistical Area)",5479890
2011-01-01,11260,"Anchorage, AK (Metropolitan Statistical Area)",25040377
2012-01-01,11260,"Anchorage, AK (Metropolitan Statistical Area)",25192794
2013-01-01,11260,"Anchorage, AK (Metropolitan Statistical Area)",24774167
2014-01-01,11260,"Anchorage, AK (Metropolitan Statistical Area)",24860067
2015-01-01,11260,"Anchorage, AK (Metropolitan Statistical Area)",25917694
2016-01-01,11260,"Anchorage, AK (Metropolitan Statistical Area)",26237799
2017-01-01,11260,"Anchorage, AK (Metropolitan Statistical Area)",25842697
2018-01-01,11260,"Anchorage, AK (Metropolitan Statistical Area)",26029809
2019-01-01,11260,"Anchorage, AK (Metropolitan Statistical Area)",25958441
2020-01-01,11260,"Anchorage, AK (Metropolitan Statistical Area)",25275142
2021-01-01,11260,"Anchorage, AK (Metropolitan Statistical Area)",25922394
2022-01-01,11260,"Anchorage, AK (Metropolitan Statistical Area)",26293784
2023-01-01,11260,"Anchorage, AK (Metropolitan Statistical Area)",27263177
2001-01-01,11260,"Anchorage, AK (Metropolitan Statistical Area)",19053102
2002-01-01,11260,"Anchorage, AK (Metropolitan Statistical Area)",19357657
2003-01-01,11260,"Anchorage, AK (Metropolitan Statistical Area)",19850836
2004-01-01,11260,"Anchorage, AK (Metropolitan Statistical Area)",20362976
2005-01-01,11260,"Anchorage, AK (Metropolitan Statistical Area)",21252031
2006-01-01,11260,"Anchorage, AK (Metropolitan Statistical Area)",21155379
2007-01-01,11260,"Anchorage, AK (Metropolitan Statistical Area)",21554691
2008-01-01,11260,"Anchorage, AK (Metropolitan Statistical Area)",22610111
2009-01-01,11260,"Anchorage, AK (Metropolitan Statistical Area)",23681696
2010-01-01,11260,"Anchorage, AK (Metropolitan Statistical Area)",24770880
2011-01-01,11460,"Ann Arbor, MI (Metropolitan Statistical Area)",20745966
2012-01-01,11460,"Ann Arbor, MI (Metropolitan Statistical Area)",21349212
2013-01-01,11460,"Ann Arbor, MI (Metropolitan Statistical Area)",21589894
2014-01-01,11460,"Ann Arbor, MI (Metropolitan Statistical Area)",21956483
2015-01-01,11460,"Ann Arbor, MI (Metropolitan Statistical Area)",22761254
2016-01-01,11460,"Ann Arbor, MI (Metropolitan Statistical Area)",23269214
2017-01-01,11460,"Ann Arbor, MI (Metropolitan Statistical Area)",24040003
2018-01-01,11460,"Ann Arbor, MI (Metropolitan Statistical Area)",24649772
2019-01-01,11460,"Ann Arbor, MI (Metropolitan Statistical Area)",25636942
2020-01-01,11460,"Ann Arbor, MI (Metropolitan Statistical Area)",24986674
2021-01-01,11460,"Ann Arbor, MI (Metropolitan Statistical Area)",26296924
2022-01-01,11460,"Ann Arbor, MI (Metropolitan Statistical Area)",26969477
2023-01-01,11460,"Ann Arbor, MI (Metropolitan Statistical Area)",27760301
2001-01-01,11460,"Ann Arbor, MI (Metropolitan Statistical Area)",20219451
2002-01-01,11460,"Ann Arbor, MI (Metropolitan Statistical Area)",21482093
2003-01-01,11460,"Ann Arbor, MI (Metropolitan Statistical Area)",22014574
2004-01-01,11460,"Ann Arbor, MI (Metropolitan Statistical Area)",21824770
2005-01-01,11460,"Ann Arbor, MI (Metropolitan Statistical Area)",22442798
2006-01-01,11460,"Ann Arbor, MI (Metropolitan Statistical Area)",22301301
2007-01-01,11460,"Ann Arbor, MI (Metropolitan Statistical Area)",22809961
2008-01-01,11460,"Ann Arbor, MI (Metropolitan Statistical Area)",21421454
2009-01-01,11460,"Ann Arbor, MI (Metropolitan Statistical Area)",19816179
2010-01-01,11460,"Ann Arbor, MI (Metropolitan Statistical Area)",20560188
2011-01-01,11500,"Anniston-Oxford, AL (Metropolitan Statistical Area)",4460812
2012-01-01,11500,"Anniston-Oxford, AL (Metropolitan Statistical Area)",4463867
2013-01-01,11500,"Anniston-Oxford, AL (Metropolitan Statistical Area)",4347654
2014-01-01,11500,"Anniston-Oxford, AL (Metropolitan Statistical Area)",4186770
2015-01-01,11500,"Anniston-Oxford, AL (Metropolitan Statistical Area)",4145820
2016-01-01,11500,"Anniston-Oxford, AL (Metropolitan Statistical Area)",4201651
2017-01-01,11500,"Anniston-Oxford, AL (Metropolitan Statistical Area)",4244400
2018-01-01,11500,"Anniston-Oxford, AL (Metropolitan Statistical Area)",4342966
2019-01-01,11500,"Anniston-Oxford, AL (Metropolitan Statistical Area)",4566934
2020-01-01,11500,"Anniston-Oxford, AL (Metropolitan Statistical Area)",4454207
2021-01-01,11500,"Anniston-Oxford, AL (Metropolitan Statistical Area)",4704903
2022-01-01,11500,"Anniston-Oxford, AL (Metropolitan Statistical Area)",4593362
2023-01-01,11500,"Anniston-Oxford, AL (Metropolitan Statistical Area)",4764871
2001-01-01,11500,"Anniston-Oxford, AL (Metropolitan Statistical Area)",3738470
2002-01-01,11500,"Anniston-Oxford, AL (Metropolitan Statistical Area)",3845020
2003-01-01,11500,"Anniston-Oxford, AL (Metropolitan Statistical Area)",3998886
2004-01-01,11500,"Anniston-Oxford, AL (Metropolitan Statistical Area)",4325523
2005-01-01,11500,"Anniston-Oxford, AL (Metropolitan Statistical Area)",4567037
2006-01-01,11500,"Anniston-Oxford, AL (Metropolitan Statistical Area)",4568102
2007-01-01,11500,"Anniston-Oxford, AL (Metropolitan Statistical Area)",4698563
2008-01-01,11500,"Anniston-Oxford, AL (Metropolitan Statistical Area)",4766737
2009-01-01,11500,"Anniston-Oxford, AL (Metropolitan Statistical Area)",4506202
2010-01-01,11500,"Anniston-Oxford, AL (Metropolitan Statistical Area)",4705487
2011-01-01,11540,"Appleton, WI (Metropolitan Statistical Area)",11628002
2012-01-01,11540,"Appleton, WI (Metropolitan Statistical Area)",12099383
2013-01-01,11540,"Appleton, WI (Metropolitan Statistical Area)",12006075
2014-01-01,11540,"Appleton, WI (Metropolitan Statistical Area)",12517201
2015-01-01,11540,"Appleton, WI (Metropolitan Statistical Area)",13163364
2016-01-01,11540,"Appleton, WI (Metropolitan Statistical Area)",13548679
2017-01-01,11540,"Appleton, WI (Metropolitan Statistical Area)",13810008
2018-01-01,11540,"Appleton, WI (Metropolitan Statistical Area)",14241692
2019-01-01,11540,"Appleton, WI (Metropolitan Statistical Area)",14559468
2020-01-01,11540,"Appleton, WI (Metropolitan Statistical Area)",13899096
2021-01-01,11540,"Appleton, WI (Metropolitan Statistical Area)",14304265
2022-01-01,11540,"Appleton, WI (Metropolitan Statistical Area)",14458872
2023-01-01,11540,"Appleton, WI (Metropolitan Statistical Area)",14587128
2001-01-01,11540,"Appleton, WI (Metropolitan Statistical Area)",10225354
2002-01-01,11540,"Appleton, WI (Metropolitan Statistical Area)",10252669
2003-01-01,11540,"Appleton, WI (Metropolitan Statistical Area)",10589836
2004-01-01,11540,"Appleton, WI (Metropolitan Statistical Area)",10929690
2005-01-01,11540,"Appleton, WI (Metropolitan Statistical Area)",11187815
2006-01-01,11540,"Appleton, WI (Metropolitan Statistical Area)",11411926
2007-01-01,11540,"Appleton, WI (Metropolitan Statistical Area)",11517506
2008-01-01,11540,"Appleton, WI (Metropolitan Statistical Area)",11375752
2009-01-01,11540,"Appleton, WI (Metropolitan Statistical Area)",10986695
2010-01-01,11540,"Appleton, WI (Metropolitan Statistical Area)",11260901
2010-01-01,11700,"Asheville, NC (Metropolitan Statistical Area)",16827135
2011-01-01,11700,"Asheville, NC (Metropolitan Statistical Area)",17061801
2012-01-01,11700,"Asheville, NC (Metropolitan Statistical Area)",16822011
2013-01-01,11700,"Asheville, NC (Metropolitan Statistical Area)",17313244
2014-01-01,11700,"Asheville, NC (Metropolitan Statistical Area)",17977568
2015-01-01,11700,"Asheville, NC (Metropolitan Statistical Area)",18318327
2016-01-01,11700,"Asheville, NC (Metropolitan Statistical Area)",18957843
2017-01-01,11700,"Asheville, NC (Metropolitan Statistical Area)",19857995
2018-01-01,11700,"Asheville, NC (Metropolitan Statistical Area)",20527515
2019-01-01,11700,"Asheville, NC (Metropolitan Statistical Area)",21327114
2020-01-01,11700,"Asheville, NC (Metropolitan Statistical Area)",20197261
2021-01-01,11700,"Asheville, NC (Metropolitan Statistical Area)",21585685
2022-01-01,11700,"Asheville, NC (Metropolitan Statistical Area)",22341153
2023-01-01,11700,"Asheville, NC (Metropolitan Statistical Area)",23014243
2001-01-01,11700,"Asheville, NC (Metropolitan Statistical Area)",14454305
2002-01-01,11700,"Asheville, NC (Metropolitan Statistical Area)",14887462
2003-01-01,11700,"Asheville, NC (Metropolitan Statistical Area)",15210221
2004-01-01,11700,"Asheville, NC (Metropolitan Statistical Area)",15704099
2005-01-01,11700,"Asheville, NC (Metropolitan Statistical Area)",16239128
2006-01-01,11700,"Asheville, NC (Metropolitan Statistical Area)",16790977
2007-01-01,11700,"Asheville, NC (Metropolitan Statistical Area)",16532150
2008-01-01,11700,"Asheville, NC (Metropolitan Statistical Area)",16766765
2009-01-01,11700,"Asheville, NC (Metropolitan Statistical Area)",16070117
2011-01-01,12020,"Athens-Clarke County, GA (Metropolitan Statistical Area)",8120618
2012-01-01,12020,"Athens-Clarke County, GA (Metropolitan Statistical Area)",8495200
2013-01-01,12020,"Athens-Clarke County, GA (Metropolitan Statistical Area)",8649397
2014-01-01,12020,"Athens-Clarke County, GA (Metropolitan Statistical Area)",8859145
2015-01-01,12020,"Athens-Clarke County, GA (Metropolitan Statistical Area)",9236868
2016-01-01,12020,"Athens-Clarke County, GA (Metropolitan Statistical Area)",9437802
2017-01-01,12020,"Athens-Clarke County, GA (Metropolitan Statistical Area)",9980018
2018-01-01,12020,"Athens-Clarke County, GA (Metropolitan Statistical Area)",10330759
2019-01-01,12020,"Athens-Clarke County, GA (Metropolitan Statistical Area)",10262828
2020-01-01,12020,"Athens-Clarke County, GA (Metropolitan Statistical Area)",9820806
2021-01-01,12020,"Athens-Clarke County, GA (Metropolitan Statistical Area)",10381004
2022-01-01,12020,"Athens-Clarke County, GA (Metropolitan Statistical Area)",10844316
2023-01-01,12020,"Athens-Clarke County, GA (Metropolitan Statistical Area)",11009814
2001-01-01,12020,"Athens-Clarke County, GA (Metropolitan Statistical Area)",7212649
2002-01-01,12020,"Athens-Clarke County, GA (Metropolitan Statistical Area)",7282235
2003-01-01,12020,"Athens-Clarke County, GA (Metropolitan Statistical Area)",7646266
2004-01-01,12020,"Athens-Clarke County, GA (Metropolitan Statistical Area)",7872090
2005-01-01,12020,"Athens-Clarke County, GA (Metropolitan Statistical Area)",8009521
2006-01-01,12020,"Athens-Clarke County, GA (Metropolitan Statistical Area)",8032551
2007-01-01,12020,"Athens-Clarke County, GA (Metropolitan Statistical Area)",8163681
2008-01-01,12020,"Athens-Clarke County, GA (Metropolitan Statistical Area)",8192675
2009-01-01,12020,"Athens-Clarke County, GA (Metropolitan Statistical Area)",8164635
2010-01-01,12020,"Athens-Clarke County, GA (Metropolitan Statistical Area)",8171038
2011-01-01,12060,"Atlanta-Sandy Springs-Alpharetta, GA (Metropolitan Statistical Area)",311831237
2012-01-01,12060,"Atlanta-Sandy Springs-Alpharetta, GA (Metropolitan Statistical Area)",318110620
2013-01-01,12060,"Atlanta-Sandy Springs-Alpharetta, GA (Metropolitan Statistical Area)",327640035
2014-01-01,12060,"Atlanta-Sandy Springs-Alpharetta, GA (Metropolitan Statistical Area)",342782600
2015-01-01,12060,"Atlanta-Sandy Springs-Alpharetta, GA (Metropolitan Statistical Area)",360870172
2016-01-01,12060,"Atlanta-Sandy Springs-Alpharetta, GA (Metropolitan Statistical Area)",380019119
2017-01-01,12060,"Atlanta-Sandy Springs-Alpharetta, GA (Metropolitan Statistical Area)",398208502
2018-01-01,12060,"Atlanta-Sandy Springs-Alpharetta, GA (Metropolitan Statistical Area)",413028711
2019-01-01,12060,"Atlanta-Sandy Springs-Alpharetta, GA (Metropolitan Statistical Area)",429660232
2020-01-01,12060,"Atlanta-Sandy Springs-Alpharetta, GA (Metropolitan Statistical Area)",416596291
2021-01-01,12060,"Atlanta-Sandy Springs-Alpharetta, GA (Metropolitan Statistical Area)",444713055
2022-01-01,12060,"Atlanta-Sandy Springs-Alpharetta, GA (Metropolitan Statistical Area)",461994504
2023-01-01,12060,"Atlanta-Sandy Springs-Alpharetta, GA (Metropolitan Statistical Area)",471655708
2001-01-01,12060,"Atlanta-Sandy Springs-Alpharetta, GA (Metropolitan Statistical Area)",271180503
2002-01-01,12060,"Atlanta-Sandy Springs-Alpharetta, GA (Metropolitan Statistical Area)",273930846
2003-01-01,12060,"Atlanta-Sandy Springs-Alpharetta, GA (Metropolitan Statistical Area)",282151814
2004-01-01,12060,"Atlanta-Sandy Springs-Alpharetta, GA (Metropolitan Statistical Area)",298232221
2005-01-01,12060,"Atlanta-Sandy Springs-Alpharetta, GA (Metropolitan Statistical Area)",313144329
2006-01-01,12060,"Atlanta-Sandy Springs-Alpharetta, GA (Metropolitan Statistical Area)",318677886
2007-01-01,12060,"Atlanta-Sandy Springs-Alpharetta, GA (Metropolitan Statistical Area)",322341537
2008-01-01,12060,"Atlanta-Sandy Springs-Alpharetta, GA (Metropolitan Statistical Area)",313422430
2009-01-01,12060,"Atlanta-Sandy Springs-Alpharetta, GA (Metropolitan Statistical Area)",298703209
2010-01-01,12060,"Atlanta-Sandy Springs-Alpharetta, GA (Metropolitan Statistical Area)",304596013
2010-01-01,12100,"Atlantic City-Hammonton, NJ (Metropolitan Statistical Area)",14560848
2011-01-01,12100,"Atlantic City-Hammonton, NJ (Metropolitan Statistical Area)",14975251
2012-01-01,12100,"Atlantic City-Hammonton, NJ (Metropolitan Statistical Area)",14694547
2013-01-01,12100,"Atlantic City-Hammonton, NJ (Metropolitan Statistical Area)",14733142
2014-01-01,12100,"Atlantic City-Hammonton, NJ (Metropolitan Statistical Area)",14615733
2015-01-01,12100,"Atlantic City-Hammonton, NJ (Metropolitan Statistical Area)",14309767
2016-01-01,12100,"Atlantic City-Hammonton, NJ (Metropolitan Statistical Area)",13849789
2017-01-01,12100,"Atlantic City-Hammonton, NJ (Metropolitan Statistical Area)",13521560
2018-01-01,12100,"Atlantic City-Hammonton, NJ (Metropolitan Statistical Area)",13616155
2019-01-01,12100,"Atlantic City-Hammonton, NJ (Metropolitan Statistical Area)",13827163
2020-01-01,12100,"Atlantic City-Hammonton, NJ (Metropolitan Statistical Area)",13034081
2021-01-01,12100,"Atlantic City-Hammonton, NJ (Metropolitan Statistical Area)",14137139
2022-01-01,12100,"Atlantic City-Hammonton, NJ (Metropolitan Statistical Area)",14560232
2023-01-01,12100,"Atlantic City-Hammonton, NJ (Metropolitan Statistical Area)",15025707
2001-01-01,12100,"Atlantic City-Hammonton, NJ (Metropolitan Statistical Area)",14885170
2002-01-01,12100,"Atlantic City-Hammonton, NJ (Metropolitan Statistical Area)",15239133
2003-01-01,12100,"Atlantic City-Hammonton, NJ (Metropolitan Statistical Area)",15416388
2004-01-01,12100,"Atlantic City-Hammonton, NJ (Metropolitan Statistical Area)",15542545
2005-01-01,12100,"Atlantic City-Hammonton, NJ (Metropolitan Statistical Area)",16110806
2006-01-01,12100,"Atlantic City-Hammonton, NJ (Metropolitan Statistical Area)",16852467
2007-01-01,12100,"Atlantic City-Hammonton, NJ (Metropolitan Statistical Area)",16971731
2008-01-01,12100,"Atlantic City-Hammonton, NJ (Metropolitan Statistical Area)",17078265
2009-01-01,12100,"Atlantic City-Hammonton, NJ (Metropolitan Statistical Area)",14897257
2010-01-01,12220,"Auburn-Opelika, AL (Metropolitan Statistical Area)",4748620
2011-01-01,12220,"Auburn-Opelika, AL (Metropolitan Statistical Area)",5070856
2012-01-01,12220,"Auburn-Opelika, AL (Metropolitan Statistical Area)",5332385
2013-01-01,12220,"Auburn-Opelika, AL (Metropolitan Statistical Area)",5401609
2014-01-01,12220,"Auburn-Opelika, AL (Metropolitan Statistical Area)",5477228
2015-01-01,12220,"Auburn-Opelika, AL (Metropolitan Statistical Area)",5711665
2016-01-01,12220,"Auburn-Opelika, AL (Metropolitan Statistical Area)",5896125
2017-01-01,12220,"Auburn-Opelika, AL (Metropolitan Statistical Area)",6138724
2018-01-01,12220,"Auburn-Opelika, AL (Metropolitan Statistical Area)",6112260
2019-01-01,12220,"Auburn-Opelika, AL (Metropolitan Statistical Area)",6348943
2020-01-01,12220,"Auburn-Opelika, AL (Metropolitan Statistical Area)",6202804
2021-01-01,12220,"Auburn-Opelika, AL (Metropolitan Statistical Area)",6592171
2022-01-01,12220,"Auburn-Opelika, AL (Metropolitan Statistical Area)",6609805
2023-01-01,12220,"Auburn-Opelika, AL (Metropolitan Statistical Area)",6987631
2001-01-01,12220,"Auburn-Opelika, AL (Metropolitan Statistical Area)",3256353
2002-01-01,12220,"Auburn-Opelika, AL (Metropolitan Statistical Area)",3430182
2003-01-01,12220,"Auburn-Opelika, AL (Metropolitan Statistical Area)",3660500
2004-01-01,12220,"Auburn-Opelika, AL (Metropolitan Statistical Area)",4089762
2005-01-01,12220,"Auburn-Opelika, AL (Metropolitan Statistical Area)",4289459
2006-01-01,12220,"Auburn-Opelika, AL (Metropolitan Statistical Area)",4420730
2007-01-01,12220,"Auburn-Opelika, AL (Metropolitan Statistical Area)",4568392
2008-01-01,12220,"Auburn-Opelika, AL (Metropolitan Statistical Area)",4677780
2009-01-01,12220,"Auburn-Opelika, AL (Metropolitan Statistical Area)",4587437
2011-01-01,12260,"Augusta-Richmond County, GA-SC (Metropolitan Statistical Area)",24936987
2012-01-01,12260,"Augusta-Richmond County, GA-SC (Metropolitan Statistical Area)",24994909
2013-01-01,12260,"Augusta-Richmond County, GA-SC (Metropolitan Statistical Area)",25156519
2014-01-01,12260,"Augusta-Richmond County, GA-SC (Metropolitan Statistical Area)",25340152
2015-01-01,12260,"Augusta-Richmond County, GA-SC (Metropolitan Statistical Area)",26348411
2016-01-01,12260,"Augusta-Richmond County, GA-SC (Metropolitan Statistical Area)",26785863
2017-01-01,12260,"Augusta-Richmond County, GA-SC (Metropolitan Statistical Area)",27076189
2018-01-01,12260,"Augusta-Richmond County, GA-SC (Metropolitan Statistical Area)",27499759
2019-01-01,12260,"Augusta-Richmond County, GA-SC (Metropolitan Statistical Area)",28035704
2020-01-01,12260,"Augusta-Richmond County, GA-SC (Metropolitan Statistical Area)",27879994
2021-01-01,12260,"Augusta-Richmond County, GA-SC (Metropolitan Statistical Area)",28606409
2022-01-01,12260,"Augusta-Richmond County, GA-SC (Metropolitan Statistical Area)",28933655
2023-01-01,12260,"Augusta-Richmond County, GA-SC (Metropolitan Statistical Area)",29419901
2001-01-01,12260,"Augusta-Richmond County, GA-SC (Metropolitan Statistical Area)",21399692
2002-01-01,12260,"Augusta-Richmond County, GA-SC (Metropolitan Statistical Area)",21628057
2003-01-01,12260,"Augusta-Richmond County, GA-SC (Metropolitan Statistical Area)",22448135
2004-01-01,12260,"Augusta-Richmond County, GA-SC (Metropolitan Statistical Area)",22952008
2005-01-01,12260,"Augusta-Richmond County, GA-SC (Metropolitan Statistical Area)",23049619
2006-01-01,12260,"Augusta-Richmond County, GA-SC (Metropolitan Statistical Area)",22883115
2007-01-01,12260,"Augusta-Richmond County, GA-SC (Metropolitan Statistical Area)",23907158
2008-01-01,12260,"Augusta-Richmond County, GA-SC (Metropolitan Statistical Area)",24271899
2009-01-01,12260,"Augusta-Richmond County, GA-SC (Metropolitan Statistical Area)",23899925
2010-01-01,12260,"Augusta-Richmond County, GA-SC (Metropolitan Statistical Area)",24494517
2011-01-01,12420,"Austin-Round Rock-Georgetown, TX (Metropolitan Statistical Area)",105577832
2012-01-01,12420,"Austin-Round Rock-Georgetown, TX (Metropolitan Statistical Area)",107474279
2013-01-01,12420,"Austin-Round Rock-Georgetown, TX (Metropolitan Statistical Area)",113893813
2014-01-01,12420,"Austin-Round Rock-Georgetown, TX (Metropolitan Statistical Area)",120352049
2015-01-01,12420,"Austin-Round Rock-Georgetown, TX (Metropolitan Statistical Area)",129620142
2016-01-01,12420,"Austin-Round Rock-Georgetown, TX (Metropolitan Statistical Area)",135023020
2017-01-01,12420,"Austin-Round Rock-Georgetown, TX (Metropolitan Statistical Area)",141102903
2018-01-01,12420,"Austin-Round Rock-Georgetown, TX (Metropolitan Statistical Area)",149306992
2019-01-01,12420,"Austin-Round Rock-Georgetown, TX (Metropolitan Statistical Area)",159060569
2020-01-01,12420,"Austin-Round Rock-Georgetown, TX (Metropolitan Statistical Area)",163580778
2021-01-01,12420,"Austin-Round Rock-Georgetown, TX (Metropolitan Statistical Area)",181070457
2022-01-01,12420,"Austin-Round Rock-Georgetown, TX (Metropolitan Statistical Area)",198524436
2023-01-01,12420,"Austin-Round Rock-Georgetown, TX (Metropolitan Statistical Area)",207470114
2001-01-01,12420,"Austin-Round Rock-Georgetown, TX (Metropolitan Statistical Area)",64775419
2002-01-01,12420,"Austin-Round Rock-Georgetown, TX (Metropolitan Statistical Area)",66909341
2003-01-01,12420,"Austin-Round Rock-Georgetown, TX (Metropolitan Statistical Area)",69086367
2004-01-01,12420,"Austin-Round Rock-Georgetown, TX (Metropolitan Statistical Area)",72843668
2005-01-01,12420,"Austin-Round Rock-Georgetown, TX (Metropolitan Statistical Area)",78926656
2006-01-01,12420,"Austin-Round Rock-Georgetown, TX (Metropolitan Statistical Area)",88478898
2007-01-01,12420,"Austin-Round Rock-Georgetown, TX (Metropolitan Statistical Area)",92714867
2008-01-01,12420,"Austin-Round Rock-Georgetown, TX (Metropolitan Statistical Area)",96906811
2009-01-01,12420,"Austin-Round Rock-Georgetown, TX (Metropolitan Statistical Area)",94659326
2010-01-01,12420,"Austin-Round Rock-Georgetown, TX (Metropolitan Statistical Area)",100803949
2011-01-01,12540,"Bakersfield, CA (Metropolitan Statistical Area)",39989803
2012-01-01,12540,"Bakersfield, CA (Metropolitan Statistical Area)",43796655
2013-01-01,12540,"Bakersfield, CA (Metropolitan Statistical Area)",42835968
2014-01-01,12540,"Bakersfield, CA (Metropolitan Statistical Area)",42916729
2015-01-01,12540,"Bakersfield, CA (Metropolitan Statistical Area)",43391596
2016-01-01,12540,"Bakersfield, CA (Metropolitan Statistical Area)",43552199
2017-01-01,12540,"Bakersfield, CA (Metropolitan Statistical Area)",43812095
2018-01-01,12540,"Bakersfield, CA (Metropolitan Statistical Area)",43894460
2019-01-01,12540,"Bakersfield, CA (Metropolitan Statistical Area)",45410206
2020-01-01,12540,"Bakersfield, CA (Metropolitan Statistical Area)",45610265
2021-01-01,12540,"Bakersfield, CA (Metropolitan Statistical Area)",46383111
2022-01-01,12540,"Bakersfield, CA (Metropolitan Statistical Area)",44626843
2023-01-01,12540,"Bakersfield, CA (Metropolitan Statistical Area)",46941848
2001-01-01,12540,"Bakersfield, CA (Metropolitan Statistical Area)",25755077
2002-01-01,12540,"Bakersfield, CA (Metropolitan Statistical Area)",29012540
2003-01-01,12540,"Bakersfield, CA (Metropolitan Statistical Area)",28711292
2004-01-01,12540,"Bakersfield, CA (Metropolitan Statistical Area)",31081743
2005-01-01,12540,"Bakersfield, CA (Metropolitan Statistical Area)",33134867
2006-01-01,12540,"Bakersfield, CA (Metropolitan Statistical Area)",37563159
2007-01-01,12540,"Bakersfield, CA (Metropolitan Statistical Area)",41176524
2008-01-01,12540,"Bakersfield, CA (Metropolitan Statistical Area)",39972583
2009-01-01,12540,"Bakersfield, CA (Metropolitan Statistical Area)",42593461
2010-01-01,12540,"Bakersfield, CA (Metropolitan Statistical Area)",40698457
2010-01-01,12580,"Baltimore-Columbia-Towson, MD (Metropolitan Statistical Area)",172392664
2011-01-01,12580,"Baltimore-Columbia-Towson, MD (Metropolitan Statistical Area)",175490325
2012-01-01,12580,"Baltimore-Columbia-Towson, MD (Metropolitan Statistical Area)",177705452
2013-01-01,12580,"Baltimore-Columbia-Towson, MD (Metropolitan Statistical Area)",181180869
2014-01-01,12580,"Baltimore-Columbia-Towson, MD (Metropolitan Statistical Area)",184038314
2015-01-01,12580,"Baltimore-Columbia-Towson, MD (Metropolitan Statistical Area)",187802711
2016-01-01,12580,"Baltimore-Columbia-Towson, MD (Metropolitan Statistical Area)",194266369
2017-01-01,12580,"Baltimore-Columbia-Towson, MD (Metropolitan Statistical Area)",198332437
2018-01-01,12580,"Baltimore-Columbia-Towson, MD (Metropolitan Statistical Area)",200409767
2019-01-01,12580,"Baltimore-Columbia-Towson, MD (Metropolitan Statistical Area)",201619144
2020-01-01,12580,"Baltimore-Columbia-Towson, MD (Metropolitan Statistical Area)",194807422
2021-01-01,12580,"Baltimore-Columbia-Towson, MD (Metropolitan Statistical Area)",204812340
2022-01-01,12580,"Baltimore-Columbia-Towson, MD (Metropolitan Statistical Area)",210176525
2023-01-01,12580,"Baltimore-Columbia-Towson, MD (Metropolitan Statistical Area)",213539532
2001-01-01,12580,"Baltimore-Columbia-Towson, MD (Metropolitan Statistical Area)",141753772
2002-01-01,12580,"Baltimore-Columbia-Towson, MD (Metropolitan Statistical Area)",145493734
2003-01-01,12580,"Baltimore-Columbia-Towson, MD (Metropolitan Statistical Area)",147934552
2004-01-01,12580,"Baltimore-Columbia-Towson, MD (Metropolitan Statistical Area)",153324958
2005-01-01,12580,"Baltimore-Columbia-Towson, MD (Metropolitan Statistical Area)",160635503
2006-01-01,12580,"Baltimore-Columbia-Towson, MD (Metropolitan Statistical Area)",164034379
2007-01-01,12580,"Baltimore-Columbia-Towson, MD (Metropolitan Statistical Area)",165116426
2008-01-01,12580,"Baltimore-Columbia-Towson, MD (Metropolitan Statistical Area)",166658352
2009-01-01,12580,"Baltimore-Columbia-Towson, MD (Metropolitan Statistical Area)",165598000
2010-01-01,12620,"Bangor, ME (Metropolitan Statistical Area)",6422680
2011-01-01,12620,"Bangor, ME (Metropolitan Statistical Area)",6285492
2012-01-01,12620,"Bangor, ME (Metropolitan Statistical Area)",6179716
2013-01-01,12620,"Bangor, ME (Metropolitan Statistical Area)",6183491
2014-01-01,12620,"Bangor, ME (Metropolitan Statistical Area)",6185770
2015-01-01,12620,"Bangor, ME (Metropolitan Statistical Area)",6233187
2016-01-01,12620,"Bangor, ME (Metropolitan Statistical Area)",6362602
2017-01-01,12620,"Bangor, ME (Metropolitan Statistical Area)",6360893
2018-01-01,12620,"Bangor, ME (Metropolitan Statistical Area)",6599941
2019-01-01,12620,"Bangor, ME (Metropolitan Statistical Area)",6788914
2020-01-01,12620,"Bangor, ME (Metropolitan Statistical Area)",6769592
2021-01-01,12620,"Bangor, ME (Metropolitan Statistical Area)",7006232
2022-01-01,12620,"Bangor, ME (Metropolitan Statistical Area)",7134198
2023-01-01,12620,"Bangor, ME (Metropolitan Statistical Area)",7231746
2001-01-01,12620,"Bangor, ME (Metropolitan Statistical Area)",6125830
2002-01-01,12620,"Bangor, ME (Metropolitan Statistical Area)",6282204
2003-01-01,12620,"Bangor, ME (Metropolitan Statistical Area)",6279604
2004-01-01,12620,"Bangor, ME (Metropolitan Statistical Area)",6483475
2005-01-01,12620,"Bangor, ME (Metropolitan Statistical Area)",6604003
2006-01-01,12620,"Bangor, ME (Metropolitan Statistical Area)",6527838
2007-01-01,12620,"Bangor, ME (Metropolitan Statistical Area)",6539558
2008-01-01,12620,"Bangor, ME (Metropolitan Statistical Area)",6410783
2009-01-01,12620,"Bangor, ME (Metropolitan Statistical Area)",6408282
2011-01-01,12700,"Barnstable Town, MA (Metropolitan Statistical Area)",12516366
2012-01-01,12700,"Barnstable Town, MA (Metropolitan Statistical Area)",12440227
2013-01-01,12700,"Barnstable Town, MA (Metropolitan Statistical Area)",12583445
2014-01-01,12700,"Barnstable Town, MA (Metropolitan Statistical Area)",12898189
2015-01-01,12700,"Barnstable Town, MA (Metropolitan Statistical Area)",13032722
2016-01-01,12700,"Barnstable Town, MA (Metropolitan Statistical Area)",13066543
2017-01-01,12700,"Barnstable Town, MA (Metropolitan Statistical Area)",12764776
2018-01-01,12700,"Barnstable Town, MA (Metropolitan Statistical Area)",13042121
2019-01-01,12700,"Barnstable Town, MA (Metropolitan Statistical Area)",13473915
2020-01-01,12700,"Barnstable Town, MA (Metropolitan Statistical Area)",12718672
2021-01-01,12700,"Barnstable Town, MA (Metropolitan Statistical Area)",13656288
2022-01-01,12700,"Barnstable Town, MA (Metropolitan Statistical Area)",14177792
2023-01-01,12700,"Barnstable Town, MA (Metropolitan Statistical Area)",14483670
2001-01-01,12700,"Barnstable Town, MA (Metropolitan Statistical Area)",12068270
2002-01-01,12700,"Barnstable Town, MA (Metropolitan Statistical Area)",12212676
2003-01-01,12700,"Barnstable Town, MA (Metropolitan Statistical Area)",12319567
2004-01-01,12700,"Barnstable Town, MA (Metropolitan Statistical Area)",12657355
2005-01-01,12700,"Barnstable Town, MA (Metropolitan Statistical Area)",12504581
2006-01-01,12700,"Barnstable Town, MA (Metropolitan Statistical Area)",11982139
2007-01-01,12700,"Barnstable Town, MA (Metropolitan Statistical Area)",12131221
2008-01-01,12700,"Barnstable Town, MA (Metropolitan Statistical Area)",12443307
2009-01-01,12700,"Barnstable Town, MA (Metropolitan Statistical Area)",11930910
2010-01-01,12700,"Barnstable Town, MA (Metropolitan Statistical Area)",12267317
2011-01-01,12940,"Baton Rouge, LA (Metropolitan Statistical Area)",52506871
2012-01-01,12940,"Baton Rouge, LA (Metropolitan Statistical Area)",52740256
2013-01-01,12940,"Baton Rouge, LA (Metropolitan Statistical Area)",52788751
2014-01-01,12940,"Baton Rouge, LA (Metropolitan Statistical Area)",57818180
2015-01-01,12940,"Baton Rouge, LA (Metropolitan Statistical Area)",57139825
2016-01-01,12940,"Baton Rouge, LA (Metropolitan Statistical Area)",55172075
2017-01-01,12940,"Baton Rouge, LA (Metropolitan Statistical Area)",52326375
2018-01-01,12940,"Baton Rouge, LA (Metropolitan Statistical Area)",55749428
2019-01-01,12940,"Baton Rouge, LA (Metropolitan Statistical Area)",54339247
2020-01-01,12940,"Baton Rouge, LA (Metropolitan Statistical Area)",50120974
2021-01-01,12940,"Baton Rouge, LA (Metropolitan Statistical Area)",51789395
2022-01-01,12940,"Baton Rouge, LA (Metropolitan Statistical Area)",53386569
2023-01-01,12940,"Baton Rouge, LA (Metropolitan Statistical Area)",54901246
2001-01-01,12940,"Baton Rouge, LA (Metropolitan Statistical Area)",36995526
2002-01-01,12940,"Baton Rouge, LA (Metropolitan Statistical Area)",39600617
2003-01-01,12940,"Baton Rouge, LA (Metropolitan Statistical Area)",41398699
2004-01-01,12940,"Baton Rouge, LA (Metropolitan Statistical Area)",45907461
2005-01-01,12940,"Baton Rouge, LA (Metropolitan Statistical Area)",50532555
2006-01-01,12940,"Baton Rouge, LA (Metropolitan Statistical Area)",49421828
2007-01-01,12940,"Baton Rouge, LA (Metropolitan Statistical Area)",45423886
2008-01-01,12940,"Baton Rouge, LA (Metropolitan Statistical Area)",44527989
2009-01-01,12940,"Baton Rouge, LA (Metropolitan Statistical Area)",44957936
2010-01-01,12940,"Baton Rouge, LA (Metropolitan Statistical Area)",47526991
2010-01-01,12980,"Battle Creek, MI (Metropolitan Statistical Area)",6115886
2011-01-01,12980,"Battle Creek, MI (Metropolitan Statistical Area)",5948256
2012-01-01,12980,"Battle Creek, MI (Metropolitan Statistical Area)",5929310
2013-01-01,12980,"Battle Creek, MI (Metropolitan Statistical Area)",6088792
2014-01-01,12980,"Battle Creek, MI (Metropolitan Statistical Area)",6143598
2015-01-01,12980,"Battle Creek, MI (Metropolitan Statistical Area)",6321415
2016-01-01,12980,"Battle Creek, MI (Metropolitan Statistical Area)",6457331
2017-01-01,12980,"Battle Creek, MI (Metropolitan Statistical Area)",6450941
2018-01-01,12980,"Battle Creek, MI (Metropolitan Statistical Area)",6467348
2019-01-01,12980,"Battle Creek, MI (Metropolitan Statistical Area)",6451007
2020-01-01,12980,"Battle Creek, MI (Metropolitan Statistical Area)",6350135
2021-01-01,12980,"Battle Creek, MI (Metropolitan Statistical Area)",6861063
2022-01-01,12980,"Battle Creek, MI (Metropolitan Statistical Area)",7135652
2023-01-01,12980,"Battle Creek, MI (Metropolitan Statistical Area)",7197440
2001-01-01,12980,"Battle Creek, MI (Metropolitan Statistical Area)",6016784
2002-01-01,12980,"Battle Creek, MI (Metropolitan Statistical Area)",6122323
2003-01-01,12980,"Battle Creek, MI (Metropolitan Statistical Area)",6221414
2004-01-01,12980,"Battle Creek, MI (Metropolitan Statistical Area)",6382215
2005-01-01,12980,"Battle Creek, MI (Metropolitan Statistical Area)",6532376
2006-01-01,12980,"Battle Creek, MI (Metropolitan Statistical Area)",6592205
2007-01-01,12980,"Battle Creek, MI (Metropolitan Statistical Area)",6634618
2008-01-01,12980,"Battle Creek, MI (Metropolitan Statistical Area)",6435138
2009-01-01,12980,"Battle Creek, MI (Metropolitan Statistical Area)",5942059
2010-01-01,13020,"Bay City, MI (Metropolitan Statistical Area)",3851794
2011-01-01,13020,"Bay City, MI (Metropolitan Statistical Area)",3850376
2012-01-01,13020,"Bay City, MI (Metropolitan Statistical Area)",3851226
2013-01-01,13020,"Bay City, MI (Metropolitan Statistical Area)",3877616
2014-01-01,13020,"Bay City, MI (Metropolitan Statistical Area)",3695801
2015-01-01,13020,"Bay City, MI (Metropolitan Statistical Area)",3683175
2016-01-01,13020,"Bay City, MI (Metropolitan Statistical Area)",3690810
2017-01-01,13020,"Bay City, MI (Metropolitan Statistical Area)",3539706
2018-01-01,13020,"Bay City, MI (Metropolitan Statistical Area)",3631822
2019-01-01,13020,"Bay City, MI (Metropolitan Statistical Area)",3570704
2020-01-01,13020,"Bay City, MI (Metropolitan Statistical Area)",3545561
2021-01-01,13020,"Bay City, MI (Metropolitan Statistical Area)",3866722
2022-01-01,13020,"Bay City, MI (Metropolitan Statistical Area)",3812494
2023-01-01,13020,"Bay City, MI (Metropolitan Statistical Area)",3628109
2001-01-01,13020,"Bay City, MI (Metropolitan Statistical Area)",3779129
2002-01-01,13020,"Bay City, MI (Metropolitan Statistical Area)",3791818
2003-01-01,13020,"Bay City, MI (Metropolitan Statistical Area)",3853026
2004-01-01,13020,"Bay City, MI (Metropolitan Statistical Area)",3864398
2005-01-01,13020,"Bay City, MI (Metropolitan Statistical Area)",3914666
2006-01-01,13020,"Bay City, MI (Metropolitan Statistical Area)",3904194
2007-01-01,13020,"Bay City, MI (Metropolitan Statistical Area)",3900477
2008-01-01,13020,"Bay City, MI (Metropolitan Statistical Area)",3756802
2009-01-01,13020,"Bay City, MI (Metropolitan Statistical Area)",3720962
2011-01-01,13140,"Beaumont-Port Arthur, TX (Metropolitan Statistical Area)",27305887
2012-01-01,13140,"Beaumont-Port Arthur, TX (Metropolitan Statistical Area)",28728123
2013-01-01,13140,"Beaumont-Port Arthur, TX (Metropolitan Statistical Area)",28753374
2014-01-01,13140,"Beaumont-Port Arthur, TX (Metropolitan Statistical Area)",23642654
2015-01-01,13140,"Beaumont-Port Arthur, TX (Metropolitan Statistical Area)",23371779
2016-01-01,13140,"Beaumont-Port Arthur, TX (Metropolitan Statistical Area)",24007411
2017-01-01,13140,"Beaumont-Port Arthur, TX (Metropolitan Statistical Area)",24454169
2018-01-01,13140,"Beaumont-Port Arthur, TX (Metropolitan Statistical Area)",25657246
2019-01-01,13140,"Beaumont-Port Arthur, TX (Metropolitan Statistical Area)",25456325
2020-01-01,13140,"Beaumont-Port Arthur, TX (Metropolitan Statistical Area)",21896605
2021-01-01,13140,"Beaumont-Port Arthur, TX (Metropolitan Statistical Area)",22255690
2022-01-01,13140,"Beaumont-Port Arthur, TX (Metropolitan Statistical Area)",22263610
2023-01-01,13140,"Beaumont-Port Arthur, TX (Metropolitan Statistical Area)",23715593
2001-01-01,13140,"Beaumont-Port Arthur, TX (Metropolitan Statistical Area)",23048457
2002-01-01,13140,"Beaumont-Port Arthur, TX (Metropolitan Statistical Area)",22028070
2003-01-01,13140,"Beaumont-Port Arthur, TX (Metropolitan Statistical Area)",22576404
2004-01-01,13140,"Beaumont-Port Arthur, TX (Metropolitan Statistical Area)",26923700
2005-01-01,13140,"Beaumont-Port Arthur, TX (Metropolitan Statistical Area)",24233537
2006-01-01,13140,"Beaumont-Port Arthur, TX (Metropolitan Statistical Area)",23879238
2007-01-01,13140,"Beaumont-Port Arthur, TX (Metropolitan Statistical Area)",25941797
2008-01-01,13140,"Beaumont-Port Arthur, TX (Metropolitan Statistical Area)",24983703
2009-01-01,13140,"Beaumont-Port Arthur, TX (Metropolitan Statistical Area)",24707054
2010-01-01,13140,"Beaumont-Port Arthur, TX (Metropolitan Statistical Area)",26802922
2011-01-01,13220,"Beckley, WV (Metropolitan Statistical Area)",4652377
2012-01-01,13220,"Beckley, WV (Metropolitan Statistical Area)",4540738
2013-01-01,13220,"Beckley, WV (Metropolitan Statistical Area)",4365452
2014-01-01,13220,"Beckley, WV (Metropolitan Statistical Area)",4157792
2015-01-01,13220,"Beckley, WV (Metropolitan Statistical Area)",4016084
2016-01-01,13220,"Beckley, WV (Metropolitan Statistical Area)",3817823
2017-01-01,13220,"Beckley, WV (Metropolitan Statistical Area)",3990112
2018-01-01,13220,"Beckley, WV (Metropolitan Statistical Area)",4064980
2019-01-01,13220,"Beckley, WV (Metropolitan Statistical Area)",4193870
2020-01-01,13220,"Beckley, WV (Metropolitan Statistical Area)",3926473
2021-01-01,13220,"Beckley, WV (Metropolitan Statistical Area)",4034004
2022-01-01,13220,"Beckley, WV (Metropolitan Statistical Area)",4207525
2023-01-01,13220,"Beckley, WV (Metropolitan Statistical Area)",4319891
2001-01-01,13220,"Beckley, WV (Metropolitan Statistical Area)",3890822
2002-01-01,13220,"Beckley, WV (Metropolitan Statistical Area)",3938449
2003-01-01,13220,"Beckley, WV (Metropolitan Statistical Area)",3899975
2004-01-01,13220,"Beckley, WV (Metropolitan Statistical Area)",4011369
2005-01-01,13220,"Beckley, WV (Metropolitan Statistical Area)",4211501
2006-01-01,13220,"Beckley, WV (Metropolitan Statistical Area)",4224429
2007-01-01,13220,"Beckley, WV (Metropolitan Statistical Area)",4265869
2008-01-01,13220,"Beckley, WV (Metropolitan Statistical Area)",4498715
2009-01-01,13220,"Beckley, WV (Metropolitan Statistical Area)",4380414
2010-01-01,13220,"Beckley, WV (Metropolitan Statistical Area)",4544241
2011-01-01,13380,"Bellingham, WA (Metropolitan Statistical Area)",9984816
2012-01-01,13380,"Bellingham, WA (Metropolitan Statistical Area)",9987094
2013-01-01,13380,"Bellingham, WA (Metropolitan Statistical Area)",9943259
2014-01-01,13380,"Bellingham, WA (Metropolitan Statistical Area)",10063857
2015-01-01,13380,"Bellingham, WA (Metropolitan Statistical Area)",10414824
2016-01-01,13380,"Bellingham, WA (Metropolitan Statistical Area)",11098634
2017-01-01,13380,"Bellingham, WA (Metropolitan Statistical Area)",11651236
2018-01-01,13380,"Bellingham, WA (Metropolitan Statistical Area)",12557637
2019-01-01,13380,"Bellingham, WA (Metropolitan Statistical Area)",13672902
2020-01-01,13380,"Bellingham, WA (Metropolitan Statistical Area)",14084817
2021-01-01,13380,"Bellingham, WA (Metropolitan Statistical Area)",14710172
2022-01-01,13380,"Bellingham, WA (Metropolitan Statistical Area)",14499419
2023-01-01,13380,"Bellingham, WA (Metropolitan Statistical Area)",15332005
2001-01-01,13380,"Bellingham, WA (Metropolitan Statistical Area)",8092167
2002-01-01,13380,"Bellingham, WA (Metropolitan Statistical Area)",8616255
2003-01-01,13380,"Bellingham, WA (Metropolitan Statistical Area)",8780833
2004-01-01,13380,"Bellingham, WA (Metropolitan Statistical Area)",8853719
2005-01-01,13380,"Bellingham, WA (Metropolitan Statistical Area)",10990017
2006-01-01,13380,"Bellingham, WA (Metropolitan Statistical Area)",9904637
2007-01-01,13380,"Bellingham, WA (Metropolitan Statistical Area)",10117804
2008-01-01,13380,"Bellingham, WA (Metropolitan Statistical Area)",9969854
2009-01-01,13380,"Bellingham, WA (Metropolitan Statistical Area)",10284103
2010-01-01,13380,"Bellingham, WA (Metropolitan Statistical Area)",10767357
2010-01-01,13460,"Bend, OR (Metropolitan Statistical Area)",5997751
2011-01-01,13460,"Bend, OR (Metropolitan Statistical Area)",6076144
2012-01-01,13460,"Bend, OR (Metropolitan Statistical Area)",6240002
2013-01-01,13460,"Bend, OR (Metropolitan Statistical Area)",6668778
2014-01-01,13460,"Bend, OR (Metropolitan Statistical Area)",7354973
2015-01-01,13460,"Bend, OR (Metropolitan Statistical Area)",7936358
2016-01-01,13460,"Bend, OR (Metropolitan Statistical Area)",8708469
2017-01-01,13460,"Bend, OR (Metropolitan Statistical Area)",9523750
2018-01-01,13460,"Bend, OR (Metropolitan Statistical Area)",9881699
2019-01-01,13460,"Bend, OR (Metropolitan Statistical Area)",10449613
2020-01-01,13460,"Bend, OR (Metropolitan Statistical Area)",10418735
2021-01-01,13460,"Bend, OR (Metropolitan Statistical Area)",11514740
2022-01-01,13460,"Bend, OR (Metropolitan Statistical Area)",11957286
2023-01-01,13460,"Bend, OR (Metropolitan Statistical Area)",12442840
2001-01-01,13460,"Bend, OR (Metropolitan Statistical Area)",4991186
2002-01-01,13460,"Bend, OR (Metropolitan Statistical Area)",5206048
2003-01-01,13460,"Bend, OR (Metropolitan Statistical Area)",5492119
2004-01-01,13460,"Bend, OR (Metropolitan Statistical Area)",5753101
2005-01-01,13460,"Bend, OR (Metropolitan Statistical Area)",6277325
2006-01-01,13460,"Bend, OR (Metropolitan Statistical Area)",6710818
2007-01-01,13460,"Bend, OR (Metropolitan Statistical Area)",6948586
2008-01-01,13460,"Bend, OR (Metropolitan Statistical Area)",6771878
2009-01-01,13460,"Bend, OR (Metropolitan Statistical Area)",6194650
2011-01-01,13740,"Billings, MT (Metropolitan Statistical Area)",8832218
2012-01-01,13740,"Billings, MT (Metropolitan Statistical Area)",8978312
2013-01-01,13740,"Billings, MT (Metropolitan Statistical Area)",9192825
2014-01-01,13740,"Billings, MT (Metropolitan Statistical Area)",9685280
2015-01-01,13740,"Billings, MT (Metropolitan Statistical Area)",10130744
2016-01-01,13740,"Billings, MT (Metropolitan Statistical Area)",9546121
2017-01-01,13740,"Billings, MT (Metropolitan Statistical Area)",10233635
2018-01-01,13740,"Billings, MT (Metropolitan Statistical Area)",10293847
2019-01-01,13740,"Billings, MT (Metropolitan Statistical Area)",10043143
2020-01-01,13740,"Billings, MT (Metropolitan Statistical Area)",9811492
2021-01-01,13740,"Billings, MT (Metropolitan Statistical Area)",10524739
2022-01-01,13740,"Billings, MT (Metropolitan Statistical Area)",10534335
2023-01-01,13740,"Billings, MT (Metropolitan Statistical Area)",10902157
2001-01-01,13740,"Billings, MT (Metropolitan Statistical Area)",6853158
2002-01-01,13740,"Billings, MT (Metropolitan Statistical Area)",6941624
2003-01-01,13740,"Billings, MT (Metropolitan Statistical Area)",7490577
2004-01-01,13740,"Billings, MT (Metropolitan Statistical Area)",7890355
2005-01-01,13740,"Billings, MT (Metropolitan Statistical Area)",7864476
2006-01-01,13740,"Billings, MT (Metropolitan Statistical Area)",8148507
2007-01-01,13740,"Billings, MT (Metropolitan Statistical Area)",8999124
2008-01-01,13740,"Billings, MT (Metropolitan Statistical Area)",8638201
2009-01-01,13740,"Billings, MT (Metropolitan Statistical Area)",8019578
2010-01-01,13740,"Billings, MT (Metropolitan Statistical Area)",8376632
2010-01-01,13780,"Binghamton, NY (Metropolitan Statistical Area)",10995488
2011-01-01,13780,"Binghamton, NY (Metropolitan Statistical Area)",10990137
2012-01-01,13780,"Binghamton, NY (Metropolitan Statistical Area)",11050964
2013-01-01,13780,"Binghamton, NY (Metropolitan Statistical Area)",11018064
2014-01-01,13780,"Binghamton, NY (Metropolitan Statistical Area)",10928555
2015-01-01,13780,"Binghamton, NY (Metropolitan Statistical Area)",10912381
2016-01-01,13780,"Binghamton, NY (Metropolitan Statistical Area)",10631756
2017-01-01,13780,"Binghamton, NY (Metropolitan Statistical Area)",10763033
2018-01-01,13780,"Binghamton, NY (Metropolitan Statistical Area)",10788110
2019-01-01,13780,"Binghamton, NY (Metropolitan Statistical Area)",10859295
2020-01-01,13780,"Binghamton, NY (Metropolitan Statistical Area)",10328403
2021-01-01,13780,"Binghamton, NY (Metropolitan Statistical Area)",10558891
2022-01-01,13780,"Binghamton, NY (Metropolitan Statistical Area)",10423108
2023-01-01,13780,"Binghamton, NY (Metropolitan Statistical Area)",10481451
2001-01-01,13780,"Binghamton, NY (Metropolitan Statistical Area)",8852558
2002-01-01,13780,"Binghamton, NY (Metropolitan Statistical Area)",8824944
2003-01-01,13780,"Binghamton, NY (Metropolitan Statistical Area)",8849246
2004-01-01,13780,"Binghamton, NY (Metropolitan Statistical Area)",8906853
2005-01-01,13780,"Binghamton, NY (Metropolitan Statistical Area)",9020349
2006-01-01,13780,"Binghamton, NY (Metropolitan Statistical Area)",9430061
2007-01-01,13780,"Binghamton, NY (Metropolitan Statistical Area)",9804184
2008-01-01,13780,"Binghamton, NY (Metropolitan Statistical Area)",10446715
2009-01-01,13780,"Binghamton, NY (Metropolitan Statistical Area)",10467964
2001-01-01,13820,"Birmingham-Hoover, AL (Metropolitan Statistical Area)",49778366
2002-01-01,13820,"Birmingham-Hoover, AL (Metropolitan Statistical Area)",51457491
2003-01-01,13820,"Birmingham-Hoover, AL (Metropolitan Statistical Area)",52459279
2004-01-01,13820,"Birmingham-Hoover, AL (Metropolitan Statistical Area)",55088112
2005-01-01,13820,"Birmingham-Hoover, AL (Metropolitan Statistical Area)",56827258
2006-01-01,13820,"Birmingham-Hoover, AL (Metropolitan Statistical Area)",56449297
2007-01-01,13820,"Birmingham-Hoover, AL (Metropolitan Statistical Area)",57220247
2008-01-01,13820,"Birmingham-Hoover, AL (Metropolitan Statistical Area)",57319244
2009-01-01,13820,"Birmingham-Hoover, AL (Metropolitan Statistical Area)",54622275
2010-01-01,13820,"Birmingham-Hoover, AL (Metropolitan Statistical Area)",55215871
2011-01-01,13820,"Birmingham-Hoover, AL (Metropolitan Statistical Area)",56259365
2012-01-01,13820,"Birmingham-Hoover, AL (Metropolitan Statistical Area)",57546946
2013-01-01,13820,"Birmingham-Hoover, AL (Metropolitan Statistical Area)",57511832
2014-01-01,13820,"Birmingham-Hoover, AL (Metropolitan Statistical Area)",57547328
2015-01-01,13820,"Birmingham-Hoover, AL (Metropolitan Statistical Area)",58757668
2016-01-01,13820,"Birmingham-Hoover, AL (Metropolitan Statistical Area)",59499489
2017-01-01,13820,"Birmingham-Hoover, AL (Metropolitan Statistical Area)",60645897
2018-01-01,13820,"Birmingham-Hoover, AL (Metropolitan Statistical Area)",61853013
2019-01-01,13820,"Birmingham-Hoover, AL (Metropolitan Statistical Area)",62875594
2020-01-01,13820,"Birmingham-Hoover, AL (Metropolitan Statistical Area)",62130971
2021-01-01,13820,"Birmingham-Hoover, AL (Metropolitan Statistical Area)",65544890
2022-01-01,13820,"Birmingham-Hoover, AL (Metropolitan Statistical Area)",66668472
2023-01-01,13820,"Birmingham-Hoover, AL (Metropolitan Statistical Area)",67728997
2011-01-01,13900,"Bismarck, ND (Metropolitan Statistical Area)",6171095
2012-01-01,13900,"Bismarck, ND (Metropolitan Statistical Area)",7024993
2013-01-01,13900,"Bismarck, ND (Metropolitan Statistical Area)",7157026
2014-01-01,13900,"Bismarck, ND (Metropolitan Statistical Area)",7777332
2015-01-01,13900,"Bismarck, ND (Metropolitan Statistical Area)",8042870
2016-01-01,13900,"Bismarck, ND (Metropolitan Statistical Area)",7705256
2017-01-01,13900,"Bismarck, ND (Metropolitan Statistical Area)",7656673
2018-01-01,13900,"Bismarck, ND (Metropolitan Statistical Area)",7518448
2019-01-01,13900,"Bismarck, ND (Metropolitan Statistical Area)",7478889
2020-01-01,13900,"Bismarck, ND (Metropolitan Statistical Area)",7196852
2021-01-01,13900,"Bismarck, ND (Metropolitan Statistical Area)",7474067
2022-01-01,13900,"Bismarck, ND (Metropolitan Statistical Area)",7317369
2023-01-01,13900,"Bismarck, ND (Metropolitan Statistical Area)",7441169
2001-01-01,13900,"Bismarck, ND (Metropolitan Statistical Area)",4412602
2002-01-01,13900,"Bismarck, ND (Metropolitan Statistical Area)",4514635
2003-01-01,13900,"Bismarck, ND (Metropolitan Statistical Area)",4859019
2004-01-01,13900,"Bismarck, ND (Metropolitan Statistical Area)",5066841
2005-01-01,13900,"Bismarck, ND (Metropolitan Statistical Area)",5178403
2006-01-01,13900,"Bismarck, ND (Metropolitan Statistical Area)",5304282
2007-01-01,13900,"Bismarck, ND (Metropolitan Statistical Area)",5354143
2008-01-01,13900,"Bismarck, ND (Metropolitan Statistical Area)",5527609
2009-01-01,13900,"Bismarck, ND (Metropolitan Statistical Area)",5687715
2010-01-01,13900,"Bismarck, ND (Metropolitan Statistical Area)",5843680
2010-01-01,13980,"Blacksburg-Christiansburg, VA (Metropolitan Statistical Area) *",6372359
2011-01-01,13980,"Blacksburg-Christiansburg, VA (Metropolitan Statistical Area) *",6586300
2012-01-01,13980,"Blacksburg-Christiansburg, VA (Metropolitan Statistical Area) *",6495074
2013-01-01,13980,"Blacksburg-Christiansburg, VA (Metropolitan Statistical Area) *",6574343
2014-01-01,13980,"Blacksburg-Christiansburg, VA (Metropolitan Statistical Area) *",6583636
2015-01-01,13980,"Blacksburg-Christiansburg, VA (Metropolitan Statistical Area) *",6806624
2016-01-01,13980,"Blacksburg-Christiansburg, VA (Metropolitan Statistical Area) *",6815425
2017-01-01,13980,"Blacksburg-Christiansburg, VA (Metropolitan Statistical Area) *",7016349
2018-01-01,13980,"Blacksburg-Christiansburg, VA (Metropolitan Statistical Area) *",7365216
2019-01-01,13980,"Blacksburg-Christiansburg, VA (Metropolitan Statistical Area) *",7291368
2020-01-01,13980,"Blacksburg-Christiansburg, VA (Metropolitan Statistical Area) *",7107815
2021-01-01,13980,"Blacksburg-Christiansburg, VA (Metropolitan Statistical Area) *",7724088
2022-01-01,13980,"Blacksburg-Christiansburg, VA (Metropolitan Statistical Area) *",8032148
2023-01-01,13980,"Blacksburg-Christiansburg, VA (Metropolitan Statistical Area) *",8332201
2001-01-01,13980,"Blacksburg-Christiansburg, VA (Metropolitan Statistical Area) *",5891796
2002-01-01,13980,"Blacksburg-Christiansburg, VA (Metropolitan Statistical Area) *",5940594
2003-01-01,13980,"Blacksburg-Christiansburg, VA (Metropolitan Statistical Area) *",6271269
2004-01-01,13980,"Blacksburg-Christiansburg, VA (Metropolitan Statistical Area) *",6278187
2005-01-01,13980,"Blacksburg-Christiansburg, VA (Metropolitan Statistical Area) *",6667184
2006-01-01,13980,"Blacksburg-Christiansburg, VA (Metropolitan Statistical Area) *",6889264
2007-01-01,13980,"Blacksburg-Christiansburg, VA (Metropolitan Statistical Area) *",7133077
2008-01-01,13980,"Blacksburg-Christiansburg, VA (Metropolitan Statistical Area) *",6676961
2009-01-01,13980,"Blacksburg-Christiansburg, VA (Metropolitan Statistical Area) *",6265579
2011-01-01,14010,"Bloomington, IL (Metropolitan Statistical Area)",11469260
2012-01-01,14010,"Bloomington, IL (Metropolitan Statistical Area)",11732379
2013-01-01,14010,"Bloomington, IL (Metropolitan Statistical Area)",11715968
2014-01-01,14010,"Bloomington, IL (Metropolitan Statistical Area)",13074628
2015-01-01,14010,"Bloomington, IL (Metropolitan Statistical Area)",14045952
2016-01-01,14010,"Bloomington, IL (Metropolitan Statistical Area)",14588013
2017-01-01,14010,"Bloomington, IL (Metropolitan Statistical Area)",14476949
2018-01-01,14010,"Bloomington, IL (Metropolitan Statistical Area)",14530626
2019-01-01,14010,"Bloomington, IL (Metropolitan Statistical Area)",14977037
2020-01-01,14010,"Bloomington, IL (Metropolitan Statistical Area)",12371613
2021-01-01,14010,"Bloomington, IL (Metropolitan Statistical Area)",12262225
2022-01-01,14010,"Bloomington, IL (Metropolitan Statistical Area)",12393150
2023-01-01,14010,"Bloomington, IL (Metropolitan Statistical Area)",12363558
2001-01-01,14010,"Bloomington, IL (Metropolitan Statistical Area)",9325658
2002-01-01,14010,"Bloomington, IL (Metropolitan Statistical Area)",9576722
2003-01-01,14010,"Bloomington, IL (Metropolitan Statistical Area)",9902286
2004-01-01,14010,"Bloomington, IL (Metropolitan Statistical Area)",10291128
2005-01-01,14010,"Bloomington, IL (Metropolitan Statistical Area)",10400349
2006-01-01,14010,"Bloomington, IL (Metropolitan Statistical Area)",11207281
2007-01-01,14010,"Bloomington, IL (Metropolitan Statistical Area)",11159970
2008-01-01,14010,"Bloomington, IL (Metropolitan Statistical Area)",10847930
2009-01-01,14010,"Bloomington, IL (Metropolitan Statistical Area)",11001723
2010-01-01,14010,"Bloomington, IL (Metropolitan Statistical Area)",11435166
2010-01-01,14020,"Bloomington, IN (Metropolitan Statistical Area)",6349737
2011-01-01,14020,"Bloomington, IN (Metropolitan Statistical Area)",6397739
2012-01-01,14020,"Bloomington, IN (Metropolitan Statistical Area)",6383644
2013-01-01,14020,"Bloomington, IN (Metropolitan Statistical Area)",6518398
2014-01-01,14020,"Bloomington, IN (Metropolitan Statistical Area)",6873996
2015-01-01,14020,"Bloomington, IN (Metropolitan Statistical Area)",6794290
2016-01-01,14020,"Bloomington, IN (Metropolitan Statistical Area)",6977313
2017-01-01,14020,"Bloomington, IN (Metropolitan Statistical Area)",7406889
2018-01-01,14020,"Bloomington, IN (Metropolitan Statistical Area)",7670488
2019-01-01,14020,"Bloomington, IN (Metropolitan Statistical Area)",7574999
2020-01-01,14020,"Bloomington, IN (Metropolitan Statistical Area)",7288192
2021-01-01,14020,"Bloomington, IN (Metropolitan Statistical Area)",7511738
2022-01-01,14020,"Bloomington, IN (Metropolitan Statistical Area)",7803811
2023-01-01,14020,"Bloomington, IN (Metropolitan Statistical Area)",7906987
2001-01-01,14020,"Bloomington, IN (Metropolitan Statistical Area)",5347251
2002-01-01,14020,"Bloomington, IN (Metropolitan Statistical Area)",5509728
2003-01-01,14020,"Bloomington, IN (Metropolitan Statistical Area)",5712833
2004-01-01,14020,"Bloomington, IN (Metropolitan Statistical Area)",5905617
2005-01-01,14020,"Bloomington, IN (Metropolitan Statistical Area)",6191243
2006-01-01,14020,"Bloomington, IN (Metropolitan Statistical Area)",6382690
2007-01-01,14020,"Bloomington, IN (Metropolitan Statistical Area)",6264263
2008-01-01,14020,"Bloomington, IN (Metropolitan Statistical Area)",6274739
2009-01-01,14020,"Bloomington, IN (Metropolitan Statistical Area)",6235885
2001-01-01,14100,"Bloomsburg-Berwick, PA (Metropolitan Statistical Area)",3415504
2002-01-01,14100,"Bloomsburg-Berwick, PA (Metropolitan Statistical Area)",3596930
2003-01-01,14100,"Bloomsburg-Berwick, PA (Metropolitan Statistical Area)",3610691
2004-01-01,14100,"Bloomsburg-Berwick, PA (Metropolitan Statistical Area)",3778495
2005-01-01,14100,"Bloomsburg-Berwick, PA (Metropolitan Statistical Area)",3843532
2006-01-01,14100,"Bloomsburg-Berwick, PA (Metropolitan Statistical Area)",4030123
2007-01-01,14100,"Bloomsburg-Berwick, PA (Metropolitan Statistical Area)",4017632
2008-01-01,14100,"Bloomsburg-Berwick, PA (Metropolitan Statistical Area)",4086191
2009-01-01,14100,"Bloomsburg-Berwick, PA (Metropolitan Statistical Area)",4075714
2010-01-01,14100,"Bloomsburg-Berwick, PA (Metropolitan Statistical Area)",4275092
2011-01-01,14100,"Bloomsburg-Berwick, PA (Metropolitan Statistical Area)",4335246
2012-01-01,14100,"Bloomsburg-Berwick, PA (Metropolitan Statistical Area)",4320047
2013-01-01,14100,"Bloomsburg-Berwick, PA (Metropolitan Statistical Area)",4464177
2014-01-01,14100,"Bloomsburg-Berwick, PA (Metropolitan Statistical Area)",4310881
2015-01-01,14100,"Bloomsburg-Berwick, PA (Metropolitan Statistical Area)",4391896
2016-01-01,14100,"Bloomsburg-Berwick, PA (Metropolitan Statistical Area)",4375448
2017-01-01,14100,"Bloomsburg-Berwick, PA (Metropolitan Statistical Area)",4409987
2018-01-01,14100,"Bloomsburg-Berwick, PA (Metropolitan Statistical Area)",4390928
2019-01-01,14100,"Bloomsburg-Berwick, PA (Metropolitan Statistical Area)",4495725
2020-01-01,14100,"Bloomsburg-Berwick, PA (Metropolitan Statistical Area)",4269878
2021-01-01,14100,"Bloomsburg-Berwick, PA (Metropolitan Statistical Area)",4467976
2022-01-01,14100,"Bloomsburg-Berwick, PA (Metropolitan Statistical Area)",4635875
2023-01-01,14100,"Bloomsburg-Berwick, PA (Metropolitan Statistical Area)",4680352
2001-01-01,14260,"Boise City, ID (Metropolitan Statistical Area)",19699982
2002-01-01,14260,"Boise City, ID (Metropolitan Statistical Area)",20274256
2003-01-01,14260,"Boise City, ID (Metropolitan Statistical Area)",21646904
2004-01-01,14260,"Boise City, ID (Metropolitan Statistical Area)",23577997
2005-01-01,14260,"Boise City, ID (Metropolitan Statistical Area)",25961390
2006-01-01,14260,"Boise City, ID (Metropolitan Statistical Area)",25962054
2007-01-01,14260,"Boise City, ID (Metropolitan Statistical Area)",26173846
2008-01-01,14260,"Boise City, ID (Metropolitan Statistical Area)",27326632
2009-01-01,14260,"Boise City, ID (Metropolitan Statistical Area)",26494982
2010-01-01,14260,"Boise City, ID (Metropolitan Statistical Area)",26905197
2011-01-01,14260,"Boise City, ID (Metropolitan Statistical Area)",26946598
2012-01-01,14260,"Boise City, ID (Metropolitan Statistical Area)",26364634
2013-01-01,14260,"Boise City, ID (Metropolitan Statistical Area)",27644961
2014-01-01,14260,"Boise City, ID (Metropolitan Statistical Area)",28888826
2015-01-01,14260,"Boise City, ID (Metropolitan Statistical Area)",29358516
2016-01-01,14260,"Boise City, ID (Metropolitan Statistical Area)",30581561
2017-01-01,14260,"Boise City, ID (Metropolitan Statistical Area)",32266790
2018-01-01,14260,"Boise City, ID (Metropolitan Statistical Area)",34798490
2019-01-01,14260,"Boise City, ID (Metropolitan Statistical Area)",36445887
2020-01-01,14260,"Boise City, ID (Metropolitan Statistical Area)",37014180
2021-01-01,14260,"Boise City, ID (Metropolitan Statistical Area)",40386272
2022-01-01,14260,"Boise City, ID (Metropolitan Statistical Area)",43398445
2023-01-01,14260,"Boise City, ID (Metropolitan Statistical Area)",44637457
2001-01-01,14460,"Boston-Cambridge-Newton, MA-NH (Metropolitan Statistical Area)",304121153
2002-01-01,14460,"Boston-Cambridge-Newton, MA-NH (Metropolitan Statistical Area)",303344189
2003-01-01,14460,"Boston-Cambridge-Newton, MA-NH (Metropolitan Statistical Area)",310617795
2004-01-01,14460,"Boston-Cambridge-Newton, MA-NH (Metropolitan Statistical Area)",321080660
2005-01-01,14460,"Boston-Cambridge-Newton, MA-NH (Metropolitan Statistical Area)",329868936
2006-01-01,14460,"Boston-Cambridge-Newton, MA-NH (Metropolitan Statistical Area)",339387182
2007-01-01,14460,"Boston-Cambridge-Newton, MA-NH (Metropolitan Statistical Area)",351809312
2008-01-01,14460,"Boston-Cambridge-Newton, MA-NH (Metropolitan Statistical Area)",355943706
2009-01-01,14460,"Boston-Cambridge-Newton, MA-NH (Metropolitan Statistical Area)",353261018
2010-01-01,14460,"Boston-Cambridge-Newton, MA-NH (Metropolitan Statistical Area)",371428587
2011-01-01,14460,"Boston-Cambridge-Newton, MA-NH (Metropolitan Statistical Area)",379568248
2012-01-01,14460,"Boston-Cambridge-Newton, MA-NH (Metropolitan Statistical Area)",389780969
2013-01-01,14460,"Boston-Cambridge-Newton, MA-NH (Metropolitan Statistical Area)",392768811
2014-01-01,14460,"Boston-Cambridge-Newton, MA-NH (Metropolitan Statistical Area)",400960432
2015-01-01,14460,"Boston-Cambridge-Newton, MA-NH (Metropolitan Statistical Area)",416982922
2016-01-01,14460,"Boston-Cambridge-Newton, MA-NH (Metropolitan Statistical Area)",424191410
2017-01-01,14460,"Boston-Cambridge-Newton, MA-NH (Metropolitan Statistical Area)",433844401
2018-01-01,14460,"Boston-Cambridge-Newton, MA-NH (Metropolitan Statistical Area)",451335935
2019-01-01,14460,"Boston-Cambridge-Newton, MA-NH (Metropolitan Statistical Area)",467414114
2020-01-01,14460,"Boston-Cambridge-Newton, MA-NH (Metropolitan Statistical Area)",463272465
2021-01-01,14460,"Boston-Cambridge-Newton, MA-NH (Metropolitan Statistical Area)",495860834
2022-01-01,14460,"Boston-Cambridge-Newton, MA-NH (Metropolitan Statistical Area)",507807016
2023-01-01,14460,"Boston-Cambridge-Newton, MA-NH (Metropolitan Statistical Area)",515386134
2009-01-01,14500,"Boulder, CO (Metropolitan Statistical Area) *",20845499
2010-01-01,14500,"Boulder, CO (Metropolitan Statistical Area) *",21408038
2011-01-01,14500,"Boulder, CO (Metropolitan Statistical Area) *",21612543
2012-01-01,14500,"Boulder, CO (Metropolitan Statistical Area) *",21752634
2013-01-01,14500,"Boulder, CO (Metropolitan Statistical Area) *",22533327
2014-01-01,14500,"Boulder, CO (Metropolitan Statistical Area) *",23287854
2015-01-01,14500,"Boulder, CO (Metropolitan Statistical Area) *",24200344
2016-01-01,14500,"Boulder, CO (Metropolitan Statistical Area) *",25039639
2017-01-01,14500,"Boulder, CO (Metropolitan Statistical Area) *",26255861
2018-01-01,14500,"Boulder, CO (Metropolitan Statistical Area) *",27218834
2019-01-01,14500,"Boulder, CO (Metropolitan Statistical Area) *",29657209
2020-01-01,14500,"Boulder, CO (Metropolitan Statistical Area) *",29094426
2021-01-01,14500,"Boulder, CO (Metropolitan Statistical Area) *",31263654
2022-01-01,14500,"Boulder, CO (Metropolitan Statistical Area) *",31852972
2023-01-01,14500,"Boulder, CO (Metropolitan Statistical Area) *",32931483
2001-01-01,14500,"Boulder, CO (Metropolitan Statistical Area) *",18415749
2002-01-01,14500,"Boulder, CO (Metropolitan Statistical Area) *",17260441
2003-01-01,14500,"Boulder, CO (Metropolitan Statistical Area) *",17553246
2004-01-01,14500,"Boulder, CO (Metropolitan Statistical Area) *",18101795
2005-01-01,14500,"Boulder, CO (Metropolitan Statistical Area) *",18559869
2006-01-01,14500,"Boulder, CO (Metropolitan Statistical Area) *",19086383
2007-01-01,14500,"Boulder, CO (Metropolitan Statistical Area) *",20382046
2008-01-01,14500,"Boulder, CO (Metropolitan Statistical Area) *",21221972
2011-01-01,14540,"Bowling Green, KY (Metropolitan Statistical Area)",6189242
2012-01-01,14540,"Bowling Green, KY (Metropolitan Statistical Area)",6453666
2013-01-01,14540,"Bowling Green, KY (Metropolitan Statistical Area)",6615657
2014-01-01,14540,"Bowling Green, KY (Metropolitan Statistical Area)",6733697
2015-01-01,14540,"Bowling Green, KY (Metropolitan Statistical Area)",6779963
2016-01-01,14540,"Bowling Green, KY (Metropolitan Statistical Area)",6939441
2017-01-01,14540,"Bowling Green, KY (Metropolitan Statistical Area)",7184469
2018-01-01,14540,"Bowling Green, KY (Metropolitan Statistical Area)",7130833
2019-01-01,14540,"Bowling Green, KY (Metropolitan Statistical Area)",7728821
2020-01-01,14540,"Bowling Green, KY (Metropolitan Statistical Area)",7897041
2021-01-01,14540,"Bowling Green, KY (Metropolitan Statistical Area)",8773172
2022-01-01,14540,"Bowling Green, KY (Metropolitan Statistical Area)",9070906
2023-01-01,14540,"Bowling Green, KY (Metropolitan Statistical Area)",9604760
2001-01-01,14540,"Bowling Green, KY (Metropolitan Statistical Area)",4835216
2002-01-01,14540,"Bowling Green, KY (Metropolitan Statistical Area)",5004813
2003-01-01,14540,"Bowling Green, KY (Metropolitan Statistical Area)",5231546
2004-01-01,14540,"Bowling Green, KY (Metropolitan Statistical Area)",5490090
2005-01-01,14540,"Bowling Green, KY (Metropolitan Statistical Area)",5822627
2006-01-01,14540,"Bowling Green, KY (Metropolitan Statistical Area)",6120843
2007-01-01,14540,"Bowling Green, KY (Metropolitan Statistical Area)",6125816
2008-01-01,14540,"Bowling Green, KY (Metropolitan Statistical Area)",6190989
2009-01-01,14540,"Bowling Green, KY (Metropolitan Statistical Area)",5728475
2010-01-01,14540,"Bowling Green, KY (Metropolitan Statistical Area)",6313267
2011-01-01,14740,"Bremerton-Silverdale-Port Orchard, WA (Metropolitan Statistical Area)",11111634
2012-01-01,14740,"Bremerton-Silverdale-Port Orchard, WA (Metropolitan Statistical Area)",10975873
2013-01-01,14740,"Bremerton-Silverdale-Port Orchard, WA (Metropolitan Statistical Area)",10917646
2014-01-01,14740,"Bremerton-Silverdale-Port Orchard, WA (Metropolitan Statistical Area)",10985676
2015-01-01,14740,"Bremerton-Silverdale-Port Orchard, WA (Metropolitan Statistical Area)",11350017
2016-01-01,14740,"Bremerton-Silverdale-Port Orchard, WA (Metropolitan Statistical Area)",11929682
2017-01-01,14740,"Bremerton-Silverdale-Port Orchard, WA (Metropolitan Statistical Area)",11972570
2018-01-01,14740,"Bremerton-Silverdale-Port Orchard, WA (Metropolitan Statistical Area)",12262750
2019-01-01,14740,"Bremerton-Silverdale-Port Orchard, WA (Metropolitan Statistical Area)",12386984
2020-01-01,14740,"Bremerton-Silverdale-Port Orchard, WA (Metropolitan Statistical Area)",12764681
2021-01-01,14740,"Bremerton-Silverdale-Port Orchard, WA (Metropolitan Statistical Area)",13134581
2022-01-01,14740,"Bremerton-Silverdale-Port Orchard, WA (Metropolitan Statistical Area)",13674158
2023-01-01,14740,"Bremerton-Silverdale-Port Orchard, WA (Metropolitan Statistical Area)",14063625
2001-01-01,14740,"Bremerton-Silverdale-Port Orchard, WA (Metropolitan Statistical Area)",9212040
2002-01-01,14740,"Bremerton-Silverdale-Port Orchard, WA (Metropolitan Statistical Area)",9705540
2003-01-01,14740,"Bremerton-Silverdale-Port Orchard, WA (Metropolitan Statistical Area)",9889176
2004-01-01,14740,"Bremerton-Silverdale-Port Orchard, WA (Metropolitan Statistical Area)",10354532
2005-01-01,14740,"Bremerton-Silverdale-Port Orchard, WA (Metropolitan Statistical Area)",10785892
2006-01-01,14740,"Bremerton-Silverdale-Port Orchard, WA (Metropolitan Statistical Area)",10765481
2007-01-01,14740,"Bremerton-Silverdale-Port Orchard, WA (Metropolitan Statistical Area)",10858640
2008-01-01,14740,"Bremerton-Silverdale-Port Orchard, WA (Metropolitan Statistical Area)",11374355
2009-01-01,14740,"Bremerton-Silverdale-Port Orchard, WA (Metropolitan Statistical Area)",11130117
2010-01-01,14740,"Bremerton-Silverdale-Port Orchard, WA (Metropolitan Statistical Area)",11157802
2012-01-01,14860,"Bridgeport-Stamford-Norwalk, CT (Metropolitan Statistical Area)",93325303
2013-01-01,14860,"Bridgeport-Stamford-Norwalk, CT (Metropolitan Statistical Area)",90243234
2014-01-01,14860,"Bridgeport-Stamford-Norwalk, CT (Metropolitan Statistical Area)",90936528
2015-01-01,14860,"Bridgeport-Stamford-Norwalk, CT (Metropolitan Statistical Area)",91961269
2016-01-01,14860,"Bridgeport-Stamford-Norwalk, CT (Metropolitan Statistical Area)",90009826
2017-01-01,14860,"Bridgeport-Stamford-Norwalk, CT (Metropolitan Statistical Area)",91838477
2018-01-01,14860,"Bridgeport-Stamford-Norwalk, CT (Metropolitan Statistical Area)",90874828
2019-01-01,14860,"Bridgeport-Stamford-Norwalk, CT (Metropolitan Statistical Area)",89153575
2020-01-01,14860,"Bridgeport-Stamford-Norwalk, CT (Metropolitan Statistical Area)",84666390
2021-01-01,14860,"Bridgeport-Stamford-Norwalk, CT (Metropolitan Statistical Area)",88205453
2022-01-01,14860,"Bridgeport-Stamford-Norwalk, CT (Metropolitan Statistical Area)",93195709
2023-01-01,14860,"Bridgeport-Stamford-Norwalk, CT (Metropolitan Statistical Area)",96598373
2001-01-01,14860,"Bridgeport-Stamford-Norwalk, CT (Metropolitan Statistical Area)",85296659
2002-01-01,14860,"Bridgeport-Stamford-Norwalk, CT (Metropolitan Statistical Area)",85271885
2003-01-01,14860,"Bridgeport-Stamford-Norwalk, CT (Metropolitan Statistical Area)",84914037
2004-01-01,14860,"Bridgeport-Stamford-Norwalk, CT (Metropolitan Statistical Area)",89609770
2005-01-01,14860,"Bridgeport-Stamford-Norwalk, CT (Metropolitan Statistical Area)",92292286
2006-01-01,14860,"Bridgeport-Stamford-Norwalk, CT (Metropolitan Statistical Area)",95983980
2007-01-01,14860,"Bridgeport-Stamford-Norwalk, CT (Metropolitan Statistical Area)",99200602
2008-01-01,14860,"Bridgeport-Stamford-Norwalk, CT (Metropolitan Statistical Area)",101069735
2009-01-01,14860,"Bridgeport-Stamford-Norwalk, CT (Metropolitan Statistical Area)",96945864
2010-01-01,14860,"Bridgeport-Stamford-Norwalk, CT (Metropolitan Statistical Area)",95238311
2011-01-01,14860,"Bridgeport-Stamford-Norwalk, CT (Metropolitan Statistical Area)",90338399
2010-01-01,15180,"Brownsville-Harlingen, TX (Metropolitan Statistical Area)",9927198
2011-01-01,15180,"Brownsville-Harlingen, TX (Metropolitan Statistical Area)",10223794
2012-01-01,15180,"Brownsville-Harlingen, TX (Metropolitan Statistical Area)",10333645
2013-01-01,15180,"Brownsville-Harlingen, TX (Metropolitan Statistical Area)",10549611
2014-01-01,15180,"Brownsville-Harlingen, TX (Metropolitan Statistical Area)",10590080
2015-01-01,15180,"Brownsville-Harlingen, TX (Metropolitan Statistical Area)",10614309
2016-01-01,15180,"Brownsville-Harlingen, TX (Metropolitan Statistical Area)",10836357
2017-01-01,15180,"Brownsville-Harlingen, TX (Metropolitan Statistical Area)",10734203
2018-01-01,15180,"Brownsville-Harlingen, TX (Metropolitan Statistical Area)",10950425
2019-01-01,15180,"Brownsville-Harlingen, TX (Metropolitan Statistical Area)",11292095
2020-01-01,15180,"Brownsville-Harlingen, TX (Metropolitan Statistical Area)",10945000
2021-01-01,15180,"Brownsville-Harlingen, TX (Metropolitan Statistical Area)",11705625
2022-01-01,15180,"Brownsville-Harlingen, TX (Metropolitan Statistical Area)",12312985
2023-01-01,15180,"Brownsville-Harlingen, TX (Metropolitan Statistical Area)",12543033
2001-01-01,15180,"Brownsville-Harlingen, TX (Metropolitan Statistical Area)",8128294
2002-01-01,15180,"Brownsville-Harlingen, TX (Metropolitan Statistical Area)",8515692
2003-01-01,15180,"Brownsville-Harlingen, TX (Metropolitan Statistical Area)",8674368
2004-01-01,15180,"Brownsville-Harlingen, TX (Metropolitan Statistical Area)",8802288
2005-01-01,15180,"Brownsville-Harlingen, TX (Metropolitan Statistical Area)",9029449
2006-01-01,15180,"Brownsville-Harlingen, TX (Metropolitan Statistical Area)",9442644
2007-01-01,15180,"Brownsville-Harlingen, TX (Metropolitan Statistical Area)",9430413
2008-01-01,15180,"Brownsville-Harlingen, TX (Metropolitan Statistical Area)",9503775
2009-01-01,15180,"Brownsville-Harlingen, TX (Metropolitan Statistical Area)",9480850
2011-01-01,15260,"Brunswick, GA (Metropolitan Statistical Area)",4325649
2012-01-01,15260,"Brunswick, GA (Metropolitan Statistical Area)",4235781
2013-01-01,15260,"Brunswick, GA (Metropolitan Statistical Area)",4261271
2014-01-01,15260,"Brunswick, GA (Metropolitan Statistical Area)",4270651
2015-01-01,15260,"Brunswick, GA (Metropolitan Statistical Area)",4485880
2016-01-01,15260,"Brunswick, GA (Metropolitan Statistical Area)",4432946
2017-01-01,15260,"Brunswick, GA (Metropolitan Statistical Area)",4534646
2018-01-01,15260,"Brunswick, GA (Metropolitan Statistical Area)",4697516
2019-01-01,15260,"Brunswick, GA (Metropolitan Statistical Area)",4598908
2020-01-01,15260,"Brunswick, GA (Metropolitan Statistical Area)",4494407
2021-01-01,15260,"Brunswick, GA (Metropolitan Statistical Area)",4813354
2022-01-01,15260,"Brunswick, GA (Metropolitan Statistical Area)",4992291
2023-01-01,15260,"Brunswick, GA (Metropolitan Statistical Area)",5049466
2001-01-01,15260,"Brunswick, GA (Metropolitan Statistical Area)",3786951
2002-01-01,15260,"Brunswick, GA (Metropolitan Statistical Area)",3872418
2003-01-01,15260,"Brunswick, GA (Metropolitan Statistical Area)",4049410
2004-01-01,15260,"Brunswick, GA (Metropolitan Statistical Area)",4345701
2005-01-01,15260,"Brunswick, GA (Metropolitan Statistical Area)",4450784
2006-01-01,15260,"Brunswick, GA (Metropolitan Statistical Area)",4644837
2007-01-01,15260,"Brunswick, GA (Metropolitan Statistical Area)",4618695
2008-01-01,15260,"Brunswick, GA (Metropolitan Statistical Area)",4435937
2009-01-01,15260,"Brunswick, GA (Metropolitan Statistical Area)",4364371
2010-01-01,15260,"Brunswick, GA (Metropolitan Statistical Area)",4444057
2001-01-01,15380,"Buffalo-Cheektowaga, NY (Metropolitan Statistical Area)",54016453
2002-01-01,15380,"Buffalo-Cheektowaga, NY (Metropolitan Statistical Area)",55198517
2003-01-01,15380,"Buffalo-Cheektowaga, NY (Metropolitan Statistical Area)",55973868
2004-01-01,15380,"Buffalo-Cheektowaga, NY (Metropolitan Statistical Area)",57492255
2005-01-01,15380,"Buffalo-Cheektowaga, NY (Metropolitan Statistical Area)",57370297
2006-01-01,15380,"Buffalo-Cheektowaga, NY (Metropolitan Statistical Area)",58647019
2007-01-01,15380,"Buffalo-Cheektowaga, NY (Metropolitan Statistical Area)",59356447
2008-01-01,15380,"Buffalo-Cheektowaga, NY (Metropolitan Statistical Area)",59816938
2009-01-01,15380,"Buffalo-Cheektowaga, NY (Metropolitan Statistical Area)",60213737
2010-01-01,15380,"Buffalo-Cheektowaga, NY (Metropolitan Statistical Area)",62003528
2011-01-01,15380,"Buffalo-Cheektowaga, NY (Metropolitan Statistical Area)",61603181
2012-01-01,15380,"Buffalo-Cheektowaga, NY (Metropolitan Statistical Area)",63040986
2013-01-01,15380,"Buffalo-Cheektowaga, NY (Metropolitan Statistical Area)",63229311
2014-01-01,15380,"Buffalo-Cheektowaga, NY (Metropolitan Statistical Area)",64932966
2015-01-01,15380,"Buffalo-Cheektowaga, NY (Metropolitan Statistical Area)",66107305
2016-01-01,15380,"Buffalo-Cheektowaga, NY (Metropolitan Statistical Area)",66778507
2017-01-01,15380,"Buffalo-Cheektowaga, NY (Metropolitan Statistical Area)",66331075
2018-01-01,15380,"Buffalo-Cheektowaga, NY (Metropolitan Statistical Area)",66983121
2019-01-01,15380,"Buffalo-Cheektowaga, NY (Metropolitan Statistical Area)",68498782
2020-01-01,15380,"Buffalo-Cheektowaga, NY (Metropolitan Statistical Area)",67308790
2021-01-01,15380,"Buffalo-Cheektowaga, NY (Metropolitan Statistical Area)",69941235
2022-01-01,15380,"Buffalo-Cheektowaga, NY (Metropolitan Statistical Area)",70940179
2023-01-01,15380,"Buffalo-Cheektowaga, NY (Metropolitan Statistical Area)",72895707
2011-01-01,15500,"Burlington, NC (Metropolitan Statistical Area)",5630872
2012-01-01,15500,"Burlington, NC (Metropolitan Statistical Area)",5607349
2013-01-01,15500,"Burlington, NC (Metropolitan Statistical Area)",5836303
2014-01-01,15500,"Burlington, NC (Metropolitan Statistical Area)",5956943
2015-01-01,15500,"Burlington, NC (Metropolitan Statistical Area)",5938900
2016-01-01,15500,"Burlington, NC (Metropolitan Statistical Area)",6187138
2017-01-01,15500,"Burlington, NC (Metropolitan Statistical Area)",6087842
2018-01-01,15500,"Burlington, NC (Metropolitan Statistical Area)",6124774
2019-01-01,15500,"Burlington, NC (Metropolitan Statistical Area)",6281006
2020-01-01,15500,"Burlington, NC (Metropolitan Statistical Area)",6301602
2021-01-01,15500,"Burlington, NC (Metropolitan Statistical Area)",6707229
2022-01-01,15500,"Burlington, NC (Metropolitan Statistical Area)",6698108
2023-01-01,15500,"Burlington, NC (Metropolitan Statistical Area)",6882150
2001-01-01,15500,"Burlington, NC (Metropolitan Statistical Area)",5022664
2002-01-01,15500,"Burlington, NC (Metropolitan Statistical Area)",5299144
2003-01-01,15500,"Burlington, NC (Metropolitan Statistical Area)",5308562
2004-01-01,15500,"Burlington, NC (Metropolitan Statistical Area)",5582859
2005-01-01,15500,"Burlington, NC (Metropolitan Statistical Area)",5653108
2006-01-01,15500,"Burlington, NC (Metropolitan Statistical Area)",5838344
2007-01-01,15500,"Burlington, NC (Metropolitan Statistical Area)",5765984
2008-01-01,15500,"Burlington, NC (Metropolitan Statistical Area)",5711693
2009-01-01,15500,"Burlington, NC (Metropolitan Statistical Area)",5277459
2010-01-01,15500,"Burlington, NC (Metropolitan Statistical Area)",5520634
2001-01-01,15540,"Burlington-South Burlington, VT (Metropolitan Statistical Area)",9452158
2002-01-01,15540,"Burlington-South Burlington, VT (Metropolitan Statistical Area)",9759967
2003-01-01,15540,"Burlington-South Burlington, VT (Metropolitan Statistical Area)",10464148
2004-01-01,15540,"Burlington-South Burlington, VT (Metropolitan Statistical Area)",11196582
2005-01-01,15540,"Burlington-South Burlington, VT (Metropolitan Statistical Area)",11280972
2006-01-01,15540,"Burlington-South Burlington, VT (Metropolitan Statistical Area)",11465521
2007-01-01,15540,"Burlington-South Burlington, VT (Metropolitan Statistical Area)",11308140
2008-01-01,15540,"Burlington-South Burlington, VT (Metropolitan Statistical Area)",11980455
2009-01-01,15540,"Burlington-South Burlington, VT (Metropolitan Statistical Area)",11850497
2010-01-01,15540,"Burlington-South Burlington, VT (Metropolitan Statistical Area)",12377653
2011-01-01,15540,"Burlington-South Burlington, VT (Metropolitan Statistical Area)",12779330
2012-01-01,15540,"Burlington-South Burlington, VT (Metropolitan Statistical Area)",12897769
2013-01-01,15540,"Burlington-South Burlington, VT (Metropolitan Statistical Area)",12819219
2014-01-01,15540,"Burlington-South Burlington, VT (Metropolitan Statistical Area)",13009711
2015-01-01,15540,"Burlington-South Burlington, VT (Metropolitan Statistical Area)",13087175
2016-01-01,15540,"Burlington-South Burlington, VT (Metropolitan Statistical Area)",13381268
2017-01-01,15540,"Burlington-South Burlington, VT (Metropolitan Statistical Area)",13704166
2018-01-01,15540,"Burlington-South Burlington, VT (Metropolitan Statistical Area)",13933008
2019-01-01,15540,"Burlington-South Burlington, VT (Metropolitan Statistical Area)",14221578
2020-01-01,15540,"Burlington-South Burlington, VT (Metropolitan Statistical Area)",13648715
2021-01-01,15540,"Burlington-South Burlington, VT (Metropolitan Statistical Area)",14510950
2022-01-01,15540,"Burlington-South Burlington, VT (Metropolitan Statistical Area)",15054519
2023-01-01,15540,"Burlington-South Burlington, VT (Metropolitan Statistical Area)",15344460
2001-01-01,15680,"California-Lexington Park, MD (Metropolitan Statistical Area)",4342288
2002-01-01,15680,"California-Lexington Park, MD (Metropolitan Statistical Area)",4633565
2003-01-01,15680,"California-Lexington Park, MD (Metropolitan Statistical Area)",4904456
2004-01-01,15680,"California-Lexington Park, MD (Metropolitan Statistical Area)",5118038
2005-01-01,15680,"California-Lexington Park, MD (Metropolitan Statistical Area)",5265546
2006-01-01,15680,"California-Lexington Park, MD (Metropolitan Statistical Area)",5438480
2007-01-01,15680,"California-Lexington Park, MD (Metropolitan Statistical Area)",5620250
2008-01-01,15680,"California-Lexington Park, MD (Metropolitan Statistical Area)",5715630
2009-01-01,15680,"California-Lexington Park, MD (Metropolitan Statistical Area)",5879472
2010-01-01,15680,"California-Lexington Park, MD (Metropolitan Statistical Area)",6359768
2011-01-01,15680,"California-Lexington Park, MD (Metropolitan Statistical Area)",6690343
2012-01-01,15680,"California-Lexington Park, MD (Metropolitan Statistical Area)",6712723
2013-01-01,15680,"California-Lexington Park, MD (Metropolitan Statistical Area)",6682245
2014-01-01,15680,"California-Lexington Park, MD (Metropolitan Statistical Area)",6784200
2015-01-01,15680,"California-Lexington Park, MD (Metropolitan Statistical Area)",6963774
2016-01-01,15680,"California-Lexington Park, MD (Metropolitan Statistical Area)",7172852
2017-01-01,15680,"California-Lexington Park, MD (Metropolitan Statistical Area)",7354343
2018-01-01,15680,"California-Lexington Park, MD (Metropolitan Statistical Area)",7391917
2019-01-01,15680,"California-Lexington Park, MD (Metropolitan Statistical Area)",7529039
2020-01-01,15680,"California-Lexington Park, MD (Metropolitan Statistical Area)",7881704
2021-01-01,15680,"California-Lexington Park, MD (Metropolitan Statistical Area)",7905014
2022-01-01,15680,"California-Lexington Park, MD (Metropolitan Statistical Area)",7910394
2023-01-01,15680,"California-Lexington Park, MD (Metropolitan Statistical Area)",8198447
2007-01-01,15940,"Canton-Massillon, OH (Metropolitan Statistical Area)",15398331
2008-01-01,15940,"Canton-Massillon, OH (Metropolitan Statistical Area)",15295497
2009-01-01,15940,"Canton-Massillon, OH (Metropolitan Statistical Area)",14349844
2010-01-01,15940,"Canton-Massillon, OH (Metropolitan Statistical Area)",15121959
2011-01-01,15940,"Canton-Massillon, OH (Metropolitan Statistical Area)",16155804
2012-01-01,15940,"Canton-Massillon, OH (Metropolitan Statistical Area)",15858495
2013-01-01,15940,"Canton-Massillon, OH (Metropolitan Statistical Area)",17023754
2014-01-01,15940,"Canton-Massillon, OH (Metropolitan Statistical Area)",18129940
2015-01-01,15940,"Canton-Massillon, OH (Metropolitan Statistical Area)",18256475
2016-01-01,15940,"Canton-Massillon, OH (Metropolitan Statistical Area)",17986995
2017-01-01,15940,"Canton-Massillon, OH (Metropolitan Statistical Area)",18122356
2018-01-01,15940,"Canton-Massillon, OH (Metropolitan Statistical Area)",17881022
2019-01-01,15940,"Canton-Massillon, OH (Metropolitan Statistical Area)",18166052
2020-01-01,15940,"Canton-Massillon, OH (Metropolitan Statistical Area)",17148643
2021-01-01,15940,"Canton-Massillon, OH (Metropolitan Statistical Area)",18284744
2022-01-01,15940,"Canton-Massillon, OH (Metropolitan Statistical Area)",18303068
2023-01-01,15940,"Canton-Massillon, OH (Metropolitan Statistical Area)",19188526
2001-01-01,15940,"Canton-Massillon, OH (Metropolitan Statistical Area)",15184796
2002-01-01,15940,"Canton-Massillon, OH (Metropolitan Statistical Area)",15465896
2003-01-01,15940,"Canton-Massillon, OH (Metropolitan Statistical Area)",15567727
2004-01-01,15940,"Canton-Massillon, OH (Metropolitan Statistical Area)",15853497
2005-01-01,15940,"Canton-Massillon, OH (Metropolitan Statistical Area)",16129343
2006-01-01,15940,"Canton-Massillon, OH (Metropolitan Statistical Area)",15567379
2011-01-01,15980,"Cape Coral-Fort Myers, FL (Metropolitan Statistical Area)",24749142
2012-01-01,15980,"Cape Coral-Fort Myers, FL (Metropolitan Statistical Area)",25297777
2013-01-01,15980,"Cape Coral-Fort Myers, FL (Metropolitan Statistical Area)",25959728
2014-01-01,15980,"Cape Coral-Fort Myers, FL (Metropolitan Statistical Area)",27265713
2015-01-01,15980,"Cape Coral-Fort Myers, FL (Metropolitan Statistical Area)",28932150
2016-01-01,15980,"Cape Coral-Fort Myers, FL (Metropolitan Statistical Area)",31102740
2017-01-01,15980,"Cape Coral-Fort Myers, FL (Metropolitan Statistical Area)",31283529
2018-01-01,15980,"Cape Coral-Fort Myers, FL (Metropolitan Statistical Area)",32564768
2019-01-01,15980,"Cape Coral-Fort Myers, FL (Metropolitan Statistical Area)",33346800
2020-01-01,15980,"Cape Coral-Fort Myers, FL (Metropolitan Statistical Area)",33175327
2021-01-01,15980,"Cape Coral-Fort Myers, FL (Metropolitan Statistical Area)",35989626
2022-01-01,15980,"Cape Coral-Fort Myers, FL (Metropolitan Statistical Area)",38800253
2023-01-01,15980,"Cape Coral-Fort Myers, FL (Metropolitan Statistical Area)",40416750
2001-01-01,15980,"Cape Coral-Fort Myers, FL (Metropolitan Statistical Area)",18766789
2002-01-01,15980,"Cape Coral-Fort Myers, FL (Metropolitan Statistical Area)",20330567
2003-01-01,15980,"Cape Coral-Fort Myers, FL (Metropolitan Statistical Area)",22454444
2004-01-01,15980,"Cape Coral-Fort Myers, FL (Metropolitan Statistical Area)",25534982
2005-01-01,15980,"Cape Coral-Fort Myers, FL (Metropolitan Statistical Area)",27874663
2006-01-01,15980,"Cape Coral-Fort Myers, FL (Metropolitan Statistical Area)",29948499
2007-01-01,15980,"Cape Coral-Fort Myers, FL (Metropolitan Statistical Area)",30091017
2008-01-01,15980,"Cape Coral-Fort Myers, FL (Metropolitan Statistical Area)",27752844
2009-01-01,15980,"Cape Coral-Fort Myers, FL (Metropolitan Statistical Area)",25189572
2010-01-01,15980,"Cape Coral-Fort Myers, FL (Metropolitan Statistical Area)",24914093
2011-01-01,16020,"Cape Girardeau, MO-IL (Metropolitan Statistical Area)",4109581
2012-01-01,16020,"Cape Girardeau, MO-IL (Metropolitan Statistical Area)",4149193
2013-01-01,16020,"Cape Girardeau, MO-IL (Metropolitan Statistical Area)",4189951
2014-01-01,16020,"Cape Girardeau, MO-IL (Metropolitan Statistical Area)",4221733
2015-01-01,16020,"Cape Girardeau, MO-IL (Metropolitan Statistical Area)",4353292
2016-01-01,16020,"Cape Girardeau, MO-IL (Metropolitan Statistical Area)",4370665
2017-01-01,16020,"Cape Girardeau, MO-IL (Metropolitan Statistical Area)",4326578
2018-01-01,16020,"Cape Girardeau, MO-IL (Metropolitan Statistical Area)",4420708
2019-01-01,16020,"Cape Girardeau, MO-IL (Metropolitan Statistical Area)",4429158
2020-01-01,16020,"Cape Girardeau, MO-IL (Metropolitan Statistical Area)",4273964
2021-01-01,16020,"Cape Girardeau, MO-IL (Metropolitan Statistical Area)",4428386
2022-01-01,16020,"Cape Girardeau, MO-IL (Metropolitan Statistical Area)",4470011
2023-01-01,16020,"Cape Girardeau, MO-IL (Metropolitan Statistical Area)",4591465
2001-01-01,16020,"Cape Girardeau, MO-IL (Metropolitan Statistical Area)",3513296
2002-01-01,16020,"Cape Girardeau, MO-IL (Metropolitan Statistical Area)",3630423
2003-01-01,16020,"Cape Girardeau, MO-IL (Metropolitan Statistical Area)",3684522
2004-01-01,16020,"Cape Girardeau, MO-IL (Metropolitan Statistical Area)",3855365
2005-01-01,16020,"Cape Girardeau, MO-IL (Metropolitan Statistical Area)",4032642
2006-01-01,16020,"Cape Girardeau, MO-IL (Metropolitan Statistical Area)",4082764
2007-01-01,16020,"Cape Girardeau, MO-IL (Metropolitan Statistical Area)",4169507
2008-01-01,16020,"Cape Girardeau, MO-IL (Metropolitan Statistical Area)",4258519
2009-01-01,16020,"Cape Girardeau, MO-IL (Metropolitan Statistical Area)",4189204
2010-01-01,16020,"Cape Girardeau, MO-IL (Metropolitan Statistical Area)",4147945
2010-01-01,16060,"Carbondale-Marion, IL (Metropolitan Statistical Area)",5653006
2011-01-01,16060,"Carbondale-Marion, IL (Metropolitan Statistical Area)",5843131
2012-01-01,16060,"Carbondale-Marion, IL (Metropolitan Statistical Area)",5784598
2013-01-01,16060,"Carbondale-Marion, IL (Metropolitan Statistical Area)",5669285
2014-01-01,16060,"Carbondale-Marion, IL (Metropolitan Statistical Area)",5603514
2015-01-01,16060,"Carbondale-Marion, IL (Metropolitan Statistical Area)",5631998
2016-01-01,16060,"Carbondale-Marion, IL (Metropolitan Statistical Area)",5597734
2017-01-01,16060,"Carbondale-Marion, IL (Metropolitan Statistical Area)",5592572
2018-01-01,16060,"Carbondale-Marion, IL (Metropolitan Statistical Area)",5744517
2019-01-01,16060,"Carbondale-Marion, IL (Metropolitan Statistical Area)",5733991
2020-01-01,16060,"Carbondale-Marion, IL (Metropolitan Statistical Area)",5480623
2021-01-01,16060,"Carbondale-Marion, IL (Metropolitan Statistical Area)",5586036
2022-01-01,16060,"Carbondale-Marion, IL (Metropolitan Statistical Area)",5804734
2023-01-01,16060,"Carbondale-Marion, IL (Metropolitan Statistical Area)",5907787
2001-01-01,16060,"Carbondale-Marion, IL (Metropolitan Statistical Area)",4691845
2002-01-01,16060,"Carbondale-Marion, IL (Metropolitan Statistical Area)",4896456
2003-01-01,16060,"Carbondale-Marion, IL (Metropolitan Statistical Area)",4881070
2004-01-01,16060,"Carbondale-Marion, IL (Metropolitan Statistical Area)",4919666
2005-01-01,16060,"Carbondale-Marion, IL (Metropolitan Statistical Area)",5114522
2006-01-01,16060,"Carbondale-Marion, IL (Metropolitan Statistical Area)",5193665
2007-01-01,16060,"Carbondale-Marion, IL (Metropolitan Statistical Area)",5155613
2008-01-01,16060,"Carbondale-Marion, IL (Metropolitan Statistical Area)",5391524
2009-01-01,16060,"Carbondale-Marion, IL (Metropolitan Statistical Area)",5460901
2001-01-01,16180,"Carson City, NV (Metropolitan Statistical Area)",3134840
2002-01-01,16180,"Carson City, NV (Metropolitan Statistical Area)",3169654
2003-01-01,16180,"Carson City, NV (Metropolitan Statistical Area)",3217106
2004-01-01,16180,"Carson City, NV (Metropolitan Statistical Area)",3306261
2005-01-01,16180,"Carson City, NV (Metropolitan Statistical Area)",3334301
2006-01-01,16180,"Carson City, NV (Metropolitan Statistical Area)",3450874
2007-01-01,16180,"Carson City, NV (Metropolitan Statistical Area)",3529347
2008-01-01,16180,"Carson City, NV (Metropolitan Statistical Area)",3545000
2009-01-01,16180,"Carson City, NV (Metropolitan Statistical Area)",3485886
2010-01-01,16180,"Carson City, NV (Metropolitan Statistical Area)",3703702
2011-01-01,16180,"Carson City, NV (Metropolitan Statistical Area)",3457603
2012-01-01,16180,"Carson City, NV (Metropolitan Statistical Area)",3462453
2013-01-01,16180,"Carson City, NV (Metropolitan Statistical Area)",3340332
2014-01-01,16180,"Carson City, NV (Metropolitan Statistical Area)",3187634
2015-01-01,16180,"Carson City, NV (Metropolitan Statistical Area)",3203642
2016-01-01,16180,"Carson City, NV (Metropolitan Statistical Area)",3186662
2017-01-01,16180,"Carson City, NV (Metropolitan Statistical Area)",3397457
2018-01-01,16180,"Carson City, NV (Metropolitan Statistical Area)",3474293
2019-01-01,16180,"Carson City, NV (Metropolitan Statistical Area)",3698674
2020-01-01,16180,"Carson City, NV (Metropolitan Statistical Area)",3513975
2021-01-01,16180,"Carson City, NV (Metropolitan Statistical Area)",3610859
2022-01-01,16180,"Carson City, NV (Metropolitan Statistical Area)",3706297
2023-01-01,16180,"Carson City, NV (Metropolitan Statistical Area)",3836985
2001-01-01,16220,"Casper, WY (Metropolitan Statistical Area)",3304149
2002-01-01,16220,"Casper, WY (Metropolitan Statistical Area)",3384190
2003-01-01,16220,"Casper, WY (Metropolitan Statistical Area)",3488242
2004-01-01,16220,"Casper, WY (Metropolitan Statistical Area)",3737063
2005-01-01,16220,"Casper, WY (Metropolitan Statistical Area)",4037786
2006-01-01,16220,"Casper, WY (Metropolitan Statistical Area)",4597319
2007-01-01,16220,"Casper, WY (Metropolitan Statistical Area)",4701106
2008-01-01,16220,"Casper, WY (Metropolitan Statistical Area)",4840101
2009-01-01,16220,"Casper, WY (Metropolitan Statistical Area)",4503209
2010-01-01,16220,"Casper, WY (Metropolitan Statistical Area)",4745496
2011-01-01,16220,"Casper, WY (Metropolitan Statistical Area)",5031497
2012-01-01,16220,"Casper, WY (Metropolitan Statistical Area)",5665392
2013-01-01,16220,"Casper, WY (Metropolitan Statistical Area)",5901150
2014-01-01,16220,"Casper, WY (Metropolitan Statistical Area)",6388489
2015-01-01,16220,"Casper, WY (Metropolitan Statistical Area)",6263754
2016-01-01,16220,"Casper, WY (Metropolitan Statistical Area)",5663254
2017-01-01,16220,"Casper, WY (Metropolitan Statistical Area)",5594566
2018-01-01,16220,"Casper, WY (Metropolitan Statistical Area)",5920361
2019-01-01,16220,"Casper, WY (Metropolitan Statistical Area)",5705706
2020-01-01,16220,"Casper, WY (Metropolitan Statistical Area)",4980782
2021-01-01,16220,"Casper, WY (Metropolitan Statistical Area)",4882710
2022-01-01,16220,"Casper, WY (Metropolitan Statistical Area)",5106091
2023-01-01,16220,"Casper, WY (Metropolitan Statistical Area)",5447366
2001-01-01,16300,"Cedar Rapids, IA (Metropolitan Statistical Area)",10951238
2002-01-01,16300,"Cedar Rapids, IA (Metropolitan Statistical Area)",10840748
2003-01-01,16300,"Cedar Rapids, IA (Metropolitan Statistical Area)",11743175
2004-01-01,16300,"Cedar Rapids, IA (Metropolitan Statistical Area)",12861095
2005-01-01,16300,"Cedar Rapids, IA (Metropolitan Statistical Area)",13437352
2006-01-01,16300,"Cedar Rapids, IA (Metropolitan Statistical Area)",13552504
2007-01-01,16300,"Cedar Rapids, IA (Metropolitan Statistical Area)",14918422
2008-01-01,16300,"Cedar Rapids, IA (Metropolitan Statistical Area)",14859272
2009-01-01,16300,"Cedar Rapids, IA (Metropolitan Statistical Area)",15151797
2010-01-01,16300,"Cedar Rapids, IA (Metropolitan Statistical Area)",16111366
2011-01-01,16300,"Cedar Rapids, IA (Metropolitan Statistical Area)",16684402
2012-01-01,16300,"Cedar Rapids, IA (Metropolitan Statistical Area)",16571877
2013-01-01,16300,"Cedar Rapids, IA (Metropolitan Statistical Area)",16357055
2014-01-01,16300,"Cedar Rapids, IA (Metropolitan Statistical Area)",17070931
2015-01-01,16300,"Cedar Rapids, IA (Metropolitan Statistical Area)",17755538
2016-01-01,16300,"Cedar Rapids, IA (Metropolitan Statistical Area)",18301969
2017-01-01,16300,"Cedar Rapids, IA (Metropolitan Statistical Area)",18322704
2018-01-01,16300,"Cedar Rapids, IA (Metropolitan Statistical Area)",18657739
2019-01-01,16300,"Cedar Rapids, IA (Metropolitan Statistical Area)",18295602
2020-01-01,16300,"Cedar Rapids, IA (Metropolitan Statistical Area)",17962251
2021-01-01,16300,"Cedar Rapids, IA (Metropolitan Statistical Area)",19172304
2022-01-01,16300,"Cedar Rapids, IA (Metropolitan Statistical Area)",18980822
2023-01-01,16300,"Cedar Rapids, IA (Metropolitan Statistical Area)",18804085
2011-01-01,16540,"Chambersburg-Waynesboro, PA (Metropolitan Statistical Area)",5598801
2012-01-01,16540,"Chambersburg-Waynesboro, PA (Metropolitan Statistical Area)",5540344
2013-01-01,16540,"Chambersburg-Waynesboro, PA (Metropolitan Statistical Area)",5700559
2014-01-01,16540,"Chambersburg-Waynesboro, PA (Metropolitan Statistical Area)",5822619
2015-01-01,16540,"Chambersburg-Waynesboro, PA (Metropolitan Statistical Area)",5984675
2016-01-01,16540,"Chambersburg-Waynesboro, PA (Metropolitan Statistical Area)",5839741
2017-01-01,16540,"Chambersburg-Waynesboro, PA (Metropolitan Statistical Area)",6302357
2018-01-01,16540,"Chambersburg-Waynesboro, PA (Metropolitan Statistical Area)",6400028
2019-01-01,16540,"Chambersburg-Waynesboro, PA (Metropolitan Statistical Area)",6233679
2020-01-01,16540,"Chambersburg-Waynesboro, PA (Metropolitan Statistical Area)",5935700
2021-01-01,16540,"Chambersburg-Waynesboro, PA (Metropolitan Statistical Area)",6144441
2022-01-01,16540,"Chambersburg-Waynesboro, PA (Metropolitan Statistical Area)",6296168
2023-01-01,16540,"Chambersburg-Waynesboro, PA (Metropolitan Statistical Area)",6348981
2001-01-01,16540,"Chambersburg-Waynesboro, PA (Metropolitan Statistical Area)",4322657
2002-01-01,16540,"Chambersburg-Waynesboro, PA (Metropolitan Statistical Area)",4222020
2003-01-01,16540,"Chambersburg-Waynesboro, PA (Metropolitan Statistical Area)",4537334
2004-01-01,16540,"Chambersburg-Waynesboro, PA (Metropolitan Statistical Area)",4919496
2005-01-01,16540,"Chambersburg-Waynesboro, PA (Metropolitan Statistical Area)",5370897
2006-01-01,16540,"Chambersburg-Waynesboro, PA (Metropolitan Statistical Area)",5694004
2007-01-01,16540,"Chambersburg-Waynesboro, PA (Metropolitan Statistical Area)",6013590
2008-01-01,16540,"Chambersburg-Waynesboro, PA (Metropolitan Statistical Area)",5980083
2009-01-01,16540,"Chambersburg-Waynesboro, PA (Metropolitan Statistical Area)",5584629
2010-01-01,16540,"Chambersburg-Waynesboro, PA (Metropolitan Statistical Area)",5579663
2012-01-01,16580,"Champaign-Urbana, IL (Metropolitan Statistical Area)",11106235
2011-01-01,16580,"Champaign-Urbana, IL (Metropolitan Statistical Area)",11119323
2010-01-01,16580,"Champaign-Urbana, IL (Metropolitan Statistical Area)",10981319
2009-01-01,16580,"Champaign-Urbana, IL (Metropolitan Statistical Area)",10547157
2008-01-01,16580,"Champaign-Urbana, IL (Metropolitan Statistical Area)",10657071
2007-01-01,16580,"Champaign-Urbana, IL (Metropolitan Statistical Area)",10258780
2006-01-01,16580,"Champaign-Urbana, IL (Metropolitan Statistical Area)",10029783
2005-01-01,16580,"Champaign-Urbana, IL (Metropolitan Statistical Area)",9836223
2004-01-01,16580,"Champaign-Urbana, IL (Metropolitan Statistical Area)",9819179
2003-01-01,16580,"Champaign-Urbana, IL (Metropolitan Statistical Area)",9615690
2002-01-01,16580,"Champaign-Urbana, IL (Metropolitan Statistical Area)",9601356
2001-01-01,16580,"Champaign-Urbana, IL (Metropolitan Statistical Area)",9145841
2023-01-01,16580,"Champaign-Urbana, IL (Metropolitan Statistical Area)",12595022
2022-01-01,16580,"Champaign-Urbana, IL (Metropolitan Statistical Area)",12188764
2021-01-01,16580,"Champaign-Urbana, IL (Metropolitan Statistical Area)",11844423
2020-01-01,16580,"Champaign-Urbana, IL (Metropolitan Statistical Area)",11409981
2019-01-01,16580,"Champaign-Urbana, IL (Metropolitan Statistical Area)",11603527
2018-01-01,16580,"Champaign-Urbana, IL (Metropolitan Statistical Area)",11476322
2017-01-01,16580,"Champaign-Urbana, IL (Metropolitan Statistical Area)",11567426
2016-01-01,16580,"Champaign-Urbana, IL (Metropolitan Statistical Area)",11661387
2015-01-01,16580,"Champaign-Urbana, IL (Metropolitan Statistical Area)",11949093
2014-01-01,16580,"Champaign-Urbana, IL (Metropolitan Statistical Area)",11909351
2013-01-01,16580,"Champaign-Urbana, IL (Metropolitan Statistical Area)",11658091
2011-01-01,16620,"Charleston, WV (Metropolitan Statistical Area)",14618994
2012-01-01,16620,"Charleston, WV (Metropolitan Statistical Area)",14085392
2013-01-01,16620,"Charleston, WV (Metropolitan Statistical Area)",13735966
2014-01-01,16620,"Charleston, WV (Metropolitan Statistical Area)",13501813
2015-01-01,16620,"Charleston, WV (Metropolitan Statistical Area)",13156281
2016-01-01,16620,"Charleston, WV (Metropolitan Statistical Area)",13018494
2017-01-01,16620,"Charleston, WV (Metropolitan Statistical Area)",12811681
2018-01-01,16620,"Charleston, WV (Metropolitan Statistical Area)",13532732
2019-01-01,16620,"Charleston, WV (Metropolitan Statistical Area)",12903155
2020-01-01,16620,"Charleston, WV (Metropolitan Statistical Area)",12089787
2021-01-01,16620,"Charleston, WV (Metropolitan Statistical Area)",12435269
2022-01-01,16620,"Charleston, WV (Metropolitan Statistical Area)",12655196
2023-01-01,16620,"Charleston, WV (Metropolitan Statistical Area)",13262397
2001-01-01,16620,"Charleston, WV (Metropolitan Statistical Area)",14242550
2002-01-01,16620,"Charleston, WV (Metropolitan Statistical Area)",14286519
2003-01-01,16620,"Charleston, WV (Metropolitan Statistical Area)",14363078
2004-01-01,16620,"Charleston, WV (Metropolitan Statistical Area)",14275641
2005-01-01,16620,"Charleston, WV (Metropolitan Statistical Area)",14726926
2006-01-01,16620,"Charleston, WV (Metropolitan Statistical Area)",14926012
2007-01-01,16620,"Charleston, WV (Metropolitan Statistical Area)",14982388
2008-01-01,16620,"Charleston, WV (Metropolitan Statistical Area)",14900619
2009-01-01,16620,"Charleston, WV (Metropolitan Statistical Area)",14946501
2010-01-01,16620,"Charleston, WV (Metropolitan Statistical Area)",14580017
2001-01-01,16700,"Charleston-North Charleston, SC (Metropolitan Statistical Area)",23572700
2002-01-01,16700,"Charleston-North Charleston, SC (Metropolitan Statistical Area)",24638234
2003-01-01,16700,"Charleston-North Charleston, SC (Metropolitan Statistical Area)",26149436
2004-01-01,16700,"Charleston-North Charleston, SC (Metropolitan Statistical Area)",27724094
2005-01-01,16700,"Charleston-North Charleston, SC (Metropolitan Statistical Area)",29565793
2006-01-01,16700,"Charleston-North Charleston, SC (Metropolitan Statistical Area)",30518692
2007-01-01,16700,"Charleston-North Charleston, SC (Metropolitan Statistical Area)",31962844
2008-01-01,16700,"Charleston-North Charleston, SC (Metropolitan Statistical Area)",31992263
2009-01-01,16700,"Charleston-North Charleston, SC (Metropolitan Statistical Area)",30903410
2010-01-01,16700,"Charleston-North Charleston, SC (Metropolitan Statistical Area)",32421728
2011-01-01,16700,"Charleston-North Charleston, SC (Metropolitan Statistical Area)",33997586
2012-01-01,16700,"Charleston-North Charleston, SC (Metropolitan Statistical Area)",35933331
2013-01-01,16700,"Charleston-North Charleston, SC (Metropolitan Statistical Area)",35991922
2014-01-01,16700,"Charleston-North Charleston, SC (Metropolitan Statistical Area)",36993177
2015-01-01,16700,"Charleston-North Charleston, SC (Metropolitan Statistical Area)",38721560
2016-01-01,16700,"Charleston-North Charleston, SC (Metropolitan Statistical Area)",40907200
2017-01-01,16700,"Charleston-North Charleston, SC (Metropolitan Statistical Area)",41712863
2018-01-01,16700,"Charleston-North Charleston, SC (Metropolitan Statistical Area)",43397855
2019-01-01,16700,"Charleston-North Charleston, SC (Metropolitan Statistical Area)",45465246
2020-01-01,16700,"Charleston-North Charleston, SC (Metropolitan Statistical Area)",44235580
2021-01-01,16700,"Charleston-North Charleston, SC (Metropolitan Statistical Area)",46616368
2022-01-01,16700,"Charleston-North Charleston, SC (Metropolitan Statistical Area)",49580900
2023-01-01,16700,"Charleston-North Charleston, SC (Metropolitan Statistical Area)",52146005
2001-01-01,16740,"Charlotte-Concord-Gastonia, NC-SC (Metropolitan Statistical Area)",101222925
2002-01-01,16740,"Charlotte-Concord-Gastonia, NC-SC (Metropolitan Statistical Area)",104002722
2003-01-01,16740,"Charlotte-Concord-Gastonia, NC-SC (Metropolitan Statistical Area)",108377455
2004-01-01,16740,"Charlotte-Concord-Gastonia, NC-SC (Metropolitan Statistical Area)",114974348
2005-01-01,16740,"Charlotte-Concord-Gastonia, NC-SC (Metropolitan Statistical Area)",123864361
2006-01-01,16740,"Charlotte-Concord-Gastonia, NC-SC (Metropolitan Statistical Area)",132670088
2007-01-01,16740,"Charlotte-Concord-Gastonia, NC-SC (Metropolitan Statistical Area)",135000655
2008-01-01,16740,"Charlotte-Concord-Gastonia, NC-SC (Metropolitan Statistical Area)",145052155
2009-01-01,16740,"Charlotte-Concord-Gastonia, NC-SC (Metropolitan Statistical Area)",135234665
2010-01-01,16740,"Charlotte-Concord-Gastonia, NC-SC (Metropolitan Statistical Area)",131210488
2011-01-01,16740,"Charlotte-Concord-Gastonia, NC-SC (Metropolitan Statistical Area)",138181310
2012-01-01,16740,"Charlotte-Concord-Gastonia, NC-SC (Metropolitan Statistical Area)",146537438
2013-01-01,16740,"Charlotte-Concord-Gastonia, NC-SC (Metropolitan Statistical Area)",146136349
2014-01-01,16740,"Charlotte-Concord-Gastonia, NC-SC (Metropolitan Statistical Area)",151007757
2015-01-01,16740,"Charlotte-Concord-Gastonia, NC-SC (Metropolitan Statistical Area)",157396338
2016-01-01,16740,"Charlotte-Concord-Gastonia, NC-SC (Metropolitan Statistical Area)",162168834
2017-01-01,16740,"Charlotte-Concord-Gastonia, NC-SC (Metropolitan Statistical Area)",168119917
2018-01-01,16740,"Charlotte-Concord-Gastonia, NC-SC (Metropolitan Statistical Area)",171575711
2019-01-01,16740,"Charlotte-Concord-Gastonia, NC-SC (Metropolitan Statistical Area)",177471126
2020-01-01,16740,"Charlotte-Concord-Gastonia, NC-SC (Metropolitan Statistical Area)",179136966
2021-01-01,16740,"Charlotte-Concord-Gastonia, NC-SC (Metropolitan Statistical Area)",190543299
2022-01-01,16740,"Charlotte-Concord-Gastonia, NC-SC (Metropolitan Statistical Area)",197347279
2023-01-01,16740,"Charlotte-Concord-Gastonia, NC-SC (Metropolitan Statistical Area)",206547241
2010-01-01,16820,"Charlottesville, VA (Metropolitan Statistical Area) *",11763142
2011-01-01,16820,"Charlottesville, VA (Metropolitan Statistical Area) *",11852426
2012-01-01,16820,"Charlottesville, VA (Metropolitan Statistical Area) *",11984371
2013-01-01,16820,"Charlottesville, VA (Metropolitan Statistical Area) *",12041424
2014-01-01,16820,"Charlottesville, VA (Metropolitan Statistical Area) *",12175974
2015-01-01,16820,"Charlottesville, VA (Metropolitan Statistical Area) *",12537748
2016-01-01,16820,"Charlottesville, VA (Metropolitan Statistical Area) *",12712697
2017-01-01,16820,"Charlottesville, VA (Metropolitan Statistical Area) *",13408130
2018-01-01,16820,"Charlottesville, VA (Metropolitan Statistical Area) *",13679393
2019-01-01,16820,"Charlottesville, VA (Metropolitan Statistical Area) *",13717647
2020-01-01,16820,"Charlottesville, VA (Metropolitan Statistical Area) *",13194082
2021-01-01,16820,"Charlottesville, VA (Metropolitan Statistical Area) *",14349161
2022-01-01,16820,"Charlottesville, VA (Metropolitan Statistical Area) *",14884280
2023-01-01,16820,"Charlottesville, VA (Metropolitan Statistical Area) *",15505841
2001-01-01,16820,"Charlottesville, VA (Metropolitan Statistical Area) *",8778054
2002-01-01,16820,"Charlottesville, VA (Metropolitan Statistical Area) *",8878278
2003-01-01,16820,"Charlottesville, VA (Metropolitan Statistical Area) *",9210856
2004-01-01,16820,"Charlottesville, VA (Metropolitan Statistical Area) *",9656177
2005-01-01,16820,"Charlottesville, VA (Metropolitan Statistical Area) *",10131538
2006-01-01,16820,"Charlottesville, VA (Metropolitan Statistical Area) *",10542716
2007-01-01,16820,"Charlottesville, VA (Metropolitan Statistical Area) *",10899417
2008-01-01,16820,"Charlottesville, VA (Metropolitan Statistical Area) *",11181352
2009-01-01,16820,"Charlottesville, VA (Metropolitan Statistical Area) *",11128245
2011-01-01,16860,"Chattanooga, TN-GA (Metropolitan Statistical Area)",25682571
2012-01-01,16860,"Chattanooga, TN-GA (Metropolitan Statistical Area)",26602310
2013-01-01,16860,"Chattanooga, TN-GA (Metropolitan Statistical Area)",27206024
2014-01-01,16860,"Chattanooga, TN-GA (Metropolitan Statistical Area)",27168622
2015-01-01,16860,"Chattanooga, TN-GA (Metropolitan Statistical Area)",27949582
2016-01-01,16860,"Chattanooga, TN-GA (Metropolitan Statistical Area)",28558972
2017-01-01,16860,"Chattanooga, TN-GA (Metropolitan Statistical Area)",29616001
2018-01-01,16860,"Chattanooga, TN-GA (Metropolitan Statistical Area)",29878030
2019-01-01,16860,"Chattanooga, TN-GA (Metropolitan Statistical Area)",30392786
2020-01-01,16860,"Chattanooga, TN-GA (Metropolitan Statistical Area)",30479579
2021-01-01,16860,"Chattanooga, TN-GA (Metropolitan Statistical Area)",32493348
2022-01-01,16860,"Chattanooga, TN-GA (Metropolitan Statistical Area)",34149107
2023-01-01,16860,"Chattanooga, TN-GA (Metropolitan Statistical Area)",34125981
2001-01-01,16860,"Chattanooga, TN-GA (Metropolitan Statistical Area)",21833728
2002-01-01,16860,"Chattanooga, TN-GA (Metropolitan Statistical Area)",22245751
2003-01-01,16860,"Chattanooga, TN-GA (Metropolitan Statistical Area)",22960010
2004-01-01,16860,"Chattanooga, TN-GA (Metropolitan Statistical Area)",24107522
2005-01-01,16860,"Chattanooga, TN-GA (Metropolitan Statistical Area)",24582244
2006-01-01,16860,"Chattanooga, TN-GA (Metropolitan Statistical Area)",24827964
2007-01-01,16860,"Chattanooga, TN-GA (Metropolitan Statistical Area)",25118043
2008-01-01,16860,"Chattanooga, TN-GA (Metropolitan Statistical Area)",25217773
2009-01-01,16860,"Chattanooga, TN-GA (Metropolitan Statistical Area)",24300879
2010-01-01,16860,"Chattanooga, TN-GA (Metropolitan Statistical Area)",24880504
2001-01-01,16940,"Cheyenne, WY (Metropolitan Statistical Area)",3767353
2002-01-01,16940,"Cheyenne, WY (Metropolitan Statistical Area)",3911168
2003-01-01,16940,"Cheyenne, WY (Metropolitan Statistical Area)",4121899
2004-01-01,16940,"Cheyenne, WY (Metropolitan Statistical Area)",4333028
2005-01-01,16940,"Cheyenne, WY (Metropolitan Statistical Area)",4419244
2006-01-01,16940,"Cheyenne, WY (Metropolitan Statistical Area)",4653303
2007-01-01,16940,"Cheyenne, WY (Metropolitan Statistical Area)",5191552
2008-01-01,16940,"Cheyenne, WY (Metropolitan Statistical Area)",5696774
2009-01-01,16940,"Cheyenne, WY (Metropolitan Statistical Area)",4920896
2010-01-01,16940,"Cheyenne, WY (Metropolitan Statistical Area)",4985519
2011-01-01,16940,"Cheyenne, WY (Metropolitan Statistical Area)",5176171
2012-01-01,16940,"Cheyenne, WY (Metropolitan Statistical Area)",5312068
2013-01-01,16940,"Cheyenne, WY (Metropolitan Statistical Area)",5246707
2014-01-01,16940,"Cheyenne, WY (Metropolitan Statistical Area)",5331669
2015-01-01,16940,"Cheyenne, WY (Metropolitan Statistical Area)",5507020
2016-01-01,16940,"Cheyenne, WY (Metropolitan Statistical Area)",5376004
2017-01-01,16940,"Cheyenne, WY (Metropolitan Statistical Area)",5428708
2018-01-01,16940,"Cheyenne, WY (Metropolitan Statistical Area)",5727043
2019-01-01,16940,"Cheyenne, WY (Metropolitan Statistical Area)",5990637
2020-01-01,16940,"Cheyenne, WY (Metropolitan Statistical Area)",5699206
2021-01-01,16940,"Cheyenne, WY (Metropolitan Statistical Area)",6034707
2022-01-01,16940,"Cheyenne, WY (Metropolitan Statistical Area)",6005376
2023-01-01,16940,"Cheyenne, WY (Metropolitan Statistical Area)",6478574
2010-01-01,16980,"Chicago-Naperville-Elgin, IL-IN-WI (Metropolitan Statistical Area)",595377258
2011-01-01,16980,"Chicago-Naperville-Elgin, IL-IN-WI (Metropolitan Statistical Area)",606776758
2012-01-01,16980,"Chicago-Naperville-Elgin, IL-IN-WI (Metropolitan Statistical Area)",624494553
2013-01-01,16980,"Chicago-Naperville-Elgin, IL-IN-WI (Metropolitan Statistical Area)",629809475
2014-01-01,16980,"Chicago-Naperville-Elgin, IL-IN-WI (Metropolitan Statistical Area)",644468362
2015-01-01,16980,"Chicago-Naperville-Elgin, IL-IN-WI (Metropolitan Statistical Area)",659877954
2016-01-01,16980,"Chicago-Naperville-Elgin, IL-IN-WI (Metropolitan Statistical Area)",665040292
2017-01-01,16980,"Chicago-Naperville-Elgin, IL-IN-WI (Metropolitan Statistical Area)",674568186
2018-01-01,16980,"Chicago-Naperville-Elgin, IL-IN-WI (Metropolitan Statistical Area)",691185754
2019-01-01,16980,"Chicago-Naperville-Elgin, IL-IN-WI (Metropolitan Statistical Area)",697507917
2020-01-01,16980,"Chicago-Naperville-Elgin, IL-IN-WI (Metropolitan Statistical Area)",659584289
2021-01-01,16980,"Chicago-Naperville-Elgin, IL-IN-WI (Metropolitan Statistical Area)",698046890
2022-01-01,16980,"Chicago-Naperville-Elgin, IL-IN-WI (Metropolitan Statistical Area)",715646145
2023-01-01,16980,"Chicago-Naperville-Elgin, IL-IN-WI (Metropolitan Statistical Area)",725745075
2001-01-01,16980,"Chicago-Naperville-Elgin, IL-IN-WI (Metropolitan Statistical Area)",551911034
2002-01-01,16980,"Chicago-Naperville-Elgin, IL-IN-WI (Metropolitan Statistical Area)",554209096
2003-01-01,16980,"Chicago-Naperville-Elgin, IL-IN-WI (Metropolitan Statistical Area)",563001196
2004-01-01,16980,"Chicago-Naperville-Elgin, IL-IN-WI (Metropolitan Statistical Area)",580916396
2005-01-01,16980,"Chicago-Naperville-Elgin, IL-IN-WI (Metropolitan Statistical Area)",595469776
2006-01-01,16980,"Chicago-Naperville-Elgin, IL-IN-WI (Metropolitan Statistical Area)",609831444
2007-01-01,16980,"Chicago-Naperville-Elgin, IL-IN-WI (Metropolitan Statistical Area)",620077783
2008-01-01,16980,"Chicago-Naperville-Elgin, IL-IN-WI (Metropolitan Statistical Area)",605115076
2009-01-01,16980,"Chicago-Naperville-Elgin, IL-IN-WI (Metropolitan Statistical Area)",584067845
2011-01-01,17020,"Chico, CA (Metropolitan Statistical Area)",8041960
2012-01-01,17020,"Chico, CA (Metropolitan Statistical Area)",7907486
2013-01-01,17020,"Chico, CA (Metropolitan Statistical Area)",8100816
2014-01-01,17020,"Chico, CA (Metropolitan Statistical Area)",7914931
2015-01-01,17020,"Chico, CA (Metropolitan Statistical Area)",8282989
2016-01-01,17020,"Chico, CA (Metropolitan Statistical Area)",8845128
2017-01-01,17020,"Chico, CA (Metropolitan Statistical Area)",9181452
2018-01-01,17020,"Chico, CA (Metropolitan Statistical Area)",9272932
2019-01-01,17020,"Chico, CA (Metropolitan Statistical Area)",9457300
2020-01-01,17020,"Chico, CA (Metropolitan Statistical Area)",8910788
2021-01-01,17020,"Chico, CA (Metropolitan Statistical Area)",9129906
2022-01-01,17020,"Chico, CA (Metropolitan Statistical Area)",9027053
2023-01-01,17020,"Chico, CA (Metropolitan Statistical Area)",9278380
2001-01-01,17020,"Chico, CA (Metropolitan Statistical Area)",6790163
2002-01-01,17020,"Chico, CA (Metropolitan Statistical Area)",7281711
2003-01-01,17020,"Chico, CA (Metropolitan Statistical Area)",7600395
2004-01-01,17020,"Chico, CA (Metropolitan Statistical Area)",7713220
2005-01-01,17020,"Chico, CA (Metropolitan Statistical Area)",7912397
2006-01-01,17020,"Chico, CA (Metropolitan Statistical Area)",8195172
2007-01-01,17020,"Chico, CA (Metropolitan Statistical Area)",8084613
2008-01-01,17020,"Chico, CA (Metropolitan Statistical Area)",7917794
2009-01-01,17020,"Chico, CA (Metropolitan Statistical Area)",8066507
2010-01-01,17020,"Chico, CA (Metropolitan Statistical Area)",8103725
2011-01-01,17140,"Cincinnati, OH-KY-IN (Metropolitan Statistical Area)",123518572
2012-01-01,17140,"Cincinnati, OH-KY-IN (Metropolitan Statistical Area)",125235332
2013-01-01,17140,"Cincinnati, OH-KY-IN (Metropolitan Statistical Area)",127540311
2014-01-01,17140,"Cincinnati, OH-KY-IN (Metropolitan Statistical Area)",132142681
2015-01-01,17140,"Cincinnati, OH-KY-IN (Metropolitan Statistical Area)",135932807
2016-01-01,17140,"Cincinnati, OH-KY-IN (Metropolitan Statistical Area)",140899281
2017-01-01,17140,"Cincinnati, OH-KY-IN (Metropolitan Statistical Area)",145242197
2018-01-01,17140,"Cincinnati, OH-KY-IN (Metropolitan Statistical Area)",145312363
2019-01-01,17140,"Cincinnati, OH-KY-IN (Metropolitan Statistical Area)",152322725
2020-01-01,17140,"Cincinnati, OH-KY-IN (Metropolitan Statistical Area)",149524299
2021-01-01,17140,"Cincinnati, OH-KY-IN (Metropolitan Statistical Area)",155946868
2022-01-01,17140,"Cincinnati, OH-KY-IN (Metropolitan Statistical Area)",157438682
2023-01-01,17140,"Cincinnati, OH-KY-IN (Metropolitan Statistical Area)",160107599
2001-01-01,17140,"Cincinnati, OH-KY-IN (Metropolitan Statistical Area)",109832849
2002-01-01,17140,"Cincinnati, OH-KY-IN (Metropolitan Statistical Area)",112587274
2003-01-01,17140,"Cincinnati, OH-KY-IN (Metropolitan Statistical Area)",115216965
2004-01-01,17140,"Cincinnati, OH-KY-IN (Metropolitan Statistical Area)",117198258
2005-01-01,17140,"Cincinnati, OH-KY-IN (Metropolitan Statistical Area)",120237922
2006-01-01,17140,"Cincinnati, OH-KY-IN (Metropolitan Statistical Area)",120479131
2007-01-01,17140,"Cincinnati, OH-KY-IN (Metropolitan Statistical Area)",121409072
2008-01-01,17140,"Cincinnati, OH-KY-IN (Metropolitan Statistical Area)",121904655
2009-01-01,17140,"Cincinnati, OH-KY-IN (Metropolitan Statistical Area)",116859995
2010-01-01,17140,"Cincinnati, OH-KY-IN (Metropolitan Statistical Area)",120278386
2001-01-01,17300,"Clarksville, TN-KY (Metropolitan Statistical Area)",8263148
2002-01-01,17300,"Clarksville, TN-KY (Metropolitan Statistical Area)",8942389
2003-01-01,17300,"Clarksville, TN-KY (Metropolitan Statistical Area)",9229360
2004-01-01,17300,"Clarksville, TN-KY (Metropolitan Statistical Area)",9993639
2005-01-01,17300,"Clarksville, TN-KY (Metropolitan Statistical Area)",10949558
2006-01-01,17300,"Clarksville, TN-KY (Metropolitan Statistical Area)",11498477
2007-01-01,17300,"Clarksville, TN-KY (Metropolitan Statistical Area)",11301570
2008-01-01,17300,"Clarksville, TN-KY (Metropolitan Statistical Area)",11600054
2009-01-01,17300,"Clarksville, TN-KY (Metropolitan Statistical Area)",11550147
2010-01-01,17300,"Clarksville, TN-KY (Metropolitan Statistical Area)",12045793
2011-01-01,17300,"Clarksville, TN-KY (Metropolitan Statistical Area)",12684426
2012-01-01,17300,"Clarksville, TN-KY (Metropolitan Statistical Area)",12743275
2013-01-01,17300,"Clarksville, TN-KY (Metropolitan Statistical Area)",12522853
2014-01-01,17300,"Clarksville, TN-KY (Metropolitan Statistical Area)",12370941
2015-01-01,17300,"Clarksville, TN-KY (Metropolitan Statistical Area)",12437179
2016-01-01,17300,"Clarksville, TN-KY (Metropolitan Statistical Area)",12308003
2017-01-01,17300,"Clarksville, TN-KY (Metropolitan Statistical Area)",12303121
2018-01-01,17300,"Clarksville, TN-KY (Metropolitan Statistical Area)",12435834
2019-01-01,17300,"Clarksville, TN-KY (Metropolitan Statistical Area)",12682284
2020-01-01,17300,"Clarksville, TN-KY (Metropolitan Statistical Area)",12860239
2021-01-01,17300,"Clarksville, TN-KY (Metropolitan Statistical Area)",13624295
2022-01-01,17300,"Clarksville, TN-KY (Metropolitan Statistical Area)",13909230
2023-01-01,17300,"Clarksville, TN-KY (Metropolitan Statistical Area)",14176925
2010-01-01,17420,"Cleveland, TN (Metropolitan Statistical Area)",4167836
2011-01-01,17420,"Cleveland, TN (Metropolitan Statistical Area)",4215518
2012-01-01,17420,"Cleveland, TN (Metropolitan Statistical Area)",4706348
2013-01-01,17420,"Cleveland, TN (Metropolitan Statistical Area)",4819654
2014-01-01,17420,"Cleveland, TN (Metropolitan Statistical Area)",4759047
2015-01-01,17420,"Cleveland, TN (Metropolitan Statistical Area)",4816467
2016-01-01,17420,"Cleveland, TN (Metropolitan Statistical Area)",4661416
2017-01-01,17420,"Cleveland, TN (Metropolitan Statistical Area)",4678425
2018-01-01,17420,"Cleveland, TN (Metropolitan Statistical Area)",4720435
2019-01-01,17420,"Cleveland, TN (Metropolitan Statistical Area)",4729021
2020-01-01,17420,"Cleveland, TN (Metropolitan Statistical Area)",4889249
2021-01-01,17420,"Cleveland, TN (Metropolitan Statistical Area)",5207665
2022-01-01,17420,"Cleveland, TN (Metropolitan Statistical Area)",5352003
2023-01-01,17420,"Cleveland, TN (Metropolitan Statistical Area)",5277522
2001-01-01,17420,"Cleveland, TN (Metropolitan Statistical Area)",3549420
2002-01-01,17420,"Cleveland, TN (Metropolitan Statistical Area)",3718634
2003-01-01,17420,"Cleveland, TN (Metropolitan Statistical Area)",3755938
2004-01-01,17420,"Cleveland, TN (Metropolitan Statistical Area)",4008479
2005-01-01,17420,"Cleveland, TN (Metropolitan Statistical Area)",4026237
2006-01-01,17420,"Cleveland, TN (Metropolitan Statistical Area)",3964386
2007-01-01,17420,"Cleveland, TN (Metropolitan Statistical Area)",3988299
2008-01-01,17420,"Cleveland, TN (Metropolitan Statistical Area)",4056748
2009-01-01,17420,"Cleveland, TN (Metropolitan Statistical Area)",3985772
2011-01-01,17460,"Cleveland-Elyria, OH (Metropolitan Statistical Area)",119114744
2012-01-01,17460,"Cleveland-Elyria, OH (Metropolitan Statistical Area)",120368456
2013-01-01,17460,"Cleveland-Elyria, OH (Metropolitan Statistical Area)",121728897
2014-01-01,17460,"Cleveland-Elyria, OH (Metropolitan Statistical Area)",124569651
2015-01-01,17460,"Cleveland-Elyria, OH (Metropolitan Statistical Area)",125505372
2016-01-01,17460,"Cleveland-Elyria, OH (Metropolitan Statistical Area)",125683811
2017-01-01,17460,"Cleveland-Elyria, OH (Metropolitan Statistical Area)",128644607
2018-01-01,17460,"Cleveland-Elyria, OH (Metropolitan Statistical Area)",130644968
2019-01-01,17460,"Cleveland-Elyria, OH (Metropolitan Statistical Area)",134024850
2020-01-01,17460,"Cleveland-Elyria, OH (Metropolitan Statistical Area)",129151174
2021-01-01,17460,"Cleveland-Elyria, OH (Metropolitan Statistical Area)",136260848
2022-01-01,17460,"Cleveland-Elyria, OH (Metropolitan Statistical Area)",139139469
2023-01-01,17460,"Cleveland-Elyria, OH (Metropolitan Statistical Area)",139934845
2001-01-01,17460,"Cleveland-Elyria, OH (Metropolitan Statistical Area)",114463835
2002-01-01,17460,"Cleveland-Elyria, OH (Metropolitan Statistical Area)",116285968
2003-01-01,17460,"Cleveland-Elyria, OH (Metropolitan Statistical Area)",118858720
2004-01-01,17460,"Cleveland-Elyria, OH (Metropolitan Statistical Area)",121914969
2005-01-01,17460,"Cleveland-Elyria, OH (Metropolitan Statistical Area)",125214429
2006-01-01,17460,"Cleveland-Elyria, OH (Metropolitan Statistical Area)",124589693
2007-01-01,17460,"Cleveland-Elyria, OH (Metropolitan Statistical Area)",124922413
2008-01-01,17460,"Cleveland-Elyria, OH (Metropolitan Statistical Area)",125191141
2009-01-01,17460,"Cleveland-Elyria, OH (Metropolitan Statistical Area)",116449318
2010-01-01,17460,"Cleveland-Elyria, OH (Metropolitan Statistical Area)",117254453
2010-01-01,17660,"Coeur d'Alene, ID (Metropolitan Statistical Area)",5013150
2011-01-01,17660,"Coeur d'Alene, ID (Metropolitan Statistical Area)",4878270
2012-01-01,17660,"Coeur d'Alene, ID (Metropolitan Statistical Area)",4934929
2013-01-01,17660,"Coeur d'Alene, ID (Metropolitan Statistical Area)",5405358
2014-01-01,17660,"Coeur d'Alene, ID (Metropolitan Statistical Area)",5524228
2015-01-01,17660,"Coeur d'Alene, ID (Metropolitan Statistical Area)",5585758
2016-01-01,17660,"Coeur d'Alene, ID (Metropolitan Statistical Area)",5857522
2017-01-01,17660,"Coeur d'Alene, ID (Metropolitan Statistical Area)",6045951
2018-01-01,17660,"Coeur d'Alene, ID (Metropolitan Statistical Area)",6422914
2019-01-01,17660,"Coeur d'Alene, ID (Metropolitan Statistical Area)",6559142
2020-01-01,17660,"Coeur d'Alene, ID (Metropolitan Statistical Area)",6875753
2021-01-01,17660,"Coeur d'Alene, ID (Metropolitan Statistical Area)",7792848
2022-01-01,17660,"Coeur d'Alene, ID (Metropolitan Statistical Area)",7949586
2023-01-01,17660,"Coeur d'Alene, ID (Metropolitan Statistical Area)",8343499
2001-01-01,17660,"Coeur d'Alene, ID (Metropolitan Statistical Area)",3750725
2002-01-01,17660,"Coeur d'Alene, ID (Metropolitan Statistical Area)",3835401
2003-01-01,17660,"Coeur d'Alene, ID (Metropolitan Statistical Area)",4008652
2004-01-01,17660,"Coeur d'Alene, ID (Metropolitan Statistical Area)",4317679
2005-01-01,17660,"Coeur d'Alene, ID (Metropolitan Statistical Area)",4713338
2006-01-01,17660,"Coeur d'Alene, ID (Metropolitan Statistical Area)",4920490
2007-01-01,17660,"Coeur d'Alene, ID (Metropolitan Statistical Area)",5139262
2008-01-01,17660,"Coeur d'Alene, ID (Metropolitan Statistical Area)",5153365
2009-01-01,17660,"Coeur d'Alene, ID (Metropolitan Statistical Area)",4770747
2001-01-01,17780,"College Station-Bryan, TX (Metropolitan Statistical Area)",6703101
2002-01-01,17780,"College Station-Bryan, TX (Metropolitan Statistical Area)",7023400
2003-01-01,17780,"College Station-Bryan, TX (Metropolitan Statistical Area)",7289833
2004-01-01,17780,"College Station-Bryan, TX (Metropolitan Statistical Area)",7421044
2005-01-01,17780,"College Station-Bryan, TX (Metropolitan Statistical Area)",8027392
2006-01-01,17780,"College Station-Bryan, TX (Metropolitan Statistical Area)",8663572
2007-01-01,17780,"College Station-Bryan, TX (Metropolitan Statistical Area)",9443695
2008-01-01,17780,"College Station-Bryan, TX (Metropolitan Statistical Area)",9850915
2009-01-01,17780,"College Station-Bryan, TX (Metropolitan Statistical Area)",10695208
2010-01-01,17780,"College Station-Bryan, TX (Metropolitan Statistical Area)",10179184
2011-01-01,17780,"College Station-Bryan, TX (Metropolitan Statistical Area)",9985676
2012-01-01,17780,"College Station-Bryan, TX (Metropolitan Statistical Area)",10103363
2013-01-01,17780,"College Station-Bryan, TX (Metropolitan Statistical Area)",10884268
2014-01-01,17780,"College Station-Bryan, TX (Metropolitan Statistical Area)",11569635
2015-01-01,17780,"College Station-Bryan, TX (Metropolitan Statistical Area)",12289486
2016-01-01,17780,"College Station-Bryan, TX (Metropolitan Statistical Area)",12258617
2017-01-01,17780,"College Station-Bryan, TX (Metropolitan Statistical Area)",12461621
2018-01-01,17780,"College Station-Bryan, TX (Metropolitan Statistical Area)",12996849
2019-01-01,17780,"College Station-Bryan, TX (Metropolitan Statistical Area)",13578107
2020-01-01,17780,"College Station-Bryan, TX (Metropolitan Statistical Area)",13547406
2021-01-01,17780,"College Station-Bryan, TX (Metropolitan Statistical Area)",14172011
2022-01-01,17780,"College Station-Bryan, TX (Metropolitan Statistical Area)",14738828
2023-01-01,17780,"College Station-Bryan, TX (Metropolitan Statistical Area)",15835087
2011-01-01,17820,"Colorado Springs, CO (Metropolitan Statistical Area)",31471137
2010-01-01,17820,"Colorado Springs, CO (Metropolitan Statistical Area)",30632978
2009-01-01,17820,"Colorado Springs, CO (Metropolitan Statistical Area)",29841606
2008-01-01,17820,"Colorado Springs, CO (Metropolitan Statistical Area)",29770106
2007-01-01,17820,"Colorado Springs, CO (Metropolitan Statistical Area)",29869179
2006-01-01,17820,"Colorado Springs, CO (Metropolitan Statistical Area)",28970967
2005-01-01,17820,"Colorado Springs, CO (Metropolitan Statistical Area)",28546582
2004-01-01,17820,"Colorado Springs, CO (Metropolitan Statistical Area)",27117377
2003-01-01,17820,"Colorado Springs, CO (Metropolitan Statistical Area)",26567445
2002-01-01,17820,"Colorado Springs, CO (Metropolitan Statistical Area)",26255450
2001-01-01,17820,"Colorado Springs, CO (Metropolitan Statistical Area)",26101847
2023-01-01,17820,"Colorado Springs, CO (Metropolitan Statistical Area)",43615080
2022-01-01,17820,"Colorado Springs, CO (Metropolitan Statistical Area)",41758388
2021-01-01,17820,"Colorado Springs, CO (Metropolitan Statistical Area)",41068781
2020-01-01,17820,"Colorado Springs, CO (Metropolitan Statistical Area)",38831974
2019-01-01,17820,"Colorado Springs, CO (Metropolitan Statistical Area)",37747245
2018-01-01,17820,"Colorado Springs, CO (Metropolitan Statistical Area)",36241661
2017-01-01,17820,"Colorado Springs, CO (Metropolitan Statistical Area)",35086959
2016-01-01,17820,"Colorado Springs, CO (Metropolitan Statistical Area)",33678769
2015-01-01,17820,"Colorado Springs, CO (Metropolitan Statistical Area)",33030724
2014-01-01,17820,"Colorado Springs, CO (Metropolitan Statistical Area)",32668297
2013-01-01,17820,"Colorado Springs, CO (Metropolitan Statistical Area)",32363435
2012-01-01,17820,"Colorado Springs, CO (Metropolitan Statistical Area)",31704454
2001-01-01,17860,"Columbia, MO (Metropolitan Statistical Area)",7349762
2002-01-01,17860,"Columbia, MO (Metropolitan Statistical Area)",7485103
2003-01-01,17860,"Columbia, MO (Metropolitan Statistical Area)",7728539
2004-01-01,17860,"Columbia, MO (Metropolitan Statistical Area)",8013178
2005-01-01,17860,"Columbia, MO (Metropolitan Statistical Area)",8231958
2006-01-01,17860,"Columbia, MO (Metropolitan Statistical Area)",8333689
2007-01-01,17860,"Columbia, MO (Metropolitan Statistical Area)",8323305
2008-01-01,17860,"Columbia, MO (Metropolitan Statistical Area)",8570349
2009-01-01,17860,"Columbia, MO (Metropolitan Statistical Area)",8503080
2010-01-01,17860,"Columbia, MO (Metropolitan Statistical Area)",8696644
2011-01-01,17860,"Columbia, MO (Metropolitan Statistical Area)",8842570
2012-01-01,17860,"Columbia, MO (Metropolitan Statistical Area)",9100139
2013-01-01,17860,"Columbia, MO (Metropolitan Statistical Area)",9451154
2014-01-01,17860,"Columbia, MO (Metropolitan Statistical Area)",9487084
2015-01-01,17860,"Columbia, MO (Metropolitan Statistical Area)",9687536
2016-01-01,17860,"Columbia, MO (Metropolitan Statistical Area)",9721711
2017-01-01,17860,"Columbia, MO (Metropolitan Statistical Area)",9957674
2018-01-01,17860,"Columbia, MO (Metropolitan Statistical Area)",10019553
2019-01-01,17860,"Columbia, MO (Metropolitan Statistical Area)",10422926
2020-01-01,17860,"Columbia, MO (Metropolitan Statistical Area)",10116869
2021-01-01,17860,"Columbia, MO (Metropolitan Statistical Area)",10632228
2022-01-01,17860,"Columbia, MO (Metropolitan Statistical Area)",10683113
2023-01-01,17860,"Columbia, MO (Metropolitan Statistical Area)",10986158
2011-01-01,17900,"Columbia, SC (Metropolitan Statistical Area)",36130895
2012-01-01,17900,"Columbia, SC (Metropolitan Statistical Area)",36106137
2013-01-01,17900,"Columbia, SC (Metropolitan Statistical Area)",37251447
2014-01-01,17900,"Columbia, SC (Metropolitan Statistical Area)",38595245
2015-01-01,17900,"Columbia, SC (Metropolitan Statistical Area)",39706657
2016-01-01,17900,"Columbia, SC (Metropolitan Statistical Area)",40874852
2017-01-01,17900,"Columbia, SC (Metropolitan Statistical Area)",41010232
2018-01-01,17900,"Columbia, SC (Metropolitan Statistical Area)",41651691
2019-01-01,17900,"Columbia, SC (Metropolitan Statistical Area)",42659069
2020-01-01,17900,"Columbia, SC (Metropolitan Statistical Area)",42232166
2021-01-01,17900,"Columbia, SC (Metropolitan Statistical Area)",44617948
2022-01-01,17900,"Columbia, SC (Metropolitan Statistical Area)",45509079
2023-01-01,17900,"Columbia, SC (Metropolitan Statistical Area)",47035935
2001-01-01,17900,"Columbia, SC (Metropolitan Statistical Area)",30185359
2002-01-01,17900,"Columbia, SC (Metropolitan Statistical Area)",30704205
2003-01-01,17900,"Columbia, SC (Metropolitan Statistical Area)",31782510
2004-01-01,17900,"Columbia, SC (Metropolitan Statistical Area)",33212885
2005-01-01,17900,"Columbia, SC (Metropolitan Statistical Area)",34218476
2006-01-01,17900,"Columbia, SC (Metropolitan Statistical Area)",35519298
2007-01-01,17900,"Columbia, SC (Metropolitan Statistical Area)",36587758
2008-01-01,17900,"Columbia, SC (Metropolitan Statistical Area)",36713056
2009-01-01,17900,"Columbia, SC (Metropolitan Statistical Area)",35702054
2010-01-01,17900,"Columbia, SC (Metropolitan Statistical Area)",36058968
2010-01-01,17980,"Columbus, GA-AL (Metropolitan Statistical Area)",14310804
2011-01-01,17980,"Columbus, GA-AL (Metropolitan Statistical Area)",14540686
2012-01-01,17980,"Columbus, GA-AL (Metropolitan Statistical Area)",14722095
2013-01-01,17980,"Columbus, GA-AL (Metropolitan Statistical Area)",14512667
2014-01-01,17980,"Columbus, GA-AL (Metropolitan Statistical Area)",14495328
2015-01-01,17980,"Columbus, GA-AL (Metropolitan Statistical Area)",14585914
2016-01-01,17980,"Columbus, GA-AL (Metropolitan Statistical Area)",14420989
2017-01-01,17980,"Columbus, GA-AL (Metropolitan Statistical Area)",14601270
2018-01-01,17980,"Columbus, GA-AL (Metropolitan Statistical Area)",14626897
2019-01-01,17980,"Columbus, GA-AL (Metropolitan Statistical Area)",14914893
2020-01-01,17980,"Columbus, GA-AL (Metropolitan Statistical Area)",14782083
2021-01-01,17980,"Columbus, GA-AL (Metropolitan Statistical Area)",15001360
2022-01-01,17980,"Columbus, GA-AL (Metropolitan Statistical Area)",14657640
2023-01-01,17980,"Columbus, GA-AL (Metropolitan Statistical Area)",15038315
2001-01-01,17980,"Columbus, GA-AL (Metropolitan Statistical Area)",12291670
2002-01-01,17980,"Columbus, GA-AL (Metropolitan Statistical Area)",12629074
2003-01-01,17980,"Columbus, GA-AL (Metropolitan Statistical Area)",12594503
2004-01-01,17980,"Columbus, GA-AL (Metropolitan Statistical Area)",12835633
2005-01-01,17980,"Columbus, GA-AL (Metropolitan Statistical Area)",13126558
2006-01-01,17980,"Columbus, GA-AL (Metropolitan Statistical Area)",13411432
2007-01-01,17980,"Columbus, GA-AL (Metropolitan Statistical Area)",13864875
2008-01-01,17980,"Columbus, GA-AL (Metropolitan Statistical Area)",13887651
2009-01-01,17980,"Columbus, GA-AL (Metropolitan Statistical Area)",14031530
2001-01-01,18020,"Columbus, IN (Metropolitan Statistical Area)",3899845
2002-01-01,18020,"Columbus, IN (Metropolitan Statistical Area)",3791110
2003-01-01,18020,"Columbus, IN (Metropolitan Statistical Area)",3974345
2004-01-01,18020,"Columbus, IN (Metropolitan Statistical Area)",4278646
2005-01-01,18020,"Columbus, IN (Metropolitan Statistical Area)",4554579
2006-01-01,18020,"Columbus, IN (Metropolitan Statistical Area)",4967616
2007-01-01,18020,"Columbus, IN (Metropolitan Statistical Area)",5565241
2008-01-01,18020,"Columbus, IN (Metropolitan Statistical Area)",5885564
2009-01-01,18020,"Columbus, IN (Metropolitan Statistical Area)",4810341
2010-01-01,18020,"Columbus, IN (Metropolitan Statistical Area)",5859221
2011-01-01,18020,"Columbus, IN (Metropolitan Statistical Area)",6024705
2012-01-01,18020,"Columbus, IN (Metropolitan Statistical Area)",6611017
2013-01-01,18020,"Columbus, IN (Metropolitan Statistical Area)",6960112
2014-01-01,18020,"Columbus, IN (Metropolitan Statistical Area)",6640959
2015-01-01,18020,"Columbus, IN (Metropolitan Statistical Area)",6413199
2016-01-01,18020,"Columbus, IN (Metropolitan Statistical Area)",6294125
2017-01-01,18020,"Columbus, IN (Metropolitan Statistical Area)",6366981
2018-01-01,18020,"Columbus, IN (Metropolitan Statistical Area)",6845733
2019-01-01,18020,"Columbus, IN (Metropolitan Statistical Area)",6781714
2020-01-01,18020,"Columbus, IN (Metropolitan Statistical Area)",6314353
2021-01-01,18020,"Columbus, IN (Metropolitan Statistical Area)",6680182
2022-01-01,18020,"Columbus, IN (Metropolitan Statistical Area)",6925539
2023-01-01,18020,"Columbus, IN (Metropolitan Statistical Area)",6847408
2010-01-01,18140,"Columbus, OH (Metropolitan Statistical Area)",103348725
2011-01-01,18140,"Columbus, OH (Metropolitan Statistical Area)",106909082
2012-01-01,18140,"Columbus, OH (Metropolitan Statistical Area)",111289004
2013-01-01,18140,"Columbus, OH (Metropolitan Statistical Area)",115365408
2014-01-01,18140,"Columbus, OH (Metropolitan Statistical Area)",119473257
2015-01-01,18140,"Columbus, OH (Metropolitan Statistical Area)",121933562
2016-01-01,18140,"Columbus, OH (Metropolitan Statistical Area)",124495529
2017-01-01,18140,"Columbus, OH (Metropolitan Statistical Area)",129945459
2018-01-01,18140,"Columbus, OH (Metropolitan Statistical Area)",131537720
2019-01-01,18140,"Columbus, OH (Metropolitan Statistical Area)",135685934
2020-01-01,18140,"Columbus, OH (Metropolitan Statistical Area)",134171034
2021-01-01,18140,"Columbus, OH (Metropolitan Statistical Area)",143614265
2022-01-01,18140,"Columbus, OH (Metropolitan Statistical Area)",145452082
2023-01-01,18140,"Columbus, OH (Metropolitan Statistical Area)",148019731
2001-01-01,18140,"Columbus, OH (Metropolitan Statistical Area)",91416187
2002-01-01,18140,"Columbus, OH (Metropolitan Statistical Area)",93076681
2003-01-01,18140,"Columbus, OH (Metropolitan Statistical Area)",95310643
2004-01-01,18140,"Columbus, OH (Metropolitan Statistical Area)",99025005
2005-01-01,18140,"Columbus, OH (Metropolitan Statistical Area)",102541508
2006-01-01,18140,"Columbus, OH (Metropolitan Statistical Area)",102640209
2007-01-01,18140,"Columbus, OH (Metropolitan Statistical Area)",104227206
2008-01-01,18140,"Columbus, OH (Metropolitan Statistical Area)",103866814
2009-01-01,18140,"Columbus, OH (Metropolitan Statistical Area)",100474141
2001-01-01,18580,"Corpus Christi, TX (Metropolitan Statistical Area)",18292332
2002-01-01,18580,"Corpus Christi, TX (Metropolitan Statistical Area)",18160008
2003-01-01,18580,"Corpus Christi, TX (Metropolitan Statistical Area)",18850091
2004-01-01,18580,"Corpus Christi, TX (Metropolitan Statistical Area)",20196960
2005-01-01,18580,"Corpus Christi, TX (Metropolitan Statistical Area)",19163086
2006-01-01,18580,"Corpus Christi, TX (Metropolitan Statistical Area)",19675591
2007-01-01,18580,"Corpus Christi, TX (Metropolitan Statistical Area)",21097355
2008-01-01,18580,"Corpus Christi, TX (Metropolitan Statistical Area)",20157197
2009-01-01,18580,"Corpus Christi, TX (Metropolitan Statistical Area)",19886685
2010-01-01,18580,"Corpus Christi, TX (Metropolitan Statistical Area)",21222745
2011-01-01,18580,"Corpus Christi, TX (Metropolitan Statistical Area)",21969442
2012-01-01,18580,"Corpus Christi, TX (Metropolitan Statistical Area)",21984720
2013-01-01,18580,"Corpus Christi, TX (Metropolitan Statistical Area)",22501014
2014-01-01,18580,"Corpus Christi, TX (Metropolitan Statistical Area)",21229701
2015-01-01,18580,"Corpus Christi, TX (Metropolitan Statistical Area)",21064766
2016-01-01,18580,"Corpus Christi, TX (Metropolitan Statistical Area)",20490532
2017-01-01,18580,"Corpus Christi, TX (Metropolitan Statistical Area)",21073008
2018-01-01,18580,"Corpus Christi, TX (Metropolitan Statistical Area)",21758642
2019-01-01,18580,"Corpus Christi, TX (Metropolitan Statistical Area)",22584927
2020-01-01,18580,"Corpus Christi, TX (Metropolitan Statistical Area)",21484861
2021-01-01,18580,"Corpus Christi, TX (Metropolitan Statistical Area)",22405889
2022-01-01,18580,"Corpus Christi, TX (Metropolitan Statistical Area)",21859811
2023-01-01,18580,"Corpus Christi, TX (Metropolitan Statistical Area)",23338535
2010-01-01,18700,"Corvallis, OR (Metropolitan Statistical Area)",4042530
2011-01-01,18700,"Corvallis, OR (Metropolitan Statistical Area)",4196951
2012-01-01,18700,"Corvallis, OR (Metropolitan Statistical Area)",4158939
2013-01-01,18700,"Corvallis, OR (Metropolitan Statistical Area)",3989140
2014-01-01,18700,"Corvallis, OR (Metropolitan Statistical Area)",3969709
2015-01-01,18700,"Corvallis, OR (Metropolitan Statistical Area)",4006029
2016-01-01,18700,"Corvallis, OR (Metropolitan Statistical Area)",4144658
2017-01-01,18700,"Corvallis, OR (Metropolitan Statistical Area)",4318847
2018-01-01,18700,"Corvallis, OR (Metropolitan Statistical Area)",4519396
2019-01-01,18700,"Corvallis, OR (Metropolitan Statistical Area)",4589245
2020-01-01,18700,"Corvallis, OR (Metropolitan Statistical Area)",4515038
2021-01-01,18700,"Corvallis, OR (Metropolitan Statistical Area)",4715092
2022-01-01,18700,"Corvallis, OR (Metropolitan Statistical Area)",4891818
2023-01-01,18700,"Corvallis, OR (Metropolitan Statistical Area)",5061341
2001-01-01,18700,"Corvallis, OR (Metropolitan Statistical Area)",2785489
2002-01-01,18700,"Corvallis, OR (Metropolitan Statistical Area)",2823850
2003-01-01,18700,"Corvallis, OR (Metropolitan Statistical Area)",2890420
2004-01-01,18700,"Corvallis, OR (Metropolitan Statistical Area)",3048306
2005-01-01,18700,"Corvallis, OR (Metropolitan Statistical Area)",3233480
2006-01-01,18700,"Corvallis, OR (Metropolitan Statistical Area)",3520119
2007-01-01,18700,"Corvallis, OR (Metropolitan Statistical Area)",3808903
2008-01-01,18700,"Corvallis, OR (Metropolitan Statistical Area)",3997328
2009-01-01,18700,"Corvallis, OR (Metropolitan Statistical Area)",3914041
2001-01-01,18880,"Crestview-Fort Walton Beach-Destin, FL (Metropolitan Statistical Area)",9382486
2002-01-01,18880,"Crestview-Fort Walton Beach-Destin, FL (Metropolitan Statistical Area)",10136130
2003-01-01,18880,"Crestview-Fort Walton Beach-Destin, FL (Metropolitan Statistical Area)",11021744
2004-01-01,18880,"Crestview-Fort Walton Beach-Destin, FL (Metropolitan Statistical Area)",12237434
2005-01-01,18880,"Crestview-Fort Walton Beach-Destin, FL (Metropolitan Statistical Area)",13082402
2006-01-01,18880,"Crestview-Fort Walton Beach-Destin, FL (Metropolitan Statistical Area)",13085395
2007-01-01,18880,"Crestview-Fort Walton Beach-Destin, FL (Metropolitan Statistical Area)",13015555
2008-01-01,18880,"Crestview-Fort Walton Beach-Destin, FL (Metropolitan Statistical Area)",12396503
2009-01-01,18880,"Crestview-Fort Walton Beach-Destin, FL (Metropolitan Statistical Area)",11881750
2010-01-01,18880,"Crestview-Fort Walton Beach-Destin, FL (Metropolitan Statistical Area)",11744257
2011-01-01,18880,"Crestview-Fort Walton Beach-Destin, FL (Metropolitan Statistical Area)",11842267
2012-01-01,18880,"Crestview-Fort Walton Beach-Destin, FL (Metropolitan Statistical Area)",12486295
2013-01-01,18880,"Crestview-Fort Walton Beach-Destin, FL (Metropolitan Statistical Area)",12852260
2014-01-01,18880,"Crestview-Fort Walton Beach-Destin, FL (Metropolitan Statistical Area)",13056837
2015-01-01,18880,"Crestview-Fort Walton Beach-Destin, FL (Metropolitan Statistical Area)",13389903
2016-01-01,18880,"Crestview-Fort Walton Beach-Destin, FL (Metropolitan Statistical Area)",13947876
2017-01-01,18880,"Crestview-Fort Walton Beach-Destin, FL (Metropolitan Statistical Area)",14385761
2018-01-01,18880,"Crestview-Fort Walton Beach-Destin, FL (Metropolitan Statistical Area)",14991042
2019-01-01,18880,"Crestview-Fort Walton Beach-Destin, FL (Metropolitan Statistical Area)",15954803
2020-01-01,18880,"Crestview-Fort Walton Beach-Destin, FL (Metropolitan Statistical Area)",16344249
2021-01-01,18880,"Crestview-Fort Walton Beach-Destin, FL (Metropolitan Statistical Area)",17947344
2022-01-01,18880,"Crestview-Fort Walton Beach-Destin, FL (Metropolitan Statistical Area)",18685596
2023-01-01,18880,"Crestview-Fort Walton Beach-Destin, FL (Metropolitan Statistical Area)",19266610
2001-01-01,19060,"Cumberland, MD-WV (Metropolitan Statistical Area)",3492843
2002-01-01,19060,"Cumberland, MD-WV (Metropolitan Statistical Area)",3524946
2003-01-01,19060,"Cumberland, MD-WV (Metropolitan Statistical Area)",3485989
2004-01-01,19060,"Cumberland, MD-WV (Metropolitan Statistical Area)",3471026
2005-01-01,19060,"Cumberland, MD-WV (Metropolitan Statistical Area)",3461665
2006-01-01,19060,"Cumberland, MD-WV (Metropolitan Statistical Area)",3433097
2007-01-01,19060,"Cumberland, MD-WV (Metropolitan Statistical Area)",3416257
2008-01-01,19060,"Cumberland, MD-WV (Metropolitan Statistical Area)",3523566
2009-01-01,19060,"Cumberland, MD-WV (Metropolitan Statistical Area)",3521182
2010-01-01,19060,"Cumberland, MD-WV (Metropolitan Statistical Area)",3763788
2011-01-01,19060,"Cumberland, MD-WV (Metropolitan Statistical Area)",3748061
2012-01-01,19060,"Cumberland, MD-WV (Metropolitan Statistical Area)",3725688
2013-01-01,19060,"Cumberland, MD-WV (Metropolitan Statistical Area)",3649533
2014-01-01,19060,"Cumberland, MD-WV (Metropolitan Statistical Area)",3648530
2015-01-01,19060,"Cumberland, MD-WV (Metropolitan Statistical Area)",3691446
2016-01-01,19060,"Cumberland, MD-WV (Metropolitan Statistical Area)",3863895
2017-01-01,19060,"Cumberland, MD-WV (Metropolitan Statistical Area)",3790007
2018-01-01,19060,"Cumberland, MD-WV (Metropolitan Statistical Area)",3852561
2019-01-01,19060,"Cumberland, MD-WV (Metropolitan Statistical Area)",3870328
2020-01-01,19060,"Cumberland, MD-WV (Metropolitan Statistical Area)",3700452
2021-01-01,19060,"Cumberland, MD-WV (Metropolitan Statistical Area)",3729696
2022-01-01,19060,"Cumberland, MD-WV (Metropolitan Statistical Area)",3619571
2023-01-01,19060,"Cumberland, MD-WV (Metropolitan Statistical Area)",3519780
2011-01-01,19100,"Dallas-Fort Worth-Arlington, TX (Metropolitan Statistical Area)",391628362
2012-01-01,19100,"Dallas-Fort Worth-Arlington, TX (Metropolitan Statistical Area)",404523386
2013-01-01,19100,"Dallas-Fort Worth-Arlington, TX (Metropolitan Statistical Area)",419597444
2014-01-01,19100,"Dallas-Fort Worth-Arlington, TX (Metropolitan Statistical Area)",435538151
2015-01-01,19100,"Dallas-Fort Worth-Arlington, TX (Metropolitan Statistical Area)",456229575
2016-01-01,19100,"Dallas-Fort Worth-Arlington, TX (Metropolitan Statistical Area)",466825711
2017-01-01,19100,"Dallas-Fort Worth-Arlington, TX (Metropolitan Statistical Area)",483732021
2018-01-01,19100,"Dallas-Fort Worth-Arlington, TX (Metropolitan Statistical Area)",506219605
2019-01-01,19100,"Dallas-Fort Worth-Arlington, TX (Metropolitan Statistical Area)",526158780
2020-01-01,19100,"Dallas-Fort Worth-Arlington, TX (Metropolitan Statistical Area)",520197747
2021-01-01,19100,"Dallas-Fort Worth-Arlington, TX (Metropolitan Statistical Area)",562114928
2022-01-01,19100,"Dallas-Fort Worth-Arlington, TX (Metropolitan Statistical Area)",594463828
2023-01-01,19100,"Dallas-Fort Worth-Arlington, TX (Metropolitan Statistical Area)",613381002
2001-01-01,19100,"Dallas-Fort Worth-Arlington, TX (Metropolitan Statistical Area)",288764447
2002-01-01,19100,"Dallas-Fort Worth-Arlington, TX (Metropolitan Statistical Area)",297113282
2003-01-01,19100,"Dallas-Fort Worth-Arlington, TX (Metropolitan Statistical Area)",302251065
2004-01-01,19100,"Dallas-Fort Worth-Arlington, TX (Metropolitan Statistical Area)",320064343
2005-01-01,19100,"Dallas-Fort Worth-Arlington, TX (Metropolitan Statistical Area)",336477893
2006-01-01,19100,"Dallas-Fort Worth-Arlington, TX (Metropolitan Statistical Area)",361594853
2007-01-01,19100,"Dallas-Fort Worth-Arlington, TX (Metropolitan Statistical Area)",376135049
2008-01-01,19100,"Dallas-Fort Worth-Arlington, TX (Metropolitan Statistical Area)",379888574
2009-01-01,19100,"Dallas-Fort Worth-Arlington, TX (Metropolitan Statistical Area)",368717622
2010-01-01,19100,"Dallas-Fort Worth-Arlington, TX (Metropolitan Statistical Area)",377056747
2001-01-01,19140,"Dalton, GA (Metropolitan Statistical Area)",5921261
2002-01-01,19140,"Dalton, GA (Metropolitan Statistical Area)",6185362
2003-01-01,19140,"Dalton, GA (Metropolitan Statistical Area)",6280080
2004-01-01,19140,"Dalton, GA (Metropolitan Statistical Area)",7067721
2005-01-01,19140,"Dalton, GA (Metropolitan Statistical Area)",7390944
2006-01-01,19140,"Dalton, GA (Metropolitan Statistical Area)",7304930
2007-01-01,19140,"Dalton, GA (Metropolitan Statistical Area)",7304060
2008-01-01,19140,"Dalton, GA (Metropolitan Statistical Area)",6955253
2009-01-01,19140,"Dalton, GA (Metropolitan Statistical Area)",6295644
2010-01-01,19140,"Dalton, GA (Metropolitan Statistical Area)",6049846
2011-01-01,19140,"Dalton, GA (Metropolitan Statistical Area)",6138230
2012-01-01,19140,"Dalton, GA (Metropolitan Statistical Area)",6357545
2013-01-01,19140,"Dalton, GA (Metropolitan Statistical Area)",6332818
2014-01-01,19140,"Dalton, GA (Metropolitan Statistical Area)",6522496
2015-01-01,19140,"Dalton, GA (Metropolitan Statistical Area)",6725058
2016-01-01,19140,"Dalton, GA (Metropolitan Statistical Area)",6974782
2017-01-01,19140,"Dalton, GA (Metropolitan Statistical Area)",6885582
2018-01-01,19140,"Dalton, GA (Metropolitan Statistical Area)",6843613
2019-01-01,19140,"Dalton, GA (Metropolitan Statistical Area)",6874033
2020-01-01,19140,"Dalton, GA (Metropolitan Statistical Area)",6659757
2021-01-01,19140,"Dalton, GA (Metropolitan Statistical Area)",7170698
2022-01-01,19140,"Dalton, GA (Metropolitan Statistical Area)",7447125
2023-01-01,19140,"Dalton, GA (Metropolitan Statistical Area)",7468236
2010-01-01,19180,"Danville, IL (Metropolitan Statistical Area)",3215235
2011-01-01,19180,"Danville, IL (Metropolitan Statistical Area)",3258770
2012-01-01,19180,"Danville, IL (Metropolitan Statistical Area)",3322680
2013-01-01,19180,"Danville, IL (Metropolitan Statistical Area)",3352600
2014-01-01,19180,"Danville, IL (Metropolitan Statistical Area)",3311982
2015-01-01,19180,"Danville, IL (Metropolitan Statistical Area)",3252752
2016-01-01,19180,"Danville, IL (Metropolitan Statistical Area)",3204083
2017-01-01,19180,"Danville, IL (Metropolitan Statistical Area)",3203166
2018-01-01,19180,"Danville, IL (Metropolitan Statistical Area)",3211115
2019-01-01,19180,"Danville, IL (Metropolitan Statistical Area)",3199651
2020-01-01,19180,"Danville, IL (Metropolitan Statistical Area)",3054478
2021-01-01,19180,"Danville, IL (Metropolitan Statistical Area)",3204289
2022-01-01,19180,"Danville, IL (Metropolitan Statistical Area)",3285106
2023-01-01,19180,"Danville, IL (Metropolitan Statistical Area)",3262640
2001-01-01,19180,"Danville, IL (Metropolitan Statistical Area)",3000940
2002-01-01,19180,"Danville, IL (Metropolitan Statistical Area)",3104550
2003-01-01,19180,"Danville, IL (Metropolitan Statistical Area)",3198937
2004-01-01,19180,"Danville, IL (Metropolitan Statistical Area)",3329537
2005-01-01,19180,"Danville, IL (Metropolitan Statistical Area)",3278734
2006-01-01,19180,"Danville, IL (Metropolitan Statistical Area)",3408254
2007-01-01,19180,"Danville, IL (Metropolitan Statistical Area)",3396748
2008-01-01,19180,"Danville, IL (Metropolitan Statistical Area)",3397214
2009-01-01,19180,"Danville, IL (Metropolitan Statistical Area)",3217602
2011-01-01,19300,"Daphne-Fairhope-Foley, AL (Metropolitan Statistical Area)",5930698
2012-01-01,19300,"Daphne-Fairhope-Foley, AL (Metropolitan Statistical Area)",5998672
2013-01-01,19300,"Daphne-Fairhope-Foley, AL (Metropolitan Statistical Area)",6314704
2014-01-01,19300,"Daphne-Fairhope-Foley, AL (Metropolitan Statistical Area)",6455247
2015-01-01,19300,"Daphne-Fairhope-Foley, AL (Metropolitan Statistical Area)",6757534
2016-01-01,19300,"Daphne-Fairhope-Foley, AL (Metropolitan Statistical Area)",7113177
2017-01-01,19300,"Daphne-Fairhope-Foley, AL (Metropolitan Statistical Area)",7382558
2018-01-01,19300,"Daphne-Fairhope-Foley, AL (Metropolitan Statistical Area)",7758980
2019-01-01,19300,"Daphne-Fairhope-Foley, AL (Metropolitan Statistical Area)",8145105
2020-01-01,19300,"Daphne-Fairhope-Foley, AL (Metropolitan Statistical Area)",8109210
2021-01-01,19300,"Daphne-Fairhope-Foley, AL (Metropolitan Statistical Area)",8706236
2022-01-01,19300,"Daphne-Fairhope-Foley, AL (Metropolitan Statistical Area)",9145388
2023-01-01,19300,"Daphne-Fairhope-Foley, AL (Metropolitan Statistical Area)",9435720
2001-01-01,19300,"Daphne-Fairhope-Foley, AL (Metropolitan Statistical Area)",4470762
2002-01-01,19300,"Daphne-Fairhope-Foley, AL (Metropolitan Statistical Area)",4699162
2003-01-01,19300,"Daphne-Fairhope-Foley, AL (Metropolitan Statistical Area)",4987728
2004-01-01,19300,"Daphne-Fairhope-Foley, AL (Metropolitan Statistical Area)",5488860
2005-01-01,19300,"Daphne-Fairhope-Foley, AL (Metropolitan Statistical Area)",6091919
2006-01-01,19300,"Daphne-Fairhope-Foley, AL (Metropolitan Statistical Area)",6264024
2007-01-01,19300,"Daphne-Fairhope-Foley, AL (Metropolitan Statistical Area)",6447685
2008-01-01,19300,"Daphne-Fairhope-Foley, AL (Metropolitan Statistical Area)",6230645
2009-01-01,19300,"Daphne-Fairhope-Foley, AL (Metropolitan Statistical Area)",5926780
2010-01-01,19300,"Daphne-Fairhope-Foley, AL (Metropolitan Statistical Area)",6012889
2011-01-01,19340,"Davenport-Moline-Rock Island, IA-IL (Metropolitan Statistical Area)",21575354
2012-01-01,19340,"Davenport-Moline-Rock Island, IA-IL (Metropolitan Statistical Area)",22296008
2013-01-01,19340,"Davenport-Moline-Rock Island, IA-IL (Metropolitan Statistical Area)",21727232
2014-01-01,19340,"Davenport-Moline-Rock Island, IA-IL (Metropolitan Statistical Area)",21808541
2015-01-01,19340,"Davenport-Moline-Rock Island, IA-IL (Metropolitan Statistical Area)",21494246
2016-01-01,19340,"Davenport-Moline-Rock Island, IA-IL (Metropolitan Statistical Area)",21344375
2017-01-01,19340,"Davenport-Moline-Rock Island, IA-IL (Metropolitan Statistical Area)",21554709
2018-01-01,19340,"Davenport-Moline-Rock Island, IA-IL (Metropolitan Statistical Area)",21409425
2019-01-01,19340,"Davenport-Moline-Rock Island, IA-IL (Metropolitan Statistical Area)",21573971
2020-01-01,19340,"Davenport-Moline-Rock Island, IA-IL (Metropolitan Statistical Area)",21047702
2021-01-01,19340,"Davenport-Moline-Rock Island, IA-IL (Metropolitan Statistical Area)",21627162
2022-01-01,19340,"Davenport-Moline-Rock Island, IA-IL (Metropolitan Statistical Area)",21963421
2023-01-01,19340,"Davenport-Moline-Rock Island, IA-IL (Metropolitan Statistical Area)",22420369
2001-01-01,19340,"Davenport-Moline-Rock Island, IA-IL (Metropolitan Statistical Area)",18045860
2002-01-01,19340,"Davenport-Moline-Rock Island, IA-IL (Metropolitan Statistical Area)",17928059
2003-01-01,19340,"Davenport-Moline-Rock Island, IA-IL (Metropolitan Statistical Area)",18476949
2004-01-01,19340,"Davenport-Moline-Rock Island, IA-IL (Metropolitan Statistical Area)",19577028
2005-01-01,19340,"Davenport-Moline-Rock Island, IA-IL (Metropolitan Statistical Area)",20070672
2006-01-01,19340,"Davenport-Moline-Rock Island, IA-IL (Metropolitan Statistical Area)",20128109
2007-01-01,19340,"Davenport-Moline-Rock Island, IA-IL (Metropolitan Statistical Area)",20420878
2008-01-01,19340,"Davenport-Moline-Rock Island, IA-IL (Metropolitan Statistical Area)",20931376
2009-01-01,19340,"Davenport-Moline-Rock Island, IA-IL (Metropolitan Statistical Area)",20051499
2010-01-01,19340,"Davenport-Moline-Rock Island, IA-IL (Metropolitan Statistical Area)",20788937
2010-01-01,19430,"Dayton-Kettering, OH (Metropolitan Statistical Area)",38087353
2011-01-01,19430,"Dayton-Kettering, OH (Metropolitan Statistical Area)",39110528
2012-01-01,19430,"Dayton-Kettering, OH (Metropolitan Statistical Area)",38960890
2013-01-01,19430,"Dayton-Kettering, OH (Metropolitan Statistical Area)",39332039
2014-01-01,19430,"Dayton-Kettering, OH (Metropolitan Statistical Area)",39837647
2015-01-01,19430,"Dayton-Kettering, OH (Metropolitan Statistical Area)",40365713
2016-01-01,19430,"Dayton-Kettering, OH (Metropolitan Statistical Area)",40942899
2017-01-01,19430,"Dayton-Kettering, OH (Metropolitan Statistical Area)",42546733
2018-01-01,19430,"Dayton-Kettering, OH (Metropolitan Statistical Area)",43183270
2019-01-01,19430,"Dayton-Kettering, OH (Metropolitan Statistical Area)",44518198
2020-01-01,19430,"Dayton-Kettering, OH (Metropolitan Statistical Area)",43946139
2021-01-01,19430,"Dayton-Kettering, OH (Metropolitan Statistical Area)",45709423
2022-01-01,19430,"Dayton-Kettering, OH (Metropolitan Statistical Area)",45997387
2023-01-01,19430,"Dayton-Kettering, OH (Metropolitan Statistical Area)",47038019
2001-01-01,19430,"Dayton-Kettering, OH (Metropolitan Statistical Area)",37866415
2002-01-01,19430,"Dayton-Kettering, OH (Metropolitan Statistical Area)",38889266
2003-01-01,19430,"Dayton-Kettering, OH (Metropolitan Statistical Area)",39784775
2004-01-01,19430,"Dayton-Kettering, OH (Metropolitan Statistical Area)",40849328
2005-01-01,19430,"Dayton-Kettering, OH (Metropolitan Statistical Area)",41264002
2006-01-01,19430,"Dayton-Kettering, OH (Metropolitan Statistical Area)",41010010
2007-01-01,19430,"Dayton-Kettering, OH (Metropolitan Statistical Area)",40189304
2008-01-01,19430,"Dayton-Kettering, OH (Metropolitan Statistical Area)",39390627
2009-01-01,19430,"Dayton-Kettering, OH (Metropolitan Statistical Area)",37154450
2011-01-01,19460,"Decatur, AL (Metropolitan Statistical Area)",5810196
2012-01-01,19460,"Decatur, AL (Metropolitan Statistical Area)",5838199
2013-01-01,19460,"Decatur, AL (Metropolitan Statistical Area)",5888878
2014-01-01,19460,"Decatur, AL (Metropolitan Statistical Area)",5951731
2015-01-01,19460,"Decatur, AL (Metropolitan Statistical Area)",5868324
2016-01-01,19460,"Decatur, AL (Metropolitan Statistical Area)",5970442
2017-01-01,19460,"Decatur, AL (Metropolitan Statistical Area)",6090215
2018-01-01,19460,"Decatur, AL (Metropolitan Statistical Area)",6217087
2019-01-01,19460,"Decatur, AL (Metropolitan Statistical Area)",6199053
2020-01-01,19460,"Decatur, AL (Metropolitan Statistical Area)",6317695
2021-01-01,19460,"Decatur, AL (Metropolitan Statistical Area)",6567699
2022-01-01,19460,"Decatur, AL (Metropolitan Statistical Area)",6874169
2023-01-01,19460,"Decatur, AL (Metropolitan Statistical Area)",7037011
2001-01-01,19460,"Decatur, AL (Metropolitan Statistical Area)",5261989
2002-01-01,19460,"Decatur, AL (Metropolitan Statistical Area)",5201044
2003-01-01,19460,"Decatur, AL (Metropolitan Statistical Area)",5633740
2004-01-01,19460,"Decatur, AL (Metropolitan Statistical Area)",6356330
2005-01-01,19460,"Decatur, AL (Metropolitan Statistical Area)",5970917
2006-01-01,19460,"Decatur, AL (Metropolitan Statistical Area)",6041197
2007-01-01,19460,"Decatur, AL (Metropolitan Statistical Area)",6253429
2008-01-01,19460,"Decatur, AL (Metropolitan Statistical Area)",6074321
2009-01-01,19460,"Decatur, AL (Metropolitan Statistical Area)",5967151
2010-01-01,19460,"Decatur, AL (Metropolitan Statistical Area)",6062573
2011-01-01,19500,"Decatur, IL (Metropolitan Statistical Area)",7207010
2012-01-01,19500,"Decatur, IL (Metropolitan Statistical Area)",7089921
2013-01-01,19500,"Decatur, IL (Metropolitan Statistical Area)",7732591
2014-01-01,19500,"Decatur, IL (Metropolitan Statistical Area)",8026261
2015-01-01,19500,"Decatur, IL (Metropolitan Statistical Area)",8271381
2016-01-01,19500,"Decatur, IL (Metropolitan Statistical Area)",7735514
2017-01-01,19500,"Decatur, IL (Metropolitan Statistical Area)",6950487
2018-01-01,19500,"Decatur, IL (Metropolitan Statistical Area)",6752927
2019-01-01,19500,"Decatur, IL (Metropolitan Statistical Area)",6470128
2020-01-01,19500,"Decatur, IL (Metropolitan Statistical Area)",6294521
2021-01-01,19500,"Decatur, IL (Metropolitan Statistical Area)",6898810
2022-01-01,19500,"Decatur, IL (Metropolitan Statistical Area)",7036414
2023-01-01,19500,"Decatur, IL (Metropolitan Statistical Area)",7017642
2001-01-01,19500,"Decatur, IL (Metropolitan Statistical Area)",5995748
2002-01-01,19500,"Decatur, IL (Metropolitan Statistical Area)",5993547
2003-01-01,19500,"Decatur, IL (Metropolitan Statistical Area)",6074061
2004-01-01,19500,"Decatur, IL (Metropolitan Statistical Area)",6267843
2005-01-01,19500,"Decatur, IL (Metropolitan Statistical Area)",6386182
2006-01-01,19500,"Decatur, IL (Metropolitan Statistical Area)",6477648
2007-01-01,19500,"Decatur, IL (Metropolitan Statistical Area)",6626849
2008-01-01,19500,"Decatur, IL (Metropolitan Statistical Area)",6944191
2009-01-01,19500,"Decatur, IL (Metropolitan Statistical Area)",6939037
2010-01-01,19500,"Decatur, IL (Metropolitan Statistical Area)",7044818
2001-01-01,19660,"Deltona-Daytona Beach-Ormond Beach, FL (Metropolitan Statistical Area)",14567985
2002-01-01,19660,"Deltona-Daytona Beach-Ormond Beach, FL (Metropolitan Statistical Area)",15746306
2003-01-01,19660,"Deltona-Daytona Beach-Ormond Beach, FL (Metropolitan Statistical Area)",17062602
2004-01-01,19660,"Deltona-Daytona Beach-Ormond Beach, FL (Metropolitan Statistical Area)",18664793
2005-01-01,19660,"Deltona-Daytona Beach-Ormond Beach, FL (Metropolitan Statistical Area)",19232403
2006-01-01,19660,"Deltona-Daytona Beach-Ormond Beach, FL (Metropolitan Statistical Area)",19845744
2007-01-01,19660,"Deltona-Daytona Beach-Ormond Beach, FL (Metropolitan Statistical Area)",20268760
2008-01-01,19660,"Deltona-Daytona Beach-Ormond Beach, FL (Metropolitan Statistical Area)",19223781
2009-01-01,19660,"Deltona-Daytona Beach-Ormond Beach, FL (Metropolitan Statistical Area)",17891638
2010-01-01,19660,"Deltona-Daytona Beach-Ormond Beach, FL (Metropolitan Statistical Area)",17896299
2011-01-01,19660,"Deltona-Daytona Beach-Ormond Beach, FL (Metropolitan Statistical Area)",17716924
2012-01-01,19660,"Deltona-Daytona Beach-Ormond Beach, FL (Metropolitan Statistical Area)",18087458
2013-01-01,19660,"Deltona-Daytona Beach-Ormond Beach, FL (Metropolitan Statistical Area)",18194697
2014-01-01,19660,"Deltona-Daytona Beach-Ormond Beach, FL (Metropolitan Statistical Area)",18750574
2015-01-01,19660,"Deltona-Daytona Beach-Ormond Beach, FL (Metropolitan Statistical Area)",19225470
2016-01-01,19660,"Deltona-Daytona Beach-Ormond Beach, FL (Metropolitan Statistical Area)",20048396
2017-01-01,19660,"Deltona-Daytona Beach-Ormond Beach, FL (Metropolitan Statistical Area)",20582041
2018-01-01,19660,"Deltona-Daytona Beach-Ormond Beach, FL (Metropolitan Statistical Area)",21185572
2019-01-01,19660,"Deltona-Daytona Beach-Ormond Beach, FL (Metropolitan Statistical Area)",21792703
2020-01-01,19660,"Deltona-Daytona Beach-Ormond Beach, FL (Metropolitan Statistical Area)",21939931
2021-01-01,19660,"Deltona-Daytona Beach-Ormond Beach, FL (Metropolitan Statistical Area)",23263836
2022-01-01,19660,"Deltona-Daytona Beach-Ormond Beach, FL (Metropolitan Statistical Area)",24730474
2023-01-01,19660,"Deltona-Daytona Beach-Ormond Beach, FL (Metropolitan Statistical Area)",25950140
2010-01-01,19740,"Denver-Aurora-Lakewood, CO (Metropolitan Statistical Area) *",157506807
2011-01-01,19740,"Denver-Aurora-Lakewood, CO (Metropolitan Statistical Area) *",160637391
2012-01-01,19740,"Denver-Aurora-Lakewood, CO (Metropolitan Statistical Area) *",165465428
2013-01-01,19740,"Denver-Aurora-Lakewood, CO (Metropolitan Statistical Area) *",173288683
2014-01-01,19740,"Denver-Aurora-Lakewood, CO (Metropolitan Statistical Area) *",181126153
2015-01-01,19740,"Denver-Aurora-Lakewood, CO (Metropolitan Statistical Area) *",190646488
2016-01-01,19740,"Denver-Aurora-Lakewood, CO (Metropolitan Statistical Area) *",194781302
2017-01-01,19740,"Denver-Aurora-Lakewood, CO (Metropolitan Statistical Area) *",202210170
2018-01-01,19740,"Denver-Aurora-Lakewood, CO (Metropolitan Statistical Area) *",211192596
2019-01-01,19740,"Denver-Aurora-Lakewood, CO (Metropolitan Statistical Area) *",222488871
2020-01-01,19740,"Denver-Aurora-Lakewood, CO (Metropolitan Statistical Area) *",222808082
2021-01-01,19740,"Denver-Aurora-Lakewood, CO (Metropolitan Statistical Area) *",239061662
2022-01-01,19740,"Denver-Aurora-Lakewood, CO (Metropolitan Statistical Area) *",250311918
2023-01-01,19740,"Denver-Aurora-Lakewood, CO (Metropolitan Statistical Area) *",258989249
2001-01-01,19740,"Denver-Aurora-Lakewood, CO (Metropolitan Statistical Area) *",141710197
2002-01-01,19740,"Denver-Aurora-Lakewood, CO (Metropolitan Statistical Area) *",142187032
2003-01-01,19740,"Denver-Aurora-Lakewood, CO (Metropolitan Statistical Area) *",142460293
2004-01-01,19740,"Denver-Aurora-Lakewood, CO (Metropolitan Statistical Area) *",143624914
2005-01-01,19740,"Denver-Aurora-Lakewood, CO (Metropolitan Statistical Area) *",149942899
2006-01-01,19740,"Denver-Aurora-Lakewood, CO (Metropolitan Statistical Area) *",152563485
2007-01-01,19740,"Denver-Aurora-Lakewood, CO (Metropolitan Statistical Area) *",159423318
2008-01-01,19740,"Denver-Aurora-Lakewood, CO (Metropolitan Statistical Area) *",158853777
2009-01-01,19740,"Denver-Aurora-Lakewood, CO (Metropolitan Statistical Area) *",153864345
2001-01-01,19780,"Des Moines-West Des Moines, IA (Metropolitan Statistical Area)",30638089
2002-01-01,19780,"Des Moines-West Des Moines, IA (Metropolitan Statistical Area)",30982273
2003-01-01,19780,"Des Moines-West Des Moines, IA (Metropolitan Statistical Area)",33659933
2004-01-01,19780,"Des Moines-West Des Moines, IA (Metropolitan Statistical Area)",36883423
2005-01-01,19780,"Des Moines-West Des Moines, IA (Metropolitan Statistical Area)",39672988
2006-01-01,19780,"Des Moines-West Des Moines, IA (Metropolitan Statistical Area)",39263493
2007-01-01,19780,"Des Moines-West Des Moines, IA (Metropolitan Statistical Area)",43479294
2008-01-01,19780,"Des Moines-West Des Moines, IA (Metropolitan Statistical Area)",39249189
2009-01-01,19780,"Des Moines-West Des Moines, IA (Metropolitan Statistical Area)",38775485
2010-01-01,19780,"Des Moines-West Des Moines, IA (Metropolitan Statistical Area)",39526817
2011-01-01,19780,"Des Moines-West Des Moines, IA (Metropolitan Statistical Area)",39753542
2012-01-01,19780,"Des Moines-West Des Moines, IA (Metropolitan Statistical Area)",42270802
2013-01-01,19780,"Des Moines-West Des Moines, IA (Metropolitan Statistical Area)",41396332
2014-01-01,19780,"Des Moines-West Des Moines, IA (Metropolitan Statistical Area)",46593635
2015-01-01,19780,"Des Moines-West Des Moines, IA (Metropolitan Statistical Area)",50565219
2016-01-01,19780,"Des Moines-West Des Moines, IA (Metropolitan Statistical Area)",52510450
2017-01-01,19780,"Des Moines-West Des Moines, IA (Metropolitan Statistical Area)",51811153
2018-01-01,19780,"Des Moines-West Des Moines, IA (Metropolitan Statistical Area)",51930218
2019-01-01,19780,"Des Moines-West Des Moines, IA (Metropolitan Statistical Area)",54165518
2020-01-01,19780,"Des Moines-West Des Moines, IA (Metropolitan Statistical Area)",55558614
2021-01-01,19780,"Des Moines-West Des Moines, IA (Metropolitan Statistical Area)",60715874
2022-01-01,19780,"Des Moines-West Des Moines, IA (Metropolitan Statistical Area)",59834558
2023-01-01,19780,"Des Moines-West Des Moines, IA (Metropolitan Statistical Area)",60439921
2001-01-01,19820,"Detroit-Warren-Dearborn, MI (Metropolitan Statistical Area)",235602858
2002-01-01,19820,"Detroit-Warren-Dearborn, MI (Metropolitan Statistical Area)",240796482
2003-01-01,19820,"Detroit-Warren-Dearborn, MI (Metropolitan Statistical Area)",247570645
2004-01-01,19820,"Detroit-Warren-Dearborn, MI (Metropolitan Statistical Area)",251004554
2005-01-01,19820,"Detroit-Warren-Dearborn, MI (Metropolitan Statistical Area)",255496165
2006-01-01,19820,"Detroit-Warren-Dearborn, MI (Metropolitan Statistical Area)",246974970
2007-01-01,19820,"Detroit-Warren-Dearborn, MI (Metropolitan Statistical Area)",245300975
2008-01-01,19820,"Detroit-Warren-Dearborn, MI (Metropolitan Statistical Area)",228556220
2009-01-01,19820,"Detroit-Warren-Dearborn, MI (Metropolitan Statistical Area)",203866911
2010-01-01,19820,"Detroit-Warren-Dearborn, MI (Metropolitan Statistical Area)",217989882
2011-01-01,19820,"Detroit-Warren-Dearborn, MI (Metropolitan Statistical Area)",227588257
2012-01-01,19820,"Detroit-Warren-Dearborn, MI (Metropolitan Statistical Area)",235803333
2013-01-01,19820,"Detroit-Warren-Dearborn, MI (Metropolitan Statistical Area)",241779740
2014-01-01,19820,"Detroit-Warren-Dearborn, MI (Metropolitan Statistical Area)",245150779
2015-01-01,19820,"Detroit-Warren-Dearborn, MI (Metropolitan Statistical Area)",249282811
2016-01-01,19820,"Detroit-Warren-Dearborn, MI (Metropolitan Statistical Area)",253977971
2017-01-01,19820,"Detroit-Warren-Dearborn, MI (Metropolitan Statistical Area)",256207316
2018-01-01,19820,"Detroit-Warren-Dearborn, MI (Metropolitan Statistical Area)",261548084
2019-01-01,19820,"Detroit-Warren-Dearborn, MI (Metropolitan Statistical Area)",262687213
2020-01-01,19820,"Detroit-Warren-Dearborn, MI (Metropolitan Statistical Area)",249699954
2021-01-01,19820,"Detroit-Warren-Dearborn, MI (Metropolitan Statistical Area)",263670004
2022-01-01,19820,"Detroit-Warren-Dearborn, MI (Metropolitan Statistical Area)",271653784
2023-01-01,19820,"Detroit-Warren-Dearborn, MI (Metropolitan Statistical Area)",276493740
2011-01-01,20020,"Dothan, AL (Metropolitan Statistical Area)",5363415
2012-01-01,20020,"Dothan, AL (Metropolitan Statistical Area)",5451142
2013-01-01,20020,"Dothan, AL (Metropolitan Statistical Area)",5710884
2014-01-01,20020,"Dothan, AL (Metropolitan Statistical Area)",5807335
2015-01-01,20020,"Dothan, AL (Metropolitan Statistical Area)",5952654
2016-01-01,20020,"Dothan, AL (Metropolitan Statistical Area)",6249501
2017-01-01,20020,"Dothan, AL (Metropolitan Statistical Area)",6355776
2018-01-01,20020,"Dothan, AL (Metropolitan Statistical Area)",6409091
2019-01-01,20020,"Dothan, AL (Metropolitan Statistical Area)",6556015
2020-01-01,20020,"Dothan, AL (Metropolitan Statistical Area)",6620462
2021-01-01,20020,"Dothan, AL (Metropolitan Statistical Area)",6871170
2022-01-01,20020,"Dothan, AL (Metropolitan Statistical Area)",6848662
2023-01-01,20020,"Dothan, AL (Metropolitan Statistical Area)",7035925
2001-01-01,20020,"Dothan, AL (Metropolitan Statistical Area)",4998499
2002-01-01,20020,"Dothan, AL (Metropolitan Statistical Area)",5228346
2003-01-01,20020,"Dothan, AL (Metropolitan Statistical Area)",5309881
2004-01-01,20020,"Dothan, AL (Metropolitan Statistical Area)",5492664
2005-01-01,20020,"Dothan, AL (Metropolitan Statistical Area)",5608877
2006-01-01,20020,"Dothan, AL (Metropolitan Statistical Area)",5701120
2007-01-01,20020,"Dothan, AL (Metropolitan Statistical Area)",5706636
2008-01-01,20020,"Dothan, AL (Metropolitan Statistical Area)",5554451
2009-01-01,20020,"Dothan, AL (Metropolitan Statistical Area)",5372256
2010-01-01,20020,"Dothan, AL (Metropolitan Statistical Area)",5378905
2001-01-01,20100,"Dover, DE (Metropolitan Statistical Area)",6093023
2002-01-01,20100,"Dover, DE (Metropolitan Statistical Area)",6233227
2003-01-01,20100,"Dover, DE (Metropolitan Statistical Area)",6417318
2004-01-01,20100,"Dover, DE (Metropolitan Statistical Area)",7140541
2005-01-01,20100,"Dover, DE (Metropolitan Statistical Area)",7155882
2006-01-01,20100,"Dover, DE (Metropolitan Statistical Area)",7328201
2007-01-01,20100,"Dover, DE (Metropolitan Statistical Area)",7523257
2008-01-01,20100,"Dover, DE (Metropolitan Statistical Area)",7256045
2009-01-01,20100,"Dover, DE (Metropolitan Statistical Area)",7692168
2010-01-01,20100,"Dover, DE (Metropolitan Statistical Area)",7496283
2011-01-01,20100,"Dover, DE (Metropolitan Statistical Area)",7568530
2012-01-01,20100,"Dover, DE (Metropolitan Statistical Area)",7075683
2013-01-01,20100,"Dover, DE (Metropolitan Statistical Area)",7079534
2014-01-01,20100,"Dover, DE (Metropolitan Statistical Area)",7256299
2015-01-01,20100,"Dover, DE (Metropolitan Statistical Area)",7430423
2016-01-01,20100,"Dover, DE (Metropolitan Statistical Area)",7582401
2017-01-01,20100,"Dover, DE (Metropolitan Statistical Area)",7633026
2018-01-01,20100,"Dover, DE (Metropolitan Statistical Area)",7813320
2019-01-01,20100,"Dover, DE (Metropolitan Statistical Area)",8393407
2020-01-01,20100,"Dover, DE (Metropolitan Statistical Area)",7962310
2021-01-01,20100,"Dover, DE (Metropolitan Statistical Area)",8301820
2022-01-01,20100,"Dover, DE (Metropolitan Statistical Area)",8525668
2023-01-01,20100,"Dover, DE (Metropolitan Statistical Area)",8417117
2011-01-01,20220,"Dubuque, IA (Metropolitan Statistical Area)",5245759
2012-01-01,20220,"Dubuque, IA (Metropolitan Statistical Area)",5982874
2013-01-01,20220,"Dubuque, IA (Metropolitan Statistical Area)",5657235
2014-01-01,20220,"Dubuque, IA (Metropolitan Statistical Area)",6160513
2015-01-01,20220,"Dubuque, IA (Metropolitan Statistical Area)",6276359
2016-01-01,20220,"Dubuque, IA (Metropolitan Statistical Area)",6100045
2017-01-01,20220,"Dubuque, IA (Metropolitan Statistical Area)",6389591
2018-01-01,20220,"Dubuque, IA (Metropolitan Statistical Area)",6378942
2019-01-01,20220,"Dubuque, IA (Metropolitan Statistical Area)",6631496
2020-01-01,20220,"Dubuque, IA (Metropolitan Statistical Area)",6591464
2021-01-01,20220,"Dubuque, IA (Metropolitan Statistical Area)",6752157
2022-01-01,20220,"Dubuque, IA (Metropolitan Statistical Area)",6956228
2023-01-01,20220,"Dubuque, IA (Metropolitan Statistical Area)",7014874
2001-01-01,20220,"Dubuque, IA (Metropolitan Statistical Area)",3855258
2002-01-01,20220,"Dubuque, IA (Metropolitan Statistical Area)",4029488
2003-01-01,20220,"Dubuque, IA (Metropolitan Statistical Area)",4227320
2004-01-01,20220,"Dubuque, IA (Metropolitan Statistical Area)",4702841
2005-01-01,20220,"Dubuque, IA (Metropolitan Statistical Area)",5026658
2006-01-01,20220,"Dubuque, IA (Metropolitan Statistical Area)",5156032
2007-01-01,20220,"Dubuque, IA (Metropolitan Statistical Area)",5407343
2008-01-01,20220,"Dubuque, IA (Metropolitan Statistical Area)",5180129
2009-01-01,20220,"Dubuque, IA (Metropolitan Statistical Area)",4858010
2010-01-01,20220,"Dubuque, IA (Metropolitan Statistical Area)",5259169
2010-01-01,20260,"Duluth, MN-WI (Metropolitan Statistical Area)",14437583
2011-01-01,20260,"Duluth, MN-WI (Metropolitan Statistical Area)",14920720
2012-01-01,20260,"Duluth, MN-WI (Metropolitan Statistical Area)",14242804
2013-01-01,20260,"Duluth, MN-WI (Metropolitan Statistical Area)",14702778
2014-01-01,20260,"Duluth, MN-WI (Metropolitan Statistical Area)",14577480
2015-01-01,20260,"Duluth, MN-WI (Metropolitan Statistical Area)",13289145
2016-01-01,20260,"Duluth, MN-WI (Metropolitan Statistical Area)",13651341
2017-01-01,20260,"Duluth, MN-WI (Metropolitan Statistical Area)",13554938
2018-01-01,20260,"Duluth, MN-WI (Metropolitan Statistical Area)",13868115
2019-01-01,20260,"Duluth, MN-WI (Metropolitan Statistical Area)",14163657
2020-01-01,20260,"Duluth, MN-WI (Metropolitan Statistical Area)",13358014
2021-01-01,20260,"Duluth, MN-WI (Metropolitan Statistical Area)",13882259
2022-01-01,20260,"Duluth, MN-WI (Metropolitan Statistical Area)",14087884
2023-01-01,20260,"Duluth, MN-WI (Metropolitan Statistical Area)",14678601
2001-01-01,20260,"Duluth, MN-WI (Metropolitan Statistical Area)",12253523
2002-01-01,20260,"Duluth, MN-WI (Metropolitan Statistical Area)",12700217
2003-01-01,20260,"Duluth, MN-WI (Metropolitan Statistical Area)",12888563
2004-01-01,20260,"Duluth, MN-WI (Metropolitan Statistical Area)",13587931
2005-01-01,20260,"Duluth, MN-WI (Metropolitan Statistical Area)",13779643
2006-01-01,20260,"Duluth, MN-WI (Metropolitan Statistical Area)",13588792
2007-01-01,20260,"Duluth, MN-WI (Metropolitan Statistical Area)",13279290
2008-01-01,20260,"Duluth, MN-WI (Metropolitan Statistical Area)",13688675
2009-01-01,20260,"Duluth, MN-WI (Metropolitan Statistical Area)",12957238
2010-01-01,20500,"Durham-Chapel Hill, NC (Metropolitan Statistical Area)",48092806
2011-01-01,20500,"Durham-Chapel Hill, NC (Metropolitan Statistical Area)",47239079
2012-01-01,20500,"Durham-Chapel Hill, NC (Metropolitan Statistical Area)",48043292
2013-01-01,20500,"Durham-Chapel Hill, NC (Metropolitan Statistical Area)",48743277
2014-01-01,20500,"Durham-Chapel Hill, NC (Metropolitan Statistical Area)",47803224
2015-01-01,20500,"Durham-Chapel Hill, NC (Metropolitan Statistical Area)",47012945
2016-01-01,20500,"Durham-Chapel Hill, NC (Metropolitan Statistical Area)",46676890
2017-01-01,20500,"Durham-Chapel Hill, NC (Metropolitan Statistical Area)",46431099
2018-01-01,20500,"Durham-Chapel Hill, NC (Metropolitan Statistical Area)",48726823
2019-01-01,20500,"Durham-Chapel Hill, NC (Metropolitan Statistical Area)",50111370
2020-01-01,20500,"Durham-Chapel Hill, NC (Metropolitan Statistical Area)",51537975
2021-01-01,20500,"Durham-Chapel Hill, NC (Metropolitan Statistical Area)",55135346
2022-01-01,20500,"Durham-Chapel Hill, NC (Metropolitan Statistical Area)",56996009
2023-01-01,20500,"Durham-Chapel Hill, NC (Metropolitan Statistical Area)",59014927
2001-01-01,20500,"Durham-Chapel Hill, NC (Metropolitan Statistical Area)",28804211
2002-01-01,20500,"Durham-Chapel Hill, NC (Metropolitan Statistical Area)",30201383
2003-01-01,20500,"Durham-Chapel Hill, NC (Metropolitan Statistical Area)",32012910
2004-01-01,20500,"Durham-Chapel Hill, NC (Metropolitan Statistical Area)",32654238
2005-01-01,20500,"Durham-Chapel Hill, NC (Metropolitan Statistical Area)",34913541
2006-01-01,20500,"Durham-Chapel Hill, NC (Metropolitan Statistical Area)",42727162
2007-01-01,20500,"Durham-Chapel Hill, NC (Metropolitan Statistical Area)",46088689
2008-01-01,20500,"Durham-Chapel Hill, NC (Metropolitan Statistical Area)",47789005
2009-01-01,20500,"Durham-Chapel Hill, NC (Metropolitan Statistical Area)",44318883
2001-01-01,20700,"East Stroudsburg, PA (Metropolitan Statistical Area)",5097726
2002-01-01,20700,"East Stroudsburg, PA (Metropolitan Statistical Area)",5267639
2003-01-01,20700,"East Stroudsburg, PA (Metropolitan Statistical Area)",5383866
2004-01-01,20700,"East Stroudsburg, PA (Metropolitan Statistical Area)",5832838
2005-01-01,20700,"East Stroudsburg, PA (Metropolitan Statistical Area)",6259895
2006-01-01,20700,"East Stroudsburg, PA (Metropolitan Statistical Area)",6581884
2007-01-01,20700,"East Stroudsburg, PA (Metropolitan Statistical Area)",6992166
2008-01-01,20700,"East Stroudsburg, PA (Metropolitan Statistical Area)",7069111
2009-01-01,20700,"East Stroudsburg, PA (Metropolitan Statistical Area)",6852086
2010-01-01,20700,"East Stroudsburg, PA (Metropolitan Statistical Area)",6960063
2011-01-01,20700,"East Stroudsburg, PA (Metropolitan Statistical Area)",6855732
2012-01-01,20700,"East Stroudsburg, PA (Metropolitan Statistical Area)",6699526
2013-01-01,20700,"East Stroudsburg, PA (Metropolitan Statistical Area)",6791017
2014-01-01,20700,"East Stroudsburg, PA (Metropolitan Statistical Area)",6848021
2015-01-01,20700,"East Stroudsburg, PA (Metropolitan Statistical Area)",7128640
2016-01-01,20700,"East Stroudsburg, PA (Metropolitan Statistical Area)",7235652
2017-01-01,20700,"East Stroudsburg, PA (Metropolitan Statistical Area)",7597383
2018-01-01,20700,"East Stroudsburg, PA (Metropolitan Statistical Area)",7669423
2019-01-01,20700,"East Stroudsburg, PA (Metropolitan Statistical Area)",7632076
2020-01-01,20700,"East Stroudsburg, PA (Metropolitan Statistical Area)",6867159
2021-01-01,20700,"East Stroudsburg, PA (Metropolitan Statistical Area)",7254850
2022-01-01,20700,"East Stroudsburg, PA (Metropolitan Statistical Area)",7182444
2023-01-01,20700,"East Stroudsburg, PA (Metropolitan Statistical Area)",7420773
2001-01-01,20740,"Eau Claire, WI (Metropolitan Statistical Area)",5636680
2002-01-01,20740,"Eau Claire, WI (Metropolitan Statistical Area)",5915449
2003-01-01,20740,"Eau Claire, WI (Metropolitan Statistical Area)",6191610
2004-01-01,20740,"Eau Claire, WI (Metropolitan Statistical Area)",6509800
2005-01-01,20740,"Eau Claire, WI (Metropolitan Statistical Area)",6970625
2006-01-01,20740,"Eau Claire, WI (Metropolitan Statistical Area)",7079608
2007-01-01,20740,"Eau Claire, WI (Metropolitan Statistical Area)",7312374
2008-01-01,20740,"Eau Claire, WI (Metropolitan Statistical Area)",7138258
2009-01-01,20740,"Eau Claire, WI (Metropolitan Statistical Area)",7067548
2010-01-01,20740,"Eau Claire, WI (Metropolitan Statistical Area)",7480739
2011-01-01,20740,"Eau Claire, WI (Metropolitan Statistical Area)",7674900
2012-01-01,20740,"Eau Claire, WI (Metropolitan Statistical Area)",7968348
2013-01-01,20740,"Eau Claire, WI (Metropolitan Statistical Area)",7991158
2014-01-01,20740,"Eau Claire, WI (Metropolitan Statistical Area)",8639073
2015-01-01,20740,"Eau Claire, WI (Metropolitan Statistical Area)",8851444
2016-01-01,20740,"Eau Claire, WI (Metropolitan Statistical Area)",8802779
2017-01-01,20740,"Eau Claire, WI (Metropolitan Statistical Area)",8949759
2018-01-01,20740,"Eau Claire, WI (Metropolitan Statistical Area)",9144818
2019-01-01,20740,"Eau Claire, WI (Metropolitan Statistical Area)",9326946
2020-01-01,20740,"Eau Claire, WI (Metropolitan Statistical Area)",8812056
2021-01-01,20740,"Eau Claire, WI (Metropolitan Statistical Area)",9126206
2022-01-01,20740,"Eau Claire, WI (Metropolitan Statistical Area)",9296439
2023-01-01,20740,"Eau Claire, WI (Metropolitan Statistical Area)",9433986
2011-01-01,20940,"El Centro, CA (Metropolitan Statistical Area)",7039022
2012-01-01,20940,"El Centro, CA (Metropolitan Statistical Area)",6645696
2013-01-01,20940,"El Centro, CA (Metropolitan Statistical Area)",6988080
2014-01-01,20940,"El Centro, CA (Metropolitan Statistical Area)",7396757
2015-01-01,20940,"El Centro, CA (Metropolitan Statistical Area)",8069618
2016-01-01,20940,"El Centro, CA (Metropolitan Statistical Area)",8220070
2017-01-01,20940,"El Centro, CA (Metropolitan Statistical Area)",8039122
2018-01-01,20940,"El Centro, CA (Metropolitan Statistical Area)",8000968
2019-01-01,20940,"El Centro, CA (Metropolitan Statistical Area)",8360083
2020-01-01,20940,"El Centro, CA (Metropolitan Statistical Area)",8764641
2021-01-01,20940,"El Centro, CA (Metropolitan Statistical Area)",8402635
2022-01-01,20940,"El Centro, CA (Metropolitan Statistical Area)",8994544
2023-01-01,20940,"El Centro, CA (Metropolitan Statistical Area)",10467574
2001-01-01,20940,"El Centro, CA (Metropolitan Statistical Area)",4964608
2002-01-01,20940,"El Centro, CA (Metropolitan Statistical Area)",6020679
2003-01-01,20940,"El Centro, CA (Metropolitan Statistical Area)",5596632
2004-01-01,20940,"El Centro, CA (Metropolitan Statistical Area)",5383995
2005-01-01,20940,"El Centro, CA (Metropolitan Statistical Area)",5877892
2006-01-01,20940,"El Centro, CA (Metropolitan Statistical Area)",6297795
2007-01-01,20940,"El Centro, CA (Metropolitan Statistical Area)",6078852
2008-01-01,20940,"El Centro, CA (Metropolitan Statistical Area)",7113770
2009-01-01,20940,"El Centro, CA (Metropolitan Statistical Area)",6819061
2010-01-01,20940,"El Centro, CA (Metropolitan Statistical Area)",6774235
2010-01-01,21060,"Elizabethtown-Fort Knox, KY (Metropolitan Statistical Area)",6172700
2011-01-01,21060,"Elizabethtown-Fort Knox, KY (Metropolitan Statistical Area)",6517044
2012-01-01,21060,"Elizabethtown-Fort Knox, KY (Metropolitan Statistical Area)",6244760
2013-01-01,21060,"Elizabethtown-Fort Knox, KY (Metropolitan Statistical Area)",6172082
2014-01-01,21060,"Elizabethtown-Fort Knox, KY (Metropolitan Statistical Area)",5978962
2015-01-01,21060,"Elizabethtown-Fort Knox, KY (Metropolitan Statistical Area)",5711240
2016-01-01,21060,"Elizabethtown-Fort Knox, KY (Metropolitan Statistical Area)",5828847
2017-01-01,21060,"Elizabethtown-Fort Knox, KY (Metropolitan Statistical Area)",5939236
2018-01-01,21060,"Elizabethtown-Fort Knox, KY (Metropolitan Statistical Area)",5878170
2019-01-01,21060,"Elizabethtown-Fort Knox, KY (Metropolitan Statistical Area)",6040413
2020-01-01,21060,"Elizabethtown-Fort Knox, KY (Metropolitan Statistical Area)",5940437
2021-01-01,21060,"Elizabethtown-Fort Knox, KY (Metropolitan Statistical Area)",6334541
2022-01-01,21060,"Elizabethtown-Fort Knox, KY (Metropolitan Statistical Area)",6507673
2023-01-01,21060,"Elizabethtown-Fort Knox, KY (Metropolitan Statistical Area)",6624628
2001-01-01,21060,"Elizabethtown-Fort Knox, KY (Metropolitan Statistical Area)",4524106
2002-01-01,21060,"Elizabethtown-Fort Knox, KY (Metropolitan Statistical Area)",4570157
2003-01-01,21060,"Elizabethtown-Fort Knox, KY (Metropolitan Statistical Area)",4733589
2004-01-01,21060,"Elizabethtown-Fort Knox, KY (Metropolitan Statistical Area)",4919011
2005-01-01,21060,"Elizabethtown-Fort Knox, KY (Metropolitan Statistical Area)",5050430
2006-01-01,21060,"Elizabethtown-Fort Knox, KY (Metropolitan Statistical Area)",5224136
2007-01-01,21060,"Elizabethtown-Fort Knox, KY (Metropolitan Statistical Area)",5265452
2008-01-01,21060,"Elizabethtown-Fort Knox, KY (Metropolitan Statistical Area)",5574726
2009-01-01,21060,"Elizabethtown-Fort Knox, KY (Metropolitan Statistical Area)",5515255
2010-01-01,21140,"Elkhart-Goshen, IN (Metropolitan Statistical Area)",10437631
2011-01-01,21140,"Elkhart-Goshen, IN (Metropolitan Statistical Area)",10276136
2012-01-01,21140,"Elkhart-Goshen, IN (Metropolitan Statistical Area)",10537086
2013-01-01,21140,"Elkhart-Goshen, IN (Metropolitan Statistical Area)",11523103
2014-01-01,21140,"Elkhart-Goshen, IN (Metropolitan Statistical Area)",12529679
2015-01-01,21140,"Elkhart-Goshen, IN (Metropolitan Statistical Area)",13572433
2016-01-01,21140,"Elkhart-Goshen, IN (Metropolitan Statistical Area)",14813421
2017-01-01,21140,"Elkhart-Goshen, IN (Metropolitan Statistical Area)",16441996
2018-01-01,21140,"Elkhart-Goshen, IN (Metropolitan Statistical Area)",16607681
2019-01-01,21140,"Elkhart-Goshen, IN (Metropolitan Statistical Area)",16078429
2020-01-01,21140,"Elkhart-Goshen, IN (Metropolitan Statistical Area)",15671462
2021-01-01,21140,"Elkhart-Goshen, IN (Metropolitan Statistical Area)",19322879
2022-01-01,21140,"Elkhart-Goshen, IN (Metropolitan Statistical Area)",20150508
2023-01-01,21140,"Elkhart-Goshen, IN (Metropolitan Statistical Area)",18282076
2001-01-01,21140,"Elkhart-Goshen, IN (Metropolitan Statistical Area)",8242652
2002-01-01,21140,"Elkhart-Goshen, IN (Metropolitan Statistical Area)",8950685
2003-01-01,21140,"Elkhart-Goshen, IN (Metropolitan Statistical Area)",9859685
2004-01-01,21140,"Elkhart-Goshen, IN (Metropolitan Statistical Area)",10519849
2005-01-01,21140,"Elkhart-Goshen, IN (Metropolitan Statistical Area)",11345226
2006-01-01,21140,"Elkhart-Goshen, IN (Metropolitan Statistical Area)",12119110
2007-01-01,21140,"Elkhart-Goshen, IN (Metropolitan Statistical Area)",12195613
2008-01-01,21140,"Elkhart-Goshen, IN (Metropolitan Statistical Area)",10614239
2009-01-01,21140,"Elkhart-Goshen, IN (Metropolitan Statistical Area)",7815232
2001-01-01,21300,"Elmira, NY (Metropolitan Statistical Area)",3275905
2002-01-01,21300,"Elmira, NY (Metropolitan Statistical Area)",3283037
2003-01-01,21300,"Elmira, NY (Metropolitan Statistical Area)",3338562
2004-01-01,21300,"Elmira, NY (Metropolitan Statistical Area)",3436206
2005-01-01,21300,"Elmira, NY (Metropolitan Statistical Area)",3501939
2006-01-01,21300,"Elmira, NY (Metropolitan Statistical Area)",3465053
2007-01-01,21300,"Elmira, NY (Metropolitan Statistical Area)",3562798
2008-01-01,21300,"Elmira, NY (Metropolitan Statistical Area)",3769235
2009-01-01,21300,"Elmira, NY (Metropolitan Statistical Area)",3744922
2010-01-01,21300,"Elmira, NY (Metropolitan Statistical Area)",3879817
2011-01-01,21300,"Elmira, NY (Metropolitan Statistical Area)",3972684
2012-01-01,21300,"Elmira, NY (Metropolitan Statistical Area)",3982880
2013-01-01,21300,"Elmira, NY (Metropolitan Statistical Area)",4012432
2014-01-01,21300,"Elmira, NY (Metropolitan Statistical Area)",4011674
2015-01-01,21300,"Elmira, NY (Metropolitan Statistical Area)",3880865
2016-01-01,21300,"Elmira, NY (Metropolitan Statistical Area)",3789358
2017-01-01,21300,"Elmira, NY (Metropolitan Statistical Area)",3691136
2018-01-01,21300,"Elmira, NY (Metropolitan Statistical Area)",3741851
2019-01-01,21300,"Elmira, NY (Metropolitan Statistical Area)",3715758
2020-01-01,21300,"Elmira, NY (Metropolitan Statistical Area)",3532357
2021-01-01,21300,"Elmira, NY (Metropolitan Statistical Area)",3643263
2022-01-01,21300,"Elmira, NY (Metropolitan Statistical Area)",3618249
2023-01-01,21300,"Elmira, NY (Metropolitan Statistical Area)",3622588
2001-01-01,21340,"El Paso, TX (Metropolitan Statistical Area)",21546208
2002-01-01,21340,"El Paso, TX (Metropolitan Statistical Area)",22344375
2003-01-01,21340,"El Paso, TX (Metropolitan Statistical Area)",22463779
2004-01-01,21340,"El Paso, TX (Metropolitan Statistical Area)",23844191
2005-01-01,21340,"El Paso, TX (Metropolitan Statistical Area)",24433210
2006-01-01,21340,"El Paso, TX (Metropolitan Statistical Area)",25013893
2007-01-01,21340,"El Paso, TX (Metropolitan Statistical Area)",25587850
2008-01-01,21340,"El Paso, TX (Metropolitan Statistical Area)",24919571
2009-01-01,21340,"El Paso, TX (Metropolitan Statistical Area)",25338786
2010-01-01,21340,"El Paso, TX (Metropolitan Statistical Area)",27435612
2011-01-01,21340,"El Paso, TX (Metropolitan Statistical Area)",28829005
2012-01-01,21340,"El Paso, TX (Metropolitan Statistical Area)",29698266
2013-01-01,21340,"El Paso, TX (Metropolitan Statistical Area)",29559100
2014-01-01,21340,"El Paso, TX (Metropolitan Statistical Area)",29112388
2015-01-01,21340,"El Paso, TX (Metropolitan Statistical Area)",29541342
2016-01-01,21340,"El Paso, TX (Metropolitan Statistical Area)",29797189
2017-01-01,21340,"El Paso, TX (Metropolitan Statistical Area)",30409532
2018-01-01,21340,"El Paso, TX (Metropolitan Statistical Area)",31352307
2019-01-01,21340,"El Paso, TX (Metropolitan Statistical Area)",33052829
2020-01-01,21340,"El Paso, TX (Metropolitan Statistical Area)",32881105
2021-01-01,21340,"El Paso, TX (Metropolitan Statistical Area)",35262097
2022-01-01,21340,"El Paso, TX (Metropolitan Statistical Area)",35929929
2023-01-01,21340,"El Paso, TX (Metropolitan Statistical Area)",38112106
2010-01-01,21420,"Enid, OK (Metropolitan Statistical Area)",2316838
2011-01-01,21420,"Enid, OK (Metropolitan Statistical Area)",2546516
2012-01-01,21420,"Enid, OK (Metropolitan Statistical Area)",2829109
2013-01-01,21420,"Enid, OK (Metropolitan Statistical Area)",2760523
2014-01-01,21420,"Enid, OK (Metropolitan Statistical Area)",3076434
2015-01-01,21420,"Enid, OK (Metropolitan Statistical Area)",3293618
2016-01-01,21420,"Enid, OK (Metropolitan Statistical Area)",3244115
2017-01-01,21420,"Enid, OK (Metropolitan Statistical Area)",2849100
2018-01-01,21420,"Enid, OK (Metropolitan Statistical Area)",2805923
2019-01-01,21420,"Enid, OK (Metropolitan Statistical Area)",2843513
2020-01-01,21420,"Enid, OK (Metropolitan Statistical Area)",2678999
2021-01-01,21420,"Enid, OK (Metropolitan Statistical Area)",2950916
2022-01-01,21420,"Enid, OK (Metropolitan Statistical Area)",2892301
2023-01-01,21420,"Enid, OK (Metropolitan Statistical Area)",3088603
2001-01-01,21420,"Enid, OK (Metropolitan Statistical Area)",1771703
2002-01-01,21420,"Enid, OK (Metropolitan Statistical Area)",1796882
2003-01-01,21420,"Enid, OK (Metropolitan Statistical Area)",1882984
2004-01-01,21420,"Enid, OK (Metropolitan Statistical Area)",1933053
2005-01-01,21420,"Enid, OK (Metropolitan Statistical Area)",1961842
2006-01-01,21420,"Enid, OK (Metropolitan Statistical Area)",2121421
2007-01-01,21420,"Enid, OK (Metropolitan Statistical Area)",2096693
2008-01-01,21420,"Enid, OK (Metropolitan Statistical Area)",2290124
2009-01-01,21420,"Enid, OK (Metropolitan Statistical Area)",2266582
2001-01-01,21500,"Erie, PA (Metropolitan Statistical Area)",11145593
2002-01-01,21500,"Erie, PA (Metropolitan Statistical Area)",11002734
2003-01-01,21500,"Erie, PA (Metropolitan Statistical Area)",11124957
2004-01-01,21500,"Erie, PA (Metropolitan Statistical Area)",11451712
2005-01-01,21500,"Erie, PA (Metropolitan Statistical Area)",11969021
2006-01-01,21500,"Erie, PA (Metropolitan Statistical Area)",12152810
2007-01-01,21500,"Erie, PA (Metropolitan Statistical Area)",12578339
2008-01-01,21500,"Erie, PA (Metropolitan Statistical Area)",13192175
2009-01-01,21500,"Erie, PA (Metropolitan Statistical Area)",12022868
2010-01-01,21500,"Erie, PA (Metropolitan Statistical Area)",12349756
2011-01-01,21500,"Erie, PA (Metropolitan Statistical Area)",12878647
2012-01-01,21500,"Erie, PA (Metropolitan Statistical Area)",12534074
2013-01-01,21500,"Erie, PA (Metropolitan Statistical Area)",12729553
2014-01-01,21500,"Erie, PA (Metropolitan Statistical Area)",12083553
2015-01-01,21500,"Erie, PA (Metropolitan Statistical Area)",12099658
2016-01-01,21500,"Erie, PA (Metropolitan Statistical Area)",11792201
2017-01-01,21500,"Erie, PA (Metropolitan Statistical Area)",11500326
2018-01-01,21500,"Erie, PA (Metropolitan Statistical Area)",11600425
2019-01-01,21500,"Erie, PA (Metropolitan Statistical Area)",11660440
2020-01-01,21500,"Erie, PA (Metropolitan Statistical Area)",10962392
2021-01-01,21500,"Erie, PA (Metropolitan Statistical Area)",11187341
2022-01-01,21500,"Erie, PA (Metropolitan Statistical Area)",11253914
2023-01-01,21500,"Erie, PA (Metropolitan Statistical Area)",11425284
2009-01-01,21660,"Eugene-Springfield, OR (Metropolitan Statistical Area)",13475117
2010-01-01,21660,"Eugene-Springfield, OR (Metropolitan Statistical Area)",13659167
2011-01-01,21660,"Eugene-Springfield, OR (Metropolitan Statistical Area)",13727765
2012-01-01,21660,"Eugene-Springfield, OR (Metropolitan Statistical Area)",13839633
2013-01-01,21660,"Eugene-Springfield, OR (Metropolitan Statistical Area)",13933773
2014-01-01,21660,"Eugene-Springfield, OR (Metropolitan Statistical Area)",14146572
2015-01-01,21660,"Eugene-Springfield, OR (Metropolitan Statistical Area)",14847249
2016-01-01,21660,"Eugene-Springfield, OR (Metropolitan Statistical Area)",15290781
2017-01-01,21660,"Eugene-Springfield, OR (Metropolitan Statistical Area)",15867405
2018-01-01,21660,"Eugene-Springfield, OR (Metropolitan Statistical Area)",16302256
2019-01-01,21660,"Eugene-Springfield, OR (Metropolitan Statistical Area)",16370571
2020-01-01,21660,"Eugene-Springfield, OR (Metropolitan Statistical Area)",16256109
2021-01-01,21660,"Eugene-Springfield, OR (Metropolitan Statistical Area)",17393440
2022-01-01,21660,"Eugene-Springfield, OR (Metropolitan Statistical Area)",17722102
2023-01-01,21660,"Eugene-Springfield, OR (Metropolitan Statistical Area)",18136369
2001-01-01,21660,"Eugene-Springfield, OR (Metropolitan Statistical Area)",12031268
2002-01-01,21660,"Eugene-Springfield, OR (Metropolitan Statistical Area)",12266805
2003-01-01,21660,"Eugene-Springfield, OR (Metropolitan Statistical Area)",12551258
2004-01-01,21660,"Eugene-Springfield, OR (Metropolitan Statistical Area)",13154266
2005-01-01,21660,"Eugene-Springfield, OR (Metropolitan Statistical Area)",13772300
2006-01-01,21660,"Eugene-Springfield, OR (Metropolitan Statistical Area)",14213521
2007-01-01,21660,"Eugene-Springfield, OR (Metropolitan Statistical Area)",14493875
2008-01-01,21660,"Eugene-Springfield, OR (Metropolitan Statistical Area)",14356808
2001-01-01,21780,"Evansville, IN-KY (Metropolitan Statistical Area)",15630244
2002-01-01,21780,"Evansville, IN-KY (Metropolitan Statistical Area)",16495979
2003-01-01,21780,"Evansville, IN-KY (Metropolitan Statistical Area)",17186413
2004-01-01,21780,"Evansville, IN-KY (Metropolitan Statistical Area)",18223063
2005-01-01,21780,"Evansville, IN-KY (Metropolitan Statistical Area)",17730892
2006-01-01,21780,"Evansville, IN-KY (Metropolitan Statistical Area)",16787392
2007-01-01,21780,"Evansville, IN-KY (Metropolitan Statistical Area)",16618991
2008-01-01,21780,"Evansville, IN-KY (Metropolitan Statistical Area)",17368526
2009-01-01,21780,"Evansville, IN-KY (Metropolitan Statistical Area)",16741997
2010-01-01,21780,"Evansville, IN-KY (Metropolitan Statistical Area)",17275907
2011-01-01,21780,"Evansville, IN-KY (Metropolitan Statistical Area)",17434619
2012-01-01,21780,"Evansville, IN-KY (Metropolitan Statistical Area)",17063423
2013-01-01,21780,"Evansville, IN-KY (Metropolitan Statistical Area)",16405106
2014-01-01,21780,"Evansville, IN-KY (Metropolitan Statistical Area)",16212597
2015-01-01,21780,"Evansville, IN-KY (Metropolitan Statistical Area)",16355836
2016-01-01,21780,"Evansville, IN-KY (Metropolitan Statistical Area)",16686163
2017-01-01,21780,"Evansville, IN-KY (Metropolitan Statistical Area)",17861300
2018-01-01,21780,"Evansville, IN-KY (Metropolitan Statistical Area)",18372489
2019-01-01,21780,"Evansville, IN-KY (Metropolitan Statistical Area)",19231710
2020-01-01,21780,"Evansville, IN-KY (Metropolitan Statistical Area)",18297741
2021-01-01,21780,"Evansville, IN-KY (Metropolitan Statistical Area)",20447519
2022-01-01,21780,"Evansville, IN-KY (Metropolitan Statistical Area)",20283908
2023-01-01,21780,"Evansville, IN-KY (Metropolitan Statistical Area)",21197753
2001-01-01,21820,"Fairbanks, AK (Metropolitan Statistical Area)",6194461
2002-01-01,21820,"Fairbanks, AK (Metropolitan Statistical Area)",5405237
2003-01-01,21820,"Fairbanks, AK (Metropolitan Statistical Area)",5485142
2004-01-01,21820,"Fairbanks, AK (Metropolitan Statistical Area)",5533733
2005-01-01,21820,"Fairbanks, AK (Metropolitan Statistical Area)",6053767
2006-01-01,21820,"Fairbanks, AK (Metropolitan Statistical Area)",6280790
2007-01-01,21820,"Fairbanks, AK (Metropolitan Statistical Area)",6387082
2008-01-01,21820,"Fairbanks, AK (Metropolitan Statistical Area)",6910300
2009-01-01,21820,"Fairbanks, AK (Metropolitan Statistical Area)",6775344
2010-01-01,21820,"Fairbanks, AK (Metropolitan Statistical Area)",6888331
2011-01-01,21820,"Fairbanks, AK (Metropolitan Statistical Area)",6377776
2012-01-01,21820,"Fairbanks, AK (Metropolitan Statistical Area)",6048355
2013-01-01,21820,"Fairbanks, AK (Metropolitan Statistical Area)",5983537
2014-01-01,21820,"Fairbanks, AK (Metropolitan Statistical Area)",5895861
2015-01-01,21820,"Fairbanks, AK (Metropolitan Statistical Area)",5833875
2016-01-01,21820,"Fairbanks, AK (Metropolitan Statistical Area)",5871559
2017-01-01,21820,"Fairbanks, AK (Metropolitan Statistical Area)",5765988
2018-01-01,21820,"Fairbanks, AK (Metropolitan Statistical Area)",5667136
2019-01-01,21820,"Fairbanks, AK (Metropolitan Statistical Area)",5655579
2020-01-01,21820,"Fairbanks, AK (Metropolitan Statistical Area)",5450465
2021-01-01,21820,"Fairbanks, AK (Metropolitan Statistical Area)",5728811
2022-01-01,21820,"Fairbanks, AK (Metropolitan Statistical Area)",5576437
2023-01-01,21820,"Fairbanks, AK (Metropolitan Statistical Area)",5595570
2010-01-01,22020,"Fargo, ND-MN (Metropolitan Statistical Area)",11389855
2011-01-01,22020,"Fargo, ND-MN (Metropolitan Statistical Area)",12035257
2012-01-01,22020,"Fargo, ND-MN (Metropolitan Statistical Area)",13204961
2013-01-01,22020,"Fargo, ND-MN (Metropolitan Statistical Area)",13123474
2014-01-01,22020,"Fargo, ND-MN (Metropolitan Statistical Area)",14040208
2015-01-01,22020,"Fargo, ND-MN (Metropolitan Statistical Area)",14538153
2016-01-01,22020,"Fargo, ND-MN (Metropolitan Statistical Area)",14490882
2017-01-01,22020,"Fargo, ND-MN (Metropolitan Statistical Area)",14963357
2018-01-01,22020,"Fargo, ND-MN (Metropolitan Statistical Area)",15069720
2019-01-01,22020,"Fargo, ND-MN (Metropolitan Statistical Area)",15447960
2020-01-01,22020,"Fargo, ND-MN (Metropolitan Statistical Area)",14918880
2021-01-01,22020,"Fargo, ND-MN (Metropolitan Statistical Area)",15715270
2022-01-01,22020,"Fargo, ND-MN (Metropolitan Statistical Area)",15774847
2023-01-01,22020,"Fargo, ND-MN (Metropolitan Statistical Area)",16342815
2001-01-01,22020,"Fargo, ND-MN (Metropolitan Statistical Area)",8308968
2002-01-01,22020,"Fargo, ND-MN (Metropolitan Statistical Area)",8798207
2003-01-01,22020,"Fargo, ND-MN (Metropolitan Statistical Area)",9290412
2004-01-01,22020,"Fargo, ND-MN (Metropolitan Statistical Area)",9634313
2005-01-01,22020,"Fargo, ND-MN (Metropolitan Statistical Area)",9942857
2006-01-01,22020,"Fargo, ND-MN (Metropolitan Statistical Area)",10481161
2007-01-01,22020,"Fargo, ND-MN (Metropolitan Statistical Area)",10933137
2008-01-01,22020,"Fargo, ND-MN (Metropolitan Statistical Area)",11253725
2009-01-01,22020,"Fargo, ND-MN (Metropolitan Statistical Area)",10968004
2001-01-01,22140,"Farmington, NM (Metropolitan Statistical Area)",6268953
2002-01-01,22140,"Farmington, NM (Metropolitan Statistical Area)",6286823
2003-01-01,22140,"Farmington, NM (Metropolitan Statistical Area)",6195438
2004-01-01,22140,"Farmington, NM (Metropolitan Statistical Area)",6338548
2005-01-01,22140,"Farmington, NM (Metropolitan Statistical Area)",6351462
2006-01-01,22140,"Farmington, NM (Metropolitan Statistical Area)",6490093
2007-01-01,22140,"Farmington, NM (Metropolitan Statistical Area)",6697459
2008-01-01,22140,"Farmington, NM (Metropolitan Statistical Area)",6617050
2009-01-01,22140,"Farmington, NM (Metropolitan Statistical Area)",6682144
2010-01-01,22140,"Farmington, NM (Metropolitan Statistical Area)",6237647
2011-01-01,22140,"Farmington, NM (Metropolitan Statistical Area)",6217680
2012-01-01,22140,"Farmington, NM (Metropolitan Statistical Area)",6209961
2013-01-01,22140,"Farmington, NM (Metropolitan Statistical Area)",6138534
2014-01-01,22140,"Farmington, NM (Metropolitan Statistical Area)",6363491
2015-01-01,22140,"Farmington, NM (Metropolitan Statistical Area)",6451182
2016-01-01,22140,"Farmington, NM (Metropolitan Statistical Area)",5916590
2017-01-01,22140,"Farmington, NM (Metropolitan Statistical Area)",5756828
2018-01-01,22140,"Farmington, NM (Metropolitan Statistical Area)",5571010
2019-01-01,22140,"Farmington, NM (Metropolitan Statistical Area)",5616181
2020-01-01,22140,"Farmington, NM (Metropolitan Statistical Area)",5215071
2021-01-01,22140,"Farmington, NM (Metropolitan Statistical Area)",5232665
2022-01-01,22140,"Farmington, NM (Metropolitan Statistical Area)",5261890
2023-01-01,22140,"Farmington, NM (Metropolitan Statistical Area)",5389548
2001-01-01,22180,"Fayetteville, NC (Metropolitan Statistical Area)",15661457
2002-01-01,22180,"Fayetteville, NC (Metropolitan Statistical Area)",16453812
2003-01-01,22180,"Fayetteville, NC (Metropolitan Statistical Area)",16961612
2004-01-01,22180,"Fayetteville, NC (Metropolitan Statistical Area)",17890326
2005-01-01,22180,"Fayetteville, NC (Metropolitan Statistical Area)",19016897
2006-01-01,22180,"Fayetteville, NC (Metropolitan Statistical Area)",19383446
2007-01-01,22180,"Fayetteville, NC (Metropolitan Statistical Area)",19224454
2008-01-01,22180,"Fayetteville, NC (Metropolitan Statistical Area)",19987095
2009-01-01,22180,"Fayetteville, NC (Metropolitan Statistical Area)",20658705
2010-01-01,22180,"Fayetteville, NC (Metropolitan Statistical Area)",21296458
2011-01-01,22180,"Fayetteville, NC (Metropolitan Statistical Area)",21390898
2012-01-01,22180,"Fayetteville, NC (Metropolitan Statistical Area)",20865214
2013-01-01,22180,"Fayetteville, NC (Metropolitan Statistical Area)",20872570
2014-01-01,22180,"Fayetteville, NC (Metropolitan Statistical Area)",20879661
2015-01-01,22180,"Fayetteville, NC (Metropolitan Statistical Area)",21229759
2016-01-01,22180,"Fayetteville, NC (Metropolitan Statistical Area)",21743427
2017-01-01,22180,"Fayetteville, NC (Metropolitan Statistical Area)",20429752
2018-01-01,22180,"Fayetteville, NC (Metropolitan Statistical Area)",20637146
2019-01-01,22180,"Fayetteville, NC (Metropolitan Statistical Area)",21135053
2020-01-01,22180,"Fayetteville, NC (Metropolitan Statistical Area)",21203498
2021-01-01,22180,"Fayetteville, NC (Metropolitan Statistical Area)",22169085
2022-01-01,22180,"Fayetteville, NC (Metropolitan Statistical Area)",22234795
2023-01-01,22180,"Fayetteville, NC (Metropolitan Statistical Area)",22590970
2001-01-01,22220,"Fayetteville-Springdale-Rogers, AR (Metropolitan Statistical Area)",14390383
2002-01-01,22220,"Fayetteville-Springdale-Rogers, AR (Metropolitan Statistical Area)",15475818
2003-01-01,22220,"Fayetteville-Springdale-Rogers, AR (Metropolitan Statistical Area)",16456205
2004-01-01,22220,"Fayetteville-Springdale-Rogers, AR (Metropolitan Statistical Area)",17998776
2005-01-01,22220,"Fayetteville-Springdale-Rogers, AR (Metropolitan Statistical Area)",19132896
2006-01-01,22220,"Fayetteville-Springdale-Rogers, AR (Metropolitan Statistical Area)",19497792
2007-01-01,22220,"Fayetteville-Springdale-Rogers, AR (Metropolitan Statistical Area)",18997925
2008-01-01,22220,"Fayetteville-Springdale-Rogers, AR (Metropolitan Statistical Area)",18715122
2009-01-01,22220,"Fayetteville-Springdale-Rogers, AR (Metropolitan Statistical Area)",17872407
2010-01-01,22220,"Fayetteville-Springdale-Rogers, AR (Metropolitan Statistical Area)",18994147
2011-01-01,22220,"Fayetteville-Springdale-Rogers, AR (Metropolitan Statistical Area)",19424828
2012-01-01,22220,"Fayetteville-Springdale-Rogers, AR (Metropolitan Statistical Area)",20403401
2013-01-01,22220,"Fayetteville-Springdale-Rogers, AR (Metropolitan Statistical Area)",21948000
2014-01-01,22220,"Fayetteville-Springdale-Rogers, AR (Metropolitan Statistical Area)",23059097
2015-01-01,22220,"Fayetteville-Springdale-Rogers, AR (Metropolitan Statistical Area)",24141183
2016-01-01,22220,"Fayetteville-Springdale-Rogers, AR (Metropolitan Statistical Area)",24843960
2017-01-01,22220,"Fayetteville-Springdale-Rogers, AR (Metropolitan Statistical Area)",26264981
2018-01-01,22220,"Fayetteville-Springdale-Rogers, AR (Metropolitan Statistical Area)",27042602
2019-01-01,22220,"Fayetteville-Springdale-Rogers, AR (Metropolitan Statistical Area)",27637679
2020-01-01,22220,"Fayetteville-Springdale-Rogers, AR (Metropolitan Statistical Area)",28837477
2021-01-01,22220,"Fayetteville-Springdale-Rogers, AR (Metropolitan Statistical Area)",31616653
2022-01-01,22220,"Fayetteville-Springdale-Rogers, AR (Metropolitan Statistical Area)",32911430
2023-01-01,22220,"Fayetteville-Springdale-Rogers, AR (Metropolitan Statistical Area)",33361348
2010-01-01,22380,"Flagstaff, AZ (Metropolitan Statistical Area)",6722700
2011-01-01,22380,"Flagstaff, AZ (Metropolitan Statistical Area)",7219011
2012-01-01,22380,"Flagstaff, AZ (Metropolitan Statistical Area)",6953191
2013-01-01,22380,"Flagstaff, AZ (Metropolitan Statistical Area)",7198666
2014-01-01,22380,"Flagstaff, AZ (Metropolitan Statistical Area)",7062458
2015-01-01,22380,"Flagstaff, AZ (Metropolitan Statistical Area)",7203886
2016-01-01,22380,"Flagstaff, AZ (Metropolitan Statistical Area)",7237251
2017-01-01,22380,"Flagstaff, AZ (Metropolitan Statistical Area)",7898455
2018-01-01,22380,"Flagstaff, AZ (Metropolitan Statistical Area)",7901190
2019-01-01,22380,"Flagstaff, AZ (Metropolitan Statistical Area)",7642638
2020-01-01,22380,"Flagstaff, AZ (Metropolitan Statistical Area)",7005682
2021-01-01,22380,"Flagstaff, AZ (Metropolitan Statistical Area)",7571641
2022-01-01,22380,"Flagstaff, AZ (Metropolitan Statistical Area)",7714807
2023-01-01,22380,"Flagstaff, AZ (Metropolitan Statistical Area)",8001256
2001-01-01,22380,"Flagstaff, AZ (Metropolitan Statistical Area)",5400923
2002-01-01,22380,"Flagstaff, AZ (Metropolitan Statistical Area)",5460131
2003-01-01,22380,"Flagstaff, AZ (Metropolitan Statistical Area)",5555878
2004-01-01,22380,"Flagstaff, AZ (Metropolitan Statistical Area)",5742324
2005-01-01,22380,"Flagstaff, AZ (Metropolitan Statistical Area)",6021846
2006-01-01,22380,"Flagstaff, AZ (Metropolitan Statistical Area)",6249977
2007-01-01,22380,"Flagstaff, AZ (Metropolitan Statistical Area)",6799218
2008-01-01,22380,"Flagstaff, AZ (Metropolitan Statistical Area)",6648085
2009-01-01,22380,"Flagstaff, AZ (Metropolitan Statistical Area)",6312290
2001-01-01,22420,"Flint, MI (Metropolitan Statistical Area)",14846436
2002-01-01,22420,"Flint, MI (Metropolitan Statistical Area)",15658105
2003-01-01,22420,"Flint, MI (Metropolitan Statistical Area)",16049898
2004-01-01,22420,"Flint, MI (Metropolitan Statistical Area)",16000804
2005-01-01,22420,"Flint, MI (Metropolitan Statistical Area)",16269126
2006-01-01,22420,"Flint, MI (Metropolitan Statistical Area)",16052490
2007-01-01,22420,"Flint, MI (Metropolitan Statistical Area)",15796244
2008-01-01,22420,"Flint, MI (Metropolitan Statistical Area)",14384654
2009-01-01,22420,"Flint, MI (Metropolitan Statistical Area)",13036939
2010-01-01,22420,"Flint, MI (Metropolitan Statistical Area)",13809099
2011-01-01,22420,"Flint, MI (Metropolitan Statistical Area)",14068684
2012-01-01,22420,"Flint, MI (Metropolitan Statistical Area)",14212214
2013-01-01,22420,"Flint, MI (Metropolitan Statistical Area)",14641351
2014-01-01,22420,"Flint, MI (Metropolitan Statistical Area)",14572511
2015-01-01,22420,"Flint, MI (Metropolitan Statistical Area)",15301824
2016-01-01,22420,"Flint, MI (Metropolitan Statistical Area)",15687268
2017-01-01,22420,"Flint, MI (Metropolitan Statistical Area)",15931552
2018-01-01,22420,"Flint, MI (Metropolitan Statistical Area)",16335674
2019-01-01,22420,"Flint, MI (Metropolitan Statistical Area)",16724794
2020-01-01,22420,"Flint, MI (Metropolitan Statistical Area)",15263502
2021-01-01,22420,"Flint, MI (Metropolitan Statistical Area)",15627227
2022-01-01,22420,"Flint, MI (Metropolitan Statistical Area)",15786872
2023-01-01,22420,"Flint, MI (Metropolitan Statistical Area)",16090544
2001-01-01,22500,"Florence, SC (Metropolitan Statistical Area)",7711979
2002-01-01,22500,"Florence, SC (Metropolitan Statistical Area)",7768600
2003-01-01,22500,"Florence, SC (Metropolitan Statistical Area)",8008671
2004-01-01,22500,"Florence, SC (Metropolitan Statistical Area)",8179809
2005-01-01,22500,"Florence, SC (Metropolitan Statistical Area)",8355888
2006-01-01,22500,"Florence, SC (Metropolitan Statistical Area)",8427612
2007-01-01,22500,"Florence, SC (Metropolitan Statistical Area)",8485180
2008-01-01,22500,"Florence, SC (Metropolitan Statistical Area)",8353323
2009-01-01,22500,"Florence, SC (Metropolitan Statistical Area)",8051017
2010-01-01,22500,"Florence, SC (Metropolitan Statistical Area)",7925758
2011-01-01,22500,"Florence, SC (Metropolitan Statistical Area)",8247667
2012-01-01,22500,"Florence, SC (Metropolitan Statistical Area)",8387987
2013-01-01,22500,"Florence, SC (Metropolitan Statistical Area)",8784464
2014-01-01,22500,"Florence, SC (Metropolitan Statistical Area)",9147929
2015-01-01,22500,"Florence, SC (Metropolitan Statistical Area)",9394301
2016-01-01,22500,"Florence, SC (Metropolitan Statistical Area)",9583550
2017-01-01,22500,"Florence, SC (Metropolitan Statistical Area)",9628359
2018-01-01,22500,"Florence, SC (Metropolitan Statistical Area)",9651397
2019-01-01,22500,"Florence, SC (Metropolitan Statistical Area)",9906725
2020-01-01,22500,"Florence, SC (Metropolitan Statistical Area)",9607503
2021-01-01,22500,"Florence, SC (Metropolitan Statistical Area)",9980710
2022-01-01,22500,"Florence, SC (Metropolitan Statistical Area)",9886316
2023-01-01,22500,"Florence, SC (Metropolitan Statistical Area)",10046892
2002-01-01,22520,"Florence-Muscle Shoals, AL (Metropolitan Statistical Area)",4475609
2001-01-01,22520,"Florence-Muscle Shoals, AL (Metropolitan Statistical Area)",4491285
2023-01-01,22520,"Florence-Muscle Shoals, AL (Metropolitan Statistical Area)",5726044
2022-01-01,22520,"Florence-Muscle Shoals, AL (Metropolitan Statistical Area)",5545899
2021-01-01,22520,"Florence-Muscle Shoals, AL (Metropolitan Statistical Area)",5354246
2020-01-01,22520,"Florence-Muscle Shoals, AL (Metropolitan Statistical Area)",5166896
2019-01-01,22520,"Florence-Muscle Shoals, AL (Metropolitan Statistical Area)",5220039
2018-01-01,22520,"Florence-Muscle Shoals, AL (Metropolitan Statistical Area)",5215298
2017-01-01,22520,"Florence-Muscle Shoals, AL (Metropolitan Statistical Area)",5105162
2016-01-01,22520,"Florence-Muscle Shoals, AL (Metropolitan Statistical Area)",5184534
2015-01-01,22520,"Florence-Muscle Shoals, AL (Metropolitan Statistical Area)",5329277
2014-01-01,22520,"Florence-Muscle Shoals, AL (Metropolitan Statistical Area)",5422310
2013-01-01,22520,"Florence-Muscle Shoals, AL (Metropolitan Statistical Area)",5602490
2012-01-01,22520,"Florence-Muscle Shoals, AL (Metropolitan Statistical Area)",5258627
2011-01-01,22520,"Florence-Muscle Shoals, AL (Metropolitan Statistical Area)",5205532
2010-01-01,22520,"Florence-Muscle Shoals, AL (Metropolitan Statistical Area)",5088256
2009-01-01,22520,"Florence-Muscle Shoals, AL (Metropolitan Statistical Area)",4818871
2008-01-01,22520,"Florence-Muscle Shoals, AL (Metropolitan Statistical Area)",5111305
2007-01-01,22520,"Florence-Muscle Shoals, AL (Metropolitan Statistical Area)",5104703
2006-01-01,22520,"Florence-Muscle Shoals, AL (Metropolitan Statistical Area)",5125783
2005-01-01,22520,"Florence-Muscle Shoals, AL (Metropolitan Statistical Area)",5099710
2004-01-01,22520,"Florence-Muscle Shoals, AL (Metropolitan Statistical Area)",4958116
2003-01-01,22520,"Florence-Muscle Shoals, AL (Metropolitan Statistical Area)",4693647
2001-01-01,22540,"Fond du Lac, WI (Metropolitan Statistical Area)",3912976
2002-01-01,22540,"Fond du Lac, WI (Metropolitan Statistical Area)",3867715
2003-01-01,22540,"Fond du Lac, WI (Metropolitan Statistical Area)",4020322
2004-01-01,22540,"Fond du Lac, WI (Metropolitan Statistical Area)",4241267
2005-01-01,22540,"Fond du Lac, WI (Metropolitan Statistical Area)",4317099
2006-01-01,22540,"Fond du Lac, WI (Metropolitan Statistical Area)",4360208
2007-01-01,22540,"Fond du Lac, WI (Metropolitan Statistical Area)",4413388
2008-01-01,22540,"Fond du Lac, WI (Metropolitan Statistical Area)",4482435
2009-01-01,22540,"Fond du Lac, WI (Metropolitan Statistical Area)",4169403
2010-01-01,22540,"Fond du Lac, WI (Metropolitan Statistical Area)",4398897
2011-01-01,22540,"Fond du Lac, WI (Metropolitan Statistical Area)",4595092
2012-01-01,22540,"Fond du Lac, WI (Metropolitan Statistical Area)",4879003
2013-01-01,22540,"Fond du Lac, WI (Metropolitan Statistical Area)",4932818
2014-01-01,22540,"Fond du Lac, WI (Metropolitan Statistical Area)",5061407
2015-01-01,22540,"Fond du Lac, WI (Metropolitan Statistical Area)",5035503
2016-01-01,22540,"Fond du Lac, WI (Metropolitan Statistical Area)",5026443
2017-01-01,22540,"Fond du Lac, WI (Metropolitan Statistical Area)",5100413
2018-01-01,22540,"Fond du Lac, WI (Metropolitan Statistical Area)",5214222
2019-01-01,22540,"Fond du Lac, WI (Metropolitan Statistical Area)",5269900
2020-01-01,22540,"Fond du Lac, WI (Metropolitan Statistical Area)",5008389
2021-01-01,22540,"Fond du Lac, WI (Metropolitan Statistical Area)",5166411
2022-01-01,22540,"Fond du Lac, WI (Metropolitan Statistical Area)",5170001
2023-01-01,22540,"Fond du Lac, WI (Metropolitan Statistical Area)",5021945
2011-01-01,22660,"Fort Collins, CO (Metropolitan Statistical Area)",13863768
2012-01-01,22660,"Fort Collins, CO (Metropolitan Statistical Area)",14400284
2013-01-01,22660,"Fort Collins, CO (Metropolitan Statistical Area)",15071527
2014-01-01,22660,"Fort Collins, CO (Metropolitan Statistical Area)",15871774
2015-01-01,22660,"Fort Collins, CO (Metropolitan Statistical Area)",16600035
2016-01-01,22660,"Fort Collins, CO (Metropolitan Statistical Area)",17266967
2017-01-01,22660,"Fort Collins, CO (Metropolitan Statistical Area)",18593761
2018-01-01,22660,"Fort Collins, CO (Metropolitan Statistical Area)",19479555
2019-01-01,22660,"Fort Collins, CO (Metropolitan Statistical Area)",20344985
2020-01-01,22660,"Fort Collins, CO (Metropolitan Statistical Area)",20154078
2021-01-01,22660,"Fort Collins, CO (Metropolitan Statistical Area)",21332235
2022-01-01,22660,"Fort Collins, CO (Metropolitan Statistical Area)",21728125
2023-01-01,22660,"Fort Collins, CO (Metropolitan Statistical Area)",22016467
2001-01-01,22660,"Fort Collins, CO (Metropolitan Statistical Area)",11094887
2002-01-01,22660,"Fort Collins, CO (Metropolitan Statistical Area)",11866348
2003-01-01,22660,"Fort Collins, CO (Metropolitan Statistical Area)",11971230
2004-01-01,22660,"Fort Collins, CO (Metropolitan Statistical Area)",12241534
2005-01-01,22660,"Fort Collins, CO (Metropolitan Statistical Area)",12590720
2006-01-01,22660,"Fort Collins, CO (Metropolitan Statistical Area)",12865880
2007-01-01,22660,"Fort Collins, CO (Metropolitan Statistical Area)",13316738
2008-01-01,22660,"Fort Collins, CO (Metropolitan Statistical Area)",13601947
2009-01-01,22660,"Fort Collins, CO (Metropolitan Statistical Area)",13397645
2010-01-01,22660,"Fort Collins, CO (Metropolitan Statistical Area)",13801669
2001-01-01,22900,"Fort Smith, AR-OK (Metropolitan Statistical Area)",8467778
2002-01-01,22900,"Fort Smith, AR-OK (Metropolitan Statistical Area)",8680483
2003-01-01,22900,"Fort Smith, AR-OK (Metropolitan Statistical Area)",9121093
2004-01-01,22900,"Fort Smith, AR-OK (Metropolitan Statistical Area)",9664874
2005-01-01,22900,"Fort Smith, AR-OK (Metropolitan Statistical Area)",9965053
2006-01-01,22900,"Fort Smith, AR-OK (Metropolitan Statistical Area)",10467242
2007-01-01,22900,"Fort Smith, AR-OK (Metropolitan Statistical Area)",10036703
2008-01-01,22900,"Fort Smith, AR-OK (Metropolitan Statistical Area)",9813921
2009-01-01,22900,"Fort Smith, AR-OK (Metropolitan Statistical Area)",9101931
2010-01-01,22900,"Fort Smith, AR-OK (Metropolitan Statistical Area)",9394852
2011-01-01,22900,"Fort Smith, AR-OK (Metropolitan Statistical Area)",9631087
2012-01-01,22900,"Fort Smith, AR-OK (Metropolitan Statistical Area)",9516555
2013-01-01,22900,"Fort Smith, AR-OK (Metropolitan Statistical Area)",9407282
2014-01-01,22900,"Fort Smith, AR-OK (Metropolitan Statistical Area)",9384753
2015-01-01,22900,"Fort Smith, AR-OK (Metropolitan Statistical Area)",9210231
2016-01-01,22900,"Fort Smith, AR-OK (Metropolitan Statistical Area)",9220293
2017-01-01,22900,"Fort Smith, AR-OK (Metropolitan Statistical Area)",9252836
2018-01-01,22900,"Fort Smith, AR-OK (Metropolitan Statistical Area)",9477180
2019-01-01,22900,"Fort Smith, AR-OK (Metropolitan Statistical Area)",9612658
2020-01-01,22900,"Fort Smith, AR-OK (Metropolitan Statistical Area)",9518761
2021-01-01,22900,"Fort Smith, AR-OK (Metropolitan Statistical Area)",9956130
2022-01-01,22900,"Fort Smith, AR-OK (Metropolitan Statistical Area)",9996584
2023-01-01,22900,"Fort Smith, AR-OK (Metropolitan Statistical Area)",10158719
2010-01-01,23060,"Fort Wayne, IN (Metropolitan Statistical Area)",17783882
2011-01-01,23060,"Fort Wayne, IN (Metropolitan Statistical Area)",17901011
2012-01-01,23060,"Fort Wayne, IN (Metropolitan Statistical Area)",18704046
2013-01-01,23060,"Fort Wayne, IN (Metropolitan Statistical Area)",18662225
2014-01-01,23060,"Fort Wayne, IN (Metropolitan Statistical Area)",20090953
2015-01-01,23060,"Fort Wayne, IN (Metropolitan Statistical Area)",20952300
2016-01-01,23060,"Fort Wayne, IN (Metropolitan Statistical Area)",21626910
2017-01-01,23060,"Fort Wayne, IN (Metropolitan Statistical Area)",22444587
2018-01-01,23060,"Fort Wayne, IN (Metropolitan Statistical Area)",23295008
2019-01-01,23060,"Fort Wayne, IN (Metropolitan Statistical Area)",23463012
2020-01-01,23060,"Fort Wayne, IN (Metropolitan Statistical Area)",21796962
2021-01-01,23060,"Fort Wayne, IN (Metropolitan Statistical Area)",23361880
2022-01-01,23060,"Fort Wayne, IN (Metropolitan Statistical Area)",24347387
2023-01-01,23060,"Fort Wayne, IN (Metropolitan Statistical Area)",24697389
2001-01-01,23060,"Fort Wayne, IN (Metropolitan Statistical Area)",16325413
2002-01-01,23060,"Fort Wayne, IN (Metropolitan Statistical Area)",16800952
2003-01-01,23060,"Fort Wayne, IN (Metropolitan Statistical Area)",17589064
2004-01-01,23060,"Fort Wayne, IN (Metropolitan Statistical Area)",17982442
2005-01-01,23060,"Fort Wayne, IN (Metropolitan Statistical Area)",18477889
2006-01-01,23060,"Fort Wayne, IN (Metropolitan Statistical Area)",19115575
2007-01-01,23060,"Fort Wayne, IN (Metropolitan Statistical Area)",19624926
2008-01-01,23060,"Fort Wayne, IN (Metropolitan Statistical Area)",18657513
2009-01-01,23060,"Fort Wayne, IN (Metropolitan Statistical Area)",17256088
2001-01-01,23420,"Fresno, CA (Metropolitan Statistical Area)",29431750
2002-01-01,23420,"Fresno, CA (Metropolitan Statistical Area)",31820828
2003-01-01,23420,"Fresno, CA (Metropolitan Statistical Area)",33660142
2004-01-01,23420,"Fresno, CA (Metropolitan Statistical Area)",34313566
2005-01-01,23420,"Fresno, CA (Metropolitan Statistical Area)",35649979
2006-01-01,23420,"Fresno, CA (Metropolitan Statistical Area)",37609487
2007-01-01,23420,"Fresno, CA (Metropolitan Statistical Area)",36710341
2008-01-01,23420,"Fresno, CA (Metropolitan Statistical Area)",35584662
2009-01-01,23420,"Fresno, CA (Metropolitan Statistical Area)",35919350
2010-01-01,23420,"Fresno, CA (Metropolitan Statistical Area)",36233066
2011-01-01,23420,"Fresno, CA (Metropolitan Statistical Area)",36625059
2012-01-01,23420,"Fresno, CA (Metropolitan Statistical Area)",35489475
2013-01-01,23420,"Fresno, CA (Metropolitan Statistical Area)",36916197
2014-01-01,23420,"Fresno, CA (Metropolitan Statistical Area)",38105306
2015-01-01,23420,"Fresno, CA (Metropolitan Statistical Area)",39852017
2016-01-01,23420,"Fresno, CA (Metropolitan Statistical Area)",41390488
2017-01-01,23420,"Fresno, CA (Metropolitan Statistical Area)",42568888
2018-01-01,23420,"Fresno, CA (Metropolitan Statistical Area)",43779278
2019-01-01,23420,"Fresno, CA (Metropolitan Statistical Area)",45018790
2020-01-01,23420,"Fresno, CA (Metropolitan Statistical Area)",44416463
2021-01-01,23420,"Fresno, CA (Metropolitan Statistical Area)",46007412
2022-01-01,23420,"Fresno, CA (Metropolitan Statistical Area)",46107283
2023-01-01,23420,"Fresno, CA (Metropolitan Statistical Area)",47612742
2009-01-01,23460,"Gadsden, AL (Metropolitan Statistical Area)",2983136
2010-01-01,23460,"Gadsden, AL (Metropolitan Statistical Area)",3011510
2011-01-01,23460,"Gadsden, AL (Metropolitan Statistical Area)",3024369
2012-01-01,23460,"Gadsden, AL (Metropolitan Statistical Area)",2942621
2013-01-01,23460,"Gadsden, AL (Metropolitan Statistical Area)",3009365
2014-01-01,23460,"Gadsden, AL (Metropolitan Statistical Area)",3006436
2015-01-01,23460,"Gadsden, AL (Metropolitan Statistical Area)",3106556
2016-01-01,23460,"Gadsden, AL (Metropolitan Statistical Area)",3118102
2017-01-01,23460,"Gadsden, AL (Metropolitan Statistical Area)",3095515
2018-01-01,23460,"Gadsden, AL (Metropolitan Statistical Area)",3131025
2019-01-01,23460,"Gadsden, AL (Metropolitan Statistical Area)",3065345
2020-01-01,23460,"Gadsden, AL (Metropolitan Statistical Area)",2824810
2021-01-01,23460,"Gadsden, AL (Metropolitan Statistical Area)",2919437
2022-01-01,23460,"Gadsden, AL (Metropolitan Statistical Area)",2952383
2023-01-01,23460,"Gadsden, AL (Metropolitan Statistical Area)",3002919
2001-01-01,23460,"Gadsden, AL (Metropolitan Statistical Area)",2852953
2002-01-01,23460,"Gadsden, AL (Metropolitan Statistical Area)",2900318
2003-01-01,23460,"Gadsden, AL (Metropolitan Statistical Area)",2956540
2004-01-01,23460,"Gadsden, AL (Metropolitan Statistical Area)",3124155
2005-01-01,23460,"Gadsden, AL (Metropolitan Statistical Area)",3150817
2006-01-01,23460,"Gadsden, AL (Metropolitan Statistical Area)",3044837
2007-01-01,23460,"Gadsden, AL (Metropolitan Statistical Area)",3029170
2008-01-01,23460,"Gadsden, AL (Metropolitan Statistical Area)",3012740
2001-01-01,23540,"Gainesville, FL (Metropolitan Statistical Area)",10920645
2002-01-01,23540,"Gainesville, FL (Metropolitan Statistical Area)",11246088
2003-01-01,23540,"Gainesville, FL (Metropolitan Statistical Area)",11382057
2004-01-01,23540,"Gainesville, FL (Metropolitan Statistical Area)",12391502
2005-01-01,23540,"Gainesville, FL (Metropolitan Statistical Area)",12692685
2006-01-01,23540,"Gainesville, FL (Metropolitan Statistical Area)",12922115
2007-01-01,23540,"Gainesville, FL (Metropolitan Statistical Area)",13597782
2008-01-01,23540,"Gainesville, FL (Metropolitan Statistical Area)",13492017
2009-01-01,23540,"Gainesville, FL (Metropolitan Statistical Area)",13149975
2010-01-01,23540,"Gainesville, FL (Metropolitan Statistical Area)",13095025
2011-01-01,23540,"Gainesville, FL (Metropolitan Statistical Area)",12912551
2012-01-01,23540,"Gainesville, FL (Metropolitan Statistical Area)",12826393
2013-01-01,23540,"Gainesville, FL (Metropolitan Statistical Area)",12992402
2014-01-01,23540,"Gainesville, FL (Metropolitan Statistical Area)",13411337
2015-01-01,23540,"Gainesville, FL (Metropolitan Statistical Area)",13665562
2016-01-01,23540,"Gainesville, FL (Metropolitan Statistical Area)",13950035
2017-01-01,23540,"Gainesville, FL (Metropolitan Statistical Area)",14483506
2018-01-01,23540,"Gainesville, FL (Metropolitan Statistical Area)",14965419
2019-01-01,23540,"Gainesville, FL (Metropolitan Statistical Area)",15397159
2020-01-01,23540,"Gainesville, FL (Metropolitan Statistical Area)",15408320
2021-01-01,23540,"Gainesville, FL (Metropolitan Statistical Area)",16415475
2022-01-01,23540,"Gainesville, FL (Metropolitan Statistical Area)",16965502
2023-01-01,23540,"Gainesville, FL (Metropolitan Statistical Area)",17724526
2011-01-01,23580,"Gainesville, GA (Metropolitan Statistical Area)",8302211
2010-01-01,23580,"Gainesville, GA (Metropolitan Statistical Area)",7684680
2009-01-01,23580,"Gainesville, GA (Metropolitan Statistical Area)",7521629
2008-01-01,23580,"Gainesville, GA (Metropolitan Statistical Area)",7960700
2007-01-01,23580,"Gainesville, GA (Metropolitan Statistical Area)",7981548
2006-01-01,23580,"Gainesville, GA (Metropolitan Statistical Area)",7690294
2005-01-01,23580,"Gainesville, GA (Metropolitan Statistical Area)",7647153
2004-01-01,23580,"Gainesville, GA (Metropolitan Statistical Area)",7409719
2003-01-01,23580,"Gainesville, GA (Metropolitan Statistical Area)",7103220
2002-01-01,23580,"Gainesville, GA (Metropolitan Statistical Area)",6785323
2001-01-01,23580,"Gainesville, GA (Metropolitan Statistical Area)",6725450
2023-01-01,23580,"Gainesville, GA (Metropolitan Statistical Area)",13196711
2022-01-01,23580,"Gainesville, GA (Metropolitan Statistical Area)",13015442
2021-01-01,23580,"Gainesville, GA (Metropolitan Statistical Area)",12125633
2020-01-01,23580,"Gainesville, GA (Metropolitan Statistical Area)",11480934
2019-01-01,23580,"Gainesville, GA (Metropolitan Statistical Area)",11289071
2018-01-01,23580,"Gainesville, GA (Metropolitan Statistical Area)",11029043
2017-01-01,23580,"Gainesville, GA (Metropolitan Statistical Area)",10517593
2016-01-01,23580,"Gainesville, GA (Metropolitan Statistical Area)",9761450
2015-01-01,23580,"Gainesville, GA (Metropolitan Statistical Area)",9396494
2014-01-01,23580,"Gainesville, GA (Metropolitan Statistical Area)",8983297
2013-01-01,23580,"Gainesville, GA (Metropolitan Statistical Area)",8475751
2012-01-01,23580,"Gainesville, GA (Metropolitan Statistical Area)",8241966
2010-01-01,23900,"Gettysburg, PA (Metropolitan Statistical Area)",3492310
2011-01-01,23900,"Gettysburg, PA (Metropolitan Statistical Area)",3560178
2012-01-01,23900,"Gettysburg, PA (Metropolitan Statistical Area)",3661621
2013-01-01,23900,"Gettysburg, PA (Metropolitan Statistical Area)",3711568
2014-01-01,23900,"Gettysburg, PA (Metropolitan Statistical Area)",3721392
2015-01-01,23900,"Gettysburg, PA (Metropolitan Statistical Area)",3830516
2016-01-01,23900,"Gettysburg, PA (Metropolitan Statistical Area)",3888451
2017-01-01,23900,"Gettysburg, PA (Metropolitan Statistical Area)",4038383
2018-01-01,23900,"Gettysburg, PA (Metropolitan Statistical Area)",3939119
2019-01-01,23900,"Gettysburg, PA (Metropolitan Statistical Area)",3846736
2020-01-01,23900,"Gettysburg, PA (Metropolitan Statistical Area)",3655582
2021-01-01,23900,"Gettysburg, PA (Metropolitan Statistical Area)",3764950
2022-01-01,23900,"Gettysburg, PA (Metropolitan Statistical Area)",3760563
2023-01-01,23900,"Gettysburg, PA (Metropolitan Statistical Area)",3731401
2001-01-01,23900,"Gettysburg, PA (Metropolitan Statistical Area)",2870686
2002-01-01,23900,"Gettysburg, PA (Metropolitan Statistical Area)",3079556
2003-01-01,23900,"Gettysburg, PA (Metropolitan Statistical Area)",3077669
2004-01-01,23900,"Gettysburg, PA (Metropolitan Statistical Area)",3125042
2005-01-01,23900,"Gettysburg, PA (Metropolitan Statistical Area)",3258002
2006-01-01,23900,"Gettysburg, PA (Metropolitan Statistical Area)",3400782
2007-01-01,23900,"Gettysburg, PA (Metropolitan Statistical Area)",3396711
2008-01-01,23900,"Gettysburg, PA (Metropolitan Statistical Area)",3481667
2009-01-01,23900,"Gettysburg, PA (Metropolitan Statistical Area)",3540362
2010-01-01,24020,"Glens Falls, NY (Metropolitan Statistical Area)",5908876
2009-01-01,24020,"Glens Falls, NY (Metropolitan Statistical Area)",5817304
2008-01-01,24020,"Glens Falls, NY (Metropolitan Statistical Area)",5537458
2007-01-01,24020,"Glens Falls, NY (Metropolitan Statistical Area)",5217831
2006-01-01,24020,"Glens Falls, NY (Metropolitan Statistical Area)",5221671
2005-01-01,24020,"Glens Falls, NY (Metropolitan Statistical Area)",5248588
2004-01-01,24020,"Glens Falls, NY (Metropolitan Statistical Area)",5235771
2003-01-01,24020,"Glens Falls, NY (Metropolitan Statistical Area)",4920930
2002-01-01,24020,"Glens Falls, NY (Metropolitan Statistical Area)",4703974
2001-01-01,24020,"Glens Falls, NY (Metropolitan Statistical Area)",4618177
2023-01-01,24020,"Glens Falls, NY (Metropolitan Statistical Area)",7018817
2022-01-01,24020,"Glens Falls, NY (Metropolitan Statistical Area)",6888671
2021-01-01,24020,"Glens Falls, NY (Metropolitan Statistical Area)",7550508
2020-01-01,24020,"Glens Falls, NY (Metropolitan Statistical Area)",7231246
2019-01-01,24020,"Glens Falls, NY (Metropolitan Statistical Area)",7345987
2018-01-01,24020,"Glens Falls, NY (Metropolitan Statistical Area)",6111027
2017-01-01,24020,"Glens Falls, NY (Metropolitan Statistical Area)",6115481
2016-01-01,24020,"Glens Falls, NY (Metropolitan Statistical Area)",6029276
2015-01-01,24020,"Glens Falls, NY (Metropolitan Statistical Area)",6068672
2014-01-01,24020,"Glens Falls, NY (Metropolitan Statistical Area)",5933977
2013-01-01,24020,"Glens Falls, NY (Metropolitan Statistical Area)",5890236
2012-01-01,24020,"Glens Falls, NY (Metropolitan Statistical Area)",5908075
2011-01-01,24020,"Glens Falls, NY (Metropolitan Statistical Area)",5813406
2010-01-01,24140,"Goldsboro, NC (Metropolitan Statistical Area)",4892850
2011-01-01,24140,"Goldsboro, NC (Metropolitan Statistical Area)",4694316
2012-01-01,24140,"Goldsboro, NC (Metropolitan Statistical Area)",4715040
2013-01-01,24140,"Goldsboro, NC (Metropolitan Statistical Area)",4859488
2014-01-01,24140,"Goldsboro, NC (Metropolitan Statistical Area)",4741171
2015-01-01,24140,"Goldsboro, NC (Metropolitan Statistical Area)",4807226
2016-01-01,24140,"Goldsboro, NC (Metropolitan Statistical Area)",4851709
2017-01-01,24140,"Goldsboro, NC (Metropolitan Statistical Area)",4893997
2018-01-01,24140,"Goldsboro, NC (Metropolitan Statistical Area)",4869720
2019-01-01,24140,"Goldsboro, NC (Metropolitan Statistical Area)",4865324
2020-01-01,24140,"Goldsboro, NC (Metropolitan Statistical Area)",4753242
2021-01-01,24140,"Goldsboro, NC (Metropolitan Statistical Area)",4988171
2022-01-01,24140,"Goldsboro, NC (Metropolitan Statistical Area)",5039189
2023-01-01,24140,"Goldsboro, NC (Metropolitan Statistical Area)",4989254
2001-01-01,24140,"Goldsboro, NC (Metropolitan Statistical Area)",4610036
2002-01-01,24140,"Goldsboro, NC (Metropolitan Statistical Area)",4435694
2003-01-01,24140,"Goldsboro, NC (Metropolitan Statistical Area)",4340645
2004-01-01,24140,"Goldsboro, NC (Metropolitan Statistical Area)",4558494
2005-01-01,24140,"Goldsboro, NC (Metropolitan Statistical Area)",4625302
2006-01-01,24140,"Goldsboro, NC (Metropolitan Statistical Area)",4738767
2007-01-01,24140,"Goldsboro, NC (Metropolitan Statistical Area)",4759272
2008-01-01,24140,"Goldsboro, NC (Metropolitan Statistical Area)",4846649
2009-01-01,24140,"Goldsboro, NC (Metropolitan Statistical Area)",4754024
2001-01-01,24220,"Grand Forks, ND-MN (Metropolitan Statistical Area)",3837668
2002-01-01,24220,"Grand Forks, ND-MN (Metropolitan Statistical Area)",4011476
2003-01-01,24220,"Grand Forks, ND-MN (Metropolitan Statistical Area)",4322357
2004-01-01,24220,"Grand Forks, ND-MN (Metropolitan Statistical Area)",4189330
2005-01-01,24220,"Grand Forks, ND-MN (Metropolitan Statistical Area)",4304646
2006-01-01,24220,"Grand Forks, ND-MN (Metropolitan Statistical Area)",4534392
2007-01-01,24220,"Grand Forks, ND-MN (Metropolitan Statistical Area)",4538506
2008-01-01,24220,"Grand Forks, ND-MN (Metropolitan Statistical Area)",4812291
2009-01-01,24220,"Grand Forks, ND-MN (Metropolitan Statistical Area)",4632202
2010-01-01,24220,"Grand Forks, ND-MN (Metropolitan Statistical Area)",4749830
2011-01-01,24220,"Grand Forks, ND-MN (Metropolitan Statistical Area)",4811993
2012-01-01,24220,"Grand Forks, ND-MN (Metropolitan Statistical Area)",5174768
2013-01-01,24220,"Grand Forks, ND-MN (Metropolitan Statistical Area)",5246637
2014-01-01,24220,"Grand Forks, ND-MN (Metropolitan Statistical Area)",5203540
2015-01-01,24220,"Grand Forks, ND-MN (Metropolitan Statistical Area)",5289062
2016-01-01,24220,"Grand Forks, ND-MN (Metropolitan Statistical Area)",5412906
2017-01-01,24220,"Grand Forks, ND-MN (Metropolitan Statistical Area)",5409304
2018-01-01,24220,"Grand Forks, ND-MN (Metropolitan Statistical Area)",5431145
2019-01-01,24220,"Grand Forks, ND-MN (Metropolitan Statistical Area)",5469819
2020-01-01,24220,"Grand Forks, ND-MN (Metropolitan Statistical Area)",5321907
2021-01-01,24220,"Grand Forks, ND-MN (Metropolitan Statistical Area)",5475646
2022-01-01,24220,"Grand Forks, ND-MN (Metropolitan Statistical Area)",5420334
2023-01-01,24220,"Grand Forks, ND-MN (Metropolitan Statistical Area)",5383923
2001-01-01,24260,"Grand Island, NE (Metropolitan Statistical Area)",2786920
2002-01-01,24260,"Grand Island, NE (Metropolitan Statistical Area)",2868115
2003-01-01,24260,"Grand Island, NE (Metropolitan Statistical Area)",3043835
2004-01-01,24260,"Grand Island, NE (Metropolitan Statistical Area)",3115005
2005-01-01,24260,"Grand Island, NE (Metropolitan Statistical Area)",3362426
2006-01-01,24260,"Grand Island, NE (Metropolitan Statistical Area)",3507206
2007-01-01,24260,"Grand Island, NE (Metropolitan Statistical Area)",3509617
2008-01-01,24260,"Grand Island, NE (Metropolitan Statistical Area)",3596396
2009-01-01,24260,"Grand Island, NE (Metropolitan Statistical Area)",3633236
2010-01-01,24260,"Grand Island, NE (Metropolitan Statistical Area)",3791357
2011-01-01,24260,"Grand Island, NE (Metropolitan Statistical Area)",3856471
2012-01-01,24260,"Grand Island, NE (Metropolitan Statistical Area)",3968306
2013-01-01,24260,"Grand Island, NE (Metropolitan Statistical Area)",4180016
2014-01-01,24260,"Grand Island, NE (Metropolitan Statistical Area)",4154755
2015-01-01,24260,"Grand Island, NE (Metropolitan Statistical Area)",4165247
2016-01-01,24260,"Grand Island, NE (Metropolitan Statistical Area)",4232127
2017-01-01,24260,"Grand Island, NE (Metropolitan Statistical Area)",4050138
2018-01-01,24260,"Grand Island, NE (Metropolitan Statistical Area)",4106450
2019-01-01,24260,"Grand Island, NE (Metropolitan Statistical Area)",4116242
2020-01-01,24260,"Grand Island, NE (Metropolitan Statistical Area)",4057195
2021-01-01,24260,"Grand Island, NE (Metropolitan Statistical Area)",4476132
2022-01-01,24260,"Grand Island, NE (Metropolitan Statistical Area)",4447390
2023-01-01,24260,"Grand Island, NE (Metropolitan Statistical Area)",4635163
2001-01-01,24300,"Grand Junction, CO (Metropolitan Statistical Area)",4668891
2002-01-01,24300,"Grand Junction, CO (Metropolitan Statistical Area)",4811522
2003-01-01,24300,"Grand Junction, CO (Metropolitan Statistical Area)",4945914
2004-01-01,24300,"Grand Junction, CO (Metropolitan Statistical Area)",5115063
2005-01-01,24300,"Grand Junction, CO (Metropolitan Statistical Area)",5445558
2006-01-01,24300,"Grand Junction, CO (Metropolitan Statistical Area)",5791353
2007-01-01,24300,"Grand Junction, CO (Metropolitan Statistical Area)",6451522
2008-01-01,24300,"Grand Junction, CO (Metropolitan Statistical Area)",7032903
2009-01-01,24300,"Grand Junction, CO (Metropolitan Statistical Area)",6479489
2010-01-01,24300,"Grand Junction, CO (Metropolitan Statistical Area)",6126631
2011-01-01,24300,"Grand Junction, CO (Metropolitan Statistical Area)",6206524
2012-01-01,24300,"Grand Junction, CO (Metropolitan Statistical Area)",6104794
2013-01-01,24300,"Grand Junction, CO (Metropolitan Statistical Area)",6088924
2014-01-01,24300,"Grand Junction, CO (Metropolitan Statistical Area)",6237721
2015-01-01,24300,"Grand Junction, CO (Metropolitan Statistical Area)",6151499
2016-01-01,24300,"Grand Junction, CO (Metropolitan Statistical Area)",6022330
2017-01-01,24300,"Grand Junction, CO (Metropolitan Statistical Area)",6404009
2018-01-01,24300,"Grand Junction, CO (Metropolitan Statistical Area)",6686313
2019-01-01,24300,"Grand Junction, CO (Metropolitan Statistical Area)",6815198
2020-01-01,24300,"Grand Junction, CO (Metropolitan Statistical Area)",6608274
2021-01-01,24300,"Grand Junction, CO (Metropolitan Statistical Area)",6930925
2022-01-01,24300,"Grand Junction, CO (Metropolitan Statistical Area)",7177634
2023-01-01,24300,"Grand Junction, CO (Metropolitan Statistical Area)",7367394
2001-01-01,24340,"Grand Rapids-Kentwood, MI (Metropolitan Statistical Area)",45952119
2002-01-01,24340,"Grand Rapids-Kentwood, MI (Metropolitan Statistical Area)",47380768
2003-01-01,24340,"Grand Rapids-Kentwood, MI (Metropolitan Statistical Area)",48764608
2004-01-01,24340,"Grand Rapids-Kentwood, MI (Metropolitan Statistical Area)",50384156
2005-01-01,24340,"Grand Rapids-Kentwood, MI (Metropolitan Statistical Area)",51794970
2006-01-01,24340,"Grand Rapids-Kentwood, MI (Metropolitan Statistical Area)",51354300
2007-01-01,24340,"Grand Rapids-Kentwood, MI (Metropolitan Statistical Area)",51562860
2008-01-01,24340,"Grand Rapids-Kentwood, MI (Metropolitan Statistical Area)",49823286
2009-01-01,24340,"Grand Rapids-Kentwood, MI (Metropolitan Statistical Area)",46530151
2010-01-01,24340,"Grand Rapids-Kentwood, MI (Metropolitan Statistical Area)",48566464
2011-01-01,24340,"Grand Rapids-Kentwood, MI (Metropolitan Statistical Area)",49783357
2012-01-01,24340,"Grand Rapids-Kentwood, MI (Metropolitan Statistical Area)",50975300
2013-01-01,24340,"Grand Rapids-Kentwood, MI (Metropolitan Statistical Area)",52334576
2014-01-01,24340,"Grand Rapids-Kentwood, MI (Metropolitan Statistical Area)",54164091
2015-01-01,24340,"Grand Rapids-Kentwood, MI (Metropolitan Statistical Area)",56543645
2016-01-01,24340,"Grand Rapids-Kentwood, MI (Metropolitan Statistical Area)",58005353
2017-01-01,24340,"Grand Rapids-Kentwood, MI (Metropolitan Statistical Area)",58890732
2018-01-01,24340,"Grand Rapids-Kentwood, MI (Metropolitan Statistical Area)",60849854
2019-01-01,24340,"Grand Rapids-Kentwood, MI (Metropolitan Statistical Area)",61303421
2020-01-01,24340,"Grand Rapids-Kentwood, MI (Metropolitan Statistical Area)",60063912
2021-01-01,24340,"Grand Rapids-Kentwood, MI (Metropolitan Statistical Area)",64204641
2022-01-01,24340,"Grand Rapids-Kentwood, MI (Metropolitan Statistical Area)",65462466
2023-01-01,24340,"Grand Rapids-Kentwood, MI (Metropolitan Statistical Area)",66215291
2001-01-01,24420,"Grants Pass, OR (Metropolitan Statistical Area)",1889705
2002-01-01,24420,"Grants Pass, OR (Metropolitan Statistical Area)",1984797
2003-01-01,24420,"Grants Pass, OR (Metropolitan Statistical Area)",2086294
2004-01-01,24420,"Grants Pass, OR (Metropolitan Statistical Area)",2229155
2005-01-01,24420,"Grants Pass, OR (Metropolitan Statistical Area)",2323693
2006-01-01,24420,"Grants Pass, OR (Metropolitan Statistical Area)",2348744
2007-01-01,24420,"Grants Pass, OR (Metropolitan Statistical Area)",2339082
2008-01-01,24420,"Grants Pass, OR (Metropolitan Statistical Area)",2256917
2009-01-01,24420,"Grants Pass, OR (Metropolitan Statistical Area)",2197044
2010-01-01,24420,"Grants Pass, OR (Metropolitan Statistical Area)",2195188
2011-01-01,24420,"Grants Pass, OR (Metropolitan Statistical Area)",2200709
2012-01-01,24420,"Grants Pass, OR (Metropolitan Statistical Area)",2220716
2013-01-01,24420,"Grants Pass, OR (Metropolitan Statistical Area)",2243999
2014-01-01,24420,"Grants Pass, OR (Metropolitan Statistical Area)",2285479
2015-01-01,24420,"Grants Pass, OR (Metropolitan Statistical Area)",2441178
2016-01-01,24420,"Grants Pass, OR (Metropolitan Statistical Area)",2467631
2017-01-01,24420,"Grants Pass, OR (Metropolitan Statistical Area)",2650085
2018-01-01,24420,"Grants Pass, OR (Metropolitan Statistical Area)",2764830
2019-01-01,24420,"Grants Pass, OR (Metropolitan Statistical Area)",2949509
2020-01-01,24420,"Grants Pass, OR (Metropolitan Statistical Area)",2911287
2021-01-01,24420,"Grants Pass, OR (Metropolitan Statistical Area)",3062153
2022-01-01,24420,"Grants Pass, OR (Metropolitan Statistical Area)",2950786
2023-01-01,24420,"Grants Pass, OR (Metropolitan Statistical Area)",3094718
2010-01-01,24500,"Great Falls, MT (Metropolitan Statistical Area)",3483756
2011-01-01,24500,"Great Falls, MT (Metropolitan Statistical Area)",3513148
2012-01-01,24500,"Great Falls, MT (Metropolitan Statistical Area)",3532650
2013-01-01,24500,"Great Falls, MT (Metropolitan Statistical Area)",3466404
2014-01-01,24500,"Great Falls, MT (Metropolitan Statistical Area)",3453839
2015-01-01,24500,"Great Falls, MT (Metropolitan Statistical Area)",3560168
2016-01-01,24500,"Great Falls, MT (Metropolitan Statistical Area)",3563143
2017-01-01,24500,"Great Falls, MT (Metropolitan Statistical Area)",3715757
2018-01-01,24500,"Great Falls, MT (Metropolitan Statistical Area)",3765477
2019-01-01,24500,"Great Falls, MT (Metropolitan Statistical Area)",3717543
2020-01-01,24500,"Great Falls, MT (Metropolitan Statistical Area)",3660574
2021-01-01,24500,"Great Falls, MT (Metropolitan Statistical Area)",3791808
2022-01-01,24500,"Great Falls, MT (Metropolitan Statistical Area)",4051275
2023-01-01,24500,"Great Falls, MT (Metropolitan Statistical Area)",4179787
2001-01-01,24500,"Great Falls, MT (Metropolitan Statistical Area)",2938218
2002-01-01,24500,"Great Falls, MT (Metropolitan Statistical Area)",3025203
2003-01-01,24500,"Great Falls, MT (Metropolitan Statistical Area)",3051457
2004-01-01,24500,"Great Falls, MT (Metropolitan Statistical Area)",3185771
2005-01-01,24500,"Great Falls, MT (Metropolitan Statistical Area)",3414676
2006-01-01,24500,"Great Falls, MT (Metropolitan Statistical Area)",3376737
2007-01-01,24500,"Great Falls, MT (Metropolitan Statistical Area)",3451644
2008-01-01,24500,"Great Falls, MT (Metropolitan Statistical Area)",3385188
2009-01-01,24500,"Great Falls, MT (Metropolitan Statistical Area)",3370900
2001-01-01,24540,"Greeley, CO (Metropolitan Statistical Area) *",6635035
2002-01-01,24540,"Greeley, CO (Metropolitan Statistical Area) *",6583828
2003-01-01,24540,"Greeley, CO (Metropolitan Statistical Area) *",6830550
2004-01-01,24540,"Greeley, CO (Metropolitan Statistical Area) *",7358146
2005-01-01,24540,"Greeley, CO (Metropolitan Statistical Area) *",7954342
2006-01-01,24540,"Greeley, CO (Metropolitan Statistical Area) *",8137116
2007-01-01,24540,"Greeley, CO (Metropolitan Statistical Area) *",8509941
2008-01-01,24540,"Greeley, CO (Metropolitan Statistical Area) *",9009636
2009-01-01,24540,"Greeley, CO (Metropolitan Statistical Area) *",9154763
2010-01-01,24540,"Greeley, CO (Metropolitan Statistical Area) *",9486468
2011-01-01,24540,"Greeley, CO (Metropolitan Statistical Area) *",9862891
2012-01-01,24540,"Greeley, CO (Metropolitan Statistical Area) *",10835883
2013-01-01,24540,"Greeley, CO (Metropolitan Statistical Area) *",12241367
2014-01-01,24540,"Greeley, CO (Metropolitan Statistical Area) *",14817673
2015-01-01,24540,"Greeley, CO (Metropolitan Statistical Area) *",16724499
2016-01-01,24540,"Greeley, CO (Metropolitan Statistical Area) *",17346759
2017-01-01,24540,"Greeley, CO (Metropolitan Statistical Area) *",18534036
2018-01-01,24540,"Greeley, CO (Metropolitan Statistical Area) *",20592662
2019-01-01,24540,"Greeley, CO (Metropolitan Statistical Area) *",21737461
2020-01-01,24540,"Greeley, CO (Metropolitan Statistical Area) *",19906701
2021-01-01,24540,"Greeley, CO (Metropolitan Statistical Area) *",20409798
2022-01-01,24540,"Greeley, CO (Metropolitan Statistical Area) *",19168541
2023-01-01,24540,"Greeley, CO (Metropolitan Statistical Area) *",22705689
2010-01-01,24580,"Green Bay, WI (Metropolitan Statistical Area)",17230032
2011-01-01,24580,"Green Bay, WI (Metropolitan Statistical Area)",17627876
2012-01-01,24580,"Green Bay, WI (Metropolitan Statistical Area)",18110221
2013-01-01,24580,"Green Bay, WI (Metropolitan Statistical Area)",18161438
2014-01-01,24580,"Green Bay, WI (Metropolitan Statistical Area)",19298968
2015-01-01,24580,"Green Bay, WI (Metropolitan Statistical Area)",19835345
2016-01-01,24580,"Green Bay, WI (Metropolitan Statistical Area)",20039250
2017-01-01,24580,"Green Bay, WI (Metropolitan Statistical Area)",20005038
2018-01-01,24580,"Green Bay, WI (Metropolitan Statistical Area)",20648388
2019-01-01,24580,"Green Bay, WI (Metropolitan Statistical Area)",20722458
2020-01-01,24580,"Green Bay, WI (Metropolitan Statistical Area)",20142751
2021-01-01,24580,"Green Bay, WI (Metropolitan Statistical Area)",20534007
2022-01-01,24580,"Green Bay, WI (Metropolitan Statistical Area)",20827740
2023-01-01,24580,"Green Bay, WI (Metropolitan Statistical Area)",21092915
2001-01-01,24580,"Green Bay, WI (Metropolitan Statistical Area)",14854324
2002-01-01,24580,"Green Bay, WI (Metropolitan Statistical Area)",15209618
2003-01-01,24580,"Green Bay, WI (Metropolitan Statistical Area)",15710738
2004-01-01,24580,"Green Bay, WI (Metropolitan Statistical Area)",16212931
2005-01-01,24580,"Green Bay, WI (Metropolitan Statistical Area)",16503757
2006-01-01,24580,"Green Bay, WI (Metropolitan Statistical Area)",16772734
2007-01-01,24580,"Green Bay, WI (Metropolitan Statistical Area)",16955372
2008-01-01,24580,"Green Bay, WI (Metropolitan Statistical Area)",16936704
2009-01-01,24580,"Green Bay, WI (Metropolitan Statistical Area)",16364293
2001-01-01,24660,"Greensboro-High Point, NC (Metropolitan Statistical Area)",37001807
2002-01-01,24660,"Greensboro-High Point, NC (Metropolitan Statistical Area)",38020577
2003-01-01,24660,"Greensboro-High Point, NC (Metropolitan Statistical Area)",37983508
2004-01-01,24660,"Greensboro-High Point, NC (Metropolitan Statistical Area)",37675075
2005-01-01,24660,"Greensboro-High Point, NC (Metropolitan Statistical Area)",38724521
2006-01-01,24660,"Greensboro-High Point, NC (Metropolitan Statistical Area)",40345419
2007-01-01,24660,"Greensboro-High Point, NC (Metropolitan Statistical Area)",40450881
2008-01-01,24660,"Greensboro-High Point, NC (Metropolitan Statistical Area)",41098830
2009-01-01,24660,"Greensboro-High Point, NC (Metropolitan Statistical Area)",40333351
2010-01-01,24660,"Greensboro-High Point, NC (Metropolitan Statistical Area)",40873854
2011-01-01,24660,"Greensboro-High Point, NC (Metropolitan Statistical Area)",41475662
2012-01-01,24660,"Greensboro-High Point, NC (Metropolitan Statistical Area)",39565327
2013-01-01,24660,"Greensboro-High Point, NC (Metropolitan Statistical Area)",40597044
2014-01-01,24660,"Greensboro-High Point, NC (Metropolitan Statistical Area)",40440742
2015-01-01,24660,"Greensboro-High Point, NC (Metropolitan Statistical Area)",41466412
2016-01-01,24660,"Greensboro-High Point, NC (Metropolitan Statistical Area)",41019892
2017-01-01,24660,"Greensboro-High Point, NC (Metropolitan Statistical Area)",41215571
2018-01-01,24660,"Greensboro-High Point, NC (Metropolitan Statistical Area)",41409745
2019-01-01,24660,"Greensboro-High Point, NC (Metropolitan Statistical Area)",40962026
2020-01-01,24660,"Greensboro-High Point, NC (Metropolitan Statistical Area)",39491075
2021-01-01,24660,"Greensboro-High Point, NC (Metropolitan Statistical Area)",41075879
2022-01-01,24660,"Greensboro-High Point, NC (Metropolitan Statistical Area)",42232267
2023-01-01,24660,"Greensboro-High Point, NC (Metropolitan Statistical Area)",42453281
2001-01-01,24780,"Greenville, NC (Metropolitan Statistical Area)",6083009
2002-01-01,24780,"Greenville, NC (Metropolitan Statistical Area)",6041848
2003-01-01,24780,"Greenville, NC (Metropolitan Statistical Area)",6020576
2004-01-01,24780,"Greenville, NC (Metropolitan Statistical Area)",6216204
2005-01-01,24780,"Greenville, NC (Metropolitan Statistical Area)",6731287
2006-01-01,24780,"Greenville, NC (Metropolitan Statistical Area)",7290238
2007-01-01,24780,"Greenville, NC (Metropolitan Statistical Area)",7590191
2008-01-01,24780,"Greenville, NC (Metropolitan Statistical Area)",7635383
2009-01-01,24780,"Greenville, NC (Metropolitan Statistical Area)",7916219
2010-01-01,24780,"Greenville, NC (Metropolitan Statistical Area)",8167868
2011-01-01,24780,"Greenville, NC (Metropolitan Statistical Area)",8242236
2012-01-01,24780,"Greenville, NC (Metropolitan Statistical Area)",7878444
2013-01-01,24780,"Greenville, NC (Metropolitan Statistical Area)",8372125
2014-01-01,24780,"Greenville, NC (Metropolitan Statistical Area)",8630020
2015-01-01,24780,"Greenville, NC (Metropolitan Statistical Area)",9382802
2016-01-01,24780,"Greenville, NC (Metropolitan Statistical Area)",9395392
2017-01-01,24780,"Greenville, NC (Metropolitan Statistical Area)",9658131
2018-01-01,24780,"Greenville, NC (Metropolitan Statistical Area)",9399113
2019-01-01,24780,"Greenville, NC (Metropolitan Statistical Area)",9256380
2020-01-01,24780,"Greenville, NC (Metropolitan Statistical Area)",8957371
2021-01-01,24780,"Greenville, NC (Metropolitan Statistical Area)",9212531
2022-01-01,24780,"Greenville, NC (Metropolitan Statistical Area)",9427166
2023-01-01,24780,"Greenville, NC (Metropolitan Statistical Area)",9691704
2001-01-01,24860,"Greenville-Anderson, SC (Metropolitan Statistical Area)",34588985
2002-01-01,24860,"Greenville-Anderson, SC (Metropolitan Statistical Area)",36197594
2003-01-01,24860,"Greenville-Anderson, SC (Metropolitan Statistical Area)",37550526
2004-01-01,24860,"Greenville-Anderson, SC (Metropolitan Statistical Area)",34528018
2005-01-01,24860,"Greenville-Anderson, SC (Metropolitan Statistical Area)",35022783
2006-01-01,24860,"Greenville-Anderson, SC (Metropolitan Statistical Area)",34915987
2007-01-01,24860,"Greenville-Anderson, SC (Metropolitan Statistical Area)",36360826
2008-01-01,24860,"Greenville-Anderson, SC (Metropolitan Statistical Area)",36186884
2009-01-01,24860,"Greenville-Anderson, SC (Metropolitan Statistical Area)",34183739
2010-01-01,24860,"Greenville-Anderson, SC (Metropolitan Statistical Area)",35428854
2011-01-01,24860,"Greenville-Anderson, SC (Metropolitan Statistical Area)",36946081
2012-01-01,24860,"Greenville-Anderson, SC (Metropolitan Statistical Area)",37427771
2013-01-01,24860,"Greenville-Anderson, SC (Metropolitan Statistical Area)",38763695
2014-01-01,24860,"Greenville-Anderson, SC (Metropolitan Statistical Area)",40154116
2015-01-01,24860,"Greenville-Anderson, SC (Metropolitan Statistical Area)",41809435
2016-01-01,24860,"Greenville-Anderson, SC (Metropolitan Statistical Area)",42980339
2017-01-01,24860,"Greenville-Anderson, SC (Metropolitan Statistical Area)",43798842
2018-01-01,24860,"Greenville-Anderson, SC (Metropolitan Statistical Area)",45521410
2019-01-01,24860,"Greenville-Anderson, SC (Metropolitan Statistical Area)",46486146
2020-01-01,24860,"Greenville-Anderson, SC (Metropolitan Statistical Area)",45159656
2021-01-01,24860,"Greenville-Anderson, SC (Metropolitan Statistical Area)",47477661
2022-01-01,24860,"Greenville-Anderson, SC (Metropolitan Statistical Area)",49411335
2023-01-01,24860,"Greenville-Anderson, SC (Metropolitan Statistical Area)",50797835
2010-01-01,25060,"Gulfport-Biloxi, MS (Metropolitan Statistical Area)",18518340
2011-01-01,25060,"Gulfport-Biloxi, MS (Metropolitan Statistical Area)",17566359
2012-01-01,25060,"Gulfport-Biloxi, MS (Metropolitan Statistical Area)",18009326
2013-01-01,25060,"Gulfport-Biloxi, MS (Metropolitan Statistical Area)",16591392
2014-01-01,25060,"Gulfport-Biloxi, MS (Metropolitan Statistical Area)",17463492
2015-01-01,25060,"Gulfport-Biloxi, MS (Metropolitan Statistical Area)",16952658
2016-01-01,25060,"Gulfport-Biloxi, MS (Metropolitan Statistical Area)",17314958
2017-01-01,25060,"Gulfport-Biloxi, MS (Metropolitan Statistical Area)",17329568
2018-01-01,25060,"Gulfport-Biloxi, MS (Metropolitan Statistical Area)",16998219
2019-01-01,25060,"Gulfport-Biloxi, MS (Metropolitan Statistical Area)",17580247
2020-01-01,25060,"Gulfport-Biloxi, MS (Metropolitan Statistical Area)",17879941
2021-01-01,25060,"Gulfport-Biloxi, MS (Metropolitan Statistical Area)",18741947
2022-01-01,25060,"Gulfport-Biloxi, MS (Metropolitan Statistical Area)",18547056
2023-01-01,25060,"Gulfport-Biloxi, MS (Metropolitan Statistical Area)",19381800
2001-01-01,25060,"Gulfport-Biloxi, MS (Metropolitan Statistical Area)",15187161
2002-01-01,25060,"Gulfport-Biloxi, MS (Metropolitan Statistical Area)",15218907
2003-01-01,25060,"Gulfport-Biloxi, MS (Metropolitan Statistical Area)",16420858
2004-01-01,25060,"Gulfport-Biloxi, MS (Metropolitan Statistical Area)",16471716
2005-01-01,25060,"Gulfport-Biloxi, MS (Metropolitan Statistical Area)",17043901
2006-01-01,25060,"Gulfport-Biloxi, MS (Metropolitan Statistical Area)",17626821
2007-01-01,25060,"Gulfport-Biloxi, MS (Metropolitan Statistical Area)",22050714
2008-01-01,25060,"Gulfport-Biloxi, MS (Metropolitan Statistical Area)",19754148
2009-01-01,25060,"Gulfport-Biloxi, MS (Metropolitan Statistical Area)",18572030
2001-01-01,25180,"Hagerstown-Martinsburg, MD-WV (Metropolitan Statistical Area)",8328511
2002-01-01,25180,"Hagerstown-Martinsburg, MD-WV (Metropolitan Statistical Area)",8537984
2003-01-01,25180,"Hagerstown-Martinsburg, MD-WV (Metropolitan Statistical Area)",8728943
2004-01-01,25180,"Hagerstown-Martinsburg, MD-WV (Metropolitan Statistical Area)",9211498
2005-01-01,25180,"Hagerstown-Martinsburg, MD-WV (Metropolitan Statistical Area)",9524960
2006-01-01,25180,"Hagerstown-Martinsburg, MD-WV (Metropolitan Statistical Area)",9922077
2007-01-01,25180,"Hagerstown-Martinsburg, MD-WV (Metropolitan Statistical Area)",9977770
2008-01-01,25180,"Hagerstown-Martinsburg, MD-WV (Metropolitan Statistical Area)",9919295
2009-01-01,25180,"Hagerstown-Martinsburg, MD-WV (Metropolitan Statistical Area)",9591126
2010-01-01,25180,"Hagerstown-Martinsburg, MD-WV (Metropolitan Statistical Area)",9776408
2011-01-01,25180,"Hagerstown-Martinsburg, MD-WV (Metropolitan Statistical Area)",10024259
2012-01-01,25180,"Hagerstown-Martinsburg, MD-WV (Metropolitan Statistical Area)",10211390
2013-01-01,25180,"Hagerstown-Martinsburg, MD-WV (Metropolitan Statistical Area)",10314944
2014-01-01,25180,"Hagerstown-Martinsburg, MD-WV (Metropolitan Statistical Area)",10446402
2015-01-01,25180,"Hagerstown-Martinsburg, MD-WV (Metropolitan Statistical Area)",10525007
2016-01-01,25180,"Hagerstown-Martinsburg, MD-WV (Metropolitan Statistical Area)",11015848
2017-01-01,25180,"Hagerstown-Martinsburg, MD-WV (Metropolitan Statistical Area)",11326919
2018-01-01,25180,"Hagerstown-Martinsburg, MD-WV (Metropolitan Statistical Area)",11663887
2019-01-01,25180,"Hagerstown-Martinsburg, MD-WV (Metropolitan Statistical Area)",11478956
2020-01-01,25180,"Hagerstown-Martinsburg, MD-WV (Metropolitan Statistical Area)",10940782
2021-01-01,25180,"Hagerstown-Martinsburg, MD-WV (Metropolitan Statistical Area)",11645353
2022-01-01,25180,"Hagerstown-Martinsburg, MD-WV (Metropolitan Statistical Area)",11618276
2023-01-01,25180,"Hagerstown-Martinsburg, MD-WV (Metropolitan Statistical Area)",12014140
2001-01-01,25220,"Hammond, LA (Metropolitan Statistical Area)",2563873
2002-01-01,25220,"Hammond, LA (Metropolitan Statistical Area)",2668478
2003-01-01,25220,"Hammond, LA (Metropolitan Statistical Area)",2905112
2004-01-01,25220,"Hammond, LA (Metropolitan Statistical Area)",3185566
2005-01-01,25220,"Hammond, LA (Metropolitan Statistical Area)",3534614
2006-01-01,25220,"Hammond, LA (Metropolitan Statistical Area)",4098046
2007-01-01,25220,"Hammond, LA (Metropolitan Statistical Area)",3893402
2008-01-01,25220,"Hammond, LA (Metropolitan Statistical Area)",4027807
2009-01-01,25220,"Hammond, LA (Metropolitan Statistical Area)",3832285
2010-01-01,25220,"Hammond, LA (Metropolitan Statistical Area)",4076328
2011-01-01,25220,"Hammond, LA (Metropolitan Statistical Area)",4565305
2012-01-01,25220,"Hammond, LA (Metropolitan Statistical Area)",4141898
2013-01-01,25220,"Hammond, LA (Metropolitan Statistical Area)",3870777
2014-01-01,25220,"Hammond, LA (Metropolitan Statistical Area)",3858728
2015-01-01,25220,"Hammond, LA (Metropolitan Statistical Area)",3637806
2016-01-01,25220,"Hammond, LA (Metropolitan Statistical Area)",3782194
2017-01-01,25220,"Hammond, LA (Metropolitan Statistical Area)",4086210
2018-01-01,25220,"Hammond, LA (Metropolitan Statistical Area)",4096259
2019-01-01,25220,"Hammond, LA (Metropolitan Statistical Area)",4352843
2020-01-01,25220,"Hammond, LA (Metropolitan Statistical Area)",4240458
2021-01-01,25220,"Hammond, LA (Metropolitan Statistical Area)",4437179
2022-01-01,25220,"Hammond, LA (Metropolitan Statistical Area)",4487376
2023-01-01,25220,"Hammond, LA (Metropolitan Statistical Area)",4756791
2011-01-01,25260,"Hanford-Corcoran, CA (Metropolitan Statistical Area)",5799747
2012-01-01,25260,"Hanford-Corcoran, CA (Metropolitan Statistical Area)",5257986
2013-01-01,25260,"Hanford-Corcoran, CA (Metropolitan Statistical Area)",5247463
2014-01-01,25260,"Hanford-Corcoran, CA (Metropolitan Statistical Area)",5678366
2015-01-01,25260,"Hanford-Corcoran, CA (Metropolitan Statistical Area)",5721626
2016-01-01,25260,"Hanford-Corcoran, CA (Metropolitan Statistical Area)",6065609
2017-01-01,25260,"Hanford-Corcoran, CA (Metropolitan Statistical Area)",6443298
2018-01-01,25260,"Hanford-Corcoran, CA (Metropolitan Statistical Area)",6336899
2019-01-01,25260,"Hanford-Corcoran, CA (Metropolitan Statistical Area)",6457601
2020-01-01,25260,"Hanford-Corcoran, CA (Metropolitan Statistical Area)",6531692
2021-01-01,25260,"Hanford-Corcoran, CA (Metropolitan Statistical Area)",6604670
2022-01-01,25260,"Hanford-Corcoran, CA (Metropolitan Statistical Area)",6868202
2023-01-01,25260,"Hanford-Corcoran, CA (Metropolitan Statistical Area)",7041297
2001-01-01,25260,"Hanford-Corcoran, CA (Metropolitan Statistical Area)",4390062
2002-01-01,25260,"Hanford-Corcoran, CA (Metropolitan Statistical Area)",4655085
2003-01-01,25260,"Hanford-Corcoran, CA (Metropolitan Statistical Area)",5139149
2004-01-01,25260,"Hanford-Corcoran, CA (Metropolitan Statistical Area)",5394188
2005-01-01,25260,"Hanford-Corcoran, CA (Metropolitan Statistical Area)",5647094
2006-01-01,25260,"Hanford-Corcoran, CA (Metropolitan Statistical Area)",5257435
2007-01-01,25260,"Hanford-Corcoran, CA (Metropolitan Statistical Area)",6129314
2008-01-01,25260,"Hanford-Corcoran, CA (Metropolitan Statistical Area)",5479024
2009-01-01,25260,"Hanford-Corcoran, CA (Metropolitan Statistical Area)",4937710
2010-01-01,25260,"Hanford-Corcoran, CA (Metropolitan Statistical Area)",5065402
2001-01-01,25420,"Harrisburg-Carlisle, PA (Metropolitan Statistical Area)",29452258
2002-01-01,25420,"Harrisburg-Carlisle, PA (Metropolitan Statistical Area)",30119179
2003-01-01,25420,"Harrisburg-Carlisle, PA (Metropolitan Statistical Area)",31208619
2004-01-01,25420,"Harrisburg-Carlisle, PA (Metropolitan Statistical Area)",32445063
2005-01-01,25420,"Harrisburg-Carlisle, PA (Metropolitan Statistical Area)",33035697
2006-01-01,25420,"Harrisburg-Carlisle, PA (Metropolitan Statistical Area)",33391778
2007-01-01,25420,"Harrisburg-Carlisle, PA (Metropolitan Statistical Area)",34157643
2008-01-01,25420,"Harrisburg-Carlisle, PA (Metropolitan Statistical Area)",34225413
2009-01-01,25420,"Harrisburg-Carlisle, PA (Metropolitan Statistical Area)",33115809
2010-01-01,25420,"Harrisburg-Carlisle, PA (Metropolitan Statistical Area)",33775540
2011-01-01,25420,"Harrisburg-Carlisle, PA (Metropolitan Statistical Area)",34591709
2012-01-01,25420,"Harrisburg-Carlisle, PA (Metropolitan Statistical Area)",35212412
2013-01-01,25420,"Harrisburg-Carlisle, PA (Metropolitan Statistical Area)",36120391
2014-01-01,25420,"Harrisburg-Carlisle, PA (Metropolitan Statistical Area)",37283928
2015-01-01,25420,"Harrisburg-Carlisle, PA (Metropolitan Statistical Area)",38272320
2016-01-01,25420,"Harrisburg-Carlisle, PA (Metropolitan Statistical Area)",38454881
2017-01-01,25420,"Harrisburg-Carlisle, PA (Metropolitan Statistical Area)",38684588
2018-01-01,25420,"Harrisburg-Carlisle, PA (Metropolitan Statistical Area)",39391581
2019-01-01,25420,"Harrisburg-Carlisle, PA (Metropolitan Statistical Area)",40601043
2020-01-01,25420,"Harrisburg-Carlisle, PA (Metropolitan Statistical Area)",38629293
2021-01-01,25420,"Harrisburg-Carlisle, PA (Metropolitan Statistical Area)",40625492
2022-01-01,25420,"Harrisburg-Carlisle, PA (Metropolitan Statistical Area)",41093042
2023-01-01,25420,"Harrisburg-Carlisle, PA (Metropolitan Statistical Area)",41591153
2001-01-01,25500,"Harrisonburg, VA (Metropolitan Statistical Area) *",7377572
2002-01-01,25500,"Harrisonburg, VA (Metropolitan Statistical Area) *",6411999
2003-01-01,25500,"Harrisonburg, VA (Metropolitan Statistical Area) *",6335415
2004-01-01,25500,"Harrisonburg, VA (Metropolitan Statistical Area) *",6478482
2005-01-01,25500,"Harrisonburg, VA (Metropolitan Statistical Area) *",6848541
2006-01-01,25500,"Harrisonburg, VA (Metropolitan Statistical Area) *",6933455
2007-01-01,25500,"Harrisonburg, VA (Metropolitan Statistical Area) *",6982241
2008-01-01,25500,"Harrisonburg, VA (Metropolitan Statistical Area) *",6965570
2009-01-01,25500,"Harrisonburg, VA (Metropolitan Statistical Area) *",7340111
2010-01-01,25500,"Harrisonburg, VA (Metropolitan Statistical Area) *",7859631
2011-01-01,25500,"Harrisonburg, VA (Metropolitan Statistical Area) *",7906064
2012-01-01,25500,"Harrisonburg, VA (Metropolitan Statistical Area) *",8050976
2013-01-01,25500,"Harrisonburg, VA (Metropolitan Statistical Area) *",8320446
2014-01-01,25500,"Harrisonburg, VA (Metropolitan Statistical Area) *",7961219
2015-01-01,25500,"Harrisonburg, VA (Metropolitan Statistical Area) *",7751051
2016-01-01,25500,"Harrisonburg, VA (Metropolitan Statistical Area) *",7467012
2017-01-01,25500,"Harrisonburg, VA (Metropolitan Statistical Area) *",7664982
2018-01-01,25500,"Harrisonburg, VA (Metropolitan Statistical Area) *",7859692
2019-01-01,25500,"Harrisonburg, VA (Metropolitan Statistical Area) *",7986941
2020-01-01,25500,"Harrisonburg, VA (Metropolitan Statistical Area) *",7595563
2021-01-01,25500,"Harrisonburg, VA (Metropolitan Statistical Area) *",8283646
2022-01-01,25500,"Harrisonburg, VA (Metropolitan Statistical Area) *",8627419
2023-01-01,25500,"Harrisonburg, VA (Metropolitan Statistical Area) *",8287227
2001-01-01,25540,"Hartford-East Hartford-Middletown, CT (Metropolitan Statistical Area)",79033853
2002-01-01,25540,"Hartford-East Hartford-Middletown, CT (Metropolitan Statistical Area)",75066040
2003-01-01,25540,"Hartford-East Hartford-Middletown, CT (Metropolitan Statistical Area)",76606458
2004-01-01,25540,"Hartford-East Hartford-Middletown, CT (Metropolitan Statistical Area)",82937352
2005-01-01,25540,"Hartford-East Hartford-Middletown, CT (Metropolitan Statistical Area)",84603281
2006-01-01,25540,"Hartford-East Hartford-Middletown, CT (Metropolitan Statistical Area)",89412848
2007-01-01,25540,"Hartford-East Hartford-Middletown, CT (Metropolitan Statistical Area)",93840397
2008-01-01,25540,"Hartford-East Hartford-Middletown, CT (Metropolitan Statistical Area)",92988677
2009-01-01,25540,"Hartford-East Hartford-Middletown, CT (Metropolitan Statistical Area)",91032497
2010-01-01,25540,"Hartford-East Hartford-Middletown, CT (Metropolitan Statistical Area)",92655815
2011-01-01,25540,"Hartford-East Hartford-Middletown, CT (Metropolitan Statistical Area)",92397069
2012-01-01,25540,"Hartford-East Hartford-Middletown, CT (Metropolitan Statistical Area)",91945968
2013-01-01,25540,"Hartford-East Hartford-Middletown, CT (Metropolitan Statistical Area)",89250240
2014-01-01,25540,"Hartford-East Hartford-Middletown, CT (Metropolitan Statistical Area)",91679646
2015-01-01,25540,"Hartford-East Hartford-Middletown, CT (Metropolitan Statistical Area)",97478200
2016-01-01,25540,"Hartford-East Hartford-Middletown, CT (Metropolitan Statistical Area)",97917009
2017-01-01,25540,"Hartford-East Hartford-Middletown, CT (Metropolitan Statistical Area)",100616750
2018-01-01,25540,"Hartford-East Hartford-Middletown, CT (Metropolitan Statistical Area)",100887989
2019-01-01,25540,"Hartford-East Hartford-Middletown, CT (Metropolitan Statistical Area)",101852675
2020-01-01,25540,"Hartford-East Hartford-Middletown, CT (Metropolitan Statistical Area)",94783400
2021-01-01,25540,"Hartford-East Hartford-Middletown, CT (Metropolitan Statistical Area)",97642124
2022-01-01,25540,"Hartford-East Hartford-Middletown, CT (Metropolitan Statistical Area)",100472968
2023-01-01,25540,"Hartford-East Hartford-Middletown, CT (Metropolitan Statistical Area)",102764650
2001-01-01,25620,"Hattiesburg, MS (Metropolitan Statistical Area)",4732355
2002-01-01,25620,"Hattiesburg, MS (Metropolitan Statistical Area)",4896100
2003-01-01,25620,"Hattiesburg, MS (Metropolitan Statistical Area)",5117543
2004-01-01,25620,"Hattiesburg, MS (Metropolitan Statistical Area)",5376787
2005-01-01,25620,"Hattiesburg, MS (Metropolitan Statistical Area)",5584761
2006-01-01,25620,"Hattiesburg, MS (Metropolitan Statistical Area)",5907392
2007-01-01,25620,"Hattiesburg, MS (Metropolitan Statistical Area)",5752407
2008-01-01,25620,"Hattiesburg, MS (Metropolitan Statistical Area)",5935889
2009-01-01,25620,"Hattiesburg, MS (Metropolitan Statistical Area)",5864050
2010-01-01,25620,"Hattiesburg, MS (Metropolitan Statistical Area)",6055901
2011-01-01,25620,"Hattiesburg, MS (Metropolitan Statistical Area)",6009895
2012-01-01,25620,"Hattiesburg, MS (Metropolitan Statistical Area)",6124433
2013-01-01,25620,"Hattiesburg, MS (Metropolitan Statistical Area)",6216486
2014-01-01,25620,"Hattiesburg, MS (Metropolitan Statistical Area)",6192724
2015-01-01,25620,"Hattiesburg, MS (Metropolitan Statistical Area)",6273221
2016-01-01,25620,"Hattiesburg, MS (Metropolitan Statistical Area)",6152625
2017-01-01,25620,"Hattiesburg, MS (Metropolitan Statistical Area)",6262313
2018-01-01,25620,"Hattiesburg, MS (Metropolitan Statistical Area)",6249222
2019-01-01,25620,"Hattiesburg, MS (Metropolitan Statistical Area)",6178843
2020-01-01,25620,"Hattiesburg, MS (Metropolitan Statistical Area)",6084681
2021-01-01,25620,"Hattiesburg, MS (Metropolitan Statistical Area)",6564082
2022-01-01,25620,"Hattiesburg, MS (Metropolitan Statistical Area)",6671826
2023-01-01,25620,"Hattiesburg, MS (Metropolitan Statistical Area)",6913181
2010-01-01,25860,"Hickory-Lenoir-Morganton, NC (Metropolitan Statistical Area)",14134408
2011-01-01,25860,"Hickory-Lenoir-Morganton, NC (Metropolitan Statistical Area)",14064009
2012-01-01,25860,"Hickory-Lenoir-Morganton, NC (Metropolitan Statistical Area)",13630925
2013-01-01,25860,"Hickory-Lenoir-Morganton, NC (Metropolitan Statistical Area)",13792526
2014-01-01,25860,"Hickory-Lenoir-Morganton, NC (Metropolitan Statistical Area)",13882008
2015-01-01,25860,"Hickory-Lenoir-Morganton, NC (Metropolitan Statistical Area)",14219424
2016-01-01,25860,"Hickory-Lenoir-Morganton, NC (Metropolitan Statistical Area)",14603221
2017-01-01,25860,"Hickory-Lenoir-Morganton, NC (Metropolitan Statistical Area)",15103484
2018-01-01,25860,"Hickory-Lenoir-Morganton, NC (Metropolitan Statistical Area)",14923589
2019-01-01,25860,"Hickory-Lenoir-Morganton, NC (Metropolitan Statistical Area)",14741211
2020-01-01,25860,"Hickory-Lenoir-Morganton, NC (Metropolitan Statistical Area)",14434453
2021-01-01,25860,"Hickory-Lenoir-Morganton, NC (Metropolitan Statistical Area)",15092565
2022-01-01,25860,"Hickory-Lenoir-Morganton, NC (Metropolitan Statistical Area)",15500795
2023-01-01,25860,"Hickory-Lenoir-Morganton, NC (Metropolitan Statistical Area)",15312194
2001-01-01,25860,"Hickory-Lenoir-Morganton, NC (Metropolitan Statistical Area)",14506055
2002-01-01,25860,"Hickory-Lenoir-Morganton, NC (Metropolitan Statistical Area)",14561307
2003-01-01,25860,"Hickory-Lenoir-Morganton, NC (Metropolitan Statistical Area)",14266554
2004-01-01,25860,"Hickory-Lenoir-Morganton, NC (Metropolitan Statistical Area)",14759228
2005-01-01,25860,"Hickory-Lenoir-Morganton, NC (Metropolitan Statistical Area)",14862339
2006-01-01,25860,"Hickory-Lenoir-Morganton, NC (Metropolitan Statistical Area)",15231957
2007-01-01,25860,"Hickory-Lenoir-Morganton, NC (Metropolitan Statistical Area)",14727221
2008-01-01,25860,"Hickory-Lenoir-Morganton, NC (Metropolitan Statistical Area)",14255414
2009-01-01,25860,"Hickory-Lenoir-Morganton, NC (Metropolitan Statistical Area)",13526480
2010-01-01,25940,"Hilton Head Island-Bluffton, SC (Metropolitan Statistical Area)",7875798
2011-01-01,25940,"Hilton Head Island-Bluffton, SC (Metropolitan Statistical Area)",7771428
2012-01-01,25940,"Hilton Head Island-Bluffton, SC (Metropolitan Statistical Area)",7819711
2013-01-01,25940,"Hilton Head Island-Bluffton, SC (Metropolitan Statistical Area)",8168919
2014-01-01,25940,"Hilton Head Island-Bluffton, SC (Metropolitan Statistical Area)",8412320
2015-01-01,25940,"Hilton Head Island-Bluffton, SC (Metropolitan Statistical Area)",8560666
2016-01-01,25940,"Hilton Head Island-Bluffton, SC (Metropolitan Statistical Area)",8817628
2017-01-01,25940,"Hilton Head Island-Bluffton, SC (Metropolitan Statistical Area)",8876622
2018-01-01,25940,"Hilton Head Island-Bluffton, SC (Metropolitan Statistical Area)",9319395
2019-01-01,25940,"Hilton Head Island-Bluffton, SC (Metropolitan Statistical Area)",9762165
2020-01-01,25940,"Hilton Head Island-Bluffton, SC (Metropolitan Statistical Area)",9971047
2021-01-01,25940,"Hilton Head Island-Bluffton, SC (Metropolitan Statistical Area)",10324401
2022-01-01,25940,"Hilton Head Island-Bluffton, SC (Metropolitan Statistical Area)",10974028
2023-01-01,25940,"Hilton Head Island-Bluffton, SC (Metropolitan Statistical Area)",11429484
2001-01-01,25940,"Hilton Head Island-Bluffton, SC (Metropolitan Statistical Area)",6418977
2002-01-01,25940,"Hilton Head Island-Bluffton, SC (Metropolitan Statistical Area)",6539480
2003-01-01,25940,"Hilton Head Island-Bluffton, SC (Metropolitan Statistical Area)",6984527
2004-01-01,25940,"Hilton Head Island-Bluffton, SC (Metropolitan Statistical Area)",7480211
2005-01-01,25940,"Hilton Head Island-Bluffton, SC (Metropolitan Statistical Area)",7914499
2006-01-01,25940,"Hilton Head Island-Bluffton, SC (Metropolitan Statistical Area)",8285663
2007-01-01,25940,"Hilton Head Island-Bluffton, SC (Metropolitan Statistical Area)",8500120
2008-01-01,25940,"Hilton Head Island-Bluffton, SC (Metropolitan Statistical Area)",8303616
2009-01-01,25940,"Hilton Head Island-Bluffton, SC (Metropolitan Statistical Area)",7990227
2010-01-01,25980,"Hinesville, GA (Metropolitan Statistical Area)",4069487
2011-01-01,25980,"Hinesville, GA (Metropolitan Statistical Area)",4279422
2012-01-01,25980,"Hinesville, GA (Metropolitan Statistical Area)",4121688
2013-01-01,25980,"Hinesville, GA (Metropolitan Statistical Area)",4031827
2014-01-01,25980,"Hinesville, GA (Metropolitan Statistical Area)",3857470
2015-01-01,25980,"Hinesville, GA (Metropolitan Statistical Area)",3806525
2016-01-01,25980,"Hinesville, GA (Metropolitan Statistical Area)",3772860
2017-01-01,25980,"Hinesville, GA (Metropolitan Statistical Area)",3790848
2018-01-01,25980,"Hinesville, GA (Metropolitan Statistical Area)",3833459
2019-01-01,25980,"Hinesville, GA (Metropolitan Statistical Area)",3868264
2020-01-01,25980,"Hinesville, GA (Metropolitan Statistical Area)",3784101
2021-01-01,25980,"Hinesville, GA (Metropolitan Statistical Area)",4110009
2022-01-01,25980,"Hinesville, GA (Metropolitan Statistical Area)",4094419
2023-01-01,25980,"Hinesville, GA (Metropolitan Statistical Area)",4124707
2001-01-01,25980,"Hinesville, GA (Metropolitan Statistical Area)",2603132
2002-01-01,25980,"Hinesville, GA (Metropolitan Statistical Area)",2692536
2003-01-01,25980,"Hinesville, GA (Metropolitan Statistical Area)",2938574
2004-01-01,25980,"Hinesville, GA (Metropolitan Statistical Area)",3103480
2005-01-01,25980,"Hinesville, GA (Metropolitan Statistical Area)",3322050
2006-01-01,25980,"Hinesville, GA (Metropolitan Statistical Area)",3329196
2007-01-01,25980,"Hinesville, GA (Metropolitan Statistical Area)",3456259
2008-01-01,25980,"Hinesville, GA (Metropolitan Statistical Area)",3760278
2009-01-01,25980,"Hinesville, GA (Metropolitan Statistical Area)",3823707
2009-01-01,26140,"Homosassa Springs, FL (Metropolitan Statistical Area)",4475643
2010-01-01,26140,"Homosassa Springs, FL (Metropolitan Statistical Area)",4232403
2011-01-01,26140,"Homosassa Springs, FL (Metropolitan Statistical Area)",4087230
2012-01-01,26140,"Homosassa Springs, FL (Metropolitan Statistical Area)",3984421
2013-01-01,26140,"Homosassa Springs, FL (Metropolitan Statistical Area)",3974271
2014-01-01,26140,"Homosassa Springs, FL (Metropolitan Statistical Area)",3845099
2015-01-01,26140,"Homosassa Springs, FL (Metropolitan Statistical Area)",3795411
2016-01-01,26140,"Homosassa Springs, FL (Metropolitan Statistical Area)",3881586
2017-01-01,26140,"Homosassa Springs, FL (Metropolitan Statistical Area)",3704389
2018-01-01,26140,"Homosassa Springs, FL (Metropolitan Statistical Area)",3890477
2019-01-01,26140,"Homosassa Springs, FL (Metropolitan Statistical Area)",4177469
2020-01-01,26140,"Homosassa Springs, FL (Metropolitan Statistical Area)",4220549
2021-01-01,26140,"Homosassa Springs, FL (Metropolitan Statistical Area)",4612378
2022-01-01,26140,"Homosassa Springs, FL (Metropolitan Statistical Area)",4894456
2023-01-01,26140,"Homosassa Springs, FL (Metropolitan Statistical Area)",5072824
2001-01-01,26140,"Homosassa Springs, FL (Metropolitan Statistical Area)",3758730
2002-01-01,26140,"Homosassa Springs, FL (Metropolitan Statistical Area)",3868159
2003-01-01,26140,"Homosassa Springs, FL (Metropolitan Statistical Area)",4018945
2004-01-01,26140,"Homosassa Springs, FL (Metropolitan Statistical Area)",4283916
2005-01-01,26140,"Homosassa Springs, FL (Metropolitan Statistical Area)",4469725
2006-01-01,26140,"Homosassa Springs, FL (Metropolitan Statistical Area)",4804308
2007-01-01,26140,"Homosassa Springs, FL (Metropolitan Statistical Area)",4973450
2008-01-01,26140,"Homosassa Springs, FL (Metropolitan Statistical Area)",4758683
2001-01-01,26300,"Hot Springs, AR (Metropolitan Statistical Area)",2720613
2002-01-01,26300,"Hot Springs, AR (Metropolitan Statistical Area)",2827711
2003-01-01,26300,"Hot Springs, AR (Metropolitan Statistical Area)",2913688
2004-01-01,26300,"Hot Springs, AR (Metropolitan Statistical Area)",2999200
2005-01-01,26300,"Hot Springs, AR (Metropolitan Statistical Area)",3091455
2006-01-01,26300,"Hot Springs, AR (Metropolitan Statistical Area)",3100325
2007-01-01,26300,"Hot Springs, AR (Metropolitan Statistical Area)",3074066
2008-01-01,26300,"Hot Springs, AR (Metropolitan Statistical Area)",2979776
2009-01-01,26300,"Hot Springs, AR (Metropolitan Statistical Area)",2902818
2010-01-01,26300,"Hot Springs, AR (Metropolitan Statistical Area)",2977966
2011-01-01,26300,"Hot Springs, AR (Metropolitan Statistical Area)",3154370
2012-01-01,26300,"Hot Springs, AR (Metropolitan Statistical Area)",3231311
2013-01-01,26300,"Hot Springs, AR (Metropolitan Statistical Area)",3227878
2014-01-01,26300,"Hot Springs, AR (Metropolitan Statistical Area)",3258040
2015-01-01,26300,"Hot Springs, AR (Metropolitan Statistical Area)",3230244
2016-01-01,26300,"Hot Springs, AR (Metropolitan Statistical Area)",3279101
2017-01-01,26300,"Hot Springs, AR (Metropolitan Statistical Area)",3297461
2018-01-01,26300,"Hot Springs, AR (Metropolitan Statistical Area)",3379134
2019-01-01,26300,"Hot Springs, AR (Metropolitan Statistical Area)",3433130
2020-01-01,26300,"Hot Springs, AR (Metropolitan Statistical Area)",3406886
2021-01-01,26300,"Hot Springs, AR (Metropolitan Statistical Area)",3524013
2022-01-01,26300,"Hot Springs, AR (Metropolitan Statistical Area)",3557580
2023-01-01,26300,"Hot Springs, AR (Metropolitan Statistical Area)",3654803
2001-01-01,26380,"Houma-Thibodaux, LA (Metropolitan Statistical Area)",10817348
2002-01-01,26380,"Houma-Thibodaux, LA (Metropolitan Statistical Area)",10443075
2003-01-01,26380,"Houma-Thibodaux, LA (Metropolitan Statistical Area)",9963423
2004-01-01,26380,"Houma-Thibodaux, LA (Metropolitan Statistical Area)",9807480
2005-01-01,26380,"Houma-Thibodaux, LA (Metropolitan Statistical Area)",10067953
2006-01-01,26380,"Houma-Thibodaux, LA (Metropolitan Statistical Area)",11732477
2007-01-01,26380,"Houma-Thibodaux, LA (Metropolitan Statistical Area)",11874413
2008-01-01,26380,"Houma-Thibodaux, LA (Metropolitan Statistical Area)",11698056
2009-01-01,26380,"Houma-Thibodaux, LA (Metropolitan Statistical Area)",11802629
2010-01-01,26380,"Houma-Thibodaux, LA (Metropolitan Statistical Area)",11615933
2011-01-01,26380,"Houma-Thibodaux, LA (Metropolitan Statistical Area)",11163313
2012-01-01,26380,"Houma-Thibodaux, LA (Metropolitan Statistical Area)",11519381
2013-01-01,26380,"Houma-Thibodaux, LA (Metropolitan Statistical Area)",12057428
2014-01-01,26380,"Houma-Thibodaux, LA (Metropolitan Statistical Area)",12187585
2015-01-01,26380,"Houma-Thibodaux, LA (Metropolitan Statistical Area)",11135205
2016-01-01,26380,"Houma-Thibodaux, LA (Metropolitan Statistical Area)",9628706
2017-01-01,26380,"Houma-Thibodaux, LA (Metropolitan Statistical Area)",9241061
2018-01-01,26380,"Houma-Thibodaux, LA (Metropolitan Statistical Area)",9579891
2019-01-01,26380,"Houma-Thibodaux, LA (Metropolitan Statistical Area)",9533673
2020-01-01,26380,"Houma-Thibodaux, LA (Metropolitan Statistical Area)",8899826
2021-01-01,26380,"Houma-Thibodaux, LA (Metropolitan Statistical Area)",9003701
2022-01-01,26380,"Houma-Thibodaux, LA (Metropolitan Statistical Area)",9182773
2023-01-01,26380,"Houma-Thibodaux, LA (Metropolitan Statistical Area)",9898374
2001-01-01,26420,"Houston-The Woodlands-Sugar Land, TX (Metropolitan Statistical Area)",300975482
2002-01-01,26420,"Houston-The Woodlands-Sugar Land, TX (Metropolitan Statistical Area)",300134190
2003-01-01,26420,"Houston-The Woodlands-Sugar Land, TX (Metropolitan Statistical Area)",301807820
2004-01-01,26420,"Houston-The Woodlands-Sugar Land, TX (Metropolitan Statistical Area)",328635010
2005-01-01,26420,"Houston-The Woodlands-Sugar Land, TX (Metropolitan Statistical Area)",334271481
2006-01-01,26420,"Houston-The Woodlands-Sugar Land, TX (Metropolitan Statistical Area)",360553520
2007-01-01,26420,"Houston-The Woodlands-Sugar Land, TX (Metropolitan Statistical Area)",390636083
2008-01-01,26420,"Houston-The Woodlands-Sugar Land, TX (Metropolitan Statistical Area)",382270922
2009-01-01,26420,"Houston-The Woodlands-Sugar Land, TX (Metropolitan Statistical Area)",379647310
2010-01-01,26420,"Houston-The Woodlands-Sugar Land, TX (Metropolitan Statistical Area)",397507092
2011-01-01,26420,"Houston-The Woodlands-Sugar Land, TX (Metropolitan Statistical Area)",408274294
2012-01-01,26420,"Houston-The Woodlands-Sugar Land, TX (Metropolitan Statistical Area)",423174915
2013-01-01,26420,"Houston-The Woodlands-Sugar Land, TX (Metropolitan Statistical Area)",444914522
2014-01-01,26420,"Houston-The Woodlands-Sugar Land, TX (Metropolitan Statistical Area)",452627187
2015-01-01,26420,"Houston-The Woodlands-Sugar Land, TX (Metropolitan Statistical Area)",477484630
2016-01-01,26420,"Houston-The Woodlands-Sugar Land, TX (Metropolitan Statistical Area)",467360514
2017-01-01,26420,"Houston-The Woodlands-Sugar Land, TX (Metropolitan Statistical Area)",470676136
2018-01-01,26420,"Houston-The Woodlands-Sugar Land, TX (Metropolitan Statistical Area)",491166782
2019-01-01,26420,"Houston-The Woodlands-Sugar Land, TX (Metropolitan Statistical Area)",486873172
2020-01-01,26420,"Houston-The Woodlands-Sugar Land, TX (Metropolitan Statistical Area)",478037198
2021-01-01,26420,"Houston-The Woodlands-Sugar Land, TX (Metropolitan Statistical Area)",501191617
2022-01-01,26420,"Houston-The Woodlands-Sugar Land, TX (Metropolitan Statistical Area)",522617412
2023-01-01,26420,"Houston-The Woodlands-Sugar Land, TX (Metropolitan Statistical Area)",550795536
2010-01-01,26580,"Huntington-Ashland, WV-KY-OH (Metropolitan Statistical Area)",14139808
2011-01-01,26580,"Huntington-Ashland, WV-KY-OH (Metropolitan Statistical Area)",14163552
2012-01-01,26580,"Huntington-Ashland, WV-KY-OH (Metropolitan Statistical Area)",14890795
2013-01-01,26580,"Huntington-Ashland, WV-KY-OH (Metropolitan Statistical Area)",16012025
2014-01-01,26580,"Huntington-Ashland, WV-KY-OH (Metropolitan Statistical Area)",15195588
2015-01-01,26580,"Huntington-Ashland, WV-KY-OH (Metropolitan Statistical Area)",15172130
2016-01-01,26580,"Huntington-Ashland, WV-KY-OH (Metropolitan Statistical Area)",14735222
2017-01-01,26580,"Huntington-Ashland, WV-KY-OH (Metropolitan Statistical Area)",14669576
2018-01-01,26580,"Huntington-Ashland, WV-KY-OH (Metropolitan Statistical Area)",15381602
2019-01-01,26580,"Huntington-Ashland, WV-KY-OH (Metropolitan Statistical Area)",15646447
2020-01-01,26580,"Huntington-Ashland, WV-KY-OH (Metropolitan Statistical Area)",14379313
2021-01-01,26580,"Huntington-Ashland, WV-KY-OH (Metropolitan Statistical Area)",14743891
2022-01-01,26580,"Huntington-Ashland, WV-KY-OH (Metropolitan Statistical Area)",14564977
2023-01-01,26580,"Huntington-Ashland, WV-KY-OH (Metropolitan Statistical Area)",15235180
2001-01-01,26580,"Huntington-Ashland, WV-KY-OH (Metropolitan Statistical Area)",12443167
2002-01-01,26580,"Huntington-Ashland, WV-KY-OH (Metropolitan Statistical Area)",12683069
2003-01-01,26580,"Huntington-Ashland, WV-KY-OH (Metropolitan Statistical Area)",12946544
2004-01-01,26580,"Huntington-Ashland, WV-KY-OH (Metropolitan Statistical Area)",13372507
2005-01-01,26580,"Huntington-Ashland, WV-KY-OH (Metropolitan Statistical Area)",13509693
2006-01-01,26580,"Huntington-Ashland, WV-KY-OH (Metropolitan Statistical Area)",13748730
2007-01-01,26580,"Huntington-Ashland, WV-KY-OH (Metropolitan Statistical Area)",13594251
2008-01-01,26580,"Huntington-Ashland, WV-KY-OH (Metropolitan Statistical Area)",14312480
2009-01-01,26580,"Huntington-Ashland, WV-KY-OH (Metropolitan Statistical Area)",14374992
2001-01-01,26620,"Huntsville, AL (Metropolitan Statistical Area)",16309398
2002-01-01,26620,"Huntsville, AL (Metropolitan Statistical Area)",16965797
2003-01-01,26620,"Huntsville, AL (Metropolitan Statistical Area)",18036275
2004-01-01,26620,"Huntsville, AL (Metropolitan Statistical Area)",19437417
2005-01-01,26620,"Huntsville, AL (Metropolitan Statistical Area)",20516091
2006-01-01,26620,"Huntsville, AL (Metropolitan Statistical Area)",21269886
2007-01-01,26620,"Huntsville, AL (Metropolitan Statistical Area)",22002818
2008-01-01,26620,"Huntsville, AL (Metropolitan Statistical Area)",22760284
2009-01-01,26620,"Huntsville, AL (Metropolitan Statistical Area)",22932599
2010-01-01,26620,"Huntsville, AL (Metropolitan Statistical Area)",24235240
2011-01-01,26620,"Huntsville, AL (Metropolitan Statistical Area)",24617474
2012-01-01,26620,"Huntsville, AL (Metropolitan Statistical Area)",24747854
2013-01-01,26620,"Huntsville, AL (Metropolitan Statistical Area)",25182362
2014-01-01,26620,"Huntsville, AL (Metropolitan Statistical Area)",25256849
2015-01-01,26620,"Huntsville, AL (Metropolitan Statistical Area)",25701010
2016-01-01,26620,"Huntsville, AL (Metropolitan Statistical Area)",26510299
2017-01-01,26620,"Huntsville, AL (Metropolitan Statistical Area)",27520607
2018-01-01,26620,"Huntsville, AL (Metropolitan Statistical Area)",28602244
2019-01-01,26620,"Huntsville, AL (Metropolitan Statistical Area)",30239374
2020-01-01,26620,"Huntsville, AL (Metropolitan Statistical Area)",30731153
2021-01-01,26620,"Huntsville, AL (Metropolitan Statistical Area)",32580889
2022-01-01,26620,"Huntsville, AL (Metropolitan Statistical Area)",34070054
2023-01-01,26620,"Huntsville, AL (Metropolitan Statistical Area)",36099905
2001-01-01,26820,"Idaho Falls, ID (Metropolitan Statistical Area)",4407107
2002-01-01,26820,"Idaho Falls, ID (Metropolitan Statistical Area)",4680037
2003-01-01,26820,"Idaho Falls, ID (Metropolitan Statistical Area)",4700901
2004-01-01,26820,"Idaho Falls, ID (Metropolitan Statistical Area)",4925720
2005-01-01,26820,"Idaho Falls, ID (Metropolitan Statistical Area)",5115034
2006-01-01,26820,"Idaho Falls, ID (Metropolitan Statistical Area)",5517045
2007-01-01,26820,"Idaho Falls, ID (Metropolitan Statistical Area)",5656577
2008-01-01,26820,"Idaho Falls, ID (Metropolitan Statistical Area)",5745755
2009-01-01,26820,"Idaho Falls, ID (Metropolitan Statistical Area)",5772002
2010-01-01,26820,"Idaho Falls, ID (Metropolitan Statistical Area)",5809837
2011-01-01,26820,"Idaho Falls, ID (Metropolitan Statistical Area)",5712260
2012-01-01,26820,"Idaho Falls, ID (Metropolitan Statistical Area)",5763370
2013-01-01,26820,"Idaho Falls, ID (Metropolitan Statistical Area)",5885487
2014-01-01,26820,"Idaho Falls, ID (Metropolitan Statistical Area)",5953405
2015-01-01,26820,"Idaho Falls, ID (Metropolitan Statistical Area)",6316252
2016-01-01,26820,"Idaho Falls, ID (Metropolitan Statistical Area)",6592241
2017-01-01,26820,"Idaho Falls, ID (Metropolitan Statistical Area)",7361547
2018-01-01,26820,"Idaho Falls, ID (Metropolitan Statistical Area)",8111156
2019-01-01,26820,"Idaho Falls, ID (Metropolitan Statistical Area)",8943485
2020-01-01,26820,"Idaho Falls, ID (Metropolitan Statistical Area)",9030045
2021-01-01,26820,"Idaho Falls, ID (Metropolitan Statistical Area)",9259683
2022-01-01,26820,"Idaho Falls, ID (Metropolitan Statistical Area)",9107882
2023-01-01,26820,"Idaho Falls, ID (Metropolitan Statistical Area)",9447519
2001-01-01,26900,"Indianapolis-Carmel-Anderson, IN (Metropolitan Statistical Area)",101853261
2002-01-01,26900,"Indianapolis-Carmel-Anderson, IN (Metropolitan Statistical Area)",103176222
2003-01-01,26900,"Indianapolis-Carmel-Anderson, IN (Metropolitan Statistical Area)",106763922
2004-01-01,26900,"Indianapolis-Carmel-Anderson, IN (Metropolitan Statistical Area)",112429883
2005-01-01,26900,"Indianapolis-Carmel-Anderson, IN (Metropolitan Statistical Area)",113638079
2006-01-01,26900,"Indianapolis-Carmel-Anderson, IN (Metropolitan Statistical Area)",117129568
2007-01-01,26900,"Indianapolis-Carmel-Anderson, IN (Metropolitan Statistical Area)",122077121
2008-01-01,26900,"Indianapolis-Carmel-Anderson, IN (Metropolitan Statistical Area)",125693060
2009-01-01,26900,"Indianapolis-Carmel-Anderson, IN (Metropolitan Statistical Area)",122055231
2010-01-01,26900,"Indianapolis-Carmel-Anderson, IN (Metropolitan Statistical Area)",126836309
2011-01-01,26900,"Indianapolis-Carmel-Anderson, IN (Metropolitan Statistical Area)",126535352
2012-01-01,26900,"Indianapolis-Carmel-Anderson, IN (Metropolitan Statistical Area)",125788590
2013-01-01,26900,"Indianapolis-Carmel-Anderson, IN (Metropolitan Statistical Area)",130121462
2014-01-01,26900,"Indianapolis-Carmel-Anderson, IN (Metropolitan Statistical Area)",132894769
2015-01-01,26900,"Indianapolis-Carmel-Anderson, IN (Metropolitan Statistical Area)",129541147
2016-01-01,26900,"Indianapolis-Carmel-Anderson, IN (Metropolitan Statistical Area)",132707968
2017-01-01,26900,"Indianapolis-Carmel-Anderson, IN (Metropolitan Statistical Area)",135881902
2018-01-01,26900,"Indianapolis-Carmel-Anderson, IN (Metropolitan Statistical Area)",140736192
2019-01-01,26900,"Indianapolis-Carmel-Anderson, IN (Metropolitan Statistical Area)",143849528
2020-01-01,26900,"Indianapolis-Carmel-Anderson, IN (Metropolitan Statistical Area)",142833662
2021-01-01,26900,"Indianapolis-Carmel-Anderson, IN (Metropolitan Statistical Area)",152526284
2022-01-01,26900,"Indianapolis-Carmel-Anderson, IN (Metropolitan Statistical Area)",158800351
2023-01-01,26900,"Indianapolis-Carmel-Anderson, IN (Metropolitan Statistical Area)",161812303
2001-01-01,26980,"Iowa City, IA (Metropolitan Statistical Area)",7016461
2002-01-01,26980,"Iowa City, IA (Metropolitan Statistical Area)",7247823
2003-01-01,26980,"Iowa City, IA (Metropolitan Statistical Area)",7469950
2004-01-01,26980,"Iowa City, IA (Metropolitan Statistical Area)",7824908
2005-01-01,26980,"Iowa City, IA (Metropolitan Statistical Area)",7943099
2006-01-01,26980,"Iowa City, IA (Metropolitan Statistical Area)",8294139
2007-01-01,26980,"Iowa City, IA (Metropolitan Statistical Area)",8347875
2008-01-01,26980,"Iowa City, IA (Metropolitan Statistical Area)",8772783
2009-01-01,26980,"Iowa City, IA (Metropolitan Statistical Area)",8693426
2010-01-01,26980,"Iowa City, IA (Metropolitan Statistical Area)",8956563
2011-01-01,26980,"Iowa City, IA (Metropolitan Statistical Area)",9399660
2012-01-01,26980,"Iowa City, IA (Metropolitan Statistical Area)",9541780
2013-01-01,26980,"Iowa City, IA (Metropolitan Statistical Area)",9944984
2014-01-01,26980,"Iowa City, IA (Metropolitan Statistical Area)",10266563
2015-01-01,26980,"Iowa City, IA (Metropolitan Statistical Area)",10040453
2016-01-01,26980,"Iowa City, IA (Metropolitan Statistical Area)",10202427
2017-01-01,26980,"Iowa City, IA (Metropolitan Statistical Area)",10820185
2018-01-01,26980,"Iowa City, IA (Metropolitan Statistical Area)",10918793
2019-01-01,26980,"Iowa City, IA (Metropolitan Statistical Area)",10819831
2020-01-01,26980,"Iowa City, IA (Metropolitan Statistical Area)",10351953
2021-01-01,26980,"Iowa City, IA (Metropolitan Statistical Area)",10893891
2022-01-01,26980,"Iowa City, IA (Metropolitan Statistical Area)",10974831
2023-01-01,26980,"Iowa City, IA (Metropolitan Statistical Area)",10935446
2001-01-01,27060,"Ithaca, NY (Metropolitan Statistical Area)",4960729
2002-01-01,27060,"Ithaca, NY (Metropolitan Statistical Area)",5124223
2003-01-01,27060,"Ithaca, NY (Metropolitan Statistical Area)",5376133
2004-01-01,27060,"Ithaca, NY (Metropolitan Statistical Area)",5492785
2005-01-01,27060,"Ithaca, NY (Metropolitan Statistical Area)",5447954
2006-01-01,27060,"Ithaca, NY (Metropolitan Statistical Area)",5452780
2007-01-01,27060,"Ithaca, NY (Metropolitan Statistical Area)",5495854
2008-01-01,27060,"Ithaca, NY (Metropolitan Statistical Area)",5729544
2009-01-01,27060,"Ithaca, NY (Metropolitan Statistical Area)",5892894
2010-01-01,27060,"Ithaca, NY (Metropolitan Statistical Area)",6121849
2011-01-01,27060,"Ithaca, NY (Metropolitan Statistical Area)",6083580
2012-01-01,27060,"Ithaca, NY (Metropolitan Statistical Area)",6123189
2013-01-01,27060,"Ithaca, NY (Metropolitan Statistical Area)",6018223
2014-01-01,27060,"Ithaca, NY (Metropolitan Statistical Area)",5937712
2015-01-01,27060,"Ithaca, NY (Metropolitan Statistical Area)",6082558
2016-01-01,27060,"Ithaca, NY (Metropolitan Statistical Area)",6101705
2017-01-01,27060,"Ithaca, NY (Metropolitan Statistical Area)",6140234
2018-01-01,27060,"Ithaca, NY (Metropolitan Statistical Area)",6184849
2019-01-01,27060,"Ithaca, NY (Metropolitan Statistical Area)",6263722
2020-01-01,27060,"Ithaca, NY (Metropolitan Statistical Area)",5791732
2021-01-01,27060,"Ithaca, NY (Metropolitan Statistical Area)",6017590
2022-01-01,27060,"Ithaca, NY (Metropolitan Statistical Area)",6142342
2023-01-01,27060,"Ithaca, NY (Metropolitan Statistical Area)",6140288
2010-01-01,27100,"Jackson, MI (Metropolitan Statistical Area)",5241801
2011-01-01,27100,"Jackson, MI (Metropolitan Statistical Area)",5491927
2012-01-01,27100,"Jackson, MI (Metropolitan Statistical Area)",5569923
2013-01-01,27100,"Jackson, MI (Metropolitan Statistical Area)",5671865
2014-01-01,27100,"Jackson, MI (Metropolitan Statistical Area)",5641754
2015-01-01,27100,"Jackson, MI (Metropolitan Statistical Area)",5703002
2016-01-01,27100,"Jackson, MI (Metropolitan Statistical Area)",5949982
2017-01-01,27100,"Jackson, MI (Metropolitan Statistical Area)",5986766
2018-01-01,27100,"Jackson, MI (Metropolitan Statistical Area)",6319957
2019-01-01,27100,"Jackson, MI (Metropolitan Statistical Area)",6597819
2020-01-01,27100,"Jackson, MI (Metropolitan Statistical Area)",6374681
2021-01-01,27100,"Jackson, MI (Metropolitan Statistical Area)",6771227
2022-01-01,27100,"Jackson, MI (Metropolitan Statistical Area)",6803878
2023-01-01,27100,"Jackson, MI (Metropolitan Statistical Area)",6909361
2001-01-01,27100,"Jackson, MI (Metropolitan Statistical Area)",5284481
2002-01-01,27100,"Jackson, MI (Metropolitan Statistical Area)",5453346
2003-01-01,27100,"Jackson, MI (Metropolitan Statistical Area)",5449946
2004-01-01,27100,"Jackson, MI (Metropolitan Statistical Area)",5593998
2005-01-01,27100,"Jackson, MI (Metropolitan Statistical Area)",5786615
2006-01-01,27100,"Jackson, MI (Metropolitan Statistical Area)",5710953
2007-01-01,27100,"Jackson, MI (Metropolitan Statistical Area)",5695314
2008-01-01,27100,"Jackson, MI (Metropolitan Statistical Area)",5528488
2009-01-01,27100,"Jackson, MI (Metropolitan Statistical Area)",5044064
2001-01-01,27140,"Jackson, MS (Metropolitan Statistical Area)",22798249
2002-01-01,27140,"Jackson, MS (Metropolitan Statistical Area)",23254413
2003-01-01,27140,"Jackson, MS (Metropolitan Statistical Area)",24276443
2004-01-01,27140,"Jackson, MS (Metropolitan Statistical Area)",25153817
2005-01-01,27140,"Jackson, MS (Metropolitan Statistical Area)",25751916
2006-01-01,27140,"Jackson, MS (Metropolitan Statistical Area)",26086684
2007-01-01,27140,"Jackson, MS (Metropolitan Statistical Area)",25322429
2008-01-01,27140,"Jackson, MS (Metropolitan Statistical Area)",25906649
2009-01-01,27140,"Jackson, MS (Metropolitan Statistical Area)",25108114
2010-01-01,27140,"Jackson, MS (Metropolitan Statistical Area)",25821275
2011-01-01,27140,"Jackson, MS (Metropolitan Statistical Area)",26268046
2012-01-01,27140,"Jackson, MS (Metropolitan Statistical Area)",26521192
2013-01-01,27140,"Jackson, MS (Metropolitan Statistical Area)",27246236
2014-01-01,27140,"Jackson, MS (Metropolitan Statistical Area)",27656519
2015-01-01,27140,"Jackson, MS (Metropolitan Statistical Area)",27876726
2016-01-01,27140,"Jackson, MS (Metropolitan Statistical Area)",27619643
2017-01-01,27140,"Jackson, MS (Metropolitan Statistical Area)",27649880
2018-01-01,27140,"Jackson, MS (Metropolitan Statistical Area)",27640828
2019-01-01,27140,"Jackson, MS (Metropolitan Statistical Area)",27630411
2020-01-01,27140,"Jackson, MS (Metropolitan Statistical Area)",27343331
2021-01-01,27140,"Jackson, MS (Metropolitan Statistical Area)",28798742
2022-01-01,27140,"Jackson, MS (Metropolitan Statistical Area)",29359243
2023-01-01,27140,"Jackson, MS (Metropolitan Statistical Area)",29957357
2001-01-01,27180,"Jackson, TN (Metropolitan Statistical Area)",6841419
2002-01-01,27180,"Jackson, TN (Metropolitan Statistical Area)",6791718
2003-01-01,27180,"Jackson, TN (Metropolitan Statistical Area)",6975742
2004-01-01,27180,"Jackson, TN (Metropolitan Statistical Area)",7196614
2005-01-01,27180,"Jackson, TN (Metropolitan Statistical Area)",7366825
2006-01-01,27180,"Jackson, TN (Metropolitan Statistical Area)",7527266
2007-01-01,27180,"Jackson, TN (Metropolitan Statistical Area)",7346651
2008-01-01,27180,"Jackson, TN (Metropolitan Statistical Area)",7506001
2009-01-01,27180,"Jackson, TN (Metropolitan Statistical Area)",7602875
2010-01-01,27180,"Jackson, TN (Metropolitan Statistical Area)",8098930
2011-01-01,27180,"Jackson, TN (Metropolitan Statistical Area)",8733669
2012-01-01,27180,"Jackson, TN (Metropolitan Statistical Area)",7672130
2013-01-01,27180,"Jackson, TN (Metropolitan Statistical Area)",7695477
2014-01-01,27180,"Jackson, TN (Metropolitan Statistical Area)",7655668
2015-01-01,27180,"Jackson, TN (Metropolitan Statistical Area)",7739258
2016-01-01,27180,"Jackson, TN (Metropolitan Statistical Area)",7896492
2017-01-01,27180,"Jackson, TN (Metropolitan Statistical Area)",8258298
2018-01-01,27180,"Jackson, TN (Metropolitan Statistical Area)",8289197
2019-01-01,27180,"Jackson, TN (Metropolitan Statistical Area)",8393916
2020-01-01,27180,"Jackson, TN (Metropolitan Statistical Area)",8299665
2021-01-01,27180,"Jackson, TN (Metropolitan Statistical Area)",8953005
2022-01-01,27180,"Jackson, TN (Metropolitan Statistical Area)",8788317
2023-01-01,27180,"Jackson, TN (Metropolitan Statistical Area)",8998352
2001-01-01,27260,"Jacksonville, FL (Metropolitan Statistical Area)",58079923
2002-01-01,27260,"Jacksonville, FL (Metropolitan Statistical Area)",59886798
2003-01-01,27260,"Jacksonville, FL (Metropolitan Statistical Area)",62881376
2004-01-01,27260,"Jacksonville, FL (Metropolitan Statistical Area)",66080370
2005-01-01,27260,"Jacksonville, FL (Metropolitan Statistical Area)",68909440
2006-01-01,27260,"Jacksonville, FL (Metropolitan Statistical Area)",71293321
2007-01-01,27260,"Jacksonville, FL (Metropolitan Statistical Area)",72771483
2008-01-01,27260,"Jacksonville, FL (Metropolitan Statistical Area)",70471996
2009-01-01,27260,"Jacksonville, FL (Metropolitan Statistical Area)",66978674
2010-01-01,27260,"Jacksonville, FL (Metropolitan Statistical Area)",66967562
2011-01-01,27260,"Jacksonville, FL (Metropolitan Statistical Area)",66478696
2012-01-01,27260,"Jacksonville, FL (Metropolitan Statistical Area)",67169932
2013-01-01,27260,"Jacksonville, FL (Metropolitan Statistical Area)",69433529
2014-01-01,27260,"Jacksonville, FL (Metropolitan Statistical Area)",71131900
2015-01-01,27260,"Jacksonville, FL (Metropolitan Statistical Area)",74125653
2016-01-01,27260,"Jacksonville, FL (Metropolitan Statistical Area)",76912031
2017-01-01,27260,"Jacksonville, FL (Metropolitan Statistical Area)",80341696
2018-01-01,27260,"Jacksonville, FL (Metropolitan Statistical Area)",82993748
2019-01-01,27260,"Jacksonville, FL (Metropolitan Statistical Area)",86527981
2020-01-01,27260,"Jacksonville, FL (Metropolitan Statistical Area)",87695010
2021-01-01,27260,"Jacksonville, FL (Metropolitan Statistical Area)",94437627
2022-01-01,27260,"Jacksonville, FL (Metropolitan Statistical Area)",100377422
2023-01-01,27260,"Jacksonville, FL (Metropolitan Statistical Area)",104720125
2010-01-01,27340,"Jacksonville, NC (Metropolitan Statistical Area)",9138668
2011-01-01,27340,"Jacksonville, NC (Metropolitan Statistical Area)",9265542
2012-01-01,27340,"Jacksonville, NC (Metropolitan Statistical Area)",8955659
2013-01-01,27340,"Jacksonville, NC (Metropolitan Statistical Area)",8737363
2014-01-01,27340,"Jacksonville, NC (Metropolitan Statistical Area)",8645350
2015-01-01,27340,"Jacksonville, NC (Metropolitan Statistical Area)",8514361
2016-01-01,27340,"Jacksonville, NC (Metropolitan Statistical Area)",8159381
2017-01-01,27340,"Jacksonville, NC (Metropolitan Statistical Area)",8335011
2018-01-01,27340,"Jacksonville, NC (Metropolitan Statistical Area)",8412503
2019-01-01,27340,"Jacksonville, NC (Metropolitan Statistical Area)",8545858
2020-01-01,27340,"Jacksonville, NC (Metropolitan Statistical Area)",8697170
2021-01-01,27340,"Jacksonville, NC (Metropolitan Statistical Area)",9156444
2022-01-01,27340,"Jacksonville, NC (Metropolitan Statistical Area)",9280585
2023-01-01,27340,"Jacksonville, NC (Metropolitan Statistical Area)",9506281
2001-01-01,27340,"Jacksonville, NC (Metropolitan Statistical Area)",5700864
2002-01-01,27340,"Jacksonville, NC (Metropolitan Statistical Area)",5554075
2003-01-01,27340,"Jacksonville, NC (Metropolitan Statistical Area)",5828597
2004-01-01,27340,"Jacksonville, NC (Metropolitan Statistical Area)",6332770
2005-01-01,27340,"Jacksonville, NC (Metropolitan Statistical Area)",6778525
2006-01-01,27340,"Jacksonville, NC (Metropolitan Statistical Area)",6859833
2007-01-01,27340,"Jacksonville, NC (Metropolitan Statistical Area)",7399358
2008-01-01,27340,"Jacksonville, NC (Metropolitan Statistical Area)",8222123
2009-01-01,27340,"Jacksonville, NC (Metropolitan Statistical Area)",8716322
2001-01-01,27500,"Janesville-Beloit, WI (Metropolitan Statistical Area)",5840309
2002-01-01,27500,"Janesville-Beloit, WI (Metropolitan Statistical Area)",6476257
2003-01-01,27500,"Janesville-Beloit, WI (Metropolitan Statistical Area)",6622872
2004-01-01,27500,"Janesville-Beloit, WI (Metropolitan Statistical Area)",6788459
2005-01-01,27500,"Janesville-Beloit, WI (Metropolitan Statistical Area)",6705679
2006-01-01,27500,"Janesville-Beloit, WI (Metropolitan Statistical Area)",7047439
2007-01-01,27500,"Janesville-Beloit, WI (Metropolitan Statistical Area)",7002050
2008-01-01,27500,"Janesville-Beloit, WI (Metropolitan Statistical Area)",6638980
2009-01-01,27500,"Janesville-Beloit, WI (Metropolitan Statistical Area)",6140055
2010-01-01,27500,"Janesville-Beloit, WI (Metropolitan Statistical Area)",6354438
2011-01-01,27500,"Janesville-Beloit, WI (Metropolitan Statistical Area)",6424806
2012-01-01,27500,"Janesville-Beloit, WI (Metropolitan Statistical Area)",6605953
2013-01-01,27500,"Janesville-Beloit, WI (Metropolitan Statistical Area)",6871735
2014-01-01,27500,"Janesville-Beloit, WI (Metropolitan Statistical Area)",6830016
2015-01-01,27500,"Janesville-Beloit, WI (Metropolitan Statistical Area)",6870628
2016-01-01,27500,"Janesville-Beloit, WI (Metropolitan Statistical Area)",6993113
2017-01-01,27500,"Janesville-Beloit, WI (Metropolitan Statistical Area)",6935931
2018-01-01,27500,"Janesville-Beloit, WI (Metropolitan Statistical Area)",7300585
2019-01-01,27500,"Janesville-Beloit, WI (Metropolitan Statistical Area)",7495534
2020-01-01,27500,"Janesville-Beloit, WI (Metropolitan Statistical Area)",7429811
2021-01-01,27500,"Janesville-Beloit, WI (Metropolitan Statistical Area)",7691478
2022-01-01,27500,"Janesville-Beloit, WI (Metropolitan Statistical Area)",7946455
2023-01-01,27500,"Janesville-Beloit, WI (Metropolitan Statistical Area)",8380111
2010-01-01,27620,"Jefferson City, MO (Metropolitan Statistical Area)",7197946
2011-01-01,27620,"Jefferson City, MO (Metropolitan Statistical Area)",7200739
2012-01-01,27620,"Jefferson City, MO (Metropolitan Statistical Area)",7218892
2013-01-01,27620,"Jefferson City, MO (Metropolitan Statistical Area)",7417672
2014-01-01,27620,"Jefferson City, MO (Metropolitan Statistical Area)",7546410
2015-01-01,27620,"Jefferson City, MO (Metropolitan Statistical Area)",7798355
2016-01-01,27620,"Jefferson City, MO (Metropolitan Statistical Area)",7744632
2017-01-01,27620,"Jefferson City, MO (Metropolitan Statistical Area)",7593521
2018-01-01,27620,"Jefferson City, MO (Metropolitan Statistical Area)",7670253
2019-01-01,27620,"Jefferson City, MO (Metropolitan Statistical Area)",8089811
2020-01-01,27620,"Jefferson City, MO (Metropolitan Statistical Area)",7881335
2021-01-01,27620,"Jefferson City, MO (Metropolitan Statistical Area)",7779893
2022-01-01,27620,"Jefferson City, MO (Metropolitan Statistical Area)",8217043
2023-01-01,27620,"Jefferson City, MO (Metropolitan Statistical Area)",8569734
2001-01-01,27620,"Jefferson City, MO (Metropolitan Statistical Area)",6259002
2002-01-01,27620,"Jefferson City, MO (Metropolitan Statistical Area)",6285226
2003-01-01,27620,"Jefferson City, MO (Metropolitan Statistical Area)",6454336
2004-01-01,27620,"Jefferson City, MO (Metropolitan Statistical Area)",6705114
2005-01-01,27620,"Jefferson City, MO (Metropolitan Statistical Area)",6812683
2006-01-01,27620,"Jefferson City, MO (Metropolitan Statistical Area)",6877179
2007-01-01,27620,"Jefferson City, MO (Metropolitan Statistical Area)",6865026
2008-01-01,27620,"Jefferson City, MO (Metropolitan Statistical Area)",7148278
2009-01-01,27620,"Jefferson City, MO (Metropolitan Statistical Area)",7023966
2001-01-01,27740,"Johnson City, TN (Metropolitan Statistical Area)",5652357
2002-01-01,27740,"Johnson City, TN (Metropolitan Statistical Area)",5783201
2003-01-01,27740,"Johnson City, TN (Metropolitan Statistical Area)",6076047
2004-01-01,27740,"Johnson City, TN (Metropolitan Statistical Area)",6547006
2005-01-01,27740,"Johnson City, TN (Metropolitan Statistical Area)",6718834
2006-01-01,27740,"Johnson City, TN (Metropolitan Statistical Area)",6826978
2007-01-01,27740,"Johnson City, TN (Metropolitan Statistical Area)",6937209
2008-01-01,27740,"Johnson City, TN (Metropolitan Statistical Area)",7186467
2009-01-01,27740,"Johnson City, TN (Metropolitan Statistical Area)",6918782
2010-01-01,27740,"Johnson City, TN (Metropolitan Statistical Area)",6782998
2011-01-01,27740,"Johnson City, TN (Metropolitan Statistical Area)",7034767
2012-01-01,27740,"Johnson City, TN (Metropolitan Statistical Area)",7151945
2013-01-01,27740,"Johnson City, TN (Metropolitan Statistical Area)",7068860
2014-01-01,27740,"Johnson City, TN (Metropolitan Statistical Area)",6964574
2015-01-01,27740,"Johnson City, TN (Metropolitan Statistical Area)",7241581
2016-01-01,27740,"Johnson City, TN (Metropolitan Statistical Area)",7068393
2017-01-01,27740,"Johnson City, TN (Metropolitan Statistical Area)",7311684
2018-01-01,27740,"Johnson City, TN (Metropolitan Statistical Area)",7446435
2019-01-01,27740,"Johnson City, TN (Metropolitan Statistical Area)",7640923
2020-01-01,27740,"Johnson City, TN (Metropolitan Statistical Area)",7670996
2021-01-01,27740,"Johnson City, TN (Metropolitan Statistical Area)",8327963
2022-01-01,27740,"Johnson City, TN (Metropolitan Statistical Area)",8291867
2023-01-01,27740,"Johnson City, TN (Metropolitan Statistical Area)",8636505
2010-01-01,27780,"Johnstown, PA (Metropolitan Statistical Area)",5033248
2011-01-01,27780,"Johnstown, PA (Metropolitan Statistical Area)",5047270
2012-01-01,27780,"Johnstown, PA (Metropolitan Statistical Area)",5006208
2013-01-01,27780,"Johnstown, PA (Metropolitan Statistical Area)",4934007
2014-01-01,27780,"Johnstown, PA (Metropolitan Statistical Area)",4920444
2015-01-01,27780,"Johnstown, PA (Metropolitan Statistical Area)",4804216
2016-01-01,27780,"Johnstown, PA (Metropolitan Statistical Area)",4739521
2017-01-01,27780,"Johnstown, PA (Metropolitan Statistical Area)",4692840
2018-01-01,27780,"Johnstown, PA (Metropolitan Statistical Area)",4697005
2019-01-01,27780,"Johnstown, PA (Metropolitan Statistical Area)",4672897
2020-01-01,27780,"Johnstown, PA (Metropolitan Statistical Area)",4623044
2021-01-01,27780,"Johnstown, PA (Metropolitan Statistical Area)",4606204
2022-01-01,27780,"Johnstown, PA (Metropolitan Statistical Area)",4714549
2023-01-01,27780,"Johnstown, PA (Metropolitan Statistical Area)",4905627
2001-01-01,27780,"Johnstown, PA (Metropolitan Statistical Area)",4814077
2002-01-01,27780,"Johnstown, PA (Metropolitan Statistical Area)",4756783
2003-01-01,27780,"Johnstown, PA (Metropolitan Statistical Area)",4803309
2004-01-01,27780,"Johnstown, PA (Metropolitan Statistical Area)",4849866
2005-01-01,27780,"Johnstown, PA (Metropolitan Statistical Area)",4935420
2006-01-01,27780,"Johnstown, PA (Metropolitan Statistical Area)",4841037
2007-01-01,27780,"Johnstown, PA (Metropolitan Statistical Area)",4881448
2008-01-01,27780,"Johnstown, PA (Metropolitan Statistical Area)",5005434
2009-01-01,27780,"Johnstown, PA (Metropolitan Statistical Area)",4895881
2001-01-01,27860,"Jonesboro, AR (Metropolitan Statistical Area)",3658706
2002-01-01,27860,"Jonesboro, AR (Metropolitan Statistical Area)",3800231
2003-01-01,27860,"Jonesboro, AR (Metropolitan Statistical Area)",4123618
2004-01-01,27860,"Jonesboro, AR (Metropolitan Statistical Area)",4340385
2005-01-01,27860,"Jonesboro, AR (Metropolitan Statistical Area)",4480908
2006-01-01,27860,"Jonesboro, AR (Metropolitan Statistical Area)",4519289
2007-01-01,27860,"Jonesboro, AR (Metropolitan Statistical Area)",4318599
2008-01-01,27860,"Jonesboro, AR (Metropolitan Statistical Area)",4423529
2009-01-01,27860,"Jonesboro, AR (Metropolitan Statistical Area)",4405030
2010-01-01,27860,"Jonesboro, AR (Metropolitan Statistical Area)",4629341
2011-01-01,27860,"Jonesboro, AR (Metropolitan Statistical Area)",4750262
2012-01-01,27860,"Jonesboro, AR (Metropolitan Statistical Area)",4718946
2013-01-01,27860,"Jonesboro, AR (Metropolitan Statistical Area)",4916362
2014-01-01,27860,"Jonesboro, AR (Metropolitan Statistical Area)",4809685
2015-01-01,27860,"Jonesboro, AR (Metropolitan Statistical Area)",4867323
2016-01-01,27860,"Jonesboro, AR (Metropolitan Statistical Area)",4936717
2017-01-01,27860,"Jonesboro, AR (Metropolitan Statistical Area)",5105989
2018-01-01,27860,"Jonesboro, AR (Metropolitan Statistical Area)",5234530
2019-01-01,27860,"Jonesboro, AR (Metropolitan Statistical Area)",5400870
2020-01-01,27860,"Jonesboro, AR (Metropolitan Statistical Area)",5463682
2021-01-01,27860,"Jonesboro, AR (Metropolitan Statistical Area)",5937466
2022-01-01,27860,"Jonesboro, AR (Metropolitan Statistical Area)",6049040
2023-01-01,27860,"Jonesboro, AR (Metropolitan Statistical Area)",6173118
2001-01-01,27900,"Joplin, MO (Metropolitan Statistical Area)",6299847
2002-01-01,27900,"Joplin, MO (Metropolitan Statistical Area)",6335263
2003-01-01,27900,"Joplin, MO (Metropolitan Statistical Area)",6476344
2004-01-01,27900,"Joplin, MO (Metropolitan Statistical Area)",6721979
2005-01-01,27900,"Joplin, MO (Metropolitan Statistical Area)",6866770
2006-01-01,27900,"Joplin, MO (Metropolitan Statistical Area)",6906897
2007-01-01,27900,"Joplin, MO (Metropolitan Statistical Area)",6888935
2008-01-01,27900,"Joplin, MO (Metropolitan Statistical Area)",7136976
2009-01-01,27900,"Joplin, MO (Metropolitan Statistical Area)",6837078
2010-01-01,27900,"Joplin, MO (Metropolitan Statistical Area)",7032434
2011-01-01,27900,"Joplin, MO (Metropolitan Statistical Area)",7124458
2012-01-01,27900,"Joplin, MO (Metropolitan Statistical Area)",7100278
2013-01-01,27900,"Joplin, MO (Metropolitan Statistical Area)",7275747
2014-01-01,27900,"Joplin, MO (Metropolitan Statistical Area)",7294382
2015-01-01,27900,"Joplin, MO (Metropolitan Statistical Area)",7631049
2016-01-01,27900,"Joplin, MO (Metropolitan Statistical Area)",7548012
2017-01-01,27900,"Joplin, MO (Metropolitan Statistical Area)",7558956
2018-01-01,27900,"Joplin, MO (Metropolitan Statistical Area)",7656330
2019-01-01,27900,"Joplin, MO (Metropolitan Statistical Area)",7574903
2020-01-01,27900,"Joplin, MO (Metropolitan Statistical Area)",7274749
2021-01-01,27900,"Joplin, MO (Metropolitan Statistical Area)",7643775
2022-01-01,27900,"Joplin, MO (Metropolitan Statistical Area)",7694301
2023-01-01,27900,"Joplin, MO (Metropolitan Statistical Area)",7696303
2001-01-01,27980,"Kahului-Wailuku-Lahaina, HI (Metropolitan Statistical Area)",6440482
2002-01-01,27980,"Kahului-Wailuku-Lahaina, HI (Metropolitan Statistical Area)",6728117
2003-01-01,27980,"Kahului-Wailuku-Lahaina, HI (Metropolitan Statistical Area)",7192274
2004-01-01,27980,"Kahului-Wailuku-Lahaina, HI (Metropolitan Statistical Area)",7673606
2005-01-01,27980,"Kahului-Wailuku-Lahaina, HI (Metropolitan Statistical Area)",8318272
2006-01-01,27980,"Kahului-Wailuku-Lahaina, HI (Metropolitan Statistical Area)",8959621
2007-01-01,27980,"Kahului-Wailuku-Lahaina, HI (Metropolitan Statistical Area)",9101669
2008-01-01,27980,"Kahului-Wailuku-Lahaina, HI (Metropolitan Statistical Area)",8610946
2009-01-01,27980,"Kahului-Wailuku-Lahaina, HI (Metropolitan Statistical Area)",7795185
2010-01-01,27980,"Kahului-Wailuku-Lahaina, HI (Metropolitan Statistical Area)",8026558
2011-01-01,27980,"Kahului-Wailuku-Lahaina, HI (Metropolitan Statistical Area)",8138842
2012-01-01,27980,"Kahului-Wailuku-Lahaina, HI (Metropolitan Statistical Area)",8405963
2013-01-01,27980,"Kahului-Wailuku-Lahaina, HI (Metropolitan Statistical Area)",8679560
2014-01-01,27980,"Kahului-Wailuku-Lahaina, HI (Metropolitan Statistical Area)",8754659
2015-01-01,27980,"Kahului-Wailuku-Lahaina, HI (Metropolitan Statistical Area)",9219389
2016-01-01,27980,"Kahului-Wailuku-Lahaina, HI (Metropolitan Statistical Area)",9525628
2017-01-01,27980,"Kahului-Wailuku-Lahaina, HI (Metropolitan Statistical Area)",9606468
2018-01-01,27980,"Kahului-Wailuku-Lahaina, HI (Metropolitan Statistical Area)",10183573
2019-01-01,27980,"Kahului-Wailuku-Lahaina, HI (Metropolitan Statistical Area)",10365301
2020-01-01,27980,"Kahului-Wailuku-Lahaina, HI (Metropolitan Statistical Area)",8577089
2021-01-01,27980,"Kahului-Wailuku-Lahaina, HI (Metropolitan Statistical Area)",9452570
2022-01-01,27980,"Kahului-Wailuku-Lahaina, HI (Metropolitan Statistical Area)",9774550
2023-01-01,27980,"Kahului-Wailuku-Lahaina, HI (Metropolitan Statistical Area)",9714929
2001-01-01,28020,"Kalamazoo-Portage, MI (Metropolitan Statistical Area)",11580765
2002-01-01,28020,"Kalamazoo-Portage, MI (Metropolitan Statistical Area)",12323366
2003-01-01,28020,"Kalamazoo-Portage, MI (Metropolitan Statistical Area)",12206349
2004-01-01,28020,"Kalamazoo-Portage, MI (Metropolitan Statistical Area)",12351332
2005-01-01,28020,"Kalamazoo-Portage, MI (Metropolitan Statistical Area)",12278235
2006-01-01,28020,"Kalamazoo-Portage, MI (Metropolitan Statistical Area)",12174694
2007-01-01,28020,"Kalamazoo-Portage, MI (Metropolitan Statistical Area)",12521818
2008-01-01,28020,"Kalamazoo-Portage, MI (Metropolitan Statistical Area)",12141902
2009-01-01,28020,"Kalamazoo-Portage, MI (Metropolitan Statistical Area)",11843096
2010-01-01,28020,"Kalamazoo-Portage, MI (Metropolitan Statistical Area)",12077738
2011-01-01,28020,"Kalamazoo-Portage, MI (Metropolitan Statistical Area)",12052226
2012-01-01,28020,"Kalamazoo-Portage, MI (Metropolitan Statistical Area)",12198726
2013-01-01,28020,"Kalamazoo-Portage, MI (Metropolitan Statistical Area)",12410777
2014-01-01,28020,"Kalamazoo-Portage, MI (Metropolitan Statistical Area)",12330154
2015-01-01,28020,"Kalamazoo-Portage, MI (Metropolitan Statistical Area)",12730593
2016-01-01,28020,"Kalamazoo-Portage, MI (Metropolitan Statistical Area)",13112094
2017-01-01,28020,"Kalamazoo-Portage, MI (Metropolitan Statistical Area)",13678676
2018-01-01,28020,"Kalamazoo-Portage, MI (Metropolitan Statistical Area)",14546835
2019-01-01,28020,"Kalamazoo-Portage, MI (Metropolitan Statistical Area)",14978275
2020-01-01,28020,"Kalamazoo-Portage, MI (Metropolitan Statistical Area)",15017678
2021-01-01,28020,"Kalamazoo-Portage, MI (Metropolitan Statistical Area)",15979090
2022-01-01,28020,"Kalamazoo-Portage, MI (Metropolitan Statistical Area)",16458764
2023-01-01,28020,"Kalamazoo-Portage, MI (Metropolitan Statistical Area)",16666024
2010-01-01,28100,"Kankakee, IL (Metropolitan Statistical Area)",4448483
2011-01-01,28100,"Kankakee, IL (Metropolitan Statistical Area)",4471931
2012-01-01,28100,"Kankakee, IL (Metropolitan Statistical Area)",4773263
2013-01-01,28100,"Kankakee, IL (Metropolitan Statistical Area)",4761277
2014-01-01,28100,"Kankakee, IL (Metropolitan Statistical Area)",4930318
2015-01-01,28100,"Kankakee, IL (Metropolitan Statistical Area)",5058790
2016-01-01,28100,"Kankakee, IL (Metropolitan Statistical Area)",5468186
2017-01-01,28100,"Kankakee, IL (Metropolitan Statistical Area)",5940652
2018-01-01,28100,"Kankakee, IL (Metropolitan Statistical Area)",6332562
2019-01-01,28100,"Kankakee, IL (Metropolitan Statistical Area)",6272833
2020-01-01,28100,"Kankakee, IL (Metropolitan Statistical Area)",6162590
2021-01-01,28100,"Kankakee, IL (Metropolitan Statistical Area)",6888379
2022-01-01,28100,"Kankakee, IL (Metropolitan Statistical Area)",7036823
2023-01-01,28100,"Kankakee, IL (Metropolitan Statistical Area)",7040527
2001-01-01,28100,"Kankakee, IL (Metropolitan Statistical Area)",3838854
2002-01-01,28100,"Kankakee, IL (Metropolitan Statistical Area)",3955569
2003-01-01,28100,"Kankakee, IL (Metropolitan Statistical Area)",3990909
2004-01-01,28100,"Kankakee, IL (Metropolitan Statistical Area)",4119319
2005-01-01,28100,"Kankakee, IL (Metropolitan Statistical Area)",4103199
2006-01-01,28100,"Kankakee, IL (Metropolitan Statistical Area)",4246076
2007-01-01,28100,"Kankakee, IL (Metropolitan Statistical Area)",4274993
2008-01-01,28100,"Kankakee, IL (Metropolitan Statistical Area)",4328859
2009-01-01,28100,"Kankakee, IL (Metropolitan Statistical Area)",4400888
2023-01-01,28140,"Kansas City, MO-KS (Metropolitan Statistical Area)",152822300
2022-01-01,28140,"Kansas City, MO-KS (Metropolitan Statistical Area)",148863632
2021-01-01,28140,"Kansas City, MO-KS (Metropolitan Statistical Area)",141720524
2020-01-01,28140,"Kansas City, MO-KS (Metropolitan Statistical Area)",136834341
2019-01-01,28140,"Kansas City, MO-KS (Metropolitan Statistical Area)",139466175
2018-01-01,28140,"Kansas City, MO-KS (Metropolitan Statistical Area)",136390868
2017-01-01,28140,"Kansas City, MO-KS (Metropolitan Statistical Area)",133753933
2016-01-01,28140,"Kansas City, MO-KS (Metropolitan Statistical Area)",129505863
2015-01-01,28140,"Kansas City, MO-KS (Metropolitan Statistical Area)",128811380
2014-01-01,28140,"Kansas City, MO-KS (Metropolitan Statistical Area)",124081588
2013-01-01,28140,"Kansas City, MO-KS (Metropolitan Statistical Area)",120801849
2012-01-01,28140,"Kansas City, MO-KS (Metropolitan Statistical Area)",118430666
2011-01-01,28140,"Kansas City, MO-KS (Metropolitan Statistical Area)",114230544
2010-01-01,28140,"Kansas City, MO-KS (Metropolitan Statistical Area)",114250927
2009-01-01,28140,"Kansas City, MO-KS (Metropolitan Statistical Area)",113938068
2008-01-01,28140,"Kansas City, MO-KS (Metropolitan Statistical Area)",118109897
2007-01-01,28140,"Kansas City, MO-KS (Metropolitan Statistical Area)",114324311
2006-01-01,28140,"Kansas City, MO-KS (Metropolitan Statistical Area)",110783415
2005-01-01,28140,"Kansas City, MO-KS (Metropolitan Statistical Area)",107384063
2004-01-01,28140,"Kansas City, MO-KS (Metropolitan Statistical Area)",104111658
2003-01-01,28140,"Kansas City, MO-KS (Metropolitan Statistical Area)",101877676
2002-01-01,28140,"Kansas City, MO-KS (Metropolitan Statistical Area)",99780944
2001-01-01,28140,"Kansas City, MO-KS (Metropolitan Statistical Area)",97099729
2001-01-01,28420,"Kennewick-Richland, WA (Metropolitan Statistical Area)",9504518
2002-01-01,28420,"Kennewick-Richland, WA (Metropolitan Statistical Area)",10180896
2003-01-01,28420,"Kennewick-Richland, WA (Metropolitan Statistical Area)",10261701
2004-01-01,28420,"Kennewick-Richland, WA (Metropolitan Statistical Area)",10498214
2005-01-01,28420,"Kennewick-Richland, WA (Metropolitan Statistical Area)",11124149
2006-01-01,28420,"Kennewick-Richland, WA (Metropolitan Statistical Area)",11485738
2007-01-01,28420,"Kennewick-Richland, WA (Metropolitan Statistical Area)",11610410
2008-01-01,28420,"Kennewick-Richland, WA (Metropolitan Statistical Area)",11873942
2009-01-01,28420,"Kennewick-Richland, WA (Metropolitan Statistical Area)",12442325
2010-01-01,28420,"Kennewick-Richland, WA (Metropolitan Statistical Area)",13772401
2011-01-01,28420,"Kennewick-Richland, WA (Metropolitan Statistical Area)",13578931
2012-01-01,28420,"Kennewick-Richland, WA (Metropolitan Statistical Area)",13048108
2013-01-01,28420,"Kennewick-Richland, WA (Metropolitan Statistical Area)",13038162
2014-01-01,28420,"Kennewick-Richland, WA (Metropolitan Statistical Area)",13322315
2015-01-01,28420,"Kennewick-Richland, WA (Metropolitan Statistical Area)",14031127
2016-01-01,28420,"Kennewick-Richland, WA (Metropolitan Statistical Area)",14703336
2017-01-01,28420,"Kennewick-Richland, WA (Metropolitan Statistical Area)",14688220
2018-01-01,28420,"Kennewick-Richland, WA (Metropolitan Statistical Area)",15221366
2019-01-01,28420,"Kennewick-Richland, WA (Metropolitan Statistical Area)",15806922
2020-01-01,28420,"Kennewick-Richland, WA (Metropolitan Statistical Area)",15425316
2021-01-01,28420,"Kennewick-Richland, WA (Metropolitan Statistical Area)",16321008
2022-01-01,28420,"Kennewick-Richland, WA (Metropolitan Statistical Area)",16284968
2023-01-01,28420,"Kennewick-Richland, WA (Metropolitan Statistical Area)",16679184
2001-01-01,28660,"Killeen-Temple, TX (Metropolitan Statistical Area)",12013168
2002-01-01,28660,"Killeen-Temple, TX (Metropolitan Statistical Area)",12479676
2003-01-01,28660,"Killeen-Temple, TX (Metropolitan Statistical Area)",13091655
2004-01-01,28660,"Killeen-Temple, TX (Metropolitan Statistical Area)",13659477
2005-01-01,28660,"Killeen-Temple, TX (Metropolitan Statistical Area)",14722076
2006-01-01,28660,"Killeen-Temple, TX (Metropolitan Statistical Area)",15925642
2007-01-01,28660,"Killeen-Temple, TX (Metropolitan Statistical Area)",16656200
2008-01-01,28660,"Killeen-Temple, TX (Metropolitan Statistical Area)",17617213
2009-01-01,28660,"Killeen-Temple, TX (Metropolitan Statistical Area)",17773269
2010-01-01,28660,"Killeen-Temple, TX (Metropolitan Statistical Area)",17736738
2011-01-01,28660,"Killeen-Temple, TX (Metropolitan Statistical Area)",18089374
2012-01-01,28660,"Killeen-Temple, TX (Metropolitan Statistical Area)",18095653
2013-01-01,28660,"Killeen-Temple, TX (Metropolitan Statistical Area)",17718258
2014-01-01,28660,"Killeen-Temple, TX (Metropolitan Statistical Area)",17621729
2015-01-01,28660,"Killeen-Temple, TX (Metropolitan Statistical Area)",18323765
2016-01-01,28660,"Killeen-Temple, TX (Metropolitan Statistical Area)",17954006
2017-01-01,28660,"Killeen-Temple, TX (Metropolitan Statistical Area)",18366880
2018-01-01,28660,"Killeen-Temple, TX (Metropolitan Statistical Area)",18495677
2019-01-01,28660,"Killeen-Temple, TX (Metropolitan Statistical Area)",18945144
2020-01-01,28660,"Killeen-Temple, TX (Metropolitan Statistical Area)",19235689
2021-01-01,28660,"Killeen-Temple, TX (Metropolitan Statistical Area)",20105361
2022-01-01,28660,"Killeen-Temple, TX (Metropolitan Statistical Area)",20635505
2023-01-01,28660,"Killeen-Temple, TX (Metropolitan Statistical Area)",21361974
2001-01-01,28700,"Kingsport-Bristol, TN-VA (Metropolitan Statistical Area) *",11337157
2002-01-01,28700,"Kingsport-Bristol, TN-VA (Metropolitan Statistical Area) *",11352624
2003-01-01,28700,"Kingsport-Bristol, TN-VA (Metropolitan Statistical Area) *",11573463
2004-01-01,28700,"Kingsport-Bristol, TN-VA (Metropolitan Statistical Area) *",12387730
2005-01-01,28700,"Kingsport-Bristol, TN-VA (Metropolitan Statistical Area) *",12109330
2006-01-01,28700,"Kingsport-Bristol, TN-VA (Metropolitan Statistical Area) *",12670499
2007-01-01,28700,"Kingsport-Bristol, TN-VA (Metropolitan Statistical Area) *",12768516
2008-01-01,28700,"Kingsport-Bristol, TN-VA (Metropolitan Statistical Area) *",12770167
2009-01-01,28700,"Kingsport-Bristol, TN-VA (Metropolitan Statistical Area) *",12679015
2010-01-01,28700,"Kingsport-Bristol, TN-VA (Metropolitan Statistical Area) *",12653274
2011-01-01,28700,"Kingsport-Bristol, TN-VA (Metropolitan Statistical Area) *",12958794
2012-01-01,28700,"Kingsport-Bristol, TN-VA (Metropolitan Statistical Area) *",13034434
2013-01-01,28700,"Kingsport-Bristol, TN-VA (Metropolitan Statistical Area) *",12842360
2014-01-01,28700,"Kingsport-Bristol, TN-VA (Metropolitan Statistical Area) *",12420559
2015-01-01,28700,"Kingsport-Bristol, TN-VA (Metropolitan Statistical Area) *",12685008
2016-01-01,28700,"Kingsport-Bristol, TN-VA (Metropolitan Statistical Area) *",12866727
2017-01-01,28700,"Kingsport-Bristol, TN-VA (Metropolitan Statistical Area) *",13292994
2018-01-01,28700,"Kingsport-Bristol, TN-VA (Metropolitan Statistical Area) *",13679790
2019-01-01,28700,"Kingsport-Bristol, TN-VA (Metropolitan Statistical Area) *",13294037
2020-01-01,28700,"Kingsport-Bristol, TN-VA (Metropolitan Statistical Area) *",13332437
2021-01-01,28700,"Kingsport-Bristol, TN-VA (Metropolitan Statistical Area) *",14258786
2022-01-01,28700,"Kingsport-Bristol, TN-VA (Metropolitan Statistical Area) *",14691261
2023-01-01,28700,"Kingsport-Bristol, TN-VA (Metropolitan Statistical Area) *",14762527
2001-01-01,28740,"Kingston, NY (Metropolitan Statistical Area)",5905850
2002-01-01,28740,"Kingston, NY (Metropolitan Statistical Area)",6069590
2003-01-01,28740,"Kingston, NY (Metropolitan Statistical Area)",6350440
2004-01-01,28740,"Kingston, NY (Metropolitan Statistical Area)",6620018
2005-01-01,28740,"Kingston, NY (Metropolitan Statistical Area)",6638097
2006-01-01,28740,"Kingston, NY (Metropolitan Statistical Area)",6745077
2007-01-01,28740,"Kingston, NY (Metropolitan Statistical Area)",6752665
2008-01-01,28740,"Kingston, NY (Metropolitan Statistical Area)",7031679
2009-01-01,28740,"Kingston, NY (Metropolitan Statistical Area)",6967102
2010-01-01,28740,"Kingston, NY (Metropolitan Statistical Area)",7117457
2011-01-01,28740,"Kingston, NY (Metropolitan Statistical Area)",7065707
2012-01-01,28740,"Kingston, NY (Metropolitan Statistical Area)",7134836
2013-01-01,28740,"Kingston, NY (Metropolitan Statistical Area)",7191471
2014-01-01,28740,"Kingston, NY (Metropolitan Statistical Area)",7175535
2015-01-01,28740,"Kingston, NY (Metropolitan Statistical Area)",7139599
2016-01-01,28740,"Kingston, NY (Metropolitan Statistical Area)",7133664
2017-01-01,28740,"Kingston, NY (Metropolitan Statistical Area)",7233714
2018-01-01,28740,"Kingston, NY (Metropolitan Statistical Area)",7326583
2019-01-01,28740,"Kingston, NY (Metropolitan Statistical Area)",7590366
2020-01-01,28740,"Kingston, NY (Metropolitan Statistical Area)",7271561
2021-01-01,28740,"Kingston, NY (Metropolitan Statistical Area)",7539426
2022-01-01,28740,"Kingston, NY (Metropolitan Statistical Area)",7767217
2023-01-01,28740,"Kingston, NY (Metropolitan Statistical Area)",7959618
2001-01-01,28940,"Knoxville, TN (Metropolitan Statistical Area)",30260119
2002-01-01,28940,"Knoxville, TN (Metropolitan Statistical Area)",31849178
2003-01-01,28940,"Knoxville, TN (Metropolitan Statistical Area)",33204199
2004-01-01,28940,"Knoxville, TN (Metropolitan Statistical Area)",34979777
2005-01-01,28940,"Knoxville, TN (Metropolitan Statistical Area)",36236597
2006-01-01,28940,"Knoxville, TN (Metropolitan Statistical Area)",37047183
2007-01-01,28940,"Knoxville, TN (Metropolitan Statistical Area)",37113496
2008-01-01,28940,"Knoxville, TN (Metropolitan Statistical Area)",37695890
2009-01-01,28940,"Knoxville, TN (Metropolitan Statistical Area)",35718138
2010-01-01,28940,"Knoxville, TN (Metropolitan Statistical Area)",36358994
2011-01-01,28940,"Knoxville, TN (Metropolitan Statistical Area)",37462074
2012-01-01,28940,"Knoxville, TN (Metropolitan Statistical Area)",38271658
2013-01-01,28940,"Knoxville, TN (Metropolitan Statistical Area)",38632524
2014-01-01,28940,"Knoxville, TN (Metropolitan Statistical Area)",39202079
2015-01-01,28940,"Knoxville, TN (Metropolitan Statistical Area)",39957603
2016-01-01,28940,"Knoxville, TN (Metropolitan Statistical Area)",41513743
2017-01-01,28940,"Knoxville, TN (Metropolitan Statistical Area)",43011276
2018-01-01,28940,"Knoxville, TN (Metropolitan Statistical Area)",44070389
2019-01-01,28940,"Knoxville, TN (Metropolitan Statistical Area)",44983408
2020-01-01,28940,"Knoxville, TN (Metropolitan Statistical Area)",45266978
2021-01-01,28940,"Knoxville, TN (Metropolitan Statistical Area)",49277364
2022-01-01,28940,"Knoxville, TN (Metropolitan Statistical Area)",51315982
2023-01-01,28940,"Knoxville, TN (Metropolitan Statistical Area)",52366530
2001-01-01,29020,"Kokomo, IN (Metropolitan Statistical Area)",3551225
2002-01-01,29020,"Kokomo, IN (Metropolitan Statistical Area)",3927823
2003-01-01,29020,"Kokomo, IN (Metropolitan Statistical Area)",4572931
2004-01-01,29020,"Kokomo, IN (Metropolitan Statistical Area)",4367394
2005-01-01,29020,"Kokomo, IN (Metropolitan Statistical Area)",4278831
2006-01-01,29020,"Kokomo, IN (Metropolitan Statistical Area)",4417966
2007-01-01,29020,"Kokomo, IN (Metropolitan Statistical Area)",4688464
2008-01-01,29020,"Kokomo, IN (Metropolitan Statistical Area)",4114079
2009-01-01,29020,"Kokomo, IN (Metropolitan Statistical Area)",2790880
2010-01-01,29020,"Kokomo, IN (Metropolitan Statistical Area)",4477639
2011-01-01,29020,"Kokomo, IN (Metropolitan Statistical Area)",4603878
2012-01-01,29020,"Kokomo, IN (Metropolitan Statistical Area)",4864066
2013-01-01,29020,"Kokomo, IN (Metropolitan Statistical Area)",4978819
2014-01-01,29020,"Kokomo, IN (Metropolitan Statistical Area)",4790054
2015-01-01,29020,"Kokomo, IN (Metropolitan Statistical Area)",4495602
2016-01-01,29020,"Kokomo, IN (Metropolitan Statistical Area)",4390351
2017-01-01,29020,"Kokomo, IN (Metropolitan Statistical Area)",4279358
2018-01-01,29020,"Kokomo, IN (Metropolitan Statistical Area)",4391576
2019-01-01,29020,"Kokomo, IN (Metropolitan Statistical Area)",4391125
2020-01-01,29020,"Kokomo, IN (Metropolitan Statistical Area)",4133195
2021-01-01,29020,"Kokomo, IN (Metropolitan Statistical Area)",4650719
2022-01-01,29020,"Kokomo, IN (Metropolitan Statistical Area)",4938847
2023-01-01,29020,"Kokomo, IN (Metropolitan Statistical Area)",4968417
2001-01-01,29100,"La Crosse-Onalaska, WI-MN (Metropolitan Statistical Area)",5533346
2002-01-01,29100,"La Crosse-Onalaska, WI-MN (Metropolitan Statistical Area)",5618764
2003-01-01,29100,"La Crosse-Onalaska, WI-MN (Metropolitan Statistical Area)",5837157
2004-01-01,29100,"La Crosse-Onalaska, WI-MN (Metropolitan Statistical Area)",6022115
2005-01-01,29100,"La Crosse-Onalaska, WI-MN (Metropolitan Statistical Area)",6173490
2006-01-01,29100,"La Crosse-Onalaska, WI-MN (Metropolitan Statistical Area)",6190780
2007-01-01,29100,"La Crosse-Onalaska, WI-MN (Metropolitan Statistical Area)",6289458
2008-01-01,29100,"La Crosse-Onalaska, WI-MN (Metropolitan Statistical Area)",6407788
2009-01-01,29100,"La Crosse-Onalaska, WI-MN (Metropolitan Statistical Area)",6439920
2010-01-01,29100,"La Crosse-Onalaska, WI-MN (Metropolitan Statistical Area)",6720640
2011-01-01,29100,"La Crosse-Onalaska, WI-MN (Metropolitan Statistical Area)",6876949
2012-01-01,29100,"La Crosse-Onalaska, WI-MN (Metropolitan Statistical Area)",7001936
2013-01-01,29100,"La Crosse-Onalaska, WI-MN (Metropolitan Statistical Area)",7032884
2014-01-01,29100,"La Crosse-Onalaska, WI-MN (Metropolitan Statistical Area)",7389384
2015-01-01,29100,"La Crosse-Onalaska, WI-MN (Metropolitan Statistical Area)",7599440
2016-01-01,29100,"La Crosse-Onalaska, WI-MN (Metropolitan Statistical Area)",7723975
2017-01-01,29100,"La Crosse-Onalaska, WI-MN (Metropolitan Statistical Area)",7962972
2018-01-01,29100,"La Crosse-Onalaska, WI-MN (Metropolitan Statistical Area)",8098515
2019-01-01,29100,"La Crosse-Onalaska, WI-MN (Metropolitan Statistical Area)",8204229
2020-01-01,29100,"La Crosse-Onalaska, WI-MN (Metropolitan Statistical Area)",7881491
2021-01-01,29100,"La Crosse-Onalaska, WI-MN (Metropolitan Statistical Area)",8122506
2022-01-01,29100,"La Crosse-Onalaska, WI-MN (Metropolitan Statistical Area)",8002112
2023-01-01,29100,"La Crosse-Onalaska, WI-MN (Metropolitan Statistical Area)",8061800
2001-01-01,29180,"Lafayette, LA (Metropolitan Statistical Area)",20712978
2002-01-01,29180,"Lafayette, LA (Metropolitan Statistical Area)",19520858
2003-01-01,29180,"Lafayette, LA (Metropolitan Statistical Area)",19334070
2004-01-01,29180,"Lafayette, LA (Metropolitan Statistical Area)",19731354
2005-01-01,29180,"Lafayette, LA (Metropolitan Statistical Area)",20275105
2006-01-01,29180,"Lafayette, LA (Metropolitan Statistical Area)",23103603
2007-01-01,29180,"Lafayette, LA (Metropolitan Statistical Area)",22818843
2008-01-01,29180,"Lafayette, LA (Metropolitan Statistical Area)",23385435
2009-01-01,29180,"Lafayette, LA (Metropolitan Statistical Area)",23161134
2010-01-01,29180,"Lafayette, LA (Metropolitan Statistical Area)",23520030
2011-01-01,29180,"Lafayette, LA (Metropolitan Statistical Area)",23941367
2012-01-01,29180,"Lafayette, LA (Metropolitan Statistical Area)",24900978
2013-01-01,29180,"Lafayette, LA (Metropolitan Statistical Area)",24863765
2014-01-01,29180,"Lafayette, LA (Metropolitan Statistical Area)",25214355
2015-01-01,29180,"Lafayette, LA (Metropolitan Statistical Area)",23287666
2016-01-01,29180,"Lafayette, LA (Metropolitan Statistical Area)",21115542
2017-01-01,29180,"Lafayette, LA (Metropolitan Statistical Area)",21115560
2018-01-01,29180,"Lafayette, LA (Metropolitan Statistical Area)",22041983
2019-01-01,29180,"Lafayette, LA (Metropolitan Statistical Area)",21814900
2020-01-01,29180,"Lafayette, LA (Metropolitan Statistical Area)",20825048
2021-01-01,29180,"Lafayette, LA (Metropolitan Statistical Area)",21777652
2022-01-01,29180,"Lafayette, LA (Metropolitan Statistical Area)",21790642
2023-01-01,29180,"Lafayette, LA (Metropolitan Statistical Area)",22626815
2010-01-01,29200,"Lafayette-West Lafayette, IN (Metropolitan Statistical Area)",9009495
2011-01-01,29200,"Lafayette-West Lafayette, IN (Metropolitan Statistical Area)",9202786
2012-01-01,29200,"Lafayette-West Lafayette, IN (Metropolitan Statistical Area)",9225398
2013-01-01,29200,"Lafayette-West Lafayette, IN (Metropolitan Statistical Area)",9645914
2014-01-01,29200,"Lafayette-West Lafayette, IN (Metropolitan Statistical Area)",9926672
2015-01-01,29200,"Lafayette-West Lafayette, IN (Metropolitan Statistical Area)",10002304
2016-01-01,29200,"Lafayette-West Lafayette, IN (Metropolitan Statistical Area)",10516083
2017-01-01,29200,"Lafayette-West Lafayette, IN (Metropolitan Statistical Area)",11076645
2018-01-01,29200,"Lafayette-West Lafayette, IN (Metropolitan Statistical Area)",11727598
2019-01-01,29200,"Lafayette-West Lafayette, IN (Metropolitan Statistical Area)",11795554
2020-01-01,29200,"Lafayette-West Lafayette, IN (Metropolitan Statistical Area)",11120285
2021-01-01,29200,"Lafayette-West Lafayette, IN (Metropolitan Statistical Area)",11516672
2022-01-01,29200,"Lafayette-West Lafayette, IN (Metropolitan Statistical Area)",12045550
2023-01-01,29200,"Lafayette-West Lafayette, IN (Metropolitan Statistical Area)",12372668
2001-01-01,29200,"Lafayette-West Lafayette, IN (Metropolitan Statistical Area)",7510091
2002-01-01,29200,"Lafayette-West Lafayette, IN (Metropolitan Statistical Area)",7710062
2003-01-01,29200,"Lafayette-West Lafayette, IN (Metropolitan Statistical Area)",8034270
2004-01-01,29200,"Lafayette-West Lafayette, IN (Metropolitan Statistical Area)",8293253
2005-01-01,29200,"Lafayette-West Lafayette, IN (Metropolitan Statistical Area)",8504814
2006-01-01,29200,"Lafayette-West Lafayette, IN (Metropolitan Statistical Area)",8904732
2007-01-01,29200,"Lafayette-West Lafayette, IN (Metropolitan Statistical Area)",9255512
2008-01-01,29200,"Lafayette-West Lafayette, IN (Metropolitan Statistical Area)",9136297
2009-01-01,29200,"Lafayette-West Lafayette, IN (Metropolitan Statistical Area)",8357779
2001-01-01,29340,"Lake Charles, LA (Metropolitan Statistical Area)",14236493
2002-01-01,29340,"Lake Charles, LA (Metropolitan Statistical Area)",15209479
2003-01-01,29340,"Lake Charles, LA (Metropolitan Statistical Area)",18264983
2004-01-01,29340,"Lake Charles, LA (Metropolitan Statistical Area)",19966686
2005-01-01,29340,"Lake Charles, LA (Metropolitan Statistical Area)",23760787
2006-01-01,29340,"Lake Charles, LA (Metropolitan Statistical Area)",20221763
2007-01-01,29340,"Lake Charles, LA (Metropolitan Statistical Area)",16907913
2008-01-01,29340,"Lake Charles, LA (Metropolitan Statistical Area)",14724591
2009-01-01,29340,"Lake Charles, LA (Metropolitan Statistical Area)",12373304
2010-01-01,29340,"Lake Charles, LA (Metropolitan Statistical Area)",11249390
2011-01-01,29340,"Lake Charles, LA (Metropolitan Statistical Area)",14030431
2012-01-01,29340,"Lake Charles, LA (Metropolitan Statistical Area)",13737355
2013-01-01,29340,"Lake Charles, LA (Metropolitan Statistical Area)",12125825
2014-01-01,29340,"Lake Charles, LA (Metropolitan Statistical Area)",12640055
2015-01-01,29340,"Lake Charles, LA (Metropolitan Statistical Area)",13239413
2016-01-01,29340,"Lake Charles, LA (Metropolitan Statistical Area)",14438344
2017-01-01,29340,"Lake Charles, LA (Metropolitan Statistical Area)",16643123
2018-01-01,29340,"Lake Charles, LA (Metropolitan Statistical Area)",16397626
2019-01-01,29340,"Lake Charles, LA (Metropolitan Statistical Area)",16947550
2020-01-01,29340,"Lake Charles, LA (Metropolitan Statistical Area)",13908472
2021-01-01,29340,"Lake Charles, LA (Metropolitan Statistical Area)",14504110
2022-01-01,29340,"Lake Charles, LA (Metropolitan Statistical Area)",13739208
2023-01-01,29340,"Lake Charles, LA (Metropolitan Statistical Area)",14629056
2011-01-01,29420,"Lake Havasu City-Kingman, AZ (Metropolitan Statistical Area)",5045649
2012-01-01,29420,"Lake Havasu City-Kingman, AZ (Metropolitan Statistical Area)",4991518
2013-01-01,29420,"Lake Havasu City-Kingman, AZ (Metropolitan Statistical Area)",5195248
2014-01-01,29420,"Lake Havasu City-Kingman, AZ (Metropolitan Statistical Area)",5196771
2015-01-01,29420,"Lake Havasu City-Kingman, AZ (Metropolitan Statistical Area)",5200633
2016-01-01,29420,"Lake Havasu City-Kingman, AZ (Metropolitan Statistical Area)",5456986
2017-01-01,29420,"Lake Havasu City-Kingman, AZ (Metropolitan Statistical Area)",5323399
2018-01-01,29420,"Lake Havasu City-Kingman, AZ (Metropolitan Statistical Area)",5437354
2019-01-01,29420,"Lake Havasu City-Kingman, AZ (Metropolitan Statistical Area)",5596478
2020-01-01,29420,"Lake Havasu City-Kingman, AZ (Metropolitan Statistical Area)",5861065
2021-01-01,29420,"Lake Havasu City-Kingman, AZ (Metropolitan Statistical Area)",6435342
2022-01-01,29420,"Lake Havasu City-Kingman, AZ (Metropolitan Statistical Area)",6591777
2023-01-01,29420,"Lake Havasu City-Kingman, AZ (Metropolitan Statistical Area)",6877318
2001-01-01,29420,"Lake Havasu City-Kingman, AZ (Metropolitan Statistical Area)",4130443
2002-01-01,29420,"Lake Havasu City-Kingman, AZ (Metropolitan Statistical Area)",4524135
2003-01-01,29420,"Lake Havasu City-Kingman, AZ (Metropolitan Statistical Area)",4658992
2004-01-01,29420,"Lake Havasu City-Kingman, AZ (Metropolitan Statistical Area)",4988571
2005-01-01,29420,"Lake Havasu City-Kingman, AZ (Metropolitan Statistical Area)",5240713
2006-01-01,29420,"Lake Havasu City-Kingman, AZ (Metropolitan Statistical Area)",5284605
2007-01-01,29420,"Lake Havasu City-Kingman, AZ (Metropolitan Statistical Area)",5390973
2008-01-01,29420,"Lake Havasu City-Kingman, AZ (Metropolitan Statistical Area)",5244184
2009-01-01,29420,"Lake Havasu City-Kingman, AZ (Metropolitan Statistical Area)",4957045
2010-01-01,29420,"Lake Havasu City-Kingman, AZ (Metropolitan Statistical Area)",5019325
2010-01-01,29460,"Lakeland-Winter Haven, FL (Metropolitan Statistical Area)",21659406
2009-01-01,29460,"Lakeland-Winter Haven, FL (Metropolitan Statistical Area)",21432859
2008-01-01,29460,"Lakeland-Winter Haven, FL (Metropolitan Statistical Area)",22789779
2007-01-01,29460,"Lakeland-Winter Haven, FL (Metropolitan Statistical Area)",23199261
2006-01-01,29460,"Lakeland-Winter Haven, FL (Metropolitan Statistical Area)",22616625
2005-01-01,29460,"Lakeland-Winter Haven, FL (Metropolitan Statistical Area)",21881068
2004-01-01,29460,"Lakeland-Winter Haven, FL (Metropolitan Statistical Area)",20689807
2003-01-01,29460,"Lakeland-Winter Haven, FL (Metropolitan Statistical Area)",19702588
2002-01-01,29460,"Lakeland-Winter Haven, FL (Metropolitan Statistical Area)",19076837
2001-01-01,29460,"Lakeland-Winter Haven, FL (Metropolitan Statistical Area)",18457509
2023-01-01,29460,"Lakeland-Winter Haven, FL (Metropolitan Statistical Area)",32161734
2022-01-01,29460,"Lakeland-Winter Haven, FL (Metropolitan Statistical Area)",31484355
2021-01-01,29460,"Lakeland-Winter Haven, FL (Metropolitan Statistical Area)",30208901
2020-01-01,29460,"Lakeland-Winter Haven, FL (Metropolitan Statistical Area)",28191159
2019-01-01,29460,"Lakeland-Winter Haven, FL (Metropolitan Statistical Area)",27501601
2018-01-01,29460,"Lakeland-Winter Haven, FL (Metropolitan Statistical Area)",26450032
2017-01-01,29460,"Lakeland-Winter Haven, FL (Metropolitan Statistical Area)",25742485
2016-01-01,29460,"Lakeland-Winter Haven, FL (Metropolitan Statistical Area)",24482482
2015-01-01,29460,"Lakeland-Winter Haven, FL (Metropolitan Statistical Area)",23713182
2014-01-01,29460,"Lakeland-Winter Haven, FL (Metropolitan Statistical Area)",22472350
2013-01-01,29460,"Lakeland-Winter Haven, FL (Metropolitan Statistical Area)",22553210
2012-01-01,29460,"Lakeland-Winter Haven, FL (Metropolitan Statistical Area)",21887775
2011-01-01,29460,"Lakeland-Winter Haven, FL (Metropolitan Statistical Area)",21596732
2001-01-01,29540,"Lancaster, PA (Metropolitan Statistical Area)",22917770
2002-01-01,29540,"Lancaster, PA (Metropolitan Statistical Area)",23268548
2003-01-01,29540,"Lancaster, PA (Metropolitan Statistical Area)",24275848
2004-01-01,29540,"Lancaster, PA (Metropolitan Statistical Area)",24678349
2005-01-01,29540,"Lancaster, PA (Metropolitan Statistical Area)",25303538
2006-01-01,29540,"Lancaster, PA (Metropolitan Statistical Area)",25237020
2007-01-01,29540,"Lancaster, PA (Metropolitan Statistical Area)",25207647
2008-01-01,29540,"Lancaster, PA (Metropolitan Statistical Area)",25173979
2009-01-01,29540,"Lancaster, PA (Metropolitan Statistical Area)",24220739
2010-01-01,29540,"Lancaster, PA (Metropolitan Statistical Area)",25186745
2011-01-01,29540,"Lancaster, PA (Metropolitan Statistical Area)",24961882
2012-01-01,29540,"Lancaster, PA (Metropolitan Statistical Area)",25070941
2013-01-01,29540,"Lancaster, PA (Metropolitan Statistical Area)",25816330
2014-01-01,29540,"Lancaster, PA (Metropolitan Statistical Area)",26472270
2015-01-01,29540,"Lancaster, PA (Metropolitan Statistical Area)",27744239
2016-01-01,29540,"Lancaster, PA (Metropolitan Statistical Area)",27998686
2017-01-01,29540,"Lancaster, PA (Metropolitan Statistical Area)",28779773
2018-01-01,29540,"Lancaster, PA (Metropolitan Statistical Area)",29307162
2019-01-01,29540,"Lancaster, PA (Metropolitan Statistical Area)",29560641
2020-01-01,29540,"Lancaster, PA (Metropolitan Statistical Area)",28317681
2021-01-01,29540,"Lancaster, PA (Metropolitan Statistical Area)",29670156
2022-01-01,29540,"Lancaster, PA (Metropolitan Statistical Area)",30409088
2023-01-01,29540,"Lancaster, PA (Metropolitan Statistical Area)",30698072
2010-01-01,29620,"Lansing-East Lansing, MI (Metropolitan Statistical Area)",23879338
2011-01-01,29620,"Lansing-East Lansing, MI (Metropolitan Statistical Area)",23279128
2012-01-01,29620,"Lansing-East Lansing, MI (Metropolitan Statistical Area)",22768629
2013-01-01,29620,"Lansing-East Lansing, MI (Metropolitan Statistical Area)",22732315
2014-01-01,29620,"Lansing-East Lansing, MI (Metropolitan Statistical Area)",23334785
2015-01-01,29620,"Lansing-East Lansing, MI (Metropolitan Statistical Area)",24121177
2016-01-01,29620,"Lansing-East Lansing, MI (Metropolitan Statistical Area)",25131166
2017-01-01,29620,"Lansing-East Lansing, MI (Metropolitan Statistical Area)",25569757
2018-01-01,29620,"Lansing-East Lansing, MI (Metropolitan Statistical Area)",26063562
2019-01-01,29620,"Lansing-East Lansing, MI (Metropolitan Statistical Area)",26533549
2020-01-01,29620,"Lansing-East Lansing, MI (Metropolitan Statistical Area)",26169433
2021-01-01,29620,"Lansing-East Lansing, MI (Metropolitan Statistical Area)",27477944
2022-01-01,29620,"Lansing-East Lansing, MI (Metropolitan Statistical Area)",28685215
2023-01-01,29620,"Lansing-East Lansing, MI (Metropolitan Statistical Area)",29273555
2001-01-01,29620,"Lansing-East Lansing, MI (Metropolitan Statistical Area)",22582660
2002-01-01,29620,"Lansing-East Lansing, MI (Metropolitan Statistical Area)",23362527
2003-01-01,29620,"Lansing-East Lansing, MI (Metropolitan Statistical Area)",23750312
2004-01-01,29620,"Lansing-East Lansing, MI (Metropolitan Statistical Area)",24025623
2005-01-01,29620,"Lansing-East Lansing, MI (Metropolitan Statistical Area)",24545004
2006-01-01,29620,"Lansing-East Lansing, MI (Metropolitan Statistical Area)",24745460
2007-01-01,29620,"Lansing-East Lansing, MI (Metropolitan Statistical Area)",24933411
2008-01-01,29620,"Lansing-East Lansing, MI (Metropolitan Statistical Area)",23475026
2009-01-01,29620,"Lansing-East Lansing, MI (Metropolitan Statistical Area)",22046096
2008-01-01,29700,"Laredo, TX (Metropolitan Statistical Area)",6784779
2009-01-01,29700,"Laredo, TX (Metropolitan Statistical Area)",6857534
2010-01-01,29700,"Laredo, TX (Metropolitan Statistical Area)",6962349
2011-01-01,29700,"Laredo, TX (Metropolitan Statistical Area)",7694454
2012-01-01,29700,"Laredo, TX (Metropolitan Statistical Area)",8221468
2013-01-01,29700,"Laredo, TX (Metropolitan Statistical Area)",8843262
2014-01-01,29700,"Laredo, TX (Metropolitan Statistical Area)",10136886
2015-01-01,29700,"Laredo, TX (Metropolitan Statistical Area)",11259688
2016-01-01,29700,"Laredo, TX (Metropolitan Statistical Area)",11140032
2017-01-01,29700,"Laredo, TX (Metropolitan Statistical Area)",11313473
2018-01-01,29700,"Laredo, TX (Metropolitan Statistical Area)",10859468
2019-01-01,29700,"Laredo, TX (Metropolitan Statistical Area)",11332349
2020-01-01,29700,"Laredo, TX (Metropolitan Statistical Area)",10962638
2021-01-01,29700,"Laredo, TX (Metropolitan Statistical Area)",11422646
2022-01-01,29700,"Laredo, TX (Metropolitan Statistical Area)",11819506
2023-01-01,29700,"Laredo, TX (Metropolitan Statistical Area)",12970009
2001-01-01,29700,"Laredo, TX (Metropolitan Statistical Area)",7094647
2002-01-01,29700,"Laredo, TX (Metropolitan Statistical Area)",7254338
2003-01-01,29700,"Laredo, TX (Metropolitan Statistical Area)",7145233
2004-01-01,29700,"Laredo, TX (Metropolitan Statistical Area)",6897751
2005-01-01,29700,"Laredo, TX (Metropolitan Statistical Area)",7143420
2006-01-01,29700,"Laredo, TX (Metropolitan Statistical Area)",7206105
2007-01-01,29700,"Laredo, TX (Metropolitan Statistical Area)",7114475
2010-01-01,29740,"Las Cruces, NM (Metropolitan Statistical Area)",7656106
2011-01-01,29740,"Las Cruces, NM (Metropolitan Statistical Area)",7346256
2012-01-01,29740,"Las Cruces, NM (Metropolitan Statistical Area)",6939610
2013-01-01,29740,"Las Cruces, NM (Metropolitan Statistical Area)",6906915
2014-01-01,29740,"Las Cruces, NM (Metropolitan Statistical Area)",6980723
2015-01-01,29740,"Las Cruces, NM (Metropolitan Statistical Area)",7058840
2016-01-01,29740,"Las Cruces, NM (Metropolitan Statistical Area)",7220206
2017-01-01,29740,"Las Cruces, NM (Metropolitan Statistical Area)",7305489
2018-01-01,29740,"Las Cruces, NM (Metropolitan Statistical Area)",7447694
2019-01-01,29740,"Las Cruces, NM (Metropolitan Statistical Area)",7736864
2020-01-01,29740,"Las Cruces, NM (Metropolitan Statistical Area)",7464061
2021-01-01,29740,"Las Cruces, NM (Metropolitan Statistical Area)",7978043
2022-01-01,29740,"Las Cruces, NM (Metropolitan Statistical Area)",8139926
2023-01-01,29740,"Las Cruces, NM (Metropolitan Statistical Area)",8537154
2001-01-01,29740,"Las Cruces, NM (Metropolitan Statistical Area)",5252277
2002-01-01,29740,"Las Cruces, NM (Metropolitan Statistical Area)",5479122
2003-01-01,29740,"Las Cruces, NM (Metropolitan Statistical Area)",5932855
2004-01-01,29740,"Las Cruces, NM (Metropolitan Statistical Area)",6416076
2005-01-01,29740,"Las Cruces, NM (Metropolitan Statistical Area)",6918771
2006-01-01,29740,"Las Cruces, NM (Metropolitan Statistical Area)",6939756
2007-01-01,29740,"Las Cruces, NM (Metropolitan Statistical Area)",6992506
2008-01-01,29740,"Las Cruces, NM (Metropolitan Statistical Area)",6999287
2009-01-01,29740,"Las Cruces, NM (Metropolitan Statistical Area)",7303079
2011-01-01,29820,"Las Vegas-Henderson-Paradise, NV (Metropolitan Statistical Area)",101509866
2010-01-01,29820,"Las Vegas-Henderson-Paradise, NV (Metropolitan Statistical Area)",99797887
2009-01-01,29820,"Las Vegas-Henderson-Paradise, NV (Metropolitan Statistical Area)",100314941
2008-01-01,29820,"Las Vegas-Henderson-Paradise, NV (Metropolitan Statistical Area)",110722301
2007-01-01,29820,"Las Vegas-Henderson-Paradise, NV (Metropolitan Statistical Area)",114812733
2006-01-01,29820,"Las Vegas-Henderson-Paradise, NV (Metropolitan Statistical Area)",113105923
2005-01-01,29820,"Las Vegas-Henderson-Paradise, NV (Metropolitan Statistical Area)",108678011
2004-01-01,29820,"Las Vegas-Henderson-Paradise, NV (Metropolitan Statistical Area)",98995882
2003-01-01,29820,"Las Vegas-Henderson-Paradise, NV (Metropolitan Statistical Area)",88280240
2002-01-01,29820,"Las Vegas-Henderson-Paradise, NV (Metropolitan Statistical Area)",83734793
2001-01-01,29820,"Las Vegas-Henderson-Paradise, NV (Metropolitan Statistical Area)",80242091
2023-01-01,29820,"Las Vegas-Henderson-Paradise, NV (Metropolitan Statistical Area)",142816754
2022-01-01,29820,"Las Vegas-Henderson-Paradise, NV (Metropolitan Statistical Area)",138454646
2021-01-01,29820,"Las Vegas-Henderson-Paradise, NV (Metropolitan Statistical Area)",130073970
2020-01-01,29820,"Las Vegas-Henderson-Paradise, NV (Metropolitan Statistical Area)",117309807
2019-01-01,29820,"Las Vegas-Henderson-Paradise, NV (Metropolitan Statistical Area)",128195333
2018-01-01,29820,"Las Vegas-Henderson-Paradise, NV (Metropolitan Statistical Area)",122721414
2017-01-01,29820,"Las Vegas-Henderson-Paradise, NV (Metropolitan Statistical Area)",116332382
2016-01-01,29820,"Las Vegas-Henderson-Paradise, NV (Metropolitan Statistical Area)",112331243
2015-01-01,29820,"Las Vegas-Henderson-Paradise, NV (Metropolitan Statistical Area)",108812755
2014-01-01,29820,"Las Vegas-Henderson-Paradise, NV (Metropolitan Statistical Area)",104183499
2013-01-01,29820,"Las Vegas-Henderson-Paradise, NV (Metropolitan Statistical Area)",102677690
2012-01-01,29820,"Las Vegas-Henderson-Paradise, NV (Metropolitan Statistical Area)",100305368
2001-01-01,29940,"Lawrence, KS (Metropolitan Statistical Area)",4012231
2002-01-01,29940,"Lawrence, KS (Metropolitan Statistical Area)",4116523
2003-01-01,29940,"Lawrence, KS (Metropolitan Statistical Area)",4108823
2004-01-01,29940,"Lawrence, KS (Metropolitan Statistical Area)",4195201
2005-01-01,29940,"Lawrence, KS (Metropolitan Statistical Area)",4207270
2006-01-01,29940,"Lawrence, KS (Metropolitan Statistical Area)",4173122
2007-01-01,29940,"Lawrence, KS (Metropolitan Statistical Area)",4277900
2008-01-01,29940,"Lawrence, KS (Metropolitan Statistical Area)",4438357
2009-01-01,29940,"Lawrence, KS (Metropolitan Statistical Area)",4415192
2010-01-01,29940,"Lawrence, KS (Metropolitan Statistical Area)",4352183
2011-01-01,29940,"Lawrence, KS (Metropolitan Statistical Area)",4455985
2012-01-01,29940,"Lawrence, KS (Metropolitan Statistical Area)",4412317
2013-01-01,29940,"Lawrence, KS (Metropolitan Statistical Area)",4488850
2014-01-01,29940,"Lawrence, KS (Metropolitan Statistical Area)",4567032
2015-01-01,29940,"Lawrence, KS (Metropolitan Statistical Area)",4609258
2016-01-01,29940,"Lawrence, KS (Metropolitan Statistical Area)",4851506
2017-01-01,29940,"Lawrence, KS (Metropolitan Statistical Area)",4987674
2018-01-01,29940,"Lawrence, KS (Metropolitan Statistical Area)",5123305
2019-01-01,29940,"Lawrence, KS (Metropolitan Statistical Area)",5141968
2020-01-01,29940,"Lawrence, KS (Metropolitan Statistical Area)",5005574
2021-01-01,29940,"Lawrence, KS (Metropolitan Statistical Area)",5169496
2022-01-01,29940,"Lawrence, KS (Metropolitan Statistical Area)",5242985
2023-01-01,29940,"Lawrence, KS (Metropolitan Statistical Area)",5438191
2001-01-01,30020,"Lawton, OK (Metropolitan Statistical Area)",4027135
2002-01-01,30020,"Lawton, OK (Metropolitan Statistical Area)",4155614
2003-01-01,30020,"Lawton, OK (Metropolitan Statistical Area)",4467741
2004-01-01,30020,"Lawton, OK (Metropolitan Statistical Area)",4672568
2005-01-01,30020,"Lawton, OK (Metropolitan Statistical Area)",4615422
2006-01-01,30020,"Lawton, OK (Metropolitan Statistical Area)",4810209
2007-01-01,30020,"Lawton, OK (Metropolitan Statistical Area)",4893394
2008-01-01,30020,"Lawton, OK (Metropolitan Statistical Area)",5079494
2009-01-01,30020,"Lawton, OK (Metropolitan Statistical Area)",5249613
2010-01-01,30020,"Lawton, OK (Metropolitan Statistical Area)",5491720
2011-01-01,30020,"Lawton, OK (Metropolitan Statistical Area)",5362452
2012-01-01,30020,"Lawton, OK (Metropolitan Statistical Area)",5132809
2013-01-01,30020,"Lawton, OK (Metropolitan Statistical Area)",5237858
2014-01-01,30020,"Lawton, OK (Metropolitan Statistical Area)",5159297
2015-01-01,30020,"Lawton, OK (Metropolitan Statistical Area)",5315550
2016-01-01,30020,"Lawton, OK (Metropolitan Statistical Area)",5309468
2017-01-01,30020,"Lawton, OK (Metropolitan Statistical Area)",5191990
2018-01-01,30020,"Lawton, OK (Metropolitan Statistical Area)",5143664
2019-01-01,30020,"Lawton, OK (Metropolitan Statistical Area)",5269969
2020-01-01,30020,"Lawton, OK (Metropolitan Statistical Area)",5136981
2021-01-01,30020,"Lawton, OK (Metropolitan Statistical Area)",5349694
2022-01-01,30020,"Lawton, OK (Metropolitan Statistical Area)",5331300
2023-01-01,30020,"Lawton, OK (Metropolitan Statistical Area)",5428856
2010-01-01,30140,"Lebanon, PA (Metropolitan Statistical Area)",5182963
2011-01-01,30140,"Lebanon, PA (Metropolitan Statistical Area)",5291648
2012-01-01,30140,"Lebanon, PA (Metropolitan Statistical Area)",5413150
2013-01-01,30140,"Lebanon, PA (Metropolitan Statistical Area)",5429254
2014-01-01,30140,"Lebanon, PA (Metropolitan Statistical Area)",5567824
2015-01-01,30140,"Lebanon, PA (Metropolitan Statistical Area)",5700630
2016-01-01,30140,"Lebanon, PA (Metropolitan Statistical Area)",5630083
2017-01-01,30140,"Lebanon, PA (Metropolitan Statistical Area)",5749659
2018-01-01,30140,"Lebanon, PA (Metropolitan Statistical Area)",5825113
2019-01-01,30140,"Lebanon, PA (Metropolitan Statistical Area)",5824798
2020-01-01,30140,"Lebanon, PA (Metropolitan Statistical Area)",5654024
2021-01-01,30140,"Lebanon, PA (Metropolitan Statistical Area)",6042963
2022-01-01,30140,"Lebanon, PA (Metropolitan Statistical Area)",6091753
2023-01-01,30140,"Lebanon, PA (Metropolitan Statistical Area)",6209212
2001-01-01,30140,"Lebanon, PA (Metropolitan Statistical Area)",4086239
2002-01-01,30140,"Lebanon, PA (Metropolitan Statistical Area)",4184647
2003-01-01,30140,"Lebanon, PA (Metropolitan Statistical Area)",4427869
2004-01-01,30140,"Lebanon, PA (Metropolitan Statistical Area)",4659342
2005-01-01,30140,"Lebanon, PA (Metropolitan Statistical Area)",4715978
2006-01-01,30140,"Lebanon, PA (Metropolitan Statistical Area)",4805983
2007-01-01,30140,"Lebanon, PA (Metropolitan Statistical Area)",4980890
2008-01-01,30140,"Lebanon, PA (Metropolitan Statistical Area)",4978546
2009-01-01,30140,"Lebanon, PA (Metropolitan Statistical Area)",4966505
2009-01-01,30300,"Lewiston, ID-WA (Metropolitan Statistical Area)",2405844
2010-01-01,30300,"Lewiston, ID-WA (Metropolitan Statistical Area)",2514423
2011-01-01,30300,"Lewiston, ID-WA (Metropolitan Statistical Area)",2461855
2012-01-01,30300,"Lewiston, ID-WA (Metropolitan Statistical Area)",2437811
2013-01-01,30300,"Lewiston, ID-WA (Metropolitan Statistical Area)",2526934
2014-01-01,30300,"Lewiston, ID-WA (Metropolitan Statistical Area)",2530505
2015-01-01,30300,"Lewiston, ID-WA (Metropolitan Statistical Area)",2603245
2016-01-01,30300,"Lewiston, ID-WA (Metropolitan Statistical Area)",2701008
2017-01-01,30300,"Lewiston, ID-WA (Metropolitan Statistical Area)",2618835
2018-01-01,30300,"Lewiston, ID-WA (Metropolitan Statistical Area)",2610148
2019-01-01,30300,"Lewiston, ID-WA (Metropolitan Statistical Area)",2755317
2020-01-01,30300,"Lewiston, ID-WA (Metropolitan Statistical Area)",2796809
2021-01-01,30300,"Lewiston, ID-WA (Metropolitan Statistical Area)",2983046
2022-01-01,30300,"Lewiston, ID-WA (Metropolitan Statistical Area)",2997400
2023-01-01,30300,"Lewiston, ID-WA (Metropolitan Statistical Area)",3020304
2001-01-01,30300,"Lewiston, ID-WA (Metropolitan Statistical Area)",2189576
2002-01-01,30300,"Lewiston, ID-WA (Metropolitan Statistical Area)",2218474
2003-01-01,30300,"Lewiston, ID-WA (Metropolitan Statistical Area)",2255127
2004-01-01,30300,"Lewiston, ID-WA (Metropolitan Statistical Area)",2309515
2005-01-01,30300,"Lewiston, ID-WA (Metropolitan Statistical Area)",2349910
2006-01-01,30300,"Lewiston, ID-WA (Metropolitan Statistical Area)",2357642
2007-01-01,30300,"Lewiston, ID-WA (Metropolitan Statistical Area)",2376340
2008-01-01,30300,"Lewiston, ID-WA (Metropolitan Statistical Area)",2447651
2001-01-01,30340,"Lewiston-Auburn, ME (Metropolitan Statistical Area)",3705173
2002-01-01,30340,"Lewiston-Auburn, ME (Metropolitan Statistical Area)",3972843
2003-01-01,30340,"Lewiston-Auburn, ME (Metropolitan Statistical Area)",4104730
2004-01-01,30340,"Lewiston-Auburn, ME (Metropolitan Statistical Area)",4193188
2005-01-01,30340,"Lewiston-Auburn, ME (Metropolitan Statistical Area)",4180435
2006-01-01,30340,"Lewiston-Auburn, ME (Metropolitan Statistical Area)",4234428
2007-01-01,30340,"Lewiston-Auburn, ME (Metropolitan Statistical Area)",4380524
2008-01-01,30340,"Lewiston-Auburn, ME (Metropolitan Statistical Area)",4484563
2009-01-01,30340,"Lewiston-Auburn, ME (Metropolitan Statistical Area)",4310725
2010-01-01,30340,"Lewiston-Auburn, ME (Metropolitan Statistical Area)",4285139
2011-01-01,30340,"Lewiston-Auburn, ME (Metropolitan Statistical Area)",4240973
2012-01-01,30340,"Lewiston-Auburn, ME (Metropolitan Statistical Area)",4377320
2013-01-01,30340,"Lewiston-Auburn, ME (Metropolitan Statistical Area)",4303389
2014-01-01,30340,"Lewiston-Auburn, ME (Metropolitan Statistical Area)",4351192
2015-01-01,30340,"Lewiston-Auburn, ME (Metropolitan Statistical Area)",4469042
2016-01-01,30340,"Lewiston-Auburn, ME (Metropolitan Statistical Area)",4554028
2017-01-01,30340,"Lewiston-Auburn, ME (Metropolitan Statistical Area)",4503370
2018-01-01,30340,"Lewiston-Auburn, ME (Metropolitan Statistical Area)",4703346
2019-01-01,30340,"Lewiston-Auburn, ME (Metropolitan Statistical Area)",4833867
2020-01-01,30340,"Lewiston-Auburn, ME (Metropolitan Statistical Area)",5007785
2021-01-01,30340,"Lewiston-Auburn, ME (Metropolitan Statistical Area)",5043204
2022-01-01,30340,"Lewiston-Auburn, ME (Metropolitan Statistical Area)",5173079
2023-01-01,30340,"Lewiston-Auburn, ME (Metropolitan Statistical Area)",5383444
2001-01-01,30460,"Lexington-Fayette, KY (Metropolitan Statistical Area)",20653580
2002-01-01,30460,"Lexington-Fayette, KY (Metropolitan Statistical Area)",21657437
2003-01-01,30460,"Lexington-Fayette, KY (Metropolitan Statistical Area)",22191755
2004-01-01,30460,"Lexington-Fayette, KY (Metropolitan Statistical Area)",23026149
2005-01-01,30460,"Lexington-Fayette, KY (Metropolitan Statistical Area)",24119973
2006-01-01,30460,"Lexington-Fayette, KY (Metropolitan Statistical Area)",25064506
2007-01-01,30460,"Lexington-Fayette, KY (Metropolitan Statistical Area)",25417279
2008-01-01,30460,"Lexington-Fayette, KY (Metropolitan Statistical Area)",25061042
2009-01-01,30460,"Lexington-Fayette, KY (Metropolitan Statistical Area)",23013747
2010-01-01,30460,"Lexington-Fayette, KY (Metropolitan Statistical Area)",24059752
2011-01-01,30460,"Lexington-Fayette, KY (Metropolitan Statistical Area)",24366284
2012-01-01,30460,"Lexington-Fayette, KY (Metropolitan Statistical Area)",24945120
2013-01-01,30460,"Lexington-Fayette, KY (Metropolitan Statistical Area)",25993221
2014-01-01,30460,"Lexington-Fayette, KY (Metropolitan Statistical Area)",26680215
2015-01-01,30460,"Lexington-Fayette, KY (Metropolitan Statistical Area)",27715988
2016-01-01,30460,"Lexington-Fayette, KY (Metropolitan Statistical Area)",28330748
2017-01-01,30460,"Lexington-Fayette, KY (Metropolitan Statistical Area)",28671245
2018-01-01,30460,"Lexington-Fayette, KY (Metropolitan Statistical Area)",29465225
2019-01-01,30460,"Lexington-Fayette, KY (Metropolitan Statistical Area)",30031948
2020-01-01,30460,"Lexington-Fayette, KY (Metropolitan Statistical Area)",28688742
2021-01-01,30460,"Lexington-Fayette, KY (Metropolitan Statistical Area)",29578729
2022-01-01,30460,"Lexington-Fayette, KY (Metropolitan Statistical Area)",30629641
2023-01-01,30460,"Lexington-Fayette, KY (Metropolitan Statistical Area)",31447143
2001-01-01,30620,"Lima, OH (Metropolitan Statistical Area)",5732007
2002-01-01,30620,"Lima, OH (Metropolitan Statistical Area)",5941324
2003-01-01,30620,"Lima, OH (Metropolitan Statistical Area)",5869465
2004-01-01,30620,"Lima, OH (Metropolitan Statistical Area)",6010437
2005-01-01,30620,"Lima, OH (Metropolitan Statistical Area)",6046867
2006-01-01,30620,"Lima, OH (Metropolitan Statistical Area)",6168058
2007-01-01,30620,"Lima, OH (Metropolitan Statistical Area)",6112518
2008-01-01,30620,"Lima, OH (Metropolitan Statistical Area)",6169585
2009-01-01,30620,"Lima, OH (Metropolitan Statistical Area)",7642488
2010-01-01,30620,"Lima, OH (Metropolitan Statistical Area)",8004727
2011-01-01,30620,"Lima, OH (Metropolitan Statistical Area)",8136193
2012-01-01,30620,"Lima, OH (Metropolitan Statistical Area)",7506054
2013-01-01,30620,"Lima, OH (Metropolitan Statistical Area)",7164958
2014-01-01,30620,"Lima, OH (Metropolitan Statistical Area)",7822246
2015-01-01,30620,"Lima, OH (Metropolitan Statistical Area)",7615897
2016-01-01,30620,"Lima, OH (Metropolitan Statistical Area)",7886346
2017-01-01,30620,"Lima, OH (Metropolitan Statistical Area)",7711921
2018-01-01,30620,"Lima, OH (Metropolitan Statistical Area)",8163264
2019-01-01,30620,"Lima, OH (Metropolitan Statistical Area)",7820932
2020-01-01,30620,"Lima, OH (Metropolitan Statistical Area)",7671608
2021-01-01,30620,"Lima, OH (Metropolitan Statistical Area)",8775765
2022-01-01,30620,"Lima, OH (Metropolitan Statistical Area)",8835880
2023-01-01,30620,"Lima, OH (Metropolitan Statistical Area)",9016944
2001-01-01,30700,"Lincoln, NE (Metropolitan Statistical Area)",14343045
2002-01-01,30700,"Lincoln, NE (Metropolitan Statistical Area)",14417264
2003-01-01,30700,"Lincoln, NE (Metropolitan Statistical Area)",15001547
2004-01-01,30700,"Lincoln, NE (Metropolitan Statistical Area)",15244392
2005-01-01,30700,"Lincoln, NE (Metropolitan Statistical Area)",16074282
2006-01-01,30700,"Lincoln, NE (Metropolitan Statistical Area)",16479596
2007-01-01,30700,"Lincoln, NE (Metropolitan Statistical Area)",16812911
2008-01-01,30700,"Lincoln, NE (Metropolitan Statistical Area)",16187562
2009-01-01,30700,"Lincoln, NE (Metropolitan Statistical Area)",15780294
2010-01-01,30700,"Lincoln, NE (Metropolitan Statistical Area)",16268033
2011-01-01,30700,"Lincoln, NE (Metropolitan Statistical Area)",16314046
2012-01-01,30700,"Lincoln, NE (Metropolitan Statistical Area)",16474115
2013-01-01,30700,"Lincoln, NE (Metropolitan Statistical Area)",16809073
2014-01-01,30700,"Lincoln, NE (Metropolitan Statistical Area)",17629272
2015-01-01,30700,"Lincoln, NE (Metropolitan Statistical Area)",18252553
2016-01-01,30700,"Lincoln, NE (Metropolitan Statistical Area)",18564581
2017-01-01,30700,"Lincoln, NE (Metropolitan Statistical Area)",19552170
2018-01-01,30700,"Lincoln, NE (Metropolitan Statistical Area)",19940034
2019-01-01,30700,"Lincoln, NE (Metropolitan Statistical Area)",20324808
2020-01-01,30700,"Lincoln, NE (Metropolitan Statistical Area)",20185586
2021-01-01,30700,"Lincoln, NE (Metropolitan Statistical Area)",21093487
2022-01-01,30700,"Lincoln, NE (Metropolitan Statistical Area)",22054048
2023-01-01,30700,"Lincoln, NE (Metropolitan Statistical Area)",22777574
2001-01-01,30780,"Little Rock-North Little Rock-Conway, AR (Metropolitan Statistical Area)",28518862
2002-01-01,30780,"Little Rock-North Little Rock-Conway, AR (Metropolitan Statistical Area)",29374165
2003-01-01,30780,"Little Rock-North Little Rock-Conway, AR (Metropolitan Statistical Area)",30822430
2004-01-01,30780,"Little Rock-North Little Rock-Conway, AR (Metropolitan Statistical Area)",32146847
2005-01-01,30780,"Little Rock-North Little Rock-Conway, AR (Metropolitan Statistical Area)",33901461
2006-01-01,30780,"Little Rock-North Little Rock-Conway, AR (Metropolitan Statistical Area)",34800301
2007-01-01,30780,"Little Rock-North Little Rock-Conway, AR (Metropolitan Statistical Area)",35886627
2008-01-01,30780,"Little Rock-North Little Rock-Conway, AR (Metropolitan Statistical Area)",35491515
2009-01-01,30780,"Little Rock-North Little Rock-Conway, AR (Metropolitan Statistical Area)",34386199
2010-01-01,30780,"Little Rock-North Little Rock-Conway, AR (Metropolitan Statistical Area)",34303446
2011-01-01,30780,"Little Rock-North Little Rock-Conway, AR (Metropolitan Statistical Area)",34852470
2012-01-01,30780,"Little Rock-North Little Rock-Conway, AR (Metropolitan Statistical Area)",35185648
2013-01-01,30780,"Little Rock-North Little Rock-Conway, AR (Metropolitan Statistical Area)",35499016
2014-01-01,30780,"Little Rock-North Little Rock-Conway, AR (Metropolitan Statistical Area)",35891559
2015-01-01,30780,"Little Rock-North Little Rock-Conway, AR (Metropolitan Statistical Area)",36399814
2016-01-01,30780,"Little Rock-North Little Rock-Conway, AR (Metropolitan Statistical Area)",36810546
2017-01-01,30780,"Little Rock-North Little Rock-Conway, AR (Metropolitan Statistical Area)",36515427
2018-01-01,30780,"Little Rock-North Little Rock-Conway, AR (Metropolitan Statistical Area)",37072057
2019-01-01,30780,"Little Rock-North Little Rock-Conway, AR (Metropolitan Statistical Area)",37377293
2020-01-01,30780,"Little Rock-North Little Rock-Conway, AR (Metropolitan Statistical Area)",37693518
2021-01-01,30780,"Little Rock-North Little Rock-Conway, AR (Metropolitan Statistical Area)",39432797
2022-01-01,30780,"Little Rock-North Little Rock-Conway, AR (Metropolitan Statistical Area)",39880822
2023-01-01,30780,"Little Rock-North Little Rock-Conway, AR (Metropolitan Statistical Area)",41292149
2010-01-01,30860,"Logan, UT-ID (Metropolitan Statistical Area)",4563042
2011-01-01,30860,"Logan, UT-ID (Metropolitan Statistical Area)",4708147
2012-01-01,30860,"Logan, UT-ID (Metropolitan Statistical Area)",4604739
2013-01-01,30860,"Logan, UT-ID (Metropolitan Statistical Area)",4682073
2014-01-01,30860,"Logan, UT-ID (Metropolitan Statistical Area)",4870784
2015-01-01,30860,"Logan, UT-ID (Metropolitan Statistical Area)",5065752
2016-01-01,30860,"Logan, UT-ID (Metropolitan Statistical Area)",5244744
2017-01-01,30860,"Logan, UT-ID (Metropolitan Statistical Area)",5665636
2018-01-01,30860,"Logan, UT-ID (Metropolitan Statistical Area)",6169276
2019-01-01,30860,"Logan, UT-ID (Metropolitan Statistical Area)",6282265
2020-01-01,30860,"Logan, UT-ID (Metropolitan Statistical Area)",6346464
2021-01-01,30860,"Logan, UT-ID (Metropolitan Statistical Area)",6772851
2022-01-01,30860,"Logan, UT-ID (Metropolitan Statistical Area)",6965161
2023-01-01,30860,"Logan, UT-ID (Metropolitan Statistical Area)",7183662
2001-01-01,30860,"Logan, UT-ID (Metropolitan Statistical Area)",3133523
2002-01-01,30860,"Logan, UT-ID (Metropolitan Statistical Area)",3154679
2003-01-01,30860,"Logan, UT-ID (Metropolitan Statistical Area)",3346249
2004-01-01,30860,"Logan, UT-ID (Metropolitan Statistical Area)",3539872
2005-01-01,30860,"Logan, UT-ID (Metropolitan Statistical Area)",3570085
2006-01-01,30860,"Logan, UT-ID (Metropolitan Statistical Area)",3681696
2007-01-01,30860,"Logan, UT-ID (Metropolitan Statistical Area)",3922712
2008-01-01,30860,"Logan, UT-ID (Metropolitan Statistical Area)",4119182
2009-01-01,30860,"Logan, UT-ID (Metropolitan Statistical Area)",4219955
2010-01-01,30980,"Longview, TX (Metropolitan Statistical Area)",17028426
2011-01-01,30980,"Longview, TX (Metropolitan Statistical Area)",16242103
2012-01-01,30980,"Longview, TX (Metropolitan Statistical Area)",16293652
2013-01-01,30980,"Longview, TX (Metropolitan Statistical Area)",16291640
2014-01-01,30980,"Longview, TX (Metropolitan Statistical Area)",16273970
2015-01-01,30980,"Longview, TX (Metropolitan Statistical Area)",15481996
2016-01-01,30980,"Longview, TX (Metropolitan Statistical Area)",14573953
2017-01-01,30980,"Longview, TX (Metropolitan Statistical Area)",14585371
2018-01-01,30980,"Longview, TX (Metropolitan Statistical Area)",15385350
2019-01-01,30980,"Longview, TX (Metropolitan Statistical Area)",15233441
2020-01-01,30980,"Longview, TX (Metropolitan Statistical Area)",14456374
2021-01-01,30980,"Longview, TX (Metropolitan Statistical Area)",15000258
2022-01-01,30980,"Longview, TX (Metropolitan Statistical Area)",15454262
2023-01-01,30980,"Longview, TX (Metropolitan Statistical Area)",15974088
2001-01-01,30980,"Longview, TX (Metropolitan Statistical Area)",12399537
2002-01-01,30980,"Longview, TX (Metropolitan Statistical Area)",12821716
2003-01-01,30980,"Longview, TX (Metropolitan Statistical Area)",12675159
2004-01-01,30980,"Longview, TX (Metropolitan Statistical Area)",12950284
2005-01-01,30980,"Longview, TX (Metropolitan Statistical Area)",13742536
2006-01-01,30980,"Longview, TX (Metropolitan Statistical Area)",14841910
2007-01-01,30980,"Longview, TX (Metropolitan Statistical Area)",16262901
2008-01-01,30980,"Longview, TX (Metropolitan Statistical Area)",17257373
2009-01-01,30980,"Longview, TX (Metropolitan Statistical Area)",18178309
2001-01-01,31020,"Longview, WA (Metropolitan Statistical Area)",3618523
2002-01-01,31020,"Longview, WA (Metropolitan Statistical Area)",3507652
2003-01-01,31020,"Longview, WA (Metropolitan Statistical Area)",3618911
2004-01-01,31020,"Longview, WA (Metropolitan Statistical Area)",3694871
2005-01-01,31020,"Longview, WA (Metropolitan Statistical Area)",3881922
2006-01-01,31020,"Longview, WA (Metropolitan Statistical Area)",4008968
2007-01-01,31020,"Longview, WA (Metropolitan Statistical Area)",4270406
2008-01-01,31020,"Longview, WA (Metropolitan Statistical Area)",4170896
2009-01-01,31020,"Longview, WA (Metropolitan Statistical Area)",4102787
2010-01-01,31020,"Longview, WA (Metropolitan Statistical Area)",4416656
2011-01-01,31020,"Longview, WA (Metropolitan Statistical Area)",4308343
2012-01-01,31020,"Longview, WA (Metropolitan Statistical Area)",4418910
2013-01-01,31020,"Longview, WA (Metropolitan Statistical Area)",4521111
2014-01-01,31020,"Longview, WA (Metropolitan Statistical Area)",4533021
2015-01-01,31020,"Longview, WA (Metropolitan Statistical Area)",4646965
2016-01-01,31020,"Longview, WA (Metropolitan Statistical Area)",4730351
2017-01-01,31020,"Longview, WA (Metropolitan Statistical Area)",4700051
2018-01-01,31020,"Longview, WA (Metropolitan Statistical Area)",4907501
2019-01-01,31020,"Longview, WA (Metropolitan Statistical Area)",5182692
2020-01-01,31020,"Longview, WA (Metropolitan Statistical Area)",5262679
2021-01-01,31020,"Longview, WA (Metropolitan Statistical Area)",5447676
2022-01-01,31020,"Longview, WA (Metropolitan Statistical Area)",5564869
2023-01-01,31020,"Longview, WA (Metropolitan Statistical Area)",5566844
2001-01-01,31080,"Los Angeles-Long Beach-Anaheim, CA (Metropolitan Statistical Area)",676951424
2002-01-01,31080,"Los Angeles-Long Beach-Anaheim, CA (Metropolitan Statistical Area)",693293043
2003-01-01,31080,"Los Angeles-Long Beach-Anaheim, CA (Metropolitan Statistical Area)",722939043
2004-01-01,31080,"Los Angeles-Long Beach-Anaheim, CA (Metropolitan Statistical Area)",745816644
2005-01-01,31080,"Los Angeles-Long Beach-Anaheim, CA (Metropolitan Statistical Area)",770701041
2006-01-01,31080,"Los Angeles-Long Beach-Anaheim, CA (Metropolitan Statistical Area)",800980471
2007-01-01,31080,"Los Angeles-Long Beach-Anaheim, CA (Metropolitan Statistical Area)",811271944
2008-01-01,31080,"Los Angeles-Long Beach-Anaheim, CA (Metropolitan Statistical Area)",820920393
2009-01-01,31080,"Los Angeles-Long Beach-Anaheim, CA (Metropolitan Statistical Area)",781901672
2010-01-01,31080,"Los Angeles-Long Beach-Anaheim, CA (Metropolitan Statistical Area)",803814346
2011-01-01,31080,"Los Angeles-Long Beach-Anaheim, CA (Metropolitan Statistical Area)",816284025
2012-01-01,31080,"Los Angeles-Long Beach-Anaheim, CA (Metropolitan Statistical Area)",832108348
2013-01-01,31080,"Los Angeles-Long Beach-Anaheim, CA (Metropolitan Statistical Area)",852849053
2014-01-01,31080,"Los Angeles-Long Beach-Anaheim, CA (Metropolitan Statistical Area)",876277522
2015-01-01,31080,"Los Angeles-Long Beach-Anaheim, CA (Metropolitan Statistical Area)",914100644
2016-01-01,31080,"Los Angeles-Long Beach-Anaheim, CA (Metropolitan Statistical Area)",930683334
2017-01-01,31080,"Los Angeles-Long Beach-Anaheim, CA (Metropolitan Statistical Area)",965279922
2018-01-01,31080,"Los Angeles-Long Beach-Anaheim, CA (Metropolitan Statistical Area)",991254189
2019-01-01,31080,"Los Angeles-Long Beach-Anaheim, CA (Metropolitan Statistical Area)",1026495438
2020-01-01,31080,"Los Angeles-Long Beach-Anaheim, CA (Metropolitan Statistical Area)",982004052
2021-01-01,31080,"Los Angeles-Long Beach-Anaheim, CA (Metropolitan Statistical Area)",1041710648
2022-01-01,31080,"Los Angeles-Long Beach-Anaheim, CA (Metropolitan Statistical Area)",1065348063
2023-01-01,31080,"Los Angeles-Long Beach-Anaheim, CA (Metropolitan Statistical Area)",1075056705
2010-01-01,31140,"Louisville/Jefferson County, KY-IN (Metropolitan Statistical Area)",61624242
2011-01-01,31140,"Louisville/Jefferson County, KY-IN (Metropolitan Statistical Area)",62408245
2012-01-01,31140,"Louisville/Jefferson County, KY-IN (Metropolitan Statistical Area)",65111367
2013-01-01,31140,"Louisville/Jefferson County, KY-IN (Metropolitan Statistical Area)",65743133
2014-01-01,31140,"Louisville/Jefferson County, KY-IN (Metropolitan Statistical Area)",66590054
2015-01-01,31140,"Louisville/Jefferson County, KY-IN (Metropolitan Statistical Area)",68324694
2016-01-01,31140,"Louisville/Jefferson County, KY-IN (Metropolitan Statistical Area)",69615733
2017-01-01,31140,"Louisville/Jefferson County, KY-IN (Metropolitan Statistical Area)",70802465
2018-01-01,31140,"Louisville/Jefferson County, KY-IN (Metropolitan Statistical Area)",71637665
2019-01-01,31140,"Louisville/Jefferson County, KY-IN (Metropolitan Statistical Area)",74330117
2020-01-01,31140,"Louisville/Jefferson County, KY-IN (Metropolitan Statistical Area)",72811177
2021-01-01,31140,"Louisville/Jefferson County, KY-IN (Metropolitan Statistical Area)",76398224
2022-01-01,31140,"Louisville/Jefferson County, KY-IN (Metropolitan Statistical Area)",77936501
2023-01-01,31140,"Louisville/Jefferson County, KY-IN (Metropolitan Statistical Area)",79172814
2001-01-01,31140,"Louisville/Jefferson County, KY-IN (Metropolitan Statistical Area)",54953350
2002-01-01,31140,"Louisville/Jefferson County, KY-IN (Metropolitan Statistical Area)",55224351
2003-01-01,31140,"Louisville/Jefferson County, KY-IN (Metropolitan Statistical Area)",56936872
2004-01-01,31140,"Louisville/Jefferson County, KY-IN (Metropolitan Statistical Area)",58887121
2005-01-01,31140,"Louisville/Jefferson County, KY-IN (Metropolitan Statistical Area)",60731716
2006-01-01,31140,"Louisville/Jefferson County, KY-IN (Metropolitan Statistical Area)",62678852
2007-01-01,31140,"Louisville/Jefferson County, KY-IN (Metropolitan Statistical Area)",63228974
2008-01-01,31140,"Louisville/Jefferson County, KY-IN (Metropolitan Statistical Area)",62234107
2009-01-01,31140,"Louisville/Jefferson County, KY-IN (Metropolitan Statistical Area)",58592282
2009-01-01,31180,"Lubbock, TX (Metropolitan Statistical Area)",11605126
2010-01-01,31180,"Lubbock, TX (Metropolitan Statistical Area)",12190536
2011-01-01,31180,"Lubbock, TX (Metropolitan Statistical Area)",11942704
2012-01-01,31180,"Lubbock, TX (Metropolitan Statistical Area)",12498783
2013-01-01,31180,"Lubbock, TX (Metropolitan Statistical Area)",13092225
2014-01-01,31180,"Lubbock, TX (Metropolitan Statistical Area)",13037414
2015-01-01,31180,"Lubbock, TX (Metropolitan Statistical Area)",13440732
2016-01-01,31180,"Lubbock, TX (Metropolitan Statistical Area)",13607252
2017-01-01,31180,"Lubbock, TX (Metropolitan Statistical Area)",13659578
2018-01-01,31180,"Lubbock, TX (Metropolitan Statistical Area)",14001212
2019-01-01,31180,"Lubbock, TX (Metropolitan Statistical Area)",14428792
2020-01-01,31180,"Lubbock, TX (Metropolitan Statistical Area)",14474725
2021-01-01,31180,"Lubbock, TX (Metropolitan Statistical Area)",14951723
2022-01-01,31180,"Lubbock, TX (Metropolitan Statistical Area)",15284438
2023-01-01,31180,"Lubbock, TX (Metropolitan Statistical Area)",15745106
2001-01-01,31180,"Lubbock, TX (Metropolitan Statistical Area)",10004080
2002-01-01,31180,"Lubbock, TX (Metropolitan Statistical Area)",10237159
2003-01-01,31180,"Lubbock, TX (Metropolitan Statistical Area)",10549368
2004-01-01,31180,"Lubbock, TX (Metropolitan Statistical Area)",10762758
2005-01-01,31180,"Lubbock, TX (Metropolitan Statistical Area)",11223644
2006-01-01,31180,"Lubbock, TX (Metropolitan Statistical Area)",11565309
2007-01-01,31180,"Lubbock, TX (Metropolitan Statistical Area)",11716821
2008-01-01,31180,"Lubbock, TX (Metropolitan Statistical Area)",11621452
2001-01-01,31340,"Lynchburg, VA (Metropolitan Statistical Area) *",8954072
2002-01-01,31340,"Lynchburg, VA (Metropolitan Statistical Area) *",9143547
2003-01-01,31340,"Lynchburg, VA (Metropolitan Statistical Area) *",9593743
2004-01-01,31340,"Lynchburg, VA (Metropolitan Statistical Area) *",9797788
2005-01-01,31340,"Lynchburg, VA (Metropolitan Statistical Area) *",9898592
2006-01-01,31340,"Lynchburg, VA (Metropolitan Statistical Area) *",10215308
2007-01-01,31340,"Lynchburg, VA (Metropolitan Statistical Area) *",10096580
2008-01-01,31340,"Lynchburg, VA (Metropolitan Statistical Area) *",10142338
2009-01-01,31340,"Lynchburg, VA (Metropolitan Statistical Area) *",9966900
2010-01-01,31340,"Lynchburg, VA (Metropolitan Statistical Area) *",10476658
2011-01-01,31340,"Lynchburg, VA (Metropolitan Statistical Area) *",10291971
2012-01-01,31340,"Lynchburg, VA (Metropolitan Statistical Area) *",10029985
2013-01-01,31340,"Lynchburg, VA (Metropolitan Statistical Area) *",10094994
2014-01-01,31340,"Lynchburg, VA (Metropolitan Statistical Area) *",10027381
2015-01-01,31340,"Lynchburg, VA (Metropolitan Statistical Area) *",10069842
2016-01-01,31340,"Lynchburg, VA (Metropolitan Statistical Area) *",9967242
2017-01-01,31340,"Lynchburg, VA (Metropolitan Statistical Area) *",10060609
2018-01-01,31340,"Lynchburg, VA (Metropolitan Statistical Area) *",10501057
2019-01-01,31340,"Lynchburg, VA (Metropolitan Statistical Area) *",10456036
2020-01-01,31340,"Lynchburg, VA (Metropolitan Statistical Area) *",10042321
2021-01-01,31340,"Lynchburg, VA (Metropolitan Statistical Area) *",10488481
2022-01-01,31340,"Lynchburg, VA (Metropolitan Statistical Area) *",10505151
2023-01-01,31340,"Lynchburg, VA (Metropolitan Statistical Area) *",10718093
2001-01-01,31420,"Macon-Bibb County, GA (Metropolitan Statistical Area)",10920639
2002-01-01,31420,"Macon-Bibb County, GA (Metropolitan Statistical Area)",10829575
2003-01-01,31420,"Macon-Bibb County, GA (Metropolitan Statistical Area)",10603702
2004-01-01,31420,"Macon-Bibb County, GA (Metropolitan Statistical Area)",10935237
2005-01-01,31420,"Macon-Bibb County, GA (Metropolitan Statistical Area)",10841949
2006-01-01,31420,"Macon-Bibb County, GA (Metropolitan Statistical Area)",10716465
2007-01-01,31420,"Macon-Bibb County, GA (Metropolitan Statistical Area)",10511248
2008-01-01,31420,"Macon-Bibb County, GA (Metropolitan Statistical Area)",10653580
2009-01-01,31420,"Macon-Bibb County, GA (Metropolitan Statistical Area)",10294024
2010-01-01,31420,"Macon-Bibb County, GA (Metropolitan Statistical Area)",10384980
2011-01-01,31420,"Macon-Bibb County, GA (Metropolitan Statistical Area)",10596239
2012-01-01,31420,"Macon-Bibb County, GA (Metropolitan Statistical Area)",10683748
2013-01-01,31420,"Macon-Bibb County, GA (Metropolitan Statistical Area)",10724733
2014-01-01,31420,"Macon-Bibb County, GA (Metropolitan Statistical Area)",10800737
2015-01-01,31420,"Macon-Bibb County, GA (Metropolitan Statistical Area)",10926190
2016-01-01,31420,"Macon-Bibb County, GA (Metropolitan Statistical Area)",10873814
2017-01-01,31420,"Macon-Bibb County, GA (Metropolitan Statistical Area)",10845986
2018-01-01,31420,"Macon-Bibb County, GA (Metropolitan Statistical Area)",11030811
2019-01-01,31420,"Macon-Bibb County, GA (Metropolitan Statistical Area)",10855285
2020-01-01,31420,"Macon-Bibb County, GA (Metropolitan Statistical Area)",10107245
2021-01-01,31420,"Macon-Bibb County, GA (Metropolitan Statistical Area)",10734704
2022-01-01,31420,"Macon-Bibb County, GA (Metropolitan Statistical Area)",10851038
2023-01-01,31420,"Macon-Bibb County, GA (Metropolitan Statistical Area)",10718598
2008-01-01,31460,"Madera, CA (Metropolitan Statistical Area)",4790461
2009-01-01,31460,"Madera, CA (Metropolitan Statistical Area)",4204817
2010-01-01,31460,"Madera, CA (Metropolitan Statistical Area)",4912047
2011-01-01,31460,"Madera, CA (Metropolitan Statistical Area)",4931563
2012-01-01,31460,"Madera, CA (Metropolitan Statistical Area)",5126914
2013-01-01,31460,"Madera, CA (Metropolitan Statistical Area)",5259349
2014-01-01,31460,"Madera, CA (Metropolitan Statistical Area)",5537036
2015-01-01,31460,"Madera, CA (Metropolitan Statistical Area)",5280320
2016-01-01,31460,"Madera, CA (Metropolitan Statistical Area)",5849024
2017-01-01,31460,"Madera, CA (Metropolitan Statistical Area)",6023623
2018-01-01,31460,"Madera, CA (Metropolitan Statistical Area)",6027876
2019-01-01,31460,"Madera, CA (Metropolitan Statistical Area)",6222075
2020-01-01,31460,"Madera, CA (Metropolitan Statistical Area)",6201866
2021-01-01,31460,"Madera, CA (Metropolitan Statistical Area)",6448515
2022-01-01,31460,"Madera, CA (Metropolitan Statistical Area)",6043485
2023-01-01,31460,"Madera, CA (Metropolitan Statistical Area)",6226914
2001-01-01,31460,"Madera, CA (Metropolitan Statistical Area)",3232896
2002-01-01,31460,"Madera, CA (Metropolitan Statistical Area)",3645694
2003-01-01,31460,"Madera, CA (Metropolitan Statistical Area)",3776368
2004-01-01,31460,"Madera, CA (Metropolitan Statistical Area)",4333401
2005-01-01,31460,"Madera, CA (Metropolitan Statistical Area)",4657830
2006-01-01,31460,"Madera, CA (Metropolitan Statistical Area)",4851624
2007-01-01,31460,"Madera, CA (Metropolitan Statistical Area)",4862486
2001-01-01,31540,"Madison, WI (Metropolitan Statistical Area)",31427759
2002-01-01,31540,"Madison, WI (Metropolitan Statistical Area)",32574829
2003-01-01,31540,"Madison, WI (Metropolitan Statistical Area)",33739717
2004-01-01,31540,"Madison, WI (Metropolitan Statistical Area)",35436833
2005-01-01,31540,"Madison, WI (Metropolitan Statistical Area)",36966615
2006-01-01,31540,"Madison, WI (Metropolitan Statistical Area)",37447066
2007-01-01,31540,"Madison, WI (Metropolitan Statistical Area)",38465908
2008-01-01,31540,"Madison, WI (Metropolitan Statistical Area)",37823973
2009-01-01,31540,"Madison, WI (Metropolitan Statistical Area)",37260120
2010-01-01,31540,"Madison, WI (Metropolitan Statistical Area)",38559477
2011-01-01,31540,"Madison, WI (Metropolitan Statistical Area)",39549823
2012-01-01,31540,"Madison, WI (Metropolitan Statistical Area)",40657171
2013-01-01,31540,"Madison, WI (Metropolitan Statistical Area)",41554139
2014-01-01,31540,"Madison, WI (Metropolitan Statistical Area)",43624730
2015-01-01,31540,"Madison, WI (Metropolitan Statistical Area)",45242559
2016-01-01,31540,"Madison, WI (Metropolitan Statistical Area)",46733465
2017-01-01,31540,"Madison, WI (Metropolitan Statistical Area)",47412823
2018-01-01,31540,"Madison, WI (Metropolitan Statistical Area)",49252686
2019-01-01,31540,"Madison, WI (Metropolitan Statistical Area)",50603904
2020-01-01,31540,"Madison, WI (Metropolitan Statistical Area)",49380727
2021-01-01,31540,"Madison, WI (Metropolitan Statistical Area)",52271157
2022-01-01,31540,"Madison, WI (Metropolitan Statistical Area)",53432473
2023-01-01,31540,"Madison, WI (Metropolitan Statistical Area)",55129893
2001-01-01,31700,"Manchester-Nashua, NH (Metropolitan Statistical Area)",18354720
2002-01-01,31700,"Manchester-Nashua, NH (Metropolitan Statistical Area)",19025002
2003-01-01,31700,"Manchester-Nashua, NH (Metropolitan Statistical Area)",20557233
2004-01-01,31700,"Manchester-Nashua, NH (Metropolitan Statistical Area)",21401088
2005-01-01,31700,"Manchester-Nashua, NH (Metropolitan Statistical Area)",21845197
2006-01-01,31700,"Manchester-Nashua, NH (Metropolitan Statistical Area)",22605688
2007-01-01,31700,"Manchester-Nashua, NH (Metropolitan Statistical Area)",22949912
2008-01-01,31700,"Manchester-Nashua, NH (Metropolitan Statistical Area)",23111756
2009-01-01,31700,"Manchester-Nashua, NH (Metropolitan Statistical Area)",22779190
2010-01-01,31700,"Manchester-Nashua, NH (Metropolitan Statistical Area)",23017336
2011-01-01,31700,"Manchester-Nashua, NH (Metropolitan Statistical Area)",23655414
2012-01-01,31700,"Manchester-Nashua, NH (Metropolitan Statistical Area)",23582878
2013-01-01,31700,"Manchester-Nashua, NH (Metropolitan Statistical Area)",24070440
2014-01-01,31700,"Manchester-Nashua, NH (Metropolitan Statistical Area)",24606979
2015-01-01,31700,"Manchester-Nashua, NH (Metropolitan Statistical Area)",25447457
2016-01-01,31700,"Manchester-Nashua, NH (Metropolitan Statistical Area)",25862657
2017-01-01,31700,"Manchester-Nashua, NH (Metropolitan Statistical Area)",25959140
2018-01-01,31700,"Manchester-Nashua, NH (Metropolitan Statistical Area)",26455143
2019-01-01,31700,"Manchester-Nashua, NH (Metropolitan Statistical Area)",27240319
2020-01-01,31700,"Manchester-Nashua, NH (Metropolitan Statistical Area)",27002678
2021-01-01,31700,"Manchester-Nashua, NH (Metropolitan Statistical Area)",29511318
2022-01-01,31700,"Manchester-Nashua, NH (Metropolitan Statistical Area)",30010481
2023-01-01,31700,"Manchester-Nashua, NH (Metropolitan Statistical Area)",30476161
2016-01-01,31740,"Manhattan, KS (Metropolitan Statistical Area)",7191474
2017-01-01,31740,"Manhattan, KS (Metropolitan Statistical Area)",7189918
2018-01-01,31740,"Manhattan, KS (Metropolitan Statistical Area)",7104990
2019-01-01,31740,"Manhattan, KS (Metropolitan Statistical Area)",6872458
2020-01-01,31740,"Manhattan, KS (Metropolitan Statistical Area)",6841825
2021-01-01,31740,"Manhattan, KS (Metropolitan Statistical Area)",7108693
2022-01-01,31740,"Manhattan, KS (Metropolitan Statistical Area)",7113660
2023-01-01,31740,"Manhattan, KS (Metropolitan Statistical Area)",7020615
2001-01-01,31740,"Manhattan, KS (Metropolitan Statistical Area)",5064312
2002-01-01,31740,"Manhattan, KS (Metropolitan Statistical Area)",5093381
2003-01-01,31740,"Manhattan, KS (Metropolitan Statistical Area)",5314159
2004-01-01,31740,"Manhattan, KS (Metropolitan Statistical Area)",5560308
2005-01-01,31740,"Manhattan, KS (Metropolitan Statistical Area)",5733724
2006-01-01,31740,"Manhattan, KS (Metropolitan Statistical Area)",6221897
2007-01-01,31740,"Manhattan, KS (Metropolitan Statistical Area)",6741435
2008-01-01,31740,"Manhattan, KS (Metropolitan Statistical Area)",7124458
2009-01-01,31740,"Manhattan, KS (Metropolitan Statistical Area)",7074284
2010-01-01,31740,"Manhattan, KS (Metropolitan Statistical Area)",7478600
2011-01-01,31740,"Manhattan, KS (Metropolitan Statistical Area)",7768567
2012-01-01,31740,"Manhattan, KS (Metropolitan Statistical Area)",7683407
2013-01-01,31740,"Manhattan, KS (Metropolitan Statistical Area)",7483097
2014-01-01,31740,"Manhattan, KS (Metropolitan Statistical Area)",7229365
2015-01-01,31740,"Manhattan, KS (Metropolitan Statistical Area)",7307689
2001-01-01,31860,"Mankato, MN (Metropolitan Statistical Area)",3880260
2002-01-01,31860,"Mankato, MN (Metropolitan Statistical Area)",4050503
2003-01-01,31860,"Mankato, MN (Metropolitan Statistical Area)",4082286
2004-01-01,31860,"Mankato, MN (Metropolitan Statistical Area)",4331390
2005-01-01,31860,"Mankato, MN (Metropolitan Statistical Area)",4515613
2006-01-01,31860,"Mankato, MN (Metropolitan Statistical Area)",4848288
2007-01-01,31860,"Mankato, MN (Metropolitan Statistical Area)",4741927
2008-01-01,31860,"Mankato, MN (Metropolitan Statistical Area)",4799618
2009-01-01,31860,"Mankato, MN (Metropolitan Statistical Area)",4621988
2010-01-01,31860,"Mankato, MN (Metropolitan Statistical Area)",4870737
2011-01-01,31860,"Mankato, MN (Metropolitan Statistical Area)",4942101
2012-01-01,31860,"Mankato, MN (Metropolitan Statistical Area)",5196712
2013-01-01,31860,"Mankato, MN (Metropolitan Statistical Area)",5305123
2014-01-01,31860,"Mankato, MN (Metropolitan Statistical Area)",5465134
2015-01-01,31860,"Mankato, MN (Metropolitan Statistical Area)",5585193
2016-01-01,31860,"Mankato, MN (Metropolitan Statistical Area)",5519939
2017-01-01,31860,"Mankato, MN (Metropolitan Statistical Area)",5561722
2018-01-01,31860,"Mankato, MN (Metropolitan Statistical Area)",5646562
2019-01-01,31860,"Mankato, MN (Metropolitan Statistical Area)",5618822
2020-01-01,31860,"Mankato, MN (Metropolitan Statistical Area)",5381176
2021-01-01,31860,"Mankato, MN (Metropolitan Statistical Area)",5612433
2022-01-01,31860,"Mankato, MN (Metropolitan Statistical Area)",5692707
2023-01-01,31860,"Mankato, MN (Metropolitan Statistical Area)",5670157
2010-01-01,31900,"Mansfield, OH (Metropolitan Statistical Area)",4349582
2011-01-01,31900,"Mansfield, OH (Metropolitan Statistical Area)",4477964
2012-01-01,31900,"Mansfield, OH (Metropolitan Statistical Area)",4533586
2013-01-01,31900,"Mansfield, OH (Metropolitan Statistical Area)",4482554
2014-01-01,31900,"Mansfield, OH (Metropolitan Statistical Area)",4629884
2015-01-01,31900,"Mansfield, OH (Metropolitan Statistical Area)",4589206
2016-01-01,31900,"Mansfield, OH (Metropolitan Statistical Area)",4535134
2017-01-01,31900,"Mansfield, OH (Metropolitan Statistical Area)",4544336
2018-01-01,31900,"Mansfield, OH (Metropolitan Statistical Area)",4591106
2019-01-01,31900,"Mansfield, OH (Metropolitan Statistical Area)",4586234
2020-01-01,31900,"Mansfield, OH (Metropolitan Statistical Area)",4393186
2021-01-01,31900,"Mansfield, OH (Metropolitan Statistical Area)",4587864
2022-01-01,31900,"Mansfield, OH (Metropolitan Statistical Area)",4598035
2023-01-01,31900,"Mansfield, OH (Metropolitan Statistical Area)",4709913
2001-01-01,31900,"Mansfield, OH (Metropolitan Statistical Area)",4728329
2002-01-01,31900,"Mansfield, OH (Metropolitan Statistical Area)",4944237
2003-01-01,31900,"Mansfield, OH (Metropolitan Statistical Area)",4990922
2004-01-01,31900,"Mansfield, OH (Metropolitan Statistical Area)",5238760
2005-01-01,31900,"Mansfield, OH (Metropolitan Statistical Area)",5316723
2006-01-01,31900,"Mansfield, OH (Metropolitan Statistical Area)",5213934
2007-01-01,31900,"Mansfield, OH (Metropolitan Statistical Area)",4993566
2008-01-01,31900,"Mansfield, OH (Metropolitan Statistical Area)",4852624
2009-01-01,31900,"Mansfield, OH (Metropolitan Statistical Area)",4117420
2001-01-01,32580,"McAllen-Edinburg-Mission, TX (Metropolitan Statistical Area)",15626678
2002-01-01,32580,"McAllen-Edinburg-Mission, TX (Metropolitan Statistical Area)",16647354
2003-01-01,32580,"McAllen-Edinburg-Mission, TX (Metropolitan Statistical Area)",16990509
2004-01-01,32580,"McAllen-Edinburg-Mission, TX (Metropolitan Statistical Area)",17132332
2005-01-01,32580,"McAllen-Edinburg-Mission, TX (Metropolitan Statistical Area)",17561331
2006-01-01,32580,"McAllen-Edinburg-Mission, TX (Metropolitan Statistical Area)",18258031
2007-01-01,32580,"McAllen-Edinburg-Mission, TX (Metropolitan Statistical Area)",19083198
2008-01-01,32580,"McAllen-Edinburg-Mission, TX (Metropolitan Statistical Area)",18732449
2009-01-01,32580,"McAllen-Edinburg-Mission, TX (Metropolitan Statistical Area)",18664158
2010-01-01,32580,"McAllen-Edinburg-Mission, TX (Metropolitan Statistical Area)",18607751
2011-01-01,32580,"McAllen-Edinburg-Mission, TX (Metropolitan Statistical Area)",18916776
2012-01-01,32580,"McAllen-Edinburg-Mission, TX (Metropolitan Statistical Area)",19221723
2013-01-01,32580,"McAllen-Edinburg-Mission, TX (Metropolitan Statistical Area)",20141428
2014-01-01,32580,"McAllen-Edinburg-Mission, TX (Metropolitan Statistical Area)",20483023
2015-01-01,32580,"McAllen-Edinburg-Mission, TX (Metropolitan Statistical Area)",20702995
2016-01-01,32580,"McAllen-Edinburg-Mission, TX (Metropolitan Statistical Area)",20609846
2017-01-01,32580,"McAllen-Edinburg-Mission, TX (Metropolitan Statistical Area)",20721197
2018-01-01,32580,"McAllen-Edinburg-Mission, TX (Metropolitan Statistical Area)",21184628
2019-01-01,32580,"McAllen-Edinburg-Mission, TX (Metropolitan Statistical Area)",21991095
2020-01-01,32580,"McAllen-Edinburg-Mission, TX (Metropolitan Statistical Area)",21525990
2021-01-01,32580,"McAllen-Edinburg-Mission, TX (Metropolitan Statistical Area)",22681955
2022-01-01,32580,"McAllen-Edinburg-Mission, TX (Metropolitan Statistical Area)",23108370
2023-01-01,32580,"McAllen-Edinburg-Mission, TX (Metropolitan Statistical Area)",23993556
2010-01-01,32780,"Medford, OR (Metropolitan Statistical Area)",7658901
2011-01-01,32780,"Medford, OR (Metropolitan Statistical Area)",7556416
2012-01-01,32780,"Medford, OR (Metropolitan Statistical Area)",7408532
2013-01-01,32780,"Medford, OR (Metropolitan Statistical Area)",7787076
2014-01-01,32780,"Medford, OR (Metropolitan Statistical Area)",7954214
2015-01-01,32780,"Medford, OR (Metropolitan Statistical Area)",8290482
2016-01-01,32780,"Medford, OR (Metropolitan Statistical Area)",8636441
2017-01-01,32780,"Medford, OR (Metropolitan Statistical Area)",9087979
2018-01-01,32780,"Medford, OR (Metropolitan Statistical Area)",9236535
2019-01-01,32780,"Medford, OR (Metropolitan Statistical Area)",9377950
2020-01-01,32780,"Medford, OR (Metropolitan Statistical Area)",9367440
2021-01-01,32780,"Medford, OR (Metropolitan Statistical Area)",10015358
2022-01-01,32780,"Medford, OR (Metropolitan Statistical Area)",9957252
2023-01-01,32780,"Medford, OR (Metropolitan Statistical Area)",10314605
2001-01-01,32780,"Medford, OR (Metropolitan Statistical Area)",6577672
2002-01-01,32780,"Medford, OR (Metropolitan Statistical Area)",6934001
2003-01-01,32780,"Medford, OR (Metropolitan Statistical Area)",7360041
2004-01-01,32780,"Medford, OR (Metropolitan Statistical Area)",7682204
2005-01-01,32780,"Medford, OR (Metropolitan Statistical Area)",7858471
2006-01-01,32780,"Medford, OR (Metropolitan Statistical Area)",7999629
2007-01-01,32780,"Medford, OR (Metropolitan Statistical Area)",8034900
2008-01-01,32780,"Medford, OR (Metropolitan Statistical Area)",7921841
2009-01-01,32780,"Medford, OR (Metropolitan Statistical Area)",7511072
2001-01-01,32820,"Memphis, TN-MS-AR (Metropolitan Statistical Area)",66913201
2002-01-01,32820,"Memphis, TN-MS-AR (Metropolitan Statistical Area)",67865286
2003-01-01,32820,"Memphis, TN-MS-AR (Metropolitan Statistical Area)",69181048
2004-01-01,32820,"Memphis, TN-MS-AR (Metropolitan Statistical Area)",70836152
2005-01-01,32820,"Memphis, TN-MS-AR (Metropolitan Statistical Area)",72041598
2006-01-01,32820,"Memphis, TN-MS-AR (Metropolitan Statistical Area)",73156723
2007-01-01,32820,"Memphis, TN-MS-AR (Metropolitan Statistical Area)",71921019
2008-01-01,32820,"Memphis, TN-MS-AR (Metropolitan Statistical Area)",70944855
2009-01-01,32820,"Memphis, TN-MS-AR (Metropolitan Statistical Area)",67699103
2010-01-01,32820,"Memphis, TN-MS-AR (Metropolitan Statistical Area)",68049158
2011-01-01,32820,"Memphis, TN-MS-AR (Metropolitan Statistical Area)",68543721
2012-01-01,32820,"Memphis, TN-MS-AR (Metropolitan Statistical Area)",70525075
2013-01-01,32820,"Memphis, TN-MS-AR (Metropolitan Statistical Area)",71773223
2014-01-01,32820,"Memphis, TN-MS-AR (Metropolitan Statistical Area)",71608354
2015-01-01,32820,"Memphis, TN-MS-AR (Metropolitan Statistical Area)",73049465
2016-01-01,32820,"Memphis, TN-MS-AR (Metropolitan Statistical Area)",74014482
2017-01-01,32820,"Memphis, TN-MS-AR (Metropolitan Statistical Area)",75341736
2018-01-01,32820,"Memphis, TN-MS-AR (Metropolitan Statistical Area)",75977096
2019-01-01,32820,"Memphis, TN-MS-AR (Metropolitan Statistical Area)",76633375
2020-01-01,32820,"Memphis, TN-MS-AR (Metropolitan Statistical Area)",75708024
2021-01-01,32820,"Memphis, TN-MS-AR (Metropolitan Statistical Area)",79858628
2022-01-01,32820,"Memphis, TN-MS-AR (Metropolitan Statistical Area)",79703375
2023-01-01,32820,"Memphis, TN-MS-AR (Metropolitan Statistical Area)",81215062
2001-01-01,32900,"Merced, CA (Metropolitan Statistical Area)",5882351
2002-01-01,32900,"Merced, CA (Metropolitan Statistical Area)",6228573
2003-01-01,32900,"Merced, CA (Metropolitan Statistical Area)",6787299
2004-01-01,32900,"Merced, CA (Metropolitan Statistical Area)",7429253
2005-01-01,32900,"Merced, CA (Metropolitan Statistical Area)",7767455
2006-01-01,32900,"Merced, CA (Metropolitan Statistical Area)",7604136
2007-01-01,32900,"Merced, CA (Metropolitan Statistical Area)",8517193
2008-01-01,32900,"Merced, CA (Metropolitan Statistical Area)",7491142
2009-01-01,32900,"Merced, CA (Metropolitan Statistical Area)",7253520
2010-01-01,32900,"Merced, CA (Metropolitan Statistical Area)",7418508
2011-01-01,32900,"Merced, CA (Metropolitan Statistical Area)",7639161
2012-01-01,32900,"Merced, CA (Metropolitan Statistical Area)",7402451
2013-01-01,32900,"Merced, CA (Metropolitan Statistical Area)",7653680
2014-01-01,32900,"Merced, CA (Metropolitan Statistical Area)",8411849
2015-01-01,32900,"Merced, CA (Metropolitan Statistical Area)",8608451
2016-01-01,32900,"Merced, CA (Metropolitan Statistical Area)",8657384
2017-01-01,32900,"Merced, CA (Metropolitan Statistical Area)",9136656
2018-01-01,32900,"Merced, CA (Metropolitan Statistical Area)",9152693
2019-01-01,32900,"Merced, CA (Metropolitan Statistical Area)",9251024
2020-01-01,32900,"Merced, CA (Metropolitan Statistical Area)",9115222
2021-01-01,32900,"Merced, CA (Metropolitan Statistical Area)",9294314
2022-01-01,32900,"Merced, CA (Metropolitan Statistical Area)",9511320
2023-01-01,32900,"Merced, CA (Metropolitan Statistical Area)",9548937
2023-01-01,33100,"Miami-Fort Lauderdale-Pompano Beach, FL (Metropolitan Statistical Area)",431882272
2001-01-01,33100,"Miami-Fort Lauderdale-Pompano Beach, FL (Metropolitan Statistical Area)",246797368
2002-01-01,33100,"Miami-Fort Lauderdale-Pompano Beach, FL (Metropolitan Statistical Area)",256640851
2003-01-01,33100,"Miami-Fort Lauderdale-Pompano Beach, FL (Metropolitan Statistical Area)",266575139
2004-01-01,33100,"Miami-Fort Lauderdale-Pompano Beach, FL (Metropolitan Statistical Area)",281757823
2005-01-01,33100,"Miami-Fort Lauderdale-Pompano Beach, FL (Metropolitan Statistical Area)",297774888
2006-01-01,33100,"Miami-Fort Lauderdale-Pompano Beach, FL (Metropolitan Statistical Area)",305552219
2007-01-01,33100,"Miami-Fort Lauderdale-Pompano Beach, FL (Metropolitan Statistical Area)",307814752
2008-01-01,33100,"Miami-Fort Lauderdale-Pompano Beach, FL (Metropolitan Statistical Area)",296843786
2009-01-01,33100,"Miami-Fort Lauderdale-Pompano Beach, FL (Metropolitan Statistical Area)",277525852
2010-01-01,33100,"Miami-Fort Lauderdale-Pompano Beach, FL (Metropolitan Statistical Area)",286921000
2011-01-01,33100,"Miami-Fort Lauderdale-Pompano Beach, FL (Metropolitan Statistical Area)",287548905
2012-01-01,33100,"Miami-Fort Lauderdale-Pompano Beach, FL (Metropolitan Statistical Area)",289047949
2013-01-01,33100,"Miami-Fort Lauderdale-Pompano Beach, FL (Metropolitan Statistical Area)",298066145
2014-01-01,33100,"Miami-Fort Lauderdale-Pompano Beach, FL (Metropolitan Statistical Area)",308204109
2015-01-01,33100,"Miami-Fort Lauderdale-Pompano Beach, FL (Metropolitan Statistical Area)",321884135
2016-01-01,33100,"Miami-Fort Lauderdale-Pompano Beach, FL (Metropolitan Statistical Area)",331898529
2017-01-01,33100,"Miami-Fort Lauderdale-Pompano Beach, FL (Metropolitan Statistical Area)",346955899
2018-01-01,33100,"Miami-Fort Lauderdale-Pompano Beach, FL (Metropolitan Statistical Area)",359852689
2019-01-01,33100,"Miami-Fort Lauderdale-Pompano Beach, FL (Metropolitan Statistical Area)",367587090
2020-01-01,33100,"Miami-Fort Lauderdale-Pompano Beach, FL (Metropolitan Statistical Area)",353846629
2021-01-01,33100,"Miami-Fort Lauderdale-Pompano Beach, FL (Metropolitan Statistical Area)",391367438
2022-01-01,33100,"Miami-Fort Lauderdale-Pompano Beach, FL (Metropolitan Statistical Area)",415201140
2002-01-01,33140,"Michigan City-La Porte, IN (Metropolitan Statistical Area)",4070578
2001-01-01,33140,"Michigan City-La Porte, IN (Metropolitan Statistical Area)",4069462
2023-01-01,33140,"Michigan City-La Porte, IN (Metropolitan Statistical Area)",4396220
2022-01-01,33140,"Michigan City-La Porte, IN (Metropolitan Statistical Area)",4196224
2021-01-01,33140,"Michigan City-La Porte, IN (Metropolitan Statistical Area)",4216451
2020-01-01,33140,"Michigan City-La Porte, IN (Metropolitan Statistical Area)",3978308
2019-01-01,33140,"Michigan City-La Porte, IN (Metropolitan Statistical Area)",4111245
2018-01-01,33140,"Michigan City-La Porte, IN (Metropolitan Statistical Area)",4231110
2017-01-01,33140,"Michigan City-La Porte, IN (Metropolitan Statistical Area)",4105788
2016-01-01,33140,"Michigan City-La Porte, IN (Metropolitan Statistical Area)",4136406
2015-01-01,33140,"Michigan City-La Porte, IN (Metropolitan Statistical Area)",4080028
2014-01-01,33140,"Michigan City-La Porte, IN (Metropolitan Statistical Area)",4258763
2013-01-01,33140,"Michigan City-La Porte, IN (Metropolitan Statistical Area)",4192273
2012-01-01,33140,"Michigan City-La Porte, IN (Metropolitan Statistical Area)",4112489
2011-01-01,33140,"Michigan City-La Porte, IN (Metropolitan Statistical Area)",4114902
2010-01-01,33140,"Michigan City-La Porte, IN (Metropolitan Statistical Area)",4154104
2009-01-01,33140,"Michigan City-La Porte, IN (Metropolitan Statistical Area)",3981380
2008-01-01,33140,"Michigan City-La Porte, IN (Metropolitan Statistical Area)",4354266
2007-01-01,33140,"Michigan City-La Porte, IN (Metropolitan Statistical Area)",4301659
2006-01-01,33140,"Michigan City-La Porte, IN (Metropolitan Statistical Area)",4238940
2005-01-01,33140,"Michigan City-La Porte, IN (Metropolitan Statistical Area)",4219433
2004-01-01,33140,"Michigan City-La Porte, IN (Metropolitan Statistical Area)",4261389
2003-01-01,33140,"Michigan City-La Porte, IN (Metropolitan Statistical Area)",4100058
2001-01-01,33220,"Midland, MI (Metropolitan Statistical Area)",5008681
2002-01-01,33220,"Midland, MI (Metropolitan Statistical Area)",5147589
2003-01-01,33220,"Midland, MI (Metropolitan Statistical Area)",4898476
2004-01-01,33220,"Midland, MI (Metropolitan Statistical Area)",5172195
2005-01-01,33220,"Midland, MI (Metropolitan Statistical Area)",4640307
2006-01-01,33220,"Midland, MI (Metropolitan Statistical Area)",4639932
2007-01-01,33220,"Midland, MI (Metropolitan Statistical Area)",4745532
2008-01-01,33220,"Midland, MI (Metropolitan Statistical Area)",4605105
2009-01-01,33220,"Midland, MI (Metropolitan Statistical Area)",4377136
2010-01-01,33220,"Midland, MI (Metropolitan Statistical Area)",4542825
2011-01-01,33220,"Midland, MI (Metropolitan Statistical Area)",4636583
2012-01-01,33220,"Midland, MI (Metropolitan Statistical Area)",4759901
2013-01-01,33220,"Midland, MI (Metropolitan Statistical Area)",4674749
2014-01-01,33220,"Midland, MI (Metropolitan Statistical Area)",5295872
2015-01-01,33220,"Midland, MI (Metropolitan Statistical Area)",5707086
2016-01-01,33220,"Midland, MI (Metropolitan Statistical Area)",5342526
2017-01-01,33220,"Midland, MI (Metropolitan Statistical Area)",5482023
2018-01-01,33220,"Midland, MI (Metropolitan Statistical Area)",5520755
2019-01-01,33220,"Midland, MI (Metropolitan Statistical Area)",5367447
2020-01-01,33220,"Midland, MI (Metropolitan Statistical Area)",5689329
2021-01-01,33220,"Midland, MI (Metropolitan Statistical Area)",5907218
2022-01-01,33220,"Midland, MI (Metropolitan Statistical Area)",5995496
2023-01-01,33220,"Midland, MI (Metropolitan Statistical Area)",6344935
2001-01-01,33260,"Midland, TX (Metropolitan Statistical Area)",5748036
2002-01-01,33260,"Midland, TX (Metropolitan Statistical Area)",5841039
2003-01-01,33260,"Midland, TX (Metropolitan Statistical Area)",5606790
2004-01-01,33260,"Midland, TX (Metropolitan Statistical Area)",5878339
2005-01-01,33260,"Midland, TX (Metropolitan Statistical Area)",6182488
2006-01-01,33260,"Midland, TX (Metropolitan Statistical Area)",7207257
2007-01-01,33260,"Midland, TX (Metropolitan Statistical Area)",7975921
2008-01-01,33260,"Midland, TX (Metropolitan Statistical Area)",8820947
2009-01-01,33260,"Midland, TX (Metropolitan Statistical Area)",9531345
2010-01-01,33260,"Midland, TX (Metropolitan Statistical Area)",10471866
2011-01-01,33260,"Midland, TX (Metropolitan Statistical Area)",12252846
2012-01-01,33260,"Midland, TX (Metropolitan Statistical Area)",15559054
2013-01-01,33260,"Midland, TX (Metropolitan Statistical Area)",16355297
2014-01-01,33260,"Midland, TX (Metropolitan Statistical Area)",17829033
2015-01-01,33260,"Midland, TX (Metropolitan Statistical Area)",19520898
2016-01-01,33260,"Midland, TX (Metropolitan Statistical Area)",19198710
2017-01-01,33260,"Midland, TX (Metropolitan Statistical Area)",21889250
2018-01-01,33260,"Midland, TX (Metropolitan Statistical Area)",27561089
2019-01-01,33260,"Midland, TX (Metropolitan Statistical Area)",33146217
2020-01-01,33260,"Midland, TX (Metropolitan Statistical Area)",31130056
2021-01-01,33260,"Midland, TX (Metropolitan Statistical Area)",31681448
2022-01-01,33260,"Midland, TX (Metropolitan Statistical Area)",30957434
2023-01-01,33260,"Midland, TX (Metropolitan Statistical Area)",44247964
2001-01-01,33340,"Milwaukee-Waukesha, WI (Metropolitan Statistical Area)",84396028
2002-01-01,33340,"Milwaukee-Waukesha, WI (Metropolitan Statistical Area)",84196461
2003-01-01,33340,"Milwaukee-Waukesha, WI (Metropolitan Statistical Area)",86532591
2004-01-01,33340,"Milwaukee-Waukesha, WI (Metropolitan Statistical Area)",88665896
2005-01-01,33340,"Milwaukee-Waukesha, WI (Metropolitan Statistical Area)",91410100
2006-01-01,33340,"Milwaukee-Waukesha, WI (Metropolitan Statistical Area)",93800927
2007-01-01,33340,"Milwaukee-Waukesha, WI (Metropolitan Statistical Area)",94718895
2008-01-01,33340,"Milwaukee-Waukesha, WI (Metropolitan Statistical Area)",92958645
2009-01-01,33340,"Milwaukee-Waukesha, WI (Metropolitan Statistical Area)",89748513
2010-01-01,33340,"Milwaukee-Waukesha, WI (Metropolitan Statistical Area)",92444322
2011-01-01,33340,"Milwaukee-Waukesha, WI (Metropolitan Statistical Area)",94262850
2012-01-01,33340,"Milwaukee-Waukesha, WI (Metropolitan Statistical Area)",95186849
2013-01-01,33340,"Milwaukee-Waukesha, WI (Metropolitan Statistical Area)",95522430
2014-01-01,33340,"Milwaukee-Waukesha, WI (Metropolitan Statistical Area)",96123059
2015-01-01,33340,"Milwaukee-Waukesha, WI (Metropolitan Statistical Area)",97299949
2016-01-01,33340,"Milwaukee-Waukesha, WI (Metropolitan Statistical Area)",97812590
2017-01-01,33340,"Milwaukee-Waukesha, WI (Metropolitan Statistical Area)",99281237
2018-01-01,33340,"Milwaukee-Waukesha, WI (Metropolitan Statistical Area)",100842067
2019-01-01,33340,"Milwaukee-Waukesha, WI (Metropolitan Statistical Area)",102320385
2020-01-01,33340,"Milwaukee-Waukesha, WI (Metropolitan Statistical Area)",98203432
2021-01-01,33340,"Milwaukee-Waukesha, WI (Metropolitan Statistical Area)",102384169
2022-01-01,33340,"Milwaukee-Waukesha, WI (Metropolitan Statistical Area)",105152588
2023-01-01,33340,"Milwaukee-Waukesha, WI (Metropolitan Statistical Area)",106610894
2010-01-01,33460,"Minneapolis-St. Paul-Bloomington, MN-WI (Metropolitan Statistical Area)",217937934
2011-01-01,33460,"Minneapolis-St. Paul-Bloomington, MN-WI (Metropolitan Statistical Area)",223445157
2012-01-01,33460,"Minneapolis-St. Paul-Bloomington, MN-WI (Metropolitan Statistical Area)",227583210
2013-01-01,33460,"Minneapolis-St. Paul-Bloomington, MN-WI (Metropolitan Statistical Area)",234708007
2014-01-01,33460,"Minneapolis-St. Paul-Bloomington, MN-WI (Metropolitan Statistical Area)",243729996
2015-01-01,33460,"Minneapolis-St. Paul-Bloomington, MN-WI (Metropolitan Statistical Area)",249048711
2016-01-01,33460,"Minneapolis-St. Paul-Bloomington, MN-WI (Metropolitan Statistical Area)",253079493
2017-01-01,33460,"Minneapolis-St. Paul-Bloomington, MN-WI (Metropolitan Statistical Area)",257849094
2018-01-01,33460,"Minneapolis-St. Paul-Bloomington, MN-WI (Metropolitan Statistical Area)",265734698
2019-01-01,33460,"Minneapolis-St. Paul-Bloomington, MN-WI (Metropolitan Statistical Area)",270051612
2020-01-01,33460,"Minneapolis-St. Paul-Bloomington, MN-WI (Metropolitan Statistical Area)",260621361
2021-01-01,33460,"Minneapolis-St. Paul-Bloomington, MN-WI (Metropolitan Statistical Area)",275748176
2022-01-01,33460,"Minneapolis-St. Paul-Bloomington, MN-WI (Metropolitan Statistical Area)",281253976
2023-01-01,33460,"Minneapolis-St. Paul-Bloomington, MN-WI (Metropolitan Statistical Area)",286739259
2001-01-01,33460,"Minneapolis-St. Paul-Bloomington, MN-WI (Metropolitan Statistical Area)",188756198
2002-01-01,33460,"Minneapolis-St. Paul-Bloomington, MN-WI (Metropolitan Statistical Area)",190963399
2003-01-01,33460,"Minneapolis-St. Paul-Bloomington, MN-WI (Metropolitan Statistical Area)",200170335
2004-01-01,33460,"Minneapolis-St. Paul-Bloomington, MN-WI (Metropolitan Statistical Area)",210296674
2005-01-01,33460,"Minneapolis-St. Paul-Bloomington, MN-WI (Metropolitan Statistical Area)",216772115
2006-01-01,33460,"Minneapolis-St. Paul-Bloomington, MN-WI (Metropolitan Statistical Area)",215931459
2007-01-01,33460,"Minneapolis-St. Paul-Bloomington, MN-WI (Metropolitan Statistical Area)",218861006
2008-01-01,33460,"Minneapolis-St. Paul-Bloomington, MN-WI (Metropolitan Statistical Area)",220552802
2009-01-01,33460,"Minneapolis-St. Paul-Bloomington, MN-WI (Metropolitan Statistical Area)",211177151
2001-01-01,33540,"Missoula, MT (Metropolitan Statistical Area)",3927791
2002-01-01,33540,"Missoula, MT (Metropolitan Statistical Area)",4108029
2003-01-01,33540,"Missoula, MT (Metropolitan Statistical Area)",4281045
2004-01-01,33540,"Missoula, MT (Metropolitan Statistical Area)",4427902
2005-01-01,33540,"Missoula, MT (Metropolitan Statistical Area)",4542947
2006-01-01,33540,"Missoula, MT (Metropolitan Statistical Area)",4656595
2007-01-01,33540,"Missoula, MT (Metropolitan Statistical Area)",4760318
2008-01-01,33540,"Missoula, MT (Metropolitan Statistical Area)",4871815
2009-01-01,33540,"Missoula, MT (Metropolitan Statistical Area)",4807664
2010-01-01,33540,"Missoula, MT (Metropolitan Statistical Area)",4769650
2011-01-01,33540,"Missoula, MT (Metropolitan Statistical Area)",4815621
2012-01-01,33540,"Missoula, MT (Metropolitan Statistical Area)",4789417
2013-01-01,33540,"Missoula, MT (Metropolitan Statistical Area)",4834963
2014-01-01,33540,"Missoula, MT (Metropolitan Statistical Area)",4955575
2015-01-01,33540,"Missoula, MT (Metropolitan Statistical Area)",5109708
2016-01-01,33540,"Missoula, MT (Metropolitan Statistical Area)",5197179
2017-01-01,33540,"Missoula, MT (Metropolitan Statistical Area)",5530699
2018-01-01,33540,"Missoula, MT (Metropolitan Statistical Area)",5598430
2019-01-01,33540,"Missoula, MT (Metropolitan Statistical Area)",5750346
2020-01-01,33540,"Missoula, MT (Metropolitan Statistical Area)",5721496
2021-01-01,33540,"Missoula, MT (Metropolitan Statistical Area)",6401268
2022-01-01,33540,"Missoula, MT (Metropolitan Statistical Area)",6370148
2023-01-01,33540,"Missoula, MT (Metropolitan Statistical Area)",6623001
2001-01-01,33660,"Mobile, AL (Metropolitan Statistical Area)",16325910
2002-01-01,33660,"Mobile, AL (Metropolitan Statistical Area)",16407879
2003-01-01,33660,"Mobile, AL (Metropolitan Statistical Area)",16700959
2004-01-01,33660,"Mobile, AL (Metropolitan Statistical Area)",17246838
2005-01-01,33660,"Mobile, AL (Metropolitan Statistical Area)",17917977
2006-01-01,33660,"Mobile, AL (Metropolitan Statistical Area)",19130104
2007-01-01,33660,"Mobile, AL (Metropolitan Statistical Area)",19245529
2008-01-01,33660,"Mobile, AL (Metropolitan Statistical Area)",19393161
2009-01-01,33660,"Mobile, AL (Metropolitan Statistical Area)",19325284
2010-01-01,33660,"Mobile, AL (Metropolitan Statistical Area)",19562935
2011-01-01,33660,"Mobile, AL (Metropolitan Statistical Area)",19920765
2012-01-01,33660,"Mobile, AL (Metropolitan Statistical Area)",19833204
2013-01-01,33660,"Mobile, AL (Metropolitan Statistical Area)",20108332
2014-01-01,33660,"Mobile, AL (Metropolitan Statistical Area)",20124610
2015-01-01,33660,"Mobile, AL (Metropolitan Statistical Area)",20112176
2016-01-01,33660,"Mobile, AL (Metropolitan Statistical Area)",20524904
2017-01-01,33660,"Mobile, AL (Metropolitan Statistical Area)",20576160
2018-01-01,33660,"Mobile, AL (Metropolitan Statistical Area)",20912705
2019-01-01,33660,"Mobile, AL (Metropolitan Statistical Area)",21370021
2020-01-01,33660,"Mobile, AL (Metropolitan Statistical Area)",21463861
2021-01-01,33660,"Mobile, AL (Metropolitan Statistical Area)",22834108
2022-01-01,33660,"Mobile, AL (Metropolitan Statistical Area)",22999194
2023-01-01,33660,"Mobile, AL (Metropolitan Statistical Area)",24173958
2010-01-01,33700,"Modesto, CA (Metropolitan Statistical Area)",19014237
2011-01-01,33700,"Modesto, CA (Metropolitan Statistical Area)",18963019
2012-01-01,33700,"Modesto, CA (Metropolitan Statistical Area)",18692433
2013-01-01,33700,"Modesto, CA (Metropolitan Statistical Area)",18926529
2014-01-01,33700,"Modesto, CA (Metropolitan Statistical Area)",20164828
2015-01-01,33700,"Modesto, CA (Metropolitan Statistical Area)",20967459
2016-01-01,33700,"Modesto, CA (Metropolitan Statistical Area)",21301063
2017-01-01,33700,"Modesto, CA (Metropolitan Statistical Area)",22191928
2018-01-01,33700,"Modesto, CA (Metropolitan Statistical Area)",22810079
2019-01-01,33700,"Modesto, CA (Metropolitan Statistical Area)",23329680
2020-01-01,33700,"Modesto, CA (Metropolitan Statistical Area)",22651130
2021-01-01,33700,"Modesto, CA (Metropolitan Statistical Area)",23715467
2022-01-01,33700,"Modesto, CA (Metropolitan Statistical Area)",23803366
2023-01-01,33700,"Modesto, CA (Metropolitan Statistical Area)",24067824
2001-01-01,33700,"Modesto, CA (Metropolitan Statistical Area)",16559172
2002-01-01,33700,"Modesto, CA (Metropolitan Statistical Area)",17211668
2003-01-01,33700,"Modesto, CA (Metropolitan Statistical Area)",17828749
2004-01-01,33700,"Modesto, CA (Metropolitan Statistical Area)",18906794
2005-01-01,33700,"Modesto, CA (Metropolitan Statistical Area)",19533906
2006-01-01,33700,"Modesto, CA (Metropolitan Statistical Area)",19987363
2007-01-01,33700,"Modesto, CA (Metropolitan Statistical Area)",19706375
2008-01-01,33700,"Modesto, CA (Metropolitan Statistical Area)",19117205
2009-01-01,33700,"Modesto, CA (Metropolitan Statistical Area)",18863423
2001-01-01,33740,"Monroe, LA (Metropolitan Statistical Area)",6809343
2002-01-01,33740,"Monroe, LA (Metropolitan Statistical Area)",7297714
2003-01-01,33740,"Monroe, LA (Metropolitan Statistical Area)",7480032
2004-01-01,33740,"Monroe, LA (Metropolitan Statistical Area)",7847068
2005-01-01,33740,"Monroe, LA (Metropolitan Statistical Area)",8175961
2006-01-01,33740,"Monroe, LA (Metropolitan Statistical Area)",8258333
2007-01-01,33740,"Monroe, LA (Metropolitan Statistical Area)",7445661
2008-01-01,33740,"Monroe, LA (Metropolitan Statistical Area)",7115426
2009-01-01,33740,"Monroe, LA (Metropolitan Statistical Area)",7370675
2010-01-01,33740,"Monroe, LA (Metropolitan Statistical Area)",7571550
2011-01-01,33740,"Monroe, LA (Metropolitan Statistical Area)",7353810
2012-01-01,33740,"Monroe, LA (Metropolitan Statistical Area)",7586500
2013-01-01,33740,"Monroe, LA (Metropolitan Statistical Area)",8264954
2014-01-01,33740,"Monroe, LA (Metropolitan Statistical Area)",8287674
2015-01-01,33740,"Monroe, LA (Metropolitan Statistical Area)",8442558
2016-01-01,33740,"Monroe, LA (Metropolitan Statistical Area)",8482087
2017-01-01,33740,"Monroe, LA (Metropolitan Statistical Area)",8330804
2018-01-01,33740,"Monroe, LA (Metropolitan Statistical Area)",8467890
2019-01-01,33740,"Monroe, LA (Metropolitan Statistical Area)",8167764
2020-01-01,33740,"Monroe, LA (Metropolitan Statistical Area)",7871215
2021-01-01,33740,"Monroe, LA (Metropolitan Statistical Area)",8000704
2022-01-01,33740,"Monroe, LA (Metropolitan Statistical Area)",8083356
2023-01-01,33740,"Monroe, LA (Metropolitan Statistical Area)",8313568
2001-01-01,33780,"Monroe, MI (Metropolitan Statistical Area)",5759306
2002-01-01,33780,"Monroe, MI (Metropolitan Statistical Area)",6027441
2003-01-01,33780,"Monroe, MI (Metropolitan Statistical Area)",6231575
2004-01-01,33780,"Monroe, MI (Metropolitan Statistical Area)",6149131
2005-01-01,33780,"Monroe, MI (Metropolitan Statistical Area)",6219035
2006-01-01,33780,"Monroe, MI (Metropolitan Statistical Area)",6349997
2007-01-01,33780,"Monroe, MI (Metropolitan Statistical Area)",6339875
2008-01-01,33780,"Monroe, MI (Metropolitan Statistical Area)",6070418
2009-01-01,33780,"Monroe, MI (Metropolitan Statistical Area)",5628572
2010-01-01,33780,"Monroe, MI (Metropolitan Statistical Area)",5955487
2011-01-01,33780,"Monroe, MI (Metropolitan Statistical Area)",5987087
2012-01-01,33780,"Monroe, MI (Metropolitan Statistical Area)",5791095
2013-01-01,33780,"Monroe, MI (Metropolitan Statistical Area)",6006997
2014-01-01,33780,"Monroe, MI (Metropolitan Statistical Area)",6028006
2015-01-01,33780,"Monroe, MI (Metropolitan Statistical Area)",6052526
2016-01-01,33780,"Monroe, MI (Metropolitan Statistical Area)",6021311
2017-01-01,33780,"Monroe, MI (Metropolitan Statistical Area)",5999722
2018-01-01,33780,"Monroe, MI (Metropolitan Statistical Area)",5880549
2019-01-01,33780,"Monroe, MI (Metropolitan Statistical Area)",5983585
2020-01-01,33780,"Monroe, MI (Metropolitan Statistical Area)",5588368
2021-01-01,33780,"Monroe, MI (Metropolitan Statistical Area)",5858551
2022-01-01,33780,"Monroe, MI (Metropolitan Statistical Area)",5975156
2023-01-01,33780,"Monroe, MI (Metropolitan Statistical Area)",6247886
2001-01-01,33860,"Montgomery, AL (Metropolitan Statistical Area)",14657661
2002-01-01,33860,"Montgomery, AL (Metropolitan Statistical Area)",14950873
2003-01-01,33860,"Montgomery, AL (Metropolitan Statistical Area)",15467689
2004-01-01,33860,"Montgomery, AL (Metropolitan Statistical Area)",16289606
2005-01-01,33860,"Montgomery, AL (Metropolitan Statistical Area)",16925364
2006-01-01,33860,"Montgomery, AL (Metropolitan Statistical Area)",17335553
2007-01-01,33860,"Montgomery, AL (Metropolitan Statistical Area)",17437310
2008-01-01,33860,"Montgomery, AL (Metropolitan Statistical Area)",17154949
2009-01-01,33860,"Montgomery, AL (Metropolitan Statistical Area)",16623890
2010-01-01,33860,"Montgomery, AL (Metropolitan Statistical Area)",17093817
2011-01-01,33860,"Montgomery, AL (Metropolitan Statistical Area)",17159162
2012-01-01,33860,"Montgomery, AL (Metropolitan Statistical Area)",17429363
2013-01-01,33860,"Montgomery, AL (Metropolitan Statistical Area)",17382981
2014-01-01,33860,"Montgomery, AL (Metropolitan Statistical Area)",17242966
2015-01-01,33860,"Montgomery, AL (Metropolitan Statistical Area)",17645112
2016-01-01,33860,"Montgomery, AL (Metropolitan Statistical Area)",18184902
2017-01-01,33860,"Montgomery, AL (Metropolitan Statistical Area)",18161538
2018-01-01,33860,"Montgomery, AL (Metropolitan Statistical Area)",18181259
2019-01-01,33860,"Montgomery, AL (Metropolitan Statistical Area)",18298911
2020-01-01,33860,"Montgomery, AL (Metropolitan Statistical Area)",17889427
2021-01-01,33860,"Montgomery, AL (Metropolitan Statistical Area)",18484045
2022-01-01,33860,"Montgomery, AL (Metropolitan Statistical Area)",18943824
2023-01-01,33860,"Montgomery, AL (Metropolitan Statistical Area)",19558914
2001-01-01,34060,"Morgantown, WV (Metropolitan Statistical Area)",4921793
2002-01-01,34060,"Morgantown, WV (Metropolitan Statistical Area)",5066851
2003-01-01,34060,"Morgantown, WV (Metropolitan Statistical Area)",5204907
2004-01-01,34060,"Morgantown, WV (Metropolitan Statistical Area)",5480839
2005-01-01,34060,"Morgantown, WV (Metropolitan Statistical Area)",5771349
2006-01-01,34060,"Morgantown, WV (Metropolitan Statistical Area)",5865472
2007-01-01,34060,"Morgantown, WV (Metropolitan Statistical Area)",5886556
2008-01-01,34060,"Morgantown, WV (Metropolitan Statistical Area)",6073007
2009-01-01,34060,"Morgantown, WV (Metropolitan Statistical Area)",6330964
2010-01-01,34060,"Morgantown, WV (Metropolitan Statistical Area)",6855551
2011-01-01,34060,"Morgantown, WV (Metropolitan Statistical Area)",6904990
2012-01-01,34060,"Morgantown, WV (Metropolitan Statistical Area)",6941822
2013-01-01,34060,"Morgantown, WV (Metropolitan Statistical Area)",7472657
2014-01-01,34060,"Morgantown, WV (Metropolitan Statistical Area)",7433167
2015-01-01,34060,"Morgantown, WV (Metropolitan Statistical Area)",7704227
2016-01-01,34060,"Morgantown, WV (Metropolitan Statistical Area)",7619302
2017-01-01,34060,"Morgantown, WV (Metropolitan Statistical Area)",7846985
2018-01-01,34060,"Morgantown, WV (Metropolitan Statistical Area)",7912910
2019-01-01,34060,"Morgantown, WV (Metropolitan Statistical Area)",7659990
2020-01-01,34060,"Morgantown, WV (Metropolitan Statistical Area)",7587326
2021-01-01,34060,"Morgantown, WV (Metropolitan Statistical Area)",7911174
2022-01-01,34060,"Morgantown, WV (Metropolitan Statistical Area)",7994806
2023-01-01,34060,"Morgantown, WV (Metropolitan Statistical Area)",8144157
2010-01-01,34100,"Morristown, TN (Metropolitan Statistical Area)",4391573
2009-01-01,34100,"Morristown, TN (Metropolitan Statistical Area)",4027369
2008-01-01,34100,"Morristown, TN (Metropolitan Statistical Area)",4389301
2007-01-01,34100,"Morristown, TN (Metropolitan Statistical Area)",4500559
2006-01-01,34100,"Morristown, TN (Metropolitan Statistical Area)",4443567
2005-01-01,34100,"Morristown, TN (Metropolitan Statistical Area)",4327075
2004-01-01,34100,"Morristown, TN (Metropolitan Statistical Area)",4280579
2003-01-01,34100,"Morristown, TN (Metropolitan Statistical Area)",4093702
2002-01-01,34100,"Morristown, TN (Metropolitan Statistical Area)",4059582
2001-01-01,34100,"Morristown, TN (Metropolitan Statistical Area)",4066919
2023-01-01,34100,"Morristown, TN (Metropolitan Statistical Area)",5886493
2022-01-01,34100,"Morristown, TN (Metropolitan Statistical Area)",5780857
2021-01-01,34100,"Morristown, TN (Metropolitan Statistical Area)",5658040
2020-01-01,34100,"Morristown, TN (Metropolitan Statistical Area)",5227282
2019-01-01,34100,"Morristown, TN (Metropolitan Statistical Area)",5195991
2018-01-01,34100,"Morristown, TN (Metropolitan Statistical Area)",5072997
2017-01-01,34100,"Morristown, TN (Metropolitan Statistical Area)",5112106
2016-01-01,34100,"Morristown, TN (Metropolitan Statistical Area)",4925235
2015-01-01,34100,"Morristown, TN (Metropolitan Statistical Area)",4866160
2014-01-01,34100,"Morristown, TN (Metropolitan Statistical Area)",4770326
2013-01-01,34100,"Morristown, TN (Metropolitan Statistical Area)",4656637
2012-01-01,34100,"Morristown, TN (Metropolitan Statistical Area)",4597641
2011-01-01,34100,"Morristown, TN (Metropolitan Statistical Area)",4531272
2001-01-01,34580,"Mount Vernon-Anacortes, WA (Metropolitan Statistical Area)",4960758
2002-01-01,34580,"Mount Vernon-Anacortes, WA (Metropolitan Statistical Area)",5897296
2003-01-01,34580,"Mount Vernon-Anacortes, WA (Metropolitan Statistical Area)",5646752
2004-01-01,34580,"Mount Vernon-Anacortes, WA (Metropolitan Statistical Area)",5318387
2005-01-01,34580,"Mount Vernon-Anacortes, WA (Metropolitan Statistical Area)",6463315
2006-01-01,34580,"Mount Vernon-Anacortes, WA (Metropolitan Statistical Area)",6001366
2007-01-01,34580,"Mount Vernon-Anacortes, WA (Metropolitan Statistical Area)",6170188
2008-01-01,34580,"Mount Vernon-Anacortes, WA (Metropolitan Statistical Area)",6366940
2009-01-01,34580,"Mount Vernon-Anacortes, WA (Metropolitan Statistical Area)",6579446
2010-01-01,34580,"Mount Vernon-Anacortes, WA (Metropolitan Statistical Area)",6726396
2011-01-01,34580,"Mount Vernon-Anacortes, WA (Metropolitan Statistical Area)",5574289
2012-01-01,34580,"Mount Vernon-Anacortes, WA (Metropolitan Statistical Area)",5472360
2013-01-01,34580,"Mount Vernon-Anacortes, WA (Metropolitan Statistical Area)",5763449
2014-01-01,34580,"Mount Vernon-Anacortes, WA (Metropolitan Statistical Area)",5863939
2015-01-01,34580,"Mount Vernon-Anacortes, WA (Metropolitan Statistical Area)",6780585
2016-01-01,34580,"Mount Vernon-Anacortes, WA (Metropolitan Statistical Area)",6727490
2017-01-01,34580,"Mount Vernon-Anacortes, WA (Metropolitan Statistical Area)",6537005
2018-01-01,34580,"Mount Vernon-Anacortes, WA (Metropolitan Statistical Area)",6635744
2019-01-01,34580,"Mount Vernon-Anacortes, WA (Metropolitan Statistical Area)",6686473
2020-01-01,34580,"Mount Vernon-Anacortes, WA (Metropolitan Statistical Area)",6614736
2021-01-01,34580,"Mount Vernon-Anacortes, WA (Metropolitan Statistical Area)",6543589
2022-01-01,34580,"Mount Vernon-Anacortes, WA (Metropolitan Statistical Area)",6572432
2023-01-01,34580,"Mount Vernon-Anacortes, WA (Metropolitan Statistical Area)",6670384
2001-01-01,34620,"Muncie, IN (Metropolitan Statistical Area)",4494980
2002-01-01,34620,"Muncie, IN (Metropolitan Statistical Area)",4494890
2003-01-01,34620,"Muncie, IN (Metropolitan Statistical Area)",4686822
2004-01-01,34620,"Muncie, IN (Metropolitan Statistical Area)",4609376
2005-01-01,34620,"Muncie, IN (Metropolitan Statistical Area)",4543988
2006-01-01,34620,"Muncie, IN (Metropolitan Statistical Area)",4540774
2007-01-01,34620,"Muncie, IN (Metropolitan Statistical Area)",4341778
2008-01-01,34620,"Muncie, IN (Metropolitan Statistical Area)",4309573
2009-01-01,34620,"Muncie, IN (Metropolitan Statistical Area)",4099699
2010-01-01,34620,"Muncie, IN (Metropolitan Statistical Area)",4368683
2011-01-01,34620,"Muncie, IN (Metropolitan Statistical Area)",4750182
2012-01-01,34620,"Muncie, IN (Metropolitan Statistical Area)",3902881
2013-01-01,34620,"Muncie, IN (Metropolitan Statistical Area)",4025550
2014-01-01,34620,"Muncie, IN (Metropolitan Statistical Area)",4012956
2015-01-01,34620,"Muncie, IN (Metropolitan Statistical Area)",3989257
2016-01-01,34620,"Muncie, IN (Metropolitan Statistical Area)",3948907
2017-01-01,34620,"Muncie, IN (Metropolitan Statistical Area)",4030138
2018-01-01,34620,"Muncie, IN (Metropolitan Statistical Area)",4096420
2019-01-01,34620,"Muncie, IN (Metropolitan Statistical Area)",4130329
2020-01-01,34620,"Muncie, IN (Metropolitan Statistical Area)",4030587
2021-01-01,34620,"Muncie, IN (Metropolitan Statistical Area)",4157343
2022-01-01,34620,"Muncie, IN (Metropolitan Statistical Area)",4311171
2023-01-01,34620,"Muncie, IN (Metropolitan Statistical Area)",4336147
2001-01-01,34740,"Muskegon, MI (Metropolitan Statistical Area)",5592489
2023-01-01,34740,"Muskegon, MI (Metropolitan Statistical Area)",6493351
2022-01-01,34740,"Muskegon, MI (Metropolitan Statistical Area)",6322248
2021-01-01,34740,"Muskegon, MI (Metropolitan Statistical Area)",6064885
2020-01-01,34740,"Muskegon, MI (Metropolitan Statistical Area)",5905749
2019-01-01,34740,"Muskegon, MI (Metropolitan Statistical Area)",6169878
2018-01-01,34740,"Muskegon, MI (Metropolitan Statistical Area)",6085095
2017-01-01,34740,"Muskegon, MI (Metropolitan Statistical Area)",5986522
2016-01-01,34740,"Muskegon, MI (Metropolitan Statistical Area)",6097005
2015-01-01,34740,"Muskegon, MI (Metropolitan Statistical Area)",6238538
2014-01-01,34740,"Muskegon, MI (Metropolitan Statistical Area)",6165158
2013-01-01,34740,"Muskegon, MI (Metropolitan Statistical Area)",6058983
2012-01-01,34740,"Muskegon, MI (Metropolitan Statistical Area)",5883870
2011-01-01,34740,"Muskegon, MI (Metropolitan Statistical Area)",5782913
2010-01-01,34740,"Muskegon, MI (Metropolitan Statistical Area)",5610978
2009-01-01,34740,"Muskegon, MI (Metropolitan Statistical Area)",5420075
2008-01-01,34740,"Muskegon, MI (Metropolitan Statistical Area)",5619754
2007-01-01,34740,"Muskegon, MI (Metropolitan Statistical Area)",5794219
2006-01-01,34740,"Muskegon, MI (Metropolitan Statistical Area)",5807527
2005-01-01,34740,"Muskegon, MI (Metropolitan Statistical Area)",5906271
2004-01-01,34740,"Muskegon, MI (Metropolitan Statistical Area)",5763454
2003-01-01,34740,"Muskegon, MI (Metropolitan Statistical Area)",5680996
2002-01-01,34740,"Muskegon, MI (Metropolitan Statistical Area)",5688194
2001-01-01,34820,"Myrtle Beach-Conway-North Myrtle Beach, SC-NC (Metropolitan Statistical Area)",11631615
2002-01-01,34820,"Myrtle Beach-Conway-North Myrtle Beach, SC-NC (Metropolitan Statistical Area)",11826173
2003-01-01,34820,"Myrtle Beach-Conway-North Myrtle Beach, SC-NC (Metropolitan Statistical Area)",12558953
2004-01-01,34820,"Myrtle Beach-Conway-North Myrtle Beach, SC-NC (Metropolitan Statistical Area)",13544424
2005-01-01,34820,"Myrtle Beach-Conway-North Myrtle Beach, SC-NC (Metropolitan Statistical Area)",14647503
2006-01-01,34820,"Myrtle Beach-Conway-North Myrtle Beach, SC-NC (Metropolitan Statistical Area)",15149113
2007-01-01,34820,"Myrtle Beach-Conway-North Myrtle Beach, SC-NC (Metropolitan Statistical Area)",15482998
2008-01-01,34820,"Myrtle Beach-Conway-North Myrtle Beach, SC-NC (Metropolitan Statistical Area)",14878166
2009-01-01,34820,"Myrtle Beach-Conway-North Myrtle Beach, SC-NC (Metropolitan Statistical Area)",14350779
2010-01-01,34820,"Myrtle Beach-Conway-North Myrtle Beach, SC-NC (Metropolitan Statistical Area)",14406766
2011-01-01,34820,"Myrtle Beach-Conway-North Myrtle Beach, SC-NC (Metropolitan Statistical Area)",14629512
2012-01-01,34820,"Myrtle Beach-Conway-North Myrtle Beach, SC-NC (Metropolitan Statistical Area)",14581964
2013-01-01,34820,"Myrtle Beach-Conway-North Myrtle Beach, SC-NC (Metropolitan Statistical Area)",15064370
2014-01-01,34820,"Myrtle Beach-Conway-North Myrtle Beach, SC-NC (Metropolitan Statistical Area)",15833750
2015-01-01,34820,"Myrtle Beach-Conway-North Myrtle Beach, SC-NC (Metropolitan Statistical Area)",16366081
2016-01-01,34820,"Myrtle Beach-Conway-North Myrtle Beach, SC-NC (Metropolitan Statistical Area)",17154849
2017-01-01,34820,"Myrtle Beach-Conway-North Myrtle Beach, SC-NC (Metropolitan Statistical Area)",17915888
2018-01-01,34820,"Myrtle Beach-Conway-North Myrtle Beach, SC-NC (Metropolitan Statistical Area)",18299683
2019-01-01,34820,"Myrtle Beach-Conway-North Myrtle Beach, SC-NC (Metropolitan Statistical Area)",18781083
2020-01-01,34820,"Myrtle Beach-Conway-North Myrtle Beach, SC-NC (Metropolitan Statistical Area)",18934822
2021-01-01,34820,"Myrtle Beach-Conway-North Myrtle Beach, SC-NC (Metropolitan Statistical Area)",20278907
2022-01-01,34820,"Myrtle Beach-Conway-North Myrtle Beach, SC-NC (Metropolitan Statistical Area)",21257619
2023-01-01,34820,"Myrtle Beach-Conway-North Myrtle Beach, SC-NC (Metropolitan Statistical Area)",22139200
2001-01-01,34900,"Napa, CA (Metropolitan Statistical Area)",7692253
2002-01-01,34900,"Napa, CA (Metropolitan Statistical Area)",8125294
2003-01-01,34900,"Napa, CA (Metropolitan Statistical Area)",8215031
2004-01-01,34900,"Napa, CA (Metropolitan Statistical Area)",8134485
2005-01-01,34900,"Napa, CA (Metropolitan Statistical Area)",8555837
2006-01-01,34900,"Napa, CA (Metropolitan Statistical Area)",8547432
2007-01-01,34900,"Napa, CA (Metropolitan Statistical Area)",8767280
2008-01-01,34900,"Napa, CA (Metropolitan Statistical Area)",8870551
2009-01-01,34900,"Napa, CA (Metropolitan Statistical Area)",8629252
2010-01-01,34900,"Napa, CA (Metropolitan Statistical Area)",8503238
2011-01-01,34900,"Napa, CA (Metropolitan Statistical Area)",8378966
2012-01-01,34900,"Napa, CA (Metropolitan Statistical Area)",8944462
2013-01-01,34900,"Napa, CA (Metropolitan Statistical Area)",9405317
2014-01-01,34900,"Napa, CA (Metropolitan Statistical Area)",10090491
2015-01-01,34900,"Napa, CA (Metropolitan Statistical Area)",10593191
2016-01-01,34900,"Napa, CA (Metropolitan Statistical Area)",10814400
2017-01-01,34900,"Napa, CA (Metropolitan Statistical Area)",10996519
2018-01-01,34900,"Napa, CA (Metropolitan Statistical Area)",11046992
2019-01-01,34900,"Napa, CA (Metropolitan Statistical Area)",11004396
2020-01-01,34900,"Napa, CA (Metropolitan Statistical Area)",10431615
2021-01-01,34900,"Napa, CA (Metropolitan Statistical Area)",11466302
2022-01-01,34900,"Napa, CA (Metropolitan Statistical Area)",11077239
2023-01-01,34900,"Napa, CA (Metropolitan Statistical Area)",11412110
2001-01-01,34940,"Naples-Marco Island, FL (Metropolitan Statistical Area)",13482225
2002-01-01,34940,"Naples-Marco Island, FL (Metropolitan Statistical Area)",14304083
2003-01-01,34940,"Naples-Marco Island, FL (Metropolitan Statistical Area)",15115052
2004-01-01,34940,"Naples-Marco Island, FL (Metropolitan Statistical Area)",15883648
2005-01-01,34940,"Naples-Marco Island, FL (Metropolitan Statistical Area)",17337771
2006-01-01,34940,"Naples-Marco Island, FL (Metropolitan Statistical Area)",17546833
2007-01-01,34940,"Naples-Marco Island, FL (Metropolitan Statistical Area)",17432825
2008-01-01,34940,"Naples-Marco Island, FL (Metropolitan Statistical Area)",16331824
2009-01-01,34940,"Naples-Marco Island, FL (Metropolitan Statistical Area)",14881771
2010-01-01,34940,"Naples-Marco Island, FL (Metropolitan Statistical Area)",15103481
2011-01-01,34940,"Naples-Marco Island, FL (Metropolitan Statistical Area)",14846701
2012-01-01,34940,"Naples-Marco Island, FL (Metropolitan Statistical Area)",15057790
2013-01-01,34940,"Naples-Marco Island, FL (Metropolitan Statistical Area)",15625311
2014-01-01,34940,"Naples-Marco Island, FL (Metropolitan Statistical Area)",16451682
2015-01-01,34940,"Naples-Marco Island, FL (Metropolitan Statistical Area)",17498080
2016-01-01,34940,"Naples-Marco Island, FL (Metropolitan Statistical Area)",18596601
2017-01-01,34940,"Naples-Marco Island, FL (Metropolitan Statistical Area)",18972217
2018-01-01,34940,"Naples-Marco Island, FL (Metropolitan Statistical Area)",19603770
2019-01-01,34940,"Naples-Marco Island, FL (Metropolitan Statistical Area)",20507135
2020-01-01,34940,"Naples-Marco Island, FL (Metropolitan Statistical Area)",20314457
2021-01-01,34940,"Naples-Marco Island, FL (Metropolitan Statistical Area)",22949472
2022-01-01,34940,"Naples-Marco Island, FL (Metropolitan Statistical Area)",24158343
2023-01-01,34940,"Naples-Marco Island, FL (Metropolitan Statistical Area)",25133932
2011-01-01,34980,"Nashville-Davidson--Murfreesboro--Franklin, TN (Metropolitan Statistical Area)",98695734
2010-01-01,34980,"Nashville-Davidson--Murfreesboro--Franklin, TN (Metropolitan Statistical Area)",95320314
2009-01-01,34980,"Nashville-Davidson--Murfreesboro--Franklin, TN (Metropolitan Statistical Area)",93266579
2008-01-01,34980,"Nashville-Davidson--Murfreesboro--Franklin, TN (Metropolitan Statistical Area)",96039925
2007-01-01,34980,"Nashville-Davidson--Murfreesboro--Franklin, TN (Metropolitan Statistical Area)",92244912
2006-01-01,34980,"Nashville-Davidson--Murfreesboro--Franklin, TN (Metropolitan Statistical Area)",91325609
2005-01-01,34980,"Nashville-Davidson--Murfreesboro--Franklin, TN (Metropolitan Statistical Area)",87875031
2004-01-01,34980,"Nashville-Davidson--Murfreesboro--Franklin, TN (Metropolitan Statistical Area)",84544026
2003-01-01,34980,"Nashville-Davidson--Murfreesboro--Franklin, TN (Metropolitan Statistical Area)",79208513
2002-01-01,34980,"Nashville-Davidson--Murfreesboro--Franklin, TN (Metropolitan Statistical Area)",75095347
2001-01-01,34980,"Nashville-Davidson--Murfreesboro--Franklin, TN (Metropolitan Statistical Area)",72128424
2023-01-01,34980,"Nashville-Davidson--Murfreesboro--Franklin, TN (Metropolitan Statistical Area)",168192268
2022-01-01,34980,"Nashville-Davidson--Murfreesboro--Franklin, TN (Metropolitan Statistical Area)",163157526
2021-01-01,34980,"Nashville-Davidson--Murfreesboro--Franklin, TN (Metropolitan Statistical Area)",153968335
2020-01-01,34980,"Nashville-Davidson--Murfreesboro--Franklin, TN (Metropolitan Statistical Area)",138370485
2019-01-01,34980,"Nashville-Davidson--Murfreesboro--Franklin, TN (Metropolitan Statistical Area)",139347593
2018-01-01,34980,"Nashville-Davidson--Murfreesboro--Franklin, TN (Metropolitan Statistical Area)",134555744
2017-01-01,34980,"Nashville-Davidson--Murfreesboro--Franklin, TN (Metropolitan Statistical Area)",130549166
2016-01-01,34980,"Nashville-Davidson--Murfreesboro--Franklin, TN (Metropolitan Statistical Area)",124750566
2015-01-01,34980,"Nashville-Davidson--Murfreesboro--Franklin, TN (Metropolitan Statistical Area)",120250930
2014-01-01,34980,"Nashville-Davidson--Murfreesboro--Franklin, TN (Metropolitan Statistical Area)",112717213
2013-01-01,34980,"Nashville-Davidson--Murfreesboro--Franklin, TN (Metropolitan Statistical Area)",107748371
2012-01-01,34980,"Nashville-Davidson--Murfreesboro--Franklin, TN (Metropolitan Statistical Area)",104349916
2010-01-01,35100,"New Bern, NC (Metropolitan Statistical Area)",5476762
2011-01-01,35100,"New Bern, NC (Metropolitan Statistical Area)",5384192
2012-01-01,35100,"New Bern, NC (Metropolitan Statistical Area)",5390934
2013-01-01,35100,"New Bern, NC (Metropolitan Statistical Area)",5601512
2014-01-01,35100,"New Bern, NC (Metropolitan Statistical Area)",5781363
2015-01-01,35100,"New Bern, NC (Metropolitan Statistical Area)",5784401
2016-01-01,35100,"New Bern, NC (Metropolitan Statistical Area)",5320182
2017-01-01,35100,"New Bern, NC (Metropolitan Statistical Area)",5397061
2018-01-01,35100,"New Bern, NC (Metropolitan Statistical Area)",5282920
2019-01-01,35100,"New Bern, NC (Metropolitan Statistical Area)",5463261
2020-01-01,35100,"New Bern, NC (Metropolitan Statistical Area)",5327833
2021-01-01,35100,"New Bern, NC (Metropolitan Statistical Area)",5610990
2022-01-01,35100,"New Bern, NC (Metropolitan Statistical Area)",5579033
2023-01-01,35100,"New Bern, NC (Metropolitan Statistical Area)",5698512
2001-01-01,35100,"New Bern, NC (Metropolitan Statistical Area)",4662124
2002-01-01,35100,"New Bern, NC (Metropolitan Statistical Area)",4569500
2003-01-01,35100,"New Bern, NC (Metropolitan Statistical Area)",4786858
2004-01-01,35100,"New Bern, NC (Metropolitan Statistical Area)",5027056
2005-01-01,35100,"New Bern, NC (Metropolitan Statistical Area)",5397133
2006-01-01,35100,"New Bern, NC (Metropolitan Statistical Area)",5470424
2007-01-01,35100,"New Bern, NC (Metropolitan Statistical Area)",5617254
2008-01-01,35100,"New Bern, NC (Metropolitan Statistical Area)",5470030
2009-01-01,35100,"New Bern, NC (Metropolitan Statistical Area)",5311677
2010-01-01,35300,"New Haven-Milford, CT (Metropolitan Statistical Area)",47924493
2011-01-01,35300,"New Haven-Milford, CT (Metropolitan Statistical Area)",47638679
2012-01-01,35300,"New Haven-Milford, CT (Metropolitan Statistical Area)",47608248
2013-01-01,35300,"New Haven-Milford, CT (Metropolitan Statistical Area)",48061196
2014-01-01,35300,"New Haven-Milford, CT (Metropolitan Statistical Area)",47942345
2015-01-01,35300,"New Haven-Milford, CT (Metropolitan Statistical Area)",48669195
2016-01-01,35300,"New Haven-Milford, CT (Metropolitan Statistical Area)",49501665
2017-01-01,35300,"New Haven-Milford, CT (Metropolitan Statistical Area)",49698505
2018-01-01,35300,"New Haven-Milford, CT (Metropolitan Statistical Area)",50711147
2019-01-01,35300,"New Haven-Milford, CT (Metropolitan Statistical Area)",51537971
2020-01-01,35300,"New Haven-Milford, CT (Metropolitan Statistical Area)",50178248
2021-01-01,35300,"New Haven-Milford, CT (Metropolitan Statistical Area)",51893346
2022-01-01,35300,"New Haven-Milford, CT (Metropolitan Statistical Area)",52347719
2023-01-01,35300,"New Haven-Milford, CT (Metropolitan Statistical Area)",53369766
2001-01-01,35300,"New Haven-Milford, CT (Metropolitan Statistical Area)",44067555
2002-01-01,35300,"New Haven-Milford, CT (Metropolitan Statistical Area)",44985567
2003-01-01,35300,"New Haven-Milford, CT (Metropolitan Statistical Area)",45340301
2004-01-01,35300,"New Haven-Milford, CT (Metropolitan Statistical Area)",48260547
2005-01-01,35300,"New Haven-Milford, CT (Metropolitan Statistical Area)",48700106
2006-01-01,35300,"New Haven-Milford, CT (Metropolitan Statistical Area)",49935278
2007-01-01,35300,"New Haven-Milford, CT (Metropolitan Statistical Area)",50446434
2008-01-01,35300,"New Haven-Milford, CT (Metropolitan Statistical Area)",50276431
2009-01-01,35300,"New Haven-Milford, CT (Metropolitan Statistical Area)",47230366
2022-01-01,35380,"New Orleans-Metairie, LA (Metropolitan Statistical Area)",75742641
2023-01-01,35380,"New Orleans-Metairie, LA (Metropolitan Statistical Area)",79551971
2001-01-01,35380,"New Orleans-Metairie, LA (Metropolitan Statistical Area)",74342679
2002-01-01,35380,"New Orleans-Metairie, LA (Metropolitan Statistical Area)",76170152
2003-01-01,35380,"New Orleans-Metairie, LA (Metropolitan Statistical Area)",79786819
2004-01-01,35380,"New Orleans-Metairie, LA (Metropolitan Statistical Area)",82226430
2005-01-01,35380,"New Orleans-Metairie, LA (Metropolitan Statistical Area)",85248796
2006-01-01,35380,"New Orleans-Metairie, LA (Metropolitan Statistical Area)",80304412
2007-01-01,35380,"New Orleans-Metairie, LA (Metropolitan Statistical Area)",79803754
2008-01-01,35380,"New Orleans-Metairie, LA (Metropolitan Statistical Area)",85818322
2009-01-01,35380,"New Orleans-Metairie, LA (Metropolitan Statistical Area)",87057920
2010-01-01,35380,"New Orleans-Metairie, LA (Metropolitan Statistical Area)",95203539
2011-01-01,35380,"New Orleans-Metairie, LA (Metropolitan Statistical Area)",73215013
2012-01-01,35380,"New Orleans-Metairie, LA (Metropolitan Statistical Area)",74833471
2013-01-01,35380,"New Orleans-Metairie, LA (Metropolitan Statistical Area)",72342844
2014-01-01,35380,"New Orleans-Metairie, LA (Metropolitan Statistical Area)",73178103
2015-01-01,35380,"New Orleans-Metairie, LA (Metropolitan Statistical Area)",73394037
2016-01-01,35380,"New Orleans-Metairie, LA (Metropolitan Statistical Area)",73950608
2017-01-01,35380,"New Orleans-Metairie, LA (Metropolitan Statistical Area)",78225064
2018-01-01,35380,"New Orleans-Metairie, LA (Metropolitan Statistical Area)",78131482
2019-01-01,35380,"New Orleans-Metairie, LA (Metropolitan Statistical Area)",79758003
2020-01-01,35380,"New Orleans-Metairie, LA (Metropolitan Statistical Area)",73387803
2021-01-01,35380,"New Orleans-Metairie, LA (Metropolitan Statistical Area)",76752964
2001-01-01,35620,"New York-Newark-Jersey City, NY-NJ-PA (Metropolitan Statistical Area)",1329496181
2002-01-01,35620,"New York-Newark-Jersey City, NY-NJ-PA (Metropolitan Statistical Area)",1318993384
2003-01-01,35620,"New York-Newark-Jersey City, NY-NJ-PA (Metropolitan Statistical Area)",1325356544
2004-01-01,35620,"New York-Newark-Jersey City, NY-NJ-PA (Metropolitan Statistical Area)",1354477967
2005-01-01,35620,"New York-Newark-Jersey City, NY-NJ-PA (Metropolitan Statistical Area)",1392492407
2006-01-01,35620,"New York-Newark-Jersey City, NY-NJ-PA (Metropolitan Statistical Area)",1434557706
2007-01-01,35620,"New York-Newark-Jersey City, NY-NJ-PA (Metropolitan Statistical Area)",1450432975
2008-01-01,35620,"New York-Newark-Jersey City, NY-NJ-PA (Metropolitan Statistical Area)",1425548233
2009-01-01,35620,"New York-Newark-Jersey City, NY-NJ-PA (Metropolitan Statistical Area)",1456569011
2010-01-01,35620,"New York-Newark-Jersey City, NY-NJ-PA (Metropolitan Statistical Area)",1505251784
2011-01-01,35620,"New York-Newark-Jersey City, NY-NJ-PA (Metropolitan Statistical Area)",1511139478
2012-01-01,35620,"New York-Newark-Jersey City, NY-NJ-PA (Metropolitan Statistical Area)",1574050499
2013-01-01,35620,"New York-Newark-Jersey City, NY-NJ-PA (Metropolitan Statistical Area)",1587462103
2014-01-01,35620,"New York-Newark-Jersey City, NY-NJ-PA (Metropolitan Statistical Area)",1617142651
2015-01-01,35620,"New York-Newark-Jersey City, NY-NJ-PA (Metropolitan Statistical Area)",1651986502
2016-01-01,35620,"New York-Newark-Jersey City, NY-NJ-PA (Metropolitan Statistical Area)",1680298739
2017-01-01,35620,"New York-Newark-Jersey City, NY-NJ-PA (Metropolitan Statistical Area)",1714074302
2018-01-01,35620,"New York-Newark-Jersey City, NY-NJ-PA (Metropolitan Statistical Area)",1766287427
2019-01-01,35620,"New York-Newark-Jersey City, NY-NJ-PA (Metropolitan Statistical Area)",1801108140
2020-01-01,35620,"New York-Newark-Jersey City, NY-NJ-PA (Metropolitan Statistical Area)",1744691761
2021-01-01,35620,"New York-Newark-Jersey City, NY-NJ-PA (Metropolitan Statistical Area)",1834472543
2022-01-01,35620,"New York-Newark-Jersey City, NY-NJ-PA (Metropolitan Statistical Area)",1875061603
2023-01-01,35620,"New York-Newark-Jersey City, NY-NJ-PA (Metropolitan Statistical Area)",1905237359
2001-01-01,35660,"Niles, MI (Metropolitan Statistical Area)",6720662
2002-01-01,35660,"Niles, MI (Metropolitan Statistical Area)",6844531
2003-01-01,35660,"Niles, MI (Metropolitan Statistical Area)",6978225
2004-01-01,35660,"Niles, MI (Metropolitan Statistical Area)",7365258
2005-01-01,35660,"Niles, MI (Metropolitan Statistical Area)",7174302
2006-01-01,35660,"Niles, MI (Metropolitan Statistical Area)",7324606
2007-01-01,35660,"Niles, MI (Metropolitan Statistical Area)",7621210
2008-01-01,35660,"Niles, MI (Metropolitan Statistical Area)",7057759
2009-01-01,35660,"Niles, MI (Metropolitan Statistical Area)",6209794
2010-01-01,35660,"Niles, MI (Metropolitan Statistical Area)",6881340
2011-01-01,35660,"Niles, MI (Metropolitan Statistical Area)",7022430
2012-01-01,35660,"Niles, MI (Metropolitan Statistical Area)",6929009
2013-01-01,35660,"Niles, MI (Metropolitan Statistical Area)",7096408
2014-01-01,35660,"Niles, MI (Metropolitan Statistical Area)",7131576
2015-01-01,35660,"Niles, MI (Metropolitan Statistical Area)",7255438
2016-01-01,35660,"Niles, MI (Metropolitan Statistical Area)",7571477
2017-01-01,35660,"Niles, MI (Metropolitan Statistical Area)",7684118
2018-01-01,35660,"Niles, MI (Metropolitan Statistical Area)",7498236
2019-01-01,35660,"Niles, MI (Metropolitan Statistical Area)",7356463
2020-01-01,35660,"Niles, MI (Metropolitan Statistical Area)",7491792
2021-01-01,35660,"Niles, MI (Metropolitan Statistical Area)",7522506
2022-01-01,35660,"Niles, MI (Metropolitan Statistical Area)",7423846
2023-01-01,35660,"Niles, MI (Metropolitan Statistical Area)",7361870
2010-01-01,35840,"North Port-Sarasota-Bradenton, FL (Metropolitan Statistical Area)",27601073
2011-01-01,35840,"North Port-Sarasota-Bradenton, FL (Metropolitan Statistical Area)",27785593
2012-01-01,35840,"North Port-Sarasota-Bradenton, FL (Metropolitan Statistical Area)",27490477
2013-01-01,35840,"North Port-Sarasota-Bradenton, FL (Metropolitan Statistical Area)",28586692
2014-01-01,35840,"North Port-Sarasota-Bradenton, FL (Metropolitan Statistical Area)",30097722
2015-01-01,35840,"North Port-Sarasota-Bradenton, FL (Metropolitan Statistical Area)",32114753
2016-01-01,35840,"North Port-Sarasota-Bradenton, FL (Metropolitan Statistical Area)",33189208
2017-01-01,35840,"North Port-Sarasota-Bradenton, FL (Metropolitan Statistical Area)",34411905
2018-01-01,35840,"North Port-Sarasota-Bradenton, FL (Metropolitan Statistical Area)",36196323
2019-01-01,35840,"North Port-Sarasota-Bradenton, FL (Metropolitan Statistical Area)",37984288
2020-01-01,35840,"North Port-Sarasota-Bradenton, FL (Metropolitan Statistical Area)",37952259
2021-01-01,35840,"North Port-Sarasota-Bradenton, FL (Metropolitan Statistical Area)",40613168
2022-01-01,35840,"North Port-Sarasota-Bradenton, FL (Metropolitan Statistical Area)",43479043
2023-01-01,35840,"North Port-Sarasota-Bradenton, FL (Metropolitan Statistical Area)",45413237
2001-01-01,35840,"North Port-Sarasota-Bradenton, FL (Metropolitan Statistical Area)",23805547
2002-01-01,35840,"North Port-Sarasota-Bradenton, FL (Metropolitan Statistical Area)",25874132
2003-01-01,35840,"North Port-Sarasota-Bradenton, FL (Metropolitan Statistical Area)",27287760
2004-01-01,35840,"North Port-Sarasota-Bradenton, FL (Metropolitan Statistical Area)",30093816
2005-01-01,35840,"North Port-Sarasota-Bradenton, FL (Metropolitan Statistical Area)",32827894
2006-01-01,35840,"North Port-Sarasota-Bradenton, FL (Metropolitan Statistical Area)",33708348
2007-01-01,35840,"North Port-Sarasota-Bradenton, FL (Metropolitan Statistical Area)",32826144
2008-01-01,35840,"North Port-Sarasota-Bradenton, FL (Metropolitan Statistical Area)",30243904
2009-01-01,35840,"North Port-Sarasota-Bradenton, FL (Metropolitan Statistical Area)",28642341
2001-01-01,35980,"Norwich-New London, CT (Metropolitan Statistical Area)",15552094
2002-01-01,35980,"Norwich-New London, CT (Metropolitan Statistical Area)",16322816
2003-01-01,35980,"Norwich-New London, CT (Metropolitan Statistical Area)",17125052
2004-01-01,35980,"Norwich-New London, CT (Metropolitan Statistical Area)",19093687
2005-01-01,35980,"Norwich-New London, CT (Metropolitan Statistical Area)",19690197
2006-01-01,35980,"Norwich-New London, CT (Metropolitan Statistical Area)",20718699
2007-01-01,35980,"Norwich-New London, CT (Metropolitan Statistical Area)",22194265
2008-01-01,35980,"Norwich-New London, CT (Metropolitan Statistical Area)",20724856
2009-01-01,35980,"Norwich-New London, CT (Metropolitan Statistical Area)",18106019
2010-01-01,35980,"Norwich-New London, CT (Metropolitan Statistical Area)",18011476
2011-01-01,35980,"Norwich-New London, CT (Metropolitan Statistical Area)",17867742
2012-01-01,35980,"Norwich-New London, CT (Metropolitan Statistical Area)",17733285
2013-01-01,35980,"Norwich-New London, CT (Metropolitan Statistical Area)",18260336
2014-01-01,35980,"Norwich-New London, CT (Metropolitan Statistical Area)",17235322
2015-01-01,35980,"Norwich-New London, CT (Metropolitan Statistical Area)",17807691
2016-01-01,35980,"Norwich-New London, CT (Metropolitan Statistical Area)",17916670
2017-01-01,35980,"Norwich-New London, CT (Metropolitan Statistical Area)",18942592
2018-01-01,35980,"Norwich-New London, CT (Metropolitan Statistical Area)",19248308
2019-01-01,35980,"Norwich-New London, CT (Metropolitan Statistical Area)",19465696
2020-01-01,35980,"Norwich-New London, CT (Metropolitan Statistical Area)",18105110
2021-01-01,35980,"Norwich-New London, CT (Metropolitan Statistical Area)",18417944
2022-01-01,35980,"Norwich-New London, CT (Metropolitan Statistical Area)",19021458
2023-01-01,35980,"Norwich-New London, CT (Metropolitan Statistical Area)",19691503
2004-01-01,36100,"Ocala, FL (Metropolitan Statistical Area)",8518599
2005-01-01,36100,"Ocala, FL (Metropolitan Statistical Area)",9191556
2006-01-01,36100,"Ocala, FL (Metropolitan Statistical Area)",9887822
2007-01-01,36100,"Ocala, FL (Metropolitan Statistical Area)",10167466
2008-01-01,36100,"Ocala, FL (Metropolitan Statistical Area)",10097052
2009-01-01,36100,"Ocala, FL (Metropolitan Statistical Area)",9174580
2010-01-01,36100,"Ocala, FL (Metropolitan Statistical Area)",9049901
2011-01-01,36100,"Ocala, FL (Metropolitan Statistical Area)",8968583
2012-01-01,36100,"Ocala, FL (Metropolitan Statistical Area)",8706217
2013-01-01,36100,"Ocala, FL (Metropolitan Statistical Area)",8857676
2014-01-01,36100,"Ocala, FL (Metropolitan Statistical Area)",8877559
2015-01-01,36100,"Ocala, FL (Metropolitan Statistical Area)",9080073
2016-01-01,36100,"Ocala, FL (Metropolitan Statistical Area)",9725514
2017-01-01,36100,"Ocala, FL (Metropolitan Statistical Area)",9763722
2018-01-01,36100,"Ocala, FL (Metropolitan Statistical Area)",10173070
2019-01-01,36100,"Ocala, FL (Metropolitan Statistical Area)",10349644
2020-01-01,36100,"Ocala, FL (Metropolitan Statistical Area)",10719426
2021-01-01,36100,"Ocala, FL (Metropolitan Statistical Area)",11573193
2022-01-01,36100,"Ocala, FL (Metropolitan Statistical Area)",11975281
2023-01-01,36100,"Ocala, FL (Metropolitan Statistical Area)",12616744
2001-01-01,36100,"Ocala, FL (Metropolitan Statistical Area)",7085063
2002-01-01,36100,"Ocala, FL (Metropolitan Statistical Area)",7454844
2003-01-01,36100,"Ocala, FL (Metropolitan Statistical Area)",7982158
2009-01-01,36140,"Ocean City, NJ (Metropolitan Statistical Area)",4911785
2008-01-01,36140,"Ocean City, NJ (Metropolitan Statistical Area)",5434067
2007-01-01,36140,"Ocean City, NJ (Metropolitan Statistical Area)",5459035
2006-01-01,36140,"Ocean City, NJ (Metropolitan Statistical Area)",5486187
2005-01-01,36140,"Ocean City, NJ (Metropolitan Statistical Area)",5579736
2004-01-01,36140,"Ocean City, NJ (Metropolitan Statistical Area)",5400911
2003-01-01,36140,"Ocean City, NJ (Metropolitan Statistical Area)",5225475
2002-01-01,36140,"Ocean City, NJ (Metropolitan Statistical Area)",5047851
2001-01-01,36140,"Ocean City, NJ (Metropolitan Statistical Area)",4869005
2023-01-01,36140,"Ocean City, NJ (Metropolitan Statistical Area)",6149852
2022-01-01,36140,"Ocean City, NJ (Metropolitan Statistical Area)",5889968
2021-01-01,36140,"Ocean City, NJ (Metropolitan Statistical Area)",5629995
2020-01-01,36140,"Ocean City, NJ (Metropolitan Statistical Area)",5250931
2019-01-01,36140,"Ocean City, NJ (Metropolitan Statistical Area)",5361217
2018-01-01,36140,"Ocean City, NJ (Metropolitan Statistical Area)",5417247
2017-01-01,36140,"Ocean City, NJ (Metropolitan Statistical Area)",5398534
2016-01-01,36140,"Ocean City, NJ (Metropolitan Statistical Area)",5246931
2015-01-01,36140,"Ocean City, NJ (Metropolitan Statistical Area)",5262177
2014-01-01,36140,"Ocean City, NJ (Metropolitan Statistical Area)",5404814
2013-01-01,36140,"Ocean City, NJ (Metropolitan Statistical Area)",5205189
2012-01-01,36140,"Ocean City, NJ (Metropolitan Statistical Area)",5079720
2011-01-01,36140,"Ocean City, NJ (Metropolitan Statistical Area)",5246638
2010-01-01,36140,"Ocean City, NJ (Metropolitan Statistical Area)",5362319
2001-01-01,36220,"Odessa, TX (Metropolitan Statistical Area)",5261980
2002-01-01,36220,"Odessa, TX (Metropolitan Statistical Area)",5674143
2003-01-01,36220,"Odessa, TX (Metropolitan Statistical Area)",5411959
2004-01-01,36220,"Odessa, TX (Metropolitan Statistical Area)",5621849
2005-01-01,36220,"Odessa, TX (Metropolitan Statistical Area)",5769116
2006-01-01,36220,"Odessa, TX (Metropolitan Statistical Area)",6679741
2007-01-01,36220,"Odessa, TX (Metropolitan Statistical Area)",7372008
2008-01-01,36220,"Odessa, TX (Metropolitan Statistical Area)",7985185
2009-01-01,36220,"Odessa, TX (Metropolitan Statistical Area)",8194656
2010-01-01,36220,"Odessa, TX (Metropolitan Statistical Area)",8652430
2011-01-01,36220,"Odessa, TX (Metropolitan Statistical Area)",10164506
2012-01-01,36220,"Odessa, TX (Metropolitan Statistical Area)",12055281
2013-01-01,36220,"Odessa, TX (Metropolitan Statistical Area)",12536881
2014-01-01,36220,"Odessa, TX (Metropolitan Statistical Area)",12685557
2015-01-01,36220,"Odessa, TX (Metropolitan Statistical Area)",11318562
2016-01-01,36220,"Odessa, TX (Metropolitan Statistical Area)",9693922
2017-01-01,36220,"Odessa, TX (Metropolitan Statistical Area)",10478298
2018-01-01,36220,"Odessa, TX (Metropolitan Statistical Area)",12490648
2019-01-01,36220,"Odessa, TX (Metropolitan Statistical Area)",12974711
2020-01-01,36220,"Odessa, TX (Metropolitan Statistical Area)",10939236
2021-01-01,36220,"Odessa, TX (Metropolitan Statistical Area)",10833941
2022-01-01,36220,"Odessa, TX (Metropolitan Statistical Area)",11688075
2023-01-01,36220,"Odessa, TX (Metropolitan Statistical Area)",13041630
2001-01-01,36260,"Ogden-Clearfield, UT (Metropolitan Statistical Area)",17605530
2002-01-01,36260,"Ogden-Clearfield, UT (Metropolitan Statistical Area)",18202192
2003-01-01,36260,"Ogden-Clearfield, UT (Metropolitan Statistical Area)",18769652
2004-01-01,36260,"Ogden-Clearfield, UT (Metropolitan Statistical Area)",19305704
2005-01-01,36260,"Ogden-Clearfield, UT (Metropolitan Statistical Area)",20445203
2006-01-01,36260,"Ogden-Clearfield, UT (Metropolitan Statistical Area)",21865782
2007-01-01,36260,"Ogden-Clearfield, UT (Metropolitan Statistical Area)",22579582
2008-01-01,36260,"Ogden-Clearfield, UT (Metropolitan Statistical Area)",22423575
2009-01-01,36260,"Ogden-Clearfield, UT (Metropolitan Statistical Area)",22368848
2010-01-01,36260,"Ogden-Clearfield, UT (Metropolitan Statistical Area)",22699431
2011-01-01,36260,"Ogden-Clearfield, UT (Metropolitan Statistical Area)",22897013
2012-01-01,36260,"Ogden-Clearfield, UT (Metropolitan Statistical Area)",22867736
2013-01-01,36260,"Ogden-Clearfield, UT (Metropolitan Statistical Area)",23856129
2014-01-01,36260,"Ogden-Clearfield, UT (Metropolitan Statistical Area)",24449925
2015-01-01,36260,"Ogden-Clearfield, UT (Metropolitan Statistical Area)",24936588
2016-01-01,36260,"Ogden-Clearfield, UT (Metropolitan Statistical Area)",25812833
2017-01-01,36260,"Ogden-Clearfield, UT (Metropolitan Statistical Area)",27303694
2018-01-01,36260,"Ogden-Clearfield, UT (Metropolitan Statistical Area)",28783152
2019-01-01,36260,"Ogden-Clearfield, UT (Metropolitan Statistical Area)",30042935
2020-01-01,36260,"Ogden-Clearfield, UT (Metropolitan Statistical Area)",30801072
2021-01-01,36260,"Ogden-Clearfield, UT (Metropolitan Statistical Area)",32458648
2022-01-01,36260,"Ogden-Clearfield, UT (Metropolitan Statistical Area)",33337881
2023-01-01,36260,"Ogden-Clearfield, UT (Metropolitan Statistical Area)",34700215
2001-01-01,36420,"Oklahoma City, OK (Metropolitan Statistical Area)",46543563
2002-01-01,36420,"Oklahoma City, OK (Metropolitan Statistical Area)",47364756
2003-01-01,36420,"Oklahoma City, OK (Metropolitan Statistical Area)",48536578
2004-01-01,36420,"Oklahoma City, OK (Metropolitan Statistical Area)",50501942
2005-01-01,36420,"Oklahoma City, OK (Metropolitan Statistical Area)",52126229
2006-01-01,36420,"Oklahoma City, OK (Metropolitan Statistical Area)",55067063
2007-01-01,36420,"Oklahoma City, OK (Metropolitan Statistical Area)",55594656
2008-01-01,36420,"Oklahoma City, OK (Metropolitan Statistical Area)",57105934
2009-01-01,36420,"Oklahoma City, OK (Metropolitan Statistical Area)",56513812
2010-01-01,36420,"Oklahoma City, OK (Metropolitan Statistical Area)",58044622
2011-01-01,36420,"Oklahoma City, OK (Metropolitan Statistical Area)",60500983
2012-01-01,36420,"Oklahoma City, OK (Metropolitan Statistical Area)",63138605
2013-01-01,36420,"Oklahoma City, OK (Metropolitan Statistical Area)",64951494
2014-01-01,36420,"Oklahoma City, OK (Metropolitan Statistical Area)",69106356
2015-01-01,36420,"Oklahoma City, OK (Metropolitan Statistical Area)",72005174
2016-01-01,36420,"Oklahoma City, OK (Metropolitan Statistical Area)",72189772
2017-01-01,36420,"Oklahoma City, OK (Metropolitan Statistical Area)",74418907
2018-01-01,36420,"Oklahoma City, OK (Metropolitan Statistical Area)",77046911
2019-01-01,36420,"Oklahoma City, OK (Metropolitan Statistical Area)",78360861
2020-01-01,36420,"Oklahoma City, OK (Metropolitan Statistical Area)",76135148
2021-01-01,36420,"Oklahoma City, OK (Metropolitan Statistical Area)",76698711
2022-01-01,36420,"Oklahoma City, OK (Metropolitan Statistical Area)",76312222
2023-01-01,36420,"Oklahoma City, OK (Metropolitan Statistical Area)",81586133
2001-01-01,36500,"Olympia-Lacey-Tumwater, WA (Metropolitan Statistical Area)",9340252
2002-01-01,36500,"Olympia-Lacey-Tumwater, WA (Metropolitan Statistical Area)",9445732
2003-01-01,36500,"Olympia-Lacey-Tumwater, WA (Metropolitan Statistical Area)",9606629
2004-01-01,36500,"Olympia-Lacey-Tumwater, WA (Metropolitan Statistical Area)",9784968
2005-01-01,36500,"Olympia-Lacey-Tumwater, WA (Metropolitan Statistical Area)",10220912
2006-01-01,36500,"Olympia-Lacey-Tumwater, WA (Metropolitan Statistical Area)",10502357
2007-01-01,36500,"Olympia-Lacey-Tumwater, WA (Metropolitan Statistical Area)",11089608
2008-01-01,36500,"Olympia-Lacey-Tumwater, WA (Metropolitan Statistical Area)",11602865
2009-01-01,36500,"Olympia-Lacey-Tumwater, WA (Metropolitan Statistical Area)",11225513
2010-01-01,36500,"Olympia-Lacey-Tumwater, WA (Metropolitan Statistical Area)",11358790
2011-01-01,36500,"Olympia-Lacey-Tumwater, WA (Metropolitan Statistical Area)",11336656
2012-01-01,36500,"Olympia-Lacey-Tumwater, WA (Metropolitan Statistical Area)",11430810
2013-01-01,36500,"Olympia-Lacey-Tumwater, WA (Metropolitan Statistical Area)",11566433
2014-01-01,36500,"Olympia-Lacey-Tumwater, WA (Metropolitan Statistical Area)",11775043
2015-01-01,36500,"Olympia-Lacey-Tumwater, WA (Metropolitan Statistical Area)",11837239
2016-01-01,36500,"Olympia-Lacey-Tumwater, WA (Metropolitan Statistical Area)",12492670
2017-01-01,36500,"Olympia-Lacey-Tumwater, WA (Metropolitan Statistical Area)",12907242
2018-01-01,36500,"Olympia-Lacey-Tumwater, WA (Metropolitan Statistical Area)",13734622
2019-01-01,36500,"Olympia-Lacey-Tumwater, WA (Metropolitan Statistical Area)",14069568
2020-01-01,36500,"Olympia-Lacey-Tumwater, WA (Metropolitan Statistical Area)",13769498
2021-01-01,36500,"Olympia-Lacey-Tumwater, WA (Metropolitan Statistical Area)",14776881
2022-01-01,36500,"Olympia-Lacey-Tumwater, WA (Metropolitan Statistical Area)",15842076
2023-01-01,36500,"Olympia-Lacey-Tumwater, WA (Metropolitan Statistical Area)",16194463
2010-01-01,36540,"Omaha-Council Bluffs, NE-IA (Metropolitan Statistical Area)",52941915
2011-01-01,36540,"Omaha-Council Bluffs, NE-IA (Metropolitan Statistical Area)",55824227
2012-01-01,36540,"Omaha-Council Bluffs, NE-IA (Metropolitan Statistical Area)",56699264
2013-01-01,36540,"Omaha-Council Bluffs, NE-IA (Metropolitan Statistical Area)",55749311
2014-01-01,36540,"Omaha-Council Bluffs, NE-IA (Metropolitan Statistical Area)",59223780
2015-01-01,36540,"Omaha-Council Bluffs, NE-IA (Metropolitan Statistical Area)",61166166
2016-01-01,36540,"Omaha-Council Bluffs, NE-IA (Metropolitan Statistical Area)",61480329
2017-01-01,36540,"Omaha-Council Bluffs, NE-IA (Metropolitan Statistical Area)",64329518
2018-01-01,36540,"Omaha-Council Bluffs, NE-IA (Metropolitan Statistical Area)",65706869
2019-01-01,36540,"Omaha-Council Bluffs, NE-IA (Metropolitan Statistical Area)",66421460
2020-01-01,36540,"Omaha-Council Bluffs, NE-IA (Metropolitan Statistical Area)",65207768
2021-01-01,36540,"Omaha-Council Bluffs, NE-IA (Metropolitan Statistical Area)",68873292
2022-01-01,36540,"Omaha-Council Bluffs, NE-IA (Metropolitan Statistical Area)",73705661
2023-01-01,36540,"Omaha-Council Bluffs, NE-IA (Metropolitan Statistical Area)",75322726
2001-01-01,36540,"Omaha-Council Bluffs, NE-IA (Metropolitan Statistical Area)",41468501
2002-01-01,36540,"Omaha-Council Bluffs, NE-IA (Metropolitan Statistical Area)",42660923
2003-01-01,36540,"Omaha-Council Bluffs, NE-IA (Metropolitan Statistical Area)",44665283
2004-01-01,36540,"Omaha-Council Bluffs, NE-IA (Metropolitan Statistical Area)",46807727
2005-01-01,36540,"Omaha-Council Bluffs, NE-IA (Metropolitan Statistical Area)",48418401
2006-01-01,36540,"Omaha-Council Bluffs, NE-IA (Metropolitan Statistical Area)",50206104
2007-01-01,36540,"Omaha-Council Bluffs, NE-IA (Metropolitan Statistical Area)",51734346
2008-01-01,36540,"Omaha-Council Bluffs, NE-IA (Metropolitan Statistical Area)",51273367
2009-01-01,36540,"Omaha-Council Bluffs, NE-IA (Metropolitan Statistical Area)",51371588
2001-01-01,36740,"Orlando-Kissimmee-Sanford, FL (Metropolitan Statistical Area)",87051253
2002-01-01,36740,"Orlando-Kissimmee-Sanford, FL (Metropolitan Statistical Area)",90363071
2003-01-01,36740,"Orlando-Kissimmee-Sanford, FL (Metropolitan Statistical Area)",95216336
2004-01-01,36740,"Orlando-Kissimmee-Sanford, FL (Metropolitan Statistical Area)",102344344
2005-01-01,36740,"Orlando-Kissimmee-Sanford, FL (Metropolitan Statistical Area)",110181745
2006-01-01,36740,"Orlando-Kissimmee-Sanford, FL (Metropolitan Statistical Area)",113678988
2007-01-01,36740,"Orlando-Kissimmee-Sanford, FL (Metropolitan Statistical Area)",116664505
2008-01-01,36740,"Orlando-Kissimmee-Sanford, FL (Metropolitan Statistical Area)",113678708
2009-01-01,36740,"Orlando-Kissimmee-Sanford, FL (Metropolitan Statistical Area)",105856691
2010-01-01,36740,"Orlando-Kissimmee-Sanford, FL (Metropolitan Statistical Area)",107270919
2011-01-01,36740,"Orlando-Kissimmee-Sanford, FL (Metropolitan Statistical Area)",107456421
2012-01-01,36740,"Orlando-Kissimmee-Sanford, FL (Metropolitan Statistical Area)",110030803
2013-01-01,36740,"Orlando-Kissimmee-Sanford, FL (Metropolitan Statistical Area)",113721965
2014-01-01,36740,"Orlando-Kissimmee-Sanford, FL (Metropolitan Statistical Area)",117990740
2015-01-01,36740,"Orlando-Kissimmee-Sanford, FL (Metropolitan Statistical Area)",124430532
2016-01-01,36740,"Orlando-Kissimmee-Sanford, FL (Metropolitan Statistical Area)",129180669
2017-01-01,36740,"Orlando-Kissimmee-Sanford, FL (Metropolitan Statistical Area)",136223280
2018-01-01,36740,"Orlando-Kissimmee-Sanford, FL (Metropolitan Statistical Area)",141200311
2019-01-01,36740,"Orlando-Kissimmee-Sanford, FL (Metropolitan Statistical Area)",146784072
2020-01-01,36740,"Orlando-Kissimmee-Sanford, FL (Metropolitan Statistical Area)",140252874
2021-01-01,36740,"Orlando-Kissimmee-Sanford, FL (Metropolitan Statistical Area)",156896666
2022-01-01,36740,"Orlando-Kissimmee-Sanford, FL (Metropolitan Statistical Area)",167758519
2023-01-01,36740,"Orlando-Kissimmee-Sanford, FL (Metropolitan Statistical Area)",175313253
2001-01-01,36780,"Oshkosh-Neenah, WI (Metropolitan Statistical Area)",8510486
2002-01-01,36780,"Oshkosh-Neenah, WI (Metropolitan Statistical Area)",9147946
2003-01-01,36780,"Oshkosh-Neenah, WI (Metropolitan Statistical Area)",9222775
2004-01-01,36780,"Oshkosh-Neenah, WI (Metropolitan Statistical Area)",9425839
2005-01-01,36780,"Oshkosh-Neenah, WI (Metropolitan Statistical Area)",9586500
2006-01-01,36780,"Oshkosh-Neenah, WI (Metropolitan Statistical Area)",9759308
2007-01-01,36780,"Oshkosh-Neenah, WI (Metropolitan Statistical Area)",9609023
2008-01-01,36780,"Oshkosh-Neenah, WI (Metropolitan Statistical Area)",9460220
2009-01-01,36780,"Oshkosh-Neenah, WI (Metropolitan Statistical Area)",9149623
2010-01-01,36780,"Oshkosh-Neenah, WI (Metropolitan Statistical Area)",9530101
2011-01-01,36780,"Oshkosh-Neenah, WI (Metropolitan Statistical Area)",9621546
2012-01-01,36780,"Oshkosh-Neenah, WI (Metropolitan Statistical Area)",9672026
2013-01-01,36780,"Oshkosh-Neenah, WI (Metropolitan Statistical Area)",9683355
2014-01-01,36780,"Oshkosh-Neenah, WI (Metropolitan Statistical Area)",9925315
2015-01-01,36780,"Oshkosh-Neenah, WI (Metropolitan Statistical Area)",9843052
2016-01-01,36780,"Oshkosh-Neenah, WI (Metropolitan Statistical Area)",10299460
2017-01-01,36780,"Oshkosh-Neenah, WI (Metropolitan Statistical Area)",10256853
2018-01-01,36780,"Oshkosh-Neenah, WI (Metropolitan Statistical Area)",10515988
2019-01-01,36780,"Oshkosh-Neenah, WI (Metropolitan Statistical Area)",10844062
2020-01-01,36780,"Oshkosh-Neenah, WI (Metropolitan Statistical Area)",10670002
2021-01-01,36780,"Oshkosh-Neenah, WI (Metropolitan Statistical Area)",10943775
2022-01-01,36780,"Oshkosh-Neenah, WI (Metropolitan Statistical Area)",10974908
2023-01-01,36780,"Oshkosh-Neenah, WI (Metropolitan Statistical Area)",11004211
2010-01-01,36980,"Owensboro, KY (Metropolitan Statistical Area)",5376554
2011-01-01,36980,"Owensboro, KY (Metropolitan Statistical Area)",5451212
2012-01-01,36980,"Owensboro, KY (Metropolitan Statistical Area)",5529335
2013-01-01,36980,"Owensboro, KY (Metropolitan Statistical Area)",5820027
2014-01-01,36980,"Owensboro, KY (Metropolitan Statistical Area)",5711395
2015-01-01,36980,"Owensboro, KY (Metropolitan Statistical Area)",5783158
2016-01-01,36980,"Owensboro, KY (Metropolitan Statistical Area)",5824745
2017-01-01,36980,"Owensboro, KY (Metropolitan Statistical Area)",5844583
2018-01-01,36980,"Owensboro, KY (Metropolitan Statistical Area)",5743200
2019-01-01,36980,"Owensboro, KY (Metropolitan Statistical Area)",5742787
2020-01-01,36980,"Owensboro, KY (Metropolitan Statistical Area)",5588728
2021-01-01,36980,"Owensboro, KY (Metropolitan Statistical Area)",5598407
2022-01-01,36980,"Owensboro, KY (Metropolitan Statistical Area)",5672085
2023-01-01,36980,"Owensboro, KY (Metropolitan Statistical Area)",5760227
2001-01-01,36980,"Owensboro, KY (Metropolitan Statistical Area)",4453134
2002-01-01,36980,"Owensboro, KY (Metropolitan Statistical Area)",4691361
2003-01-01,36980,"Owensboro, KY (Metropolitan Statistical Area)",4929973
2004-01-01,36980,"Owensboro, KY (Metropolitan Statistical Area)",4936208
2005-01-01,36980,"Owensboro, KY (Metropolitan Statistical Area)",4954810
2006-01-01,36980,"Owensboro, KY (Metropolitan Statistical Area)",5186516
2007-01-01,36980,"Owensboro, KY (Metropolitan Statistical Area)",5017362
2008-01-01,36980,"Owensboro, KY (Metropolitan Statistical Area)",5241478
2009-01-01,36980,"Owensboro, KY (Metropolitan Statistical Area)",5108311
2001-01-01,37100,"Oxnard-Thousand Oaks-Ventura, CA (Metropolitan Statistical Area)",39016318
2002-01-01,37100,"Oxnard-Thousand Oaks-Ventura, CA (Metropolitan Statistical Area)",40234620
2003-01-01,37100,"Oxnard-Thousand Oaks-Ventura, CA (Metropolitan Statistical Area)",42820863
2004-01-01,37100,"Oxnard-Thousand Oaks-Ventura, CA (Metropolitan Statistical Area)",46880813
2005-01-01,37100,"Oxnard-Thousand Oaks-Ventura, CA (Metropolitan Statistical Area)",49219057
2006-01-01,37100,"Oxnard-Thousand Oaks-Ventura, CA (Metropolitan Statistical Area)",54587334
2007-01-01,37100,"Oxnard-Thousand Oaks-Ventura, CA (Metropolitan Statistical Area)",59025486
2008-01-01,37100,"Oxnard-Thousand Oaks-Ventura, CA (Metropolitan Statistical Area)",54095039
2009-01-01,37100,"Oxnard-Thousand Oaks-Ventura, CA (Metropolitan Statistical Area)",53813657
2010-01-01,37100,"Oxnard-Thousand Oaks-Ventura, CA (Metropolitan Statistical Area)",53517947
2011-01-01,37100,"Oxnard-Thousand Oaks-Ventura, CA (Metropolitan Statistical Area)",50599745
2012-01-01,37100,"Oxnard-Thousand Oaks-Ventura, CA (Metropolitan Statistical Area)",49785812
2013-01-01,37100,"Oxnard-Thousand Oaks-Ventura, CA (Metropolitan Statistical Area)",50380642
2014-01-01,37100,"Oxnard-Thousand Oaks-Ventura, CA (Metropolitan Statistical Area)",50081745
2015-01-01,37100,"Oxnard-Thousand Oaks-Ventura, CA (Metropolitan Statistical Area)",50376211
2016-01-01,37100,"Oxnard-Thousand Oaks-Ventura, CA (Metropolitan Statistical Area)",50166157
2017-01-01,37100,"Oxnard-Thousand Oaks-Ventura, CA (Metropolitan Statistical Area)",50165884
2018-01-01,37100,"Oxnard-Thousand Oaks-Ventura, CA (Metropolitan Statistical Area)",50754467
2019-01-01,37100,"Oxnard-Thousand Oaks-Ventura, CA (Metropolitan Statistical Area)",51708632
2020-01-01,37100,"Oxnard-Thousand Oaks-Ventura, CA (Metropolitan Statistical Area)",51241052
2021-01-01,37100,"Oxnard-Thousand Oaks-Ventura, CA (Metropolitan Statistical Area)",53217781
2022-01-01,37100,"Oxnard-Thousand Oaks-Ventura, CA (Metropolitan Statistical Area)",53252680
2023-01-01,37100,"Oxnard-Thousand Oaks-Ventura, CA (Metropolitan Statistical Area)",53629861
2001-01-01,37340,"Palm Bay-Melbourne-Titusville, FL (Metropolitan Statistical Area)",16261511
2002-01-01,37340,"Palm Bay-Melbourne-Titusville, FL (Metropolitan Statistical Area)",16913264
2003-01-01,37340,"Palm Bay-Melbourne-Titusville, FL (Metropolitan Statistical Area)",18186850
2004-01-01,37340,"Palm Bay-Melbourne-Titusville, FL (Metropolitan Statistical Area)",19794433
2005-01-01,37340,"Palm Bay-Melbourne-Titusville, FL (Metropolitan Statistical Area)",21203479
2006-01-01,37340,"Palm Bay-Melbourne-Titusville, FL (Metropolitan Statistical Area)",22053316
2007-01-01,37340,"Palm Bay-Melbourne-Titusville, FL (Metropolitan Statistical Area)",23449889
2008-01-01,37340,"Palm Bay-Melbourne-Titusville, FL (Metropolitan Statistical Area)",23671354
2009-01-01,37340,"Palm Bay-Melbourne-Titusville, FL (Metropolitan Statistical Area)",21978449
2010-01-01,37340,"Palm Bay-Melbourne-Titusville, FL (Metropolitan Statistical Area)",22104454
2011-01-01,37340,"Palm Bay-Melbourne-Titusville, FL (Metropolitan Statistical Area)",21112439
2012-01-01,37340,"Palm Bay-Melbourne-Titusville, FL (Metropolitan Statistical Area)",20777880
2013-01-01,37340,"Palm Bay-Melbourne-Titusville, FL (Metropolitan Statistical Area)",21000520
2014-01-01,37340,"Palm Bay-Melbourne-Titusville, FL (Metropolitan Statistical Area)",21478966
2015-01-01,37340,"Palm Bay-Melbourne-Titusville, FL (Metropolitan Statistical Area)",22463493
2016-01-01,37340,"Palm Bay-Melbourne-Titusville, FL (Metropolitan Statistical Area)",23027348
2017-01-01,37340,"Palm Bay-Melbourne-Titusville, FL (Metropolitan Statistical Area)",24133063
2018-01-01,37340,"Palm Bay-Melbourne-Titusville, FL (Metropolitan Statistical Area)",25244764
2019-01-01,37340,"Palm Bay-Melbourne-Titusville, FL (Metropolitan Statistical Area)",26538360
2020-01-01,37340,"Palm Bay-Melbourne-Titusville, FL (Metropolitan Statistical Area)",26675569
2021-01-01,37340,"Palm Bay-Melbourne-Titusville, FL (Metropolitan Statistical Area)",29561072
2022-01-01,37340,"Palm Bay-Melbourne-Titusville, FL (Metropolitan Statistical Area)",30909381
2023-01-01,37340,"Palm Bay-Melbourne-Titusville, FL (Metropolitan Statistical Area)",32780628
2010-01-01,37460,"Panama City, FL (Metropolitan Statistical Area)",7943659
2011-01-01,37460,"Panama City, FL (Metropolitan Statistical Area)",7739492
2012-01-01,37460,"Panama City, FL (Metropolitan Statistical Area)",7710164
2013-01-01,37460,"Panama City, FL (Metropolitan Statistical Area)",7809385
2014-01-01,37460,"Panama City, FL (Metropolitan Statistical Area)",8010371
2015-01-01,37460,"Panama City, FL (Metropolitan Statistical Area)",8265977
2016-01-01,37460,"Panama City, FL (Metropolitan Statistical Area)",8435945
2017-01-01,37460,"Panama City, FL (Metropolitan Statistical Area)",8391383
2018-01-01,37460,"Panama City, FL (Metropolitan Statistical Area)",8572539
2019-01-01,37460,"Panama City, FL (Metropolitan Statistical Area)",8628467
2020-01-01,37460,"Panama City, FL (Metropolitan Statistical Area)",8689259
2021-01-01,37460,"Panama City, FL (Metropolitan Statistical Area)",9464144
2022-01-01,37460,"Panama City, FL (Metropolitan Statistical Area)",9775800
2023-01-01,37460,"Panama City, FL (Metropolitan Statistical Area)",10140163
2001-01-01,37460,"Panama City, FL (Metropolitan Statistical Area)",6146349
2002-01-01,37460,"Panama City, FL (Metropolitan Statistical Area)",6565670
2003-01-01,37460,"Panama City, FL (Metropolitan Statistical Area)",6882149
2004-01-01,37460,"Panama City, FL (Metropolitan Statistical Area)",7522208
2005-01-01,37460,"Panama City, FL (Metropolitan Statistical Area)",8018443
2006-01-01,37460,"Panama City, FL (Metropolitan Statistical Area)",8243569
2007-01-01,37460,"Panama City, FL (Metropolitan Statistical Area)",8339396
2008-01-01,37460,"Panama City, FL (Metropolitan Statistical Area)",8279373
2009-01-01,37460,"Panama City, FL (Metropolitan Statistical Area)",7961215
2001-01-01,37620,"Parkersburg-Vienna, WV (Metropolitan Statistical Area)",3732102
2002-01-01,37620,"Parkersburg-Vienna, WV (Metropolitan Statistical Area)",3870376
2003-01-01,37620,"Parkersburg-Vienna, WV (Metropolitan Statistical Area)",3880532
2004-01-01,37620,"Parkersburg-Vienna, WV (Metropolitan Statistical Area)",3886190
2005-01-01,37620,"Parkersburg-Vienna, WV (Metropolitan Statistical Area)",3827721
2006-01-01,37620,"Parkersburg-Vienna, WV (Metropolitan Statistical Area)",4030289
2007-01-01,37620,"Parkersburg-Vienna, WV (Metropolitan Statistical Area)",3853773
2008-01-01,37620,"Parkersburg-Vienna, WV (Metropolitan Statistical Area)",4013279
2009-01-01,37620,"Parkersburg-Vienna, WV (Metropolitan Statistical Area)",4364156
2010-01-01,37620,"Parkersburg-Vienna, WV (Metropolitan Statistical Area)",4281245
2011-01-01,37620,"Parkersburg-Vienna, WV (Metropolitan Statistical Area)",4156528
2012-01-01,37620,"Parkersburg-Vienna, WV (Metropolitan Statistical Area)",3872064
2013-01-01,37620,"Parkersburg-Vienna, WV (Metropolitan Statistical Area)",3755049
2014-01-01,37620,"Parkersburg-Vienna, WV (Metropolitan Statistical Area)",3738567
2015-01-01,37620,"Parkersburg-Vienna, WV (Metropolitan Statistical Area)",3697830
2016-01-01,37620,"Parkersburg-Vienna, WV (Metropolitan Statistical Area)",3606481
2017-01-01,37620,"Parkersburg-Vienna, WV (Metropolitan Statistical Area)",3610428
2018-01-01,37620,"Parkersburg-Vienna, WV (Metropolitan Statistical Area)",3680020
2019-01-01,37620,"Parkersburg-Vienna, WV (Metropolitan Statistical Area)",3548664
2020-01-01,37620,"Parkersburg-Vienna, WV (Metropolitan Statistical Area)",3527553
2021-01-01,37620,"Parkersburg-Vienna, WV (Metropolitan Statistical Area)",3709751
2022-01-01,37620,"Parkersburg-Vienna, WV (Metropolitan Statistical Area)",3668328
2023-01-01,37620,"Parkersburg-Vienna, WV (Metropolitan Statistical Area)",3796840
2001-01-01,37860,"Pensacola-Ferry Pass-Brent, FL (Metropolitan Statistical Area)",15665790
2002-01-01,37860,"Pensacola-Ferry Pass-Brent, FL (Metropolitan Statistical Area)",15959149
2003-01-01,37860,"Pensacola-Ferry Pass-Brent, FL (Metropolitan Statistical Area)",16459685
2004-01-01,37860,"Pensacola-Ferry Pass-Brent, FL (Metropolitan Statistical Area)",17166328
2005-01-01,37860,"Pensacola-Ferry Pass-Brent, FL (Metropolitan Statistical Area)",17729677
2006-01-01,37860,"Pensacola-Ferry Pass-Brent, FL (Metropolitan Statistical Area)",18200756
2007-01-01,37860,"Pensacola-Ferry Pass-Brent, FL (Metropolitan Statistical Area)",18374025
2008-01-01,37860,"Pensacola-Ferry Pass-Brent, FL (Metropolitan Statistical Area)",17899606
2009-01-01,37860,"Pensacola-Ferry Pass-Brent, FL (Metropolitan Statistical Area)",17306612
2010-01-01,37860,"Pensacola-Ferry Pass-Brent, FL (Metropolitan Statistical Area)",17562549
2011-01-01,37860,"Pensacola-Ferry Pass-Brent, FL (Metropolitan Statistical Area)",17843556
2012-01-01,37860,"Pensacola-Ferry Pass-Brent, FL (Metropolitan Statistical Area)",17713564
2013-01-01,37860,"Pensacola-Ferry Pass-Brent, FL (Metropolitan Statistical Area)",17999697
2014-01-01,37860,"Pensacola-Ferry Pass-Brent, FL (Metropolitan Statistical Area)",18171896
2015-01-01,37860,"Pensacola-Ferry Pass-Brent, FL (Metropolitan Statistical Area)",18871600
2016-01-01,37860,"Pensacola-Ferry Pass-Brent, FL (Metropolitan Statistical Area)",19599784
2017-01-01,37860,"Pensacola-Ferry Pass-Brent, FL (Metropolitan Statistical Area)",20210863
2018-01-01,37860,"Pensacola-Ferry Pass-Brent, FL (Metropolitan Statistical Area)",20439612
2019-01-01,37860,"Pensacola-Ferry Pass-Brent, FL (Metropolitan Statistical Area)",20943528
2020-01-01,37860,"Pensacola-Ferry Pass-Brent, FL (Metropolitan Statistical Area)",20908557
2021-01-01,37860,"Pensacola-Ferry Pass-Brent, FL (Metropolitan Statistical Area)",22517204
2022-01-01,37860,"Pensacola-Ferry Pass-Brent, FL (Metropolitan Statistical Area)",23264131
2023-01-01,37860,"Pensacola-Ferry Pass-Brent, FL (Metropolitan Statistical Area)",23985635
2001-01-01,37900,"Peoria, IL (Metropolitan Statistical Area)",18779066
2002-01-01,37900,"Peoria, IL (Metropolitan Statistical Area)",18618311
2003-01-01,37900,"Peoria, IL (Metropolitan Statistical Area)",18986258
2004-01-01,37900,"Peoria, IL (Metropolitan Statistical Area)",19708611
2005-01-01,37900,"Peoria, IL (Metropolitan Statistical Area)",20729103
2006-01-01,37900,"Peoria, IL (Metropolitan Statistical Area)",21915786
2007-01-01,37900,"Peoria, IL (Metropolitan Statistical Area)",23125372
2008-01-01,37900,"Peoria, IL (Metropolitan Statistical Area)",23542709
2009-01-01,37900,"Peoria, IL (Metropolitan Statistical Area)",22932197
2010-01-01,37900,"Peoria, IL (Metropolitan Statistical Area)",25105887
2011-01-01,37900,"Peoria, IL (Metropolitan Statistical Area)",28388629
2012-01-01,37900,"Peoria, IL (Metropolitan Statistical Area)",31635093
2013-01-01,37900,"Peoria, IL (Metropolitan Statistical Area)",27210947
2014-01-01,37900,"Peoria, IL (Metropolitan Statistical Area)",26704993
2015-01-01,37900,"Peoria, IL (Metropolitan Statistical Area)",24500602
2016-01-01,37900,"Peoria, IL (Metropolitan Statistical Area)",23025877
2017-01-01,37900,"Peoria, IL (Metropolitan Statistical Area)",21777992
2018-01-01,37900,"Peoria, IL (Metropolitan Statistical Area)",22340533
2019-01-01,37900,"Peoria, IL (Metropolitan Statistical Area)",21471611
2020-01-01,37900,"Peoria, IL (Metropolitan Statistical Area)",20065494
2021-01-01,37900,"Peoria, IL (Metropolitan Statistical Area)",21058875
2022-01-01,37900,"Peoria, IL (Metropolitan Statistical Area)",22172768
2023-01-01,37900,"Peoria, IL (Metropolitan Statistical Area)",21986667
2001-01-01,37980,"Philadelphia-Camden-Wilmington, PA-NJ-DE-MD (Metropolitan Statistical Area)",328508535
2002-01-01,37980,"Philadelphia-Camden-Wilmington, PA-NJ-DE-MD (Metropolitan Statistical Area)",331361709
2003-01-01,37980,"Philadelphia-Camden-Wilmington, PA-NJ-DE-MD (Metropolitan Statistical Area)",344556119
2004-01-01,37980,"Philadelphia-Camden-Wilmington, PA-NJ-DE-MD (Metropolitan Statistical Area)",358145048
2005-01-01,37980,"Philadelphia-Camden-Wilmington, PA-NJ-DE-MD (Metropolitan Statistical Area)",361393184
2006-01-01,37980,"Philadelphia-Camden-Wilmington, PA-NJ-DE-MD (Metropolitan Statistical Area)",365190576
2007-01-01,37980,"Philadelphia-Camden-Wilmington, PA-NJ-DE-MD (Metropolitan Statistical Area)",378819766
2008-01-01,37980,"Philadelphia-Camden-Wilmington, PA-NJ-DE-MD (Metropolitan Statistical Area)",389551765
2009-01-01,37980,"Philadelphia-Camden-Wilmington, PA-NJ-DE-MD (Metropolitan Statistical Area)",376898103
2010-01-01,37980,"Philadelphia-Camden-Wilmington, PA-NJ-DE-MD (Metropolitan Statistical Area)",385125049
2011-01-01,37980,"Philadelphia-Camden-Wilmington, PA-NJ-DE-MD (Metropolitan Statistical Area)",387482260
2012-01-01,37980,"Philadelphia-Camden-Wilmington, PA-NJ-DE-MD (Metropolitan Statistical Area)",397146827
2013-01-01,37980,"Philadelphia-Camden-Wilmington, PA-NJ-DE-MD (Metropolitan Statistical Area)",403724247
2014-01-01,37980,"Philadelphia-Camden-Wilmington, PA-NJ-DE-MD (Metropolitan Statistical Area)",413997770
2015-01-01,37980,"Philadelphia-Camden-Wilmington, PA-NJ-DE-MD (Metropolitan Statistical Area)",420928832
2016-01-01,37980,"Philadelphia-Camden-Wilmington, PA-NJ-DE-MD (Metropolitan Statistical Area)",426712256
2017-01-01,37980,"Philadelphia-Camden-Wilmington, PA-NJ-DE-MD (Metropolitan Statistical Area)",425373943
2018-01-01,37980,"Philadelphia-Camden-Wilmington, PA-NJ-DE-MD (Metropolitan Statistical Area)",432303107
2019-01-01,37980,"Philadelphia-Camden-Wilmington, PA-NJ-DE-MD (Metropolitan Statistical Area)",436957301
2020-01-01,37980,"Philadelphia-Camden-Wilmington, PA-NJ-DE-MD (Metropolitan Statistical Area)",420410203
2021-01-01,37980,"Philadelphia-Camden-Wilmington, PA-NJ-DE-MD (Metropolitan Statistical Area)",438847028
2022-01-01,37980,"Philadelphia-Camden-Wilmington, PA-NJ-DE-MD (Metropolitan Statistical Area)",450170494
2023-01-01,37980,"Philadelphia-Camden-Wilmington, PA-NJ-DE-MD (Metropolitan Statistical Area)",459530623
2002-01-01,38060,"Phoenix-Mesa-Chandler, AZ (Metropolitan Statistical Area)",168961926
2001-01-01,38060,"Phoenix-Mesa-Chandler, AZ (Metropolitan Statistical Area)",163040195
2023-01-01,38060,"Phoenix-Mesa-Chandler, AZ (Metropolitan Statistical Area)",322794256
2022-01-01,38060,"Phoenix-Mesa-Chandler, AZ (Metropolitan Statistical Area)",313596695
2021-01-01,38060,"Phoenix-Mesa-Chandler, AZ (Metropolitan Statistical Area)",299094391
2020-01-01,38060,"Phoenix-Mesa-Chandler, AZ (Metropolitan Statistical Area)",274564883
2019-01-01,38060,"Phoenix-Mesa-Chandler, AZ (Metropolitan Statistical Area)",269398509
2018-01-01,38060,"Phoenix-Mesa-Chandler, AZ (Metropolitan Statistical Area)",257410455
2017-01-01,38060,"Phoenix-Mesa-Chandler, AZ (Metropolitan Statistical Area)",246068032
2016-01-01,38060,"Phoenix-Mesa-Chandler, AZ (Metropolitan Statistical Area)",235238815
2015-01-01,38060,"Phoenix-Mesa-Chandler, AZ (Metropolitan Statistical Area)",227107612
2014-01-01,38060,"Phoenix-Mesa-Chandler, AZ (Metropolitan Statistical Area)",220176396
2013-01-01,38060,"Phoenix-Mesa-Chandler, AZ (Metropolitan Statistical Area)",216615144
2012-01-01,38060,"Phoenix-Mesa-Chandler, AZ (Metropolitan Statistical Area)",215066758
2011-01-01,38060,"Phoenix-Mesa-Chandler, AZ (Metropolitan Statistical Area)",207388704
2010-01-01,38060,"Phoenix-Mesa-Chandler, AZ (Metropolitan Statistical Area)",200598619
2009-01-01,38060,"Phoenix-Mesa-Chandler, AZ (Metropolitan Statistical Area)",198621899
2008-01-01,38060,"Phoenix-Mesa-Chandler, AZ (Metropolitan Statistical Area)",218638321
2007-01-01,38060,"Phoenix-Mesa-Chandler, AZ (Metropolitan Statistical Area)",223034398
2006-01-01,38060,"Phoenix-Mesa-Chandler, AZ (Metropolitan Statistical Area)",216095669
2005-01-01,38060,"Phoenix-Mesa-Chandler, AZ (Metropolitan Statistical Area)",205774081
2004-01-01,38060,"Phoenix-Mesa-Chandler, AZ (Metropolitan Statistical Area)",191018073
2003-01-01,38060,"Phoenix-Mesa-Chandler, AZ (Metropolitan Statistical Area)",180979052
2001-01-01,38220,"Pine Bluff, AR (Metropolitan Statistical Area)",3804773
2002-01-01,38220,"Pine Bluff, AR (Metropolitan Statistical Area)",3751788
2003-01-01,38220,"Pine Bluff, AR (Metropolitan Statistical Area)",3926155
2004-01-01,38220,"Pine Bluff, AR (Metropolitan Statistical Area)",4119700
2005-01-01,38220,"Pine Bluff, AR (Metropolitan Statistical Area)",4118652
2006-01-01,38220,"Pine Bluff, AR (Metropolitan Statistical Area)",4117262
2007-01-01,38220,"Pine Bluff, AR (Metropolitan Statistical Area)",3935780
2008-01-01,38220,"Pine Bluff, AR (Metropolitan Statistical Area)",3967567
2009-01-01,38220,"Pine Bluff, AR (Metropolitan Statistical Area)",3803485
2010-01-01,38220,"Pine Bluff, AR (Metropolitan Statistical Area)",3921432
2011-01-01,38220,"Pine Bluff, AR (Metropolitan Statistical Area)",3890365
2012-01-01,38220,"Pine Bluff, AR (Metropolitan Statistical Area)",3932022
2013-01-01,38220,"Pine Bluff, AR (Metropolitan Statistical Area)",4059737
2014-01-01,38220,"Pine Bluff, AR (Metropolitan Statistical Area)",3878957
2015-01-01,38220,"Pine Bluff, AR (Metropolitan Statistical Area)",3685517
2016-01-01,38220,"Pine Bluff, AR (Metropolitan Statistical Area)",3618614
2017-01-01,38220,"Pine Bluff, AR (Metropolitan Statistical Area)",3510237
2018-01-01,38220,"Pine Bluff, AR (Metropolitan Statistical Area)",3436911
2019-01-01,38220,"Pine Bluff, AR (Metropolitan Statistical Area)",3388277
2020-01-01,38220,"Pine Bluff, AR (Metropolitan Statistical Area)",3192565
2021-01-01,38220,"Pine Bluff, AR (Metropolitan Statistical Area)",3438202
2022-01-01,38220,"Pine Bluff, AR (Metropolitan Statistical Area)",3330912
2023-01-01,38220,"Pine Bluff, AR (Metropolitan Statistical Area)",3249038
2001-01-01,38300,"Pittsburgh, PA (Metropolitan Statistical Area)",112996500
2002-01-01,38300,"Pittsburgh, PA (Metropolitan Statistical Area)",114481789
2003-01-01,38300,"Pittsburgh, PA (Metropolitan Statistical Area)",117710757
2004-01-01,38300,"Pittsburgh, PA (Metropolitan Statistical Area)",120210909
2005-01-01,38300,"Pittsburgh, PA (Metropolitan Statistical Area)",120950478
2006-01-01,38300,"Pittsburgh, PA (Metropolitan Statistical Area)",119500751
2007-01-01,38300,"Pittsburgh, PA (Metropolitan Statistical Area)",122474975
2008-01-01,38300,"Pittsburgh, PA (Metropolitan Statistical Area)",125316662
2009-01-01,38300,"Pittsburgh, PA (Metropolitan Statistical Area)",123545962
2010-01-01,38300,"Pittsburgh, PA (Metropolitan Statistical Area)",128983380
2011-01-01,38300,"Pittsburgh, PA (Metropolitan Statistical Area)",131894439
2012-01-01,38300,"Pittsburgh, PA (Metropolitan Statistical Area)",134419633
2013-01-01,38300,"Pittsburgh, PA (Metropolitan Statistical Area)",137201412
2014-01-01,38300,"Pittsburgh, PA (Metropolitan Statistical Area)",139619863
2015-01-01,38300,"Pittsburgh, PA (Metropolitan Statistical Area)",143986867
2016-01-01,38300,"Pittsburgh, PA (Metropolitan Statistical Area)",144284346
2017-01-01,38300,"Pittsburgh, PA (Metropolitan Statistical Area)",150697726
2018-01-01,38300,"Pittsburgh, PA (Metropolitan Statistical Area)",154324237
2019-01-01,38300,"Pittsburgh, PA (Metropolitan Statistical Area)",155939209
2020-01-01,38300,"Pittsburgh, PA (Metropolitan Statistical Area)",147661649
2021-01-01,38300,"Pittsburgh, PA (Metropolitan Statistical Area)",153167165
2022-01-01,38300,"Pittsburgh, PA (Metropolitan Statistical Area)",155046696
2023-01-01,38300,"Pittsburgh, PA (Metropolitan Statistical Area)",159581389
2009-01-01,38340,"Pittsfield, MA (Metropolitan Statistical Area)",6632260
2010-01-01,38340,"Pittsfield, MA (Metropolitan Statistical Area)",6790258
2011-01-01,38340,"Pittsfield, MA (Metropolitan Statistical Area)",6861077
2012-01-01,38340,"Pittsfield, MA (Metropolitan Statistical Area)",7179458
2013-01-01,38340,"Pittsfield, MA (Metropolitan Statistical Area)",7228482
2014-01-01,38340,"Pittsfield, MA (Metropolitan Statistical Area)",7309871
2015-01-01,38340,"Pittsfield, MA (Metropolitan Statistical Area)",7351578
2016-01-01,38340,"Pittsfield, MA (Metropolitan Statistical Area)",7295110
2017-01-01,38340,"Pittsfield, MA (Metropolitan Statistical Area)",7025430
2018-01-01,38340,"Pittsfield, MA (Metropolitan Statistical Area)",7117760
2019-01-01,38340,"Pittsfield, MA (Metropolitan Statistical Area)",6979170
2020-01-01,38340,"Pittsfield, MA (Metropolitan Statistical Area)",6812712
2021-01-01,38340,"Pittsfield, MA (Metropolitan Statistical Area)",6953712
2022-01-01,38340,"Pittsfield, MA (Metropolitan Statistical Area)",7113990
2023-01-01,38340,"Pittsfield, MA (Metropolitan Statistical Area)",7240663
2001-01-01,38340,"Pittsfield, MA (Metropolitan Statistical Area)",6219382
2002-01-01,38340,"Pittsfield, MA (Metropolitan Statistical Area)",6400496
2003-01-01,38340,"Pittsfield, MA (Metropolitan Statistical Area)",6252642
2004-01-01,38340,"Pittsfield, MA (Metropolitan Statistical Area)",6436462
2005-01-01,38340,"Pittsfield, MA (Metropolitan Statistical Area)",6634775
2006-01-01,38340,"Pittsfield, MA (Metropolitan Statistical Area)",6592845
2007-01-01,38340,"Pittsfield, MA (Metropolitan Statistical Area)",6628650
2008-01-01,38340,"Pittsfield, MA (Metropolitan Statistical Area)",6797915
2001-01-01,38540,"Pocatello, ID (Metropolitan Statistical Area)",2854742
2002-01-01,38540,"Pocatello, ID (Metropolitan Statistical Area)",2721875
2003-01-01,38540,"Pocatello, ID (Metropolitan Statistical Area)",2768485
2004-01-01,38540,"Pocatello, ID (Metropolitan Statistical Area)",3009023
2005-01-01,38540,"Pocatello, ID (Metropolitan Statistical Area)",3182800
2006-01-01,38540,"Pocatello, ID (Metropolitan Statistical Area)",3182167
2007-01-01,38540,"Pocatello, ID (Metropolitan Statistical Area)",3172236
2008-01-01,38540,"Pocatello, ID (Metropolitan Statistical Area)",3326827
2009-01-01,38540,"Pocatello, ID (Metropolitan Statistical Area)",3162557
2010-01-01,38540,"Pocatello, ID (Metropolitan Statistical Area)",3121971
2011-01-01,38540,"Pocatello, ID (Metropolitan Statistical Area)",3115188
2012-01-01,38540,"Pocatello, ID (Metropolitan Statistical Area)",3142151
2013-01-01,38540,"Pocatello, ID (Metropolitan Statistical Area)",3081524
2014-01-01,38540,"Pocatello, ID (Metropolitan Statistical Area)",3077650
2015-01-01,38540,"Pocatello, ID (Metropolitan Statistical Area)",3098411
2016-01-01,38540,"Pocatello, ID (Metropolitan Statistical Area)",3108941
2017-01-01,38540,"Pocatello, ID (Metropolitan Statistical Area)",3168627
2018-01-01,38540,"Pocatello, ID (Metropolitan Statistical Area)",3222781
2019-01-01,38540,"Pocatello, ID (Metropolitan Statistical Area)",3285690
2020-01-01,38540,"Pocatello, ID (Metropolitan Statistical Area)",3348111
2021-01-01,38540,"Pocatello, ID (Metropolitan Statistical Area)",3414399
2022-01-01,38540,"Pocatello, ID (Metropolitan Statistical Area)",3627904
2023-01-01,38540,"Pocatello, ID (Metropolitan Statistical Area)",3656447
2001-01-01,38860,"Portland-South Portland, ME (Metropolitan Statistical Area)",24582062
2002-01-01,38860,"Portland-South Portland, ME (Metropolitan Statistical Area)",24951575
2003-01-01,38860,"Portland-South Portland, ME (Metropolitan Statistical Area)",26071149
2004-01-01,38860,"Portland-South Portland, ME (Metropolitan Statistical Area)",27271496
2005-01-01,38860,"Portland-South Portland, ME (Metropolitan Statistical Area)",27548338
2006-01-01,38860,"Portland-South Portland, ME (Metropolitan Statistical Area)",27856295
2007-01-01,38860,"Portland-South Portland, ME (Metropolitan Statistical Area)",27938015
2008-01-01,38860,"Portland-South Portland, ME (Metropolitan Statistical Area)",28046575
2009-01-01,38860,"Portland-South Portland, ME (Metropolitan Statistical Area)",27755356
2010-01-01,38860,"Portland-South Portland, ME (Metropolitan Statistical Area)",28249139
2011-01-01,38860,"Portland-South Portland, ME (Metropolitan Statistical Area)",28242124
2012-01-01,38860,"Portland-South Portland, ME (Metropolitan Statistical Area)",28466361
2013-01-01,38860,"Portland-South Portland, ME (Metropolitan Statistical Area)",28421599
2014-01-01,38860,"Portland-South Portland, ME (Metropolitan Statistical Area)",28822575
2015-01-01,38860,"Portland-South Portland, ME (Metropolitan Statistical Area)",29337338
2016-01-01,38860,"Portland-South Portland, ME (Metropolitan Statistical Area)",30367100
2017-01-01,38860,"Portland-South Portland, ME (Metropolitan Statistical Area)",31325495
2018-01-01,38860,"Portland-South Portland, ME (Metropolitan Statistical Area)",32448041
2019-01-01,38860,"Portland-South Portland, ME (Metropolitan Statistical Area)",33267055
2020-01-01,38860,"Portland-South Portland, ME (Metropolitan Statistical Area)",33926911
2021-01-01,38860,"Portland-South Portland, ME (Metropolitan Statistical Area)",36524632
2022-01-01,38860,"Portland-South Portland, ME (Metropolitan Statistical Area)",37779553
2023-01-01,38860,"Portland-South Portland, ME (Metropolitan Statistical Area)",39239882
2001-01-01,38900,"Portland-Vancouver-Hillsboro, OR-WA (Metropolitan Statistical Area)",91769159
2002-01-01,38900,"Portland-Vancouver-Hillsboro, OR-WA (Metropolitan Statistical Area)",92609125
2003-01-01,38900,"Portland-Vancouver-Hillsboro, OR-WA (Metropolitan Statistical Area)",98588715
2004-01-01,38900,"Portland-Vancouver-Hillsboro, OR-WA (Metropolitan Statistical Area)",105239497
2005-01-01,38900,"Portland-Vancouver-Hillsboro, OR-WA (Metropolitan Statistical Area)",109537764
2006-01-01,38900,"Portland-Vancouver-Hillsboro, OR-WA (Metropolitan Statistical Area)",115281971
2007-01-01,38900,"Portland-Vancouver-Hillsboro, OR-WA (Metropolitan Statistical Area)",118771225
2008-01-01,38900,"Portland-Vancouver-Hillsboro, OR-WA (Metropolitan Statistical Area)",124093335
2009-01-01,38900,"Portland-Vancouver-Hillsboro, OR-WA (Metropolitan Statistical Area)",117742210
2010-01-01,38900,"Portland-Vancouver-Hillsboro, OR-WA (Metropolitan Statistical Area)",120606511
2011-01-01,38900,"Portland-Vancouver-Hillsboro, OR-WA (Metropolitan Statistical Area)",125278713
2012-01-01,38900,"Portland-Vancouver-Hillsboro, OR-WA (Metropolitan Statistical Area)",127628442
2013-01-01,38900,"Portland-Vancouver-Hillsboro, OR-WA (Metropolitan Statistical Area)",128964259
2014-01-01,38900,"Portland-Vancouver-Hillsboro, OR-WA (Metropolitan Statistical Area)",133294488
2015-01-01,38900,"Portland-Vancouver-Hillsboro, OR-WA (Metropolitan Statistical Area)",140907094
2016-01-01,38900,"Portland-Vancouver-Hillsboro, OR-WA (Metropolitan Statistical Area)",147488860
2017-01-01,38900,"Portland-Vancouver-Hillsboro, OR-WA (Metropolitan Statistical Area)",155831974
2018-01-01,38900,"Portland-Vancouver-Hillsboro, OR-WA (Metropolitan Statistical Area)",162729750
2019-01-01,38900,"Portland-Vancouver-Hillsboro, OR-WA (Metropolitan Statistical Area)",166744472
2020-01-01,38900,"Portland-Vancouver-Hillsboro, OR-WA (Metropolitan Statistical Area)",164904813
2021-01-01,38900,"Portland-Vancouver-Hillsboro, OR-WA (Metropolitan Statistical Area)",174797466
2022-01-01,38900,"Portland-Vancouver-Hillsboro, OR-WA (Metropolitan Statistical Area)",178838280
2023-01-01,38900,"Portland-Vancouver-Hillsboro, OR-WA (Metropolitan Statistical Area)",182035397
2001-01-01,38940,"Port St. Lucie, FL (Metropolitan Statistical Area)",11932545
2023-01-01,38940,"Port St. Lucie, FL (Metropolitan Statistical Area)",21529674
2022-01-01,38940,"Port St. Lucie, FL (Metropolitan Statistical Area)",20639794
2021-01-01,38940,"Port St. Lucie, FL (Metropolitan Statistical Area)",19502549
2020-01-01,38940,"Port St. Lucie, FL (Metropolitan Statistical Area)",18527276
2019-01-01,38940,"Port St. Lucie, FL (Metropolitan Statistical Area)",17624313
2018-01-01,38940,"Port St. Lucie, FL (Metropolitan Statistical Area)",17315295
2017-01-01,38940,"Port St. Lucie, FL (Metropolitan Statistical Area)",16744001
2016-01-01,38940,"Port St. Lucie, FL (Metropolitan Statistical Area)",16667485
2015-01-01,38940,"Port St. Lucie, FL (Metropolitan Statistical Area)",16250895
2014-01-01,38940,"Port St. Lucie, FL (Metropolitan Statistical Area)",15761733
2013-01-01,38940,"Port St. Lucie, FL (Metropolitan Statistical Area)",15442595
2012-01-01,38940,"Port St. Lucie, FL (Metropolitan Statistical Area)",15327300
2011-01-01,38940,"Port St. Lucie, FL (Metropolitan Statistical Area)",15231027
2010-01-01,38940,"Port St. Lucie, FL (Metropolitan Statistical Area)",15494136
2009-01-01,38940,"Port St. Lucie, FL (Metropolitan Statistical Area)",15611174
2008-01-01,38940,"Port St. Lucie, FL (Metropolitan Statistical Area)",16364918
2007-01-01,38940,"Port St. Lucie, FL (Metropolitan Statistical Area)",17125134
2006-01-01,38940,"Port St. Lucie, FL (Metropolitan Statistical Area)",16976963
2005-01-01,38940,"Port St. Lucie, FL (Metropolitan Statistical Area)",15821221
2004-01-01,38940,"Port St. Lucie, FL (Metropolitan Statistical Area)",14536626
2003-01-01,38940,"Port St. Lucie, FL (Metropolitan Statistical Area)",13141151
2002-01-01,38940,"Port St. Lucie, FL (Metropolitan Statistical Area)",12594890
2001-01-01,39100,"Poughkeepsie-Newburgh-Middletown, NY (Metropolitan Statistical Area)",24061904
2002-01-01,39100,"Poughkeepsie-Newburgh-Middletown, NY (Metropolitan Statistical Area)",24571510
2003-01-01,39100,"Poughkeepsie-Newburgh-Middletown, NY (Metropolitan Statistical Area)",26136833
2004-01-01,39100,"Poughkeepsie-Newburgh-Middletown, NY (Metropolitan Statistical Area)",27234491
2005-01-01,39100,"Poughkeepsie-Newburgh-Middletown, NY (Metropolitan Statistical Area)",27585527
2006-01-01,39100,"Poughkeepsie-Newburgh-Middletown, NY (Metropolitan Statistical Area)",27372998
2007-01-01,39100,"Poughkeepsie-Newburgh-Middletown, NY (Metropolitan Statistical Area)",27967381
2008-01-01,39100,"Poughkeepsie-Newburgh-Middletown, NY (Metropolitan Statistical Area)",29097943
2009-01-01,39100,"Poughkeepsie-Newburgh-Middletown, NY (Metropolitan Statistical Area)",29267399
2010-01-01,39100,"Poughkeepsie-Newburgh-Middletown, NY (Metropolitan Statistical Area)",30234530
2011-01-01,39100,"Poughkeepsie-Newburgh-Middletown, NY (Metropolitan Statistical Area)",30256351
2012-01-01,39100,"Poughkeepsie-Newburgh-Middletown, NY (Metropolitan Statistical Area)",30266349
2013-01-01,39100,"Poughkeepsie-Newburgh-Middletown, NY (Metropolitan Statistical Area)",30528025
2014-01-01,39100,"Poughkeepsie-Newburgh-Middletown, NY (Metropolitan Statistical Area)",30435721
2015-01-01,39100,"Poughkeepsie-Newburgh-Middletown, NY (Metropolitan Statistical Area)",31178857
2016-01-01,39100,"Poughkeepsie-Newburgh-Middletown, NY (Metropolitan Statistical Area)",31300211
2017-01-01,39100,"Poughkeepsie-Newburgh-Middletown, NY (Metropolitan Statistical Area)",32061816
2018-01-01,39100,"Poughkeepsie-Newburgh-Middletown, NY (Metropolitan Statistical Area)",32619657
2019-01-01,39100,"Poughkeepsie-Newburgh-Middletown, NY (Metropolitan Statistical Area)",34006733
2020-01-01,39100,"Poughkeepsie-Newburgh-Middletown, NY (Metropolitan Statistical Area)",33373046
2021-01-01,39100,"Poughkeepsie-Newburgh-Middletown, NY (Metropolitan Statistical Area)",34961085
2022-01-01,39100,"Poughkeepsie-Newburgh-Middletown, NY (Metropolitan Statistical Area)",35363323
2023-01-01,39100,"Poughkeepsie-Newburgh-Middletown, NY (Metropolitan Statistical Area)",35694721
2009-01-01,39150,"Prescott Valley-Prescott, AZ (Metropolitan Statistical Area)",6287242
2010-01-01,39150,"Prescott Valley-Prescott, AZ (Metropolitan Statistical Area)",6150727
2011-01-01,39150,"Prescott Valley-Prescott, AZ (Metropolitan Statistical Area)",6131099
2012-01-01,39150,"Prescott Valley-Prescott, AZ (Metropolitan Statistical Area)",6045052
2013-01-01,39150,"Prescott Valley-Prescott, AZ (Metropolitan Statistical Area)",6286978
2014-01-01,39150,"Prescott Valley-Prescott, AZ (Metropolitan Statistical Area)",6543792
2015-01-01,39150,"Prescott Valley-Prescott, AZ (Metropolitan Statistical Area)",6551007
2016-01-01,39150,"Prescott Valley-Prescott, AZ (Metropolitan Statistical Area)",6778705
2017-01-01,39150,"Prescott Valley-Prescott, AZ (Metropolitan Statistical Area)",7229041
2018-01-01,39150,"Prescott Valley-Prescott, AZ (Metropolitan Statistical Area)",7345912
2019-01-01,39150,"Prescott Valley-Prescott, AZ (Metropolitan Statistical Area)",7339475
2020-01-01,39150,"Prescott Valley-Prescott, AZ (Metropolitan Statistical Area)",7478041
2021-01-01,39150,"Prescott Valley-Prescott, AZ (Metropolitan Statistical Area)",8206724
2022-01-01,39150,"Prescott Valley-Prescott, AZ (Metropolitan Statistical Area)",8145280
2023-01-01,39150,"Prescott Valley-Prescott, AZ (Metropolitan Statistical Area)",8387833
2001-01-01,39150,"Prescott Valley-Prescott, AZ (Metropolitan Statistical Area)",5084868
2002-01-01,39150,"Prescott Valley-Prescott, AZ (Metropolitan Statistical Area)",5260750
2003-01-01,39150,"Prescott Valley-Prescott, AZ (Metropolitan Statistical Area)",5579509
2004-01-01,39150,"Prescott Valley-Prescott, AZ (Metropolitan Statistical Area)",5938528
2005-01-01,39150,"Prescott Valley-Prescott, AZ (Metropolitan Statistical Area)",6447059
2006-01-01,39150,"Prescott Valley-Prescott, AZ (Metropolitan Statistical Area)",6824082
2007-01-01,39150,"Prescott Valley-Prescott, AZ (Metropolitan Statistical Area)",6748023
2008-01-01,39150,"Prescott Valley-Prescott, AZ (Metropolitan Statistical Area)",6856865
2001-01-01,39300,"Providence-Warwick, RI-MA (Metropolitan Statistical Area)",71005338
2002-01-01,39300,"Providence-Warwick, RI-MA (Metropolitan Statistical Area)",72877812
2003-01-01,39300,"Providence-Warwick, RI-MA (Metropolitan Statistical Area)",74903393
2004-01-01,39300,"Providence-Warwick, RI-MA (Metropolitan Statistical Area)",77089198
2005-01-01,39300,"Providence-Warwick, RI-MA (Metropolitan Statistical Area)",77924577
2006-01-01,39300,"Providence-Warwick, RI-MA (Metropolitan Statistical Area)",80143015
2007-01-01,39300,"Providence-Warwick, RI-MA (Metropolitan Statistical Area)",78849905
2008-01-01,39300,"Providence-Warwick, RI-MA (Metropolitan Statistical Area)",78469644
2009-01-01,39300,"Providence-Warwick, RI-MA (Metropolitan Statistical Area)",76818957
2010-01-01,39300,"Providence-Warwick, RI-MA (Metropolitan Statistical Area)",79097973
2011-01-01,39300,"Providence-Warwick, RI-MA (Metropolitan Statistical Area)",79376135
2012-01-01,39300,"Providence-Warwick, RI-MA (Metropolitan Statistical Area)",79773023
2013-01-01,39300,"Providence-Warwick, RI-MA (Metropolitan Statistical Area)",80760053
2014-01-01,39300,"Providence-Warwick, RI-MA (Metropolitan Statistical Area)",82020249
2015-01-01,39300,"Providence-Warwick, RI-MA (Metropolitan Statistical Area)",84030603
2016-01-01,39300,"Providence-Warwick, RI-MA (Metropolitan Statistical Area)",84201746
2017-01-01,39300,"Providence-Warwick, RI-MA (Metropolitan Statistical Area)",84627951
2018-01-01,39300,"Providence-Warwick, RI-MA (Metropolitan Statistical Area)",84716700
2019-01-01,39300,"Providence-Warwick, RI-MA (Metropolitan Statistical Area)",86787800
2020-01-01,39300,"Providence-Warwick, RI-MA (Metropolitan Statistical Area)",84198166
2021-01-01,39300,"Providence-Warwick, RI-MA (Metropolitan Statistical Area)",88473648
2022-01-01,39300,"Providence-Warwick, RI-MA (Metropolitan Statistical Area)",89311992
2023-01-01,39300,"Providence-Warwick, RI-MA (Metropolitan Statistical Area)",90427093
2001-01-01,39340,"Provo-Orem, UT (Metropolitan Statistical Area)",11710195
2002-01-01,39340,"Provo-Orem, UT (Metropolitan Statistical Area)",11984499
2003-01-01,39340,"Provo-Orem, UT (Metropolitan Statistical Area)",12515232
2004-01-01,39340,"Provo-Orem, UT (Metropolitan Statistical Area)",13450986
2005-01-01,39340,"Provo-Orem, UT (Metropolitan Statistical Area)",14385563
2006-01-01,39340,"Provo-Orem, UT (Metropolitan Statistical Area)",15538093
2007-01-01,39340,"Provo-Orem, UT (Metropolitan Statistical Area)",16982880
2008-01-01,39340,"Provo-Orem, UT (Metropolitan Statistical Area)",17266409
2009-01-01,39340,"Provo-Orem, UT (Metropolitan Statistical Area)",17468287
2010-01-01,39340,"Provo-Orem, UT (Metropolitan Statistical Area)",17882314
2011-01-01,39340,"Provo-Orem, UT (Metropolitan Statistical Area)",18450750
2012-01-01,39340,"Provo-Orem, UT (Metropolitan Statistical Area)",18733325
2013-01-01,39340,"Provo-Orem, UT (Metropolitan Statistical Area)",19683430
2014-01-01,39340,"Provo-Orem, UT (Metropolitan Statistical Area)",20609926
2015-01-01,39340,"Provo-Orem, UT (Metropolitan Statistical Area)",22290558
2016-01-01,39340,"Provo-Orem, UT (Metropolitan Statistical Area)",23848776
2017-01-01,39340,"Provo-Orem, UT (Metropolitan Statistical Area)",25475443
2018-01-01,39340,"Provo-Orem, UT (Metropolitan Statistical Area)",27586380
2019-01-01,39340,"Provo-Orem, UT (Metropolitan Statistical Area)",30107324
2020-01-01,39340,"Provo-Orem, UT (Metropolitan Statistical Area)",31491643
2021-01-01,39340,"Provo-Orem, UT (Metropolitan Statistical Area)",34120398
2022-01-01,39340,"Provo-Orem, UT (Metropolitan Statistical Area)",35802645
2023-01-01,39340,"Provo-Orem, UT (Metropolitan Statistical Area)",37369010
2001-01-01,39380,"Pueblo, CO (Metropolitan Statistical Area)",4852134
2002-01-01,39380,"Pueblo, CO (Metropolitan Statistical Area)",4905780
2003-01-01,39380,"Pueblo, CO (Metropolitan Statistical Area)",5012820
2004-01-01,39380,"Pueblo, CO (Metropolitan Statistical Area)",5282428
2005-01-01,39380,"Pueblo, CO (Metropolitan Statistical Area)",4979588
2006-01-01,39380,"Pueblo, CO (Metropolitan Statistical Area)",5126891
2007-01-01,39380,"Pueblo, CO (Metropolitan Statistical Area)",5130270
2008-01-01,39380,"Pueblo, CO (Metropolitan Statistical Area)",5415107
2009-01-01,39380,"Pueblo, CO (Metropolitan Statistical Area)",5428487
2010-01-01,39380,"Pueblo, CO (Metropolitan Statistical Area)",5531598
2011-01-01,39380,"Pueblo, CO (Metropolitan Statistical Area)",5708248
2012-01-01,39380,"Pueblo, CO (Metropolitan Statistical Area)",5828703
2013-01-01,39380,"Pueblo, CO (Metropolitan Statistical Area)",5831028
2014-01-01,39380,"Pueblo, CO (Metropolitan Statistical Area)",5724101
2015-01-01,39380,"Pueblo, CO (Metropolitan Statistical Area)",5865898
2016-01-01,39380,"Pueblo, CO (Metropolitan Statistical Area)",6024608
2017-01-01,39380,"Pueblo, CO (Metropolitan Statistical Area)",5971695
2018-01-01,39380,"Pueblo, CO (Metropolitan Statistical Area)",6176243
2019-01-01,39380,"Pueblo, CO (Metropolitan Statistical Area)",6426426
2020-01-01,39380,"Pueblo, CO (Metropolitan Statistical Area)",6193982
2021-01-01,39380,"Pueblo, CO (Metropolitan Statistical Area)",6602826
2022-01-01,39380,"Pueblo, CO (Metropolitan Statistical Area)",6456071
2023-01-01,39380,"Pueblo, CO (Metropolitan Statistical Area)",6881755
2001-01-01,39460,"Punta Gorda, FL (Metropolitan Statistical Area)",3964650
2002-01-01,39460,"Punta Gorda, FL (Metropolitan Statistical Area)",4235410
2003-01-01,39460,"Punta Gorda, FL (Metropolitan Statistical Area)",4439312
2004-01-01,39460,"Punta Gorda, FL (Metropolitan Statistical Area)",4776583
2005-01-01,39460,"Punta Gorda, FL (Metropolitan Statistical Area)",5213292
2006-01-01,39460,"Punta Gorda, FL (Metropolitan Statistical Area)",5132665
2007-01-01,39460,"Punta Gorda, FL (Metropolitan Statistical Area)",5084596
2008-01-01,39460,"Punta Gorda, FL (Metropolitan Statistical Area)",4645851
2009-01-01,39460,"Punta Gorda, FL (Metropolitan Statistical Area)",4464626
2010-01-01,39460,"Punta Gorda, FL (Metropolitan Statistical Area)",4427671
2011-01-01,39460,"Punta Gorda, FL (Metropolitan Statistical Area)",4324423
2012-01-01,39460,"Punta Gorda, FL (Metropolitan Statistical Area)",4507830
2013-01-01,39460,"Punta Gorda, FL (Metropolitan Statistical Area)",4498989
2014-01-01,39460,"Punta Gorda, FL (Metropolitan Statistical Area)",4596455
2015-01-01,39460,"Punta Gorda, FL (Metropolitan Statistical Area)",4851323
2016-01-01,39460,"Punta Gorda, FL (Metropolitan Statistical Area)",5047243
2017-01-01,39460,"Punta Gorda, FL (Metropolitan Statistical Area)",5181236
2018-01-01,39460,"Punta Gorda, FL (Metropolitan Statistical Area)",5363641
2019-01-01,39460,"Punta Gorda, FL (Metropolitan Statistical Area)",5722516
2020-01-01,39460,"Punta Gorda, FL (Metropolitan Statistical Area)",6029633
2021-01-01,39460,"Punta Gorda, FL (Metropolitan Statistical Area)",6289225
2022-01-01,39460,"Punta Gorda, FL (Metropolitan Statistical Area)",6531925
2023-01-01,39460,"Punta Gorda, FL (Metropolitan Statistical Area)",6931496
2001-01-01,39540,"Racine, WI (Metropolitan Statistical Area)",8662726
2002-01-01,39540,"Racine, WI (Metropolitan Statistical Area)",8741950
2003-01-01,39540,"Racine, WI (Metropolitan Statistical Area)",8939585
2004-01-01,39540,"Racine, WI (Metropolitan Statistical Area)",9213086
2005-01-01,39540,"Racine, WI (Metropolitan Statistical Area)",9093242
2006-01-01,39540,"Racine, WI (Metropolitan Statistical Area)",9261515
2007-01-01,39540,"Racine, WI (Metropolitan Statistical Area)",9083183
2008-01-01,39540,"Racine, WI (Metropolitan Statistical Area)",8792507
2009-01-01,39540,"Racine, WI (Metropolitan Statistical Area)",8469222
2010-01-01,39540,"Racine, WI (Metropolitan Statistical Area)",8964538
2011-01-01,39540,"Racine, WI (Metropolitan Statistical Area)",8890665
2012-01-01,39540,"Racine, WI (Metropolitan Statistical Area)",8940458
2013-01-01,39540,"Racine, WI (Metropolitan Statistical Area)",8710302
2014-01-01,39540,"Racine, WI (Metropolitan Statistical Area)",8870365
2015-01-01,39540,"Racine, WI (Metropolitan Statistical Area)",8745989
2016-01-01,39540,"Racine, WI (Metropolitan Statistical Area)",8538199
2017-01-01,39540,"Racine, WI (Metropolitan Statistical Area)",8168961
2018-01-01,39540,"Racine, WI (Metropolitan Statistical Area)",8307502
2019-01-01,39540,"Racine, WI (Metropolitan Statistical Area)",8267222
2020-01-01,39540,"Racine, WI (Metropolitan Statistical Area)",8320541
2021-01-01,39540,"Racine, WI (Metropolitan Statistical Area)",8503209
2022-01-01,39540,"Racine, WI (Metropolitan Statistical Area)",8588778
2023-01-01,39540,"Racine, WI (Metropolitan Statistical Area)",8691488
2001-01-01,39580,"Raleigh-Cary, NC (Metropolitan Statistical Area)",43901849
2002-01-01,39580,"Raleigh-Cary, NC (Metropolitan Statistical Area)",45334077
2003-01-01,39580,"Raleigh-Cary, NC (Metropolitan Statistical Area)",47028930
2004-01-01,39580,"Raleigh-Cary, NC (Metropolitan Statistical Area)",49255921
2005-01-01,39580,"Raleigh-Cary, NC (Metropolitan Statistical Area)",52249645
2006-01-01,39580,"Raleigh-Cary, NC (Metropolitan Statistical Area)",55969662
2007-01-01,39580,"Raleigh-Cary, NC (Metropolitan Statistical Area)",58738505
2008-01-01,39580,"Raleigh-Cary, NC (Metropolitan Statistical Area)",60258870
2009-01-01,39580,"Raleigh-Cary, NC (Metropolitan Statistical Area)",57712333
2010-01-01,39580,"Raleigh-Cary, NC (Metropolitan Statistical Area)",61657287
2011-01-01,39580,"Raleigh-Cary, NC (Metropolitan Statistical Area)",61157673
2012-01-01,39580,"Raleigh-Cary, NC (Metropolitan Statistical Area)",62944712
2013-01-01,39580,"Raleigh-Cary, NC (Metropolitan Statistical Area)",66957721
2014-01-01,39580,"Raleigh-Cary, NC (Metropolitan Statistical Area)",71013091
2015-01-01,39580,"Raleigh-Cary, NC (Metropolitan Statistical Area)",76250943
2016-01-01,39580,"Raleigh-Cary, NC (Metropolitan Statistical Area)",81207420
2017-01-01,39580,"Raleigh-Cary, NC (Metropolitan Statistical Area)",84942031
2018-01-01,39580,"Raleigh-Cary, NC (Metropolitan Statistical Area)",89495451
2019-01-01,39580,"Raleigh-Cary, NC (Metropolitan Statistical Area)",92273786
2020-01-01,39580,"Raleigh-Cary, NC (Metropolitan Statistical Area)",92413433
2021-01-01,39580,"Raleigh-Cary, NC (Metropolitan Statistical Area)",100991943
2022-01-01,39580,"Raleigh-Cary, NC (Metropolitan Statistical Area)",105779607
2023-01-01,39580,"Raleigh-Cary, NC (Metropolitan Statistical Area)",110595313
2001-01-01,39660,"Rapid City, SD (Metropolitan Statistical Area)",4696092
2002-01-01,39660,"Rapid City, SD (Metropolitan Statistical Area)",5328633
2003-01-01,39660,"Rapid City, SD (Metropolitan Statistical Area)",5339970
2004-01-01,39660,"Rapid City, SD (Metropolitan Statistical Area)",5230621
2005-01-01,39660,"Rapid City, SD (Metropolitan Statistical Area)",5423639
2006-01-01,39660,"Rapid City, SD (Metropolitan Statistical Area)",5216666
2007-01-01,39660,"Rapid City, SD (Metropolitan Statistical Area)",5396106
2008-01-01,39660,"Rapid City, SD (Metropolitan Statistical Area)",5480786
2009-01-01,39660,"Rapid City, SD (Metropolitan Statistical Area)",5381282
2010-01-01,39660,"Rapid City, SD (Metropolitan Statistical Area)",5593240
2011-01-01,39660,"Rapid City, SD (Metropolitan Statistical Area)",5675296
2012-01-01,39660,"Rapid City, SD (Metropolitan Statistical Area)",5902931
2013-01-01,39660,"Rapid City, SD (Metropolitan Statistical Area)",5827429
2014-01-01,39660,"Rapid City, SD (Metropolitan Statistical Area)",6003152
2015-01-01,39660,"Rapid City, SD (Metropolitan Statistical Area)",6166308
2016-01-01,39660,"Rapid City, SD (Metropolitan Statistical Area)",6190753
2017-01-01,39660,"Rapid City, SD (Metropolitan Statistical Area)",6285618
2018-01-01,39660,"Rapid City, SD (Metropolitan Statistical Area)",6389384
2019-01-01,39660,"Rapid City, SD (Metropolitan Statistical Area)",6513442
2020-01-01,39660,"Rapid City, SD (Metropolitan Statistical Area)",6662327
2021-01-01,39660,"Rapid City, SD (Metropolitan Statistical Area)",6931745
2022-01-01,39660,"Rapid City, SD (Metropolitan Statistical Area)",7171288
2023-01-01,39660,"Rapid City, SD (Metropolitan Statistical Area)",7430192
2001-01-01,39740,"Reading, PA (Metropolitan Statistical Area)",15889570
2002-01-01,39740,"Reading, PA (Metropolitan Statistical Area)",16067078
2003-01-01,39740,"Reading, PA (Metropolitan Statistical Area)",16391067
2004-01-01,39740,"Reading, PA (Metropolitan Statistical Area)",16640391
2005-01-01,39740,"Reading, PA (Metropolitan Statistical Area)",16999651
2006-01-01,39740,"Reading, PA (Metropolitan Statistical Area)",17724993
2007-01-01,39740,"Reading, PA (Metropolitan Statistical Area)",17623788
2008-01-01,39740,"Reading, PA (Metropolitan Statistical Area)",17774108
2009-01-01,39740,"Reading, PA (Metropolitan Statistical Area)",17111151
2010-01-01,39740,"Reading, PA (Metropolitan Statistical Area)",17551673
2011-01-01,39740,"Reading, PA (Metropolitan Statistical Area)",18077363
2012-01-01,39740,"Reading, PA (Metropolitan Statistical Area)",18221516
2013-01-01,39740,"Reading, PA (Metropolitan Statistical Area)",18566005
2014-01-01,39740,"Reading, PA (Metropolitan Statistical Area)",18942706
2015-01-01,39740,"Reading, PA (Metropolitan Statistical Area)",19769018
2016-01-01,39740,"Reading, PA (Metropolitan Statistical Area)",20112551
2017-01-01,39740,"Reading, PA (Metropolitan Statistical Area)",20118171
2018-01-01,39740,"Reading, PA (Metropolitan Statistical Area)",20374240
2019-01-01,39740,"Reading, PA (Metropolitan Statistical Area)",20294331
2020-01-01,39740,"Reading, PA (Metropolitan Statistical Area)",19544448
2021-01-01,39740,"Reading, PA (Metropolitan Statistical Area)",20136091
2022-01-01,39740,"Reading, PA (Metropolitan Statistical Area)",20438050
2023-01-01,39740,"Reading, PA (Metropolitan Statistical Area)",20939523
2001-01-01,39820,"Redding, CA (Metropolitan Statistical Area)",6593736
2002-01-01,39820,"Redding, CA (Metropolitan Statistical Area)",7329141
2003-01-01,39820,"Redding, CA (Metropolitan Statistical Area)",7532447
2004-01-01,39820,"Redding, CA (Metropolitan Statistical Area)",7375264
2005-01-01,39820,"Redding, CA (Metropolitan Statistical Area)",7229051
2006-01-01,39820,"Redding, CA (Metropolitan Statistical Area)",7531668
2007-01-01,39820,"Redding, CA (Metropolitan Statistical Area)",7298233
2008-01-01,39820,"Redding, CA (Metropolitan Statistical Area)",7070736
2009-01-01,39820,"Redding, CA (Metropolitan Statistical Area)",6916958
2010-01-01,39820,"Redding, CA (Metropolitan Statistical Area)",7148754
2011-01-01,39820,"Redding, CA (Metropolitan Statistical Area)",7309077
2012-01-01,39820,"Redding, CA (Metropolitan Statistical Area)",7022507
2013-01-01,39820,"Redding, CA (Metropolitan Statistical Area)",7021036
2014-01-01,39820,"Redding, CA (Metropolitan Statistical Area)",7170116
2015-01-01,39820,"Redding, CA (Metropolitan Statistical Area)",7314111
2016-01-01,39820,"Redding, CA (Metropolitan Statistical Area)",7683255
2017-01-01,39820,"Redding, CA (Metropolitan Statistical Area)",8147396
2018-01-01,39820,"Redding, CA (Metropolitan Statistical Area)",7889537
2019-01-01,39820,"Redding, CA (Metropolitan Statistical Area)",8365845
2020-01-01,39820,"Redding, CA (Metropolitan Statistical Area)",8165870
2021-01-01,39820,"Redding, CA (Metropolitan Statistical Area)",8287294
2022-01-01,39820,"Redding, CA (Metropolitan Statistical Area)",8270098
2023-01-01,39820,"Redding, CA (Metropolitan Statistical Area)",8742908
2001-01-01,39900,"Reno, NV (Metropolitan Statistical Area)",22065987
2002-01-01,39900,"Reno, NV (Metropolitan Statistical Area)",22299414
2003-01-01,39900,"Reno, NV (Metropolitan Statistical Area)",22965245
2004-01-01,39900,"Reno, NV (Metropolitan Statistical Area)",24705495
2005-01-01,39900,"Reno, NV (Metropolitan Statistical Area)",25785089
2006-01-01,39900,"Reno, NV (Metropolitan Statistical Area)",25838943
2007-01-01,39900,"Reno, NV (Metropolitan Statistical Area)",25738974
2008-01-01,39900,"Reno, NV (Metropolitan Statistical Area)",24545938
2009-01-01,39900,"Reno, NV (Metropolitan Statistical Area)",23166810
2010-01-01,39900,"Reno, NV (Metropolitan Statistical Area)",24211619
2011-01-01,39900,"Reno, NV (Metropolitan Statistical Area)",23842535
2012-01-01,39900,"Reno, NV (Metropolitan Statistical Area)",24455601
2013-01-01,39900,"Reno, NV (Metropolitan Statistical Area)",24335998
2014-01-01,39900,"Reno, NV (Metropolitan Statistical Area)",24438381
2015-01-01,39900,"Reno, NV (Metropolitan Statistical Area)",26324765
2016-01-01,39900,"Reno, NV (Metropolitan Statistical Area)",27416931
2017-01-01,39900,"Reno, NV (Metropolitan Statistical Area)",29361104
2018-01-01,39900,"Reno, NV (Metropolitan Statistical Area)",28776037
2019-01-01,39900,"Reno, NV (Metropolitan Statistical Area)",29887091
2020-01-01,39900,"Reno, NV (Metropolitan Statistical Area)",30118929
2021-01-01,39900,"Reno, NV (Metropolitan Statistical Area)",33177757
2022-01-01,39900,"Reno, NV (Metropolitan Statistical Area)",33630522
2023-01-01,39900,"Reno, NV (Metropolitan Statistical Area)",34097705
2008-01-01,40060,"Richmond, VA (Metropolitan Statistical Area) *",71727702
2009-01-01,40060,"Richmond, VA (Metropolitan Statistical Area) *",70348318
2010-01-01,40060,"Richmond, VA (Metropolitan Statistical Area) *",72259377
2011-01-01,40060,"Richmond, VA (Metropolitan Statistical Area) *",74022918
2012-01-01,40060,"Richmond, VA (Metropolitan Statistical Area) *",75597765
2013-01-01,40060,"Richmond, VA (Metropolitan Statistical Area) *",77710858
2014-01-01,40060,"Richmond, VA (Metropolitan Statistical Area) *",78663161
2015-01-01,40060,"Richmond, VA (Metropolitan Statistical Area) *",81756383
2016-01-01,40060,"Richmond, VA (Metropolitan Statistical Area) *",82998076
2017-01-01,40060,"Richmond, VA (Metropolitan Statistical Area) *",84500969
2018-01-01,40060,"Richmond, VA (Metropolitan Statistical Area) *",86528275
2019-01-01,40060,"Richmond, VA (Metropolitan Statistical Area) *",88622342
2020-01-01,40060,"Richmond, VA (Metropolitan Statistical Area) *",87174021
2021-01-01,40060,"Richmond, VA (Metropolitan Statistical Area) *",91759102
2022-01-01,40060,"Richmond, VA (Metropolitan Statistical Area) *",93886627
2023-01-01,40060,"Richmond, VA (Metropolitan Statistical Area) *",94823373
2001-01-01,40060,"Richmond, VA (Metropolitan Statistical Area) *",67051563
2002-01-01,40060,"Richmond, VA (Metropolitan Statistical Area) *",65648678
2003-01-01,40060,"Richmond, VA (Metropolitan Statistical Area) *",66948116
2004-01-01,40060,"Richmond, VA (Metropolitan Statistical Area) *",67523043
2005-01-01,40060,"Richmond, VA (Metropolitan Statistical Area) *",70633139
2006-01-01,40060,"Richmond, VA (Metropolitan Statistical Area) *",71075615
2007-01-01,40060,"Richmond, VA (Metropolitan Statistical Area) *",72186177
2010-01-01,40140,"Riverside-San Bernardino-Ontario, CA (Metropolitan Statistical Area)",140956462
2011-01-01,40140,"Riverside-San Bernardino-Ontario, CA (Metropolitan Statistical Area)",143846927
2012-01-01,40140,"Riverside-San Bernardino-Ontario, CA (Metropolitan Statistical Area)",144328391
2013-01-01,40140,"Riverside-San Bernardino-Ontario, CA (Metropolitan Statistical Area)",149957978
2014-01-01,40140,"Riverside-San Bernardino-Ontario, CA (Metropolitan Statistical Area)",155233273
2015-01-01,40140,"Riverside-San Bernardino-Ontario, CA (Metropolitan Statistical Area)",162441496
2016-01-01,40140,"Riverside-San Bernardino-Ontario, CA (Metropolitan Statistical Area)",166795058
2017-01-01,40140,"Riverside-San Bernardino-Ontario, CA (Metropolitan Statistical Area)",171203284
2018-01-01,40140,"Riverside-San Bernardino-Ontario, CA (Metropolitan Statistical Area)",177211054
2019-01-01,40140,"Riverside-San Bernardino-Ontario, CA (Metropolitan Statistical Area)",185085963
2020-01-01,40140,"Riverside-San Bernardino-Ontario, CA (Metropolitan Statistical Area)",183495030
2021-01-01,40140,"Riverside-San Bernardino-Ontario, CA (Metropolitan Statistical Area)",195149965
2022-01-01,40140,"Riverside-San Bernardino-Ontario, CA (Metropolitan Statistical Area)",198951934
2023-01-01,40140,"Riverside-San Bernardino-Ontario, CA (Metropolitan Statistical Area)",201185094
2001-01-01,40140,"Riverside-San Bernardino-Ontario, CA (Metropolitan Statistical Area)",110343732
2002-01-01,40140,"Riverside-San Bernardino-Ontario, CA (Metropolitan Statistical Area)",116105675
2003-01-01,40140,"Riverside-San Bernardino-Ontario, CA (Metropolitan Statistical Area)",124213725
2004-01-01,40140,"Riverside-San Bernardino-Ontario, CA (Metropolitan Statistical Area)",132938769
2005-01-01,40140,"Riverside-San Bernardino-Ontario, CA (Metropolitan Statistical Area)",141765461
2006-01-01,40140,"Riverside-San Bernardino-Ontario, CA (Metropolitan Statistical Area)",147659996
2007-01-01,40140,"Riverside-San Bernardino-Ontario, CA (Metropolitan Statistical Area)",150418926
2008-01-01,40140,"Riverside-San Bernardino-Ontario, CA (Metropolitan Statistical Area)",147065343
2009-01-01,40140,"Riverside-San Bernardino-Ontario, CA (Metropolitan Statistical Area)",138295413
2001-01-01,40220,"Roanoke, VA (Metropolitan Statistical Area) *",14496780
2002-01-01,40220,"Roanoke, VA (Metropolitan Statistical Area) *",14353452
2003-01-01,40220,"Roanoke, VA (Metropolitan Statistical Area) *",14496290
2004-01-01,40220,"Roanoke, VA (Metropolitan Statistical Area) *",14476478
2005-01-01,40220,"Roanoke, VA (Metropolitan Statistical Area) *",15001182
2006-01-01,40220,"Roanoke, VA (Metropolitan Statistical Area) *",15464597
2007-01-01,40220,"Roanoke, VA (Metropolitan Statistical Area) *",15818813
2008-01-01,40220,"Roanoke, VA (Metropolitan Statistical Area) *",15766666
2009-01-01,40220,"Roanoke, VA (Metropolitan Statistical Area) *",15226379
2010-01-01,40220,"Roanoke, VA (Metropolitan Statistical Area) *",15497357
2011-01-01,40220,"Roanoke, VA (Metropolitan Statistical Area) *",15459974
2012-01-01,40220,"Roanoke, VA (Metropolitan Statistical Area) *",15423273
2013-01-01,40220,"Roanoke, VA (Metropolitan Statistical Area) *",15799871
2014-01-01,40220,"Roanoke, VA (Metropolitan Statistical Area) *",16080596
2015-01-01,40220,"Roanoke, VA (Metropolitan Statistical Area) *",16449171
2016-01-01,40220,"Roanoke, VA (Metropolitan Statistical Area) *",16201736
2017-01-01,40220,"Roanoke, VA (Metropolitan Statistical Area) *",15918924
2018-01-01,40220,"Roanoke, VA (Metropolitan Statistical Area) *",16183704
2019-01-01,40220,"Roanoke, VA (Metropolitan Statistical Area) *",16067963
2020-01-01,40220,"Roanoke, VA (Metropolitan Statistical Area) *",15751105
2021-01-01,40220,"Roanoke, VA (Metropolitan Statistical Area) *",16722907
2022-01-01,40220,"Roanoke, VA (Metropolitan Statistical Area) *",16950177
2023-01-01,40220,"Roanoke, VA (Metropolitan Statistical Area) *",17445530
2001-01-01,40340,"Rochester, MN (Metropolitan Statistical Area)",8252038
2002-01-01,40340,"Rochester, MN (Metropolitan Statistical Area)",8846448
2003-01-01,40340,"Rochester, MN (Metropolitan Statistical Area)",9561152
2004-01-01,40340,"Rochester, MN (Metropolitan Statistical Area)",10013742
2005-01-01,40340,"Rochester, MN (Metropolitan Statistical Area)",10177272
2006-01-01,40340,"Rochester, MN (Metropolitan Statistical Area)",10406857
2007-01-01,40340,"Rochester, MN (Metropolitan Statistical Area)",10442887
2008-01-01,40340,"Rochester, MN (Metropolitan Statistical Area)",10850967
2009-01-01,40340,"Rochester, MN (Metropolitan Statistical Area)",10730420
2010-01-01,40340,"Rochester, MN (Metropolitan Statistical Area)",11192571
2011-01-01,40340,"Rochester, MN (Metropolitan Statistical Area)",11317941
2012-01-01,40340,"Rochester, MN (Metropolitan Statistical Area)",11646562
2013-01-01,40340,"Rochester, MN (Metropolitan Statistical Area)",11936063
2014-01-01,40340,"Rochester, MN (Metropolitan Statistical Area)",12123127
2015-01-01,40340,"Rochester, MN (Metropolitan Statistical Area)",12471081
2016-01-01,40340,"Rochester, MN (Metropolitan Statistical Area)",12642691
2017-01-01,40340,"Rochester, MN (Metropolitan Statistical Area)",13102093
2018-01-01,40340,"Rochester, MN (Metropolitan Statistical Area)",13555688
2019-01-01,40340,"Rochester, MN (Metropolitan Statistical Area)",13829432
2020-01-01,40340,"Rochester, MN (Metropolitan Statistical Area)",13601413
2021-01-01,40340,"Rochester, MN (Metropolitan Statistical Area)",14127027
2022-01-01,40340,"Rochester, MN (Metropolitan Statistical Area)",14405533
2023-01-01,40340,"Rochester, MN (Metropolitan Statistical Area)",14860270
2013-01-01,40380,"Rochester, NY (Metropolitan Statistical Area)",59510574
2014-01-01,40380,"Rochester, NY (Metropolitan Statistical Area)",59161707
2015-01-01,40380,"Rochester, NY (Metropolitan Statistical Area)",60566829
2016-01-01,40380,"Rochester, NY (Metropolitan Statistical Area)",60450786
2017-01-01,40380,"Rochester, NY (Metropolitan Statistical Area)",61031225
2018-01-01,40380,"Rochester, NY (Metropolitan Statistical Area)",61352704
2019-01-01,40380,"Rochester, NY (Metropolitan Statistical Area)",62999479
2020-01-01,40380,"Rochester, NY (Metropolitan Statistical Area)",60958574
2021-01-01,40380,"Rochester, NY (Metropolitan Statistical Area)",63636769
2022-01-01,40380,"Rochester, NY (Metropolitan Statistical Area)",63772182
2023-01-01,40380,"Rochester, NY (Metropolitan Statistical Area)",63823414
2001-01-01,40380,"Rochester, NY (Metropolitan Statistical Area)",56391343
2002-01-01,40380,"Rochester, NY (Metropolitan Statistical Area)",56457699
2003-01-01,40380,"Rochester, NY (Metropolitan Statistical Area)",57370080
2004-01-01,40380,"Rochester, NY (Metropolitan Statistical Area)",57518358
2005-01-01,40380,"Rochester, NY (Metropolitan Statistical Area)",56964825
2006-01-01,40380,"Rochester, NY (Metropolitan Statistical Area)",57498695
2007-01-01,40380,"Rochester, NY (Metropolitan Statistical Area)",58178872
2008-01-01,40380,"Rochester, NY (Metropolitan Statistical Area)",58974897
2009-01-01,40380,"Rochester, NY (Metropolitan Statistical Area)",59199173
2010-01-01,40380,"Rochester, NY (Metropolitan Statistical Area)",60874843
2011-01-01,40380,"Rochester, NY (Metropolitan Statistical Area)",59498828
2012-01-01,40380,"Rochester, NY (Metropolitan Statistical Area)",59674686
2001-01-01,40420,"Rockford, IL (Metropolitan Statistical Area)",14140480
2002-01-01,40420,"Rockford, IL (Metropolitan Statistical Area)",14387701
2003-01-01,40420,"Rockford, IL (Metropolitan Statistical Area)",14640037
2004-01-01,40420,"Rockford, IL (Metropolitan Statistical Area)",15001337
2005-01-01,40420,"Rockford, IL (Metropolitan Statistical Area)",15349016
2006-01-01,40420,"Rockford, IL (Metropolitan Statistical Area)",15888922
2007-01-01,40420,"Rockford, IL (Metropolitan Statistical Area)",16145869
2008-01-01,40420,"Rockford, IL (Metropolitan Statistical Area)",15832848
2009-01-01,40420,"Rockford, IL (Metropolitan Statistical Area)",14586888
2010-01-01,40420,"Rockford, IL (Metropolitan Statistical Area)",14733518
2011-01-01,40420,"Rockford, IL (Metropolitan Statistical Area)",15266714
2012-01-01,40420,"Rockford, IL (Metropolitan Statistical Area)",15358588
2013-01-01,40420,"Rockford, IL (Metropolitan Statistical Area)",15197832
2014-01-01,40420,"Rockford, IL (Metropolitan Statistical Area)",15334439
2015-01-01,40420,"Rockford, IL (Metropolitan Statistical Area)",15625234
2016-01-01,40420,"Rockford, IL (Metropolitan Statistical Area)",15603668
2017-01-01,40420,"Rockford, IL (Metropolitan Statistical Area)",15826773
2018-01-01,40420,"Rockford, IL (Metropolitan Statistical Area)",16253918
2019-01-01,40420,"Rockford, IL (Metropolitan Statistical Area)",16150668
2020-01-01,40420,"Rockford, IL (Metropolitan Statistical Area)",14523967
2021-01-01,40420,"Rockford, IL (Metropolitan Statistical Area)",15076426
2022-01-01,40420,"Rockford, IL (Metropolitan Statistical Area)",15752615
2023-01-01,40420,"Rockford, IL (Metropolitan Statistical Area)",15713990
2001-01-01,40580,"Rocky Mount, NC (Metropolitan Statistical Area)",6435087
2002-01-01,40580,"Rocky Mount, NC (Metropolitan Statistical Area)",6301079
2003-01-01,40580,"Rocky Mount, NC (Metropolitan Statistical Area)",6396364
2004-01-01,40580,"Rocky Mount, NC (Metropolitan Statistical Area)",6410855
2005-01-01,40580,"Rocky Mount, NC (Metropolitan Statistical Area)",6546037
2006-01-01,40580,"Rocky Mount, NC (Metropolitan Statistical Area)",6776498
2007-01-01,40580,"Rocky Mount, NC (Metropolitan Statistical Area)",6799435
2008-01-01,40580,"Rocky Mount, NC (Metropolitan Statistical Area)",6801978
2009-01-01,40580,"Rocky Mount, NC (Metropolitan Statistical Area)",8503693
2010-01-01,40580,"Rocky Mount, NC (Metropolitan Statistical Area)",7575337
2011-01-01,40580,"Rocky Mount, NC (Metropolitan Statistical Area)",6835161
2012-01-01,40580,"Rocky Mount, NC (Metropolitan Statistical Area)",6038193
2013-01-01,40580,"Rocky Mount, NC (Metropolitan Statistical Area)",6090411
2014-01-01,40580,"Rocky Mount, NC (Metropolitan Statistical Area)",7566421
2015-01-01,40580,"Rocky Mount, NC (Metropolitan Statistical Area)",8411792
2016-01-01,40580,"Rocky Mount, NC (Metropolitan Statistical Area)",8384099
2017-01-01,40580,"Rocky Mount, NC (Metropolitan Statistical Area)",7016832
2018-01-01,40580,"Rocky Mount, NC (Metropolitan Statistical Area)",6669395
2019-01-01,40580,"Rocky Mount, NC (Metropolitan Statistical Area)",6341836
2020-01-01,40580,"Rocky Mount, NC (Metropolitan Statistical Area)",6446932
2021-01-01,40580,"Rocky Mount, NC (Metropolitan Statistical Area)",6761637
2022-01-01,40580,"Rocky Mount, NC (Metropolitan Statistical Area)",6778710
2023-01-01,40580,"Rocky Mount, NC (Metropolitan Statistical Area)",6907867
2001-01-01,40660,"Rome, GA (Metropolitan Statistical Area)",4415114
2002-01-01,40660,"Rome, GA (Metropolitan Statistical Area)",3921589
2003-01-01,40660,"Rome, GA (Metropolitan Statistical Area)",3949920
2004-01-01,40660,"Rome, GA (Metropolitan Statistical Area)",4121707
2005-01-01,40660,"Rome, GA (Metropolitan Statistical Area)",4009808
2006-01-01,40660,"Rome, GA (Metropolitan Statistical Area)",4049199
2007-01-01,40660,"Rome, GA (Metropolitan Statistical Area)",4109196
2008-01-01,40660,"Rome, GA (Metropolitan Statistical Area)",4083871
2009-01-01,40660,"Rome, GA (Metropolitan Statistical Area)",3954960
2010-01-01,40660,"Rome, GA (Metropolitan Statistical Area)",4019164
2011-01-01,40660,"Rome, GA (Metropolitan Statistical Area)",4011067
2012-01-01,40660,"Rome, GA (Metropolitan Statistical Area)",3908364
2013-01-01,40660,"Rome, GA (Metropolitan Statistical Area)",3823133
2014-01-01,40660,"Rome, GA (Metropolitan Statistical Area)",4011320
2015-01-01,40660,"Rome, GA (Metropolitan Statistical Area)",4137921
2016-01-01,40660,"Rome, GA (Metropolitan Statistical Area)",4312400
2017-01-01,40660,"Rome, GA (Metropolitan Statistical Area)",4173443
2018-01-01,40660,"Rome, GA (Metropolitan Statistical Area)",4148705
2019-01-01,40660,"Rome, GA (Metropolitan Statistical Area)",4079777
2020-01-01,40660,"Rome, GA (Metropolitan Statistical Area)",3931938
2021-01-01,40660,"Rome, GA (Metropolitan Statistical Area)",4160677
2022-01-01,40660,"Rome, GA (Metropolitan Statistical Area)",4267096
2023-01-01,40660,"Rome, GA (Metropolitan Statistical Area)",4378964
2010-01-01,40900,"Sacramento-Roseville-Folsom, CA (Metropolitan Statistical Area)",109083792
2011-01-01,40900,"Sacramento-Roseville-Folsom, CA (Metropolitan Statistical Area)",111608920
2012-01-01,40900,"Sacramento-Roseville-Folsom, CA (Metropolitan Statistical Area)",112927196
2013-01-01,40900,"Sacramento-Roseville-Folsom, CA (Metropolitan Statistical Area)",116573960
2014-01-01,40900,"Sacramento-Roseville-Folsom, CA (Metropolitan Statistical Area)",119818240
2015-01-01,40900,"Sacramento-Roseville-Folsom, CA (Metropolitan Statistical Area)",124917474
2016-01-01,40900,"Sacramento-Roseville-Folsom, CA (Metropolitan Statistical Area)",127496875
2017-01-01,40900,"Sacramento-Roseville-Folsom, CA (Metropolitan Statistical Area)",131157393
2018-01-01,40900,"Sacramento-Roseville-Folsom, CA (Metropolitan Statistical Area)",136933816
2019-01-01,40900,"Sacramento-Roseville-Folsom, CA (Metropolitan Statistical Area)",141901315
2020-01-01,40900,"Sacramento-Roseville-Folsom, CA (Metropolitan Statistical Area)",138904231
2021-01-01,40900,"Sacramento-Roseville-Folsom, CA (Metropolitan Statistical Area)",147352494
2022-01-01,40900,"Sacramento-Roseville-Folsom, CA (Metropolitan Statistical Area)",150430279
2023-01-01,40900,"Sacramento-Roseville-Folsom, CA (Metropolitan Statistical Area)",153782657
2001-01-01,40900,"Sacramento-Roseville-Folsom, CA (Metropolitan Statistical Area)",94822530
2002-01-01,40900,"Sacramento-Roseville-Folsom, CA (Metropolitan Statistical Area)",98220936
2003-01-01,40900,"Sacramento-Roseville-Folsom, CA (Metropolitan Statistical Area)",103065801
2004-01-01,40900,"Sacramento-Roseville-Folsom, CA (Metropolitan Statistical Area)",106782560
2005-01-01,40900,"Sacramento-Roseville-Folsom, CA (Metropolitan Statistical Area)",112060049
2006-01-01,40900,"Sacramento-Roseville-Folsom, CA (Metropolitan Statistical Area)",115207727
2007-01-01,40900,"Sacramento-Roseville-Folsom, CA (Metropolitan Statistical Area)",116771986
2008-01-01,40900,"Sacramento-Roseville-Folsom, CA (Metropolitan Statistical Area)",115871271
2009-01-01,40900,"Sacramento-Roseville-Folsom, CA (Metropolitan Statistical Area)",110547147
2010-01-01,40980,"Saginaw, MI (Metropolitan Statistical Area)",7933470
2011-01-01,40980,"Saginaw, MI (Metropolitan Statistical Area)",8109769
2012-01-01,40980,"Saginaw, MI (Metropolitan Statistical Area)",8103882
2013-01-01,40980,"Saginaw, MI (Metropolitan Statistical Area)",8182107
2014-01-01,40980,"Saginaw, MI (Metropolitan Statistical Area)",8016108
2015-01-01,40980,"Saginaw, MI (Metropolitan Statistical Area)",8040909
2016-01-01,40980,"Saginaw, MI (Metropolitan Statistical Area)",8233953
2017-01-01,40980,"Saginaw, MI (Metropolitan Statistical Area)",8198898
2018-01-01,40980,"Saginaw, MI (Metropolitan Statistical Area)",8459769
2019-01-01,40980,"Saginaw, MI (Metropolitan Statistical Area)",8480860
2020-01-01,40980,"Saginaw, MI (Metropolitan Statistical Area)",8243904
2021-01-01,40980,"Saginaw, MI (Metropolitan Statistical Area)",8747758
2022-01-01,40980,"Saginaw, MI (Metropolitan Statistical Area)",8801629
2023-01-01,40980,"Saginaw, MI (Metropolitan Statistical Area)",8934115
2001-01-01,40980,"Saginaw, MI (Metropolitan Statistical Area)",8219450
2002-01-01,40980,"Saginaw, MI (Metropolitan Statistical Area)",8420604
2003-01-01,40980,"Saginaw, MI (Metropolitan Statistical Area)",8780802
2004-01-01,40980,"Saginaw, MI (Metropolitan Statistical Area)",8713941
2005-01-01,40980,"Saginaw, MI (Metropolitan Statistical Area)",8914714
2006-01-01,40980,"Saginaw, MI (Metropolitan Statistical Area)",8696427
2007-01-01,40980,"Saginaw, MI (Metropolitan Statistical Area)",8456465
2008-01-01,40980,"Saginaw, MI (Metropolitan Statistical Area)",7904456
2009-01-01,40980,"Saginaw, MI (Metropolitan Statistical Area)",7515045
2001-01-01,41060,"St. Cloud, MN (Metropolitan Statistical Area)",7749033
2002-01-01,41060,"St. Cloud, MN (Metropolitan Statistical Area)",7943551
2003-01-01,41060,"St. Cloud, MN (Metropolitan Statistical Area)",8066089
2004-01-01,41060,"St. Cloud, MN (Metropolitan Statistical Area)",8478191
2005-01-01,41060,"St. Cloud, MN (Metropolitan Statistical Area)",8576048
2006-01-01,41060,"St. Cloud, MN (Metropolitan Statistical Area)",8767623
2007-01-01,41060,"St. Cloud, MN (Metropolitan Statistical Area)",8755169
2008-01-01,41060,"St. Cloud, MN (Metropolitan Statistical Area)",8917211
2009-01-01,41060,"St. Cloud, MN (Metropolitan Statistical Area)",8650354
2010-01-01,41060,"St. Cloud, MN (Metropolitan Statistical Area)",8725586
2011-01-01,41060,"St. Cloud, MN (Metropolitan Statistical Area)",9080411
2012-01-01,41060,"St. Cloud, MN (Metropolitan Statistical Area)",9114313
2013-01-01,41060,"St. Cloud, MN (Metropolitan Statistical Area)",9477490
2014-01-01,41060,"St. Cloud, MN (Metropolitan Statistical Area)",9874549
2015-01-01,41060,"St. Cloud, MN (Metropolitan Statistical Area)",10028126
2016-01-01,41060,"St. Cloud, MN (Metropolitan Statistical Area)",10398231
2017-01-01,41060,"St. Cloud, MN (Metropolitan Statistical Area)",10581206
2018-01-01,41060,"St. Cloud, MN (Metropolitan Statistical Area)",10676022
2019-01-01,41060,"St. Cloud, MN (Metropolitan Statistical Area)",10571201
2020-01-01,41060,"St. Cloud, MN (Metropolitan Statistical Area)",10349149
2021-01-01,41060,"St. Cloud, MN (Metropolitan Statistical Area)",10616204
2022-01-01,41060,"St. Cloud, MN (Metropolitan Statistical Area)",11074084
2023-01-01,41060,"St. Cloud, MN (Metropolitan Statistical Area)",11098395
2001-01-01,41100,"St. George, UT (Metropolitan Statistical Area)",2777997
2002-01-01,41100,"St. George, UT (Metropolitan Statistical Area)",2945288
2003-01-01,41100,"St. George, UT (Metropolitan Statistical Area)",3171056
2004-01-01,41100,"St. George, UT (Metropolitan Statistical Area)",3474622
2005-01-01,41100,"St. George, UT (Metropolitan Statistical Area)",3869900
2006-01-01,41100,"St. George, UT (Metropolitan Statistical Area)",4269715
2007-01-01,41100,"St. George, UT (Metropolitan Statistical Area)",4438790
2008-01-01,41100,"St. George, UT (Metropolitan Statistical Area)",4244572
2009-01-01,41100,"St. George, UT (Metropolitan Statistical Area)",3854063
2010-01-01,41100,"St. George, UT (Metropolitan Statistical Area)",3832970
2011-01-01,41100,"St. George, UT (Metropolitan Statistical Area)",3881182
2012-01-01,41100,"St. George, UT (Metropolitan Statistical Area)",4179470
2013-01-01,41100,"St. George, UT (Metropolitan Statistical Area)",4560155
2014-01-01,41100,"St. George, UT (Metropolitan Statistical Area)",4757231
2015-01-01,41100,"St. George, UT (Metropolitan Statistical Area)",5067390
2016-01-01,41100,"St. George, UT (Metropolitan Statistical Area)",5556357
2017-01-01,41100,"St. George, UT (Metropolitan Statistical Area)",6234717
2018-01-01,41100,"St. George, UT (Metropolitan Statistical Area)",6619509
2019-01-01,41100,"St. George, UT (Metropolitan Statistical Area)",6870819
2020-01-01,41100,"St. George, UT (Metropolitan Statistical Area)",7218950
2021-01-01,41100,"St. George, UT (Metropolitan Statistical Area)",7858302
2022-01-01,41100,"St. George, UT (Metropolitan Statistical Area)",8175105
2023-01-01,41100,"St. George, UT (Metropolitan Statistical Area)",8419791
2001-01-01,41140,"St. Joseph, MO-KS (Metropolitan Statistical Area)",4733032
2002-01-01,41140,"St. Joseph, MO-KS (Metropolitan Statistical Area)",4859418
2003-01-01,41140,"St. Joseph, MO-KS (Metropolitan Statistical Area)",4927339
2004-01-01,41140,"St. Joseph, MO-KS (Metropolitan Statistical Area)",5228174
2005-01-01,41140,"St. Joseph, MO-KS (Metropolitan Statistical Area)",5243497
2006-01-01,41140,"St. Joseph, MO-KS (Metropolitan Statistical Area)",5308128
2007-01-01,41140,"St. Joseph, MO-KS (Metropolitan Statistical Area)",5402466
2008-01-01,41140,"St. Joseph, MO-KS (Metropolitan Statistical Area)",5578718
2009-01-01,41140,"St. Joseph, MO-KS (Metropolitan Statistical Area)",5498625
2010-01-01,41140,"St. Joseph, MO-KS (Metropolitan Statistical Area)",5495707
2011-01-01,41140,"St. Joseph, MO-KS (Metropolitan Statistical Area)",5558766
2012-01-01,41140,"St. Joseph, MO-KS (Metropolitan Statistical Area)",5976150
2013-01-01,41140,"St. Joseph, MO-KS (Metropolitan Statistical Area)",6170308
2014-01-01,41140,"St. Joseph, MO-KS (Metropolitan Statistical Area)",5941022
2015-01-01,41140,"St. Joseph, MO-KS (Metropolitan Statistical Area)",5785980
2016-01-01,41140,"St. Joseph, MO-KS (Metropolitan Statistical Area)",5770694
2017-01-01,41140,"St. Joseph, MO-KS (Metropolitan Statistical Area)",6080876
2018-01-01,41140,"St. Joseph, MO-KS (Metropolitan Statistical Area)",5960083
2019-01-01,41140,"St. Joseph, MO-KS (Metropolitan Statistical Area)",5981779
2020-01-01,41140,"St. Joseph, MO-KS (Metropolitan Statistical Area)",5854185
2021-01-01,41140,"St. Joseph, MO-KS (Metropolitan Statistical Area)",5920464
2022-01-01,41140,"St. Joseph, MO-KS (Metropolitan Statistical Area)",5829494
2023-01-01,41140,"St. Joseph, MO-KS (Metropolitan Statistical Area)",5889426
2001-01-01,41180,"St. Louis, MO-IL (Metropolitan Statistical Area)",140671495
2002-01-01,41180,"St. Louis, MO-IL (Metropolitan Statistical Area)",142701477
2003-01-01,41180,"St. Louis, MO-IL (Metropolitan Statistical Area)",147275770
2004-01-01,41180,"St. Louis, MO-IL (Metropolitan Statistical Area)",149755908
2005-01-01,41180,"St. Louis, MO-IL (Metropolitan Statistical Area)",152726023
2006-01-01,41180,"St. Louis, MO-IL (Metropolitan Statistical Area)",152397455
2007-01-01,41180,"St. Louis, MO-IL (Metropolitan Statistical Area)",153776050
2008-01-01,41180,"St. Louis, MO-IL (Metropolitan Statistical Area)",158778833
2009-01-01,41180,"St. Louis, MO-IL (Metropolitan Statistical Area)",154249197
2010-01-01,41180,"St. Louis, MO-IL (Metropolitan Statistical Area)",157598304
2011-01-01,41180,"St. Louis, MO-IL (Metropolitan Statistical Area)",157558667
2012-01-01,41180,"St. Louis, MO-IL (Metropolitan Statistical Area)",159153169
2013-01-01,41180,"St. Louis, MO-IL (Metropolitan Statistical Area)",161321261
2014-01-01,41180,"St. Louis, MO-IL (Metropolitan Statistical Area)",163588334
2015-01-01,41180,"St. Louis, MO-IL (Metropolitan Statistical Area)",164953582
2016-01-01,41180,"St. Louis, MO-IL (Metropolitan Statistical Area)",165057745
2017-01-01,41180,"St. Louis, MO-IL (Metropolitan Statistical Area)",164415211
2018-01-01,41180,"St. Louis, MO-IL (Metropolitan Statistical Area)",166573763
2019-01-01,41180,"St. Louis, MO-IL (Metropolitan Statistical Area)",169456801
2020-01-01,41180,"St. Louis, MO-IL (Metropolitan Statistical Area)",165708660
2021-01-01,41180,"St. Louis, MO-IL (Metropolitan Statistical Area)",175799686
2022-01-01,41180,"St. Louis, MO-IL (Metropolitan Statistical Area)",180223362
2023-01-01,41180,"St. Louis, MO-IL (Metropolitan Statistical Area)",184764129
2001-01-01,41420,"Salem, OR (Metropolitan Statistical Area)",12448615
2002-01-01,41420,"Salem, OR (Metropolitan Statistical Area)",12687962
2003-01-01,41420,"Salem, OR (Metropolitan Statistical Area)",13139951
2004-01-01,41420,"Salem, OR (Metropolitan Statistical Area)",13415040
2005-01-01,41420,"Salem, OR (Metropolitan Statistical Area)",14034927
2006-01-01,41420,"Salem, OR (Metropolitan Statistical Area)",14930119
2007-01-01,41420,"Salem, OR (Metropolitan Statistical Area)",14750746
2008-01-01,41420,"Salem, OR (Metropolitan Statistical Area)",14852577
2009-01-01,41420,"Salem, OR (Metropolitan Statistical Area)",14293977
2010-01-01,41420,"Salem, OR (Metropolitan Statistical Area)",14406292
2011-01-01,41420,"Salem, OR (Metropolitan Statistical Area)",14121396
2012-01-01,41420,"Salem, OR (Metropolitan Statistical Area)",14274965
2013-01-01,41420,"Salem, OR (Metropolitan Statistical Area)",14273964
2014-01-01,41420,"Salem, OR (Metropolitan Statistical Area)",14754912
2015-01-01,41420,"Salem, OR (Metropolitan Statistical Area)",15557201
2016-01-01,41420,"Salem, OR (Metropolitan Statistical Area)",16350558
2017-01-01,41420,"Salem, OR (Metropolitan Statistical Area)",17085587
2018-01-01,41420,"Salem, OR (Metropolitan Statistical Area)",18039924
2019-01-01,41420,"Salem, OR (Metropolitan Statistical Area)",18621905
2020-01-01,41420,"Salem, OR (Metropolitan Statistical Area)",18573011
2021-01-01,41420,"Salem, OR (Metropolitan Statistical Area)",19769260
2022-01-01,41420,"Salem, OR (Metropolitan Statistical Area)",20114418
2023-01-01,41420,"Salem, OR (Metropolitan Statistical Area)",20633642
2001-01-01,41500,"Salinas, CA (Metropolitan Statistical Area)",21467714
2002-01-01,41500,"Salinas, CA (Metropolitan Statistical Area)",22707029
2003-01-01,41500,"Salinas, CA (Metropolitan Statistical Area)",22677669
2004-01-01,41500,"Salinas, CA (Metropolitan Statistical Area)",20329457
2005-01-01,41500,"Salinas, CA (Metropolitan Statistical Area)",20831154
2006-01-01,41500,"Salinas, CA (Metropolitan Statistical Area)",22325843
2007-01-01,41500,"Salinas, CA (Metropolitan Statistical Area)",21360900
2008-01-01,41500,"Salinas, CA (Metropolitan Statistical Area)",21062003
2009-01-01,41500,"Salinas, CA (Metropolitan Statistical Area)",22377864
2010-01-01,41500,"Salinas, CA (Metropolitan Statistical Area)",21882546
2011-01-01,41500,"Salinas, CA (Metropolitan Statistical Area)",20629712
2012-01-01,41500,"Salinas, CA (Metropolitan Statistical Area)",21478467
2013-01-01,41500,"Salinas, CA (Metropolitan Statistical Area)",22733536
2014-01-01,41500,"Salinas, CA (Metropolitan Statistical Area)",23125636
2015-01-01,41500,"Salinas, CA (Metropolitan Statistical Area)",25086928
2016-01-01,41500,"Salinas, CA (Metropolitan Statistical Area)",25860113
2017-01-01,41500,"Salinas, CA (Metropolitan Statistical Area)",25923476
2018-01-01,41500,"Salinas, CA (Metropolitan Statistical Area)",26770519
2019-01-01,41500,"Salinas, CA (Metropolitan Statistical Area)",27639613
2020-01-01,41500,"Salinas, CA (Metropolitan Statistical Area)",27384056
2021-01-01,41500,"Salinas, CA (Metropolitan Statistical Area)",27567952
2022-01-01,41500,"Salinas, CA (Metropolitan Statistical Area)",27891144
2023-01-01,41500,"Salinas, CA (Metropolitan Statistical Area)",28980213
2001-01-01,41540,"Salisbury, MD-DE (Metropolitan Statistical Area)",15598866
2002-01-01,41540,"Salisbury, MD-DE (Metropolitan Statistical Area)",15132766
2003-01-01,41540,"Salisbury, MD-DE (Metropolitan Statistical Area)",15554797
2004-01-01,41540,"Salisbury, MD-DE (Metropolitan Statistical Area)",16461554
2005-01-01,41540,"Salisbury, MD-DE (Metropolitan Statistical Area)",17425968
2006-01-01,41540,"Salisbury, MD-DE (Metropolitan Statistical Area)",17938176
2007-01-01,41540,"Salisbury, MD-DE (Metropolitan Statistical Area)",18329099
2008-01-01,41540,"Salisbury, MD-DE (Metropolitan Statistical Area)",18276714
2009-01-01,41540,"Salisbury, MD-DE (Metropolitan Statistical Area)",18207202
2010-01-01,41540,"Salisbury, MD-DE (Metropolitan Statistical Area)",17677755
2011-01-01,41540,"Salisbury, MD-DE (Metropolitan Statistical Area)",17913610
2012-01-01,41540,"Salisbury, MD-DE (Metropolitan Statistical Area)",17995988
2013-01-01,41540,"Salisbury, MD-DE (Metropolitan Statistical Area)",18942309
2014-01-01,41540,"Salisbury, MD-DE (Metropolitan Statistical Area)",19924558
2015-01-01,41540,"Salisbury, MD-DE (Metropolitan Statistical Area)",21588588
2016-01-01,41540,"Salisbury, MD-DE (Metropolitan Statistical Area)",21234606
2017-01-01,41540,"Salisbury, MD-DE (Metropolitan Statistical Area)",21115455
2018-01-01,41540,"Salisbury, MD-DE (Metropolitan Statistical Area)",21627958
2019-01-01,41540,"Salisbury, MD-DE (Metropolitan Statistical Area)",22483761
2020-01-01,41540,"Salisbury, MD-DE (Metropolitan Statistical Area)",21555051
2021-01-01,41540,"Salisbury, MD-DE (Metropolitan Statistical Area)",23323567
2022-01-01,41540,"Salisbury, MD-DE (Metropolitan Statistical Area)",24240763
2023-01-01,41540,"Salisbury, MD-DE (Metropolitan Statistical Area)",24438892
2001-01-01,41620,"Salt Lake City, UT (Metropolitan Statistical Area)",55191230
2002-01-01,41620,"Salt Lake City, UT (Metropolitan Statistical Area)",56627227
2003-01-01,41620,"Salt Lake City, UT (Metropolitan Statistical Area)",57007994
2004-01-01,41620,"Salt Lake City, UT (Metropolitan Statistical Area)",60890043
2005-01-01,41620,"Salt Lake City, UT (Metropolitan Statistical Area)",64320902
2006-01-01,41620,"Salt Lake City, UT (Metropolitan Statistical Area)",69163898
2007-01-01,41620,"Salt Lake City, UT (Metropolitan Statistical Area)",72425856
2008-01-01,41620,"Salt Lake City, UT (Metropolitan Statistical Area)",71887202
2009-01-01,41620,"Salt Lake City, UT (Metropolitan Statistical Area)",69546064
2010-01-01,41620,"Salt Lake City, UT (Metropolitan Statistical Area)",71288437
2011-01-01,41620,"Salt Lake City, UT (Metropolitan Statistical Area)",74710824
2012-01-01,41620,"Salt Lake City, UT (Metropolitan Statistical Area)",76922246
2013-01-01,41620,"Salt Lake City, UT (Metropolitan Statistical Area)",78281802
2014-01-01,41620,"Salt Lake City, UT (Metropolitan Statistical Area)",80750181
2015-01-01,41620,"Salt Lake City, UT (Metropolitan Statistical Area)",83475327
2016-01-01,41620,"Salt Lake City, UT (Metropolitan Statistical Area)",87417585
2017-01-01,41620,"Salt Lake City, UT (Metropolitan Statistical Area)",91954184
2018-01-01,41620,"Salt Lake City, UT (Metropolitan Statistical Area)",97160079
2019-01-01,41620,"Salt Lake City, UT (Metropolitan Statistical Area)",102992794
2020-01-01,41620,"Salt Lake City, UT (Metropolitan Statistical Area)",102511232
2021-01-01,41620,"Salt Lake City, UT (Metropolitan Statistical Area)",111345980
2022-01-01,41620,"Salt Lake City, UT (Metropolitan Statistical Area)",114347883
2023-01-01,41620,"Salt Lake City, UT (Metropolitan Statistical Area)",117972899
2001-01-01,41660,"San Angelo, TX (Metropolitan Statistical Area)",3847522
2002-01-01,41660,"San Angelo, TX (Metropolitan Statistical Area)",3799617
2003-01-01,41660,"San Angelo, TX (Metropolitan Statistical Area)",3754950
2004-01-01,41660,"San Angelo, TX (Metropolitan Statistical Area)",3748024
2005-01-01,41660,"San Angelo, TX (Metropolitan Statistical Area)",3771031
2006-01-01,41660,"San Angelo, TX (Metropolitan Statistical Area)",3839524
2007-01-01,41660,"San Angelo, TX (Metropolitan Statistical Area)",3971202
2008-01-01,41660,"San Angelo, TX (Metropolitan Statistical Area)",4185368
2009-01-01,41660,"San Angelo, TX (Metropolitan Statistical Area)",4474846
2010-01-01,41660,"San Angelo, TX (Metropolitan Statistical Area)",4750107
2011-01-01,41660,"San Angelo, TX (Metropolitan Statistical Area)",4936061
2012-01-01,41660,"San Angelo, TX (Metropolitan Statistical Area)",5358618
2013-01-01,41660,"San Angelo, TX (Metropolitan Statistical Area)",6096004
2014-01-01,41660,"San Angelo, TX (Metropolitan Statistical Area)",6636739
2015-01-01,41660,"San Angelo, TX (Metropolitan Statistical Area)",6829516
2016-01-01,41660,"San Angelo, TX (Metropolitan Statistical Area)",6353834
2017-01-01,41660,"San Angelo, TX (Metropolitan Statistical Area)",6333829
2018-01-01,41660,"San Angelo, TX (Metropolitan Statistical Area)",6668905
2019-01-01,41660,"San Angelo, TX (Metropolitan Statistical Area)",7308739
2020-01-01,41660,"San Angelo, TX (Metropolitan Statistical Area)",7336054
2021-01-01,41660,"San Angelo, TX (Metropolitan Statistical Area)",7423225
2022-01-01,41660,"San Angelo, TX (Metropolitan Statistical Area)",7458208
2023-01-01,41660,"San Angelo, TX (Metropolitan Statistical Area)",8003043
2001-01-01,41700,"San Antonio-New Braunfels, TX (Metropolitan Statistical Area)",72432948
2002-01-01,41700,"San Antonio-New Braunfels, TX (Metropolitan Statistical Area)",74362511
2003-01-01,41700,"San Antonio-New Braunfels, TX (Metropolitan Statistical Area)",77324365
2004-01-01,41700,"San Antonio-New Braunfels, TX (Metropolitan Statistical Area)",80076166
2005-01-01,41700,"San Antonio-New Braunfels, TX (Metropolitan Statistical Area)",83419587
2006-01-01,41700,"San Antonio-New Braunfels, TX (Metropolitan Statistical Area)",87822328
2007-01-01,41700,"San Antonio-New Braunfels, TX (Metropolitan Statistical Area)",90512867
2008-01-01,41700,"San Antonio-New Braunfels, TX (Metropolitan Statistical Area)",91444642
2009-01-01,41700,"San Antonio-New Braunfels, TX (Metropolitan Statistical Area)",89583658
2010-01-01,41700,"San Antonio-New Braunfels, TX (Metropolitan Statistical Area)",93281935
2011-01-01,41700,"San Antonio-New Braunfels, TX (Metropolitan Statistical Area)",97520858
2012-01-01,41700,"San Antonio-New Braunfels, TX (Metropolitan Statistical Area)",100304864
2013-01-01,41700,"San Antonio-New Braunfels, TX (Metropolitan Statistical Area)",105580489
2014-01-01,41700,"San Antonio-New Braunfels, TX (Metropolitan Statistical Area)",111174173
2015-01-01,41700,"San Antonio-New Braunfels, TX (Metropolitan Statistical Area)",117563189
2016-01-01,41700,"San Antonio-New Braunfels, TX (Metropolitan Statistical Area)",118607925
2017-01-01,41700,"San Antonio-New Braunfels, TX (Metropolitan Statistical Area)",118925670
2018-01-01,41700,"San Antonio-New Braunfels, TX (Metropolitan Statistical Area)",124531674
2019-01-01,41700,"San Antonio-New Braunfels, TX (Metropolitan Statistical Area)",129034845
2020-01-01,41700,"San Antonio-New Braunfels, TX (Metropolitan Statistical Area)",127376030
2021-01-01,41700,"San Antonio-New Braunfels, TX (Metropolitan Statistical Area)",134208105
2022-01-01,41700,"San Antonio-New Braunfels, TX (Metropolitan Statistical Area)",143714879
2023-01-01,41700,"San Antonio-New Braunfels, TX (Metropolitan Statistical Area)",150320285
2001-01-01,41740,"San Diego-Chula Vista-Carlsbad, CA (Metropolitan Statistical Area)",152305286
2002-01-01,41740,"San Diego-Chula Vista-Carlsbad, CA (Metropolitan Statistical Area)",159296690
2003-01-01,41740,"San Diego-Chula Vista-Carlsbad, CA (Metropolitan Statistical Area)",167846972
2004-01-01,41740,"San Diego-Chula Vista-Carlsbad, CA (Metropolitan Statistical Area)",177125125
2005-01-01,41740,"San Diego-Chula Vista-Carlsbad, CA (Metropolitan Statistical Area)",186576147
2006-01-01,41740,"San Diego-Chula Vista-Carlsbad, CA (Metropolitan Statistical Area)",190800982
2007-01-01,41740,"San Diego-Chula Vista-Carlsbad, CA (Metropolitan Statistical Area)",194328788
2008-01-01,41740,"San Diego-Chula Vista-Carlsbad, CA (Metropolitan Statistical Area)",193238641
2009-01-01,41740,"San Diego-Chula Vista-Carlsbad, CA (Metropolitan Statistical Area)",183920034
2010-01-01,41740,"San Diego-Chula Vista-Carlsbad, CA (Metropolitan Statistical Area)",186568771
2011-01-01,41740,"San Diego-Chula Vista-Carlsbad, CA (Metropolitan Statistical Area)",190527186
2012-01-01,41740,"San Diego-Chula Vista-Carlsbad, CA (Metropolitan Statistical Area)",193126868
2013-01-01,41740,"San Diego-Chula Vista-Carlsbad, CA (Metropolitan Statistical Area)",201179560
2014-01-01,41740,"San Diego-Chula Vista-Carlsbad, CA (Metropolitan Statistical Area)",207374059
2015-01-01,41740,"San Diego-Chula Vista-Carlsbad, CA (Metropolitan Statistical Area)",214131174
2016-01-01,41740,"San Diego-Chula Vista-Carlsbad, CA (Metropolitan Statistical Area)",216808329
2017-01-01,41740,"San Diego-Chula Vista-Carlsbad, CA (Metropolitan Statistical Area)",224767520
2018-01-01,41740,"San Diego-Chula Vista-Carlsbad, CA (Metropolitan Statistical Area)",230518588
2019-01-01,41740,"San Diego-Chula Vista-Carlsbad, CA (Metropolitan Statistical Area)",236633899
2020-01-01,41740,"San Diego-Chula Vista-Carlsbad, CA (Metropolitan Statistical Area)",233308848
2021-01-01,41740,"San Diego-Chula Vista-Carlsbad, CA (Metropolitan Statistical Area)",250384596
2022-01-01,41740,"San Diego-Chula Vista-Carlsbad, CA (Metropolitan Statistical Area)",258035086
2023-01-01,41740,"San Diego-Chula Vista-Carlsbad, CA (Metropolitan Statistical Area)",261671687
2001-01-01,41860,"San Francisco-Oakland-Berkeley, CA (Metropolitan Statistical Area)",322406182
2002-01-01,41860,"San Francisco-Oakland-Berkeley, CA (Metropolitan Statistical Area)",315859602
2003-01-01,41860,"San Francisco-Oakland-Berkeley, CA (Metropolitan Statistical Area)",320626734
2004-01-01,41860,"San Francisco-Oakland-Berkeley, CA (Metropolitan Statistical Area)",324229324
2005-01-01,41860,"San Francisco-Oakland-Berkeley, CA (Metropolitan Statistical Area)",338327098
2006-01-01,41860,"San Francisco-Oakland-Berkeley, CA (Metropolitan Statistical Area)",348300972
2007-01-01,41860,"San Francisco-Oakland-Berkeley, CA (Metropolitan Statistical Area)",351592603
2008-01-01,41860,"San Francisco-Oakland-Berkeley, CA (Metropolitan Statistical Area)",369652893
2009-01-01,41860,"San Francisco-Oakland-Berkeley, CA (Metropolitan Statistical Area)",354362360
2010-01-01,41860,"San Francisco-Oakland-Berkeley, CA (Metropolitan Statistical Area)",354658027
2011-01-01,41860,"San Francisco-Oakland-Berkeley, CA (Metropolitan Statistical Area)",358173965
2012-01-01,41860,"San Francisco-Oakland-Berkeley, CA (Metropolitan Statistical Area)",388091692
2013-01-01,41860,"San Francisco-Oakland-Berkeley, CA (Metropolitan Statistical Area)",405006071
2014-01-01,41860,"San Francisco-Oakland-Berkeley, CA (Metropolitan Statistical Area)",429713771
2015-01-01,41860,"San Francisco-Oakland-Berkeley, CA (Metropolitan Statistical Area)",455705129
2016-01-01,41860,"San Francisco-Oakland-Berkeley, CA (Metropolitan Statistical Area)",481821380
2017-01-01,41860,"San Francisco-Oakland-Berkeley, CA (Metropolitan Statistical Area)",526582864
2018-01-01,41860,"San Francisco-Oakland-Berkeley, CA (Metropolitan Statistical Area)",560553451
2019-01-01,41860,"San Francisco-Oakland-Berkeley, CA (Metropolitan Statistical Area)",594348705
2020-01-01,41860,"San Francisco-Oakland-Berkeley, CA (Metropolitan Statistical Area)",596467353
2021-01-01,41860,"San Francisco-Oakland-Berkeley, CA (Metropolitan Statistical Area)",662353496
2022-01-01,41860,"San Francisco-Oakland-Berkeley, CA (Metropolitan Statistical Area)",659278311
2023-01-01,41860,"San Francisco-Oakland-Berkeley, CA (Metropolitan Statistical Area)",681890371
2001-01-01,41940,"San Jose-Sunnyvale-Santa Clara, CA (Metropolitan Statistical Area)",115978782
2002-01-01,41940,"San Jose-Sunnyvale-Santa Clara, CA (Metropolitan Statistical Area)",111499202
2003-01-01,41940,"San Jose-Sunnyvale-Santa Clara, CA (Metropolitan Statistical Area)",118580734
2004-01-01,41940,"San Jose-Sunnyvale-Santa Clara, CA (Metropolitan Statistical Area)",122653941
2005-01-01,41940,"San Jose-Sunnyvale-Santa Clara, CA (Metropolitan Statistical Area)",130773417
2006-01-01,41940,"San Jose-Sunnyvale-Santa Clara, CA (Metropolitan Statistical Area)",139682831
2007-01-01,41940,"San Jose-Sunnyvale-Santa Clara, CA (Metropolitan Statistical Area)",153857691
2008-01-01,41940,"San Jose-Sunnyvale-Santa Clara, CA (Metropolitan Statistical Area)",161861604
2009-01-01,41940,"San Jose-Sunnyvale-Santa Clara, CA (Metropolitan Statistical Area)",158052278
2010-01-01,41940,"San Jose-Sunnyvale-Santa Clara, CA (Metropolitan Statistical Area)",171825658
2011-01-01,41940,"San Jose-Sunnyvale-Santa Clara, CA (Metropolitan Statistical Area)",187593959
2012-01-01,41940,"San Jose-Sunnyvale-Santa Clara, CA (Metropolitan Statistical Area)",196786102
2013-01-01,41940,"San Jose-Sunnyvale-Santa Clara, CA (Metropolitan Statistical Area)",217614225
2014-01-01,41940,"San Jose-Sunnyvale-Santa Clara, CA (Metropolitan Statistical Area)",233312687
2015-01-01,41940,"San Jose-Sunnyvale-Santa Clara, CA (Metropolitan Statistical Area)",254088068
2016-01-01,41940,"San Jose-Sunnyvale-Santa Clara, CA (Metropolitan Statistical Area)",269463092
2017-01-01,41940,"San Jose-Sunnyvale-Santa Clara, CA (Metropolitan Statistical Area)",282663484
2018-01-01,41940,"San Jose-Sunnyvale-Santa Clara, CA (Metropolitan Statistical Area)",304610321
2019-01-01,41940,"San Jose-Sunnyvale-Santa Clara, CA (Metropolitan Statistical Area)",319363480
2020-01-01,41940,"San Jose-Sunnyvale-Santa Clara, CA (Metropolitan Statistical Area)",339383227
2021-01-01,41940,"San Jose-Sunnyvale-Santa Clara, CA (Metropolitan Statistical Area)",381617885
2022-01-01,41940,"San Jose-Sunnyvale-Santa Clara, CA (Metropolitan Statistical Area)",379655931
2023-01-01,41940,"San Jose-Sunnyvale-Santa Clara, CA (Metropolitan Statistical Area)",392455628
2001-01-01,42020,"San Luis Obispo-Paso Robles, CA (Metropolitan Statistical Area)",11694504
2002-01-01,42020,"San Luis Obispo-Paso Robles, CA (Metropolitan Statistical Area)",12969052
2003-01-01,42020,"San Luis Obispo-Paso Robles, CA (Metropolitan Statistical Area)",13283366
2004-01-01,42020,"San Luis Obispo-Paso Robles, CA (Metropolitan Statistical Area)",13372822
2005-01-01,42020,"San Luis Obispo-Paso Robles, CA (Metropolitan Statistical Area)",13875713
2006-01-01,42020,"San Luis Obispo-Paso Robles, CA (Metropolitan Statistical Area)",14147487
2007-01-01,42020,"San Luis Obispo-Paso Robles, CA (Metropolitan Statistical Area)",14089588
2008-01-01,42020,"San Luis Obispo-Paso Robles, CA (Metropolitan Statistical Area)",13618390
2009-01-01,42020,"San Luis Obispo-Paso Robles, CA (Metropolitan Statistical Area)",13325930
2010-01-01,42020,"San Luis Obispo-Paso Robles, CA (Metropolitan Statistical Area)",14017954
2011-01-01,42020,"San Luis Obispo-Paso Robles, CA (Metropolitan Statistical Area)",14264171
2012-01-01,42020,"San Luis Obispo-Paso Robles, CA (Metropolitan Statistical Area)",14621518
2013-01-01,42020,"San Luis Obispo-Paso Robles, CA (Metropolitan Statistical Area)",15164735
2014-01-01,42020,"San Luis Obispo-Paso Robles, CA (Metropolitan Statistical Area)",15461958
2015-01-01,42020,"San Luis Obispo-Paso Robles, CA (Metropolitan Statistical Area)",16372072
2016-01-01,42020,"San Luis Obispo-Paso Robles, CA (Metropolitan Statistical Area)",16705199
2017-01-01,42020,"San Luis Obispo-Paso Robles, CA (Metropolitan Statistical Area)",16779957
2018-01-01,42020,"San Luis Obispo-Paso Robles, CA (Metropolitan Statistical Area)",17200943
2019-01-01,42020,"San Luis Obispo-Paso Robles, CA (Metropolitan Statistical Area)",17277110
2020-01-01,42020,"San Luis Obispo-Paso Robles, CA (Metropolitan Statistical Area)",17070404
2021-01-01,42020,"San Luis Obispo-Paso Robles, CA (Metropolitan Statistical Area)",17908159
2022-01-01,42020,"San Luis Obispo-Paso Robles, CA (Metropolitan Statistical Area)",18104004
2023-01-01,42020,"San Luis Obispo-Paso Robles, CA (Metropolitan Statistical Area)",18023027
2001-01-01,42100,"Santa Cruz-Watsonville, CA (Metropolitan Statistical Area)",11886844
2002-01-01,42100,"Santa Cruz-Watsonville, CA (Metropolitan Statistical Area)",11886240
2003-01-01,42100,"Santa Cruz-Watsonville, CA (Metropolitan Statistical Area)",12186113
2004-01-01,42100,"Santa Cruz-Watsonville, CA (Metropolitan Statistical Area)",11811055
2005-01-01,42100,"Santa Cruz-Watsonville, CA (Metropolitan Statistical Area)",11853826
2006-01-01,42100,"Santa Cruz-Watsonville, CA (Metropolitan Statistical Area)",11785891
2007-01-01,42100,"Santa Cruz-Watsonville, CA (Metropolitan Statistical Area)",11796626
2008-01-01,42100,"Santa Cruz-Watsonville, CA (Metropolitan Statistical Area)",11883271
2009-01-01,42100,"Santa Cruz-Watsonville, CA (Metropolitan Statistical Area)",12064825
2010-01-01,42100,"Santa Cruz-Watsonville, CA (Metropolitan Statistical Area)",13028773
2011-01-01,42100,"Santa Cruz-Watsonville, CA (Metropolitan Statistical Area)",12856863
2012-01-01,42100,"Santa Cruz-Watsonville, CA (Metropolitan Statistical Area)",12648140
2013-01-01,42100,"Santa Cruz-Watsonville, CA (Metropolitan Statistical Area)",13069005
2014-01-01,42100,"Santa Cruz-Watsonville, CA (Metropolitan Statistical Area)",13407685
2015-01-01,42100,"Santa Cruz-Watsonville, CA (Metropolitan Statistical Area)",13538926
2016-01-01,42100,"Santa Cruz-Watsonville, CA (Metropolitan Statistical Area)",13838548
2017-01-01,42100,"Santa Cruz-Watsonville, CA (Metropolitan Statistical Area)",13941610
2018-01-01,42100,"Santa Cruz-Watsonville, CA (Metropolitan Statistical Area)",14363961
2019-01-01,42100,"Santa Cruz-Watsonville, CA (Metropolitan Statistical Area)",15380812
2020-01-01,42100,"Santa Cruz-Watsonville, CA (Metropolitan Statistical Area)",15313067
2021-01-01,42100,"Santa Cruz-Watsonville, CA (Metropolitan Statistical Area)",16518154
2022-01-01,42100,"Santa Cruz-Watsonville, CA (Metropolitan Statistical Area)",16380508
2023-01-01,42100,"Santa Cruz-Watsonville, CA (Metropolitan Statistical Area)",16488399
2001-01-01,42140,"Santa Fe, NM (Metropolitan Statistical Area)",5909177
2002-01-01,42140,"Santa Fe, NM (Metropolitan Statistical Area)",6358773
2003-01-01,42140,"Santa Fe, NM (Metropolitan Statistical Area)",6226857
2004-01-01,42140,"Santa Fe, NM (Metropolitan Statistical Area)",6475128
2005-01-01,42140,"Santa Fe, NM (Metropolitan Statistical Area)",6666635
2006-01-01,42140,"Santa Fe, NM (Metropolitan Statistical Area)",7080812
2007-01-01,42140,"Santa Fe, NM (Metropolitan Statistical Area)",7350694
2008-01-01,42140,"Santa Fe, NM (Metropolitan Statistical Area)",7640151
2009-01-01,42140,"Santa Fe, NM (Metropolitan Statistical Area)",7074059
2010-01-01,42140,"Santa Fe, NM (Metropolitan Statistical Area)",7108524
2011-01-01,42140,"Santa Fe, NM (Metropolitan Statistical Area)",6978550
2012-01-01,42140,"Santa Fe, NM (Metropolitan Statistical Area)",6853630
2013-01-01,42140,"Santa Fe, NM (Metropolitan Statistical Area)",6926764
2014-01-01,42140,"Santa Fe, NM (Metropolitan Statistical Area)",7109332
2015-01-01,42140,"Santa Fe, NM (Metropolitan Statistical Area)",6946786
2016-01-01,42140,"Santa Fe, NM (Metropolitan Statistical Area)",6980157
2017-01-01,42140,"Santa Fe, NM (Metropolitan Statistical Area)",6940839
2018-01-01,42140,"Santa Fe, NM (Metropolitan Statistical Area)",7088694
2019-01-01,42140,"Santa Fe, NM (Metropolitan Statistical Area)",7125371
2020-01-01,42140,"Santa Fe, NM (Metropolitan Statistical Area)",6715262
2021-01-01,42140,"Santa Fe, NM (Metropolitan Statistical Area)",7351004
2022-01-01,42140,"Santa Fe, NM (Metropolitan Statistical Area)",7389917
2023-01-01,42140,"Santa Fe, NM (Metropolitan Statistical Area)",7512205
2001-01-01,42200,"Santa Maria-Santa Barbara, CA (Metropolitan Statistical Area)",18704967
2002-01-01,42200,"Santa Maria-Santa Barbara, CA (Metropolitan Statistical Area)",19509021
2003-01-01,42200,"Santa Maria-Santa Barbara, CA (Metropolitan Statistical Area)",20301422
2004-01-01,42200,"Santa Maria-Santa Barbara, CA (Metropolitan Statistical Area)",20957739
2005-01-01,42200,"Santa Maria-Santa Barbara, CA (Metropolitan Statistical Area)",21866361
2006-01-01,42200,"Santa Maria-Santa Barbara, CA (Metropolitan Statistical Area)",22217771
2007-01-01,42200,"Santa Maria-Santa Barbara, CA (Metropolitan Statistical Area)",22670140
2008-01-01,42200,"Santa Maria-Santa Barbara, CA (Metropolitan Statistical Area)",23223812
2009-01-01,42200,"Santa Maria-Santa Barbara, CA (Metropolitan Statistical Area)",23621228
2010-01-01,42200,"Santa Maria-Santa Barbara, CA (Metropolitan Statistical Area)",23400850
2011-01-01,42200,"Santa Maria-Santa Barbara, CA (Metropolitan Statistical Area)",23531863
2012-01-01,42200,"Santa Maria-Santa Barbara, CA (Metropolitan Statistical Area)",24177358
2013-01-01,42200,"Santa Maria-Santa Barbara, CA (Metropolitan Statistical Area)",24612326
2014-01-01,42200,"Santa Maria-Santa Barbara, CA (Metropolitan Statistical Area)",25239236
2015-01-01,42200,"Santa Maria-Santa Barbara, CA (Metropolitan Statistical Area)",26569565
2016-01-01,42200,"Santa Maria-Santa Barbara, CA (Metropolitan Statistical Area)",26805701
2017-01-01,42200,"Santa Maria-Santa Barbara, CA (Metropolitan Statistical Area)",27474155
2018-01-01,42200,"Santa Maria-Santa Barbara, CA (Metropolitan Statistical Area)",28505410
2019-01-01,42200,"Santa Maria-Santa Barbara, CA (Metropolitan Statistical Area)",28989266
2020-01-01,42200,"Santa Maria-Santa Barbara, CA (Metropolitan Statistical Area)",29567144
2021-01-01,42200,"Santa Maria-Santa Barbara, CA (Metropolitan Statistical Area)",31591137
2022-01-01,42200,"Santa Maria-Santa Barbara, CA (Metropolitan Statistical Area)",31650577
2023-01-01,42200,"Santa Maria-Santa Barbara, CA (Metropolitan Statistical Area)",31996811
2001-01-01,42220,"Santa Rosa-Petaluma, CA (Metropolitan Statistical Area)",22424276
2002-01-01,42220,"Santa Rosa-Petaluma, CA (Metropolitan Statistical Area)",23360909
2003-01-01,42220,"Santa Rosa-Petaluma, CA (Metropolitan Statistical Area)",23193391
2004-01-01,42220,"Santa Rosa-Petaluma, CA (Metropolitan Statistical Area)",23112212
2005-01-01,42220,"Santa Rosa-Petaluma, CA (Metropolitan Statistical Area)",23574318
2006-01-01,42220,"Santa Rosa-Petaluma, CA (Metropolitan Statistical Area)",23737230
2007-01-01,42220,"Santa Rosa-Petaluma, CA (Metropolitan Statistical Area)",24262255
2008-01-01,42220,"Santa Rosa-Petaluma, CA (Metropolitan Statistical Area)",24112663
2009-01-01,42220,"Santa Rosa-Petaluma, CA (Metropolitan Statistical Area)",23049293
2010-01-01,42220,"Santa Rosa-Petaluma, CA (Metropolitan Statistical Area)",23744974
2011-01-01,42220,"Santa Rosa-Petaluma, CA (Metropolitan Statistical Area)",24211761
2012-01-01,42220,"Santa Rosa-Petaluma, CA (Metropolitan Statistical Area)",24729966
2013-01-01,42220,"Santa Rosa-Petaluma, CA (Metropolitan Statistical Area)",25403056
2014-01-01,42220,"Santa Rosa-Petaluma, CA (Metropolitan Statistical Area)",26431958
2015-01-01,42220,"Santa Rosa-Petaluma, CA (Metropolitan Statistical Area)",27693872
2016-01-01,42220,"Santa Rosa-Petaluma, CA (Metropolitan Statistical Area)",28392136
2017-01-01,42220,"Santa Rosa-Petaluma, CA (Metropolitan Statistical Area)",28853518
2018-01-01,42220,"Santa Rosa-Petaluma, CA (Metropolitan Statistical Area)",30213474
2019-01-01,42220,"Santa Rosa-Petaluma, CA (Metropolitan Statistical Area)",30482863
2020-01-01,42220,"Santa Rosa-Petaluma, CA (Metropolitan Statistical Area)",29572422
2021-01-01,42220,"Santa Rosa-Petaluma, CA (Metropolitan Statistical Area)",31655078
2022-01-01,42220,"Santa Rosa-Petaluma, CA (Metropolitan Statistical Area)",30954169
2023-01-01,42220,"Santa Rosa-Petaluma, CA (Metropolitan Statistical Area)",31011472
2010-01-01,42340,"Savannah, GA (Metropolitan Statistical Area)",17372334
2011-01-01,42340,"Savannah, GA (Metropolitan Statistical Area)",17855449
2012-01-01,42340,"Savannah, GA (Metropolitan Statistical Area)",18432080
2013-01-01,42340,"Savannah, GA (Metropolitan Statistical Area)",18517399
2014-01-01,42340,"Savannah, GA (Metropolitan Statistical Area)",19319962
2015-01-01,42340,"Savannah, GA (Metropolitan Statistical Area)",19890908
2016-01-01,42340,"Savannah, GA (Metropolitan Statistical Area)",20658771
2017-01-01,42340,"Savannah, GA (Metropolitan Statistical Area)",21178366
2018-01-01,42340,"Savannah, GA (Metropolitan Statistical Area)",21468332
2019-01-01,42340,"Savannah, GA (Metropolitan Statistical Area)",22332189
2020-01-01,42340,"Savannah, GA (Metropolitan Statistical Area)",22209835
2021-01-01,42340,"Savannah, GA (Metropolitan Statistical Area)",23918621
2022-01-01,42340,"Savannah, GA (Metropolitan Statistical Area)",24535798
2023-01-01,42340,"Savannah, GA (Metropolitan Statistical Area)",25732577
2001-01-01,42340,"Savannah, GA (Metropolitan Statistical Area)",13773110
2002-01-01,42340,"Savannah, GA (Metropolitan Statistical Area)",14019936
2003-01-01,42340,"Savannah, GA (Metropolitan Statistical Area)",14355831
2004-01-01,42340,"Savannah, GA (Metropolitan Statistical Area)",15186494
2005-01-01,42340,"Savannah, GA (Metropolitan Statistical Area)",16122391
2006-01-01,42340,"Savannah, GA (Metropolitan Statistical Area)",16911843
2007-01-01,42340,"Savannah, GA (Metropolitan Statistical Area)",17316791
2008-01-01,42340,"Savannah, GA (Metropolitan Statistical Area)",17066749
2009-01-01,42340,"Savannah, GA (Metropolitan Statistical Area)",16953964
2001-01-01,42540,"Scranton--Wilkes-Barre, PA (Metropolitan Statistical Area)",21829574
2002-01-01,42540,"Scranton--Wilkes-Barre, PA (Metropolitan Statistical Area)",21697152
2003-01-01,42540,"Scranton--Wilkes-Barre, PA (Metropolitan Statistical Area)",22140902
2004-01-01,42540,"Scranton--Wilkes-Barre, PA (Metropolitan Statistical Area)",22634075
2005-01-01,42540,"Scranton--Wilkes-Barre, PA (Metropolitan Statistical Area)",22908575
2006-01-01,42540,"Scranton--Wilkes-Barre, PA (Metropolitan Statistical Area)",23015118
2007-01-01,42540,"Scranton--Wilkes-Barre, PA (Metropolitan Statistical Area)",23628229
2008-01-01,42540,"Scranton--Wilkes-Barre, PA (Metropolitan Statistical Area)",24039367
2009-01-01,42540,"Scranton--Wilkes-Barre, PA (Metropolitan Statistical Area)",23793548
2010-01-01,42540,"Scranton--Wilkes-Barre, PA (Metropolitan Statistical Area)",24415653
2011-01-01,42540,"Scranton--Wilkes-Barre, PA (Metropolitan Statistical Area)",24592560
2012-01-01,42540,"Scranton--Wilkes-Barre, PA (Metropolitan Statistical Area)",24783309
2013-01-01,42540,"Scranton--Wilkes-Barre, PA (Metropolitan Statistical Area)",25107423
2014-01-01,42540,"Scranton--Wilkes-Barre, PA (Metropolitan Statistical Area)",25652508
2015-01-01,42540,"Scranton--Wilkes-Barre, PA (Metropolitan Statistical Area)",26401389
2016-01-01,42540,"Scranton--Wilkes-Barre, PA (Metropolitan Statistical Area)",26851914
2017-01-01,42540,"Scranton--Wilkes-Barre, PA (Metropolitan Statistical Area)",26658860
2018-01-01,42540,"Scranton--Wilkes-Barre, PA (Metropolitan Statistical Area)",26778970
2019-01-01,42540,"Scranton--Wilkes-Barre, PA (Metropolitan Statistical Area)",27134323
2020-01-01,42540,"Scranton--Wilkes-Barre, PA (Metropolitan Statistical Area)",25928788
2021-01-01,42540,"Scranton--Wilkes-Barre, PA (Metropolitan Statistical Area)",26757166
2022-01-01,42540,"Scranton--Wilkes-Barre, PA (Metropolitan Statistical Area)",26666000
2023-01-01,42540,"Scranton--Wilkes-Barre, PA (Metropolitan Statistical Area)",27353094
2002-01-01,42660,"Seattle-Tacoma-Bellevue, WA (Metropolitan Statistical Area)",205596773
2001-01-01,42660,"Seattle-Tacoma-Bellevue, WA (Metropolitan Statistical Area)",205422952
2023-01-01,42660,"Seattle-Tacoma-Bellevue, WA (Metropolitan Statistical Area)",487774172
2022-01-01,42660,"Seattle-Tacoma-Bellevue, WA (Metropolitan Statistical Area)",459470312
2021-01-01,42660,"Seattle-Tacoma-Bellevue, WA (Metropolitan Statistical Area)",449526620
2020-01-01,42660,"Seattle-Tacoma-Bellevue, WA (Metropolitan Statistical Area)",418381489
2019-01-01,42660,"Seattle-Tacoma-Bellevue, WA (Metropolitan Statistical Area)",417428577
2018-01-01,42660,"Seattle-Tacoma-Bellevue, WA (Metropolitan Statistical Area)",395709089
2017-01-01,42660,"Seattle-Tacoma-Bellevue, WA (Metropolitan Statistical Area)",368193333
2016-01-01,42660,"Seattle-Tacoma-Bellevue, WA (Metropolitan Statistical Area)",340431528
2015-01-01,42660,"Seattle-Tacoma-Bellevue, WA (Metropolitan Statistical Area)",326985067
2014-01-01,42660,"Seattle-Tacoma-Bellevue, WA (Metropolitan Statistical Area)",312734562
2013-01-01,42660,"Seattle-Tacoma-Bellevue, WA (Metropolitan Statistical Area)",298218356
2012-01-01,42660,"Seattle-Tacoma-Bellevue, WA (Metropolitan Statistical Area)",285805224
2011-01-01,42660,"Seattle-Tacoma-Bellevue, WA (Metropolitan Statistical Area)",271234391
2010-01-01,42660,"Seattle-Tacoma-Bellevue, WA (Metropolitan Statistical Area)",261975127
2009-01-01,42660,"Seattle-Tacoma-Bellevue, WA (Metropolitan Statistical Area)",253828006
2008-01-01,42660,"Seattle-Tacoma-Bellevue, WA (Metropolitan Statistical Area)",262875602
2007-01-01,42660,"Seattle-Tacoma-Bellevue, WA (Metropolitan Statistical Area)",257787244
2006-01-01,42660,"Seattle-Tacoma-Bellevue, WA (Metropolitan Statistical Area)",240142726
2005-01-01,42660,"Seattle-Tacoma-Bellevue, WA (Metropolitan Statistical Area)",229109919
2004-01-01,42660,"Seattle-Tacoma-Bellevue, WA (Metropolitan Statistical Area)",213810257
2003-01-01,42660,"Seattle-Tacoma-Bellevue, WA (Metropolitan Statistical Area)",208816079
2021-01-01,42680,"Sebastian-Vero Beach, FL (Metropolitan Statistical Area)",7804173
2022-01-01,42680,"Sebastian-Vero Beach, FL (Metropolitan Statistical Area)",7676277
2023-01-01,42680,"Sebastian-Vero Beach, FL (Metropolitan Statistical Area)",7908751
2001-01-01,42680,"Sebastian-Vero Beach, FL (Metropolitan Statistical Area)",4281416
2002-01-01,42680,"Sebastian-Vero Beach, FL (Metropolitan Statistical Area)",4580695
2003-01-01,42680,"Sebastian-Vero Beach, FL (Metropolitan Statistical Area)",4904097
2004-01-01,42680,"Sebastian-Vero Beach, FL (Metropolitan Statistical Area)",5247863
2005-01-01,42680,"Sebastian-Vero Beach, FL (Metropolitan Statistical Area)",5669939
2006-01-01,42680,"Sebastian-Vero Beach, FL (Metropolitan Statistical Area)",5696946
2007-01-01,42680,"Sebastian-Vero Beach, FL (Metropolitan Statistical Area)",5889646
2008-01-01,42680,"Sebastian-Vero Beach, FL (Metropolitan Statistical Area)",5563615
2009-01-01,42680,"Sebastian-Vero Beach, FL (Metropolitan Statistical Area)",5209039
2010-01-01,42680,"Sebastian-Vero Beach, FL (Metropolitan Statistical Area)",5046715
2011-01-01,42680,"Sebastian-Vero Beach, FL (Metropolitan Statistical Area)",5106361
2012-01-01,42680,"Sebastian-Vero Beach, FL (Metropolitan Statistical Area)",5216043
2013-01-01,42680,"Sebastian-Vero Beach, FL (Metropolitan Statistical Area)",5311907
2014-01-01,42680,"Sebastian-Vero Beach, FL (Metropolitan Statistical Area)",5522795
2015-01-01,42680,"Sebastian-Vero Beach, FL (Metropolitan Statistical Area)",5936262
2016-01-01,42680,"Sebastian-Vero Beach, FL (Metropolitan Statistical Area)",6432452
2017-01-01,42680,"Sebastian-Vero Beach, FL (Metropolitan Statistical Area)",6355422
2018-01-01,42680,"Sebastian-Vero Beach, FL (Metropolitan Statistical Area)",6668941
2019-01-01,42680,"Sebastian-Vero Beach, FL (Metropolitan Statistical Area)",6896895
2020-01-01,42680,"Sebastian-Vero Beach, FL (Metropolitan Statistical Area)",6962272
2001-01-01,42700,"Sebring-Avon Park, FL (Metropolitan Statistical Area)",1954935
2002-01-01,42700,"Sebring-Avon Park, FL (Metropolitan Statistical Area)",2110005
2003-01-01,42700,"Sebring-Avon Park, FL (Metropolitan Statistical Area)",2182828
2004-01-01,42700,"Sebring-Avon Park, FL (Metropolitan Statistical Area)",2328939
2005-01-01,42700,"Sebring-Avon Park, FL (Metropolitan Statistical Area)",2509477
2006-01-01,42700,"Sebring-Avon Park, FL (Metropolitan Statistical Area)",2725396
2007-01-01,42700,"Sebring-Avon Park, FL (Metropolitan Statistical Area)",2686760
2008-01-01,42700,"Sebring-Avon Park, FL (Metropolitan Statistical Area)",2543090
2009-01-01,42700,"Sebring-Avon Park, FL (Metropolitan Statistical Area)",2557297
2010-01-01,42700,"Sebring-Avon Park, FL (Metropolitan Statistical Area)",2482314
2011-01-01,42700,"Sebring-Avon Park, FL (Metropolitan Statistical Area)",2396657
2012-01-01,42700,"Sebring-Avon Park, FL (Metropolitan Statistical Area)",2488367
2013-01-01,42700,"Sebring-Avon Park, FL (Metropolitan Statistical Area)",2327142
2014-01-01,42700,"Sebring-Avon Park, FL (Metropolitan Statistical Area)",2335224
2015-01-01,42700,"Sebring-Avon Park, FL (Metropolitan Statistical Area)",2386876
2016-01-01,42700,"Sebring-Avon Park, FL (Metropolitan Statistical Area)",2471050
2017-01-01,42700,"Sebring-Avon Park, FL (Metropolitan Statistical Area)",2482118
2018-01-01,42700,"Sebring-Avon Park, FL (Metropolitan Statistical Area)",2420183
2019-01-01,42700,"Sebring-Avon Park, FL (Metropolitan Statistical Area)",2594451
2020-01-01,42700,"Sebring-Avon Park, FL (Metropolitan Statistical Area)",2444048
2021-01-01,42700,"Sebring-Avon Park, FL (Metropolitan Statistical Area)",2556355
2022-01-01,42700,"Sebring-Avon Park, FL (Metropolitan Statistical Area)",2689968
2023-01-01,42700,"Sebring-Avon Park, FL (Metropolitan Statistical Area)",2851212
2010-01-01,43100,"Sheboygan, WI (Metropolitan Statistical Area)",6286686
2011-01-01,43100,"Sheboygan, WI (Metropolitan Statistical Area)",6388332
2012-01-01,43100,"Sheboygan, WI (Metropolitan Statistical Area)",6462697
2013-01-01,43100,"Sheboygan, WI (Metropolitan Statistical Area)",6530807
2014-01-01,43100,"Sheboygan, WI (Metropolitan Statistical Area)",6660220
2015-01-01,43100,"Sheboygan, WI (Metropolitan Statistical Area)",6825918
2016-01-01,43100,"Sheboygan, WI (Metropolitan Statistical Area)",7068187
2017-01-01,43100,"Sheboygan, WI (Metropolitan Statistical Area)",7028622
2018-01-01,43100,"Sheboygan, WI (Metropolitan Statistical Area)",7126252
2019-01-01,43100,"Sheboygan, WI (Metropolitan Statistical Area)",6978712
2020-01-01,43100,"Sheboygan, WI (Metropolitan Statistical Area)",6833063
2021-01-01,43100,"Sheboygan, WI (Metropolitan Statistical Area)",6874902
2022-01-01,43100,"Sheboygan, WI (Metropolitan Statistical Area)",6806577
2023-01-01,43100,"Sheboygan, WI (Metropolitan Statistical Area)",6875216
2001-01-01,43100,"Sheboygan, WI (Metropolitan Statistical Area)",5941134
2002-01-01,43100,"Sheboygan, WI (Metropolitan Statistical Area)",6046449
2003-01-01,43100,"Sheboygan, WI (Metropolitan Statistical Area)",6200967
2004-01-01,43100,"Sheboygan, WI (Metropolitan Statistical Area)",6599976
2005-01-01,43100,"Sheboygan, WI (Metropolitan Statistical Area)",6431369
2006-01-01,43100,"Sheboygan, WI (Metropolitan Statistical Area)",6381223
2007-01-01,43100,"Sheboygan, WI (Metropolitan Statistical Area)",6579248
2008-01-01,43100,"Sheboygan, WI (Metropolitan Statistical Area)",6468509
2009-01-01,43100,"Sheboygan, WI (Metropolitan Statistical Area)",6158182
2001-01-01,43300,"Sherman-Denison, TX (Metropolitan Statistical Area)",3259055
2002-01-01,43300,"Sherman-Denison, TX (Metropolitan Statistical Area)",3344532
2003-01-01,43300,"Sherman-Denison, TX (Metropolitan Statistical Area)",3413453
2004-01-01,43300,"Sherman-Denison, TX (Metropolitan Statistical Area)",3643009
2005-01-01,43300,"Sherman-Denison, TX (Metropolitan Statistical Area)",3676134
2006-01-01,43300,"Sherman-Denison, TX (Metropolitan Statistical Area)",3979745
2007-01-01,43300,"Sherman-Denison, TX (Metropolitan Statistical Area)",3931722
2008-01-01,43300,"Sherman-Denison, TX (Metropolitan Statistical Area)",3994573
2009-01-01,43300,"Sherman-Denison, TX (Metropolitan Statistical Area)",4007008
2010-01-01,43300,"Sherman-Denison, TX (Metropolitan Statistical Area)",4132229
2011-01-01,43300,"Sherman-Denison, TX (Metropolitan Statistical Area)",4355954
2012-01-01,43300,"Sherman-Denison, TX (Metropolitan Statistical Area)",4412603
2013-01-01,43300,"Sherman-Denison, TX (Metropolitan Statistical Area)",4481729
2014-01-01,43300,"Sherman-Denison, TX (Metropolitan Statistical Area)",4561202
2015-01-01,43300,"Sherman-Denison, TX (Metropolitan Statistical Area)",4700710
2016-01-01,43300,"Sherman-Denison, TX (Metropolitan Statistical Area)",4773789
2017-01-01,43300,"Sherman-Denison, TX (Metropolitan Statistical Area)",4703414
2018-01-01,43300,"Sherman-Denison, TX (Metropolitan Statistical Area)",4970642
2019-01-01,43300,"Sherman-Denison, TX (Metropolitan Statistical Area)",5018905
2020-01-01,43300,"Sherman-Denison, TX (Metropolitan Statistical Area)",4916806
2021-01-01,43300,"Sherman-Denison, TX (Metropolitan Statistical Area)",5307070
2022-01-01,43300,"Sherman-Denison, TX (Metropolitan Statistical Area)",5517752
2023-01-01,43300,"Sherman-Denison, TX (Metropolitan Statistical Area)",5883798
2001-01-01,43340,"Shreveport-Bossier City, LA (Metropolitan Statistical Area)",14992581
2002-01-01,43340,"Shreveport-Bossier City, LA (Metropolitan Statistical Area)",15081986
2003-01-01,43340,"Shreveport-Bossier City, LA (Metropolitan Statistical Area)",15752894
2004-01-01,43340,"Shreveport-Bossier City, LA (Metropolitan Statistical Area)",16614594
2005-01-01,43340,"Shreveport-Bossier City, LA (Metropolitan Statistical Area)",17577071
2006-01-01,43340,"Shreveport-Bossier City, LA (Metropolitan Statistical Area)",18198394
2007-01-01,43340,"Shreveport-Bossier City, LA (Metropolitan Statistical Area)",16913359
2008-01-01,43340,"Shreveport-Bossier City, LA (Metropolitan Statistical Area)",17078919
2009-01-01,43340,"Shreveport-Bossier City, LA (Metropolitan Statistical Area)",19624746
2010-01-01,43340,"Shreveport-Bossier City, LA (Metropolitan Statistical Area)",20817116
2011-01-01,43340,"Shreveport-Bossier City, LA (Metropolitan Statistical Area)",21963731
2012-01-01,43340,"Shreveport-Bossier City, LA (Metropolitan Statistical Area)",20885719
2013-01-01,43340,"Shreveport-Bossier City, LA (Metropolitan Statistical Area)",19354820
2014-01-01,43340,"Shreveport-Bossier City, LA (Metropolitan Statistical Area)",19273319
2015-01-01,43340,"Shreveport-Bossier City, LA (Metropolitan Statistical Area)",19843907
2016-01-01,43340,"Shreveport-Bossier City, LA (Metropolitan Statistical Area)",19760589
2017-01-01,43340,"Shreveport-Bossier City, LA (Metropolitan Statistical Area)",20077806
2018-01-01,43340,"Shreveport-Bossier City, LA (Metropolitan Statistical Area)",20687072
2019-01-01,43340,"Shreveport-Bossier City, LA (Metropolitan Statistical Area)",21268008
2020-01-01,43340,"Shreveport-Bossier City, LA (Metropolitan Statistical Area)",19973012
2021-01-01,43340,"Shreveport-Bossier City, LA (Metropolitan Statistical Area)",21043358
2022-01-01,43340,"Shreveport-Bossier City, LA (Metropolitan Statistical Area)",20728375
2023-01-01,43340,"Shreveport-Bossier City, LA (Metropolitan Statistical Area)",22591058
2001-01-01,43420,"Sierra Vista-Douglas, AZ (Metropolitan Statistical Area)",3647128
2002-01-01,43420,"Sierra Vista-Douglas, AZ (Metropolitan Statistical Area)",3676578
2003-01-01,43420,"Sierra Vista-Douglas, AZ (Metropolitan Statistical Area)",3949401
2004-01-01,43420,"Sierra Vista-Douglas, AZ (Metropolitan Statistical Area)",4038852
2005-01-01,43420,"Sierra Vista-Douglas, AZ (Metropolitan Statistical Area)",4244601
2006-01-01,43420,"Sierra Vista-Douglas, AZ (Metropolitan Statistical Area)",4352073
2007-01-01,43420,"Sierra Vista-Douglas, AZ (Metropolitan Statistical Area)",4609239
2008-01-01,43420,"Sierra Vista-Douglas, AZ (Metropolitan Statistical Area)",4689284
2009-01-01,43420,"Sierra Vista-Douglas, AZ (Metropolitan Statistical Area)",4712495
2010-01-01,43420,"Sierra Vista-Douglas, AZ (Metropolitan Statistical Area)",4920718
2011-01-01,43420,"Sierra Vista-Douglas, AZ (Metropolitan Statistical Area)",4980412
2012-01-01,43420,"Sierra Vista-Douglas, AZ (Metropolitan Statistical Area)",4781331
2013-01-01,43420,"Sierra Vista-Douglas, AZ (Metropolitan Statistical Area)",4610485
2014-01-01,43420,"Sierra Vista-Douglas, AZ (Metropolitan Statistical Area)",4450513
2015-01-01,43420,"Sierra Vista-Douglas, AZ (Metropolitan Statistical Area)",4548133
2016-01-01,43420,"Sierra Vista-Douglas, AZ (Metropolitan Statistical Area)",4651172
2017-01-01,43420,"Sierra Vista-Douglas, AZ (Metropolitan Statistical Area)",4585054
2018-01-01,43420,"Sierra Vista-Douglas, AZ (Metropolitan Statistical Area)",4589727
2019-01-01,43420,"Sierra Vista-Douglas, AZ (Metropolitan Statistical Area)",4677243
2020-01-01,43420,"Sierra Vista-Douglas, AZ (Metropolitan Statistical Area)",4997956
2021-01-01,43420,"Sierra Vista-Douglas, AZ (Metropolitan Statistical Area)",4920631
2022-01-01,43420,"Sierra Vista-Douglas, AZ (Metropolitan Statistical Area)",5000069
2023-01-01,43420,"Sierra Vista-Douglas, AZ (Metropolitan Statistical Area)",4969525
2009-01-01,43580,"Sioux City, IA-NE-SD (Metropolitan Statistical Area)",8330441
2010-01-01,43580,"Sioux City, IA-NE-SD (Metropolitan Statistical Area)",8564272
2011-01-01,43580,"Sioux City, IA-NE-SD (Metropolitan Statistical Area)",8229000
2012-01-01,43580,"Sioux City, IA-NE-SD (Metropolitan Statistical Area)",7879378
2013-01-01,43580,"Sioux City, IA-NE-SD (Metropolitan Statistical Area)",7783037
2014-01-01,43580,"Sioux City, IA-NE-SD (Metropolitan Statistical Area)",7831170
2015-01-01,43580,"Sioux City, IA-NE-SD (Metropolitan Statistical Area)",8125817
2016-01-01,43580,"Sioux City, IA-NE-SD (Metropolitan Statistical Area)",8274272
2017-01-01,43580,"Sioux City, IA-NE-SD (Metropolitan Statistical Area)",8106261
2018-01-01,43580,"Sioux City, IA-NE-SD (Metropolitan Statistical Area)",8464099
2019-01-01,43580,"Sioux City, IA-NE-SD (Metropolitan Statistical Area)",8532955
2020-01-01,43580,"Sioux City, IA-NE-SD (Metropolitan Statistical Area)",8447258
2021-01-01,43580,"Sioux City, IA-NE-SD (Metropolitan Statistical Area)",9167991
2022-01-01,43580,"Sioux City, IA-NE-SD (Metropolitan Statistical Area)",9266301
2023-01-01,43580,"Sioux City, IA-NE-SD (Metropolitan Statistical Area)",9523212
2001-01-01,43580,"Sioux City, IA-NE-SD (Metropolitan Statistical Area)",8148286
2002-01-01,43580,"Sioux City, IA-NE-SD (Metropolitan Statistical Area)",7352026
2003-01-01,43580,"Sioux City, IA-NE-SD (Metropolitan Statistical Area)",7277005
2004-01-01,43580,"Sioux City, IA-NE-SD (Metropolitan Statistical Area)",7722893
2005-01-01,43580,"Sioux City, IA-NE-SD (Metropolitan Statistical Area)",8051722
2006-01-01,43580,"Sioux City, IA-NE-SD (Metropolitan Statistical Area)",8199626
2007-01-01,43580,"Sioux City, IA-NE-SD (Metropolitan Statistical Area)",8425392
2008-01-01,43580,"Sioux City, IA-NE-SD (Metropolitan Statistical Area)",8852679
2010-01-01,43620,"Sioux Falls, SD (Metropolitan Statistical Area)",17972649
2011-01-01,43620,"Sioux Falls, SD (Metropolitan Statistical Area)",19087101
2012-01-01,43620,"Sioux Falls, SD (Metropolitan Statistical Area)",20921854
2013-01-01,43620,"Sioux Falls, SD (Metropolitan Statistical Area)",20136481
2014-01-01,43620,"Sioux Falls, SD (Metropolitan Statistical Area)",21243439
2015-01-01,43620,"Sioux Falls, SD (Metropolitan Statistical Area)",21522887
2016-01-01,43620,"Sioux Falls, SD (Metropolitan Statistical Area)",21827089
2017-01-01,43620,"Sioux Falls, SD (Metropolitan Statistical Area)",22154738
2018-01-01,43620,"Sioux Falls, SD (Metropolitan Statistical Area)",21889463
2019-01-01,43620,"Sioux Falls, SD (Metropolitan Statistical Area)",22836416
2020-01-01,43620,"Sioux Falls, SD (Metropolitan Statistical Area)",22036185
2021-01-01,43620,"Sioux Falls, SD (Metropolitan Statistical Area)",23228461
2022-01-01,43620,"Sioux Falls, SD (Metropolitan Statistical Area)",22762980
2023-01-01,43620,"Sioux Falls, SD (Metropolitan Statistical Area)",23210288
2001-01-01,43620,"Sioux Falls, SD (Metropolitan Statistical Area)",10556633
2002-01-01,43620,"Sioux Falls, SD (Metropolitan Statistical Area)",12275540
2003-01-01,43620,"Sioux Falls, SD (Metropolitan Statistical Area)",12054101
2004-01-01,43620,"Sioux Falls, SD (Metropolitan Statistical Area)",14276878
2005-01-01,43620,"Sioux Falls, SD (Metropolitan Statistical Area)",15372096
2006-01-01,43620,"Sioux Falls, SD (Metropolitan Statistical Area)",16874297
2007-01-01,43620,"Sioux Falls, SD (Metropolitan Statistical Area)",17127134
2008-01-01,43620,"Sioux Falls, SD (Metropolitan Statistical Area)",17633230
2009-01-01,43620,"Sioux Falls, SD (Metropolitan Statistical Area)",18603229
2001-01-01,43780,"South Bend-Mishawaka, IN-MI (Metropolitan Statistical Area)",12540423
2002-01-01,43780,"South Bend-Mishawaka, IN-MI (Metropolitan Statistical Area)",12853753
2003-01-01,43780,"South Bend-Mishawaka, IN-MI (Metropolitan Statistical Area)",13536123
2004-01-01,43780,"South Bend-Mishawaka, IN-MI (Metropolitan Statistical Area)",13963699
2005-01-01,43780,"South Bend-Mishawaka, IN-MI (Metropolitan Statistical Area)",14036728
2006-01-01,43780,"South Bend-Mishawaka, IN-MI (Metropolitan Statistical Area)",14291038
2007-01-01,43780,"South Bend-Mishawaka, IN-MI (Metropolitan Statistical Area)",14445555
2008-01-01,43780,"South Bend-Mishawaka, IN-MI (Metropolitan Statistical Area)",13973515
2009-01-01,43780,"South Bend-Mishawaka, IN-MI (Metropolitan Statistical Area)",12556602
2010-01-01,43780,"South Bend-Mishawaka, IN-MI (Metropolitan Statistical Area)",13275156
2011-01-01,43780,"South Bend-Mishawaka, IN-MI (Metropolitan Statistical Area)",13396089
2012-01-01,43780,"South Bend-Mishawaka, IN-MI (Metropolitan Statistical Area)",13537970
2013-01-01,43780,"South Bend-Mishawaka, IN-MI (Metropolitan Statistical Area)",13786579
2014-01-01,43780,"South Bend-Mishawaka, IN-MI (Metropolitan Statistical Area)",14298762
2015-01-01,43780,"South Bend-Mishawaka, IN-MI (Metropolitan Statistical Area)",14544132
2016-01-01,43780,"South Bend-Mishawaka, IN-MI (Metropolitan Statistical Area)",14556507
2017-01-01,43780,"South Bend-Mishawaka, IN-MI (Metropolitan Statistical Area)",14674694
2018-01-01,43780,"South Bend-Mishawaka, IN-MI (Metropolitan Statistical Area)",15340527
2019-01-01,43780,"South Bend-Mishawaka, IN-MI (Metropolitan Statistical Area)",15749684
2020-01-01,43780,"South Bend-Mishawaka, IN-MI (Metropolitan Statistical Area)",14801974
2021-01-01,43780,"South Bend-Mishawaka, IN-MI (Metropolitan Statistical Area)",15585745
2022-01-01,43780,"South Bend-Mishawaka, IN-MI (Metropolitan Statistical Area)",16032203
2023-01-01,43780,"South Bend-Mishawaka, IN-MI (Metropolitan Statistical Area)",16586873
2001-01-01,43900,"Spartanburg, SC (Metropolitan Statistical Area)",10814422
2002-01-01,43900,"Spartanburg, SC (Metropolitan Statistical Area)",11146844
2003-01-01,43900,"Spartanburg, SC (Metropolitan Statistical Area)",11681995
2004-01-01,43900,"Spartanburg, SC (Metropolitan Statistical Area)",12368292
2005-01-01,43900,"Spartanburg, SC (Metropolitan Statistical Area)",12797331
2006-01-01,43900,"Spartanburg, SC (Metropolitan Statistical Area)",13477478
2007-01-01,43900,"Spartanburg, SC (Metropolitan Statistical Area)",13410396
2008-01-01,43900,"Spartanburg, SC (Metropolitan Statistical Area)",13120444
2009-01-01,43900,"Spartanburg, SC (Metropolitan Statistical Area)",11895571
2010-01-01,43900,"Spartanburg, SC (Metropolitan Statistical Area)",12434728
2011-01-01,43900,"Spartanburg, SC (Metropolitan Statistical Area)",12643812
2012-01-01,43900,"Spartanburg, SC (Metropolitan Statistical Area)",12479802
2013-01-01,43900,"Spartanburg, SC (Metropolitan Statistical Area)",12675229
2014-01-01,43900,"Spartanburg, SC (Metropolitan Statistical Area)",12966582
2015-01-01,43900,"Spartanburg, SC (Metropolitan Statistical Area)",13508517
2016-01-01,43900,"Spartanburg, SC (Metropolitan Statistical Area)",14331463
2017-01-01,43900,"Spartanburg, SC (Metropolitan Statistical Area)",14976954
2018-01-01,43900,"Spartanburg, SC (Metropolitan Statistical Area)",15365922
2019-01-01,43900,"Spartanburg, SC (Metropolitan Statistical Area)",16205216
2020-01-01,43900,"Spartanburg, SC (Metropolitan Statistical Area)",15732045
2021-01-01,43900,"Spartanburg, SC (Metropolitan Statistical Area)",16677209
2022-01-01,43900,"Spartanburg, SC (Metropolitan Statistical Area)",16924356
2023-01-01,43900,"Spartanburg, SC (Metropolitan Statistical Area)",17043342
2001-01-01,44060,"Spokane-Spokane Valley, WA (Metropolitan Statistical Area)",18909439
2002-01-01,44060,"Spokane-Spokane Valley, WA (Metropolitan Statistical Area)",18932763
2003-01-01,44060,"Spokane-Spokane Valley, WA (Metropolitan Statistical Area)",19253878
2004-01-01,44060,"Spokane-Spokane Valley, WA (Metropolitan Statistical Area)",19962599
2005-01-01,44060,"Spokane-Spokane Valley, WA (Metropolitan Statistical Area)",20903403
2006-01-01,44060,"Spokane-Spokane Valley, WA (Metropolitan Statistical Area)",21587173
2007-01-01,44060,"Spokane-Spokane Valley, WA (Metropolitan Statistical Area)",22425709
2008-01-01,44060,"Spokane-Spokane Valley, WA (Metropolitan Statistical Area)",22731913
2009-01-01,44060,"Spokane-Spokane Valley, WA (Metropolitan Statistical Area)",21975181
2010-01-01,44060,"Spokane-Spokane Valley, WA (Metropolitan Statistical Area)",22135473
2011-01-01,44060,"Spokane-Spokane Valley, WA (Metropolitan Statistical Area)",22189892
2012-01-01,44060,"Spokane-Spokane Valley, WA (Metropolitan Statistical Area)",22518824
2013-01-01,44060,"Spokane-Spokane Valley, WA (Metropolitan Statistical Area)",22917010
2014-01-01,44060,"Spokane-Spokane Valley, WA (Metropolitan Statistical Area)",23405834
2015-01-01,44060,"Spokane-Spokane Valley, WA (Metropolitan Statistical Area)",24040562
2016-01-01,44060,"Spokane-Spokane Valley, WA (Metropolitan Statistical Area)",24759728
2017-01-01,44060,"Spokane-Spokane Valley, WA (Metropolitan Statistical Area)",25479986
2018-01-01,44060,"Spokane-Spokane Valley, WA (Metropolitan Statistical Area)",26764528
2019-01-01,44060,"Spokane-Spokane Valley, WA (Metropolitan Statistical Area)",27565279
2020-01-01,44060,"Spokane-Spokane Valley, WA (Metropolitan Statistical Area)",27735803
2021-01-01,44060,"Spokane-Spokane Valley, WA (Metropolitan Statistical Area)",29986604
2022-01-01,44060,"Spokane-Spokane Valley, WA (Metropolitan Statistical Area)",31003696
2023-01-01,44060,"Spokane-Spokane Valley, WA (Metropolitan Statistical Area)",31958855
2001-01-01,44100,"Springfield, IL (Metropolitan Statistical Area)",10751037
2002-01-01,44100,"Springfield, IL (Metropolitan Statistical Area)",10929226
2003-01-01,44100,"Springfield, IL (Metropolitan Statistical Area)",10653908
2004-01-01,44100,"Springfield, IL (Metropolitan Statistical Area)",10642523
2005-01-01,44100,"Springfield, IL (Metropolitan Statistical Area)",10641549
2006-01-01,44100,"Springfield, IL (Metropolitan Statistical Area)",10696891
2007-01-01,44100,"Springfield, IL (Metropolitan Statistical Area)",10613527
2008-01-01,44100,"Springfield, IL (Metropolitan Statistical Area)",10708414
2009-01-01,44100,"Springfield, IL (Metropolitan Statistical Area)",10713149
2010-01-01,44100,"Springfield, IL (Metropolitan Statistical Area)",10991910
2011-01-01,44100,"Springfield, IL (Metropolitan Statistical Area)",11024916
2012-01-01,44100,"Springfield, IL (Metropolitan Statistical Area)",10924551
2013-01-01,44100,"Springfield, IL (Metropolitan Statistical Area)",11012393
2014-01-01,44100,"Springfield, IL (Metropolitan Statistical Area)",11257213
2015-01-01,44100,"Springfield, IL (Metropolitan Statistical Area)",11324657
2016-01-01,44100,"Springfield, IL (Metropolitan Statistical Area)",11389212
2017-01-01,44100,"Springfield, IL (Metropolitan Statistical Area)",11297434
2018-01-01,44100,"Springfield, IL (Metropolitan Statistical Area)",11623760
2019-01-01,44100,"Springfield, IL (Metropolitan Statistical Area)",11668971
2020-01-01,44100,"Springfield, IL (Metropolitan Statistical Area)",10880197
2021-01-01,44100,"Springfield, IL (Metropolitan Statistical Area)",11572865
2022-01-01,44100,"Springfield, IL (Metropolitan Statistical Area)",12015723
2023-01-01,44100,"Springfield, IL (Metropolitan Statistical Area)",12071299
2001-01-01,44140,"Springfield, MA (Metropolitan Statistical Area)",28261597
2002-01-01,44140,"Springfield, MA (Metropolitan Statistical Area)",28522679
2003-01-01,44140,"Springfield, MA (Metropolitan Statistical Area)",29036190
2004-01-01,44140,"Springfield, MA (Metropolitan Statistical Area)",29384054
2005-01-01,44140,"Springfield, MA (Metropolitan Statistical Area)",29589045
2006-01-01,44140,"Springfield, MA (Metropolitan Statistical Area)",29575892
2007-01-01,44140,"Springfield, MA (Metropolitan Statistical Area)",29734972
2008-01-01,44140,"Springfield, MA (Metropolitan Statistical Area)",30072132
2009-01-01,44140,"Springfield, MA (Metropolitan Statistical Area)",29410588
2010-01-01,44140,"Springfield, MA (Metropolitan Statistical Area)",30515360
2011-01-01,44140,"Springfield, MA (Metropolitan Statistical Area)",30945076
2012-01-01,44140,"Springfield, MA (Metropolitan Statistical Area)",31389324
2013-01-01,44140,"Springfield, MA (Metropolitan Statistical Area)",31675929
2014-01-01,44140,"Springfield, MA (Metropolitan Statistical Area)",31684011
2015-01-01,44140,"Springfield, MA (Metropolitan Statistical Area)",32641796
2016-01-01,44140,"Springfield, MA (Metropolitan Statistical Area)",32819339
2017-01-01,44140,"Springfield, MA (Metropolitan Statistical Area)",32559931
2018-01-01,44140,"Springfield, MA (Metropolitan Statistical Area)",32901263
2019-01-01,44140,"Springfield, MA (Metropolitan Statistical Area)",33535278
2020-01-01,44140,"Springfield, MA (Metropolitan Statistical Area)",32940771
2021-01-01,44140,"Springfield, MA (Metropolitan Statistical Area)",33932322
2022-01-01,44140,"Springfield, MA (Metropolitan Statistical Area)",33672716
2023-01-01,44140,"Springfield, MA (Metropolitan Statistical Area)",33925182
2001-01-01,44180,"Springfield, MO (Metropolitan Statistical Area)",15197149
2002-01-01,44180,"Springfield, MO (Metropolitan Statistical Area)",15600060
2003-01-01,44180,"Springfield, MO (Metropolitan Statistical Area)",16384119
2004-01-01,44180,"Springfield, MO (Metropolitan Statistical Area)",17095409
2005-01-01,44180,"Springfield, MO (Metropolitan Statistical Area)",17869388
2006-01-01,44180,"Springfield, MO (Metropolitan Statistical Area)",18008725
2007-01-01,44180,"Springfield, MO (Metropolitan Statistical Area)",18157773
2008-01-01,44180,"Springfield, MO (Metropolitan Statistical Area)",18509561
2009-01-01,44180,"Springfield, MO (Metropolitan Statistical Area)",18037927
2010-01-01,44180,"Springfield, MO (Metropolitan Statistical Area)",18112962
2011-01-01,44180,"Springfield, MO (Metropolitan Statistical Area)",17815947
2012-01-01,44180,"Springfield, MO (Metropolitan Statistical Area)",18039878
2013-01-01,44180,"Springfield, MO (Metropolitan Statistical Area)",18103116
2014-01-01,44180,"Springfield, MO (Metropolitan Statistical Area)",18720671
2015-01-01,44180,"Springfield, MO (Metropolitan Statistical Area)",19424367
2016-01-01,44180,"Springfield, MO (Metropolitan Statistical Area)",19428901
2017-01-01,44180,"Springfield, MO (Metropolitan Statistical Area)",19677536
2018-01-01,44180,"Springfield, MO (Metropolitan Statistical Area)",20071555
2019-01-01,44180,"Springfield, MO (Metropolitan Statistical Area)",20693951
2020-01-01,44180,"Springfield, MO (Metropolitan Statistical Area)",20282290
2021-01-01,44180,"Springfield, MO (Metropolitan Statistical Area)",21804914
2022-01-01,44180,"Springfield, MO (Metropolitan Statistical Area)",22114627
2023-01-01,44180,"Springfield, MO (Metropolitan Statistical Area)",22600146
2001-01-01,44220,"Springfield, OH (Metropolitan Statistical Area)",4714776
2002-01-01,44220,"Springfield, OH (Metropolitan Statistical Area)",4752498
2003-01-01,44220,"Springfield, OH (Metropolitan Statistical Area)",4689293
2004-01-01,44220,"Springfield, OH (Metropolitan Statistical Area)",4906637
2005-01-01,44220,"Springfield, OH (Metropolitan Statistical Area)",4911192
2006-01-01,44220,"Springfield, OH (Metropolitan Statistical Area)",4959598
2007-01-01,44220,"Springfield, OH (Metropolitan Statistical Area)",4729198
2008-01-01,44220,"Springfield, OH (Metropolitan Statistical Area)",4630944
2009-01-01,44220,"Springfield, OH (Metropolitan Statistical Area)",4392892
2010-01-01,44220,"Springfield, OH (Metropolitan Statistical Area)",4406246
2011-01-01,44220,"Springfield, OH (Metropolitan Statistical Area)",4515678
2012-01-01,44220,"Springfield, OH (Metropolitan Statistical Area)",4467843
2013-01-01,44220,"Springfield, OH (Metropolitan Statistical Area)",4550621
2014-01-01,44220,"Springfield, OH (Metropolitan Statistical Area)",4613988
2015-01-01,44220,"Springfield, OH (Metropolitan Statistical Area)",4658874
2016-01-01,44220,"Springfield, OH (Metropolitan Statistical Area)",4611527
2017-01-01,44220,"Springfield, OH (Metropolitan Statistical Area)",4661428
2018-01-01,44220,"Springfield, OH (Metropolitan Statistical Area)",4620583
2019-01-01,44220,"Springfield, OH (Metropolitan Statistical Area)",4696288
2020-01-01,44220,"Springfield, OH (Metropolitan Statistical Area)",4470864
2021-01-01,44220,"Springfield, OH (Metropolitan Statistical Area)",4675402
2022-01-01,44220,"Springfield, OH (Metropolitan Statistical Area)",4731761
2023-01-01,44220,"Springfield, OH (Metropolitan Statistical Area)",4742358
2001-01-01,44300,"State College, PA (Metropolitan Statistical Area)",5902116
2002-01-01,44300,"State College, PA (Metropolitan Statistical Area)",6151224
2003-01-01,44300,"State College, PA (Metropolitan Statistical Area)",6368307
2004-01-01,44300,"State College, PA (Metropolitan Statistical Area)",6713454
2005-01-01,44300,"State College, PA (Metropolitan Statistical Area)",7151162
2006-01-01,44300,"State College, PA (Metropolitan Statistical Area)",6928258
2007-01-01,44300,"State College, PA (Metropolitan Statistical Area)",7079235
2008-01-01,44300,"State College, PA (Metropolitan Statistical Area)",7313285
2009-01-01,44300,"State College, PA (Metropolitan Statistical Area)",7260051
2010-01-01,44300,"State College, PA (Metropolitan Statistical Area)",7675840
2011-01-01,44300,"State College, PA (Metropolitan Statistical Area)",7870849
2012-01-01,44300,"State College, PA (Metropolitan Statistical Area)",8216443
2013-01-01,44300,"State College, PA (Metropolitan Statistical Area)",8255367
2014-01-01,44300,"State College, PA (Metropolitan Statistical Area)",8323050
2015-01-01,44300,"State College, PA (Metropolitan Statistical Area)",8413508
2016-01-01,44300,"State College, PA (Metropolitan Statistical Area)",8696442
2017-01-01,44300,"State College, PA (Metropolitan Statistical Area)",8878239
2018-01-01,44300,"State College, PA (Metropolitan Statistical Area)",8807131
2019-01-01,44300,"State College, PA (Metropolitan Statistical Area)",8854634
2020-01-01,44300,"State College, PA (Metropolitan Statistical Area)",8550168
2021-01-01,44300,"State College, PA (Metropolitan Statistical Area)",8798324
2022-01-01,44300,"State College, PA (Metropolitan Statistical Area)",8883309
2023-01-01,44300,"State College, PA (Metropolitan Statistical Area)",9098449
2001-01-01,44420,"Staunton, VA (Metropolitan Statistical Area) *",4835304
2002-01-01,44420,"Staunton, VA (Metropolitan Statistical Area) *",4579951
2003-01-01,44420,"Staunton, VA (Metropolitan Statistical Area) *",4528034
2004-01-01,44420,"Staunton, VA (Metropolitan Statistical Area) *",4725533
2005-01-01,44420,"Staunton, VA (Metropolitan Statistical Area) *",4879192
2006-01-01,44420,"Staunton, VA (Metropolitan Statistical Area) *",4728143
2007-01-01,44420,"Staunton, VA (Metropolitan Statistical Area) *",4969830
2008-01-01,44420,"Staunton, VA (Metropolitan Statistical Area) *",5110317
2009-01-01,44420,"Staunton, VA (Metropolitan Statistical Area) *",5182531
2010-01-01,44420,"Staunton, VA (Metropolitan Statistical Area) *",5291699
2011-01-01,44420,"Staunton, VA (Metropolitan Statistical Area) *",5129236
2012-01-01,44420,"Staunton, VA (Metropolitan Statistical Area) *",4924360
2013-01-01,44420,"Staunton, VA (Metropolitan Statistical Area) *",5111112
2014-01-01,44420,"Staunton, VA (Metropolitan Statistical Area) *",5083461
2015-01-01,44420,"Staunton, VA (Metropolitan Statistical Area) *",5090373
2016-01-01,44420,"Staunton, VA (Metropolitan Statistical Area) *",5069347
2017-01-01,44420,"Staunton, VA (Metropolitan Statistical Area) *",5064115
2018-01-01,44420,"Staunton, VA (Metropolitan Statistical Area) *",5135189
2019-01-01,44420,"Staunton, VA (Metropolitan Statistical Area) *",5142428
2020-01-01,44420,"Staunton, VA (Metropolitan Statistical Area) *",4927840
2021-01-01,44420,"Staunton, VA (Metropolitan Statistical Area) *",5167806
2022-01-01,44420,"Staunton, VA (Metropolitan Statistical Area) *",5372550
2023-01-01,44420,"Staunton, VA (Metropolitan Statistical Area) *",5337071
2002-01-01,44700,"Stockton, CA (Metropolitan Statistical Area)",23016670
2001-01-01,44700,"Stockton, CA (Metropolitan Statistical Area)",22012070
2023-01-01,44700,"Stockton, CA (Metropolitan Statistical Area)",33097405
2022-01-01,44700,"Stockton, CA (Metropolitan Statistical Area)",33301759
2021-01-01,44700,"Stockton, CA (Metropolitan Statistical Area)",33640343
2020-01-01,44700,"Stockton, CA (Metropolitan Statistical Area)",31111615
2019-01-01,44700,"Stockton, CA (Metropolitan Statistical Area)",31274535
2018-01-01,44700,"Stockton, CA (Metropolitan Statistical Area)",30299585
2017-01-01,44700,"Stockton, CA (Metropolitan Statistical Area)",29141656
2016-01-01,44700,"Stockton, CA (Metropolitan Statistical Area)",28142383
2015-01-01,44700,"Stockton, CA (Metropolitan Statistical Area)",27471639
2014-01-01,44700,"Stockton, CA (Metropolitan Statistical Area)",26180174
2013-01-01,44700,"Stockton, CA (Metropolitan Statistical Area)",25277469
2012-01-01,44700,"Stockton, CA (Metropolitan Statistical Area)",24343657
2011-01-01,44700,"Stockton, CA (Metropolitan Statistical Area)",24072391
2010-01-01,44700,"Stockton, CA (Metropolitan Statistical Area)",24217769
2009-01-01,44700,"Stockton, CA (Metropolitan Statistical Area)",24773148
2008-01-01,44700,"Stockton, CA (Metropolitan Statistical Area)",25191852
2007-01-01,44700,"Stockton, CA (Metropolitan Statistical Area)",25954332
2006-01-01,44700,"Stockton, CA (Metropolitan Statistical Area)",25852898
2005-01-01,44700,"Stockton, CA (Metropolitan Statistical Area)",26422098
2004-01-01,44700,"Stockton, CA (Metropolitan Statistical Area)",25030619
2003-01-01,44700,"Stockton, CA (Metropolitan Statistical Area)",24072702
2001-01-01,44940,"Sumter, SC (Metropolitan Statistical Area)",3908062
2002-01-01,44940,"Sumter, SC (Metropolitan Statistical Area)",3963590
2003-01-01,44940,"Sumter, SC (Metropolitan Statistical Area)",4118672
2004-01-01,44940,"Sumter, SC (Metropolitan Statistical Area)",4228046
2005-01-01,44940,"Sumter, SC (Metropolitan Statistical Area)",4304511
2006-01-01,44940,"Sumter, SC (Metropolitan Statistical Area)",4436869
2007-01-01,44940,"Sumter, SC (Metropolitan Statistical Area)",4483832
2008-01-01,44940,"Sumter, SC (Metropolitan Statistical Area)",4397184
2009-01-01,44940,"Sumter, SC (Metropolitan Statistical Area)",4232342
2010-01-01,44940,"Sumter, SC (Metropolitan Statistical Area)",4370186
2011-01-01,44940,"Sumter, SC (Metropolitan Statistical Area)",4462977
2012-01-01,44940,"Sumter, SC (Metropolitan Statistical Area)",4542167
2013-01-01,44940,"Sumter, SC (Metropolitan Statistical Area)",4572424
2014-01-01,44940,"Sumter, SC (Metropolitan Statistical Area)",4476072
2015-01-01,44940,"Sumter, SC (Metropolitan Statistical Area)",4477948
2016-01-01,44940,"Sumter, SC (Metropolitan Statistical Area)",4598012
2017-01-01,44940,"Sumter, SC (Metropolitan Statistical Area)",4688263
2018-01-01,44940,"Sumter, SC (Metropolitan Statistical Area)",4838506
2019-01-01,44940,"Sumter, SC (Metropolitan Statistical Area)",4960966
2020-01-01,44940,"Sumter, SC (Metropolitan Statistical Area)",4793328
2021-01-01,44940,"Sumter, SC (Metropolitan Statistical Area)",5014021
2022-01-01,44940,"Sumter, SC (Metropolitan Statistical Area)",5117309
2023-01-01,44940,"Sumter, SC (Metropolitan Statistical Area)",5163880
2001-01-01,45060,"Syracuse, NY (Metropolitan Statistical Area)",32611697
2002-01-01,45060,"Syracuse, NY (Metropolitan Statistical Area)",32859596
2003-01-01,45060,"Syracuse, NY (Metropolitan Statistical Area)",34166423
2004-01-01,45060,"Syracuse, NY (Metropolitan Statistical Area)",34872653
2005-01-01,45060,"Syracuse, NY (Metropolitan Statistical Area)",35139049
2006-01-01,45060,"Syracuse, NY (Metropolitan Statistical Area)",34900485
2007-01-01,45060,"Syracuse, NY (Metropolitan Statistical Area)",35633933
2008-01-01,45060,"Syracuse, NY (Metropolitan Statistical Area)",35579368
2009-01-01,45060,"Syracuse, NY (Metropolitan Statistical Area)",35375013
2010-01-01,45060,"Syracuse, NY (Metropolitan Statistical Area)",36900801
2011-01-01,45060,"Syracuse, NY (Metropolitan Statistical Area)",36633725
2012-01-01,45060,"Syracuse, NY (Metropolitan Statistical Area)",37578836
2013-01-01,45060,"Syracuse, NY (Metropolitan Statistical Area)",37988554
2014-01-01,45060,"Syracuse, NY (Metropolitan Statistical Area)",38693741
2015-01-01,45060,"Syracuse, NY (Metropolitan Statistical Area)",40070100
2016-01-01,45060,"Syracuse, NY (Metropolitan Statistical Area)",39668263
2017-01-01,45060,"Syracuse, NY (Metropolitan Statistical Area)",39834482
2018-01-01,45060,"Syracuse, NY (Metropolitan Statistical Area)",39856281
2019-01-01,45060,"Syracuse, NY (Metropolitan Statistical Area)",40822832
2020-01-01,45060,"Syracuse, NY (Metropolitan Statistical Area)",40102298
2021-01-01,45060,"Syracuse, NY (Metropolitan Statistical Area)",41105660
2022-01-01,45060,"Syracuse, NY (Metropolitan Statistical Area)",40897756
2023-01-01,45060,"Syracuse, NY (Metropolitan Statistical Area)",41210363
2001-01-01,45220,"Tallahassee, FL (Metropolitan Statistical Area)",15025403
2002-01-01,45220,"Tallahassee, FL (Metropolitan Statistical Area)",15431294
2003-01-01,45220,"Tallahassee, FL (Metropolitan Statistical Area)",15763414
2004-01-01,45220,"Tallahassee, FL (Metropolitan Statistical Area)",16338204
2005-01-01,45220,"Tallahassee, FL (Metropolitan Statistical Area)",16385960
2006-01-01,45220,"Tallahassee, FL (Metropolitan Statistical Area)",16368279
2007-01-01,45220,"Tallahassee, FL (Metropolitan Statistical Area)",16997357
2008-01-01,45220,"Tallahassee, FL (Metropolitan Statistical Area)",16803393
2009-01-01,45220,"Tallahassee, FL (Metropolitan Statistical Area)",16287164
2010-01-01,45220,"Tallahassee, FL (Metropolitan Statistical Area)",16213582
2011-01-01,45220,"Tallahassee, FL (Metropolitan Statistical Area)",16128310
2012-01-01,45220,"Tallahassee, FL (Metropolitan Statistical Area)",16179992
2013-01-01,45220,"Tallahassee, FL (Metropolitan Statistical Area)",15827010
2014-01-01,45220,"Tallahassee, FL (Metropolitan Statistical Area)",16061655
2015-01-01,45220,"Tallahassee, FL (Metropolitan Statistical Area)",16202514
2016-01-01,45220,"Tallahassee, FL (Metropolitan Statistical Area)",16603604
2017-01-01,45220,"Tallahassee, FL (Metropolitan Statistical Area)",17109018
2018-01-01,45220,"Tallahassee, FL (Metropolitan Statistical Area)",17171301
2019-01-01,45220,"Tallahassee, FL (Metropolitan Statistical Area)",17604681
2020-01-01,45220,"Tallahassee, FL (Metropolitan Statistical Area)",17263617
2021-01-01,45220,"Tallahassee, FL (Metropolitan Statistical Area)",18398100
2022-01-01,45220,"Tallahassee, FL (Metropolitan Statistical Area)",19334826
2023-01-01,45220,"Tallahassee, FL (Metropolitan Statistical Area)",20112691
2001-01-01,45300,"Tampa-St. Petersburg-Clearwater, FL (Metropolitan Statistical Area)",107822837
2002-01-01,45300,"Tampa-St. Petersburg-Clearwater, FL (Metropolitan Statistical Area)",112664671
2003-01-01,45300,"Tampa-St. Petersburg-Clearwater, FL (Metropolitan Statistical Area)",118261145
2004-01-01,45300,"Tampa-St. Petersburg-Clearwater, FL (Metropolitan Statistical Area)",126024519
2005-01-01,45300,"Tampa-St. Petersburg-Clearwater, FL (Metropolitan Statistical Area)",132496716
2006-01-01,45300,"Tampa-St. Petersburg-Clearwater, FL (Metropolitan Statistical Area)",135683534
2007-01-01,45300,"Tampa-St. Petersburg-Clearwater, FL (Metropolitan Statistical Area)",137367167
2008-01-01,45300,"Tampa-St. Petersburg-Clearwater, FL (Metropolitan Statistical Area)",134074361
2009-01-01,45300,"Tampa-St. Petersburg-Clearwater, FL (Metropolitan Statistical Area)",129194966
2010-01-01,45300,"Tampa-St. Petersburg-Clearwater, FL (Metropolitan Statistical Area)",131029526
2011-01-01,45300,"Tampa-St. Petersburg-Clearwater, FL (Metropolitan Statistical Area)",130742022
2012-01-01,45300,"Tampa-St. Petersburg-Clearwater, FL (Metropolitan Statistical Area)",132984382
2013-01-01,45300,"Tampa-St. Petersburg-Clearwater, FL (Metropolitan Statistical Area)",136241320
2014-01-01,45300,"Tampa-St. Petersburg-Clearwater, FL (Metropolitan Statistical Area)",138955880
2015-01-01,45300,"Tampa-St. Petersburg-Clearwater, FL (Metropolitan Statistical Area)",144730985
2016-01-01,45300,"Tampa-St. Petersburg-Clearwater, FL (Metropolitan Statistical Area)",149452874
2017-01-01,45300,"Tampa-St. Petersburg-Clearwater, FL (Metropolitan Statistical Area)",152661007
2018-01-01,45300,"Tampa-St. Petersburg-Clearwater, FL (Metropolitan Statistical Area)",158044077
2019-01-01,45300,"Tampa-St. Petersburg-Clearwater, FL (Metropolitan Statistical Area)",163930828
2020-01-01,45300,"Tampa-St. Petersburg-Clearwater, FL (Metropolitan Statistical Area)",165511362
2021-01-01,45300,"Tampa-St. Petersburg-Clearwater, FL (Metropolitan Statistical Area)",179994564
2022-01-01,45300,"Tampa-St. Petersburg-Clearwater, FL (Metropolitan Statistical Area)",190653158
2023-01-01,45300,"Tampa-St. Petersburg-Clearwater, FL (Metropolitan Statistical Area)",198914787
2001-01-01,45460,"Terre Haute, IN (Metropolitan Statistical Area)",6479788
2002-01-01,45460,"Terre Haute, IN (Metropolitan Statistical Area)",6674488
2003-01-01,45460,"Terre Haute, IN (Metropolitan Statistical Area)",7000323
2004-01-01,45460,"Terre Haute, IN (Metropolitan Statistical Area)",7170443
2005-01-01,45460,"Terre Haute, IN (Metropolitan Statistical Area)",7149755
2006-01-01,45460,"Terre Haute, IN (Metropolitan Statistical Area)",7285646
2007-01-01,45460,"Terre Haute, IN (Metropolitan Statistical Area)",7373346
2008-01-01,45460,"Terre Haute, IN (Metropolitan Statistical Area)",7413629
2009-01-01,45460,"Terre Haute, IN (Metropolitan Statistical Area)",7082807
2010-01-01,45460,"Terre Haute, IN (Metropolitan Statistical Area)",7443840
2011-01-01,45460,"Terre Haute, IN (Metropolitan Statistical Area)",7429857
2012-01-01,45460,"Terre Haute, IN (Metropolitan Statistical Area)",7375836
2013-01-01,45460,"Terre Haute, IN (Metropolitan Statistical Area)",8212405
2014-01-01,45460,"Terre Haute, IN (Metropolitan Statistical Area)",8164646
2015-01-01,45460,"Terre Haute, IN (Metropolitan Statistical Area)",7645678
2016-01-01,45460,"Terre Haute, IN (Metropolitan Statistical Area)",7592564
2017-01-01,45460,"Terre Haute, IN (Metropolitan Statistical Area)",7517874
2018-01-01,45460,"Terre Haute, IN (Metropolitan Statistical Area)",7493200
2019-01-01,45460,"Terre Haute, IN (Metropolitan Statistical Area)",7440623
2020-01-01,45460,"Terre Haute, IN (Metropolitan Statistical Area)",7355352
2021-01-01,45460,"Terre Haute, IN (Metropolitan Statistical Area)",7891112
2022-01-01,45460,"Terre Haute, IN (Metropolitan Statistical Area)",8020404
2023-01-01,45460,"Terre Haute, IN (Metropolitan Statistical Area)",8207738
2001-01-01,45500,"Texarkana, TX-AR (Metropolitan Statistical Area)",4913395
2002-01-01,45500,"Texarkana, TX-AR (Metropolitan Statistical Area)",5093953
2003-01-01,45500,"Texarkana, TX-AR (Metropolitan Statistical Area)",5159039
2004-01-01,45500,"Texarkana, TX-AR (Metropolitan Statistical Area)",5438367
2005-01-01,45500,"Texarkana, TX-AR (Metropolitan Statistical Area)",5567622
2006-01-01,45500,"Texarkana, TX-AR (Metropolitan Statistical Area)",5659691
2007-01-01,45500,"Texarkana, TX-AR (Metropolitan Statistical Area)",5722955
2008-01-01,45500,"Texarkana, TX-AR (Metropolitan Statistical Area)",5775575
2009-01-01,45500,"Texarkana, TX-AR (Metropolitan Statistical Area)",5705458
2010-01-01,45500,"Texarkana, TX-AR (Metropolitan Statistical Area)",5739923
2011-01-01,45500,"Texarkana, TX-AR (Metropolitan Statistical Area)",5809212
2012-01-01,45500,"Texarkana, TX-AR (Metropolitan Statistical Area)",5759513
2013-01-01,45500,"Texarkana, TX-AR (Metropolitan Statistical Area)",5576677
2014-01-01,45500,"Texarkana, TX-AR (Metropolitan Statistical Area)",5513948
2015-01-01,45500,"Texarkana, TX-AR (Metropolitan Statistical Area)",5529245
2016-01-01,45500,"Texarkana, TX-AR (Metropolitan Statistical Area)",5547370
2017-01-01,45500,"Texarkana, TX-AR (Metropolitan Statistical Area)",5453731
2018-01-01,45500,"Texarkana, TX-AR (Metropolitan Statistical Area)",5422156
2019-01-01,45500,"Texarkana, TX-AR (Metropolitan Statistical Area)",5441559
2020-01-01,45500,"Texarkana, TX-AR (Metropolitan Statistical Area)",5422749
2021-01-01,45500,"Texarkana, TX-AR (Metropolitan Statistical Area)",5546150
2022-01-01,45500,"Texarkana, TX-AR (Metropolitan Statistical Area)",5517726
2023-01-01,45500,"Texarkana, TX-AR (Metropolitan Statistical Area)",5616616
2001-01-01,45540,"The Villages, FL (Metropolitan Statistical Area)",1030503
2002-01-01,45540,"The Villages, FL (Metropolitan Statistical Area)",1133406
2003-01-01,45540,"The Villages, FL (Metropolitan Statistical Area)",1330773
2004-01-01,45540,"The Villages, FL (Metropolitan Statistical Area)",1410318
2005-01-01,45540,"The Villages, FL (Metropolitan Statistical Area)",1622953
2006-01-01,45540,"The Villages, FL (Metropolitan Statistical Area)",1793843
2007-01-01,45540,"The Villages, FL (Metropolitan Statistical Area)",1965310
2008-01-01,45540,"The Villages, FL (Metropolitan Statistical Area)",1935586
2009-01-01,45540,"The Villages, FL (Metropolitan Statistical Area)",1981353
2010-01-01,45540,"The Villages, FL (Metropolitan Statistical Area)",2093415
2011-01-01,45540,"The Villages, FL (Metropolitan Statistical Area)",2197440
2012-01-01,45540,"The Villages, FL (Metropolitan Statistical Area)",2617355
2013-01-01,45540,"The Villages, FL (Metropolitan Statistical Area)",2917280
2014-01-01,45540,"The Villages, FL (Metropolitan Statistical Area)",2840182
2015-01-01,45540,"The Villages, FL (Metropolitan Statistical Area)",2990019
2016-01-01,45540,"The Villages, FL (Metropolitan Statistical Area)",3070844
2017-01-01,45540,"The Villages, FL (Metropolitan Statistical Area)",3208200
2018-01-01,45540,"The Villages, FL (Metropolitan Statistical Area)",3392818
2019-01-01,45540,"The Villages, FL (Metropolitan Statistical Area)",3803390
2020-01-01,45540,"The Villages, FL (Metropolitan Statistical Area)",3870905
2021-01-01,45540,"The Villages, FL (Metropolitan Statistical Area)",4511950
2022-01-01,45540,"The Villages, FL (Metropolitan Statistical Area)",5090534
2023-01-01,45540,"The Villages, FL (Metropolitan Statistical Area)",5621636
2001-01-01,45780,"Toledo, OH (Metropolitan Statistical Area)",32237391
2002-01-01,45780,"Toledo, OH (Metropolitan Statistical Area)",32671318
2003-01-01,45780,"Toledo, OH (Metropolitan Statistical Area)",33065154
2004-01-01,45780,"Toledo, OH (Metropolitan Statistical Area)",33725888
2005-01-01,45780,"Toledo, OH (Metropolitan Statistical Area)",34890033
2006-01-01,45780,"Toledo, OH (Metropolitan Statistical Area)",35085850
2007-01-01,45780,"Toledo, OH (Metropolitan Statistical Area)",34688250
2008-01-01,45780,"Toledo, OH (Metropolitan Statistical Area)",32868174
2009-01-01,45780,"Toledo, OH (Metropolitan Statistical Area)",31089131
2010-01-01,45780,"Toledo, OH (Metropolitan Statistical Area)",32118012
2011-01-01,45780,"Toledo, OH (Metropolitan Statistical Area)",33607082
2012-01-01,45780,"Toledo, OH (Metropolitan Statistical Area)",33247265
2013-01-01,45780,"Toledo, OH (Metropolitan Statistical Area)",34314360
2014-01-01,45780,"Toledo, OH (Metropolitan Statistical Area)",36440047
2015-01-01,45780,"Toledo, OH (Metropolitan Statistical Area)",34916918
2016-01-01,45780,"Toledo, OH (Metropolitan Statistical Area)",34926705
2017-01-01,45780,"Toledo, OH (Metropolitan Statistical Area)",35347722
2018-01-01,45780,"Toledo, OH (Metropolitan Statistical Area)",35981768
2019-01-01,45780,"Toledo, OH (Metropolitan Statistical Area)",37266302
2020-01-01,45780,"Toledo, OH (Metropolitan Statistical Area)",34791725
2021-01-01,45780,"Toledo, OH (Metropolitan Statistical Area)",37762197
2022-01-01,45780,"Toledo, OH (Metropolitan Statistical Area)",37643887
2023-01-01,45780,"Toledo, OH (Metropolitan Statistical Area)",38505921
2010-01-01,45820,"Topeka, KS (Metropolitan Statistical Area)",10455772
2011-01-01,45820,"Topeka, KS (Metropolitan Statistical Area)",10851391
2012-01-01,45820,"Topeka, KS (Metropolitan Statistical Area)",10978916
2013-01-01,45820,"Topeka, KS (Metropolitan Statistical Area)",10783905
2014-01-01,45820,"Topeka, KS (Metropolitan Statistical Area)",11025301
2015-01-01,45820,"Topeka, KS (Metropolitan Statistical Area)",11177827
2016-01-01,45820,"Topeka, KS (Metropolitan Statistical Area)",11480939
2017-01-01,45820,"Topeka, KS (Metropolitan Statistical Area)",11518399
2018-01-01,45820,"Topeka, KS (Metropolitan Statistical Area)",11852731
2019-01-01,45820,"Topeka, KS (Metropolitan Statistical Area)",11646877
2020-01-01,45820,"Topeka, KS (Metropolitan Statistical Area)",11711195
2021-01-01,45820,"Topeka, KS (Metropolitan Statistical Area)",12148464
2022-01-01,45820,"Topeka, KS (Metropolitan Statistical Area)",11988979
2023-01-01,45820,"Topeka, KS (Metropolitan Statistical Area)",12249450
2001-01-01,45820,"Topeka, KS (Metropolitan Statistical Area)",9889269
2002-01-01,45820,"Topeka, KS (Metropolitan Statistical Area)",10002649
2003-01-01,45820,"Topeka, KS (Metropolitan Statistical Area)",10038737
2004-01-01,45820,"Topeka, KS (Metropolitan Statistical Area)",10299996
2005-01-01,45820,"Topeka, KS (Metropolitan Statistical Area)",10240606
2006-01-01,45820,"Topeka, KS (Metropolitan Statistical Area)",9873096
2007-01-01,45820,"Topeka, KS (Metropolitan Statistical Area)",10353633
2008-01-01,45820,"Topeka, KS (Metropolitan Statistical Area)",10604648
2009-01-01,45820,"Topeka, KS (Metropolitan Statistical Area)",10472475
2001-01-01,45940,"Trenton-Princeton, NJ (Metropolitan Statistical Area)",26544492
2002-01-01,45940,"Trenton-Princeton, NJ (Metropolitan Statistical Area)",27075868
2003-01-01,45940,"Trenton-Princeton, NJ (Metropolitan Statistical Area)",27649162
2004-01-01,45940,"Trenton-Princeton, NJ (Metropolitan Statistical Area)",27804489
2005-01-01,45940,"Trenton-Princeton, NJ (Metropolitan Statistical Area)",28590297
2006-01-01,45940,"Trenton-Princeton, NJ (Metropolitan Statistical Area)",28744744
2007-01-01,45940,"Trenton-Princeton, NJ (Metropolitan Statistical Area)",28451162
2008-01-01,45940,"Trenton-Princeton, NJ (Metropolitan Statistical Area)",29491574
2009-01-01,45940,"Trenton-Princeton, NJ (Metropolitan Statistical Area)",28405235
2010-01-01,45940,"Trenton-Princeton, NJ (Metropolitan Statistical Area)",28878926
2011-01-01,45940,"Trenton-Princeton, NJ (Metropolitan Statistical Area)",28982044
2012-01-01,45940,"Trenton-Princeton, NJ (Metropolitan Statistical Area)",30826488
2013-01-01,45940,"Trenton-Princeton, NJ (Metropolitan Statistical Area)",30889849
2014-01-01,45940,"Trenton-Princeton, NJ (Metropolitan Statistical Area)",30895524
2015-01-01,45940,"Trenton-Princeton, NJ (Metropolitan Statistical Area)",31122538
2016-01-01,45940,"Trenton-Princeton, NJ (Metropolitan Statistical Area)",32300433
2017-01-01,45940,"Trenton-Princeton, NJ (Metropolitan Statistical Area)",32454071
2018-01-01,45940,"Trenton-Princeton, NJ (Metropolitan Statistical Area)",33563841
2019-01-01,45940,"Trenton-Princeton, NJ (Metropolitan Statistical Area)",37234433
2020-01-01,45940,"Trenton-Princeton, NJ (Metropolitan Statistical Area)",37995013
2021-01-01,45940,"Trenton-Princeton, NJ (Metropolitan Statistical Area)",41473491
2022-01-01,45940,"Trenton-Princeton, NJ (Metropolitan Statistical Area)",43671876
2023-01-01,45940,"Trenton-Princeton, NJ (Metropolitan Statistical Area)",44411940
2001-01-01,46060,"Tucson, AZ (Metropolitan Statistical Area)",34524604
2002-01-01,46060,"Tucson, AZ (Metropolitan Statistical Area)",34540965
2003-01-01,46060,"Tucson, AZ (Metropolitan Statistical Area)",36643996
2004-01-01,46060,"Tucson, AZ (Metropolitan Statistical Area)",36278066
2005-01-01,46060,"Tucson, AZ (Metropolitan Statistical Area)",37944905
2006-01-01,46060,"Tucson, AZ (Metropolitan Statistical Area)",38659187
2007-01-01,46060,"Tucson, AZ (Metropolitan Statistical Area)",40263500
2008-01-01,46060,"Tucson, AZ (Metropolitan Statistical Area)",40646756
2009-01-01,46060,"Tucson, AZ (Metropolitan Statistical Area)",38050575
2010-01-01,46060,"Tucson, AZ (Metropolitan Statistical Area)",39307725
2011-01-01,46060,"Tucson, AZ (Metropolitan Statistical Area)",39429067
2012-01-01,46060,"Tucson, AZ (Metropolitan Statistical Area)",40385120
2013-01-01,46060,"Tucson, AZ (Metropolitan Statistical Area)",39702623
2014-01-01,46060,"Tucson, AZ (Metropolitan Statistical Area)",39766496
2015-01-01,46060,"Tucson, AZ (Metropolitan Statistical Area)",39561836
2016-01-01,46060,"Tucson, AZ (Metropolitan Statistical Area)",40889603
2017-01-01,46060,"Tucson, AZ (Metropolitan Statistical Area)",42330595
2018-01-01,46060,"Tucson, AZ (Metropolitan Statistical Area)",43891349
2019-01-01,46060,"Tucson, AZ (Metropolitan Statistical Area)",45428473
2020-01-01,46060,"Tucson, AZ (Metropolitan Statistical Area)",45292634
2021-01-01,46060,"Tucson, AZ (Metropolitan Statistical Area)",47871993
2022-01-01,46060,"Tucson, AZ (Metropolitan Statistical Area)",48551808
2023-01-01,46060,"Tucson, AZ (Metropolitan Statistical Area)",50781363
2001-01-01,46140,"Tulsa, OK (Metropolitan Statistical Area)",37575170
2002-01-01,46140,"Tulsa, OK (Metropolitan Statistical Area)",37586210
2003-01-01,46140,"Tulsa, OK (Metropolitan Statistical Area)",37481256
2004-01-01,46140,"Tulsa, OK (Metropolitan Statistical Area)",38167749
2005-01-01,46140,"Tulsa, OK (Metropolitan Statistical Area)",40228969
2006-01-01,46140,"Tulsa, OK (Metropolitan Statistical Area)",43284917
2007-01-01,46140,"Tulsa, OK (Metropolitan Statistical Area)",44409489
2008-01-01,46140,"Tulsa, OK (Metropolitan Statistical Area)",46402841
2009-01-01,46140,"Tulsa, OK (Metropolitan Statistical Area)",43544026
2010-01-01,46140,"Tulsa, OK (Metropolitan Statistical Area)",43078675
2011-01-01,46140,"Tulsa, OK (Metropolitan Statistical Area)",45119529
2012-01-01,46140,"Tulsa, OK (Metropolitan Statistical Area)",48520314
2013-01-01,46140,"Tulsa, OK (Metropolitan Statistical Area)",49458718
2014-01-01,46140,"Tulsa, OK (Metropolitan Statistical Area)",52126877
2015-01-01,46140,"Tulsa, OK (Metropolitan Statistical Area)",53010907
2016-01-01,46140,"Tulsa, OK (Metropolitan Statistical Area)",49884199
2017-01-01,46140,"Tulsa, OK (Metropolitan Statistical Area)",51636504
2018-01-01,46140,"Tulsa, OK (Metropolitan Statistical Area)",53149908
2019-01-01,46140,"Tulsa, OK (Metropolitan Statistical Area)",52040635
2020-01-01,46140,"Tulsa, OK (Metropolitan Statistical Area)",49229047
2021-01-01,46140,"Tulsa, OK (Metropolitan Statistical Area)",51128108
2022-01-01,46140,"Tulsa, OK (Metropolitan Statistical Area)",51615419
2023-01-01,46140,"Tulsa, OK (Metropolitan Statistical Area)",53908954
2001-01-01,46220,"Tuscaloosa, AL (Metropolitan Statistical Area)",8288474
2002-01-01,46220,"Tuscaloosa, AL (Metropolitan Statistical Area)",8761977
2003-01-01,46220,"Tuscaloosa, AL (Metropolitan Statistical Area)",9387383
2004-01-01,46220,"Tuscaloosa, AL (Metropolitan Statistical Area)",10091407
2005-01-01,46220,"Tuscaloosa, AL (Metropolitan Statistical Area)",10619688
2006-01-01,46220,"Tuscaloosa, AL (Metropolitan Statistical Area)",10676827
2007-01-01,46220,"Tuscaloosa, AL (Metropolitan Statistical Area)",11131911
2008-01-01,46220,"Tuscaloosa, AL (Metropolitan Statistical Area)",10686030
2009-01-01,46220,"Tuscaloosa, AL (Metropolitan Statistical Area)",9875231
2010-01-01,46220,"Tuscaloosa, AL (Metropolitan Statistical Area)",10271808
2011-01-01,46220,"Tuscaloosa, AL (Metropolitan Statistical Area)",11144130
2012-01-01,46220,"Tuscaloosa, AL (Metropolitan Statistical Area)",10665629
2013-01-01,46220,"Tuscaloosa, AL (Metropolitan Statistical Area)",10899787
2014-01-01,46220,"Tuscaloosa, AL (Metropolitan Statistical Area)",10588952
2015-01-01,46220,"Tuscaloosa, AL (Metropolitan Statistical Area)",10412405
2016-01-01,46220,"Tuscaloosa, AL (Metropolitan Statistical Area)",10737656
2017-01-01,46220,"Tuscaloosa, AL (Metropolitan Statistical Area)",11192692
2018-01-01,46220,"Tuscaloosa, AL (Metropolitan Statistical Area)",11222678
2019-01-01,46220,"Tuscaloosa, AL (Metropolitan Statistical Area)",11857819
2020-01-01,46220,"Tuscaloosa, AL (Metropolitan Statistical Area)",11217155
2021-01-01,46220,"Tuscaloosa, AL (Metropolitan Statistical Area)",11335223
2022-01-01,46220,"Tuscaloosa, AL (Metropolitan Statistical Area)",11264005
2023-01-01,46220,"Tuscaloosa, AL (Metropolitan Statistical Area)",11646516
2001-01-01,46300,"Twin Falls, ID (Metropolitan Statistical Area)",3093362
2002-01-01,46300,"Twin Falls, ID (Metropolitan Statistical Area)",3111047
2003-01-01,46300,"Twin Falls, ID (Metropolitan Statistical Area)",3140140
2004-01-01,46300,"Twin Falls, ID (Metropolitan Statistical Area)",3313801
2005-01-01,46300,"Twin Falls, ID (Metropolitan Statistical Area)",3507794
2006-01-01,46300,"Twin Falls, ID (Metropolitan Statistical Area)",3676048
2007-01-01,46300,"Twin Falls, ID (Metropolitan Statistical Area)",3842935
2008-01-01,46300,"Twin Falls, ID (Metropolitan Statistical Area)",3821263
2009-01-01,46300,"Twin Falls, ID (Metropolitan Statistical Area)",3469496
2010-01-01,46300,"Twin Falls, ID (Metropolitan Statistical Area)",3662026
2011-01-01,46300,"Twin Falls, ID (Metropolitan Statistical Area)",3666199
2012-01-01,46300,"Twin Falls, ID (Metropolitan Statistical Area)",3836541
2013-01-01,46300,"Twin Falls, ID (Metropolitan Statistical Area)",3988287
2014-01-01,46300,"Twin Falls, ID (Metropolitan Statistical Area)",4243814
2015-01-01,46300,"Twin Falls, ID (Metropolitan Statistical Area)",4301725
2016-01-01,46300,"Twin Falls, ID (Metropolitan Statistical Area)",4557275
2017-01-01,46300,"Twin Falls, ID (Metropolitan Statistical Area)",4697778
2018-01-01,46300,"Twin Falls, ID (Metropolitan Statistical Area)",4880650
2019-01-01,46300,"Twin Falls, ID (Metropolitan Statistical Area)",4990552
2020-01-01,46300,"Twin Falls, ID (Metropolitan Statistical Area)",5115593
2021-01-01,46300,"Twin Falls, ID (Metropolitan Statistical Area)",5413251
2022-01-01,46300,"Twin Falls, ID (Metropolitan Statistical Area)",5610668
2023-01-01,46300,"Twin Falls, ID (Metropolitan Statistical Area)",5822485
2001-01-01,46340,"Tyler, TX (Metropolitan Statistical Area)",7705097
2002-01-01,46340,"Tyler, TX (Metropolitan Statistical Area)",7745920
2003-01-01,46340,"Tyler, TX (Metropolitan Statistical Area)",7981453
2004-01-01,46340,"Tyler, TX (Metropolitan Statistical Area)",8903317
2005-01-01,46340,"Tyler, TX (Metropolitan Statistical Area)",9308460
2006-01-01,46340,"Tyler, TX (Metropolitan Statistical Area)",9828376
2007-01-01,46340,"Tyler, TX (Metropolitan Statistical Area)",9849819
2008-01-01,46340,"Tyler, TX (Metropolitan Statistical Area)",9700059
2009-01-01,46340,"Tyler, TX (Metropolitan Statistical Area)",9616610
2010-01-01,46340,"Tyler, TX (Metropolitan Statistical Area)",9981416
2011-01-01,46340,"Tyler, TX (Metropolitan Statistical Area)",10106769
2012-01-01,46340,"Tyler, TX (Metropolitan Statistical Area)",10283107
2013-01-01,46340,"Tyler, TX (Metropolitan Statistical Area)",10466442
2014-01-01,46340,"Tyler, TX (Metropolitan Statistical Area)",10333043
2015-01-01,46340,"Tyler, TX (Metropolitan Statistical Area)",10590541
2016-01-01,46340,"Tyler, TX (Metropolitan Statistical Area)",10494794
2017-01-01,46340,"Tyler, TX (Metropolitan Statistical Area)",10500988
2018-01-01,46340,"Tyler, TX (Metropolitan Statistical Area)",11028005
2019-01-01,46340,"Tyler, TX (Metropolitan Statistical Area)",11480649
2020-01-01,46340,"Tyler, TX (Metropolitan Statistical Area)",11180499
2021-01-01,46340,"Tyler, TX (Metropolitan Statistical Area)",11726815
2022-01-01,46340,"Tyler, TX (Metropolitan Statistical Area)",11990618
2023-01-01,46340,"Tyler, TX (Metropolitan Statistical Area)",12494743
2001-01-01,46520,"Urban Honolulu, HI (Metropolitan Statistical Area)",45916233
2002-01-01,46520,"Urban Honolulu, HI (Metropolitan Statistical Area)",47265641
2003-01-01,46520,"Urban Honolulu, HI (Metropolitan Statistical Area)",49477303
2004-01-01,46520,"Urban Honolulu, HI (Metropolitan Statistical Area)",52087127
2005-01-01,46520,"Urban Honolulu, HI (Metropolitan Statistical Area)",54246460
2006-01-01,46520,"Urban Honolulu, HI (Metropolitan Statistical Area)",55195797
2007-01-01,46520,"Urban Honolulu, HI (Metropolitan Statistical Area)",56459415
2008-01-01,46520,"Urban Honolulu, HI (Metropolitan Statistical Area)",57391511
2009-01-01,46520,"Urban Honolulu, HI (Metropolitan Statistical Area)",56361397
2010-01-01,46520,"Urban Honolulu, HI (Metropolitan Statistical Area)",57730989
2011-01-01,46520,"Urban Honolulu, HI (Metropolitan Statistical Area)",58852085
2012-01-01,46520,"Urban Honolulu, HI (Metropolitan Statistical Area)",59751513
2013-01-01,46520,"Urban Honolulu, HI (Metropolitan Statistical Area)",60982556
2014-01-01,46520,"Urban Honolulu, HI (Metropolitan Statistical Area)",61556965
2015-01-01,46520,"Urban Honolulu, HI (Metropolitan Statistical Area)",63190640
2016-01-01,46520,"Urban Honolulu, HI (Metropolitan Statistical Area)",64394760
2017-01-01,46520,"Urban Honolulu, HI (Metropolitan Statistical Area)",65758319
2018-01-01,46520,"Urban Honolulu, HI (Metropolitan Statistical Area)",66029819
2019-01-01,46520,"Urban Honolulu, HI (Metropolitan Statistical Area)",65637794
2020-01-01,46520,"Urban Honolulu, HI (Metropolitan Statistical Area)",60087478
2021-01-01,46520,"Urban Honolulu, HI (Metropolitan Statistical Area)",62794296
2022-01-01,46520,"Urban Honolulu, HI (Metropolitan Statistical Area)",64456896
2023-01-01,46520,"Urban Honolulu, HI (Metropolitan Statistical Area)",65999825
2009-01-01,46540,"Utica-Rome, NY (Metropolitan Statistical Area)",12228837
2010-01-01,46540,"Utica-Rome, NY (Metropolitan Statistical Area)",12541799
2011-01-01,46540,"Utica-Rome, NY (Metropolitan Statistical Area)",12376887
2012-01-01,46540,"Utica-Rome, NY (Metropolitan Statistical Area)",12430675
2013-01-01,46540,"Utica-Rome, NY (Metropolitan Statistical Area)",12341601
2014-01-01,46540,"Utica-Rome, NY (Metropolitan Statistical Area)",12347576
2015-01-01,46540,"Utica-Rome, NY (Metropolitan Statistical Area)",12316169
2016-01-01,46540,"Utica-Rome, NY (Metropolitan Statistical Area)",12466017
2017-01-01,46540,"Utica-Rome, NY (Metropolitan Statistical Area)",12412079
2018-01-01,46540,"Utica-Rome, NY (Metropolitan Statistical Area)",12588500
2019-01-01,46540,"Utica-Rome, NY (Metropolitan Statistical Area)",12881187
2020-01-01,46540,"Utica-Rome, NY (Metropolitan Statistical Area)",12702894
2021-01-01,46540,"Utica-Rome, NY (Metropolitan Statistical Area)",12788177
2022-01-01,46540,"Utica-Rome, NY (Metropolitan Statistical Area)",12917922
2023-01-01,46540,"Utica-Rome, NY (Metropolitan Statistical Area)",13254336
2001-01-01,46540,"Utica-Rome, NY (Metropolitan Statistical Area)",11177902
2002-01-01,46540,"Utica-Rome, NY (Metropolitan Statistical Area)",11406325
2003-01-01,46540,"Utica-Rome, NY (Metropolitan Statistical Area)",11568486
2004-01-01,46540,"Utica-Rome, NY (Metropolitan Statistical Area)",11669100
2005-01-01,46540,"Utica-Rome, NY (Metropolitan Statistical Area)",11623905
2006-01-01,46540,"Utica-Rome, NY (Metropolitan Statistical Area)",11746797
2007-01-01,46540,"Utica-Rome, NY (Metropolitan Statistical Area)",12099245
2008-01-01,46540,"Utica-Rome, NY (Metropolitan Statistical Area)",12093811
2001-01-01,46660,"Valdosta, GA (Metropolitan Statistical Area)",4310193
2002-01-01,46660,"Valdosta, GA (Metropolitan Statistical Area)",4471861
2003-01-01,46660,"Valdosta, GA (Metropolitan Statistical Area)",4630109
2004-01-01,46660,"Valdosta, GA (Metropolitan Statistical Area)",4734262
2005-01-01,46660,"Valdosta, GA (Metropolitan Statistical Area)",4896665
2006-01-01,46660,"Valdosta, GA (Metropolitan Statistical Area)",4952730
2007-01-01,46660,"Valdosta, GA (Metropolitan Statistical Area)",5042258
2008-01-01,46660,"Valdosta, GA (Metropolitan Statistical Area)",5191425
2009-01-01,46660,"Valdosta, GA (Metropolitan Statistical Area)",5096637
2010-01-01,46660,"Valdosta, GA (Metropolitan Statistical Area)",5148885
2011-01-01,46660,"Valdosta, GA (Metropolitan Statistical Area)",5100318
2012-01-01,46660,"Valdosta, GA (Metropolitan Statistical Area)",5094222
2013-01-01,46660,"Valdosta, GA (Metropolitan Statistical Area)",5119923
2014-01-01,46660,"Valdosta, GA (Metropolitan Statistical Area)",5185146
2015-01-01,46660,"Valdosta, GA (Metropolitan Statistical Area)",5220000
2016-01-01,46660,"Valdosta, GA (Metropolitan Statistical Area)",5322392
2017-01-01,46660,"Valdosta, GA (Metropolitan Statistical Area)",5414001
2018-01-01,46660,"Valdosta, GA (Metropolitan Statistical Area)",5518372
2019-01-01,46660,"Valdosta, GA (Metropolitan Statistical Area)",5700461
2020-01-01,46660,"Valdosta, GA (Metropolitan Statistical Area)",5715077
2021-01-01,46660,"Valdosta, GA (Metropolitan Statistical Area)",5937191
2022-01-01,46660,"Valdosta, GA (Metropolitan Statistical Area)",5885228
2023-01-01,46660,"Valdosta, GA (Metropolitan Statistical Area)",5989102
2001-01-01,46700,"Vallejo, CA (Metropolitan Statistical Area)",16109477
2002-01-01,46700,"Vallejo, CA (Metropolitan Statistical Area)",16180224
2003-01-01,46700,"Vallejo, CA (Metropolitan Statistical Area)",16883711
2004-01-01,46700,"Vallejo, CA (Metropolitan Statistical Area)",17011575
2005-01-01,46700,"Vallejo, CA (Metropolitan Statistical Area)",17623781
2006-01-01,46700,"Vallejo, CA (Metropolitan Statistical Area)",17873657
2007-01-01,46700,"Vallejo, CA (Metropolitan Statistical Area)",18622478
2008-01-01,46700,"Vallejo, CA (Metropolitan Statistical Area)",20283407
2009-01-01,46700,"Vallejo, CA (Metropolitan Statistical Area)",19506629
2010-01-01,46700,"Vallejo, CA (Metropolitan Statistical Area)",19525555
2011-01-01,46700,"Vallejo, CA (Metropolitan Statistical Area)",18858321
2012-01-01,46700,"Vallejo, CA (Metropolitan Statistical Area)",20537932
2013-01-01,46700,"Vallejo, CA (Metropolitan Statistical Area)",21595510
2014-01-01,46700,"Vallejo, CA (Metropolitan Statistical Area)",21777515
2015-01-01,46700,"Vallejo, CA (Metropolitan Statistical Area)",22077408
2016-01-01,46700,"Vallejo, CA (Metropolitan Statistical Area)",22614551
2017-01-01,46700,"Vallejo, CA (Metropolitan Statistical Area)",22725056
2018-01-01,46700,"Vallejo, CA (Metropolitan Statistical Area)",25846912
2019-01-01,46700,"Vallejo, CA (Metropolitan Statistical Area)",30908999
2020-01-01,46700,"Vallejo, CA (Metropolitan Statistical Area)",31087660
2021-01-01,46700,"Vallejo, CA (Metropolitan Statistical Area)",31835259
2022-01-01,46700,"Vallejo, CA (Metropolitan Statistical Area)",29623911
2023-01-01,46700,"Vallejo, CA (Metropolitan Statistical Area)",29643413
2001-01-01,47020,"Victoria, TX (Metropolitan Statistical Area)",4710714
2002-01-01,47020,"Victoria, TX (Metropolitan Statistical Area)",4564522
2003-01-01,47020,"Victoria, TX (Metropolitan Statistical Area)",4593545
2004-01-01,47020,"Victoria, TX (Metropolitan Statistical Area)",4874597
2005-01-01,47020,"Victoria, TX (Metropolitan Statistical Area)",5101440
2006-01-01,47020,"Victoria, TX (Metropolitan Statistical Area)",5388424
2007-01-01,47020,"Victoria, TX (Metropolitan Statistical Area)",5133674
2008-01-01,47020,"Victoria, TX (Metropolitan Statistical Area)",5031819
2009-01-01,47020,"Victoria, TX (Metropolitan Statistical Area)",4635068
2010-01-01,47020,"Victoria, TX (Metropolitan Statistical Area)",4679690
2011-01-01,47020,"Victoria, TX (Metropolitan Statistical Area)",4857403
2012-01-01,47020,"Victoria, TX (Metropolitan Statistical Area)",5188730
2013-01-01,47020,"Victoria, TX (Metropolitan Statistical Area)",5401300
2014-01-01,47020,"Victoria, TX (Metropolitan Statistical Area)",5508589
2015-01-01,47020,"Victoria, TX (Metropolitan Statistical Area)",5077160
2016-01-01,47020,"Victoria, TX (Metropolitan Statistical Area)",4618975
2017-01-01,47020,"Victoria, TX (Metropolitan Statistical Area)",4562994
2018-01-01,47020,"Victoria, TX (Metropolitan Statistical Area)",4866382
2019-01-01,47020,"Victoria, TX (Metropolitan Statistical Area)",4764283
2020-01-01,47020,"Victoria, TX (Metropolitan Statistical Area)",4552296
2021-01-01,47020,"Victoria, TX (Metropolitan Statistical Area)",4775380
2022-01-01,47020,"Victoria, TX (Metropolitan Statistical Area)",4943353
2023-01-01,47020,"Victoria, TX (Metropolitan Statistical Area)",5140527
2001-01-01,47220,"Vineland-Bridgeton, NJ (Metropolitan Statistical Area)",5728702
2002-01-01,47220,"Vineland-Bridgeton, NJ (Metropolitan Statistical Area)",5768830
2003-01-01,47220,"Vineland-Bridgeton, NJ (Metropolitan Statistical Area)",6071533
2004-01-01,47220,"Vineland-Bridgeton, NJ (Metropolitan Statistical Area)",6324396
2005-01-01,47220,"Vineland-Bridgeton, NJ (Metropolitan Statistical Area)",6457171
2006-01-01,47220,"Vineland-Bridgeton, NJ (Metropolitan Statistical Area)",6363876
2007-01-01,47220,"Vineland-Bridgeton, NJ (Metropolitan Statistical Area)",6334047
2008-01-01,47220,"Vineland-Bridgeton, NJ (Metropolitan Statistical Area)",6500406
2009-01-01,47220,"Vineland-Bridgeton, NJ (Metropolitan Statistical Area)",6296003
2010-01-01,47220,"Vineland-Bridgeton, NJ (Metropolitan Statistical Area)",6238856
2011-01-01,47220,"Vineland-Bridgeton, NJ (Metropolitan Statistical Area)",6113391
2012-01-01,47220,"Vineland-Bridgeton, NJ (Metropolitan Statistical Area)",6169298
2013-01-01,47220,"Vineland-Bridgeton, NJ (Metropolitan Statistical Area)",6149588
2014-01-01,47220,"Vineland-Bridgeton, NJ (Metropolitan Statistical Area)",6139610
2015-01-01,47220,"Vineland-Bridgeton, NJ (Metropolitan Statistical Area)",6272462
2016-01-01,47220,"Vineland-Bridgeton, NJ (Metropolitan Statistical Area)",6426679
2017-01-01,47220,"Vineland-Bridgeton, NJ (Metropolitan Statistical Area)",6267992
2018-01-01,47220,"Vineland-Bridgeton, NJ (Metropolitan Statistical Area)",6439811
2019-01-01,47220,"Vineland-Bridgeton, NJ (Metropolitan Statistical Area)",6459887
2020-01-01,47220,"Vineland-Bridgeton, NJ (Metropolitan Statistical Area)",6198307
2021-01-01,47220,"Vineland-Bridgeton, NJ (Metropolitan Statistical Area)",6488473
2022-01-01,47220,"Vineland-Bridgeton, NJ (Metropolitan Statistical Area)",6408565
2023-01-01,47220,"Vineland-Bridgeton, NJ (Metropolitan Statistical Area)",6438499
2001-01-01,47260,"Virginia Beach-Norfolk-Newport News, VA-NC (Metropolitan Statistical Area) *",79460894
2002-01-01,47260,"Virginia Beach-Norfolk-Newport News, VA-NC (Metropolitan Statistical Area) *",80933631
2003-01-01,47260,"Virginia Beach-Norfolk-Newport News, VA-NC (Metropolitan Statistical Area) *",84573553
2004-01-01,47260,"Virginia Beach-Norfolk-Newport News, VA-NC (Metropolitan Statistical Area) *",87980244
2005-01-01,47260,"Virginia Beach-Norfolk-Newport News, VA-NC (Metropolitan Statistical Area) *",91383562
2006-01-01,47260,"Virginia Beach-Norfolk-Newport News, VA-NC (Metropolitan Statistical Area) *",92318153
2007-01-01,47260,"Virginia Beach-Norfolk-Newport News, VA-NC (Metropolitan Statistical Area) *",93676784
2008-01-01,47260,"Virginia Beach-Norfolk-Newport News, VA-NC (Metropolitan Statistical Area) *",93722336
2009-01-01,47260,"Virginia Beach-Norfolk-Newport News, VA-NC (Metropolitan Statistical Area) *",92331606
2010-01-01,47260,"Virginia Beach-Norfolk-Newport News, VA-NC (Metropolitan Statistical Area) *",92856511
2011-01-01,47260,"Virginia Beach-Norfolk-Newport News, VA-NC (Metropolitan Statistical Area) *",92356435
2012-01-01,47260,"Virginia Beach-Norfolk-Newport News, VA-NC (Metropolitan Statistical Area) *",91496376
2013-01-01,47260,"Virginia Beach-Norfolk-Newport News, VA-NC (Metropolitan Statistical Area) *",92597048
2014-01-01,47260,"Virginia Beach-Norfolk-Newport News, VA-NC (Metropolitan Statistical Area) *",91641394
2015-01-01,47260,"Virginia Beach-Norfolk-Newport News, VA-NC (Metropolitan Statistical Area) *",93227484
2016-01-01,47260,"Virginia Beach-Norfolk-Newport News, VA-NC (Metropolitan Statistical Area) *",94274416
2017-01-01,47260,"Virginia Beach-Norfolk-Newport News, VA-NC (Metropolitan Statistical Area) *",94944863
2018-01-01,47260,"Virginia Beach-Norfolk-Newport News, VA-NC (Metropolitan Statistical Area) *",93851780
2019-01-01,47260,"Virginia Beach-Norfolk-Newport News, VA-NC (Metropolitan Statistical Area) *",94944137
2020-01-01,47260,"Virginia Beach-Norfolk-Newport News, VA-NC (Metropolitan Statistical Area) *",94260467
2021-01-01,47260,"Virginia Beach-Norfolk-Newport News, VA-NC (Metropolitan Statistical Area) *",99010949
2022-01-01,47260,"Virginia Beach-Norfolk-Newport News, VA-NC (Metropolitan Statistical Area) *",100855222
2023-01-01,47260,"Virginia Beach-Norfolk-Newport News, VA-NC (Metropolitan Statistical Area) *",104035162
2001-01-01,47300,"Visalia, CA (Metropolitan Statistical Area)",11635782
2002-01-01,47300,"Visalia, CA (Metropolitan Statistical Area)",10822959
2003-01-01,47300,"Visalia, CA (Metropolitan Statistical Area)",11393198
2004-01-01,47300,"Visalia, CA (Metropolitan Statistical Area)",12631250
2005-01-01,47300,"Visalia, CA (Metropolitan Statistical Area)",13871037
2006-01-01,47300,"Visalia, CA (Metropolitan Statistical Area)",13084688
2007-01-01,47300,"Visalia, CA (Metropolitan Statistical Area)",14624649
2008-01-01,47300,"Visalia, CA (Metropolitan Statistical Area)",13815747
2009-01-01,47300,"Visalia, CA (Metropolitan Statistical Area)",12622564
2010-01-01,47300,"Visalia, CA (Metropolitan Statistical Area)",13947483
2011-01-01,47300,"Visalia, CA (Metropolitan Statistical Area)",14438491
2012-01-01,47300,"Visalia, CA (Metropolitan Statistical Area)",13741919
2013-01-01,47300,"Visalia, CA (Metropolitan Statistical Area)",14039836
2014-01-01,47300,"Visalia, CA (Metropolitan Statistical Area)",15713728
2015-01-01,47300,"Visalia, CA (Metropolitan Statistical Area)",15809561
2016-01-01,47300,"Visalia, CA (Metropolitan Statistical Area)",16806339
2017-01-01,47300,"Visalia, CA (Metropolitan Statistical Area)",17426838
2018-01-01,47300,"Visalia, CA (Metropolitan Statistical Area)",17686115
2019-01-01,47300,"Visalia, CA (Metropolitan Statistical Area)",18480075
2020-01-01,47300,"Visalia, CA (Metropolitan Statistical Area)",18062395
2021-01-01,47300,"Visalia, CA (Metropolitan Statistical Area)",18345174
2022-01-01,47300,"Visalia, CA (Metropolitan Statistical Area)",18399182
2023-01-01,47300,"Visalia, CA (Metropolitan Statistical Area)",18824792
2001-01-01,47380,"Waco, TX (Metropolitan Statistical Area)",8772242
2002-01-01,47380,"Waco, TX (Metropolitan Statistical Area)",8814214
2003-01-01,47380,"Waco, TX (Metropolitan Statistical Area)",9168492
2004-01-01,47380,"Waco, TX (Metropolitan Statistical Area)",9536879
2005-01-01,47380,"Waco, TX (Metropolitan Statistical Area)",9730904
2006-01-01,47380,"Waco, TX (Metropolitan Statistical Area)",9922777
2007-01-01,47380,"Waco, TX (Metropolitan Statistical Area)",9981049
2008-01-01,47380,"Waco, TX (Metropolitan Statistical Area)",9918066
2009-01-01,47380,"Waco, TX (Metropolitan Statistical Area)",9803094
2010-01-01,47380,"Waco, TX (Metropolitan Statistical Area)",10246664
2011-01-01,47380,"Waco, TX (Metropolitan Statistical Area)",10437108
2012-01-01,47380,"Waco, TX (Metropolitan Statistical Area)",10736141
2013-01-01,47380,"Waco, TX (Metropolitan Statistical Area)",11675190
2014-01-01,47380,"Waco, TX (Metropolitan Statistical Area)",12150243
2015-01-01,47380,"Waco, TX (Metropolitan Statistical Area)",11973872
2016-01-01,47380,"Waco, TX (Metropolitan Statistical Area)",12131674
2017-01-01,47380,"Waco, TX (Metropolitan Statistical Area)",12732714
2018-01-01,47380,"Waco, TX (Metropolitan Statistical Area)",13262378
2019-01-01,47380,"Waco, TX (Metropolitan Statistical Area)",13018332
2020-01-01,47380,"Waco, TX (Metropolitan Statistical Area)",12660474
2021-01-01,47380,"Waco, TX (Metropolitan Statistical Area)",13393610
2022-01-01,47380,"Waco, TX (Metropolitan Statistical Area)",13921913
2023-01-01,47380,"Waco, TX (Metropolitan Statistical Area)",14554870
2010-01-01,47460,"Walla Walla, WA (Metropolitan Statistical Area)",2760635
2011-01-01,47460,"Walla Walla, WA (Metropolitan Statistical Area)",2887771
2012-01-01,47460,"Walla Walla, WA (Metropolitan Statistical Area)",2887817
2013-01-01,47460,"Walla Walla, WA (Metropolitan Statistical Area)",2850295
2014-01-01,47460,"Walla Walla, WA (Metropolitan Statistical Area)",2914724
2015-01-01,47460,"Walla Walla, WA (Metropolitan Statistical Area)",3150416
2016-01-01,47460,"Walla Walla, WA (Metropolitan Statistical Area)",3345376
2017-01-01,47460,"Walla Walla, WA (Metropolitan Statistical Area)",3407116
2018-01-01,47460,"Walla Walla, WA (Metropolitan Statistical Area)",3451733
2019-01-01,47460,"Walla Walla, WA (Metropolitan Statistical Area)",3468184
2020-01-01,47460,"Walla Walla, WA (Metropolitan Statistical Area)",3236220
2021-01-01,47460,"Walla Walla, WA (Metropolitan Statistical Area)",3298278
2022-01-01,47460,"Walla Walla, WA (Metropolitan Statistical Area)",3326236
2023-01-01,47460,"Walla Walla, WA (Metropolitan Statistical Area)",3452245
2001-01-01,47460,"Walla Walla, WA (Metropolitan Statistical Area)",2548368
2002-01-01,47460,"Walla Walla, WA (Metropolitan Statistical Area)",2359940
2003-01-01,47460,"Walla Walla, WA (Metropolitan Statistical Area)",2471257
2004-01-01,47460,"Walla Walla, WA (Metropolitan Statistical Area)",2413838
2005-01-01,47460,"Walla Walla, WA (Metropolitan Statistical Area)",2497648
2006-01-01,47460,"Walla Walla, WA (Metropolitan Statistical Area)",2786776
2007-01-01,47460,"Walla Walla, WA (Metropolitan Statistical Area)",2611025
2008-01-01,47460,"Walla Walla, WA (Metropolitan Statistical Area)",2691374
2009-01-01,47460,"Walla Walla, WA (Metropolitan Statistical Area)",2801024
2001-01-01,47580,"Warner Robins, GA (Metropolitan Statistical Area)",5821073
2002-01-01,47580,"Warner Robins, GA (Metropolitan Statistical Area)",6030369
2003-01-01,47580,"Warner Robins, GA (Metropolitan Statistical Area)",6227635
2004-01-01,47580,"Warner Robins, GA (Metropolitan Statistical Area)",6376742
2005-01-01,47580,"Warner Robins, GA (Metropolitan Statistical Area)",6636784
2006-01-01,47580,"Warner Robins, GA (Metropolitan Statistical Area)",6831566
2007-01-01,47580,"Warner Robins, GA (Metropolitan Statistical Area)",6953250
2008-01-01,47580,"Warner Robins, GA (Metropolitan Statistical Area)",6969194
2009-01-01,47580,"Warner Robins, GA (Metropolitan Statistical Area)",6976533
2010-01-01,47580,"Warner Robins, GA (Metropolitan Statistical Area)",7081244
2011-01-01,47580,"Warner Robins, GA (Metropolitan Statistical Area)",7178049
2012-01-01,47580,"Warner Robins, GA (Metropolitan Statistical Area)",7233114
2013-01-01,47580,"Warner Robins, GA (Metropolitan Statistical Area)",7214301
2014-01-01,47580,"Warner Robins, GA (Metropolitan Statistical Area)",7205254
2015-01-01,47580,"Warner Robins, GA (Metropolitan Statistical Area)",7330785
2016-01-01,47580,"Warner Robins, GA (Metropolitan Statistical Area)",7443202
2017-01-01,47580,"Warner Robins, GA (Metropolitan Statistical Area)",7641333
2018-01-01,47580,"Warner Robins, GA (Metropolitan Statistical Area)",7759664
2019-01-01,47580,"Warner Robins, GA (Metropolitan Statistical Area)",8016182
2020-01-01,47580,"Warner Robins, GA (Metropolitan Statistical Area)",7957684
2021-01-01,47580,"Warner Robins, GA (Metropolitan Statistical Area)",8299243
2022-01-01,47580,"Warner Robins, GA (Metropolitan Statistical Area)",8464496
2023-01-01,47580,"Warner Robins, GA (Metropolitan Statistical Area)",8550464
2001-01-01,47900,"Washington-Arlington-Alexandria, DC-VA-MD-WV (Metropolitan Statistical Area) *",355947872
2002-01-01,47900,"Washington-Arlington-Alexandria, DC-VA-MD-WV (Metropolitan Statistical Area) *",368535879
2003-01-01,47900,"Washington-Arlington-Alexandria, DC-VA-MD-WV (Metropolitan Statistical Area) *",382024796
2004-01-01,47900,"Washington-Arlington-Alexandria, DC-VA-MD-WV (Metropolitan Statistical Area) *",406258618
2005-01-01,47900,"Washington-Arlington-Alexandria, DC-VA-MD-WV (Metropolitan Statistical Area) *",425191778
2006-01-01,47900,"Washington-Arlington-Alexandria, DC-VA-MD-WV (Metropolitan Statistical Area) *",430691447
2007-01-01,47900,"Washington-Arlington-Alexandria, DC-VA-MD-WV (Metropolitan Statistical Area) *",438446081
2008-01-01,47900,"Washington-Arlington-Alexandria, DC-VA-MD-WV (Metropolitan Statistical Area) *",450704444
2009-01-01,47900,"Washington-Arlington-Alexandria, DC-VA-MD-WV (Metropolitan Statistical Area) *",450733943
2010-01-01,47900,"Washington-Arlington-Alexandria, DC-VA-MD-WV (Metropolitan Statistical Area) *",473111813
2011-01-01,47900,"Washington-Arlington-Alexandria, DC-VA-MD-WV (Metropolitan Statistical Area) *",482441759
2012-01-01,47900,"Washington-Arlington-Alexandria, DC-VA-MD-WV (Metropolitan Statistical Area) *",486294467
2013-01-01,47900,"Washington-Arlington-Alexandria, DC-VA-MD-WV (Metropolitan Statistical Area) *",487482541
2014-01-01,47900,"Washington-Arlington-Alexandria, DC-VA-MD-WV (Metropolitan Statistical Area) *",493473578
2015-01-01,47900,"Washington-Arlington-Alexandria, DC-VA-MD-WV (Metropolitan Statistical Area) *",503821044
2016-01-01,47900,"Washington-Arlington-Alexandria, DC-VA-MD-WV (Metropolitan Statistical Area) *",516612131
2017-01-01,47900,"Washington-Arlington-Alexandria, DC-VA-MD-WV (Metropolitan Statistical Area) *",528925008
2018-01-01,47900,"Washington-Arlington-Alexandria, DC-VA-MD-WV (Metropolitan Statistical Area) *",542396309
2019-01-01,47900,"Washington-Arlington-Alexandria, DC-VA-MD-WV (Metropolitan Statistical Area) *",551941964
2020-01-01,47900,"Washington-Arlington-Alexandria, DC-VA-MD-WV (Metropolitan Statistical Area) *",543360105
2021-01-01,47900,"Washington-Arlington-Alexandria, DC-VA-MD-WV (Metropolitan Statistical Area) *",571124614
2022-01-01,47900,"Washington-Arlington-Alexandria, DC-VA-MD-WV (Metropolitan Statistical Area) *",584190663
2023-01-01,47900,"Washington-Arlington-Alexandria, DC-VA-MD-WV (Metropolitan Statistical Area) *",600169021
2001-01-01,47940,"Waterloo-Cedar Falls, IA (Metropolitan Statistical Area)",7100488
2002-01-01,47940,"Waterloo-Cedar Falls, IA (Metropolitan Statistical Area)",7405846
2003-01-01,47940,"Waterloo-Cedar Falls, IA (Metropolitan Statistical Area)",7374946
2004-01-01,47940,"Waterloo-Cedar Falls, IA (Metropolitan Statistical Area)",8365380
2005-01-01,47940,"Waterloo-Cedar Falls, IA (Metropolitan Statistical Area)",8668654
2006-01-01,47940,"Waterloo-Cedar Falls, IA (Metropolitan Statistical Area)",8715412
2007-01-01,47940,"Waterloo-Cedar Falls, IA (Metropolitan Statistical Area)",8936345
2008-01-01,47940,"Waterloo-Cedar Falls, IA (Metropolitan Statistical Area)",8841208
2009-01-01,47940,"Waterloo-Cedar Falls, IA (Metropolitan Statistical Area)",8699326
2010-01-01,47940,"Waterloo-Cedar Falls, IA (Metropolitan Statistical Area)",9246539
2011-01-01,47940,"Waterloo-Cedar Falls, IA (Metropolitan Statistical Area)",9201552
2012-01-01,47940,"Waterloo-Cedar Falls, IA (Metropolitan Statistical Area)",11150669
2013-01-01,47940,"Waterloo-Cedar Falls, IA (Metropolitan Statistical Area)",9855288
2014-01-01,47940,"Waterloo-Cedar Falls, IA (Metropolitan Statistical Area)",11039962
2015-01-01,47940,"Waterloo-Cedar Falls, IA (Metropolitan Statistical Area)",10355729
2016-01-01,47940,"Waterloo-Cedar Falls, IA (Metropolitan Statistical Area)",9364859
2017-01-01,47940,"Waterloo-Cedar Falls, IA (Metropolitan Statistical Area)",9420056
2018-01-01,47940,"Waterloo-Cedar Falls, IA (Metropolitan Statistical Area)",9586012
2019-01-01,47940,"Waterloo-Cedar Falls, IA (Metropolitan Statistical Area)",9486575
2020-01-01,47940,"Waterloo-Cedar Falls, IA (Metropolitan Statistical Area)",9260573
2021-01-01,47940,"Waterloo-Cedar Falls, IA (Metropolitan Statistical Area)",9902569
2022-01-01,47940,"Waterloo-Cedar Falls, IA (Metropolitan Statistical Area)",9822426
2023-01-01,47940,"Waterloo-Cedar Falls, IA (Metropolitan Statistical Area)",9730511
2001-01-01,48060,"Watertown-Fort Drum, NY (Metropolitan Statistical Area)",4932546
2002-01-01,48060,"Watertown-Fort Drum, NY (Metropolitan Statistical Area)",4956641
2003-01-01,48060,"Watertown-Fort Drum, NY (Metropolitan Statistical Area)",5194721
2004-01-01,48060,"Watertown-Fort Drum, NY (Metropolitan Statistical Area)",5451516
2005-01-01,48060,"Watertown-Fort Drum, NY (Metropolitan Statistical Area)",5958947
2006-01-01,48060,"Watertown-Fort Drum, NY (Metropolitan Statistical Area)",6300463
2007-01-01,48060,"Watertown-Fort Drum, NY (Metropolitan Statistical Area)",6431099
2008-01-01,48060,"Watertown-Fort Drum, NY (Metropolitan Statistical Area)",6756297
2009-01-01,48060,"Watertown-Fort Drum, NY (Metropolitan Statistical Area)",6980314
2010-01-01,48060,"Watertown-Fort Drum, NY (Metropolitan Statistical Area)",7298119
2011-01-01,48060,"Watertown-Fort Drum, NY (Metropolitan Statistical Area)",7481518
2012-01-01,48060,"Watertown-Fort Drum, NY (Metropolitan Statistical Area)",7272451
2013-01-01,48060,"Watertown-Fort Drum, NY (Metropolitan Statistical Area)",7070837
2014-01-01,48060,"Watertown-Fort Drum, NY (Metropolitan Statistical Area)",6888211
2015-01-01,48060,"Watertown-Fort Drum, NY (Metropolitan Statistical Area)",6672802
2016-01-01,48060,"Watertown-Fort Drum, NY (Metropolitan Statistical Area)",6541691
2017-01-01,48060,"Watertown-Fort Drum, NY (Metropolitan Statistical Area)",6422238
2018-01-01,48060,"Watertown-Fort Drum, NY (Metropolitan Statistical Area)",6376427
2019-01-01,48060,"Watertown-Fort Drum, NY (Metropolitan Statistical Area)",6351089
2020-01-01,48060,"Watertown-Fort Drum, NY (Metropolitan Statistical Area)",6203153
2021-01-01,48060,"Watertown-Fort Drum, NY (Metropolitan Statistical Area)",6382491
2022-01-01,48060,"Watertown-Fort Drum, NY (Metropolitan Statistical Area)",6402269
2023-01-01,48060,"Watertown-Fort Drum, NY (Metropolitan Statistical Area)",6434562
2001-01-01,48140,"Wausau-Weston, WI (Metropolitan Statistical Area)",7259630
2002-01-01,48140,"Wausau-Weston, WI (Metropolitan Statistical Area)",7447517
2003-01-01,48140,"Wausau-Weston, WI (Metropolitan Statistical Area)",7809548
2004-01-01,48140,"Wausau-Weston, WI (Metropolitan Statistical Area)",8145841
2005-01-01,48140,"Wausau-Weston, WI (Metropolitan Statistical Area)",8427349
2006-01-01,48140,"Wausau-Weston, WI (Metropolitan Statistical Area)",8531150
2007-01-01,48140,"Wausau-Weston, WI (Metropolitan Statistical Area)",8607114
2008-01-01,48140,"Wausau-Weston, WI (Metropolitan Statistical Area)",8446698
2009-01-01,48140,"Wausau-Weston, WI (Metropolitan Statistical Area)",8136006
2010-01-01,48140,"Wausau-Weston, WI (Metropolitan Statistical Area)",8389996
2011-01-01,48140,"Wausau-Weston, WI (Metropolitan Statistical Area)",8606141
2012-01-01,48140,"Wausau-Weston, WI (Metropolitan Statistical Area)",8748711
2013-01-01,48140,"Wausau-Weston, WI (Metropolitan Statistical Area)",8843877
2014-01-01,48140,"Wausau-Weston, WI (Metropolitan Statistical Area)",9370615
2015-01-01,48140,"Wausau-Weston, WI (Metropolitan Statistical Area)",9716265
2016-01-01,48140,"Wausau-Weston, WI (Metropolitan Statistical Area)",10047503
2017-01-01,48140,"Wausau-Weston, WI (Metropolitan Statistical Area)",9711554
2018-01-01,48140,"Wausau-Weston, WI (Metropolitan Statistical Area)",9907300
2019-01-01,48140,"Wausau-Weston, WI (Metropolitan Statistical Area)",10362011
2020-01-01,48140,"Wausau-Weston, WI (Metropolitan Statistical Area)",9807478
2021-01-01,48140,"Wausau-Weston, WI (Metropolitan Statistical Area)",10088132
2022-01-01,48140,"Wausau-Weston, WI (Metropolitan Statistical Area)",10163052
2023-01-01,48140,"Wausau-Weston, WI (Metropolitan Statistical Area)",10046887
2001-01-01,48260,"Weirton-Steubenville, WV-OH (Metropolitan Statistical Area)",5236127
2002-01-01,48260,"Weirton-Steubenville, WV-OH (Metropolitan Statistical Area)",5462057
2003-01-01,48260,"Weirton-Steubenville, WV-OH (Metropolitan Statistical Area)",5337812
2004-01-01,48260,"Weirton-Steubenville, WV-OH (Metropolitan Statistical Area)",5128944
2005-01-01,48260,"Weirton-Steubenville, WV-OH (Metropolitan Statistical Area)",5138904
2006-01-01,48260,"Weirton-Steubenville, WV-OH (Metropolitan Statistical Area)",4818137
2007-01-01,48260,"Weirton-Steubenville, WV-OH (Metropolitan Statistical Area)",5031829
2008-01-01,48260,"Weirton-Steubenville, WV-OH (Metropolitan Statistical Area)",5462109
2009-01-01,48260,"Weirton-Steubenville, WV-OH (Metropolitan Statistical Area)",4970590
2010-01-01,48260,"Weirton-Steubenville, WV-OH (Metropolitan Statistical Area)",5008041
2011-01-01,48260,"Weirton-Steubenville, WV-OH (Metropolitan Statistical Area)",4870523
2012-01-01,48260,"Weirton-Steubenville, WV-OH (Metropolitan Statistical Area)",4892636
2013-01-01,48260,"Weirton-Steubenville, WV-OH (Metropolitan Statistical Area)",5574095
2014-01-01,48260,"Weirton-Steubenville, WV-OH (Metropolitan Statistical Area)",6317925
2015-01-01,48260,"Weirton-Steubenville, WV-OH (Metropolitan Statistical Area)",6423583
2016-01-01,48260,"Weirton-Steubenville, WV-OH (Metropolitan Statistical Area)",5189392
2017-01-01,48260,"Weirton-Steubenville, WV-OH (Metropolitan Statistical Area)",5267564
2018-01-01,48260,"Weirton-Steubenville, WV-OH (Metropolitan Statistical Area)",5307538
2019-01-01,48260,"Weirton-Steubenville, WV-OH (Metropolitan Statistical Area)",5879753
2020-01-01,48260,"Weirton-Steubenville, WV-OH (Metropolitan Statistical Area)",5932479
2021-01-01,48260,"Weirton-Steubenville, WV-OH (Metropolitan Statistical Area)",5891084
2022-01-01,48260,"Weirton-Steubenville, WV-OH (Metropolitan Statistical Area)",5487827
2023-01-01,48260,"Weirton-Steubenville, WV-OH (Metropolitan Statistical Area)",6041066
2010-01-01,48300,"Wenatchee, WA (Metropolitan Statistical Area)",5106787
2011-01-01,48300,"Wenatchee, WA (Metropolitan Statistical Area)",5664284
2012-01-01,48300,"Wenatchee, WA (Metropolitan Statistical Area)",5767890
2013-01-01,48300,"Wenatchee, WA (Metropolitan Statistical Area)",5586232
2014-01-01,48300,"Wenatchee, WA (Metropolitan Statistical Area)",5641389
2015-01-01,48300,"Wenatchee, WA (Metropolitan Statistical Area)",5977015
2016-01-01,48300,"Wenatchee, WA (Metropolitan Statistical Area)",6148528
2017-01-01,48300,"Wenatchee, WA (Metropolitan Statistical Area)",6353998
2018-01-01,48300,"Wenatchee, WA (Metropolitan Statistical Area)",6436263
2019-01-01,48300,"Wenatchee, WA (Metropolitan Statistical Area)",6508657
2020-01-01,48300,"Wenatchee, WA (Metropolitan Statistical Area)",6433776
2021-01-01,48300,"Wenatchee, WA (Metropolitan Statistical Area)",6756339
2022-01-01,48300,"Wenatchee, WA (Metropolitan Statistical Area)",7090522
2023-01-01,48300,"Wenatchee, WA (Metropolitan Statistical Area)",7383005
2001-01-01,48300,"Wenatchee, WA (Metropolitan Statistical Area)",4202809
2002-01-01,48300,"Wenatchee, WA (Metropolitan Statistical Area)",4639642
2003-01-01,48300,"Wenatchee, WA (Metropolitan Statistical Area)",4620858
2004-01-01,48300,"Wenatchee, WA (Metropolitan Statistical Area)",4623515
2005-01-01,48300,"Wenatchee, WA (Metropolitan Statistical Area)",4352467
2006-01-01,48300,"Wenatchee, WA (Metropolitan Statistical Area)",4816100
2007-01-01,48300,"Wenatchee, WA (Metropolitan Statistical Area)",4847064
2008-01-01,48300,"Wenatchee, WA (Metropolitan Statistical Area)",4791912
2009-01-01,48300,"Wenatchee, WA (Metropolitan Statistical Area)",4874788
2009-01-01,48540,"Wheeling, WV-OH (Metropolitan Statistical Area)",6047692
2010-01-01,48540,"Wheeling, WV-OH (Metropolitan Statistical Area)",6106015
2011-01-01,48540,"Wheeling, WV-OH (Metropolitan Statistical Area)",6144944
2012-01-01,48540,"Wheeling, WV-OH (Metropolitan Statistical Area)",6170784
2013-01-01,48540,"Wheeling, WV-OH (Metropolitan Statistical Area)",6803364
2014-01-01,48540,"Wheeling, WV-OH (Metropolitan Statistical Area)",7714515
2015-01-01,48540,"Wheeling, WV-OH (Metropolitan Statistical Area)",8450955
2016-01-01,48540,"Wheeling, WV-OH (Metropolitan Statistical Area)",8864096
2017-01-01,48540,"Wheeling, WV-OH (Metropolitan Statistical Area)",9583402
2018-01-01,48540,"Wheeling, WV-OH (Metropolitan Statistical Area)",9651377
2019-01-01,48540,"Wheeling, WV-OH (Metropolitan Statistical Area)",9708631
2020-01-01,48540,"Wheeling, WV-OH (Metropolitan Statistical Area)",9356233
2021-01-01,48540,"Wheeling, WV-OH (Metropolitan Statistical Area)",8936748
2022-01-01,48540,"Wheeling, WV-OH (Metropolitan Statistical Area)",8537627
2023-01-01,48540,"Wheeling, WV-OH (Metropolitan Statistical Area)",9453051
2001-01-01,48540,"Wheeling, WV-OH (Metropolitan Statistical Area)",5742662
2002-01-01,48540,"Wheeling, WV-OH (Metropolitan Statistical Area)",5770660
2003-01-01,48540,"Wheeling, WV-OH (Metropolitan Statistical Area)",5834520
2004-01-01,48540,"Wheeling, WV-OH (Metropolitan Statistical Area)",5876200
2005-01-01,48540,"Wheeling, WV-OH (Metropolitan Statistical Area)",6005390
2006-01-01,48540,"Wheeling, WV-OH (Metropolitan Statistical Area)",5946038
2007-01-01,48540,"Wheeling, WV-OH (Metropolitan Statistical Area)",6105440
2008-01-01,48540,"Wheeling, WV-OH (Metropolitan Statistical Area)",6227420
2010-01-01,48620,"Wichita, KS (Metropolitan Statistical Area)",30528603
2011-01-01,48620,"Wichita, KS (Metropolitan Statistical Area)",31254692
2012-01-01,48620,"Wichita, KS (Metropolitan Statistical Area)",31041067
2013-01-01,48620,"Wichita, KS (Metropolitan Statistical Area)",29440537
2014-01-01,48620,"Wichita, KS (Metropolitan Statistical Area)",31261848
2015-01-01,48620,"Wichita, KS (Metropolitan Statistical Area)",33021688
2016-01-01,48620,"Wichita, KS (Metropolitan Statistical Area)",35743386
2017-01-01,48620,"Wichita, KS (Metropolitan Statistical Area)",35871059
2018-01-01,48620,"Wichita, KS (Metropolitan Statistical Area)",35828911
2019-01-01,48620,"Wichita, KS (Metropolitan Statistical Area)",35772774
2020-01-01,48620,"Wichita, KS (Metropolitan Statistical Area)",34727312
2021-01-01,48620,"Wichita, KS (Metropolitan Statistical Area)",35694058
2022-01-01,48620,"Wichita, KS (Metropolitan Statistical Area)",36717557
2023-01-01,48620,"Wichita, KS (Metropolitan Statistical Area)",37745472
2001-01-01,48620,"Wichita, KS (Metropolitan Statistical Area)",28112175
2002-01-01,48620,"Wichita, KS (Metropolitan Statistical Area)",27797172
2003-01-01,48620,"Wichita, KS (Metropolitan Statistical Area)",27313921
2004-01-01,48620,"Wichita, KS (Metropolitan Statistical Area)",27262501
2005-01-01,48620,"Wichita, KS (Metropolitan Statistical Area)",27543354
2006-01-01,48620,"Wichita, KS (Metropolitan Statistical Area)",30459223
2007-01-01,48620,"Wichita, KS (Metropolitan Statistical Area)",32567199
2008-01-01,48620,"Wichita, KS (Metropolitan Statistical Area)",32527341
2009-01-01,48620,"Wichita, KS (Metropolitan Statistical Area)",29112345
2001-01-01,48660,"Wichita Falls, TX (Metropolitan Statistical Area)",5672799
2002-01-01,48660,"Wichita Falls, TX (Metropolitan Statistical Area)",5779333
2003-01-01,48660,"Wichita Falls, TX (Metropolitan Statistical Area)",5710295
2004-01-01,48660,"Wichita Falls, TX (Metropolitan Statistical Area)",5661620
2005-01-01,48660,"Wichita Falls, TX (Metropolitan Statistical Area)",5651991
2006-01-01,48660,"Wichita Falls, TX (Metropolitan Statistical Area)",5939301
2007-01-01,48660,"Wichita Falls, TX (Metropolitan Statistical Area)",5909310
2008-01-01,48660,"Wichita Falls, TX (Metropolitan Statistical Area)",5999662
2009-01-01,48660,"Wichita Falls, TX (Metropolitan Statistical Area)",5902323
2010-01-01,48660,"Wichita Falls, TX (Metropolitan Statistical Area)",5942830
2011-01-01,48660,"Wichita Falls, TX (Metropolitan Statistical Area)",5860376
2012-01-01,48660,"Wichita Falls, TX (Metropolitan Statistical Area)",6093833
2013-01-01,48660,"Wichita Falls, TX (Metropolitan Statistical Area)",6149697
2014-01-01,48660,"Wichita Falls, TX (Metropolitan Statistical Area)",6127757
2015-01-01,48660,"Wichita Falls, TX (Metropolitan Statistical Area)",5966578
2016-01-01,48660,"Wichita Falls, TX (Metropolitan Statistical Area)",5909754
2017-01-01,48660,"Wichita Falls, TX (Metropolitan Statistical Area)",5924040
2018-01-01,48660,"Wichita Falls, TX (Metropolitan Statistical Area)",6051825
2019-01-01,48660,"Wichita Falls, TX (Metropolitan Statistical Area)",6269765
2020-01-01,48660,"Wichita Falls, TX (Metropolitan Statistical Area)",6169249
2021-01-01,48660,"Wichita Falls, TX (Metropolitan Statistical Area)",6233568
2022-01-01,48660,"Wichita Falls, TX (Metropolitan Statistical Area)",6388643
2023-01-01,48660,"Wichita Falls, TX (Metropolitan Statistical Area)",6653525
2001-01-01,48700,"Williamsport, PA (Metropolitan Statistical Area)",4029829
2002-01-01,48700,"Williamsport, PA (Metropolitan Statistical Area)",3946983
2003-01-01,48700,"Williamsport, PA (Metropolitan Statistical Area)",4072714
2004-01-01,48700,"Williamsport, PA (Metropolitan Statistical Area)",4187974
2005-01-01,48700,"Williamsport, PA (Metropolitan Statistical Area)",4276177
2006-01-01,48700,"Williamsport, PA (Metropolitan Statistical Area)",4234144
2007-01-01,48700,"Williamsport, PA (Metropolitan Statistical Area)",4264796
2008-01-01,48700,"Williamsport, PA (Metropolitan Statistical Area)",4284794
2009-01-01,48700,"Williamsport, PA (Metropolitan Statistical Area)",4230199
2010-01-01,48700,"Williamsport, PA (Metropolitan Statistical Area)",4511600
2011-01-01,48700,"Williamsport, PA (Metropolitan Statistical Area)",5110869
2012-01-01,48700,"Williamsport, PA (Metropolitan Statistical Area)",5628265
2013-01-01,48700,"Williamsport, PA (Metropolitan Statistical Area)",5723809
2014-01-01,48700,"Williamsport, PA (Metropolitan Statistical Area)",6218178
2015-01-01,48700,"Williamsport, PA (Metropolitan Statistical Area)",6098615
2016-01-01,48700,"Williamsport, PA (Metropolitan Statistical Area)",5732573
2017-01-01,48700,"Williamsport, PA (Metropolitan Statistical Area)",5836494
2018-01-01,48700,"Williamsport, PA (Metropolitan Statistical Area)",5801131
2019-01-01,48700,"Williamsport, PA (Metropolitan Statistical Area)",5782587
2020-01-01,48700,"Williamsport, PA (Metropolitan Statistical Area)",5639484
2021-01-01,48700,"Williamsport, PA (Metropolitan Statistical Area)",5672765
2022-01-01,48700,"Williamsport, PA (Metropolitan Statistical Area)",5643658
2023-01-01,48700,"Williamsport, PA (Metropolitan Statistical Area)",6008865
2009-01-01,48900,"Wilmington, NC (Metropolitan Statistical Area)",12180311
2010-01-01,48900,"Wilmington, NC (Metropolitan Statistical Area)",12455208
2011-01-01,48900,"Wilmington, NC (Metropolitan Statistical Area)",12427845
2012-01-01,48900,"Wilmington, NC (Metropolitan Statistical Area)",11943313
2013-01-01,48900,"Wilmington, NC (Metropolitan Statistical Area)",12574581
2014-01-01,48900,"Wilmington, NC (Metropolitan Statistical Area)",13094013
2015-01-01,48900,"Wilmington, NC (Metropolitan Statistical Area)",13293236
2016-01-01,48900,"Wilmington, NC (Metropolitan Statistical Area)",13971573
2017-01-01,48900,"Wilmington, NC (Metropolitan Statistical Area)",14061718
2018-01-01,48900,"Wilmington, NC (Metropolitan Statistical Area)",14486767
2019-01-01,48900,"Wilmington, NC (Metropolitan Statistical Area)",15096830
2020-01-01,48900,"Wilmington, NC (Metropolitan Statistical Area)",15117555
2021-01-01,48900,"Wilmington, NC (Metropolitan Statistical Area)",16508174
2022-01-01,48900,"Wilmington, NC (Metropolitan Statistical Area)",17106912
2023-01-01,48900,"Wilmington, NC (Metropolitan Statistical Area)",17709551
2001-01-01,48900,"Wilmington, NC (Metropolitan Statistical Area)",9550971
2002-01-01,48900,"Wilmington, NC (Metropolitan Statistical Area)",9806748
2003-01-01,48900,"Wilmington, NC (Metropolitan Statistical Area)",10148695
2004-01-01,48900,"Wilmington, NC (Metropolitan Statistical Area)",10476164
2005-01-01,48900,"Wilmington, NC (Metropolitan Statistical Area)",11305060
2006-01-01,48900,"Wilmington, NC (Metropolitan Statistical Area)",11964588
2007-01-01,48900,"Wilmington, NC (Metropolitan Statistical Area)",12559290
2008-01-01,48900,"Wilmington, NC (Metropolitan Statistical Area)",12662284
2001-01-01,49020,"Winchester, VA-WV (Metropolitan Statistical Area) *",5150567
2002-01-01,49020,"Winchester, VA-WV (Metropolitan Statistical Area) *",5227336
2003-01-01,49020,"Winchester, VA-WV (Metropolitan Statistical Area) *",5326607
2004-01-01,49020,"Winchester, VA-WV (Metropolitan Statistical Area) *",5501974
2005-01-01,49020,"Winchester, VA-WV (Metropolitan Statistical Area) *",5862288
2006-01-01,49020,"Winchester, VA-WV (Metropolitan Statistical Area) *",6011020
2007-01-01,49020,"Winchester, VA-WV (Metropolitan Statistical Area) *",5955650
2008-01-01,49020,"Winchester, VA-WV (Metropolitan Statistical Area) *",5777443
2009-01-01,49020,"Winchester, VA-WV (Metropolitan Statistical Area) *",5940509
2010-01-01,49020,"Winchester, VA-WV (Metropolitan Statistical Area) *",6174828
2011-01-01,49020,"Winchester, VA-WV (Metropolitan Statistical Area) *",6204744
2012-01-01,49020,"Winchester, VA-WV (Metropolitan Statistical Area) *",6218675
2013-01-01,49020,"Winchester, VA-WV (Metropolitan Statistical Area) *",6451810
2014-01-01,49020,"Winchester, VA-WV (Metropolitan Statistical Area) *",6443208
2015-01-01,49020,"Winchester, VA-WV (Metropolitan Statistical Area) *",6724606
2016-01-01,49020,"Winchester, VA-WV (Metropolitan Statistical Area) *",6848359
2017-01-01,49020,"Winchester, VA-WV (Metropolitan Statistical Area) *",6864875
2018-01-01,49020,"Winchester, VA-WV (Metropolitan Statistical Area) *",7003310
2019-01-01,49020,"Winchester, VA-WV (Metropolitan Statistical Area) *",7191190
2020-01-01,49020,"Winchester, VA-WV (Metropolitan Statistical Area) *",7284895
2021-01-01,49020,"Winchester, VA-WV (Metropolitan Statistical Area) *",7737231
2022-01-01,49020,"Winchester, VA-WV (Metropolitan Statistical Area) *",7672690
2023-01-01,49020,"Winchester, VA-WV (Metropolitan Statistical Area) *",7845028
2001-01-01,49180,"Winston-Salem, NC (Metropolitan Statistical Area)",29335961
2002-01-01,49180,"Winston-Salem, NC (Metropolitan Statistical Area)",29296468
2003-01-01,49180,"Winston-Salem, NC (Metropolitan Statistical Area)",30167539
2004-01-01,49180,"Winston-Salem, NC (Metropolitan Statistical Area)",31545277
2005-01-01,49180,"Winston-Salem, NC (Metropolitan Statistical Area)",32317342
2006-01-01,49180,"Winston-Salem, NC (Metropolitan Statistical Area)",33378698
2007-01-01,49180,"Winston-Salem, NC (Metropolitan Statistical Area)",32769743
2008-01-01,49180,"Winston-Salem, NC (Metropolitan Statistical Area)",33553093
2009-01-01,49180,"Winston-Salem, NC (Metropolitan Statistical Area)",32224658
2010-01-01,49180,"Winston-Salem, NC (Metropolitan Statistical Area)",32508354
2011-01-01,49180,"Winston-Salem, NC (Metropolitan Statistical Area)",31351623
2012-01-01,49180,"Winston-Salem, NC (Metropolitan Statistical Area)",31525275
2013-01-01,49180,"Winston-Salem, NC (Metropolitan Statistical Area)",32371945
2014-01-01,49180,"Winston-Salem, NC (Metropolitan Statistical Area)",33207224
2015-01-01,49180,"Winston-Salem, NC (Metropolitan Statistical Area)",33546614
2016-01-01,49180,"Winston-Salem, NC (Metropolitan Statistical Area)",34009247
2017-01-01,49180,"Winston-Salem, NC (Metropolitan Statistical Area)",34907504
2018-01-01,49180,"Winston-Salem, NC (Metropolitan Statistical Area)",34182092
2019-01-01,49180,"Winston-Salem, NC (Metropolitan Statistical Area)",34653735
2020-01-01,49180,"Winston-Salem, NC (Metropolitan Statistical Area)",32582177
2021-01-01,49180,"Winston-Salem, NC (Metropolitan Statistical Area)",34818077
2022-01-01,49180,"Winston-Salem, NC (Metropolitan Statistical Area)",35694326
2023-01-01,49180,"Winston-Salem, NC (Metropolitan Statistical Area)",36147059
2001-01-01,49340,"Worcester, MA-CT (Metropolitan Statistical Area)",37250965
2002-01-01,49340,"Worcester, MA-CT (Metropolitan Statistical Area)",38226183
2003-01-01,49340,"Worcester, MA-CT (Metropolitan Statistical Area)",39680088
2004-01-01,49340,"Worcester, MA-CT (Metropolitan Statistical Area)",40402185
2005-01-01,49340,"Worcester, MA-CT (Metropolitan Statistical Area)",41068346
2006-01-01,49340,"Worcester, MA-CT (Metropolitan Statistical Area)",42062054
2007-01-01,49340,"Worcester, MA-CT (Metropolitan Statistical Area)",42472111
2008-01-01,49340,"Worcester, MA-CT (Metropolitan Statistical Area)",42950826
2009-01-01,49340,"Worcester, MA-CT (Metropolitan Statistical Area)",41331016
2010-01-01,49340,"Worcester, MA-CT (Metropolitan Statistical Area)",43142250
2011-01-01,49340,"Worcester, MA-CT (Metropolitan Statistical Area)",44608570
2012-01-01,49340,"Worcester, MA-CT (Metropolitan Statistical Area)",44861044
2013-01-01,49340,"Worcester, MA-CT (Metropolitan Statistical Area)",45554726
2014-01-01,49340,"Worcester, MA-CT (Metropolitan Statistical Area)",45881760
2015-01-01,49340,"Worcester, MA-CT (Metropolitan Statistical Area)",46994000
2016-01-01,49340,"Worcester, MA-CT (Metropolitan Statistical Area)",47346518
2017-01-01,49340,"Worcester, MA-CT (Metropolitan Statistical Area)",47239000
2018-01-01,49340,"Worcester, MA-CT (Metropolitan Statistical Area)",48099536
2019-01-01,49340,"Worcester, MA-CT (Metropolitan Statistical Area)",48877600
2020-01-01,49340,"Worcester, MA-CT (Metropolitan Statistical Area)",48191472
2021-01-01,49340,"Worcester, MA-CT (Metropolitan Statistical Area)",50744516
2022-01-01,49340,"Worcester, MA-CT (Metropolitan Statistical Area)",51660159
2023-01-01,49340,"Worcester, MA-CT (Metropolitan Statistical Area)",51932240
2001-01-01,49420,"Yakima, WA (Metropolitan Statistical Area)",7071025
2002-01-01,49420,"Yakima, WA (Metropolitan Statistical Area)",7339191
2003-01-01,49420,"Yakima, WA (Metropolitan Statistical Area)",7618067
2004-01-01,49420,"Yakima, WA (Metropolitan Statistical Area)",7941525
2005-01-01,49420,"Yakima, WA (Metropolitan Statistical Area)",8158004
2006-01-01,49420,"Yakima, WA (Metropolitan Statistical Area)",8220140
2007-01-01,49420,"Yakima, WA (Metropolitan Statistical Area)",8696203
2008-01-01,49420,"Yakima, WA (Metropolitan Statistical Area)",8462750
2009-01-01,49420,"Yakima, WA (Metropolitan Statistical Area)",8356693
2010-01-01,49420,"Yakima, WA (Metropolitan Statistical Area)",8867611
2011-01-01,49420,"Yakima, WA (Metropolitan Statistical Area)",8763301
2012-01-01,49420,"Yakima, WA (Metropolitan Statistical Area)",8835142
2013-01-01,49420,"Yakima, WA (Metropolitan Statistical Area)",8843963
2014-01-01,49420,"Yakima, WA (Metropolitan Statistical Area)",9317652
2015-01-01,49420,"Yakima, WA (Metropolitan Statistical Area)",9379033
2016-01-01,49420,"Yakima, WA (Metropolitan Statistical Area)",9808128
2017-01-01,49420,"Yakima, WA (Metropolitan Statistical Area)",9986455
2018-01-01,49420,"Yakima, WA (Metropolitan Statistical Area)",10545549
2019-01-01,49420,"Yakima, WA (Metropolitan Statistical Area)",10709021
2020-01-01,49420,"Yakima, WA (Metropolitan Statistical Area)",10564211
2021-01-01,49420,"Yakima, WA (Metropolitan Statistical Area)",10723423
2022-01-01,49420,"Yakima, WA (Metropolitan Statistical Area)",10405785
2023-01-01,49420,"Yakima, WA (Metropolitan Statistical Area)",10394964
2001-01-01,49620,"York-Hanover, PA (Metropolitan Statistical Area)",16257323
2002-01-01,49620,"York-Hanover, PA (Metropolitan Statistical Area)",16551624
2003-01-01,49620,"York-Hanover, PA (Metropolitan Statistical Area)",17423159
2004-01-01,49620,"York-Hanover, PA (Metropolitan Statistical Area)",18489247
2005-01-01,49620,"York-Hanover, PA (Metropolitan Statistical Area)",19519918
2006-01-01,49620,"York-Hanover, PA (Metropolitan Statistical Area)",19082203
2007-01-01,49620,"York-Hanover, PA (Metropolitan Statistical Area)",20150377
2008-01-01,49620,"York-Hanover, PA (Metropolitan Statistical Area)",20839184
2009-01-01,49620,"York-Hanover, PA (Metropolitan Statistical Area)",19632629
2010-01-01,49620,"York-Hanover, PA (Metropolitan Statistical Area)",20215599
2011-01-01,49620,"York-Hanover, PA (Metropolitan Statistical Area)",20028874
2012-01-01,49620,"York-Hanover, PA (Metropolitan Statistical Area)",19616258
2013-01-01,49620,"York-Hanover, PA (Metropolitan Statistical Area)",20177579
2014-01-01,49620,"York-Hanover, PA (Metropolitan Statistical Area)",20245319
2015-01-01,49620,"York-Hanover, PA (Metropolitan Statistical Area)",20434118
2016-01-01,49620,"York-Hanover, PA (Metropolitan Statistical Area)",20849617
2017-01-01,49620,"York-Hanover, PA (Metropolitan Statistical Area)",21304241
2018-01-01,49620,"York-Hanover, PA (Metropolitan Statistical Area)",21335230
2019-01-01,49620,"York-Hanover, PA (Metropolitan Statistical Area)",21551325
2020-01-01,49620,"York-Hanover, PA (Metropolitan Statistical Area)",20532161
2021-01-01,49620,"York-Hanover, PA (Metropolitan Statistical Area)",21070539
2022-01-01,49620,"York-Hanover, PA (Metropolitan Statistical Area)",21568208
2023-01-01,49620,"York-Hanover, PA (Metropolitan Statistical Area)",22246746
2001-01-01,49660,"Youngstown-Warren-Boardman, OH-PA (Metropolitan Statistical Area)",21544858
2002-01-01,49660,"Youngstown-Warren-Boardman, OH-PA (Metropolitan Statistical Area)",22199037
2003-01-01,49660,"Youngstown-Warren-Boardman, OH-PA (Metropolitan Statistical Area)",22458989
2004-01-01,49660,"Youngstown-Warren-Boardman, OH-PA (Metropolitan Statistical Area)",23110200
2005-01-01,49660,"Youngstown-Warren-Boardman, OH-PA (Metropolitan Statistical Area)",23569995
2006-01-01,49660,"Youngstown-Warren-Boardman, OH-PA (Metropolitan Statistical Area)",23471924
2007-01-01,49660,"Youngstown-Warren-Boardman, OH-PA (Metropolitan Statistical Area)",23089042
2008-01-01,49660,"Youngstown-Warren-Boardman, OH-PA (Metropolitan Statistical Area)",22615861
2009-01-01,49660,"Youngstown-Warren-Boardman, OH-PA (Metropolitan Statistical Area)",20391822
2010-01-01,49660,"Youngstown-Warren-Boardman, OH-PA (Metropolitan Statistical Area)",20957866
2011-01-01,49660,"Youngstown-Warren-Boardman, OH-PA (Metropolitan Statistical Area)",21517802
2012-01-01,49660,"Youngstown-Warren-Boardman, OH-PA (Metropolitan Statistical Area)",21318482
2013-01-01,49660,"Youngstown-Warren-Boardman, OH-PA (Metropolitan Statistical Area)",21521453
2014-01-01,49660,"Youngstown-Warren-Boardman, OH-PA (Metropolitan Statistical Area)",21320695
2015-01-01,49660,"Youngstown-Warren-Boardman, OH-PA (Metropolitan Statistical Area)",21185746
2016-01-01,49660,"Youngstown-Warren-Boardman, OH-PA (Metropolitan Statistical Area)",20976449
2017-01-01,49660,"Youngstown-Warren-Boardman, OH-PA (Metropolitan Statistical Area)",20570339
2018-01-01,49660,"Youngstown-Warren-Boardman, OH-PA (Metropolitan Statistical Area)",20514155
2019-01-01,49660,"Youngstown-Warren-Boardman, OH-PA (Metropolitan Statistical Area)",20862916
2020-01-01,49660,"Youngstown-Warren-Boardman, OH-PA (Metropolitan Statistical Area)",19726161
2021-01-01,49660,"Youngstown-Warren-Boardman, OH-PA (Metropolitan Statistical Area)",20419652
2022-01-01,49660,"Youngstown-Warren-Boardman, OH-PA (Metropolitan Statistical Area)",20467457
2023-01-01,49660,"Youngstown-Warren-Boardman, OH-PA (Metropolitan Statistical Area)",20882528
2001-01-01,49700,"Yuba City, CA (Metropolitan Statistical Area)",4729117
2002-01-01,49700,"Yuba City, CA (Metropolitan Statistical Area)",5438509
2003-01-01,49700,"Yuba City, CA (Metropolitan Statistical Area)",5572221
2004-01-01,49700,"Yuba City, CA (Metropolitan Statistical Area)",5534862
2005-01-01,49700,"Yuba City, CA (Metropolitan Statistical Area)",5462363
2006-01-01,49700,"Yuba City, CA (Metropolitan Statistical Area)",5819935
2007-01-01,49700,"Yuba City, CA (Metropolitan Statistical Area)",5942204
2008-01-01,49700,"Yuba City, CA (Metropolitan Statistical Area)",6376084
2009-01-01,49700,"Yuba City, CA (Metropolitan Statistical Area)",6608712
2010-01-01,49700,"Yuba City, CA (Metropolitan Statistical Area)",6322177
2011-01-01,49700,"Yuba City, CA (Metropolitan Statistical Area)",6160669
2012-01-01,49700,"Yuba City, CA (Metropolitan Statistical Area)",5974069
2013-01-01,49700,"Yuba City, CA (Metropolitan Statistical Area)",6190299
2014-01-01,49700,"Yuba City, CA (Metropolitan Statistical Area)",5903223
2015-01-01,49700,"Yuba City, CA (Metropolitan Statistical Area)",6083081
2016-01-01,49700,"Yuba City, CA (Metropolitan Statistical Area)",6272206
2017-01-01,49700,"Yuba City, CA (Metropolitan Statistical Area)",6342091
2018-01-01,49700,"Yuba City, CA (Metropolitan Statistical Area)",6679728
2019-01-01,49700,"Yuba City, CA (Metropolitan Statistical Area)",6790279
2020-01-01,49700,"Yuba City, CA (Metropolitan Statistical Area)",6774428
2021-01-01,49700,"Yuba City, CA (Metropolitan Statistical Area)",7104667
2022-01-01,49700,"Yuba City, CA (Metropolitan Statistical Area)",7135225
2023-01-01,49700,"Yuba City, CA (Metropolitan Statistical Area)",7287657
2001-01-01,49740,"Yuma, AZ (Metropolitan Statistical Area)",5087422
2002-01-01,49740,"Yuma, AZ (Metropolitan Statistical Area)",5870988
2003-01-01,49740,"Yuma, AZ (Metropolitan Statistical Area)",5729104
2004-01-01,49740,"Yuma, AZ (Metropolitan Statistical Area)",6314198
2005-01-01,49740,"Yuma, AZ (Metropolitan Statistical Area)",6733734
2006-01-01,49740,"Yuma, AZ (Metropolitan Statistical Area)",6911276
2007-01-01,49740,"Yuma, AZ (Metropolitan Statistical Area)",7273026
2008-01-01,49740,"Yuma, AZ (Metropolitan Statistical Area)",6706741
2009-01-01,49740,"Yuma, AZ (Metropolitan Statistical Area)",6605482
2010-01-01,49740,"Yuma, AZ (Metropolitan Statistical Area)",6975181
2011-01-01,49740,"Yuma, AZ (Metropolitan Statistical Area)",6835633
2012-01-01,49740,"Yuma, AZ (Metropolitan Statistical Area)",6377496
2013-01-01,49740,"Yuma, AZ (Metropolitan Statistical Area)",6742205
2014-01-01,49740,"Yuma, AZ (Metropolitan Statistical Area)",6534884
2015-01-01,49740,"Yuma, AZ (Metropolitan Statistical Area)",6925399
2016-01-01,49740,"Yuma, AZ (Metropolitan Statistical Area)",7284916
2017-01-01,49740,"Yuma, AZ (Metropolitan Statistical Area)",7543432
2018-01-01,49740,"Yuma, AZ (Metropolitan Statistical Area)",7522243
2019-01-01,49740,"Yuma, AZ (Metropolitan Statistical Area)",7714421
2020-01-01,49740,"Yuma, AZ (Metropolitan Statistical Area)",7571543
2021-01-01,49740,"Yuma, AZ (Metropolitan Statistical Area)",7788204
2022-01-01,49740,"Yuma, AZ (Metropolitan Statistical Area)",8156045
2023-01-01,49740,"Yuma, AZ (Metropolitan Statistical Area)",8435182