period_date,cbsa_code,cbsa_title,rpp_all_items
2018-01-01,10180,"Abilene, TX (Metropolitan Statistical Area)",76.751
2017-01-01,10180,"Abilene, TX (Metropolitan Statistical Area)",76.717
2016-01-01,10180,"Abilene, TX (Metropolitan Statistical Area)",70.996
2015-01-01,10180,"Abilene, TX (Metropolitan Statistical Area)",69.747
2014-01-01,10180,"Abilene, TX (Metropolitan Statistical Area)",76.866
2013-01-01,10180,"Abilene, TX (Metropolitan Statistical Area)",69.941
2012-01-01,10180,"Abilene, TX (Metropolitan Statistical Area)",74.573
2011-01-01,10180,"Abilene, TX (Metropolitan Statistical Area)",70.347
2010-01-01,10180,"Abilene, TX (Metropolitan Statistical Area)",72.237
2009-01-01,10180,"Abilene, TX (Metropolitan Statistical Area)",63.982
2008-01-01,10180,"Abilene, TX (Metropolitan Statistical Area)",69.649
2024-01-01,10180,"Abilene, TX (Metropolitan Statistical Area)",73.791
2023-01-01,10180,"Abilene, TX (Metropolitan Statistical Area)",73.631
2022-01-01,10180,"Abilene, TX (Metropolitan Statistical Area)",75.389
2021-01-01,10180,"Abilene, TX (Metropolitan Statistical Area)",71.042
2020-01-01,10180,"Abilene, TX (Metropolitan Statistical Area)",66.340
2019-01-01,10180,"Abilene, TX (Metropolitan Statistical Area)",75.659
2019-01-01,10420,"Akron, OH (Metropolitan Statistical Area)",80.861
2018-01-01,10420,"Akron, OH (Metropolitan Statistical Area)",81.407
2017-01-01,10420,"Akron, OH (Metropolitan Statistical Area)",82.899
2016-01-01,10420,"Akron, OH (Metropolitan Statistical Area)",82.327
2015-01-01,10420,"Akron, OH (Metropolitan Statistical Area)",83.327
2014-01-01,10420,"Akron, OH (Metropolitan Statistical Area)",77.734
2013-01-01,10420,"Akron, OH (Metropolitan Statistical Area)",83.096
2012-01-01,10420,"Akron, OH (Metropolitan Statistical Area)",84.139
2011-01-01,10420,"Akron, OH (Metropolitan Statistical Area)",80.452
2010-01-01,10420,"Akron, OH (Metropolitan Statistical Area)",80.822
2009-01-01,10420,"Akron, OH (Metropolitan Statistical Area)",82.793
2008-01-01,10420,"Akron, OH (Metropolitan Statistical Area)",84.900
2024-01-01,10420,"Akron, OH (Metropolitan Statistical Area)",76.785
2023-01-01,10420,"Akron, OH (Metropolitan Statistical Area)",77.456
2022-01-01,10420,"Akron, OH (Metropolitan Statistical Area)",76.581
2021-01-01,10420,"Akron, OH (Metropolitan Statistical Area)",80.339
2020-01-01,10420,"Akron, OH (Metropolitan Statistical Area)",81.774
2018-01-01,10500,"Albany, GA (Metropolitan Statistical Area)",51.303
2017-01-01,10500,"Albany, GA (Metropolitan Statistical Area)",51.985
2016-01-01,10500,"Albany, GA (Metropolitan Statistical Area)",54.081
2015-01-01,10500,"Albany, GA (Metropolitan Statistical Area)",52.893
2014-01-01,10500,"Albany, GA (Metropolitan Statistical Area)",53.775
2013-01-01,10500,"Albany, GA (Metropolitan Statistical Area)",54.823
2012-01-01,10500,"Albany, GA (Metropolitan Statistical Area)",52.157
2011-01-01,10500,"Albany, GA (Metropolitan Statistical Area)",53.791
2010-01-01,10500,"Albany, GA (Metropolitan Statistical Area)",52.874
2009-01-01,10500,"Albany, GA (Metropolitan Statistical Area)",53.215
2008-01-01,10500,"Albany, GA (Metropolitan Statistical Area)",50.703
2024-01-01,10500,"Albany, GA (Metropolitan Statistical Area)",54.626
2023-01-01,10500,"Albany, GA (Metropolitan Statistical Area)",50.046
2022-01-01,10500,"Albany, GA (Metropolitan Statistical Area)",50.375
2021-01-01,10500,"Albany, GA (Metropolitan Statistical Area)",56.503
2020-01-01,10500,"Albany, GA (Metropolitan Statistical Area)",49.984
2019-01-01,10500,"Albany, GA (Metropolitan Statistical Area)",47.982
2019-01-01,10540,"Albany, OR (Metropolitan Statistical Area)",104.894
2018-01-01,10540,"Albany, OR (Metropolitan Statistical Area)",102.129
2017-01-01,10540,"Albany, OR (Metropolitan Statistical Area)",93.068
2016-01-01,10540,"Albany, OR (Metropolitan Statistical Area)",98.351
2015-01-01,10540,"Albany, OR (Metropolitan Statistical Area)",91.420
2014-01-01,10540,"Albany, OR (Metropolitan Statistical Area)",101.912
2013-01-01,10540,"Albany, OR (Metropolitan Statistical Area)",93.454
2012-01-01,10540,"Albany, OR (Metropolitan Statistical Area)",95.021
2011-01-01,10540,"Albany, OR (Metropolitan Statistical Area)",86.584
2010-01-01,10540,"Albany, OR (Metropolitan Statistical Area)",93.064
2009-01-01,10540,"Albany, OR (Metropolitan Statistical Area)",104.561
2008-01-01,10540,"Albany, OR (Metropolitan Statistical Area)",91.898
2024-01-01,10540,"Albany, OR (Metropolitan Statistical Area)",101.059
2023-01-01,10540,"Albany, OR (Metropolitan Statistical Area)",108.588
2022-01-01,10540,"Albany, OR (Metropolitan Statistical Area)",98.984
2021-01-01,10540,"Albany, OR (Metropolitan Statistical Area)",101.272
2020-01-01,10540,"Albany, OR (Metropolitan Statistical Area)",106.237
2018-01-01,10580,"Albany-Schenectady-Troy, NY (Metropolitan Statistical Area)",101.482
2017-01-01,10580,"Albany-Schenectady-Troy, NY (Metropolitan Statistical Area)",94.297
2016-01-01,10580,"Albany-Schenectady-Troy, NY (Metropolitan Statistical Area)",101.860
2015-01-01,10580,"Albany-Schenectady-Troy, NY (Metropolitan Statistical Area)",98.829
2014-01-01,10580,"Albany-Schenectady-Troy, NY (Metropolitan Statistical Area)",104.966
2013-01-01,10580,"Albany-Schenectady-Troy, NY (Metropolitan Statistical Area)",108.512
2012-01-01,10580,"Albany-Schenectady-Troy, NY (Metropolitan Statistical Area)",100.504
2011-01-01,10580,"Albany-Schenectady-Troy, NY (Metropolitan Statistical Area)",106.353
2010-01-01,10580,"Albany-Schenectady-Troy, NY (Metropolitan Statistical Area)",96.822
2009-01-01,10580,"Albany-Schenectady-Troy, NY (Metropolitan Statistical Area)",101.238
2008-01-01,10580,"Albany-Schenectady-Troy, NY (Metropolitan Statistical Area)",104.627
2024-01-01,10580,"Albany-Schenectady-Troy, NY (Metropolitan Statistical Area)",102.582
2023-01-01,10580,"Albany-Schenectady-Troy, NY (Metropolitan Statistical Area)",92.815
2022-01-01,10580,"Albany-Schenectady-Troy, NY (Metropolitan Statistical Area)",92.409
2021-01-01,10580,"Albany-Schenectady-Troy, NY (Metropolitan Statistical Area)",100.221
2020-01-01,10580,"Albany-Schenectady-Troy, NY (Metropolitan Statistical Area)",95.652
2019-01-01,10580,"Albany-Schenectady-Troy, NY (Metropolitan Statistical Area)",104.643
2019-01-01,10740,"Albuquerque, NM (Metropolitan Statistical Area)",82.969
2018-01-01,10740,"Albuquerque, NM (Metropolitan Statistical Area)",86.266
2017-01-01,10740,"Albuquerque, NM (Metropolitan Statistical Area)",90.015
2016-01-01,10740,"Albuquerque, NM (Metropolitan Statistical Area)",91.624
2015-01-01,10740,"Albuquerque, NM (Metropolitan Statistical Area)",88.366
2014-01-01,10740,"Albuquerque, NM (Metropolitan Statistical Area)",93.900
2013-01-01,10740,"Albuquerque, NM (Metropolitan Statistical Area)",92.857
2012-01-01,10740,"Albuquerque, NM (Metropolitan Statistical Area)",91.218
2011-01-01,10740,"Albuquerque, NM (Metropolitan Statistical Area)",96.768
2010-01-01,10740,"Albuquerque, NM (Metropolitan Statistical Area)",90.896
2009-01-01,10740,"Albuquerque, NM (Metropolitan Statistical Area)",91.584
2008-01-01,10740,"Albuquerque, NM (Metropolitan Statistical Area)",96.456
2024-01-01,10740,"Albuquerque, NM (Metropolitan Statistical Area)",89.153
2023-01-01,10740,"Albuquerque, NM (Metropolitan Statistical Area)",88.727
2022-01-01,10740,"Albuquerque, NM (Metropolitan Statistical Area)",88.684
2021-01-01,10740,"Albuquerque, NM (Metropolitan Statistical Area)",84.374
2020-01-01,10740,"Albuquerque, NM (Metropolitan Statistical Area)",86.225
2018-01-01,10780,"Alexandria, LA (Metropolitan Statistical Area)",55.217
2017-01-01,10780,"Alexandria, LA (Metropolitan Statistical Area)",61.680
2016-01-01,10780,"Alexandria, LA (Metropolitan Statistical Area)",62.499
2015-01-01,10780,"Alexandria, LA (Metropolitan Statistical Area)",60.419
2014-01-01,10780,"Alexandria, LA (Metropolitan Statistical Area)",63.494
2013-01-01,10780,"Alexandria, LA (Metropolitan Statistical Area)",66.363
2012-01-01,10780,"Alexandria, LA (Metropolitan Statistical Area)",61.048
2011-01-01,10780,"Alexandria, LA (Metropolitan Statistical Area)",50.140
2010-01-01,10780,"Alexandria, LA (Metropolitan Statistical Area)",56.641
2009-01-01,10780,"Alexandria, LA (Metropolitan Statistical Area)",53.184
2008-01-01,10780,"Alexandria, LA (Metropolitan Statistical Area)",58.400
2024-01-01,10780,"Alexandria, LA (Metropolitan Statistical Area)",53.684
2023-01-01,10780,"Alexandria, LA (Metropolitan Statistical Area)",56.069
2022-01-01,10780,"Alexandria, LA (Metropolitan Statistical Area)",48.059
2021-01-01,10780,"Alexandria, LA (Metropolitan Statistical Area)",56.778
2020-01-01,10780,"Alexandria, LA (Metropolitan Statistical Area)",55.388
2019-01-01,10780,"Alexandria, LA (Metropolitan Statistical Area)",61.952
2017-01-01,10900,"Allentown-Bethlehem-Easton, PA-NJ (Metropolitan Statistical Area)",99.577
2016-01-01,10900,"Allentown-Bethlehem-Easton, PA-NJ (Metropolitan Statistical Area)",103.039
2015-01-01,10900,"Allentown-Bethlehem-Easton, PA-NJ (Metropolitan Statistical Area)",102.364
2014-01-01,10900,"Allentown-Bethlehem-Easton, PA-NJ (Metropolitan Statistical Area)",103.551
2013-01-01,10900,"Allentown-Bethlehem-Easton, PA-NJ (Metropolitan Statistical Area)",101.255
2012-01-01,10900,"Allentown-Bethlehem-Easton, PA-NJ (Metropolitan Statistical Area)",103.748
2011-01-01,10900,"Allentown-Bethlehem-Easton, PA-NJ (Metropolitan Statistical Area)",102.141
2010-01-01,10900,"Allentown-Bethlehem-Easton, PA-NJ (Metropolitan Statistical Area)",108.514
2009-01-01,10900,"Allentown-Bethlehem-Easton, PA-NJ (Metropolitan Statistical Area)",104.307
2008-01-01,10900,"Allentown-Bethlehem-Easton, PA-NJ (Metropolitan Statistical Area)",100.085
2024-01-01,10900,"Allentown-Bethlehem-Easton, PA-NJ (Metropolitan Statistical Area)",105.520
2023-01-01,10900,"Allentown-Bethlehem-Easton, PA-NJ (Metropolitan Statistical Area)",98.934
2022-01-01,10900,"Allentown-Bethlehem-Easton, PA-NJ (Metropolitan Statistical Area)",102.855
2021-01-01,10900,"Allentown-Bethlehem-Easton, PA-NJ (Metropolitan Statistical Area)",96.058
2020-01-01,10900,"Allentown-Bethlehem-Easton, PA-NJ (Metropolitan Statistical Area)",101.469
2019-01-01,10900,"Allentown-Bethlehem-Easton, PA-NJ (Metropolitan Statistical Area)",102.898
2018-01-01,10900,"Allentown-Bethlehem-Easton, PA-NJ (Metropolitan Statistical Area)",99.000
2018-01-01,11020,"Altoona, PA (Metropolitan Statistical Area)",58.661
2017-01-01,11020,"Altoona, PA (Metropolitan Statistical Area)",54.065
2016-01-01,11020,"Altoona, PA (Metropolitan Statistical Area)",58.649
2015-01-01,11020,"Altoona, PA (Metropolitan Statistical Area)",58.954
2014-01-01,11020,"Altoona, PA (Metropolitan Statistical Area)",54.610
2013-01-01,11020,"Altoona, PA (Metropolitan Statistical Area)",60.944
2012-01-01,11020,"Altoona, PA (Metropolitan Statistical Area)",64.929
2011-01-01,11020,"Altoona, PA (Metropolitan Statistical Area)",70.532
2010-01-01,11020,"Altoona, PA (Metropolitan Statistical Area)",69.495
2009-01-01,11020,"Altoona, PA (Metropolitan Statistical Area)",55.075
2008-01-01,11020,"Altoona, PA (Metropolitan Statistical Area)",61.010
2024-01-01,11020,"Altoona, PA (Metropolitan Statistical Area)",54.978
2023-01-01,11020,"Altoona, PA (Metropolitan Statistical Area)",53.018
2022-01-01,11020,"Altoona, PA (Metropolitan Statistical Area)",53.576
2021-01-01,11020,"Altoona, PA (Metropolitan Statistical Area)",55.791
2020-01-01,11020,"Altoona, PA (Metropolitan Statistical Area)",54.049
2019-01-01,11020,"Altoona, PA (Metropolitan Statistical Area)",56.554
2019-01-01,11100,"Amarillo, TX (Metropolitan Statistical Area)",84.202
2018-01-01,11100,"Amarillo, TX (Metropolitan Statistical Area)",80.082
2017-01-01,11100,"Amarillo, TX (Metropolitan Statistical Area)",85.536
2016-01-01,11100,"Amarillo, TX (Metropolitan Statistical Area)",85.105
2015-01-01,11100,"Amarillo, TX (Metropolitan Statistical Area)",87.452
2014-01-01,11100,"Amarillo, TX (Metropolitan Statistical Area)",83.863
2013-01-01,11100,"Amarillo, TX (Metropolitan Statistical Area)",85.583
2012-01-01,11100,"Amarillo, TX (Metropolitan Statistical Area)",83.891
2011-01-01,11100,"Amarillo, TX (Metropolitan Statistical Area)",85.281
2010-01-01,11100,"Amarillo, TX (Metropolitan Statistical Area)",79.569
2009-01-01,11100,"Amarillo, TX (Metropolitan Statistical Area)",80.031
2008-01-01,11100,"Amarillo, TX (Metropolitan Statistical Area)",86.015
2024-01-01,11100,"Amarillo, TX (Metropolitan Statistical Area)",78.380
2023-01-01,11100,"Amarillo, TX (Metropolitan Statistical Area)",77.355
2022-01-01,11100,"Amarillo, TX (Metropolitan Statistical Area)",74.701
2021-01-01,11100,"Amarillo, TX (Metropolitan Statistical Area)",77.161
2020-01-01,11100,"Amarillo, TX (Metropolitan Statistical Area)",80.058
2018-01-01,11180,"Ames, IA (Metropolitan Statistical Area)",83.683
2017-01-01,11180,"Ames, IA (Metropolitan Statistical Area)",89.089
2016-01-01,11180,"Ames, IA (Metropolitan Statistical Area)",80.190
2015-01-01,11180,"Ames, IA (Metropolitan Statistical Area)",81.813
2014-01-01,11180,"Ames, IA (Metropolitan Statistical Area)",92.870
2013-01-01,11180,"Ames, IA (Metropolitan Statistical Area)",104.038
2012-01-01,11180,"Ames, IA (Metropolitan Statistical Area)",86.363
2011-01-01,11180,"Ames, IA (Metropolitan Statistical Area)",90.333
2010-01-01,11180,"Ames, IA (Metropolitan Statistical Area)",86.979
2009-01-01,11180,"Ames, IA (Metropolitan Statistical Area)",90.609
2008-01-01,11180,"Ames, IA (Metropolitan Statistical Area)",67.182
2024-01-01,11180,"Ames, IA (Metropolitan Statistical Area)",69.163
2023-01-01,11180,"Ames, IA (Metropolitan Statistical Area)",79.777
2022-01-01,11180,"Ames, IA (Metropolitan Statistical Area)",65.764
2021-01-01,11180,"Ames, IA (Metropolitan Statistical Area)",72.433
2020-01-01,11180,"Ames, IA (Metropolitan Statistical Area)",80.849
2019-01-01,11180,"Ames, IA (Metropolitan Statistical Area)",92.279
2019-01-01,11200,"Amherst Town-Northampton, MA (Metropolitan Statistical Area)",88.205
2018-01-01,11200,"Amherst Town-Northampton, MA (Metropolitan Statistical Area)",100.982
2017-01-01,11200,"Amherst Town-Northampton, MA (Metropolitan Statistical Area)",101.843
2016-01-01,11200,"Amherst Town-Northampton, MA (Metropolitan Statistical Area)",90.023
2015-01-01,11200,"Amherst Town-Northampton, MA (Metropolitan Statistical Area)",116.025
2014-01-01,11200,"Amherst Town-Northampton, MA (Metropolitan Statistical Area)",102.418
2013-01-01,11200,"Amherst Town-Northampton, MA (Metropolitan Statistical Area)",95.975
2012-01-01,11200,"Amherst Town-Northampton, MA (Metropolitan Statistical Area)",99.614
2011-01-01,11200,"Amherst Town-Northampton, MA (Metropolitan Statistical Area)",104.934
2010-01-01,11200,"Amherst Town-Northampton, MA (Metropolitan Statistical Area)",80.588
2009-01-01,11200,"Amherst Town-Northampton, MA (Metropolitan Statistical Area)",112.801
2008-01-01,11200,"Amherst Town-Northampton, MA (Metropolitan Statistical Area)",88.539
2024-01-01,11200,"Amherst Town-Northampton, MA (Metropolitan Statistical Area)",97.537
2023-01-01,11200,"Amherst Town-Northampton, MA (Metropolitan Statistical Area)",107.007
2022-01-01,11200,"Amherst Town-Northampton, MA (Metropolitan Statistical Area)",83.752
2021-01-01,11200,"Amherst Town-Northampton, MA (Metropolitan Statistical Area)",94.875
2020-01-01,11200,"Amherst Town-Northampton, MA (Metropolitan Statistical Area)",103.011
2018-01-01,11260,"Anchorage, AK (Metropolitan Statistical Area)",117.230
2017-01-01,11260,"Anchorage, AK (Metropolitan Statistical Area)",126.089
2016-01-01,11260,"Anchorage, AK (Metropolitan Statistical Area)",129.644
2015-01-01,11260,"Anchorage, AK (Metropolitan Statistical Area)",135.566
2014-01-01,11260,"Anchorage, AK (Metropolitan Statistical Area)",132.081
2013-01-01,11260,"Anchorage, AK (Metropolitan Statistical Area)",147.296
2012-01-01,11260,"Anchorage, AK (Metropolitan Statistical Area)",137.835
2011-01-01,11260,"Anchorage, AK (Metropolitan Statistical Area)",127.076
2010-01-01,11260,"Anchorage, AK (Metropolitan Statistical Area)",127.331
2009-01-01,11260,"Anchorage, AK (Metropolitan Statistical Area)",148.425
2008-01-01,11260,"Anchorage, AK (Metropolitan Statistical Area)",122.422
2024-01-01,11260,"Anchorage, AK (Metropolitan Statistical Area)",109.905
2023-01-01,11260,"Anchorage, AK (Metropolitan Statistical Area)",120.757
2022-01-01,11260,"Anchorage, AK (Metropolitan Statistical Area)",112.791
2021-01-01,11260,"Anchorage, AK (Metropolitan Statistical Area)",113.724
2020-01-01,11260,"Anchorage, AK (Metropolitan Statistical Area)",99.703
2019-01-01,11260,"Anchorage, AK (Metropolitan Statistical Area)",116.029
2019-01-01,11460,"Ann Arbor, MI (Metropolitan Statistical Area)",124.796
2018-01-01,11460,"Ann Arbor, MI (Metropolitan Statistical Area)",118.588
2017-01-01,11460,"Ann Arbor, MI (Metropolitan Statistical Area)",117.904
2016-01-01,11460,"Ann Arbor, MI (Metropolitan Statistical Area)",110.870
2015-01-01,11460,"Ann Arbor, MI (Metropolitan Statistical Area)",120.776
2014-01-01,11460,"Ann Arbor, MI (Metropolitan Statistical Area)",126.364
2013-01-01,11460,"Ann Arbor, MI (Metropolitan Statistical Area)",109.015
2012-01-01,11460,"Ann Arbor, MI (Metropolitan Statistical Area)",119.466
2011-01-01,11460,"Ann Arbor, MI (Metropolitan Statistical Area)",109.905
2010-01-01,11460,"Ann Arbor, MI (Metropolitan Statistical Area)",113.587
2009-01-01,11460,"Ann Arbor, MI (Metropolitan Statistical Area)",105.734
2008-01-01,11460,"Ann Arbor, MI (Metropolitan Statistical Area)",126.267
2024-01-01,11460,"Ann Arbor, MI (Metropolitan Statistical Area)",125.300
2023-01-01,11460,"Ann Arbor, MI (Metropolitan Statistical Area)",112.146
2022-01-01,11460,"Ann Arbor, MI (Metropolitan Statistical Area)",113.802
2021-01-01,11460,"Ann Arbor, MI (Metropolitan Statistical Area)",121.817
2020-01-01,11460,"Ann Arbor, MI (Metropolitan Statistical Area)",113.490
2018-01-01,11500,"Anniston-Oxford, AL (Metropolitan Statistical Area)",51.944
2017-01-01,11500,"Anniston-Oxford, AL (Metropolitan Statistical Area)",50.342
2016-01-01,11500,"Anniston-Oxford, AL (Metropolitan Statistical Area)",56.978
2015-01-01,11500,"Anniston-Oxford, AL (Metropolitan Statistical Area)",61.601
2014-01-01,11500,"Anniston-Oxford, AL (Metropolitan Statistical Area)",53.783
2013-01-01,11500,"Anniston-Oxford, AL (Metropolitan Statistical Area)",61.539
2012-01-01,11500,"Anniston-Oxford, AL (Metropolitan Statistical Area)",59.101
2011-01-01,11500,"Anniston-Oxford, AL (Metropolitan Statistical Area)",59.448
2010-01-01,11500,"Anniston-Oxford, AL (Metropolitan Statistical Area)",56.635
2009-01-01,11500,"Anniston-Oxford, AL (Metropolitan Statistical Area)",41.139
2008-01-01,11500,"Anniston-Oxford, AL (Metropolitan Statistical Area)",54.839
2024-01-01,11500,"Anniston-Oxford, AL (Metropolitan Statistical Area)",54.705
2023-01-01,11500,"Anniston-Oxford, AL (Metropolitan Statistical Area)",49.749
2022-01-01,11500,"Anniston-Oxford, AL (Metropolitan Statistical Area)",44.717
2021-01-01,11500,"Anniston-Oxford, AL (Metropolitan Statistical Area)",49.913
2020-01-01,11500,"Anniston-Oxford, AL (Metropolitan Statistical Area)",51.964
2019-01-01,11500,"Anniston-Oxford, AL (Metropolitan Statistical Area)",55.151
2019-01-01,11540,"Appleton, WI (Metropolitan Statistical Area)",75.347
2018-01-01,11540,"Appleton, WI (Metropolitan Statistical Area)",77.758
2017-01-01,11540,"Appleton, WI (Metropolitan Statistical Area)",75.827
2016-01-01,11540,"Appleton, WI (Metropolitan Statistical Area)",75.377
2015-01-01,11540,"Appleton, WI (Metropolitan Statistical Area)",78.245
2014-01-01,11540,"Appleton, WI (Metropolitan Statistical Area)",79.145
2013-01-01,11540,"Appleton, WI (Metropolitan Statistical Area)",81.983
2012-01-01,11540,"Appleton, WI (Metropolitan Statistical Area)",81.192
2011-01-01,11540,"Appleton, WI (Metropolitan Statistical Area)",81.341
2010-01-01,11540,"Appleton, WI (Metropolitan Statistical Area)",81.020
2009-01-01,11540,"Appleton, WI (Metropolitan Statistical Area)",73.773
2008-01-01,11540,"Appleton, WI (Metropolitan Statistical Area)",83.862
2024-01-01,11540,"Appleton, WI (Metropolitan Statistical Area)",70.785
2023-01-01,11540,"Appleton, WI (Metropolitan Statistical Area)",81.646
2022-01-01,11540,"Appleton, WI (Metropolitan Statistical Area)",75.264
2021-01-01,11540,"Appleton, WI (Metropolitan Statistical Area)",75.475
2020-01-01,11540,"Appleton, WI (Metropolitan Statistical Area)",72.387
2018-01-01,11700,"Asheville, NC (Metropolitan Statistical Area)",81.091
2017-01-01,11700,"Asheville, NC (Metropolitan Statistical Area)",86.427
2016-01-01,11700,"Asheville, NC (Metropolitan Statistical Area)",89.479
2015-01-01,11700,"Asheville, NC (Metropolitan Statistical Area)",80.833
2014-01-01,11700,"Asheville, NC (Metropolitan Statistical Area)",84.664
2013-01-01,11700,"Asheville, NC (Metropolitan Statistical Area)",83.861
2012-01-01,11700,"Asheville, NC (Metropolitan Statistical Area)",84.640
2011-01-01,11700,"Asheville, NC (Metropolitan Statistical Area)",80.779
2010-01-01,11700,"Asheville, NC (Metropolitan Statistical Area)",80.502
2009-01-01,11700,"Asheville, NC (Metropolitan Statistical Area)",80.725
2008-01-01,11700,"Asheville, NC (Metropolitan Statistical Area)",84.543
2024-01-01,11700,"Asheville, NC (Metropolitan Statistical Area)",93.371
2023-01-01,11700,"Asheville, NC (Metropolitan Statistical Area)",97.259
2022-01-01,11700,"Asheville, NC (Metropolitan Statistical Area)",88.731
2021-01-01,11700,"Asheville, NC (Metropolitan Statistical Area)",87.282
2020-01-01,11700,"Asheville, NC (Metropolitan Statistical Area)",89.425
2019-01-01,11700,"Asheville, NC (Metropolitan Statistical Area)",91.585
2019-01-01,12020,"Athens-Clarke County, GA (Metropolitan Statistical Area)",69.707
2018-01-01,12020,"Athens-Clarke County, GA (Metropolitan Statistical Area)",66.957
2017-01-01,12020,"Athens-Clarke County, GA (Metropolitan Statistical Area)",76.045
2016-01-01,12020,"Athens-Clarke County, GA (Metropolitan Statistical Area)",71.940
2015-01-01,12020,"Athens-Clarke County, GA (Metropolitan Statistical Area)",70.822
2014-01-01,12020,"Athens-Clarke County, GA (Metropolitan Statistical Area)",73.360
2013-01-01,12020,"Athens-Clarke County, GA (Metropolitan Statistical Area)",73.573
2012-01-01,12020,"Athens-Clarke County, GA (Metropolitan Statistical Area)",73.498
2011-01-01,12020,"Athens-Clarke County, GA (Metropolitan Statistical Area)",76.373
2010-01-01,12020,"Athens-Clarke County, GA (Metropolitan Statistical Area)",80.832
2009-01-01,12020,"Athens-Clarke County, GA (Metropolitan Statistical Area)",86.831
2008-01-01,12020,"Athens-Clarke County, GA (Metropolitan Statistical Area)",80.978
2024-01-01,12020,"Athens-Clarke County, GA (Metropolitan Statistical Area)",76.759
2023-01-01,12020,"Athens-Clarke County, GA (Metropolitan Statistical Area)",77.878
2022-01-01,12020,"Athens-Clarke County, GA (Metropolitan Statistical Area)",75.822
2021-01-01,12020,"Athens-Clarke County, GA (Metropolitan Statistical Area)",79.518
2020-01-01,12020,"Athens-Clarke County, GA (Metropolitan Statistical Area)",69.071
2018-01-01,12060,"Atlanta-Sandy Springs-Roswell, GA (Metropolitan Statistical Area)",98.891
2017-01-01,12060,"Atlanta-Sandy Springs-Roswell, GA (Metropolitan Statistical Area)",98.848
2016-01-01,12060,"Atlanta-Sandy Springs-Roswell, GA (Metropolitan Statistical Area)",98.269
2015-01-01,12060,"Atlanta-Sandy Springs-Roswell, GA (Metropolitan Statistical Area)",95.957
2014-01-01,12060,"Atlanta-Sandy Springs-Roswell, GA (Metropolitan Statistical Area)",94.950
2013-01-01,12060,"Atlanta-Sandy Springs-Roswell, GA (Metropolitan Statistical Area)",94.022
2012-01-01,12060,"Atlanta-Sandy Springs-Roswell, GA (Metropolitan Statistical Area)",95.398
2011-01-01,12060,"Atlanta-Sandy Springs-Roswell, GA (Metropolitan Statistical Area)",95.993
2010-01-01,12060,"Atlanta-Sandy Springs-Roswell, GA (Metropolitan Statistical Area)",96.476
2009-01-01,12060,"Atlanta-Sandy Springs-Roswell, GA (Metropolitan Statistical Area)",101.057
2008-01-01,12060,"Atlanta-Sandy Springs-Roswell, GA (Metropolitan Statistical Area)",101.581
2024-01-01,12060,"Atlanta-Sandy Springs-Roswell, GA (Metropolitan Statistical Area)",111.022
2023-01-01,12060,"Atlanta-Sandy Springs-Roswell, GA (Metropolitan Statistical Area)",110.861
2022-01-01,12060,"Atlanta-Sandy Springs-Roswell, GA (Metropolitan Statistical Area)",107.271
2021-01-01,12060,"Atlanta-Sandy Springs-Roswell, GA (Metropolitan Statistical Area)",105.484
2020-01-01,12060,"Atlanta-Sandy Springs-Roswell, GA (Metropolitan Statistical Area)",102.684
2019-01-01,12060,"Atlanta-Sandy Springs-Roswell, GA (Metropolitan Statistical Area)",99.561
2019-01-01,12100,"Atlantic City-Hammonton, NJ (Metropolitan Statistical Area)",93.196
2018-01-01,12100,"Atlantic City-Hammonton, NJ (Metropolitan Statistical Area)",106.168
2017-01-01,12100,"Atlantic City-Hammonton, NJ (Metropolitan Statistical Area)",96.473
2016-01-01,12100,"Atlantic City-Hammonton, NJ (Metropolitan Statistical Area)",107.561
2015-01-01,12100,"Atlantic City-Hammonton, NJ (Metropolitan Statistical Area)",115.678
2014-01-01,12100,"Atlantic City-Hammonton, NJ (Metropolitan Statistical Area)",113.198
2013-01-01,12100,"Atlantic City-Hammonton, NJ (Metropolitan Statistical Area)",109.023
2012-01-01,12100,"Atlantic City-Hammonton, NJ (Metropolitan Statistical Area)",112.713
2011-01-01,12100,"Atlantic City-Hammonton, NJ (Metropolitan Statistical Area)",114.708
2010-01-01,12100,"Atlantic City-Hammonton, NJ (Metropolitan Statistical Area)",122.724
2009-01-01,12100,"Atlantic City-Hammonton, NJ (Metropolitan Statistical Area)",109.722
2008-01-01,12100,"Atlantic City-Hammonton, NJ (Metropolitan Statistical Area)",132.963
2024-01-01,12100,"Atlantic City-Hammonton, NJ (Metropolitan Statistical Area)",98.673
2023-01-01,12100,"Atlantic City-Hammonton, NJ (Metropolitan Statistical Area)",99.420
2022-01-01,12100,"Atlantic City-Hammonton, NJ (Metropolitan Statistical Area)",112.261
2021-01-01,12100,"Atlantic City-Hammonton, NJ (Metropolitan Statistical Area)",87.111
2020-01-01,12100,"Atlantic City-Hammonton, NJ (Metropolitan Statistical Area)",106.809
2019-01-01,12220,"Auburn-Opelika, AL (Metropolitan Statistical Area)",67.077
2018-01-01,12220,"Auburn-Opelika, AL (Metropolitan Statistical Area)",63.193
2017-01-01,12220,"Auburn-Opelika, AL (Metropolitan Statistical Area)",69.036
2016-01-01,12220,"Auburn-Opelika, AL (Metropolitan Statistical Area)",68.205
2015-01-01,12220,"Auburn-Opelika, AL (Metropolitan Statistical Area)",62.330
2014-01-01,12220,"Auburn-Opelika, AL (Metropolitan Statistical Area)",70.495
2013-01-01,12220,"Auburn-Opelika, AL (Metropolitan Statistical Area)",66.442
2012-01-01,12220,"Auburn-Opelika, AL (Metropolitan Statistical Area)",73.125
2011-01-01,12220,"Auburn-Opelika, AL (Metropolitan Statistical Area)",76.925
2010-01-01,12220,"Auburn-Opelika, AL (Metropolitan Statistical Area)",68.676
2009-01-01,12220,"Auburn-Opelika, AL (Metropolitan Statistical Area)",70.834
2008-01-01,12220,"Auburn-Opelika, AL (Metropolitan Statistical Area)",70.649
2024-01-01,12220,"Auburn-Opelika, AL (Metropolitan Statistical Area)",62.078
2022-01-01,12220,"Auburn-Opelika, AL (Metropolitan Statistical Area)",58.133
2021-01-01,12220,"Auburn-Opelika, AL (Metropolitan Statistical Area)",68.635
2020-01-01,12220,"Auburn-Opelika, AL (Metropolitan Statistical Area)",64.444
2023-01-01,12220,"Auburn-Opelika, AL (Metropolitan Statistical Area)",57.339
2019-01-01,12260,"Augusta-Richmond County, GA-SC (Metropolitan Statistical Area)",68.636
2018-01-01,12260,"Augusta-Richmond County, GA-SC (Metropolitan Statistical Area)",69.907
2017-01-01,12260,"Augusta-Richmond County, GA-SC (Metropolitan Statistical Area)",69.091
2016-01-01,12260,"Augusta-Richmond County, GA-SC (Metropolitan Statistical Area)",69.963
2015-01-01,12260,"Augusta-Richmond County, GA-SC (Metropolitan Statistical Area)",70.755
2014-01-01,12260,"Augusta-Richmond County, GA-SC (Metropolitan Statistical Area)",67.100
2013-01-01,12260,"Augusta-Richmond County, GA-SC (Metropolitan Statistical Area)",70.927
2012-01-01,12260,"Augusta-Richmond County, GA-SC (Metropolitan Statistical Area)",71.462
2011-01-01,12260,"Augusta-Richmond County, GA-SC (Metropolitan Statistical Area)",73.604
2010-01-01,12260,"Augusta-Richmond County, GA-SC (Metropolitan Statistical Area)",69.198
2009-01-01,12260,"Augusta-Richmond County, GA-SC (Metropolitan Statistical Area)",69.604
2008-01-01,12260,"Augusta-Richmond County, GA-SC (Metropolitan Statistical Area)",66.953
2024-01-01,12260,"Augusta-Richmond County, GA-SC (Metropolitan Statistical Area)",70.603
2023-01-01,12260,"Augusta-Richmond County, GA-SC (Metropolitan Statistical Area)",67.812
2022-01-01,12260,"Augusta-Richmond County, GA-SC (Metropolitan Statistical Area)",68.966
2021-01-01,12260,"Augusta-Richmond County, GA-SC (Metropolitan Statistical Area)",67.917
2020-01-01,12260,"Augusta-Richmond County, GA-SC (Metropolitan Statistical Area)",69.198
2018-01-01,12420,"Austin-Round Rock-San Marcos, TX (Metropolitan Statistical Area)",121.903
2017-01-01,12420,"Austin-Round Rock-San Marcos, TX (Metropolitan Statistical Area)",124.905
2016-01-01,12420,"Austin-Round Rock-San Marcos, TX (Metropolitan Statistical Area)",122.650
2015-01-01,12420,"Austin-Round Rock-San Marcos, TX (Metropolitan Statistical Area)",119.173
2014-01-01,12420,"Austin-Round Rock-San Marcos, TX (Metropolitan Statistical Area)",117.731
2013-01-01,12420,"Austin-Round Rock-San Marcos, TX (Metropolitan Statistical Area)",114.698
2012-01-01,12420,"Austin-Round Rock-San Marcos, TX (Metropolitan Statistical Area)",115.210
2011-01-01,12420,"Austin-Round Rock-San Marcos, TX (Metropolitan Statistical Area)",110.304
2010-01-01,12420,"Austin-Round Rock-San Marcos, TX (Metropolitan Statistical Area)",108.076
2009-01-01,12420,"Austin-Round Rock-San Marcos, TX (Metropolitan Statistical Area)",111.665
2008-01-01,12420,"Austin-Round Rock-San Marcos, TX (Metropolitan Statistical Area)",109.985
2024-01-01,12420,"Austin-Round Rock-San Marcos, TX (Metropolitan Statistical Area)",120.361
2023-01-01,12420,"Austin-Round Rock-San Marcos, TX (Metropolitan Statistical Area)",126.360
2022-01-01,12420,"Austin-Round Rock-San Marcos, TX (Metropolitan Statistical Area)",126.349
2021-01-01,12420,"Austin-Round Rock-San Marcos, TX (Metropolitan Statistical Area)",122.493
2020-01-01,12420,"Austin-Round Rock-San Marcos, TX (Metropolitan Statistical Area)",124.484
2019-01-01,12420,"Austin-Round Rock-San Marcos, TX (Metropolitan Statistical Area)",121.524
2019-01-01,12540,"Bakersfield-Delano, CA (Metropolitan Statistical Area)",89.428
2018-01-01,12540,"Bakersfield-Delano, CA (Metropolitan Statistical Area)",87.316
2017-01-01,12540,"Bakersfield-Delano, CA (Metropolitan Statistical Area)",92.132
2016-01-01,12540,"Bakersfield-Delano, CA (Metropolitan Statistical Area)",90.618
2015-01-01,12540,"Bakersfield-Delano, CA (Metropolitan Statistical Area)",92.850
2014-01-01,12540,"Bakersfield-Delano, CA (Metropolitan Statistical Area)",97.752
2013-01-01,12540,"Bakersfield-Delano, CA (Metropolitan Statistical Area)",95.817
2012-01-01,12540,"Bakersfield-Delano, CA (Metropolitan Statistical Area)",97.042
2011-01-01,12540,"Bakersfield-Delano, CA (Metropolitan Statistical Area)",94.877
2010-01-01,12540,"Bakersfield-Delano, CA (Metropolitan Statistical Area)",96.094
2009-01-01,12540,"Bakersfield-Delano, CA (Metropolitan Statistical Area)",97.120
2008-01-01,12540,"Bakersfield-Delano, CA (Metropolitan Statistical Area)",97.155
2024-01-01,12540,"Bakersfield-Delano, CA (Metropolitan Statistical Area)",90.291
2023-01-01,12540,"Bakersfield-Delano, CA (Metropolitan Statistical Area)",88.017
2022-01-01,12540,"Bakersfield-Delano, CA (Metropolitan Statistical Area)",93.137
2021-01-01,12540,"Bakersfield-Delano, CA (Metropolitan Statistical Area)",92.354
2020-01-01,12540,"Bakersfield-Delano, CA (Metropolitan Statistical Area)",89.121
2018-01-01,12580,"Baltimore-Columbia-Towson, MD (Metropolitan Statistical Area)",122.625
2017-01-01,12580,"Baltimore-Columbia-Towson, MD (Metropolitan Statistical Area)",122.875
2016-01-01,12580,"Baltimore-Columbia-Towson, MD (Metropolitan Statistical Area)",120.765
2015-01-01,12580,"Baltimore-Columbia-Towson, MD (Metropolitan Statistical Area)",123.438
2014-01-01,12580,"Baltimore-Columbia-Towson, MD (Metropolitan Statistical Area)",130.983
2013-01-01,12580,"Baltimore-Columbia-Towson, MD (Metropolitan Statistical Area)",132.897
2012-01-01,12580,"Baltimore-Columbia-Towson, MD (Metropolitan Statistical Area)",126.099
2011-01-01,12580,"Baltimore-Columbia-Towson, MD (Metropolitan Statistical Area)",127.005
2010-01-01,12580,"Baltimore-Columbia-Towson, MD (Metropolitan Statistical Area)",125.811
2009-01-01,12580,"Baltimore-Columbia-Towson, MD (Metropolitan Statistical Area)",127.303
2008-01-01,12580,"Baltimore-Columbia-Towson, MD (Metropolitan Statistical Area)",126.030
2024-01-01,12580,"Baltimore-Columbia-Towson, MD (Metropolitan Statistical Area)",118.194
2023-01-01,12580,"Baltimore-Columbia-Towson, MD (Metropolitan Statistical Area)",116.844
2022-01-01,12580,"Baltimore-Columbia-Towson, MD (Metropolitan Statistical Area)",120.536
2021-01-01,12580,"Baltimore-Columbia-Towson, MD (Metropolitan Statistical Area)",120.892
2020-01-01,12580,"Baltimore-Columbia-Towson, MD (Metropolitan Statistical Area)",122.428
2019-01-01,12580,"Baltimore-Columbia-Towson, MD (Metropolitan Statistical Area)",123.463
2019-01-01,12620,"Bangor, ME (Metropolitan Statistical Area)",75.279
2018-01-01,12620,"Bangor, ME (Metropolitan Statistical Area)",68.012
2017-01-01,12620,"Bangor, ME (Metropolitan Statistical Area)",66.375
2016-01-01,12620,"Bangor, ME (Metropolitan Statistical Area)",66.468
2015-01-01,12620,"Bangor, ME (Metropolitan Statistical Area)",62.219
2014-01-01,12620,"Bangor, ME (Metropolitan Statistical Area)",67.238
2013-01-01,12620,"Bangor, ME (Metropolitan Statistical Area)",96.695
2012-01-01,12620,"Bangor, ME (Metropolitan Statistical Area)",84.137
2011-01-01,12620,"Bangor, ME (Metropolitan Statistical Area)",74.916
2010-01-01,12620,"Bangor, ME (Metropolitan Statistical Area)",83.061
2009-01-01,12620,"Bangor, ME (Metropolitan Statistical Area)",58.426
2008-01-01,12620,"Bangor, ME (Metropolitan Statistical Area)",63.008
2024-01-01,12620,"Bangor, ME (Metropolitan Statistical Area)",77.688
2023-01-01,12620,"Bangor, ME (Metropolitan Statistical Area)",56.110
2022-01-01,12620,"Bangor, ME (Metropolitan Statistical Area)",63.307
2021-01-01,12620,"Bangor, ME (Metropolitan Statistical Area)",77.453
2020-01-01,12620,"Bangor, ME (Metropolitan Statistical Area)",80.458
2018-01-01,12700,"Barnstable Town, MA (Metropolitan Statistical Area)",101.692
2017-01-01,12700,"Barnstable Town, MA (Metropolitan Statistical Area)",119.277
2016-01-01,12700,"Barnstable Town, MA (Metropolitan Statistical Area)",123.277
2015-01-01,12700,"Barnstable Town, MA (Metropolitan Statistical Area)",126.035
2014-01-01,12700,"Barnstable Town, MA (Metropolitan Statistical Area)",126.787
2013-01-01,12700,"Barnstable Town, MA (Metropolitan Statistical Area)",97.594
2012-01-01,12700,"Barnstable Town, MA (Metropolitan Statistical Area)",106.988
2011-01-01,12700,"Barnstable Town, MA (Metropolitan Statistical Area)",99.254
2010-01-01,12700,"Barnstable Town, MA (Metropolitan Statistical Area)",127.283
2009-01-01,12700,"Barnstable Town, MA (Metropolitan Statistical Area)",104.926
2008-01-01,12700,"Barnstable Town, MA (Metropolitan Statistical Area)",106.770
2024-01-01,12700,"Barnstable Town, MA (Metropolitan Statistical Area)",90.012
2023-01-01,12700,"Barnstable Town, MA (Metropolitan Statistical Area)",124.209
2022-01-01,12700,"Barnstable Town, MA (Metropolitan Statistical Area)",125.243
2021-01-01,12700,"Barnstable Town, MA (Metropolitan Statistical Area)",107.860
2020-01-01,12700,"Barnstable Town, MA (Metropolitan Statistical Area)",100.369
2019-01-01,12700,"Barnstable Town, MA (Metropolitan Statistical Area)",124.867
2019-01-01,12940,"Baton Rouge, LA (Metropolitan Statistical Area)",78.768
2018-01-01,12940,"Baton Rouge, LA (Metropolitan Statistical Area)",78.596
2017-01-01,12940,"Baton Rouge, LA (Metropolitan Statistical Area)",78.327
2016-01-01,12940,"Baton Rouge, LA (Metropolitan Statistical Area)",83.711
2015-01-01,12940,"Baton Rouge, LA (Metropolitan Statistical Area)",80.515
2014-01-01,12940,"Baton Rouge, LA (Metropolitan Statistical Area)",80.751
2013-01-01,12940,"Baton Rouge, LA (Metropolitan Statistical Area)",81.756
2012-01-01,12940,"Baton Rouge, LA (Metropolitan Statistical Area)",79.831
2011-01-01,12940,"Baton Rouge, LA (Metropolitan Statistical Area)",81.363
2010-01-01,12940,"Baton Rouge, LA (Metropolitan Statistical Area)",76.359
2009-01-01,12940,"Baton Rouge, LA (Metropolitan Statistical Area)",78.278
2008-01-01,12940,"Baton Rouge, LA (Metropolitan Statistical Area)",74.532
2024-01-01,12940,"Baton Rouge, LA (Metropolitan Statistical Area)",74.183
2023-01-01,12940,"Baton Rouge, LA (Metropolitan Statistical Area)",77.204
2022-01-01,12940,"Baton Rouge, LA (Metropolitan Statistical Area)",75.694
2021-01-01,12940,"Baton Rouge, LA (Metropolitan Statistical Area)",75.323
2020-01-01,12940,"Baton Rouge, LA (Metropolitan Statistical Area)",76.510
2018-01-01,12980,"Battle Creek, MI (Metropolitan Statistical Area)",70.737
2017-01-01,12980,"Battle Creek, MI (Metropolitan Statistical Area)",70.963
2016-01-01,12980,"Battle Creek, MI (Metropolitan Statistical Area)",71.373
2015-01-01,12980,"Battle Creek, MI (Metropolitan Statistical Area)",73.603
2014-01-01,12980,"Battle Creek, MI (Metropolitan Statistical Area)",79.579
2013-01-01,12980,"Battle Creek, MI (Metropolitan Statistical Area)",73.791
2012-01-01,12980,"Battle Creek, MI (Metropolitan Statistical Area)",79.440
2011-01-01,12980,"Battle Creek, MI (Metropolitan Statistical Area)",73.021
2010-01-01,12980,"Battle Creek, MI (Metropolitan Statistical Area)",68.626
2009-01-01,12980,"Battle Creek, MI (Metropolitan Statistical Area)",76.090
2008-01-01,12980,"Battle Creek, MI (Metropolitan Statistical Area)",75.644
2024-01-01,12980,"Battle Creek, MI (Metropolitan Statistical Area)",61.045
2023-01-01,12980,"Battle Creek, MI (Metropolitan Statistical Area)",56.987
2022-01-01,12980,"Battle Creek, MI (Metropolitan Statistical Area)",62.517
2021-01-01,12980,"Battle Creek, MI (Metropolitan Statistical Area)",62.116
2020-01-01,12980,"Battle Creek, MI (Metropolitan Statistical Area)",67.339
2019-01-01,12980,"Battle Creek, MI (Metropolitan Statistical Area)",67.608
2019-01-01,13020,"Bay City, MI (Metropolitan Statistical Area)",66.608
2018-01-01,13020,"Bay City, MI (Metropolitan Statistical Area)",72.299
2017-01-01,13020,"Bay City, MI (Metropolitan Statistical Area)",62.501
2016-01-01,13020,"Bay City, MI (Metropolitan Statistical Area)",72.807
2015-01-01,13020,"Bay City, MI (Metropolitan Statistical Area)",68.567
2014-01-01,13020,"Bay City, MI (Metropolitan Statistical Area)",72.965
2013-01-01,13020,"Bay City, MI (Metropolitan Statistical Area)",73.316
2012-01-01,13020,"Bay City, MI (Metropolitan Statistical Area)",73.717
2011-01-01,13020,"Bay City, MI (Metropolitan Statistical Area)",72.611
2010-01-01,13020,"Bay City, MI (Metropolitan Statistical Area)",67.675
2009-01-01,13020,"Bay City, MI (Metropolitan Statistical Area)",71.965
2008-01-01,13020,"Bay City, MI (Metropolitan Statistical Area)",68.041
2024-01-01,13020,"Bay City, MI (Metropolitan Statistical Area)",66.684
2023-01-01,13020,"Bay City, MI (Metropolitan Statistical Area)",65.635
2022-01-01,13020,"Bay City, MI (Metropolitan Statistical Area)",53.250
2021-01-01,13020,"Bay City, MI (Metropolitan Statistical Area)",67.581
2020-01-01,13020,"Bay City, MI (Metropolitan Statistical Area)",58.524
2018-01-01,13140,"Beaumont-Port Arthur, TX (Metropolitan Statistical Area)",70.911
2017-01-01,13140,"Beaumont-Port Arthur, TX (Metropolitan Statistical Area)",65.397
2016-01-01,13140,"Beaumont-Port Arthur, TX (Metropolitan Statistical Area)",72.699
2015-01-01,13140,"Beaumont-Port Arthur, TX (Metropolitan Statistical Area)",65.637
2014-01-01,13140,"Beaumont-Port Arthur, TX (Metropolitan Statistical Area)",74.162
2013-01-01,13140,"Beaumont-Port Arthur, TX (Metropolitan Statistical Area)",75.051
2012-01-01,13140,"Beaumont-Port Arthur, TX (Metropolitan Statistical Area)",70.619
2011-01-01,13140,"Beaumont-Port Arthur, TX (Metropolitan Statistical Area)",76.757
2010-01-01,13140,"Beaumont-Port Arthur, TX (Metropolitan Statistical Area)",69.813
2009-01-01,13140,"Beaumont-Port Arthur, TX (Metropolitan Statistical Area)",66.407
2008-01-01,13140,"Beaumont-Port Arthur, TX (Metropolitan Statistical Area)",71.647
2024-01-01,13140,"Beaumont-Port Arthur, TX (Metropolitan Statistical Area)",70.939
2023-01-01,13140,"Beaumont-Port Arthur, TX (Metropolitan Statistical Area)",76.070
2022-01-01,13140,"Beaumont-Port Arthur, TX (Metropolitan Statistical Area)",72.532
2021-01-01,13140,"Beaumont-Port Arthur, TX (Metropolitan Statistical Area)",74.263
2020-01-01,13140,"Beaumont-Port Arthur, TX (Metropolitan Statistical Area)",62.376
2019-01-01,13140,"Beaumont-Port Arthur, TX (Metropolitan Statistical Area)",72.891
2019-01-01,13220,"Beckley, WV (Metropolitan Statistical Area)",51.954
2018-01-01,13220,"Beckley, WV (Metropolitan Statistical Area)",47.286
2017-01-01,13220,"Beckley, WV (Metropolitan Statistical Area)",49.926
2016-01-01,13220,"Beckley, WV (Metropolitan Statistical Area)",43.945
2015-01-01,13220,"Beckley, WV (Metropolitan Statistical Area)",55.674
2014-01-01,13220,"Beckley, WV (Metropolitan Statistical Area)",55.847
2013-01-01,13220,"Beckley, WV (Metropolitan Statistical Area)",54.068
2012-01-01,13220,"Beckley, WV (Metropolitan Statistical Area)",47.406
2011-01-01,13220,"Beckley, WV (Metropolitan Statistical Area)",48.194
2010-01-01,13220,"Beckley, WV (Metropolitan Statistical Area)",50.620
2009-01-01,13220,"Beckley, WV (Metropolitan Statistical Area)",39.686
2008-01-01,13220,"Beckley, WV (Metropolitan Statistical Area)",51.303
2024-01-01,13220,"Beckley, WV (Metropolitan Statistical Area)",52.246
2023-01-01,13220,"Beckley, WV (Metropolitan Statistical Area)",58.797
2022-01-01,13220,"Beckley, WV (Metropolitan Statistical Area)",52.334
2021-01-01,13220,"Beckley, WV (Metropolitan Statistical Area)",55.565
2020-01-01,13220,"Beckley, WV (Metropolitan Statistical Area)",47.568
2018-01-01,13380,"Bellingham, WA (Metropolitan Statistical Area)",108.467
2017-01-01,13380,"Bellingham, WA (Metropolitan Statistical Area)",107.182
2016-01-01,13380,"Bellingham, WA (Metropolitan Statistical Area)",103.343
2015-01-01,13380,"Bellingham, WA (Metropolitan Statistical Area)",113.659
2014-01-01,13380,"Bellingham, WA (Metropolitan Statistical Area)",108.496
2013-01-01,13380,"Bellingham, WA (Metropolitan Statistical Area)",103.629
2012-01-01,13380,"Bellingham, WA (Metropolitan Statistical Area)",106.346
2011-01-01,13380,"Bellingham, WA (Metropolitan Statistical Area)",112.350
2010-01-01,13380,"Bellingham, WA (Metropolitan Statistical Area)",104.639
2009-01-01,13380,"Bellingham, WA (Metropolitan Statistical Area)",111.822
2008-01-01,13380,"Bellingham, WA (Metropolitan Statistical Area)",96.602
2024-01-01,13380,"Bellingham, WA (Metropolitan Statistical Area)",112.946
2023-01-01,13380,"Bellingham, WA (Metropolitan Statistical Area)",109.586
2022-01-01,13380,"Bellingham, WA (Metropolitan Statistical Area)",109.595
2021-01-01,13380,"Bellingham, WA (Metropolitan Statistical Area)",121.270
2020-01-01,13380,"Bellingham, WA (Metropolitan Statistical Area)",110.978
2019-01-01,13380,"Bellingham, WA (Metropolitan Statistical Area)",112.022
2019-01-01,13460,"Bend, OR (Metropolitan Statistical Area)",103.997
2018-01-01,13460,"Bend, OR (Metropolitan Statistical Area)",101.550
2017-01-01,13460,"Bend, OR (Metropolitan Statistical Area)",107.341
2016-01-01,13460,"Bend, OR (Metropolitan Statistical Area)",98.954
2015-01-01,13460,"Bend, OR (Metropolitan Statistical Area)",103.161
2014-01-01,13460,"Bend, OR (Metropolitan Statistical Area)",98.287
2013-01-01,13460,"Bend, OR (Metropolitan Statistical Area)",90.376
2012-01-01,13460,"Bend, OR (Metropolitan Statistical Area)",90.830
2011-01-01,13460,"Bend, OR (Metropolitan Statistical Area)",85.134
2010-01-01,13460,"Bend, OR (Metropolitan Statistical Area)",91.527
2009-01-01,13460,"Bend, OR (Metropolitan Statistical Area)",96.926
2008-01-01,13460,"Bend, OR (Metropolitan Statistical Area)",95.054
2024-01-01,13460,"Bend, OR (Metropolitan Statistical Area)",109.958
2023-01-01,13460,"Bend, OR (Metropolitan Statistical Area)",111.053
2022-01-01,13460,"Bend, OR (Metropolitan Statistical Area)",110.888
2021-01-01,13460,"Bend, OR (Metropolitan Statistical Area)",101.525
2020-01-01,13460,"Bend, OR (Metropolitan Statistical Area)",107.667
2018-01-01,13740,"Billings, MT (Metropolitan Statistical Area)",86.260
2017-01-01,13740,"Billings, MT (Metropolitan Statistical Area)",85.395
2016-01-01,13740,"Billings, MT (Metropolitan Statistical Area)",82.992
2015-01-01,13740,"Billings, MT (Metropolitan Statistical Area)",87.088
2014-01-01,13740,"Billings, MT (Metropolitan Statistical Area)",88.932
2013-01-01,13740,"Billings, MT (Metropolitan Statistical Area)",83.265
2012-01-01,13740,"Billings, MT (Metropolitan Statistical Area)",85.548
2011-01-01,13740,"Billings, MT (Metropolitan Statistical Area)",78.769
2010-01-01,13740,"Billings, MT (Metropolitan Statistical Area)",77.061
2009-01-01,13740,"Billings, MT (Metropolitan Statistical Area)",72.048
2008-01-01,13740,"Billings, MT (Metropolitan Statistical Area)",82.560
2024-01-01,13740,"Billings, MT (Metropolitan Statistical Area)",77.364
2023-01-01,13740,"Billings, MT (Metropolitan Statistical Area)",72.917
2022-01-01,13740,"Billings, MT (Metropolitan Statistical Area)",81.815
2021-01-01,13740,"Billings, MT (Metropolitan Statistical Area)",84.990
2020-01-01,13740,"Billings, MT (Metropolitan Statistical Area)",74.939
2019-01-01,13740,"Billings, MT (Metropolitan Statistical Area)",86.663
2019-01-01,13780,"Binghamton, NY (Metropolitan Statistical Area)",74.551
2018-01-01,13780,"Binghamton, NY (Metropolitan Statistical Area)",79.344
2017-01-01,13780,"Binghamton, NY (Metropolitan Statistical Area)",79.497
2016-01-01,13780,"Binghamton, NY (Metropolitan Statistical Area)",73.027
2015-01-01,13780,"Binghamton, NY (Metropolitan Statistical Area)",73.332
2014-01-01,13780,"Binghamton, NY (Metropolitan Statistical Area)",77.481
2013-01-01,13780,"Binghamton, NY (Metropolitan Statistical Area)",74.517
2012-01-01,13780,"Binghamton, NY (Metropolitan Statistical Area)",73.378
2011-01-01,13780,"Binghamton, NY (Metropolitan Statistical Area)",87.082
2010-01-01,13780,"Binghamton, NY (Metropolitan Statistical Area)",86.814
2009-01-01,13780,"Binghamton, NY (Metropolitan Statistical Area)",74.815
2008-01-01,13780,"Binghamton, NY (Metropolitan Statistical Area)",74.579
2024-01-01,13780,"Binghamton, NY (Metropolitan Statistical Area)",69.694
2023-01-01,13780,"Binghamton, NY (Metropolitan Statistical Area)",66.080
2022-01-01,13780,"Binghamton, NY (Metropolitan Statistical Area)",70.643
2021-01-01,13780,"Binghamton, NY (Metropolitan Statistical Area)",74.116
2020-01-01,13780,"Binghamton, NY (Metropolitan Statistical Area)",83.980
2018-01-01,13820,"Birmingham, AL (Metropolitan Statistical Area)",70.411
2017-01-01,13820,"Birmingham, AL (Metropolitan Statistical Area)",67.548
2016-01-01,13820,"Birmingham, AL (Metropolitan Statistical Area)",69.837
2015-01-01,13820,"Birmingham, AL (Metropolitan Statistical Area)",68.736
2014-01-01,13820,"Birmingham, AL (Metropolitan Statistical Area)",68.796
2013-01-01,13820,"Birmingham, AL (Metropolitan Statistical Area)",72.453
2012-01-01,13820,"Birmingham, AL (Metropolitan Statistical Area)",71.371
2011-01-01,13820,"Birmingham, AL (Metropolitan Statistical Area)",75.142
2010-01-01,13820,"Birmingham, AL (Metropolitan Statistical Area)",72.882
2009-01-01,13820,"Birmingham, AL (Metropolitan Statistical Area)",70.922
2008-01-01,13820,"Birmingham, AL (Metropolitan Statistical Area)",71.380
2024-01-01,13820,"Birmingham, AL (Metropolitan Statistical Area)",71.851
2023-01-01,13820,"Birmingham, AL (Metropolitan Statistical Area)",71.741
2022-01-01,13820,"Birmingham, AL (Metropolitan Statistical Area)",68.900
2021-01-01,13820,"Birmingham, AL (Metropolitan Statistical Area)",70.259
2020-01-01,13820,"Birmingham, AL (Metropolitan Statistical Area)",74.271
2019-01-01,13820,"Birmingham, AL (Metropolitan Statistical Area)",69.756
2019-01-01,13900,"Bismarck, ND (Metropolitan Statistical Area)",82.311
2018-01-01,13900,"Bismarck, ND (Metropolitan Statistical Area)",73.055
2017-01-01,13900,"Bismarck, ND (Metropolitan Statistical Area)",74.868
2016-01-01,13900,"Bismarck, ND (Metropolitan Statistical Area)",98.120
2015-01-01,13900,"Bismarck, ND (Metropolitan Statistical Area)",81.279
2014-01-01,13900,"Bismarck, ND (Metropolitan Statistical Area)",96.515
2013-01-01,13900,"Bismarck, ND (Metropolitan Statistical Area)",90.749
2012-01-01,13900,"Bismarck, ND (Metropolitan Statistical Area)",90.878
2011-01-01,13900,"Bismarck, ND (Metropolitan Statistical Area)",62.693
2010-01-01,13900,"Bismarck, ND (Metropolitan Statistical Area)",52.289
2009-01-01,13900,"Bismarck, ND (Metropolitan Statistical Area)",64.112
2008-01-01,13900,"Bismarck, ND (Metropolitan Statistical Area)",53.297
2024-01-01,13900,"Bismarck, ND (Metropolitan Statistical Area)",84.013
2023-01-01,13900,"Bismarck, ND (Metropolitan Statistical Area)",75.747
2022-01-01,13900,"Bismarck, ND (Metropolitan Statistical Area)",78.993
2021-01-01,13900,"Bismarck, ND (Metropolitan Statistical Area)",91.823
2020-01-01,13900,"Bismarck, ND (Metropolitan Statistical Area)",73.751
2018-01-01,13980,"Blacksburg-Christiansburg-Radford, VA (Metropolitan Statistical Area)",75.768
2017-01-01,13980,"Blacksburg-Christiansburg-Radford, VA (Metropolitan Statistical Area)",73.727
2016-01-01,13980,"Blacksburg-Christiansburg-Radford, VA (Metropolitan Statistical Area)",63.985
2015-01-01,13980,"Blacksburg-Christiansburg-Radford, VA (Metropolitan Statistical Area)",77.901
2014-01-01,13980,"Blacksburg-Christiansburg-Radford, VA (Metropolitan Statistical Area)",79.743
2013-01-01,13980,"Blacksburg-Christiansburg-Radford, VA (Metropolitan Statistical Area)",77.398
2012-01-01,13980,"Blacksburg-Christiansburg-Radford, VA (Metropolitan Statistical Area)",67.084
2011-01-01,13980,"Blacksburg-Christiansburg-Radford, VA (Metropolitan Statistical Area)",77.436
2010-01-01,13980,"Blacksburg-Christiansburg-Radford, VA (Metropolitan Statistical Area)",75.291
2009-01-01,13980,"Blacksburg-Christiansburg-Radford, VA (Metropolitan Statistical Area)",76.396
2008-01-01,13980,"Blacksburg-Christiansburg-Radford, VA (Metropolitan Statistical Area)",65.922
2024-01-01,13980,"Blacksburg-Christiansburg-Radford, VA (Metropolitan Statistical Area)",74.371
2023-01-01,13980,"Blacksburg-Christiansburg-Radford, VA (Metropolitan Statistical Area)",67.460
2022-01-01,13980,"Blacksburg-Christiansburg-Radford, VA (Metropolitan Statistical Area)",75.906
2021-01-01,13980,"Blacksburg-Christiansburg-Radford, VA (Metropolitan Statistical Area)",72.950
2020-01-01,13980,"Blacksburg-Christiansburg-Radford, VA (Metropolitan Statistical Area)",78.015
2019-01-01,13980,"Blacksburg-Christiansburg-Radford, VA (Metropolitan Statistical Area)",74.376
2019-01-01,14010,"Bloomington, IL (Metropolitan Statistical Area)",82.102
2018-01-01,14010,"Bloomington, IL (Metropolitan Statistical Area)",81.548
2017-01-01,14010,"Bloomington, IL (Metropolitan Statistical Area)",81.432
2016-01-01,14010,"Bloomington, IL (Metropolitan Statistical Area)",80.380
2015-01-01,14010,"Bloomington, IL (Metropolitan Statistical Area)",86.707
2014-01-01,14010,"Bloomington, IL (Metropolitan Statistical Area)",86.640
2013-01-01,14010,"Bloomington, IL (Metropolitan Statistical Area)",84.553
2012-01-01,14010,"Bloomington, IL (Metropolitan Statistical Area)",93.880
2011-01-01,14010,"Bloomington, IL (Metropolitan Statistical Area)",89.941
2010-01-01,14010,"Bloomington, IL (Metropolitan Statistical Area)",94.463
2009-01-01,14010,"Bloomington, IL (Metropolitan Statistical Area)",80.287
2008-01-01,14010,"Bloomington, IL (Metropolitan Statistical Area)",83.716
2024-01-01,14010,"Bloomington, IL (Metropolitan Statistical Area)",74.715
2023-01-01,14010,"Bloomington, IL (Metropolitan Statistical Area)",73.560
2022-01-01,14010,"Bloomington, IL (Metropolitan Statistical Area)",78.141
2021-01-01,14010,"Bloomington, IL (Metropolitan Statistical Area)",73.986
2020-01-01,14010,"Bloomington, IL (Metropolitan Statistical Area)",75.485
2018-01-01,14020,"Bloomington, IN (Metropolitan Statistical Area)",81.888
2017-01-01,14020,"Bloomington, IN (Metropolitan Statistical Area)",90.369
2016-01-01,14020,"Bloomington, IN (Metropolitan Statistical Area)",96.472
2015-01-01,14020,"Bloomington, IN (Metropolitan Statistical Area)",90.820
2014-01-01,14020,"Bloomington, IN (Metropolitan Statistical Area)",88.367
2013-01-01,14020,"Bloomington, IN (Metropolitan Statistical Area)",82.650
2012-01-01,14020,"Bloomington, IN (Metropolitan Statistical Area)",85.538
2011-01-01,14020,"Bloomington, IN (Metropolitan Statistical Area)",96.944
2010-01-01,14020,"Bloomington, IN (Metropolitan Statistical Area)",87.949
2009-01-01,14020,"Bloomington, IN (Metropolitan Statistical Area)",95.111
2008-01-01,14020,"Bloomington, IN (Metropolitan Statistical Area)",83.609
2024-01-01,14020,"Bloomington, IN (Metropolitan Statistical Area)",85.590
2023-01-01,14020,"Bloomington, IN (Metropolitan Statistical Area)",81.176
2022-01-01,14020,"Bloomington, IN (Metropolitan Statistical Area)",80.837
2021-01-01,14020,"Bloomington, IN (Metropolitan Statistical Area)",83.023
2020-01-01,14020,"Bloomington, IN (Metropolitan Statistical Area)",81.552
2019-01-01,14020,"Bloomington, IN (Metropolitan Statistical Area)",83.369
2019-01-01,14260,"Boise City, ID (Metropolitan Statistical Area)",91.273
2018-01-01,14260,"Boise City, ID (Metropolitan Statistical Area)",86.764
2017-01-01,14260,"Boise City, ID (Metropolitan Statistical Area)",82.163
2016-01-01,14260,"Boise City, ID (Metropolitan Statistical Area)",79.569
2015-01-01,14260,"Boise City, ID (Metropolitan Statistical Area)",80.201
2014-01-01,14260,"Boise City, ID (Metropolitan Statistical Area)",84.469
2013-01-01,14260,"Boise City, ID (Metropolitan Statistical Area)",86.502
2012-01-01,14260,"Boise City, ID (Metropolitan Statistical Area)",81.245
2011-01-01,14260,"Boise City, ID (Metropolitan Statistical Area)",82.371
2010-01-01,14260,"Boise City, ID (Metropolitan Statistical Area)",83.890
2009-01-01,14260,"Boise City, ID (Metropolitan Statistical Area)",88.104
2008-01-01,14260,"Boise City, ID (Metropolitan Statistical Area)",93.114
2024-01-01,14260,"Boise City, ID (Metropolitan Statistical Area)",105.580
2023-01-01,14260,"Boise City, ID (Metropolitan Statistical Area)",98.165
2022-01-01,14260,"Boise City, ID (Metropolitan Statistical Area)",102.410
2021-01-01,14260,"Boise City, ID (Metropolitan Statistical Area)",97.299
2020-01-01,14260,"Boise City, ID (Metropolitan Statistical Area)",88.273
2018-01-01,14460,"Boston-Cambridge-Newton, MA-NH (Metropolitan Statistical Area)",146.148
2017-01-01,14460,"Boston-Cambridge-Newton, MA-NH (Metropolitan Statistical Area)",148.381
2016-01-01,14460,"Boston-Cambridge-Newton, MA-NH (Metropolitan Statistical Area)",146.632
2015-01-01,14460,"Boston-Cambridge-Newton, MA-NH (Metropolitan Statistical Area)",144.738
2014-01-01,14460,"Boston-Cambridge-Newton, MA-NH (Metropolitan Statistical Area)",142.657
2013-01-01,14460,"Boston-Cambridge-Newton, MA-NH (Metropolitan Statistical Area)",145.714
2012-01-01,14460,"Boston-Cambridge-Newton, MA-NH (Metropolitan Statistical Area)",144.914
2011-01-01,14460,"Boston-Cambridge-Newton, MA-NH (Metropolitan Statistical Area)",147.277
2010-01-01,14460,"Boston-Cambridge-Newton, MA-NH (Metropolitan Statistical Area)",144.203
2009-01-01,14460,"Boston-Cambridge-Newton, MA-NH (Metropolitan Statistical Area)",146.232
2008-01-01,14460,"Boston-Cambridge-Newton, MA-NH (Metropolitan Statistical Area)",142.650
2024-01-01,14460,"Boston-Cambridge-Newton, MA-NH (Metropolitan Statistical Area)",148.424
2023-01-01,14460,"Boston-Cambridge-Newton, MA-NH (Metropolitan Statistical Area)",148.247
2022-01-01,14460,"Boston-Cambridge-Newton, MA-NH (Metropolitan Statistical Area)",150.152
2021-01-01,14460,"Boston-Cambridge-Newton, MA-NH (Metropolitan Statistical Area)",146.988
2020-01-01,14460,"Boston-Cambridge-Newton, MA-NH (Metropolitan Statistical Area)",156.668
2019-01-01,14460,"Boston-Cambridge-Newton, MA-NH (Metropolitan Statistical Area)",146.371
2019-01-01,14500,"Boulder, CO (Metropolitan Statistical Area)",170.627
2018-01-01,14500,"Boulder, CO (Metropolitan Statistical Area)",151.840
2017-01-01,14500,"Boulder, CO (Metropolitan Statistical Area)",157.879
2016-01-01,14500,"Boulder, CO (Metropolitan Statistical Area)",151.470
2015-01-01,14500,"Boulder, CO (Metropolitan Statistical Area)",159.241
2014-01-01,14500,"Boulder, CO (Metropolitan Statistical Area)",148.973
2013-01-01,14500,"Boulder, CO (Metropolitan Statistical Area)",135.797
2012-01-01,14500,"Boulder, CO (Metropolitan Statistical Area)",145.809
2011-01-01,14500,"Boulder, CO (Metropolitan Statistical Area)",151.004
2010-01-01,14500,"Boulder, CO (Metropolitan Statistical Area)",144.480
2009-01-01,14500,"Boulder, CO (Metropolitan Statistical Area)",139.701
2008-01-01,14500,"Boulder, CO (Metropolitan Statistical Area)",145.685
2024-01-01,14500,"Boulder, CO (Metropolitan Statistical Area)",157.020
2023-01-01,14500,"Boulder, CO (Metropolitan Statistical Area)",148.597
2022-01-01,14500,"Boulder, CO (Metropolitan Statistical Area)",150.294
2021-01-01,14500,"Boulder, CO (Metropolitan Statistical Area)",166.311
2020-01-01,14500,"Boulder, CO (Metropolitan Statistical Area)",146.529
2018-01-01,14540,"Bowling Green, KY (Metropolitan Statistical Area)",59.822
2017-01-01,14540,"Bowling Green, KY (Metropolitan Statistical Area)",63.286
2016-01-01,14540,"Bowling Green, KY (Metropolitan Statistical Area)",59.394
2015-01-01,14540,"Bowling Green, KY (Metropolitan Statistical Area)",62.715
2014-01-01,14540,"Bowling Green, KY (Metropolitan Statistical Area)",64.094
2013-01-01,14540,"Bowling Green, KY (Metropolitan Statistical Area)",66.509
2012-01-01,14540,"Bowling Green, KY (Metropolitan Statistical Area)",63.598
2011-01-01,14540,"Bowling Green, KY (Metropolitan Statistical Area)",58.669
2010-01-01,14540,"Bowling Green, KY (Metropolitan Statistical Area)",64.523
2009-01-01,14540,"Bowling Green, KY (Metropolitan Statistical Area)",58.882
2008-01-01,14540,"Bowling Green, KY (Metropolitan Statistical Area)",57.265
2024-01-01,14540,"Bowling Green, KY (Metropolitan Statistical Area)",63.395
2023-01-01,14540,"Bowling Green, KY (Metropolitan Statistical Area)",66.063
2022-01-01,14540,"Bowling Green, KY (Metropolitan Statistical Area)",63.280
2021-01-01,14540,"Bowling Green, KY (Metropolitan Statistical Area)",62.161
2020-01-01,14540,"Bowling Green, KY (Metropolitan Statistical Area)",65.137
2019-01-01,14540,"Bowling Green, KY (Metropolitan Statistical Area)",61.962
2019-01-01,14580,"Bozeman, MT (Metropolitan Statistical Area)",111.222
2018-01-01,14580,"Bozeman, MT (Metropolitan Statistical Area)",104.587
2017-01-01,14580,"Bozeman, MT (Metropolitan Statistical Area)",93.329
2016-01-01,14580,"Bozeman, MT (Metropolitan Statistical Area)",88.804
2015-01-01,14580,"Bozeman, MT (Metropolitan Statistical Area)",92.535
2014-01-01,14580,"Bozeman, MT (Metropolitan Statistical Area)",92.226
2013-01-01,14580,"Bozeman, MT (Metropolitan Statistical Area)",79.189
2012-01-01,14580,"Bozeman, MT (Metropolitan Statistical Area)",97.805
2011-01-01,14580,"Bozeman, MT (Metropolitan Statistical Area)",86.950
2010-01-01,14580,"Bozeman, MT (Metropolitan Statistical Area)",84.471
2009-01-01,14580,"Bozeman, MT (Metropolitan Statistical Area)",83.980
2008-01-01,14580,"Bozeman, MT (Metropolitan Statistical Area)",90.803
2024-01-01,14580,"Bozeman, MT (Metropolitan Statistical Area)",139.188
2023-01-01,14580,"Bozeman, MT (Metropolitan Statistical Area)",131.471
2022-01-01,14580,"Bozeman, MT (Metropolitan Statistical Area)",102.884
2021-01-01,14580,"Bozeman, MT (Metropolitan Statistical Area)",108.067
2020-01-01,14580,"Bozeman, MT (Metropolitan Statistical Area)",100.761
2018-01-01,14740,"Bremerton-Silverdale-Port Orchard, WA (Metropolitan Statistical Area)",129.101
2017-01-01,14740,"Bremerton-Silverdale-Port Orchard, WA (Metropolitan Statistical Area)",114.757
2016-01-01,14740,"Bremerton-Silverdale-Port Orchard, WA (Metropolitan Statistical Area)",120.108
2015-01-01,14740,"Bremerton-Silverdale-Port Orchard, WA (Metropolitan Statistical Area)",116.006
2014-01-01,14740,"Bremerton-Silverdale-Port Orchard, WA (Metropolitan Statistical Area)",116.340
2013-01-01,14740,"Bremerton-Silverdale-Port Orchard, WA (Metropolitan Statistical Area)",116.438
2012-01-01,14740,"Bremerton-Silverdale-Port Orchard, WA (Metropolitan Statistical Area)",118.349
2011-01-01,14740,"Bremerton-Silverdale-Port Orchard, WA (Metropolitan Statistical Area)",118.225
2010-01-01,14740,"Bremerton-Silverdale-Port Orchard, WA (Metropolitan Statistical Area)",112.337
2009-01-01,14740,"Bremerton-Silverdale-Port Orchard, WA (Metropolitan Statistical Area)",117.199
2008-01-01,14740,"Bremerton-Silverdale-Port Orchard, WA (Metropolitan Statistical Area)",121.295
2024-01-01,14740,"Bremerton-Silverdale-Port Orchard, WA (Metropolitan Statistical Area)",129.641
2023-01-01,14740,"Bremerton-Silverdale-Port Orchard, WA (Metropolitan Statistical Area)",132.703
2022-01-01,14740,"Bremerton-Silverdale-Port Orchard, WA (Metropolitan Statistical Area)",130.247
2021-01-01,14740,"Bremerton-Silverdale-Port Orchard, WA (Metropolitan Statistical Area)",115.998
2020-01-01,14740,"Bremerton-Silverdale-Port Orchard, WA (Metropolitan Statistical Area)",124.598
2019-01-01,14740,"Bremerton-Silverdale-Port Orchard, WA (Metropolitan Statistical Area)",123.910
2019-01-01,14860,"Bridgeport-Stamford-Danbury, CT Metropolitan Statistical Area",145.907
2018-01-01,14860,"Bridgeport-Stamford-Danbury, CT Metropolitan Statistical Area",158.679
2017-01-01,14860,"Bridgeport-Stamford-Danbury, CT Metropolitan Statistical Area",149.448
2016-01-01,14860,"Bridgeport-Stamford-Danbury, CT Metropolitan Statistical Area",169.596
2015-01-01,14860,"Bridgeport-Stamford-Danbury, CT Metropolitan Statistical Area",174.056
2014-01-01,14860,"Bridgeport-Stamford-Danbury, CT Metropolitan Statistical Area",169.630
2013-01-01,14860,"Bridgeport-Stamford-Danbury, CT Metropolitan Statistical Area",170.095
2012-01-01,14860,"Bridgeport-Stamford-Danbury, CT Metropolitan Statistical Area",161.689
2011-01-01,14860,"Bridgeport-Stamford-Danbury, CT Metropolitan Statistical Area",153.029
2010-01-01,14860,"Bridgeport-Stamford-Danbury, CT Metropolitan Statistical Area",163.954
2009-01-01,14860,"Bridgeport-Stamford-Danbury, CT Metropolitan Statistical Area",170.462
2008-01-01,14860,"Bridgeport-Stamford-Danbury, CT Metropolitan Statistical Area",160.524
2024-01-01,14860,"Bridgeport-Stamford-Danbury, CT Metropolitan Statistical Area",150.453
2023-01-01,14860,"Bridgeport-Stamford-Danbury, CT Metropolitan Statistical Area",144.239
2022-01-01,14860,"Bridgeport-Stamford-Danbury, CT Metropolitan Statistical Area",155.371
2021-01-01,14860,"Bridgeport-Stamford-Danbury, CT Metropolitan Statistical Area",157.049
2020-01-01,14860,"Bridgeport-Stamford-Danbury, CT Metropolitan Statistical Area",160.109
2018-01-01,15180,"Brownsville-Harlingen, TX (Metropolitan Statistical Area)",52.853
2017-01-01,15180,"Brownsville-Harlingen, TX (Metropolitan Statistical Area)",56.642
2016-01-01,15180,"Brownsville-Harlingen, TX (Metropolitan Statistical Area)",60.127
2015-01-01,15180,"Brownsville-Harlingen, TX (Metropolitan Statistical Area)",55.251
2014-01-01,15180,"Brownsville-Harlingen, TX (Metropolitan Statistical Area)",55.956
2013-01-01,15180,"Brownsville-Harlingen, TX (Metropolitan Statistical Area)",54.751
2012-01-01,15180,"Brownsville-Harlingen, TX (Metropolitan Statistical Area)",59.446
2011-01-01,15180,"Brownsville-Harlingen, TX (Metropolitan Statistical Area)",61.340
2010-01-01,15180,"Brownsville-Harlingen, TX (Metropolitan Statistical Area)",53.999
2009-01-01,15180,"Brownsville-Harlingen, TX (Metropolitan Statistical Area)",54.870
2008-01-01,15180,"Brownsville-Harlingen, TX (Metropolitan Statistical Area)",49.891
2024-01-01,15180,"Brownsville-Harlingen, TX (Metropolitan Statistical Area)",57.720
2023-01-01,15180,"Brownsville-Harlingen, TX (Metropolitan Statistical Area)",55.734
2022-01-01,15180,"Brownsville-Harlingen, TX (Metropolitan Statistical Area)",54.313
2021-01-01,15180,"Brownsville-Harlingen, TX (Metropolitan Statistical Area)",55.709
2020-01-01,15180,"Brownsville-Harlingen, TX (Metropolitan Statistical Area)",49.527
2019-01-01,15180,"Brownsville-Harlingen, TX (Metropolitan Statistical Area)",60.087
2019-01-01,15260,"Brunswick-St. Simons, GA (Metropolitan Statistical Area)",58.590
2018-01-01,15260,"Brunswick-St. Simons, GA (Metropolitan Statistical Area)",73.361
2017-01-01,15260,"Brunswick-St. Simons, GA (Metropolitan Statistical Area)",72.247
2016-01-01,15260,"Brunswick-St. Simons, GA (Metropolitan Statistical Area)",70.558
2015-01-01,15260,"Brunswick-St. Simons, GA (Metropolitan Statistical Area)",69.576
2014-01-01,15260,"Brunswick-St. Simons, GA (Metropolitan Statistical Area)",74.430
2013-01-01,15260,"Brunswick-St. Simons, GA (Metropolitan Statistical Area)",71.604
2012-01-01,15260,"Brunswick-St. Simons, GA (Metropolitan Statistical Area)",71.891
2011-01-01,15260,"Brunswick-St. Simons, GA (Metropolitan Statistical Area)",67.711
2010-01-01,15260,"Brunswick-St. Simons, GA (Metropolitan Statistical Area)",72.457
2009-01-01,15260,"Brunswick-St. Simons, GA (Metropolitan Statistical Area)",69.060
2008-01-01,15260,"Brunswick-St. Simons, GA (Metropolitan Statistical Area)",68.061
2024-01-01,15260,"Brunswick-St. Simons, GA (Metropolitan Statistical Area)",56.340
2023-01-01,15260,"Brunswick-St. Simons, GA (Metropolitan Statistical Area)",62.484
2022-01-01,15260,"Brunswick-St. Simons, GA (Metropolitan Statistical Area)",68.628
2021-01-01,15260,"Brunswick-St. Simons, GA (Metropolitan Statistical Area)",63.934
2020-01-01,15260,"Brunswick-St. Simons, GA (Metropolitan Statistical Area)",69.681
2018-01-01,15380,"Buffalo-Cheektowaga, NY (Metropolitan Statistical Area)",75.750
2017-01-01,15380,"Buffalo-Cheektowaga, NY (Metropolitan Statistical Area)",75.563
2016-01-01,15380,"Buffalo-Cheektowaga, NY (Metropolitan Statistical Area)",80.317
2015-01-01,15380,"Buffalo-Cheektowaga, NY (Metropolitan Statistical Area)",81.638
2014-01-01,15380,"Buffalo-Cheektowaga, NY (Metropolitan Statistical Area)",76.621
2013-01-01,15380,"Buffalo-Cheektowaga, NY (Metropolitan Statistical Area)",80.618
2012-01-01,15380,"Buffalo-Cheektowaga, NY (Metropolitan Statistical Area)",79.950
2011-01-01,15380,"Buffalo-Cheektowaga, NY (Metropolitan Statistical Area)",78.915
2010-01-01,15380,"Buffalo-Cheektowaga, NY (Metropolitan Statistical Area)",77.198
2009-01-01,15380,"Buffalo-Cheektowaga, NY (Metropolitan Statistical Area)",78.244
2008-01-01,15380,"Buffalo-Cheektowaga, NY (Metropolitan Statistical Area)",73.420
2024-01-01,15380,"Buffalo-Cheektowaga, NY (Metropolitan Statistical Area)",80.989
2023-01-01,15380,"Buffalo-Cheektowaga, NY (Metropolitan Statistical Area)",75.959
2022-01-01,15380,"Buffalo-Cheektowaga, NY (Metropolitan Statistical Area)",78.574
2021-01-01,15380,"Buffalo-Cheektowaga, NY (Metropolitan Statistical Area)",76.229
2020-01-01,15380,"Buffalo-Cheektowaga, NY (Metropolitan Statistical Area)",71.053
2019-01-01,15380,"Buffalo-Cheektowaga, NY (Metropolitan Statistical Area)",74.587
2019-01-01,15500,"Burlington, NC (Metropolitan Statistical Area)",69.790
2018-01-01,15500,"Burlington, NC (Metropolitan Statistical Area)",68.382
2017-01-01,15500,"Burlington, NC (Metropolitan Statistical Area)",67.403
2016-01-01,15500,"Burlington, NC (Metropolitan Statistical Area)",63.553
2015-01-01,15500,"Burlington, NC (Metropolitan Statistical Area)",70.846
2014-01-01,15500,"Burlington, NC (Metropolitan Statistical Area)",69.959
2013-01-01,15500,"Burlington, NC (Metropolitan Statistical Area)",76.902
2012-01-01,15500,"Burlington, NC (Metropolitan Statistical Area)",68.587
2011-01-01,15500,"Burlington, NC (Metropolitan Statistical Area)",70.837
2010-01-01,15500,"Burlington, NC (Metropolitan Statistical Area)",69.269
2009-01-01,15500,"Burlington, NC (Metropolitan Statistical Area)",72.281
2008-01-01,15500,"Burlington, NC (Metropolitan Statistical Area)",70.258
2024-01-01,15500,"Burlington, NC (Metropolitan Statistical Area)",77.880
2023-01-01,15500,"Burlington, NC (Metropolitan Statistical Area)",74.971
2022-01-01,15500,"Burlington, NC (Metropolitan Statistical Area)",70.709
2021-01-01,15500,"Burlington, NC (Metropolitan Statistical Area)",62.451
2020-01-01,15500,"Burlington, NC (Metropolitan Statistical Area)",70.401
2024-01-01,15540,"Burlington-South Burlington, VT (Metropolitan Statistical Area)",103.842
2023-01-01,15540,"Burlington-South Burlington, VT (Metropolitan Statistical Area)",101.922
2022-01-01,15540,"Burlington-South Burlington, VT (Metropolitan Statistical Area)",123.793
2021-01-01,15540,"Burlington-South Burlington, VT (Metropolitan Statistical Area)",118.304
2020-01-01,15540,"Burlington-South Burlington, VT (Metropolitan Statistical Area)",126.511
2019-01-01,15540,"Burlington-South Burlington, VT (Metropolitan Statistical Area)",132.907
2018-01-01,15540,"Burlington-South Burlington, VT (Metropolitan Statistical Area)",111.620
2017-01-01,15540,"Burlington-South Burlington, VT (Metropolitan Statistical Area)",117.984
2016-01-01,15540,"Burlington-South Burlington, VT (Metropolitan Statistical Area)",113.371
2015-01-01,15540,"Burlington-South Burlington, VT (Metropolitan Statistical Area)",121.955
2014-01-01,15540,"Burlington-South Burlington, VT (Metropolitan Statistical Area)",108.559
2013-01-01,15540,"Burlington-South Burlington, VT (Metropolitan Statistical Area)",120.487
2012-01-01,15540,"Burlington-South Burlington, VT (Metropolitan Statistical Area)",130.631
2011-01-01,15540,"Burlington-South Burlington, VT (Metropolitan Statistical Area)",124.654
2010-01-01,15540,"Burlington-South Burlington, VT (Metropolitan Statistical Area)",118.553
2009-01-01,15540,"Burlington-South Burlington, VT (Metropolitan Statistical Area)",125.613
2008-01-01,15540,"Burlington-South Burlington, VT (Metropolitan Statistical Area)",115.585
2019-01-01,15940,"Canton-Massillon, OH (Metropolitan Statistical Area)",63.542
2018-01-01,15940,"Canton-Massillon, OH (Metropolitan Statistical Area)",64.213
2017-01-01,15940,"Canton-Massillon, OH (Metropolitan Statistical Area)",67.383
2016-01-01,15940,"Canton-Massillon, OH (Metropolitan Statistical Area)",62.814
2015-01-01,15940,"Canton-Massillon, OH (Metropolitan Statistical Area)",67.869
2014-01-01,15940,"Canton-Massillon, OH (Metropolitan Statistical Area)",67.543
2013-01-01,15940,"Canton-Massillon, OH (Metropolitan Statistical Area)",67.607
2012-01-01,15940,"Canton-Massillon, OH (Metropolitan Statistical Area)",69.776
2011-01-01,15940,"Canton-Massillon, OH (Metropolitan Statistical Area)",68.419
2010-01-01,15940,"Canton-Massillon, OH (Metropolitan Statistical Area)",70.446
2009-01-01,15940,"Canton-Massillon, OH (Metropolitan Statistical Area)",63.666
2008-01-01,15940,"Canton-Massillon, OH (Metropolitan Statistical Area)",66.893
2024-01-01,15940,"Canton-Massillon, OH (Metropolitan Statistical Area)",58.143
2023-01-01,15940,"Canton-Massillon, OH (Metropolitan Statistical Area)",58.442
2022-01-01,15940,"Canton-Massillon, OH (Metropolitan Statistical Area)",58.072
2021-01-01,15940,"Canton-Massillon, OH (Metropolitan Statistical Area)",60.892
2020-01-01,15940,"Canton-Massillon, OH (Metropolitan Statistical Area)",58.559
2018-01-01,15980,"Cape Coral-Fort Myers, FL (Metropolitan Statistical Area)",109.378
2017-01-01,15980,"Cape Coral-Fort Myers, FL (Metropolitan Statistical Area)",101.510
2016-01-01,15980,"Cape Coral-Fort Myers, FL (Metropolitan Statistical Area)",106.372
2015-01-01,15980,"Cape Coral-Fort Myers, FL (Metropolitan Statistical Area)",98.302
2014-01-01,15980,"Cape Coral-Fort Myers, FL (Metropolitan Statistical Area)",96.189
2013-01-01,15980,"Cape Coral-Fort Myers, FL (Metropolitan Statistical Area)",96.250
2012-01-01,15980,"Cape Coral-Fort Myers, FL (Metropolitan Statistical Area)",93.333
2011-01-01,15980,"Cape Coral-Fort Myers, FL (Metropolitan Statistical Area)",92.212
2010-01-01,15980,"Cape Coral-Fort Myers, FL (Metropolitan Statistical Area)",93.862
2009-01-01,15980,"Cape Coral-Fort Myers, FL (Metropolitan Statistical Area)",96.945
2008-01-01,15980,"Cape Coral-Fort Myers, FL (Metropolitan Statistical Area)",106.454
2024-01-01,15980,"Cape Coral-Fort Myers, FL (Metropolitan Statistical Area)",125.113
2023-01-01,15980,"Cape Coral-Fort Myers, FL (Metropolitan Statistical Area)",126.815
2022-01-01,15980,"Cape Coral-Fort Myers, FL (Metropolitan Statistical Area)",123.161
2021-01-01,15980,"Cape Coral-Fort Myers, FL (Metropolitan Statistical Area)",111.580
2020-01-01,15980,"Cape Coral-Fort Myers, FL (Metropolitan Statistical Area)",110.590
2019-01-01,15980,"Cape Coral-Fort Myers, FL (Metropolitan Statistical Area)",108.911
2019-01-01,16020,"Cape Girardeau, MO-IL (Metropolitan Statistical Area)",61.948
2018-01-01,16020,"Cape Girardeau, MO-IL (Metropolitan Statistical Area)",59.598
2017-01-01,16020,"Cape Girardeau, MO-IL (Metropolitan Statistical Area)",62.475
2016-01-01,16020,"Cape Girardeau, MO-IL (Metropolitan Statistical Area)",63.806
2015-01-01,16020,"Cape Girardeau, MO-IL (Metropolitan Statistical Area)",60.061
2014-01-01,16020,"Cape Girardeau, MO-IL (Metropolitan Statistical Area)",63.890
2013-01-01,16020,"Cape Girardeau, MO-IL (Metropolitan Statistical Area)",70.713
2012-01-01,16020,"Cape Girardeau, MO-IL (Metropolitan Statistical Area)",65.007
2011-01-01,16020,"Cape Girardeau, MO-IL (Metropolitan Statistical Area)",63.705
2010-01-01,16020,"Cape Girardeau, MO-IL (Metropolitan Statistical Area)",63.146
2009-01-01,16020,"Cape Girardeau, MO-IL (Metropolitan Statistical Area)",56.652
2008-01-01,16020,"Cape Girardeau, MO-IL (Metropolitan Statistical Area)",63.725
2024-01-01,16020,"Cape Girardeau, MO-IL (Metropolitan Statistical Area)",56.422
2023-01-01,16020,"Cape Girardeau, MO-IL (Metropolitan Statistical Area)",52.240
2022-01-01,16020,"Cape Girardeau, MO-IL (Metropolitan Statistical Area)",58.017
2021-01-01,16020,"Cape Girardeau, MO-IL (Metropolitan Statistical Area)",59.822
2020-01-01,16020,"Cape Girardeau, MO-IL (Metropolitan Statistical Area)",61.029
2018-01-01,16180,"Carson City, NV (Metropolitan Statistical Area)",93.254
2017-01-01,16180,"Carson City, NV (Metropolitan Statistical Area)",90.706
2016-01-01,16180,"Carson City, NV (Metropolitan Statistical Area)",84.573
2015-01-01,16180,"Carson City, NV (Metropolitan Statistical Area)",88.351
2014-01-01,16180,"Carson City, NV (Metropolitan Statistical Area)",93.384
2013-01-01,16180,"Carson City, NV (Metropolitan Statistical Area)",91.141
2012-01-01,16180,"Carson City, NV (Metropolitan Statistical Area)",87.164
2011-01-01,16180,"Carson City, NV (Metropolitan Statistical Area)",94.613
2010-01-01,16180,"Carson City, NV (Metropolitan Statistical Area)",91.930
2009-01-01,16180,"Carson City, NV (Metropolitan Statistical Area)",80.143
2008-01-01,16180,"Carson City, NV (Metropolitan Statistical Area)",94.650
2024-01-01,16180,"Carson City, NV (Metropolitan Statistical Area)",101.176
2023-01-01,16180,"Carson City, NV (Metropolitan Statistical Area)",93.423
2022-01-01,16180,"Carson City, NV (Metropolitan Statistical Area)",98.197
2021-01-01,16180,"Carson City, NV (Metropolitan Statistical Area)",98.753
2020-01-01,16180,"Carson City, NV (Metropolitan Statistical Area)",92.175
2019-01-01,16180,"Carson City, NV (Metropolitan Statistical Area)",103.513
2019-01-01,16220,"Casper, WY (Metropolitan Statistical Area)",74.128
2018-01-01,16220,"Casper, WY (Metropolitan Statistical Area)",89.546
2017-01-01,16220,"Casper, WY (Metropolitan Statistical Area)",90.107
2016-01-01,16220,"Casper, WY (Metropolitan Statistical Area)",98.437
2015-01-01,16220,"Casper, WY (Metropolitan Statistical Area)",79.444
2014-01-01,16220,"Casper, WY (Metropolitan Statistical Area)",93.667
2013-01-01,16220,"Casper, WY (Metropolitan Statistical Area)",98.846
2012-01-01,16220,"Casper, WY (Metropolitan Statistical Area)",90.398
2011-01-01,16220,"Casper, WY (Metropolitan Statistical Area)",84.286
2010-01-01,16220,"Casper, WY (Metropolitan Statistical Area)",81.856
2009-01-01,16220,"Casper, WY (Metropolitan Statistical Area)",84.009
2008-01-01,16220,"Casper, WY (Metropolitan Statistical Area)",69.553
2024-01-01,16220,"Casper, WY (Metropolitan Statistical Area)",74.189
2023-01-01,16220,"Casper, WY (Metropolitan Statistical Area)",80.034
2022-01-01,16220,"Casper, WY (Metropolitan Statistical Area)",79.203
2021-01-01,16220,"Casper, WY (Metropolitan Statistical Area)",76.168
2020-01-01,16220,"Casper, WY (Metropolitan Statistical Area)",79.896
2024-01-01,16300,"Cedar Rapids, IA (Metropolitan Statistical Area)",71.447
2023-01-01,16300,"Cedar Rapids, IA (Metropolitan Statistical Area)",71.240
2022-01-01,16300,"Cedar Rapids, IA (Metropolitan Statistical Area)",75.890
2021-01-01,16300,"Cedar Rapids, IA (Metropolitan Statistical Area)",77.691
2020-01-01,16300,"Cedar Rapids, IA (Metropolitan Statistical Area)",67.632
2019-01-01,16300,"Cedar Rapids, IA (Metropolitan Statistical Area)",72.639
2018-01-01,16300,"Cedar Rapids, IA (Metropolitan Statistical Area)",74.743
2017-01-01,16300,"Cedar Rapids, IA (Metropolitan Statistical Area)",77.948
2016-01-01,16300,"Cedar Rapids, IA (Metropolitan Statistical Area)",71.839
2015-01-01,16300,"Cedar Rapids, IA (Metropolitan Statistical Area)",78.241
2014-01-01,16300,"Cedar Rapids, IA (Metropolitan Statistical Area)",73.504
2013-01-01,16300,"Cedar Rapids, IA (Metropolitan Statistical Area)",59.986
2012-01-01,16300,"Cedar Rapids, IA (Metropolitan Statistical Area)",81.764
2011-01-01,16300,"Cedar Rapids, IA (Metropolitan Statistical Area)",80.911
2010-01-01,16300,"Cedar Rapids, IA (Metropolitan Statistical Area)",75.571
2009-01-01,16300,"Cedar Rapids, IA (Metropolitan Statistical Area)",75.643
2008-01-01,16300,"Cedar Rapids, IA (Metropolitan Statistical Area)",73.120
2019-01-01,16540,"Chambersburg, PA (Metropolitan Statistical Area)",73.794
2018-01-01,16540,"Chambersburg, PA (Metropolitan Statistical Area)",80.632
2017-01-01,16540,"Chambersburg, PA (Metropolitan Statistical Area)",79.063
2016-01-01,16540,"Chambersburg, PA (Metropolitan Statistical Area)",74.513
2015-01-01,16540,"Chambersburg, PA (Metropolitan Statistical Area)",77.244
2014-01-01,16540,"Chambersburg, PA (Metropolitan Statistical Area)",79.750
2013-01-01,16540,"Chambersburg, PA (Metropolitan Statistical Area)",81.313
2012-01-01,16540,"Chambersburg, PA (Metropolitan Statistical Area)",78.049
2011-01-01,16540,"Chambersburg, PA (Metropolitan Statistical Area)",82.399
2010-01-01,16540,"Chambersburg, PA (Metropolitan Statistical Area)",80.125
2009-01-01,16540,"Chambersburg, PA (Metropolitan Statistical Area)",79.947
2008-01-01,16540,"Chambersburg, PA (Metropolitan Statistical Area)",80.252
2024-01-01,16540,"Chambersburg, PA (Metropolitan Statistical Area)",71.914
2023-01-01,16540,"Chambersburg, PA (Metropolitan Statistical Area)",70.630
2022-01-01,16540,"Chambersburg, PA (Metropolitan Statistical Area)",74.623
2021-01-01,16540,"Chambersburg, PA (Metropolitan Statistical Area)",76.138
2020-01-01,16540,"Chambersburg, PA (Metropolitan Statistical Area)",71.405
2018-01-01,16580,"Champaign-Urbana, IL (Metropolitan Statistical Area)",75.053
2017-01-01,16580,"Champaign-Urbana, IL (Metropolitan Statistical Area)",81.948
2016-01-01,16580,"Champaign-Urbana, IL (Metropolitan Statistical Area)",84.354
2015-01-01,16580,"Champaign-Urbana, IL (Metropolitan Statistical Area)",84.525
2014-01-01,16580,"Champaign-Urbana, IL (Metropolitan Statistical Area)",82.509
2013-01-01,16580,"Champaign-Urbana, IL (Metropolitan Statistical Area)",84.600
2012-01-01,16580,"Champaign-Urbana, IL (Metropolitan Statistical Area)",82.542
2011-01-01,16580,"Champaign-Urbana, IL (Metropolitan Statistical Area)",86.478
2010-01-01,16580,"Champaign-Urbana, IL (Metropolitan Statistical Area)",83.332
2009-01-01,16580,"Champaign-Urbana, IL (Metropolitan Statistical Area)",88.479
2008-01-01,16580,"Champaign-Urbana, IL (Metropolitan Statistical Area)",90.053
2024-01-01,16580,"Champaign-Urbana, IL (Metropolitan Statistical Area)",71.604
2023-01-01,16580,"Champaign-Urbana, IL (Metropolitan Statistical Area)",67.825
2022-01-01,16580,"Champaign-Urbana, IL (Metropolitan Statistical Area)",72.299
2021-01-01,16580,"Champaign-Urbana, IL (Metropolitan Statistical Area)",75.783
2020-01-01,16580,"Champaign-Urbana, IL (Metropolitan Statistical Area)",73.398
2019-01-01,16580,"Champaign-Urbana, IL (Metropolitan Statistical Area)",78.436
2019-01-01,16620,"Charleston, WV (Metropolitan Statistical Area)",64.071
2018-01-01,16620,"Charleston, WV (Metropolitan Statistical Area)",61.784
2017-01-01,16620,"Charleston, WV (Metropolitan Statistical Area)",56.775
2016-01-01,16620,"Charleston, WV (Metropolitan Statistical Area)",63.968
2015-01-01,16620,"Charleston, WV (Metropolitan Statistical Area)",62.208
2014-01-01,16620,"Charleston, WV (Metropolitan Statistical Area)",64.791
2013-01-01,16620,"Charleston, WV (Metropolitan Statistical Area)",60.746
2012-01-01,16620,"Charleston, WV (Metropolitan Statistical Area)",68.264
2011-01-01,16620,"Charleston, WV (Metropolitan Statistical Area)",75.630
2010-01-01,16620,"Charleston, WV (Metropolitan Statistical Area)",65.282
2009-01-01,16620,"Charleston, WV (Metropolitan Statistical Area)",62.576
2008-01-01,16620,"Charleston, WV (Metropolitan Statistical Area)",63.424
2024-01-01,16620,"Charleston, WV (Metropolitan Statistical Area)",51.394
2023-01-01,16620,"Charleston, WV (Metropolitan Statistical Area)",52.880
2022-01-01,16620,"Charleston, WV (Metropolitan Statistical Area)",54.697
2021-01-01,16620,"Charleston, WV (Metropolitan Statistical Area)",60.279
2020-01-01,16620,"Charleston, WV (Metropolitan Statistical Area)",55.847
2023-01-01,16700,"Charleston-North Charleston, SC (Metropolitan Statistical Area)",123.357
2022-01-01,16700,"Charleston-North Charleston, SC (Metropolitan Statistical Area)",110.874
2021-01-01,16700,"Charleston-North Charleston, SC (Metropolitan Statistical Area)",106.054
2020-01-01,16700,"Charleston-North Charleston, SC (Metropolitan Statistical Area)",112.463
2019-01-01,16700,"Charleston-North Charleston, SC (Metropolitan Statistical Area)",111.939
2018-01-01,16700,"Charleston-North Charleston, SC (Metropolitan Statistical Area)",107.598
2017-01-01,16700,"Charleston-North Charleston, SC (Metropolitan Statistical Area)",102.157
2016-01-01,16700,"Charleston-North Charleston, SC (Metropolitan Statistical Area)",99.619
2015-01-01,16700,"Charleston-North Charleston, SC (Metropolitan Statistical Area)",106.696
2014-01-01,16700,"Charleston-North Charleston, SC (Metropolitan Statistical Area)",104.271
2013-01-01,16700,"Charleston-North Charleston, SC (Metropolitan Statistical Area)",104.177
2012-01-01,16700,"Charleston-North Charleston, SC (Metropolitan Statistical Area)",107.223
2011-01-01,16700,"Charleston-North Charleston, SC (Metropolitan Statistical Area)",102.353
2010-01-01,16700,"Charleston-North Charleston, SC (Metropolitan Statistical Area)",96.305
2009-01-01,16700,"Charleston-North Charleston, SC (Metropolitan Statistical Area)",101.479
2008-01-01,16700,"Charleston-North Charleston, SC (Metropolitan Statistical Area)",96.926
2024-01-01,16700,"Charleston-North Charleston, SC (Metropolitan Statistical Area)",119.770
2019-01-01,16740,"Charlotte-Concord-Gastonia, NC-SC (Metropolitan Statistical Area)",88.504
2018-01-01,16740,"Charlotte-Concord-Gastonia, NC-SC (Metropolitan Statistical Area)",88.680
2017-01-01,16740,"Charlotte-Concord-Gastonia, NC-SC (Metropolitan Statistical Area)",87.186
2016-01-01,16740,"Charlotte-Concord-Gastonia, NC-SC (Metropolitan Statistical Area)",85.945
2015-01-01,16740,"Charlotte-Concord-Gastonia, NC-SC (Metropolitan Statistical Area)",85.536
2014-01-01,16740,"Charlotte-Concord-Gastonia, NC-SC (Metropolitan Statistical Area)",85.602
2013-01-01,16740,"Charlotte-Concord-Gastonia, NC-SC (Metropolitan Statistical Area)",84.387
2012-01-01,16740,"Charlotte-Concord-Gastonia, NC-SC (Metropolitan Statistical Area)",85.032
2011-01-01,16740,"Charlotte-Concord-Gastonia, NC-SC (Metropolitan Statistical Area)",83.389
2010-01-01,16740,"Charlotte-Concord-Gastonia, NC-SC (Metropolitan Statistical Area)",85.592
2009-01-01,16740,"Charlotte-Concord-Gastonia, NC-SC (Metropolitan Statistical Area)",84.569
2008-01-01,16740,"Charlotte-Concord-Gastonia, NC-SC (Metropolitan Statistical Area)",85.089
2024-01-01,16740,"Charlotte-Concord-Gastonia, NC-SC (Metropolitan Statistical Area)",97.635
2023-01-01,16740,"Charlotte-Concord-Gastonia, NC-SC (Metropolitan Statistical Area)",97.053
2022-01-01,16740,"Charlotte-Concord-Gastonia, NC-SC (Metropolitan Statistical Area)",93.880
2021-01-01,16740,"Charlotte-Concord-Gastonia, NC-SC (Metropolitan Statistical Area)",90.596
2020-01-01,16740,"Charlotte-Concord-Gastonia, NC-SC (Metropolitan Statistical Area)",88.537
2018-01-01,16820,"Charlottesville, VA (Metropolitan Statistical Area)",105.878
2017-01-01,16820,"Charlottesville, VA (Metropolitan Statistical Area)",109.766
2016-01-01,16820,"Charlottesville, VA (Metropolitan Statistical Area)",106.154
2015-01-01,16820,"Charlottesville, VA (Metropolitan Statistical Area)",109.445
2014-01-01,16820,"Charlottesville, VA (Metropolitan Statistical Area)",108.273
2013-01-01,16820,"Charlottesville, VA (Metropolitan Statistical Area)",113.851
2012-01-01,16820,"Charlottesville, VA (Metropolitan Statistical Area)",102.021
2011-01-01,16820,"Charlottesville, VA (Metropolitan Statistical Area)",111.968
2010-01-01,16820,"Charlottesville, VA (Metropolitan Statistical Area)",114.150
2009-01-01,16820,"Charlottesville, VA (Metropolitan Statistical Area)",111.866
2008-01-01,16820,"Charlottesville, VA (Metropolitan Statistical Area)",110.465
2024-01-01,16820,"Charlottesville, VA (Metropolitan Statistical Area)",107.041
2023-01-01,16820,"Charlottesville, VA (Metropolitan Statistical Area)",104.637
2022-01-01,16820,"Charlottesville, VA (Metropolitan Statistical Area)",97.322
2021-01-01,16820,"Charlottesville, VA (Metropolitan Statistical Area)",114.854
2020-01-01,16820,"Charlottesville, VA (Metropolitan Statistical Area)",116.109
2019-01-01,16820,"Charlottesville, VA (Metropolitan Statistical Area)",98.780
2019-01-01,16860,"Chattanooga, TN-GA (Metropolitan Statistical Area)",75.509
2018-01-01,16860,"Chattanooga, TN-GA (Metropolitan Statistical Area)",71.969
2017-01-01,16860,"Chattanooga, TN-GA (Metropolitan Statistical Area)",75.249
2016-01-01,16860,"Chattanooga, TN-GA (Metropolitan Statistical Area)",70.467
2015-01-01,16860,"Chattanooga, TN-GA (Metropolitan Statistical Area)",72.661
2014-01-01,16860,"Chattanooga, TN-GA (Metropolitan Statistical Area)",71.760
2013-01-01,16860,"Chattanooga, TN-GA (Metropolitan Statistical Area)",72.026
2012-01-01,16860,"Chattanooga, TN-GA (Metropolitan Statistical Area)",75.363
2011-01-01,16860,"Chattanooga, TN-GA (Metropolitan Statistical Area)",72.652
2010-01-01,16860,"Chattanooga, TN-GA (Metropolitan Statistical Area)",76.060
2009-01-01,16860,"Chattanooga, TN-GA (Metropolitan Statistical Area)",74.200
2008-01-01,16860,"Chattanooga, TN-GA (Metropolitan Statistical Area)",71.875
2024-01-01,16860,"Chattanooga, TN-GA (Metropolitan Statistical Area)",76.550
2023-01-01,16860,"Chattanooga, TN-GA (Metropolitan Statistical Area)",78.324
2022-01-01,16860,"Chattanooga, TN-GA (Metropolitan Statistical Area)",79.592
2021-01-01,16860,"Chattanooga, TN-GA (Metropolitan Statistical Area)",73.362
2020-01-01,16860,"Chattanooga, TN-GA (Metropolitan Statistical Area)",72.519
2018-01-01,16940,"Cheyenne, WY (Metropolitan Statistical Area)",82.310
2017-01-01,16940,"Cheyenne, WY (Metropolitan Statistical Area)",93.114
2016-01-01,16940,"Cheyenne, WY (Metropolitan Statistical Area)",100.496
2015-01-01,16940,"Cheyenne, WY (Metropolitan Statistical Area)",86.871
2014-01-01,16940,"Cheyenne, WY (Metropolitan Statistical Area)",104.985
2013-01-01,16940,"Cheyenne, WY (Metropolitan Statistical Area)",90.172
2012-01-01,16940,"Cheyenne, WY (Metropolitan Statistical Area)",90.639
2011-01-01,16940,"Cheyenne, WY (Metropolitan Statistical Area)",97.694
2010-01-01,16940,"Cheyenne, WY (Metropolitan Statistical Area)",88.125
2009-01-01,16940,"Cheyenne, WY (Metropolitan Statistical Area)",96.488
2008-01-01,16940,"Cheyenne, WY (Metropolitan Statistical Area)",90.374
2024-01-01,16940,"Cheyenne, WY (Metropolitan Statistical Area)",89.828
2023-01-01,16940,"Cheyenne, WY (Metropolitan Statistical Area)",74.635
2022-01-01,16940,"Cheyenne, WY (Metropolitan Statistical Area)",94.024
2021-01-01,16940,"Cheyenne, WY (Metropolitan Statistical Area)",87.533
2020-01-01,16940,"Cheyenne, WY (Metropolitan Statistical Area)",74.034
2019-01-01,16940,"Cheyenne, WY (Metropolitan Statistical Area)",91.074
2019-01-01,16980,"Chicago-Naperville-Elgin, IL-IN (Metropolitan Statistical Area)",116.318
2018-01-01,16980,"Chicago-Naperville-Elgin, IL-IN (Metropolitan Statistical Area)",117.753
2017-01-01,16980,"Chicago-Naperville-Elgin, IL-IN (Metropolitan Statistical Area)",119.660
2016-01-01,16980,"Chicago-Naperville-Elgin, IL-IN (Metropolitan Statistical Area)",121.449
2015-01-01,16980,"Chicago-Naperville-Elgin, IL-IN (Metropolitan Statistical Area)",122.404
2014-01-01,16980,"Chicago-Naperville-Elgin, IL-IN (Metropolitan Statistical Area)",122.576
2013-01-01,16980,"Chicago-Naperville-Elgin, IL-IN (Metropolitan Statistical Area)",122.718
2012-01-01,16980,"Chicago-Naperville-Elgin, IL-IN (Metropolitan Statistical Area)",119.812
2011-01-01,16980,"Chicago-Naperville-Elgin, IL-IN (Metropolitan Statistical Area)",122.579
2010-01-01,16980,"Chicago-Naperville-Elgin, IL-IN (Metropolitan Statistical Area)",124.548
2009-01-01,16980,"Chicago-Naperville-Elgin, IL-IN (Metropolitan Statistical Area)",122.865
2008-01-01,16980,"Chicago-Naperville-Elgin, IL-IN (Metropolitan Statistical Area)",123.964
2024-01-01,16980,"Chicago-Naperville-Elgin, IL-IN (Metropolitan Statistical Area)",112.010
2023-01-01,16980,"Chicago-Naperville-Elgin, IL-IN (Metropolitan Statistical Area)",111.004
2022-01-01,16980,"Chicago-Naperville-Elgin, IL-IN (Metropolitan Statistical Area)",111.224
2021-01-01,16980,"Chicago-Naperville-Elgin, IL-IN (Metropolitan Statistical Area)",114.027
2020-01-01,16980,"Chicago-Naperville-Elgin, IL-IN (Metropolitan Statistical Area)",117.297
2018-01-01,17020,"Chico, CA (Metropolitan Statistical Area)",100.935
2017-01-01,17020,"Chico, CA (Metropolitan Statistical Area)",105.934
2016-01-01,17020,"Chico, CA (Metropolitan Statistical Area)",93.815
2015-01-01,17020,"Chico, CA (Metropolitan Statistical Area)",97.353
2014-01-01,17020,"Chico, CA (Metropolitan Statistical Area)",99.084
2013-01-01,17020,"Chico, CA (Metropolitan Statistical Area)",100.567
2012-01-01,17020,"Chico, CA (Metropolitan Statistical Area)",111.710
2011-01-01,17020,"Chico, CA (Metropolitan Statistical Area)",104.380
2010-01-01,17020,"Chico, CA (Metropolitan Statistical Area)",110.295
2009-01-01,17020,"Chico, CA (Metropolitan Statistical Area)",107.736
2008-01-01,17020,"Chico, CA (Metropolitan Statistical Area)",111.409
2024-01-01,17020,"Chico, CA (Metropolitan Statistical Area)",91.946
2023-01-01,17020,"Chico, CA (Metropolitan Statistical Area)",100.723
2022-01-01,17020,"Chico, CA (Metropolitan Statistical Area)",91.442
2021-01-01,17020,"Chico, CA (Metropolitan Statistical Area)",102.440
2020-01-01,17020,"Chico, CA (Metropolitan Statistical Area)",97.144
2019-01-01,17020,"Chico, CA (Metropolitan Statistical Area)",95.321
2019-01-01,17140,"Cincinnati, OH-KY-IN (Metropolitan Statistical Area)",81.787
2018-01-01,17140,"Cincinnati, OH-KY-IN (Metropolitan Statistical Area)",81.768
2017-01-01,17140,"Cincinnati, OH-KY-IN (Metropolitan Statistical Area)",83.720
2016-01-01,17140,"Cincinnati, OH-KY-IN (Metropolitan Statistical Area)",83.622
2015-01-01,17140,"Cincinnati, OH-KY-IN (Metropolitan Statistical Area)",82.540
2014-01-01,17140,"Cincinnati, OH-KY-IN (Metropolitan Statistical Area)",82.949
2013-01-01,17140,"Cincinnati, OH-KY-IN (Metropolitan Statistical Area)",85.425
2012-01-01,17140,"Cincinnati, OH-KY-IN (Metropolitan Statistical Area)",85.799
2011-01-01,17140,"Cincinnati, OH-KY-IN (Metropolitan Statistical Area)",82.541
2010-01-01,17140,"Cincinnati, OH-KY-IN (Metropolitan Statistical Area)",83.465
2009-01-01,17140,"Cincinnati, OH-KY-IN (Metropolitan Statistical Area)",83.859
2008-01-01,17140,"Cincinnati, OH-KY-IN (Metropolitan Statistical Area)",87.531
2024-01-01,17140,"Cincinnati, OH-KY-IN (Metropolitan Statistical Area)",87.608
2023-01-01,17140,"Cincinnati, OH-KY-IN (Metropolitan Statistical Area)",83.826
2022-01-01,17140,"Cincinnati, OH-KY-IN (Metropolitan Statistical Area)",83.822
2021-01-01,17140,"Cincinnati, OH-KY-IN (Metropolitan Statistical Area)",83.287
2020-01-01,17140,"Cincinnati, OH-KY-IN (Metropolitan Statistical Area)",83.488
2018-01-01,17300,"Clarksville, TN-KY (Metropolitan Statistical Area)",69.074
2017-01-01,17300,"Clarksville, TN-KY (Metropolitan Statistical Area)",67.662
2016-01-01,17300,"Clarksville, TN-KY (Metropolitan Statistical Area)",73.525
2015-01-01,17300,"Clarksville, TN-KY (Metropolitan Statistical Area)",71.048
2014-01-01,17300,"Clarksville, TN-KY (Metropolitan Statistical Area)",69.442
2013-01-01,17300,"Clarksville, TN-KY (Metropolitan Statistical Area)",71.054
2012-01-01,17300,"Clarksville, TN-KY (Metropolitan Statistical Area)",71.025
2011-01-01,17300,"Clarksville, TN-KY (Metropolitan Statistical Area)",74.650
2010-01-01,17300,"Clarksville, TN-KY (Metropolitan Statistical Area)",68.753
2009-01-01,17300,"Clarksville, TN-KY (Metropolitan Statistical Area)",67.330
2008-01-01,17300,"Clarksville, TN-KY (Metropolitan Statistical Area)",65.836
2024-01-01,17300,"Clarksville, TN-KY (Metropolitan Statistical Area)",73.801
2023-01-01,17300,"Clarksville, TN-KY (Metropolitan Statistical Area)",75.606
2022-01-01,17300,"Clarksville, TN-KY (Metropolitan Statistical Area)",73.906
2021-01-01,17300,"Clarksville, TN-KY (Metropolitan Statistical Area)",74.981
2020-01-01,17300,"Clarksville, TN-KY (Metropolitan Statistical Area)",69.384
2019-01-01,17300,"Clarksville, TN-KY (Metropolitan Statistical Area)",68.159
2019-01-01,17410,"Cleveland, OH (Metropolitan Statistical Area)",79.411
2018-01-01,17410,"Cleveland, OH (Metropolitan Statistical Area)",83.584
2017-01-01,17410,"Cleveland, OH (Metropolitan Statistical Area)",83.570
2016-01-01,17410,"Cleveland, OH (Metropolitan Statistical Area)",83.843
2015-01-01,17410,"Cleveland, OH (Metropolitan Statistical Area)",83.047
2014-01-01,17410,"Cleveland, OH (Metropolitan Statistical Area)",84.407
2013-01-01,17410,"Cleveland, OH (Metropolitan Statistical Area)",90.127
2012-01-01,17410,"Cleveland, OH (Metropolitan Statistical Area)",82.222
2011-01-01,17410,"Cleveland, OH (Metropolitan Statistical Area)",84.996
2010-01-01,17410,"Cleveland, OH (Metropolitan Statistical Area)",86.607
2009-01-01,17410,"Cleveland, OH (Metropolitan Statistical Area)",88.001
2008-01-01,17410,"Cleveland, OH (Metropolitan Statistical Area)",85.158
2024-01-01,17410,"Cleveland, OH (Metropolitan Statistical Area)",79.434
2023-01-01,17410,"Cleveland, OH (Metropolitan Statistical Area)",78.235
2022-01-01,17410,"Cleveland, OH (Metropolitan Statistical Area)",81.780
2021-01-01,17410,"Cleveland, OH (Metropolitan Statistical Area)",81.662
2020-01-01,17410,"Cleveland, OH (Metropolitan Statistical Area)",80.877
2018-01-01,17420,"Cleveland, TN (Metropolitan Statistical Area)",65.833
2017-01-01,17420,"Cleveland, TN (Metropolitan Statistical Area)",56.690
2016-01-01,17420,"Cleveland, TN (Metropolitan Statistical Area)",65.598
2015-01-01,17420,"Cleveland, TN (Metropolitan Statistical Area)",60.687
2014-01-01,17420,"Cleveland, TN (Metropolitan Statistical Area)",65.241
2013-01-01,17420,"Cleveland, TN (Metropolitan Statistical Area)",70.407
2012-01-01,17420,"Cleveland, TN (Metropolitan Statistical Area)",69.220
2011-01-01,17420,"Cleveland, TN (Metropolitan Statistical Area)",61.686
2010-01-01,17420,"Cleveland, TN (Metropolitan Statistical Area)",63.458
2009-01-01,17420,"Cleveland, TN (Metropolitan Statistical Area)",68.716
2008-01-01,17420,"Cleveland, TN (Metropolitan Statistical Area)",63.106
2024-01-01,17420,"Cleveland, TN (Metropolitan Statistical Area)",60.327
2023-01-01,17420,"Cleveland, TN (Metropolitan Statistical Area)",69.913
2022-01-01,17420,"Cleveland, TN (Metropolitan Statistical Area)",64.869
2021-01-01,17420,"Cleveland, TN (Metropolitan Statistical Area)",62.115
2020-01-01,17420,"Cleveland, TN (Metropolitan Statistical Area)",59.551
2019-01-01,17420,"Cleveland, TN (Metropolitan Statistical Area)",55.295
2019-01-01,17660,"Coeur d'Alene, ID (Metropolitan Statistical Area)",69.883
2018-01-01,17660,"Coeur d'Alene, ID (Metropolitan Statistical Area)",90.411
2017-01-01,17660,"Coeur d'Alene, ID (Metropolitan Statistical Area)",86.591
2016-01-01,17660,"Coeur d'Alene, ID (Metropolitan Statistical Area)",90.908
2015-01-01,17660,"Coeur d'Alene, ID (Metropolitan Statistical Area)",82.740
2014-01-01,17660,"Coeur d'Alene, ID (Metropolitan Statistical Area)",90.153
2013-01-01,17660,"Coeur d'Alene, ID (Metropolitan Statistical Area)",95.203
2012-01-01,17660,"Coeur d'Alene, ID (Metropolitan Statistical Area)",87.509
2011-01-01,17660,"Coeur d'Alene, ID (Metropolitan Statistical Area)",79.327
2010-01-01,17660,"Coeur d'Alene, ID (Metropolitan Statistical Area)",79.021
2009-01-01,17660,"Coeur d'Alene, ID (Metropolitan Statistical Area)",83.242
2008-01-01,17660,"Coeur d'Alene, ID (Metropolitan Statistical Area)",89.739
2024-01-01,17660,"Coeur d'Alene, ID (Metropolitan Statistical Area)",105.597
2023-01-01,17660,"Coeur d'Alene, ID (Metropolitan Statistical Area)",117.171
2022-01-01,17660,"Coeur d'Alene, ID (Metropolitan Statistical Area)",99.716
2021-01-01,17660,"Coeur d'Alene, ID (Metropolitan Statistical Area)",96.355
2020-01-01,17660,"Coeur d'Alene, ID (Metropolitan Statistical Area)",87.364
2018-01-01,17780,"College Station-Bryan, TX (Metropolitan Statistical Area)",88.406
2017-01-01,17780,"College Station-Bryan, TX (Metropolitan Statistical Area)",82.408
2016-01-01,17780,"College Station-Bryan, TX (Metropolitan Statistical Area)",85.073
2015-01-01,17780,"College Station-Bryan, TX (Metropolitan Statistical Area)",85.090
2014-01-01,17780,"College Station-Bryan, TX (Metropolitan Statistical Area)",82.770
2013-01-01,17780,"College Station-Bryan, TX (Metropolitan Statistical Area)",83.054
2012-01-01,17780,"College Station-Bryan, TX (Metropolitan Statistical Area)",89.200
2011-01-01,17780,"College Station-Bryan, TX (Metropolitan Statistical Area)",85.912
2010-01-01,17780,"College Station-Bryan, TX (Metropolitan Statistical Area)",87.069
2009-01-01,17780,"College Station-Bryan, TX (Metropolitan Statistical Area)",87.359
2008-01-01,17780,"College Station-Bryan, TX (Metropolitan Statistical Area)",84.408
2024-01-01,17780,"College Station-Bryan, TX (Metropolitan Statistical Area)",75.088
2023-01-01,17780,"College Station-Bryan, TX (Metropolitan Statistical Area)",77.623
2022-01-01,17780,"College Station-Bryan, TX (Metropolitan Statistical Area)",79.855
2021-01-01,17780,"College Station-Bryan, TX (Metropolitan Statistical Area)",85.595
2020-01-01,17780,"College Station-Bryan, TX (Metropolitan Statistical Area)",84.198
2019-01-01,17780,"College Station-Bryan, TX (Metropolitan Statistical Area)",85.480
2019-01-01,17820,"Colorado Springs, CO (Metropolitan Statistical Area)",119.301
2018-01-01,17820,"Colorado Springs, CO (Metropolitan Statistical Area)",113.482
2017-01-01,17820,"Colorado Springs, CO (Metropolitan Statistical Area)",115.696
2016-01-01,17820,"Colorado Springs, CO (Metropolitan Statistical Area)",108.787
2015-01-01,17820,"Colorado Springs, CO (Metropolitan Statistical Area)",108.580
2014-01-01,17820,"Colorado Springs, CO (Metropolitan Statistical Area)",109.792
2013-01-01,17820,"Colorado Springs, CO (Metropolitan Statistical Area)",110.008
2012-01-01,17820,"Colorado Springs, CO (Metropolitan Statistical Area)",107.076
2011-01-01,17820,"Colorado Springs, CO (Metropolitan Statistical Area)",107.532
2010-01-01,17820,"Colorado Springs, CO (Metropolitan Statistical Area)",101.121
2009-01-01,17820,"Colorado Springs, CO (Metropolitan Statistical Area)",107.337
2008-01-01,17820,"Colorado Springs, CO (Metropolitan Statistical Area)",103.449
2024-01-01,17820,"Colorado Springs, CO (Metropolitan Statistical Area)",116.207
2023-01-01,17820,"Colorado Springs, CO (Metropolitan Statistical Area)",123.165
2022-01-01,17820,"Colorado Springs, CO (Metropolitan Statistical Area)",119.293
2021-01-01,17820,"Colorado Springs, CO (Metropolitan Statistical Area)",119.682
2020-01-01,17820,"Colorado Springs, CO (Metropolitan Statistical Area)",119.744
2016-01-01,17860,"Columbia, MO (Metropolitan Statistical Area)",68.380
2015-01-01,17860,"Columbia, MO (Metropolitan Statistical Area)",73.154
2014-01-01,17860,"Columbia, MO (Metropolitan Statistical Area)",76.198
2013-01-01,17860,"Columbia, MO (Metropolitan Statistical Area)",72.287
2012-01-01,17860,"Columbia, MO (Metropolitan Statistical Area)",77.954
2011-01-01,17860,"Columbia, MO (Metropolitan Statistical Area)",73.216
2010-01-01,17860,"Columbia, MO (Metropolitan Statistical Area)",74.323
2009-01-01,17860,"Columbia, MO (Metropolitan Statistical Area)",76.198
2008-01-01,17860,"Columbia, MO (Metropolitan Statistical Area)",78.692
2024-01-01,17860,"Columbia, MO (Metropolitan Statistical Area)",69.248
2023-01-01,17860,"Columbia, MO (Metropolitan Statistical Area)",66.005
2022-01-01,17860,"Columbia, MO (Metropolitan Statistical Area)",64.851
2021-01-01,17860,"Columbia, MO (Metropolitan Statistical Area)",64.549
2020-01-01,17860,"Columbia, MO (Metropolitan Statistical Area)",68.276
2019-01-01,17860,"Columbia, MO (Metropolitan Statistical Area)",74.998
2018-01-01,17860,"Columbia, MO (Metropolitan Statistical Area)",71.351
2017-01-01,17860,"Columbia, MO (Metropolitan Statistical Area)",73.871
2019-01-01,17900,"Columbia, SC (Metropolitan Statistical Area)",71.216
2018-01-01,17900,"Columbia, SC (Metropolitan Statistical Area)",74.122
2017-01-01,17900,"Columbia, SC (Metropolitan Statistical Area)",74.654
2016-01-01,17900,"Columbia, SC (Metropolitan Statistical Area)",75.015
2015-01-01,17900,"Columbia, SC (Metropolitan Statistical Area)",78.166
2014-01-01,17900,"Columbia, SC (Metropolitan Statistical Area)",75.115
2013-01-01,17900,"Columbia, SC (Metropolitan Statistical Area)",78.710
2012-01-01,17900,"Columbia, SC (Metropolitan Statistical Area)",77.151
2011-01-01,17900,"Columbia, SC (Metropolitan Statistical Area)",81.218
2010-01-01,17900,"Columbia, SC (Metropolitan Statistical Area)",78.076
2009-01-01,17900,"Columbia, SC (Metropolitan Statistical Area)",76.453
2008-01-01,17900,"Columbia, SC (Metropolitan Statistical Area)",76.249
2024-01-01,17900,"Columbia, SC (Metropolitan Statistical Area)",79.455
2023-01-01,17900,"Columbia, SC (Metropolitan Statistical Area)",78.446
2022-01-01,17900,"Columbia, SC (Metropolitan Statistical Area)",78.779
2021-01-01,17900,"Columbia, SC (Metropolitan Statistical Area)",74.765
2020-01-01,17900,"Columbia, SC (Metropolitan Statistical Area)",69.631
2018-01-01,17980,"Columbus, GA-AL (Metropolitan Statistical Area)",58.839
2017-01-01,17980,"Columbus, GA-AL (Metropolitan Statistical Area)",58.962
2016-01-01,17980,"Columbus, GA-AL (Metropolitan Statistical Area)",59.625
2015-01-01,17980,"Columbus, GA-AL (Metropolitan Statistical Area)",64.599
2014-01-01,17980,"Columbus, GA-AL (Metropolitan Statistical Area)",62.423
2013-01-01,17980,"Columbus, GA-AL (Metropolitan Statistical Area)",62.126
2012-01-01,17980,"Columbus, GA-AL (Metropolitan Statistical Area)",60.267
2011-01-01,17980,"Columbus, GA-AL (Metropolitan Statistical Area)",65.565
2010-01-01,17980,"Columbus, GA-AL (Metropolitan Statistical Area)",65.612
2009-01-01,17980,"Columbus, GA-AL (Metropolitan Statistical Area)",58.677
2008-01-01,17980,"Columbus, GA-AL (Metropolitan Statistical Area)",60.295
2024-01-01,17980,"Columbus, GA-AL (Metropolitan Statistical Area)",61.185
2023-01-01,17980,"Columbus, GA-AL (Metropolitan Statistical Area)",58.459
2022-01-01,17980,"Columbus, GA-AL (Metropolitan Statistical Area)",61.054
2021-01-01,17980,"Columbus, GA-AL (Metropolitan Statistical Area)",57.701
2020-01-01,17980,"Columbus, GA-AL (Metropolitan Statistical Area)",57.723
2019-01-01,17980,"Columbus, GA-AL (Metropolitan Statistical Area)",60.072
2019-01-01,18020,"Columbus, IN (Metropolitan Statistical Area)",75.834
2018-01-01,18020,"Columbus, IN (Metropolitan Statistical Area)",83.425
2017-01-01,18020,"Columbus, IN (Metropolitan Statistical Area)",73.722
2016-01-01,18020,"Columbus, IN (Metropolitan Statistical Area)",75.161
2015-01-01,18020,"Columbus, IN (Metropolitan Statistical Area)",68.974
2014-01-01,18020,"Columbus, IN (Metropolitan Statistical Area)",75.414
2013-01-01,18020,"Columbus, IN (Metropolitan Statistical Area)",70.495
2012-01-01,18020,"Columbus, IN (Metropolitan Statistical Area)",73.678
2011-01-01,18020,"Columbus, IN (Metropolitan Statistical Area)",74.826
2010-01-01,18020,"Columbus, IN (Metropolitan Statistical Area)",79.506
2009-01-01,18020,"Columbus, IN (Metropolitan Statistical Area)",70.374
2008-01-01,18020,"Columbus, IN (Metropolitan Statistical Area)",77.394
2024-01-01,18020,"Columbus, IN (Metropolitan Statistical Area)",75.468
2023-01-01,18020,"Columbus, IN (Metropolitan Statistical Area)",63.135
2022-01-01,18020,"Columbus, IN (Metropolitan Statistical Area)",66.440
2021-01-01,18020,"Columbus, IN (Metropolitan Statistical Area)",70.222
2020-01-01,18020,"Columbus, IN (Metropolitan Statistical Area)",70.512
2019-01-01,18140,"Columbus, OH (Metropolitan Statistical Area)",85.789
2018-01-01,18140,"Columbus, OH (Metropolitan Statistical Area)",86.936
2017-01-01,18140,"Columbus, OH (Metropolitan Statistical Area)",85.863
2016-01-01,18140,"Columbus, OH (Metropolitan Statistical Area)",86.441
2015-01-01,18140,"Columbus, OH (Metropolitan Statistical Area)",87.652
2014-01-01,18140,"Columbus, OH (Metropolitan Statistical Area)",86.524
2013-01-01,18140,"Columbus, OH (Metropolitan Statistical Area)",87.053
2012-01-01,18140,"Columbus, OH (Metropolitan Statistical Area)",87.541
2011-01-01,18140,"Columbus, OH (Metropolitan Statistical Area)",84.144
2010-01-01,18140,"Columbus, OH (Metropolitan Statistical Area)",86.863
2009-01-01,18140,"Columbus, OH (Metropolitan Statistical Area)",84.498
2008-01-01,18140,"Columbus, OH (Metropolitan Statistical Area)",86.393
2024-01-01,18140,"Columbus, OH (Metropolitan Statistical Area)",87.945
2023-01-01,18140,"Columbus, OH (Metropolitan Statistical Area)",87.103
2022-01-01,18140,"Columbus, OH (Metropolitan Statistical Area)",87.632
2020-01-01,18140,"Columbus, OH (Metropolitan Statistical Area)",86.204
2021-01-01,18140,"Columbus, OH (Metropolitan Statistical Area)",87.407
2019-01-01,18580,"Corpus Christi, TX (Metropolitan Statistical Area)",87.670
2018-01-01,18580,"Corpus Christi, TX (Metropolitan Statistical Area)",84.401
2017-01-01,18580,"Corpus Christi, TX (Metropolitan Statistical Area)",88.117
2016-01-01,18580,"Corpus Christi, TX (Metropolitan Statistical Area)",86.123
2015-01-01,18580,"Corpus Christi, TX (Metropolitan Statistical Area)",83.419
2014-01-01,18580,"Corpus Christi, TX (Metropolitan Statistical Area)",84.234
2013-01-01,18580,"Corpus Christi, TX (Metropolitan Statistical Area)",90.061
2012-01-01,18580,"Corpus Christi, TX (Metropolitan Statistical Area)",80.219
2011-01-01,18580,"Corpus Christi, TX (Metropolitan Statistical Area)",78.145
2010-01-01,18580,"Corpus Christi, TX (Metropolitan Statistical Area)",82.453
2009-01-01,18580,"Corpus Christi, TX (Metropolitan Statistical Area)",74.075
2008-01-01,18580,"Corpus Christi, TX (Metropolitan Statistical Area)",84.637
2024-01-01,18580,"Corpus Christi, TX (Metropolitan Statistical Area)",84.905
2023-01-01,18580,"Corpus Christi, TX (Metropolitan Statistical Area)",80.304
2022-01-01,18580,"Corpus Christi, TX (Metropolitan Statistical Area)",85.702
2021-01-01,18580,"Corpus Christi, TX (Metropolitan Statistical Area)",83.471
2020-01-01,18580,"Corpus Christi, TX (Metropolitan Statistical Area)",84.669
2018-01-01,18700,"Corvallis, OR (Metropolitan Statistical Area)",102.129
2017-01-01,18700,"Corvallis, OR (Metropolitan Statistical Area)",93.068
2016-01-01,18700,"Corvallis, OR (Metropolitan Statistical Area)",98.351
2015-01-01,18700,"Corvallis, OR (Metropolitan Statistical Area)",91.420
2014-01-01,18700,"Corvallis, OR (Metropolitan Statistical Area)",101.912
2013-01-01,18700,"Corvallis, OR (Metropolitan Statistical Area)",93.454
2012-01-01,18700,"Corvallis, OR (Metropolitan Statistical Area)",95.021
2011-01-01,18700,"Corvallis, OR (Metropolitan Statistical Area)",86.584
2010-01-01,18700,"Corvallis, OR (Metropolitan Statistical Area)",93.064
2009-01-01,18700,"Corvallis, OR (Metropolitan Statistical Area)",104.561
2008-01-01,18700,"Corvallis, OR (Metropolitan Statistical Area)",91.898
2024-01-01,18700,"Corvallis, OR (Metropolitan Statistical Area)",114.437
2023-01-01,18700,"Corvallis, OR (Metropolitan Statistical Area)",119.341
2022-01-01,18700,"Corvallis, OR (Metropolitan Statistical Area)",106.335
2021-01-01,18700,"Corvallis, OR (Metropolitan Statistical Area)",101.272
2020-01-01,18700,"Corvallis, OR (Metropolitan Statistical Area)",106.237
2019-01-01,18700,"Corvallis, OR (Metropolitan Statistical Area)",104.894
2019-01-01,18880,"Crestview-Fort Walton Beach-Destin, FL (Metropolitan Statistical Area)",97.580
2018-01-01,18880,"Crestview-Fort Walton Beach-Destin, FL (Metropolitan Statistical Area)",91.744
2017-01-01,18880,"Crestview-Fort Walton Beach-Destin, FL (Metropolitan Statistical Area)",85.928
2016-01-01,18880,"Crestview-Fort Walton Beach-Destin, FL (Metropolitan Statistical Area)",89.294
2015-01-01,18880,"Crestview-Fort Walton Beach-Destin, FL (Metropolitan Statistical Area)",92.870
2014-01-01,18880,"Crestview-Fort Walton Beach-Destin, FL (Metropolitan Statistical Area)",92.501
2013-01-01,18880,"Crestview-Fort Walton Beach-Destin, FL (Metropolitan Statistical Area)",91.124
2012-01-01,18880,"Crestview-Fort Walton Beach-Destin, FL (Metropolitan Statistical Area)",97.907
2011-01-01,18880,"Crestview-Fort Walton Beach-Destin, FL (Metropolitan Statistical Area)",92.088
2010-01-01,18880,"Crestview-Fort Walton Beach-Destin, FL (Metropolitan Statistical Area)",89.240
2009-01-01,18880,"Crestview-Fort Walton Beach-Destin, FL (Metropolitan Statistical Area)",87.206
2008-01-01,18880,"Crestview-Fort Walton Beach-Destin, FL (Metropolitan Statistical Area)",88.434
2024-01-01,18880,"Crestview-Fort Walton Beach-Destin, FL (Metropolitan Statistical Area)",94.934
2023-01-01,18880,"Crestview-Fort Walton Beach-Destin, FL (Metropolitan Statistical Area)",99.175
2022-01-01,18880,"Crestview-Fort Walton Beach-Destin, FL (Metropolitan Statistical Area)",99.099
2021-01-01,18880,"Crestview-Fort Walton Beach-Destin, FL (Metropolitan Statistical Area)",93.150
2020-01-01,18880,"Crestview-Fort Walton Beach-Destin, FL (Metropolitan Statistical Area)",92.930
2019-01-01,19100,"Dallas-Fort Worth-Arlington, TX (Metropolitan Statistical Area)",112.590
2018-01-01,19100,"Dallas-Fort Worth-Arlington, TX (Metropolitan Statistical Area)",111.833
2017-01-01,19100,"Dallas-Fort Worth-Arlington, TX (Metropolitan Statistical Area)",110.849
2016-01-01,19100,"Dallas-Fort Worth-Arlington, TX (Metropolitan Statistical Area)",108.727
2015-01-01,19100,"Dallas-Fort Worth-Arlington, TX (Metropolitan Statistical Area)",106.117
2014-01-01,19100,"Dallas-Fort Worth-Arlington, TX (Metropolitan Statistical Area)",105.445
2013-01-01,19100,"Dallas-Fort Worth-Arlington, TX (Metropolitan Statistical Area)",103.814
2012-01-01,19100,"Dallas-Fort Worth-Arlington, TX (Metropolitan Statistical Area)",103.576
2011-01-01,19100,"Dallas-Fort Worth-Arlington, TX (Metropolitan Statistical Area)",104.108
2010-01-01,19100,"Dallas-Fort Worth-Arlington, TX (Metropolitan Statistical Area)",101.864
2009-01-01,19100,"Dallas-Fort Worth-Arlington, TX (Metropolitan Statistical Area)",102.414
2008-01-01,19100,"Dallas-Fort Worth-Arlington, TX (Metropolitan Statistical Area)",103.327
2024-01-01,19100,"Dallas-Fort Worth-Arlington, TX (Metropolitan Statistical Area)",117.874
2023-01-01,19100,"Dallas-Fort Worth-Arlington, TX (Metropolitan Statistical Area)",117.840
2022-01-01,19100,"Dallas-Fort Worth-Arlington, TX (Metropolitan Statistical Area)",116.267
2021-01-01,19100,"Dallas-Fort Worth-Arlington, TX (Metropolitan Statistical Area)",114.273
2020-01-01,19100,"Dallas-Fort Worth-Arlington, TX (Metropolitan Statistical Area)",114.451
2019-01-01,19140,"Dalton, GA (Metropolitan Statistical Area)",58.380
2018-01-01,19140,"Dalton, GA (Metropolitan Statistical Area)",57.895
2017-01-01,19140,"Dalton, GA (Metropolitan Statistical Area)",53.861
2016-01-01,19140,"Dalton, GA (Metropolitan Statistical Area)",60.498
2015-01-01,19140,"Dalton, GA (Metropolitan Statistical Area)",64.018
2014-01-01,19140,"Dalton, GA (Metropolitan Statistical Area)",61.682
2013-01-01,19140,"Dalton, GA (Metropolitan Statistical Area)",59.557
2012-01-01,19140,"Dalton, GA (Metropolitan Statistical Area)",64.750
2011-01-01,19140,"Dalton, GA (Metropolitan Statistical Area)",62.883
2010-01-01,19140,"Dalton, GA (Metropolitan Statistical Area)",70.041
2009-01-01,19140,"Dalton, GA (Metropolitan Statistical Area)",62.287
2008-01-01,19140,"Dalton, GA (Metropolitan Statistical Area)",69.882
2024-01-01,19140,"Dalton, GA (Metropolitan Statistical Area)",63.342
2023-01-01,19140,"Dalton, GA (Metropolitan Statistical Area)",62.916
2022-01-01,19140,"Dalton, GA (Metropolitan Statistical Area)",63.168
2021-01-01,19140,"Dalton, GA (Metropolitan Statistical Area)",62.538
2020-01-01,19140,"Dalton, GA (Metropolitan Statistical Area)",49.904
2018-01-01,19300,"Daphne-Fairhope-Foley, AL (Metropolitan Statistical Area)",80.899
2017-01-01,19300,"Daphne-Fairhope-Foley, AL (Metropolitan Statistical Area)",84.249
2016-01-01,19300,"Daphne-Fairhope-Foley, AL (Metropolitan Statistical Area)",77.424
2015-01-01,19300,"Daphne-Fairhope-Foley, AL (Metropolitan Statistical Area)",74.641
2014-01-01,19300,"Daphne-Fairhope-Foley, AL (Metropolitan Statistical Area)",77.518
2013-01-01,19300,"Daphne-Fairhope-Foley, AL (Metropolitan Statistical Area)",79.532
2012-01-01,19300,"Daphne-Fairhope-Foley, AL (Metropolitan Statistical Area)",83.076
2011-01-01,19300,"Daphne-Fairhope-Foley, AL (Metropolitan Statistical Area)",72.297
2010-01-01,19300,"Daphne-Fairhope-Foley, AL (Metropolitan Statistical Area)",91.447
2009-01-01,19300,"Daphne-Fairhope-Foley, AL (Metropolitan Statistical Area)",88.038
2008-01-01,19300,"Daphne-Fairhope-Foley, AL (Metropolitan Statistical Area)",87.821
2024-01-01,19300,"Daphne-Fairhope-Foley, AL (Metropolitan Statistical Area)",89.150
2023-01-01,19300,"Daphne-Fairhope-Foley, AL (Metropolitan Statistical Area)",86.206
2022-01-01,19300,"Daphne-Fairhope-Foley, AL (Metropolitan Statistical Area)",75.176
2021-01-01,19300,"Daphne-Fairhope-Foley, AL (Metropolitan Statistical Area)",80.406
2020-01-01,19300,"Daphne-Fairhope-Foley, AL (Metropolitan Statistical Area)",75.275
2019-01-01,19300,"Daphne-Fairhope-Foley, AL (Metropolitan Statistical Area)",91.684
2019-01-01,19340,"Davenport-Moline-Rock Island, IA-IL (Metropolitan Statistical Area)",69.202
2018-01-01,19340,"Davenport-Moline-Rock Island, IA-IL (Metropolitan Statistical Area)",72.405
2017-01-01,19340,"Davenport-Moline-Rock Island, IA-IL (Metropolitan Statistical Area)",74.407
2016-01-01,19340,"Davenport-Moline-Rock Island, IA-IL (Metropolitan Statistical Area)",67.601
2015-01-01,19340,"Davenport-Moline-Rock Island, IA-IL (Metropolitan Statistical Area)",69.714
2014-01-01,19340,"Davenport-Moline-Rock Island, IA-IL (Metropolitan Statistical Area)",72.452
2013-01-01,19340,"Davenport-Moline-Rock Island, IA-IL (Metropolitan Statistical Area)",75.617
2012-01-01,19340,"Davenport-Moline-Rock Island, IA-IL (Metropolitan Statistical Area)",76.318
2011-01-01,19340,"Davenport-Moline-Rock Island, IA-IL (Metropolitan Statistical Area)",72.272
2010-01-01,19340,"Davenport-Moline-Rock Island, IA-IL (Metropolitan Statistical Area)",77.487
2009-01-01,19340,"Davenport-Moline-Rock Island, IA-IL (Metropolitan Statistical Area)",70.072
2008-01-01,19340,"Davenport-Moline-Rock Island, IA-IL (Metropolitan Statistical Area)",75.134
2024-01-01,19340,"Davenport-Moline-Rock Island, IA-IL (Metropolitan Statistical Area)",68.346
2023-01-01,19340,"Davenport-Moline-Rock Island, IA-IL (Metropolitan Statistical Area)",66.046
2022-01-01,19340,"Davenport-Moline-Rock Island, IA-IL (Metropolitan Statistical Area)",68.693
2021-01-01,19340,"Davenport-Moline-Rock Island, IA-IL (Metropolitan Statistical Area)",71.864
2020-01-01,19340,"Davenport-Moline-Rock Island, IA-IL (Metropolitan Statistical Area)",71.408
2018-01-01,19430,"Dayton-Kettering-Beavercreek, OH (Metropolitan Statistical Area)",72.798
2017-01-01,19430,"Dayton-Kettering-Beavercreek, OH (Metropolitan Statistical Area)",75.429
2016-01-01,19430,"Dayton-Kettering-Beavercreek, OH (Metropolitan Statistical Area)",74.665
2015-01-01,19430,"Dayton-Kettering-Beavercreek, OH (Metropolitan Statistical Area)",76.165
2014-01-01,19430,"Dayton-Kettering-Beavercreek, OH (Metropolitan Statistical Area)",76.312
2013-01-01,19430,"Dayton-Kettering-Beavercreek, OH (Metropolitan Statistical Area)",75.691
2012-01-01,19430,"Dayton-Kettering-Beavercreek, OH (Metropolitan Statistical Area)",74.217
2011-01-01,19430,"Dayton-Kettering-Beavercreek, OH (Metropolitan Statistical Area)",78.400
2010-01-01,19430,"Dayton-Kettering-Beavercreek, OH (Metropolitan Statistical Area)",77.775
2009-01-01,19430,"Dayton-Kettering-Beavercreek, OH (Metropolitan Statistical Area)",75.416
2008-01-01,19430,"Dayton-Kettering-Beavercreek, OH (Metropolitan Statistical Area)",80.163
2024-01-01,19430,"Dayton-Kettering-Beavercreek, OH (Metropolitan Statistical Area)",72.712
2023-01-01,19430,"Dayton-Kettering-Beavercreek, OH (Metropolitan Statistical Area)",74.968
2022-01-01,19430,"Dayton-Kettering-Beavercreek, OH (Metropolitan Statistical Area)",72.853
2021-01-01,19430,"Dayton-Kettering-Beavercreek, OH (Metropolitan Statistical Area)",73.372
2020-01-01,19430,"Dayton-Kettering-Beavercreek, OH (Metropolitan Statistical Area)",73.289
2019-01-01,19430,"Dayton-Kettering-Beavercreek, OH (Metropolitan Statistical Area)",69.267
2019-01-01,19460,"Decatur, AL (Metropolitan Statistical Area)",45.326
2018-01-01,19460,"Decatur, AL (Metropolitan Statistical Area)",58.800
2017-01-01,19460,"Decatur, AL (Metropolitan Statistical Area)",51.847
2016-01-01,19460,"Decatur, AL (Metropolitan Statistical Area)",49.955
2015-01-01,19460,"Decatur, AL (Metropolitan Statistical Area)",57.855
2014-01-01,19460,"Decatur, AL (Metropolitan Statistical Area)",50.652
2013-01-01,19460,"Decatur, AL (Metropolitan Statistical Area)",59.103
2012-01-01,19460,"Decatur, AL (Metropolitan Statistical Area)",48.201
2011-01-01,19460,"Decatur, AL (Metropolitan Statistical Area)",56.315
2010-01-01,19460,"Decatur, AL (Metropolitan Statistical Area)",54.943
2009-01-01,19460,"Decatur, AL (Metropolitan Statistical Area)",49.147
2008-01-01,19460,"Decatur, AL (Metropolitan Statistical Area)",58.075
2024-01-01,19460,"Decatur, AL (Metropolitan Statistical Area)",58.067
2023-01-01,19460,"Decatur, AL (Metropolitan Statistical Area)",58.502
2022-01-01,19460,"Decatur, AL (Metropolitan Statistical Area)",55.354
2021-01-01,19460,"Decatur, AL (Metropolitan Statistical Area)",49.710
2020-01-01,19460,"Decatur, AL (Metropolitan Statistical Area)",52.283
2018-01-01,19500,"Decatur, IL (Metropolitan Statistical Area)",61.160
2017-01-01,19500,"Decatur, IL (Metropolitan Statistical Area)",54.397
2016-01-01,19500,"Decatur, IL (Metropolitan Statistical Area)",60.777
2015-01-01,19500,"Decatur, IL (Metropolitan Statistical Area)",58.026
2014-01-01,19500,"Decatur, IL (Metropolitan Statistical Area)",60.535
2013-01-01,19500,"Decatur, IL (Metropolitan Statistical Area)",60.056
2012-01-01,19500,"Decatur, IL (Metropolitan Statistical Area)",75.532
2011-01-01,19500,"Decatur, IL (Metropolitan Statistical Area)",68.816
2010-01-01,19500,"Decatur, IL (Metropolitan Statistical Area)",57.804
2009-01-01,19500,"Decatur, IL (Metropolitan Statistical Area)",63.146
2008-01-01,19500,"Decatur, IL (Metropolitan Statistical Area)",55.731
2024-01-01,19500,"Decatur, IL (Metropolitan Statistical Area)",56.186
2023-01-01,19500,"Decatur, IL (Metropolitan Statistical Area)",55.026
2022-01-01,19500,"Decatur, IL (Metropolitan Statistical Area)",56.615
2021-01-01,19500,"Decatur, IL (Metropolitan Statistical Area)",60.636
2020-01-01,19500,"Decatur, IL (Metropolitan Statistical Area)",59.676
2019-01-01,19500,"Decatur, IL (Metropolitan Statistical Area)",58.388
2024-01-01,19660,"Deltona-Daytona Beach-Ormond Beach, FL (Metropolitan Statistical Area)",108.375
2023-01-01,19660,"Deltona-Daytona Beach-Ormond Beach, FL (Metropolitan Statistical Area)",104.138
2022-01-01,19660,"Deltona-Daytona Beach-Ormond Beach, FL (Metropolitan Statistical Area)",104.966
2021-01-01,19660,"Deltona-Daytona Beach-Ormond Beach, FL (Metropolitan Statistical Area)",99.072
2020-01-01,19660,"Deltona-Daytona Beach-Ormond Beach, FL (Metropolitan Statistical Area)",102.934
2019-01-01,19660,"Deltona-Daytona Beach-Ormond Beach, FL (Metropolitan Statistical Area)",97.274
2018-01-01,19660,"Deltona-Daytona Beach-Ormond Beach, FL (Metropolitan Statistical Area)",97.122
2017-01-01,19660,"Deltona-Daytona Beach-Ormond Beach, FL (Metropolitan Statistical Area)",95.421
2016-01-01,19660,"Deltona-Daytona Beach-Ormond Beach, FL (Metropolitan Statistical Area)",92.216
2015-01-01,19660,"Deltona-Daytona Beach-Ormond Beach, FL (Metropolitan Statistical Area)",93.475
2014-01-01,19660,"Deltona-Daytona Beach-Ormond Beach, FL (Metropolitan Statistical Area)",91.684
2013-01-01,19660,"Deltona-Daytona Beach-Ormond Beach, FL (Metropolitan Statistical Area)",92.331
2012-01-01,19660,"Deltona-Daytona Beach-Ormond Beach, FL (Metropolitan Statistical Area)",91.744
2011-01-01,19660,"Deltona-Daytona Beach-Ormond Beach, FL (Metropolitan Statistical Area)",93.649
2010-01-01,19660,"Deltona-Daytona Beach-Ormond Beach, FL (Metropolitan Statistical Area)",87.967
2009-01-01,19660,"Deltona-Daytona Beach-Ormond Beach, FL (Metropolitan Statistical Area)",94.754
2008-01-01,19660,"Deltona-Daytona Beach-Ormond Beach, FL (Metropolitan Statistical Area)",99.257
2018-01-01,19740,"Denver-Aurora-Centennial, CO (Metropolitan Statistical Area)",148.270
2017-01-01,19740,"Denver-Aurora-Centennial, CO (Metropolitan Statistical Area)",148.154
2016-01-01,19740,"Denver-Aurora-Centennial, CO (Metropolitan Statistical Area)",147.153
2015-01-01,19740,"Denver-Aurora-Centennial, CO (Metropolitan Statistical Area)",141.623
2014-01-01,19740,"Denver-Aurora-Centennial, CO (Metropolitan Statistical Area)",134.268
2013-01-01,19740,"Denver-Aurora-Centennial, CO (Metropolitan Statistical Area)",128.703
2012-01-01,19740,"Denver-Aurora-Centennial, CO (Metropolitan Statistical Area)",127.469
2011-01-01,19740,"Denver-Aurora-Centennial, CO (Metropolitan Statistical Area)",131.063
2010-01-01,19740,"Denver-Aurora-Centennial, CO (Metropolitan Statistical Area)",123.132
2009-01-01,19740,"Denver-Aurora-Centennial, CO (Metropolitan Statistical Area)",120.036
2008-01-01,19740,"Denver-Aurora-Centennial, CO (Metropolitan Statistical Area)",122.839
2024-01-01,19740,"Denver-Aurora-Centennial, CO (Metropolitan Statistical Area)",146.919
2023-01-01,19740,"Denver-Aurora-Centennial, CO (Metropolitan Statistical Area)",146.070
2022-01-01,19740,"Denver-Aurora-Centennial, CO (Metropolitan Statistical Area)",145.608
2021-01-01,19740,"Denver-Aurora-Centennial, CO (Metropolitan Statistical Area)",146.233
2020-01-01,19740,"Denver-Aurora-Centennial, CO (Metropolitan Statistical Area)",152.641
2019-01-01,19740,"Denver-Aurora-Centennial, CO (Metropolitan Statistical Area)",147.270
2019-01-01,19780,"Des Moines-West Des Moines, IA (Metropolitan Statistical Area)",88.938
2018-01-01,19780,"Des Moines-West Des Moines, IA (Metropolitan Statistical Area)",91.939
2017-01-01,19780,"Des Moines-West Des Moines, IA (Metropolitan Statistical Area)",89.604
2016-01-01,19780,"Des Moines-West Des Moines, IA (Metropolitan Statistical Area)",88.891
2015-01-01,19780,"Des Moines-West Des Moines, IA (Metropolitan Statistical Area)",90.591
2014-01-01,19780,"Des Moines-West Des Moines, IA (Metropolitan Statistical Area)",93.187
2013-01-01,19780,"Des Moines-West Des Moines, IA (Metropolitan Statistical Area)",91.253
2012-01-01,19780,"Des Moines-West Des Moines, IA (Metropolitan Statistical Area)",91.732
2011-01-01,19780,"Des Moines-West Des Moines, IA (Metropolitan Statistical Area)",90.143
2010-01-01,19780,"Des Moines-West Des Moines, IA (Metropolitan Statistical Area)",85.576
2009-01-01,19780,"Des Moines-West Des Moines, IA (Metropolitan Statistical Area)",95.313
2008-01-01,19780,"Des Moines-West Des Moines, IA (Metropolitan Statistical Area)",82.129
2024-01-01,19780,"Des Moines-West Des Moines, IA (Metropolitan Statistical Area)",84.741
2023-01-01,19780,"Des Moines-West Des Moines, IA (Metropolitan Statistical Area)",86.029
2022-01-01,19780,"Des Moines-West Des Moines, IA (Metropolitan Statistical Area)",87.566
2021-01-01,19780,"Des Moines-West Des Moines, IA (Metropolitan Statistical Area)",85.045
2020-01-01,19780,"Des Moines-West Des Moines, IA (Metropolitan Statistical Area)",81.773
2018-01-01,19820,"Detroit-Warren-Dearborn, MI (Metropolitan Statistical Area)",94.361
2017-01-01,19820,"Detroit-Warren-Dearborn, MI (Metropolitan Statistical Area)",95.199
2016-01-01,19820,"Detroit-Warren-Dearborn, MI (Metropolitan Statistical Area)",94.031
2015-01-01,19820,"Detroit-Warren-Dearborn, MI (Metropolitan Statistical Area)",93.508
2014-01-01,19820,"Detroit-Warren-Dearborn, MI (Metropolitan Statistical Area)",95.727
2013-01-01,19820,"Detroit-Warren-Dearborn, MI (Metropolitan Statistical Area)",95.726
2012-01-01,19820,"Detroit-Warren-Dearborn, MI (Metropolitan Statistical Area)",96.353
2011-01-01,19820,"Detroit-Warren-Dearborn, MI (Metropolitan Statistical Area)",95.326
2010-01-01,19820,"Detroit-Warren-Dearborn, MI (Metropolitan Statistical Area)",100.275
2009-01-01,19820,"Detroit-Warren-Dearborn, MI (Metropolitan Statistical Area)",97.954
2008-01-01,19820,"Detroit-Warren-Dearborn, MI (Metropolitan Statistical Area)",103.363
2024-01-01,19820,"Detroit-Warren-Dearborn, MI (Metropolitan Statistical Area)",94.690
2023-01-01,19820,"Detroit-Warren-Dearborn, MI (Metropolitan Statistical Area)",93.104
2022-01-01,19820,"Detroit-Warren-Dearborn, MI (Metropolitan Statistical Area)",94.175
2021-01-01,19820,"Detroit-Warren-Dearborn, MI (Metropolitan Statistical Area)",90.339
2020-01-01,19820,"Detroit-Warren-Dearborn, MI (Metropolitan Statistical Area)",95.728
2019-01-01,19820,"Detroit-Warren-Dearborn, MI (Metropolitan Statistical Area)",96.933
2020-01-01,20020,"Dothan, AL (Metropolitan Statistical Area)",56.634
2019-01-01,20020,"Dothan, AL (Metropolitan Statistical Area)",52.032
2018-01-01,20020,"Dothan, AL (Metropolitan Statistical Area)",50.842
2017-01-01,20020,"Dothan, AL (Metropolitan Statistical Area)",48.389
2016-01-01,20020,"Dothan, AL (Metropolitan Statistical Area)",56.164
2015-01-01,20020,"Dothan, AL (Metropolitan Statistical Area)",51.870
2014-01-01,20020,"Dothan, AL (Metropolitan Statistical Area)",54.397
2013-01-01,20020,"Dothan, AL (Metropolitan Statistical Area)",56.028
2012-01-01,20020,"Dothan, AL (Metropolitan Statistical Area)",55.480
2011-01-01,20020,"Dothan, AL (Metropolitan Statistical Area)",54.469
2010-01-01,20020,"Dothan, AL (Metropolitan Statistical Area)",53.623
2009-01-01,20020,"Dothan, AL (Metropolitan Statistical Area)",52.963
2008-01-01,20020,"Dothan, AL (Metropolitan Statistical Area)",51.442
2024-01-01,20020,"Dothan, AL (Metropolitan Statistical Area)",46.872
2023-01-01,20020,"Dothan, AL (Metropolitan Statistical Area)",56.321
2022-01-01,20020,"Dothan, AL (Metropolitan Statistical Area)",47.837
2021-01-01,20020,"Dothan, AL (Metropolitan Statistical Area)",52.367
2018-01-01,20100,"Dover, DE (Metropolitan Statistical Area)",86.004
2017-01-01,20100,"Dover, DE (Metropolitan Statistical Area)",84.279
2016-01-01,20100,"Dover, DE (Metropolitan Statistical Area)",97.679
2015-01-01,20100,"Dover, DE (Metropolitan Statistical Area)",87.026
2014-01-01,20100,"Dover, DE (Metropolitan Statistical Area)",94.786
2013-01-01,20100,"Dover, DE (Metropolitan Statistical Area)",89.289
2012-01-01,20100,"Dover, DE (Metropolitan Statistical Area)",83.251
2011-01-01,20100,"Dover, DE (Metropolitan Statistical Area)",89.634
2010-01-01,20100,"Dover, DE (Metropolitan Statistical Area)",94.118
2009-01-01,20100,"Dover, DE (Metropolitan Statistical Area)",98.072
2008-01-01,20100,"Dover, DE (Metropolitan Statistical Area)",86.160
2024-01-01,20100,"Dover, DE (Metropolitan Statistical Area)",95.899
2023-01-01,20100,"Dover, DE (Metropolitan Statistical Area)",69.071
2022-01-01,20100,"Dover, DE (Metropolitan Statistical Area)",81.923
2021-01-01,20100,"Dover, DE (Metropolitan Statistical Area)",83.252
2020-01-01,20100,"Dover, DE (Metropolitan Statistical Area)",88.809
2019-01-01,20100,"Dover, DE (Metropolitan Statistical Area)",95.084
2019-01-01,20220,"Dubuque, IA (Metropolitan Statistical Area)",62.051
2018-01-01,20220,"Dubuque, IA (Metropolitan Statistical Area)",65.195
2017-01-01,20220,"Dubuque, IA (Metropolitan Statistical Area)",75.013
2016-01-01,20220,"Dubuque, IA (Metropolitan Statistical Area)",69.857
2015-01-01,20220,"Dubuque, IA (Metropolitan Statistical Area)",70.307
2014-01-01,20220,"Dubuque, IA (Metropolitan Statistical Area)",73.186
2013-01-01,20220,"Dubuque, IA (Metropolitan Statistical Area)",72.863
2012-01-01,20220,"Dubuque, IA (Metropolitan Statistical Area)",71.441
2011-01-01,20220,"Dubuque, IA (Metropolitan Statistical Area)",71.340
2010-01-01,20220,"Dubuque, IA (Metropolitan Statistical Area)",65.339
2009-01-01,20220,"Dubuque, IA (Metropolitan Statistical Area)",67.284
2008-01-01,20220,"Dubuque, IA (Metropolitan Statistical Area)",69.214
2024-01-01,20220,"Dubuque, IA (Metropolitan Statistical Area)",64.046
2023-01-01,20220,"Dubuque, IA (Metropolitan Statistical Area)",67.801
2022-01-01,20220,"Dubuque, IA (Metropolitan Statistical Area)",61.564
2021-01-01,20220,"Dubuque, IA (Metropolitan Statistical Area)",59.421
2020-01-01,20220,"Dubuque, IA (Metropolitan Statistical Area)",64.917
2018-01-01,20260,"Duluth, MN-WI (Metropolitan Statistical Area)",73.022
2017-01-01,20260,"Duluth, MN-WI (Metropolitan Statistical Area)",59.423
2016-01-01,20260,"Duluth, MN-WI (Metropolitan Statistical Area)",62.584
2015-01-01,20260,"Duluth, MN-WI (Metropolitan Statistical Area)",70.723
2014-01-01,20260,"Duluth, MN-WI (Metropolitan Statistical Area)",64.614
2013-01-01,20260,"Duluth, MN-WI (Metropolitan Statistical Area)",59.524
2012-01-01,20260,"Duluth, MN-WI (Metropolitan Statistical Area)",70.580
2011-01-01,20260,"Duluth, MN-WI (Metropolitan Statistical Area)",73.050
2010-01-01,20260,"Duluth, MN-WI (Metropolitan Statistical Area)",61.934
2009-01-01,20260,"Duluth, MN-WI (Metropolitan Statistical Area)",76.305
2008-01-01,20260,"Duluth, MN-WI (Metropolitan Statistical Area)",60.253
2024-01-01,20260,"Duluth, MN-WI (Metropolitan Statistical Area)",71.147
2023-01-01,20260,"Duluth, MN-WI (Metropolitan Statistical Area)",65.241
2022-01-01,20260,"Duluth, MN-WI (Metropolitan Statistical Area)",74.842
2021-01-01,20260,"Duluth, MN-WI (Metropolitan Statistical Area)",69.857
2020-01-01,20260,"Duluth, MN-WI (Metropolitan Statistical Area)",46.490
2019-01-01,20260,"Duluth, MN-WI (Metropolitan Statistical Area)",69.206
2019-01-01,20500,"Durham-Chapel Hill, NC (Metropolitan Statistical Area)",90.485
2018-01-01,20500,"Durham-Chapel Hill, NC (Metropolitan Statistical Area)",89.555
2017-01-01,20500,"Durham-Chapel Hill, NC (Metropolitan Statistical Area)",89.308
2016-01-01,20500,"Durham-Chapel Hill, NC (Metropolitan Statistical Area)",87.482
2015-01-01,20500,"Durham-Chapel Hill, NC (Metropolitan Statistical Area)",91.970
2014-01-01,20500,"Durham-Chapel Hill, NC (Metropolitan Statistical Area)",91.572
2013-01-01,20500,"Durham-Chapel Hill, NC (Metropolitan Statistical Area)",90.816
2012-01-01,20500,"Durham-Chapel Hill, NC (Metropolitan Statistical Area)",86.574
2011-01-01,20500,"Durham-Chapel Hill, NC (Metropolitan Statistical Area)",91.617
2010-01-01,20500,"Durham-Chapel Hill, NC (Metropolitan Statistical Area)",92.780
2009-01-01,20500,"Durham-Chapel Hill, NC (Metropolitan Statistical Area)",95.128
2008-01-01,20500,"Durham-Chapel Hill, NC (Metropolitan Statistical Area)",95.689
2024-01-01,20500,"Durham-Chapel Hill, NC (Metropolitan Statistical Area)",98.934
2023-01-01,20500,"Durham-Chapel Hill, NC (Metropolitan Statistical Area)",96.398
2022-01-01,20500,"Durham-Chapel Hill, NC (Metropolitan Statistical Area)",95.253
2021-01-01,20500,"Durham-Chapel Hill, NC (Metropolitan Statistical Area)",90.280
2020-01-01,20500,"Durham-Chapel Hill, NC (Metropolitan Statistical Area)",92.442
2018-01-01,20580,"Eagle Pass, TX (Metropolitan Statistical Area)",54.331
2017-01-01,20580,"Eagle Pass, TX (Metropolitan Statistical Area)",55.703
2016-01-01,20580,"Eagle Pass, TX (Metropolitan Statistical Area)",53.368
2015-01-01,20580,"Eagle Pass, TX (Metropolitan Statistical Area)",56.709
2014-01-01,20580,"Eagle Pass, TX (Metropolitan Statistical Area)",58.924
2013-01-01,20580,"Eagle Pass, TX (Metropolitan Statistical Area)",46.919
2012-01-01,20580,"Eagle Pass, TX (Metropolitan Statistical Area)",59.081
2011-01-01,20580,"Eagle Pass, TX (Metropolitan Statistical Area)",46.650
2010-01-01,20580,"Eagle Pass, TX (Metropolitan Statistical Area)",57.838
2009-01-01,20580,"Eagle Pass, TX (Metropolitan Statistical Area)",45.995
2008-01-01,20580,"Eagle Pass, TX (Metropolitan Statistical Area)",49.053
2024-01-01,20580,"Eagle Pass, TX (Metropolitan Statistical Area)",53.681
2023-01-01,20580,"Eagle Pass, TX (Metropolitan Statistical Area)",48.436
2022-01-01,20580,"Eagle Pass, TX (Metropolitan Statistical Area)",43.629
2021-01-01,20580,"Eagle Pass, TX (Metropolitan Statistical Area)",58.806
2020-01-01,20580,"Eagle Pass, TX (Metropolitan Statistical Area)",61.966
2019-01-01,20580,"Eagle Pass, TX (Metropolitan Statistical Area)",51.923
2019-01-01,20740,"Eau Claire, WI (Metropolitan Statistical Area)",71.340
2018-01-01,20740,"Eau Claire, WI (Metropolitan Statistical Area)",76.052
2017-01-01,20740,"Eau Claire, WI (Metropolitan Statistical Area)",71.182
2016-01-01,20740,"Eau Claire, WI (Metropolitan Statistical Area)",69.797
2015-01-01,20740,"Eau Claire, WI (Metropolitan Statistical Area)",74.391
2014-01-01,20740,"Eau Claire, WI (Metropolitan Statistical Area)",77.343
2013-01-01,20740,"Eau Claire, WI (Metropolitan Statistical Area)",73.561
2012-01-01,20740,"Eau Claire, WI (Metropolitan Statistical Area)",84.357
2011-01-01,20740,"Eau Claire, WI (Metropolitan Statistical Area)",83.436
2010-01-01,20740,"Eau Claire, WI (Metropolitan Statistical Area)",76.668
2009-01-01,20740,"Eau Claire, WI (Metropolitan Statistical Area)",75.935
2008-01-01,20740,"Eau Claire, WI (Metropolitan Statistical Area)",82.039
2024-01-01,20740,"Eau Claire, WI (Metropolitan Statistical Area)",72.850
2023-01-01,20740,"Eau Claire, WI (Metropolitan Statistical Area)",68.793
2022-01-01,20740,"Eau Claire, WI (Metropolitan Statistical Area)",71.708
2021-01-01,20740,"Eau Claire, WI (Metropolitan Statistical Area)",70.845
2020-01-01,20740,"Eau Claire, WI (Metropolitan Statistical Area)",72.361
2018-01-01,20940,"El Centro, CA (Metropolitan Statistical Area)",56.453
2017-01-01,20940,"El Centro, CA (Metropolitan Statistical Area)",69.952
2016-01-01,20940,"El Centro, CA (Metropolitan Statistical Area)",80.924
2015-01-01,20940,"El Centro, CA (Metropolitan Statistical Area)",68.505
2014-01-01,20940,"El Centro, CA (Metropolitan Statistical Area)",66.935
2013-01-01,20940,"El Centro, CA (Metropolitan Statistical Area)",78.849
2012-01-01,20940,"El Centro, CA (Metropolitan Statistical Area)",81.389
2011-01-01,20940,"El Centro, CA (Metropolitan Statistical Area)",75.415
2010-01-01,20940,"El Centro, CA (Metropolitan Statistical Area)",80.606
2009-01-01,20940,"El Centro, CA (Metropolitan Statistical Area)",79.721
2008-01-01,20940,"El Centro, CA (Metropolitan Statistical Area)",72.489
2024-01-01,20940,"El Centro, CA (Metropolitan Statistical Area)",66.274
2023-01-01,20940,"El Centro, CA (Metropolitan Statistical Area)",77.741
2022-01-01,20940,"El Centro, CA (Metropolitan Statistical Area)",73.957
2021-01-01,20940,"El Centro, CA (Metropolitan Statistical Area)",67.040
2020-01-01,20940,"El Centro, CA (Metropolitan Statistical Area)",76.155
2019-01-01,20940,"El Centro, CA (Metropolitan Statistical Area)",67.773
2019-01-01,21060,"Elizabethtown, KY (Metropolitan Statistical Area)",64.036
2018-01-01,21060,"Elizabethtown, KY (Metropolitan Statistical Area)",59.501
2017-01-01,21060,"Elizabethtown, KY (Metropolitan Statistical Area)",60.293
2016-01-01,21060,"Elizabethtown, KY (Metropolitan Statistical Area)",64.849
2015-01-01,21060,"Elizabethtown, KY (Metropolitan Statistical Area)",64.231
2014-01-01,21060,"Elizabethtown, KY (Metropolitan Statistical Area)",68.229
2013-01-01,21060,"Elizabethtown, KY (Metropolitan Statistical Area)",66.993
2012-01-01,21060,"Elizabethtown, KY (Metropolitan Statistical Area)",64.772
2011-01-01,21060,"Elizabethtown, KY (Metropolitan Statistical Area)",76.898
2010-01-01,21060,"Elizabethtown, KY (Metropolitan Statistical Area)",71.572
2009-01-01,21060,"Elizabethtown, KY (Metropolitan Statistical Area)",72.415
2008-01-01,21060,"Elizabethtown, KY (Metropolitan Statistical Area)",71.108
2024-01-01,21060,"Elizabethtown, KY (Metropolitan Statistical Area)",66.669
2023-01-01,21060,"Elizabethtown, KY (Metropolitan Statistical Area)",58.621
2022-01-01,21060,"Elizabethtown, KY (Metropolitan Statistical Area)",61.566
2021-01-01,21060,"Elizabethtown, KY (Metropolitan Statistical Area)",58.648
2020-01-01,21060,"Elizabethtown, KY (Metropolitan Statistical Area)",60.799
2018-01-01,21140,"Elkhart-Goshen, IN (Metropolitan Statistical Area)",74.207
2017-01-01,21140,"Elkhart-Goshen, IN (Metropolitan Statistical Area)",70.801
2016-01-01,21140,"Elkhart-Goshen, IN (Metropolitan Statistical Area)",63.694
2015-01-01,21140,"Elkhart-Goshen, IN (Metropolitan Statistical Area)",73.549
2014-01-01,21140,"Elkhart-Goshen, IN (Metropolitan Statistical Area)",70.307
2013-01-01,21140,"Elkhart-Goshen, IN (Metropolitan Statistical Area)",68.037
2012-01-01,21140,"Elkhart-Goshen, IN (Metropolitan Statistical Area)",74.022
2011-01-01,21140,"Elkhart-Goshen, IN (Metropolitan Statistical Area)",82.947
2010-01-01,21140,"Elkhart-Goshen, IN (Metropolitan Statistical Area)",74.324
2009-01-01,21140,"Elkhart-Goshen, IN (Metropolitan Statistical Area)",76.008
2008-01-01,21140,"Elkhart-Goshen, IN (Metropolitan Statistical Area)",85.879
2024-01-01,21140,"Elkhart-Goshen, IN (Metropolitan Statistical Area)",64.327
2023-01-01,21140,"Elkhart-Goshen, IN (Metropolitan Statistical Area)",77.032
2022-01-01,21140,"Elkhart-Goshen, IN (Metropolitan Statistical Area)",73.342
2021-01-01,21140,"Elkhart-Goshen, IN (Metropolitan Statistical Area)",59.408
2020-01-01,21140,"Elkhart-Goshen, IN (Metropolitan Statistical Area)",70.858
2019-01-01,21140,"Elkhart-Goshen, IN (Metropolitan Statistical Area)",69.131
2024-01-01,21300,"Elmira, NY (Metropolitan Statistical Area)",76.357
2023-01-01,21300,"Elmira, NY (Metropolitan Statistical Area)",67.567
2022-01-01,21300,"Elmira, NY (Metropolitan Statistical Area)",74.293
2021-01-01,21300,"Elmira, NY (Metropolitan Statistical Area)",77.047
2020-01-01,21300,"Elmira, NY (Metropolitan Statistical Area)",75.877
2019-01-01,21300,"Elmira, NY (Metropolitan Statistical Area)",80.942
2018-01-01,21300,"Elmira, NY (Metropolitan Statistical Area)",79.203
2017-01-01,21300,"Elmira, NY (Metropolitan Statistical Area)",78.696
2016-01-01,21300,"Elmira, NY (Metropolitan Statistical Area)",69.697
2015-01-01,21300,"Elmira, NY (Metropolitan Statistical Area)",79.582
2014-01-01,21300,"Elmira, NY (Metropolitan Statistical Area)",93.382
2013-01-01,21300,"Elmira, NY (Metropolitan Statistical Area)",90.182
2012-01-01,21300,"Elmira, NY (Metropolitan Statistical Area)",71.214
2011-01-01,21300,"Elmira, NY (Metropolitan Statistical Area)",86.161
2010-01-01,21300,"Elmira, NY (Metropolitan Statistical Area)",77.048
2009-01-01,21300,"Elmira, NY (Metropolitan Statistical Area)",76.074
2008-01-01,21300,"Elmira, NY (Metropolitan Statistical Area)",70.593
2023-01-01,21340,"El Paso, TX (Metropolitan Statistical Area)",75.474
2022-01-01,21340,"El Paso, TX (Metropolitan Statistical Area)",73.371
2021-01-01,21340,"El Paso, TX (Metropolitan Statistical Area)",76.005
2020-01-01,21340,"El Paso, TX (Metropolitan Statistical Area)",73.475
2019-01-01,21340,"El Paso, TX (Metropolitan Statistical Area)",72.924
2018-01-01,21340,"El Paso, TX (Metropolitan Statistical Area)",72.065
2017-01-01,21340,"El Paso, TX (Metropolitan Statistical Area)",78.437
2016-01-01,21340,"El Paso, TX (Metropolitan Statistical Area)",76.859
2015-01-01,21340,"El Paso, TX (Metropolitan Statistical Area)",73.725
2014-01-01,21340,"El Paso, TX (Metropolitan Statistical Area)",74.700
2013-01-01,21340,"El Paso, TX (Metropolitan Statistical Area)",78.422
2012-01-01,21340,"El Paso, TX (Metropolitan Statistical Area)",80.952
2011-01-01,21340,"El Paso, TX (Metropolitan Statistical Area)",82.486
2010-01-01,21340,"El Paso, TX (Metropolitan Statistical Area)",79.357
2009-01-01,21340,"El Paso, TX (Metropolitan Statistical Area)",76.481
2008-01-01,21340,"El Paso, TX (Metropolitan Statistical Area)",71.554
2024-01-01,21340,"El Paso, TX (Metropolitan Statistical Area)",71.248
2018-01-01,21420,"Enid, OK (Metropolitan Statistical Area) *",58.986
2017-01-01,21420,"Enid, OK (Metropolitan Statistical Area) *",64.552
2016-01-01,21420,"Enid, OK (Metropolitan Statistical Area) *",64.322
2015-01-01,21420,"Enid, OK (Metropolitan Statistical Area) *",58.007
2014-01-01,21420,"Enid, OK (Metropolitan Statistical Area) *",57.684
2013-01-01,21420,"Enid, OK (Metropolitan Statistical Area) *",57.943
2012-01-01,21420,"Enid, OK (Metropolitan Statistical Area) *",0
2011-01-01,21420,"Enid, OK (Metropolitan Statistical Area) *",0
2010-01-01,21420,"Enid, OK (Metropolitan Statistical Area) *",0
2009-01-01,21420,"Enid, OK (Metropolitan Statistical Area) *",0
2008-01-01,21420,"Enid, OK (Metropolitan Statistical Area) *",0
2024-01-01,21420,"Enid, OK (Metropolitan Statistical Area) *",51.389
2023-01-01,21420,"Enid, OK (Metropolitan Statistical Area) *",58.072
2022-01-01,21420,"Enid, OK (Metropolitan Statistical Area) *",50.340
2021-01-01,21420,"Enid, OK (Metropolitan Statistical Area) *",51.162
2020-01-01,21420,"Enid, OK (Metropolitan Statistical Area) *",53.220
2019-01-01,21420,"Enid, OK (Metropolitan Statistical Area) *",51.207
2018-01-01,21500,"Erie, PA (Metropolitan Statistical Area)",72.606
2017-01-01,21500,"Erie, PA (Metropolitan Statistical Area)",71.878
2016-01-01,21500,"Erie, PA (Metropolitan Statistical Area)",72.825
2015-01-01,21500,"Erie, PA (Metropolitan Statistical Area)",68.070
2014-01-01,21500,"Erie, PA (Metropolitan Statistical Area)",72.937
2013-01-01,21500,"Erie, PA (Metropolitan Statistical Area)",77.292
2012-01-01,21500,"Erie, PA (Metropolitan Statistical Area)",78.425
2011-01-01,21500,"Erie, PA (Metropolitan Statistical Area)",69.006
2010-01-01,21500,"Erie, PA (Metropolitan Statistical Area)",71.441
2009-01-01,21500,"Erie, PA (Metropolitan Statistical Area)",60.700
2008-01-01,21500,"Erie, PA (Metropolitan Statistical Area)",71.879
2024-01-01,21500,"Erie, PA (Metropolitan Statistical Area)",56.830
2023-01-01,21500,"Erie, PA (Metropolitan Statistical Area)",61.593
2022-01-01,21500,"Erie, PA (Metropolitan Statistical Area)",61.504
2021-01-01,21500,"Erie, PA (Metropolitan Statistical Area)",63.707
2020-01-01,21500,"Erie, PA (Metropolitan Statistical Area)",65.273
2019-01-01,21500,"Erie, PA (Metropolitan Statistical Area)",70.808
2019-01-01,21660,"Eugene-Springfield, OR (Metropolitan Statistical Area)",96.712
2018-01-01,21660,"Eugene-Springfield, OR (Metropolitan Statistical Area)",96.607
2017-01-01,21660,"Eugene-Springfield, OR (Metropolitan Statistical Area)",100.145
2016-01-01,21660,"Eugene-Springfield, OR (Metropolitan Statistical Area)",101.603
2015-01-01,21660,"Eugene-Springfield, OR (Metropolitan Statistical Area)",94.717
2014-01-01,21660,"Eugene-Springfield, OR (Metropolitan Statistical Area)",96.973
2013-01-01,21660,"Eugene-Springfield, OR (Metropolitan Statistical Area)",99.192
2012-01-01,21660,"Eugene-Springfield, OR (Metropolitan Statistical Area)",98.963
2011-01-01,21660,"Eugene-Springfield, OR (Metropolitan Statistical Area)",100.484
2010-01-01,21660,"Eugene-Springfield, OR (Metropolitan Statistical Area)",95.129
2009-01-01,21660,"Eugene-Springfield, OR (Metropolitan Statistical Area)",99.364
2008-01-01,21660,"Eugene-Springfield, OR (Metropolitan Statistical Area)",95.362
2024-01-01,21660,"Eugene-Springfield, OR (Metropolitan Statistical Area)",98.350
2023-01-01,21660,"Eugene-Springfield, OR (Metropolitan Statistical Area)",102.054
2022-01-01,21660,"Eugene-Springfield, OR (Metropolitan Statistical Area)",99.446
2021-01-01,21660,"Eugene-Springfield, OR (Metropolitan Statistical Area)",94.977
2020-01-01,21660,"Eugene-Springfield, OR (Metropolitan Statistical Area)",94.946
2018-01-01,21780,"Evansville, IN (Metropolitan Statistical Area)",60.530
2017-01-01,21780,"Evansville, IN (Metropolitan Statistical Area)",71.002
2016-01-01,21780,"Evansville, IN (Metropolitan Statistical Area)",66.752
2015-01-01,21780,"Evansville, IN (Metropolitan Statistical Area)",68.611
2014-01-01,21780,"Evansville, IN (Metropolitan Statistical Area)",69.353
2013-01-01,21780,"Evansville, IN (Metropolitan Statistical Area)",67.191
2012-01-01,21780,"Evansville, IN (Metropolitan Statistical Area)",75.778
2011-01-01,21780,"Evansville, IN (Metropolitan Statistical Area)",77.333
2010-01-01,21780,"Evansville, IN (Metropolitan Statistical Area)",73.040
2009-01-01,21780,"Evansville, IN (Metropolitan Statistical Area)",78.899
2008-01-01,21780,"Evansville, IN (Metropolitan Statistical Area)",72.020
2024-01-01,21780,"Evansville, IN (Metropolitan Statistical Area)",66.735
2023-01-01,21780,"Evansville, IN (Metropolitan Statistical Area)",61.923
2022-01-01,21780,"Evansville, IN (Metropolitan Statistical Area)",62.339
2021-01-01,21780,"Evansville, IN (Metropolitan Statistical Area)",63.255
2020-01-01,21780,"Evansville, IN (Metropolitan Statistical Area)",67.440
2019-01-01,21780,"Evansville, IN (Metropolitan Statistical Area)",67.714
2019-01-01,21820,"Fairbanks-College, AK (Metropolitan Statistical Area)",100.815
2018-01-01,21820,"Fairbanks-College, AK (Metropolitan Statistical Area)",102.066
2017-01-01,21820,"Fairbanks-College, AK (Metropolitan Statistical Area)",112.719
2016-01-01,21820,"Fairbanks-College, AK (Metropolitan Statistical Area)",98.372
2015-01-01,21820,"Fairbanks-College, AK (Metropolitan Statistical Area)",96.713
2014-01-01,21820,"Fairbanks-College, AK (Metropolitan Statistical Area)",118.248
2013-01-01,21820,"Fairbanks-College, AK (Metropolitan Statistical Area)",93.480
2012-01-01,21820,"Fairbanks-College, AK (Metropolitan Statistical Area)",103.292
2011-01-01,21820,"Fairbanks-College, AK (Metropolitan Statistical Area)",120.843
2010-01-01,21820,"Fairbanks-College, AK (Metropolitan Statistical Area)",122.690
2009-01-01,21820,"Fairbanks-College, AK (Metropolitan Statistical Area)",118.578
2008-01-01,21820,"Fairbanks-College, AK (Metropolitan Statistical Area)",120.483
2024-01-01,21820,"Fairbanks-College, AK (Metropolitan Statistical Area)",92.562
2023-01-01,21820,"Fairbanks-College, AK (Metropolitan Statistical Area)",79.722
2022-01-01,21820,"Fairbanks-College, AK (Metropolitan Statistical Area)",79.638
2021-01-01,21820,"Fairbanks-College, AK (Metropolitan Statistical Area)",96.658
2020-01-01,21820,"Fairbanks-College, AK (Metropolitan Statistical Area)",75.850
2018-01-01,22020,"Fargo, ND-MN (Metropolitan Statistical Area)",82.032
2017-01-01,22020,"Fargo, ND-MN (Metropolitan Statistical Area)",88.676
2016-01-01,22020,"Fargo, ND-MN (Metropolitan Statistical Area)",93.489
2015-01-01,22020,"Fargo, ND-MN (Metropolitan Statistical Area)",87.450
2014-01-01,22020,"Fargo, ND-MN (Metropolitan Statistical Area)",68.308
2013-01-01,22020,"Fargo, ND-MN (Metropolitan Statistical Area)",85.894
2012-01-01,22020,"Fargo, ND-MN (Metropolitan Statistical Area)",93.547
2011-01-01,22020,"Fargo, ND-MN (Metropolitan Statistical Area)",87.687
2010-01-01,22020,"Fargo, ND-MN (Metropolitan Statistical Area)",83.981
2009-01-01,22020,"Fargo, ND-MN (Metropolitan Statistical Area)",78.071
2008-01-01,22020,"Fargo, ND-MN (Metropolitan Statistical Area)",86.545
2024-01-01,22020,"Fargo, ND-MN (Metropolitan Statistical Area)",81.142
2023-01-01,22020,"Fargo, ND-MN (Metropolitan Statistical Area)",73.580
2022-01-01,22020,"Fargo, ND-MN (Metropolitan Statistical Area)",63.593
2021-01-01,22020,"Fargo, ND-MN (Metropolitan Statistical Area)",78.819
2020-01-01,22020,"Fargo, ND-MN (Metropolitan Statistical Area)",74.858
2019-01-01,22020,"Fargo, ND-MN (Metropolitan Statistical Area)",87.474
2019-01-01,22140,"Farmington, NM (Metropolitan Statistical Area)",72.039
2018-01-01,22140,"Farmington, NM (Metropolitan Statistical Area)",77.645
2017-01-01,22140,"Farmington, NM (Metropolitan Statistical Area)",82.310
2016-01-01,22140,"Farmington, NM (Metropolitan Statistical Area)",76.828
2015-01-01,22140,"Farmington, NM (Metropolitan Statistical Area)",68.809
2014-01-01,22140,"Farmington, NM (Metropolitan Statistical Area)",78.276
2013-01-01,22140,"Farmington, NM (Metropolitan Statistical Area)",62.004
2012-01-01,22140,"Farmington, NM (Metropolitan Statistical Area)",85.737
2011-01-01,22140,"Farmington, NM (Metropolitan Statistical Area)",60.277
2010-01-01,22140,"Farmington, NM (Metropolitan Statistical Area)",63.489
2009-01-01,22140,"Farmington, NM (Metropolitan Statistical Area)",60.918
2008-01-01,22140,"Farmington, NM (Metropolitan Statistical Area)",69.720
2024-01-01,22140,"Farmington, NM (Metropolitan Statistical Area)",56.552
2023-01-01,22140,"Farmington, NM (Metropolitan Statistical Area)",57.755
2022-01-01,22140,"Farmington, NM (Metropolitan Statistical Area)",66.974
2021-01-01,22140,"Farmington, NM (Metropolitan Statistical Area)",71.726
2020-01-01,22140,"Farmington, NM (Metropolitan Statistical Area)",63.886
2018-01-01,22180,"Fayetteville, NC (Metropolitan Statistical Area)",68.287
2017-01-01,22180,"Fayetteville, NC (Metropolitan Statistical Area)",67.535
2016-01-01,22180,"Fayetteville, NC (Metropolitan Statistical Area)",67.704
2015-01-01,22180,"Fayetteville, NC (Metropolitan Statistical Area)",71.736
2014-01-01,22180,"Fayetteville, NC (Metropolitan Statistical Area)",74.192
2013-01-01,22180,"Fayetteville, NC (Metropolitan Statistical Area)",73.629
2012-01-01,22180,"Fayetteville, NC (Metropolitan Statistical Area)",76.172
2011-01-01,22180,"Fayetteville, NC (Metropolitan Statistical Area)",73.430
2010-01-01,22180,"Fayetteville, NC (Metropolitan Statistical Area)",73.666
2009-01-01,22180,"Fayetteville, NC (Metropolitan Statistical Area)",71.071
2008-01-01,22180,"Fayetteville, NC (Metropolitan Statistical Area)",71.448
2024-01-01,22180,"Fayetteville, NC (Metropolitan Statistical Area)",73.081
2023-01-01,22180,"Fayetteville, NC (Metropolitan Statistical Area)",71.250
2022-01-01,22180,"Fayetteville, NC (Metropolitan Statistical Area)",70.867
2021-01-01,22180,"Fayetteville, NC (Metropolitan Statistical Area)",69.424
2020-01-01,22180,"Fayetteville, NC (Metropolitan Statistical Area)",67.479
2019-01-01,22180,"Fayetteville, NC (Metropolitan Statistical Area)",66.072
2019-01-01,22220,"Fayetteville-Springdale-Rogers, AR (Metropolitan Statistical Area)",71.216
2018-01-01,22220,"Fayetteville-Springdale-Rogers, AR (Metropolitan Statistical Area)",67.835
2017-01-01,22220,"Fayetteville-Springdale-Rogers, AR (Metropolitan Statistical Area)",68.626
2016-01-01,22220,"Fayetteville-Springdale-Rogers, AR (Metropolitan Statistical Area)",69.992
2015-01-01,22220,"Fayetteville-Springdale-Rogers, AR (Metropolitan Statistical Area)",70.500
2014-01-01,22220,"Fayetteville-Springdale-Rogers, AR (Metropolitan Statistical Area)",68.237
2013-01-01,22220,"Fayetteville-Springdale-Rogers, AR (Metropolitan Statistical Area)",71.062
2012-01-01,22220,"Fayetteville-Springdale-Rogers, AR (Metropolitan Statistical Area)",72.469
2011-01-01,22220,"Fayetteville-Springdale-Rogers, AR (Metropolitan Statistical Area)",71.957
2010-01-01,22220,"Fayetteville-Springdale-Rogers, AR (Metropolitan Statistical Area)",70.660
2009-01-01,22220,"Fayetteville-Springdale-Rogers, AR (Metropolitan Statistical Area)",71.671
2008-01-01,22220,"Fayetteville-Springdale-Rogers, AR (Metropolitan Statistical Area)",72.663
2024-01-01,22220,"Fayetteville-Springdale-Rogers, AR (Metropolitan Statistical Area)",76.886
2023-01-01,22220,"Fayetteville-Springdale-Rogers, AR (Metropolitan Statistical Area)",75.916
2022-01-01,22220,"Fayetteville-Springdale-Rogers, AR (Metropolitan Statistical Area)",71.551
2021-01-01,22220,"Fayetteville-Springdale-Rogers, AR (Metropolitan Statistical Area)",75.470
2020-01-01,22220,"Fayetteville-Springdale-Rogers, AR (Metropolitan Statistical Area)",71.933
2018-01-01,22380,"Flagstaff, AZ (Metropolitan Statistical Area)",102.482
2017-01-01,22380,"Flagstaff, AZ (Metropolitan Statistical Area)",102.514
2016-01-01,22380,"Flagstaff, AZ (Metropolitan Statistical Area)",88.461
2015-01-01,22380,"Flagstaff, AZ (Metropolitan Statistical Area)",104.429
2014-01-01,22380,"Flagstaff, AZ (Metropolitan Statistical Area)",96.119
2013-01-01,22380,"Flagstaff, AZ (Metropolitan Statistical Area)",108.919
2012-01-01,22380,"Flagstaff, AZ (Metropolitan Statistical Area)",106.104
2011-01-01,22380,"Flagstaff, AZ (Metropolitan Statistical Area)",82.496
2010-01-01,22380,"Flagstaff, AZ (Metropolitan Statistical Area)",98.029
2009-01-01,22380,"Flagstaff, AZ (Metropolitan Statistical Area)",102.127
2008-01-01,22380,"Flagstaff, AZ (Metropolitan Statistical Area)",94.328
2024-01-01,22380,"Flagstaff, AZ (Metropolitan Statistical Area)",108.961
2023-01-01,22380,"Flagstaff, AZ (Metropolitan Statistical Area)",81.487
2022-01-01,22380,"Flagstaff, AZ (Metropolitan Statistical Area)",99.655
2021-01-01,22380,"Flagstaff, AZ (Metropolitan Statistical Area)",103.778
2020-01-01,22380,"Flagstaff, AZ (Metropolitan Statistical Area)",103.821
2019-01-01,22380,"Flagstaff, AZ (Metropolitan Statistical Area)",104.868
2019-01-01,22420,"Flint, MI (Metropolitan Statistical Area)",70.268
2018-01-01,22420,"Flint, MI (Metropolitan Statistical Area)",69.364
2017-01-01,22420,"Flint, MI (Metropolitan Statistical Area)",62.982
2016-01-01,22420,"Flint, MI (Metropolitan Statistical Area)",65.245
2015-01-01,22420,"Flint, MI (Metropolitan Statistical Area)",67.722
2014-01-01,22420,"Flint, MI (Metropolitan Statistical Area)",67.247
2013-01-01,22420,"Flint, MI (Metropolitan Statistical Area)",69.380
2012-01-01,22420,"Flint, MI (Metropolitan Statistical Area)",72.035
2011-01-01,22420,"Flint, MI (Metropolitan Statistical Area)",67.575
2010-01-01,22420,"Flint, MI (Metropolitan Statistical Area)",76.441
2009-01-01,22420,"Flint, MI (Metropolitan Statistical Area)",71.691
2008-01-01,22420,"Flint, MI (Metropolitan Statistical Area)",79.396
2024-01-01,22420,"Flint, MI (Metropolitan Statistical Area)",74.039
2023-01-01,22420,"Flint, MI (Metropolitan Statistical Area)",65.026
2022-01-01,22420,"Flint, MI (Metropolitan Statistical Area)",68.612
2021-01-01,22420,"Flint, MI (Metropolitan Statistical Area)",57.928
2020-01-01,22420,"Flint, MI (Metropolitan Statistical Area)",64.795
2018-01-01,22500,"Florence, SC (Metropolitan Statistical Area)",56.247
2017-01-01,22500,"Florence, SC (Metropolitan Statistical Area)",58.054
2016-01-01,22500,"Florence, SC (Metropolitan Statistical Area)",54.524
2015-01-01,22500,"Florence, SC (Metropolitan Statistical Area)",57.070
2014-01-01,22500,"Florence, SC (Metropolitan Statistical Area)",54.236
2013-01-01,22500,"Florence, SC (Metropolitan Statistical Area)",55.281
2012-01-01,22500,"Florence, SC (Metropolitan Statistical Area)",56.910
2011-01-01,22500,"Florence, SC (Metropolitan Statistical Area)",55.545
2010-01-01,22500,"Florence, SC (Metropolitan Statistical Area)",52.353
2009-01-01,22500,"Florence, SC (Metropolitan Statistical Area)",51.579
2008-01-01,22500,"Florence, SC (Metropolitan Statistical Area)",43.790
2024-01-01,22500,"Florence, SC (Metropolitan Statistical Area)",52.425
2023-01-01,22500,"Florence, SC (Metropolitan Statistical Area)",57.175
2022-01-01,22500,"Florence, SC (Metropolitan Statistical Area)",54.124
2021-01-01,22500,"Florence, SC (Metropolitan Statistical Area)",60.984
2020-01-01,22500,"Florence, SC (Metropolitan Statistical Area)",55.784
2019-01-01,22500,"Florence, SC (Metropolitan Statistical Area)",58.335
2019-01-01,22520,"Florence-Muscle Shoals, AL (Metropolitan Statistical Area)",40.379
2018-01-01,22520,"Florence-Muscle Shoals, AL (Metropolitan Statistical Area)",45.888
2017-01-01,22520,"Florence-Muscle Shoals, AL (Metropolitan Statistical Area)",46.376
2016-01-01,22520,"Florence-Muscle Shoals, AL (Metropolitan Statistical Area)",44.142
2015-01-01,22520,"Florence-Muscle Shoals, AL (Metropolitan Statistical Area)",44.915
2014-01-01,22520,"Florence-Muscle Shoals, AL (Metropolitan Statistical Area)",47.057
2013-01-01,22520,"Florence-Muscle Shoals, AL (Metropolitan Statistical Area)",46.858
2012-01-01,22520,"Florence-Muscle Shoals, AL (Metropolitan Statistical Area)",53.550
2011-01-01,22520,"Florence-Muscle Shoals, AL (Metropolitan Statistical Area)",46.966
2010-01-01,22520,"Florence-Muscle Shoals, AL (Metropolitan Statistical Area)",53.729
2009-01-01,22520,"Florence-Muscle Shoals, AL (Metropolitan Statistical Area)",45.867
2008-01-01,22520,"Florence-Muscle Shoals, AL (Metropolitan Statistical Area)",44.581
2024-01-01,22520,"Florence-Muscle Shoals, AL (Metropolitan Statistical Area)",47.677
2023-01-01,22520,"Florence-Muscle Shoals, AL (Metropolitan Statistical Area)",42.018
2022-01-01,22520,"Florence-Muscle Shoals, AL (Metropolitan Statistical Area)",45.758
2021-01-01,22520,"Florence-Muscle Shoals, AL (Metropolitan Statistical Area)",49.846
2020-01-01,22520,"Florence-Muscle Shoals, AL (Metropolitan Statistical Area)",45.649
2018-01-01,22540,"Fond du Lac, WI (Metropolitan Statistical Area)",72.695
2017-01-01,22540,"Fond du Lac, WI (Metropolitan Statistical Area)",69.652
2016-01-01,22540,"Fond du Lac, WI (Metropolitan Statistical Area)",73.294
2015-01-01,22540,"Fond du Lac, WI (Metropolitan Statistical Area)",75.899
2014-01-01,22540,"Fond du Lac, WI (Metropolitan Statistical Area)",68.759
2013-01-01,22540,"Fond du Lac, WI (Metropolitan Statistical Area)",77.896
2012-01-01,22540,"Fond du Lac, WI (Metropolitan Statistical Area)",73.705
2011-01-01,22540,"Fond du Lac, WI (Metropolitan Statistical Area)",66.188
2010-01-01,22540,"Fond du Lac, WI (Metropolitan Statistical Area)",64.468
2009-01-01,22540,"Fond du Lac, WI (Metropolitan Statistical Area)",65.699
2008-01-01,22540,"Fond du Lac, WI (Metropolitan Statistical Area)",68.687
2024-01-01,22540,"Fond du Lac, WI (Metropolitan Statistical Area)",67.317
2023-01-01,22540,"Fond du Lac, WI (Metropolitan Statistical Area)",77.619
2022-01-01,22540,"Fond du Lac, WI (Metropolitan Statistical Area)",62.956
2021-01-01,22540,"Fond du Lac, WI (Metropolitan Statistical Area)",70.125
2020-01-01,22540,"Fond du Lac, WI (Metropolitan Statistical Area)",68.148
2019-01-01,22540,"Fond du Lac, WI (Metropolitan Statistical Area)",70.739
2019-01-01,22660,"Fort Collins-Loveland, CO (Metropolitan Statistical Area)",132.330
2018-01-01,22660,"Fort Collins-Loveland, CO (Metropolitan Statistical Area)",136.753
2017-01-01,22660,"Fort Collins-Loveland, CO (Metropolitan Statistical Area)",132.425
2016-01-01,22660,"Fort Collins-Loveland, CO (Metropolitan Statistical Area)",126.622
2015-01-01,22660,"Fort Collins-Loveland, CO (Metropolitan Statistical Area)",123.745
2014-01-01,22660,"Fort Collins-Loveland, CO (Metropolitan Statistical Area)",121.662
2013-01-01,22660,"Fort Collins-Loveland, CO (Metropolitan Statistical Area)",123.923
2012-01-01,22660,"Fort Collins-Loveland, CO (Metropolitan Statistical Area)",121.396
2011-01-01,22660,"Fort Collins-Loveland, CO (Metropolitan Statistical Area)",111.930
2010-01-01,22660,"Fort Collins-Loveland, CO (Metropolitan Statistical Area)",114.659
2009-01-01,22660,"Fort Collins-Loveland, CO (Metropolitan Statistical Area)",115.994
2008-01-01,22660,"Fort Collins-Loveland, CO (Metropolitan Statistical Area)",98.838
2024-01-01,22660,"Fort Collins-Loveland, CO (Metropolitan Statistical Area)",120.592
2023-01-01,22660,"Fort Collins-Loveland, CO (Metropolitan Statistical Area)",116.846
2022-01-01,22660,"Fort Collins-Loveland, CO (Metropolitan Statistical Area)",130.120
2021-01-01,22660,"Fort Collins-Loveland, CO (Metropolitan Statistical Area)",128.587
2020-01-01,22660,"Fort Collins-Loveland, CO (Metropolitan Statistical Area)",119.541
2023-01-01,22900,"Fort Smith, AR-OK (Metropolitan Statistical Area)",50.806
2022-01-01,22900,"Fort Smith, AR-OK (Metropolitan Statistical Area)",50.909
2021-01-01,22900,"Fort Smith, AR-OK (Metropolitan Statistical Area)",53.964
2020-01-01,22900,"Fort Smith, AR-OK (Metropolitan Statistical Area)",54.492
2019-01-01,22900,"Fort Smith, AR-OK (Metropolitan Statistical Area)",58.482
2018-01-01,22900,"Fort Smith, AR-OK (Metropolitan Statistical Area)",51.675
2017-01-01,22900,"Fort Smith, AR-OK (Metropolitan Statistical Area)",55.382
2016-01-01,22900,"Fort Smith, AR-OK (Metropolitan Statistical Area)",53.829
2015-01-01,22900,"Fort Smith, AR-OK (Metropolitan Statistical Area)",54.487
2014-01-01,22900,"Fort Smith, AR-OK (Metropolitan Statistical Area)",61.575
2013-01-01,22900,"Fort Smith, AR-OK (Metropolitan Statistical Area)",57.741
2012-01-01,22900,"Fort Smith, AR-OK (Metropolitan Statistical Area)",57.212
2011-01-01,22900,"Fort Smith, AR-OK (Metropolitan Statistical Area)",58.543
2010-01-01,22900,"Fort Smith, AR-OK (Metropolitan Statistical Area)",60.747
2009-01-01,22900,"Fort Smith, AR-OK (Metropolitan Statistical Area)",59.021
2008-01-01,22900,"Fort Smith, AR-OK (Metropolitan Statistical Area)",63.821
2024-01-01,22900,"Fort Smith, AR-OK (Metropolitan Statistical Area)",53.443
2019-01-01,23060,"Fort Wayne, IN (Metropolitan Statistical Area)",70.423
2018-01-01,23060,"Fort Wayne, IN (Metropolitan Statistical Area)",69.344
2017-01-01,23060,"Fort Wayne, IN (Metropolitan Statistical Area)",70.825
2016-01-01,23060,"Fort Wayne, IN (Metropolitan Statistical Area)",73.341
2015-01-01,23060,"Fort Wayne, IN (Metropolitan Statistical Area)",69.965
2014-01-01,23060,"Fort Wayne, IN (Metropolitan Statistical Area)",69.955
2013-01-01,23060,"Fort Wayne, IN (Metropolitan Statistical Area)",73.203
2012-01-01,23060,"Fort Wayne, IN (Metropolitan Statistical Area)",72.277
2011-01-01,23060,"Fort Wayne, IN (Metropolitan Statistical Area)",73.541
2010-01-01,23060,"Fort Wayne, IN (Metropolitan Statistical Area)",71.053
2009-01-01,23060,"Fort Wayne, IN (Metropolitan Statistical Area)",66.252
2008-01-01,23060,"Fort Wayne, IN (Metropolitan Statistical Area)",69.806
2024-01-01,23060,"Fort Wayne, IN (Metropolitan Statistical Area)",72.277
2023-01-01,23060,"Fort Wayne, IN (Metropolitan Statistical Area)",61.711
2022-01-01,23060,"Fort Wayne, IN (Metropolitan Statistical Area)",77.554
2021-01-01,23060,"Fort Wayne, IN (Metropolitan Statistical Area)",69.444
2020-01-01,23060,"Fort Wayne, IN (Metropolitan Statistical Area)",64.078
2018-01-01,23420,"Fresno, CA (Metropolitan Statistical Area)",89.632
2017-01-01,23420,"Fresno, CA (Metropolitan Statistical Area)",89.769
2016-01-01,23420,"Fresno, CA (Metropolitan Statistical Area)",88.345
2015-01-01,23420,"Fresno, CA (Metropolitan Statistical Area)",90.767
2014-01-01,23420,"Fresno, CA (Metropolitan Statistical Area)",91.239
2013-01-01,23420,"Fresno, CA (Metropolitan Statistical Area)",91.225
2012-01-01,23420,"Fresno, CA (Metropolitan Statistical Area)",93.149
2011-01-01,23420,"Fresno, CA (Metropolitan Statistical Area)",95.763
2010-01-01,23420,"Fresno, CA (Metropolitan Statistical Area)",97.298
2009-01-01,23420,"Fresno, CA (Metropolitan Statistical Area)",101.144
2008-01-01,23420,"Fresno, CA (Metropolitan Statistical Area)",99.130
2024-01-01,23420,"Fresno, CA (Metropolitan Statistical Area)",95.725
2023-01-01,23420,"Fresno, CA (Metropolitan Statistical Area)",95.722
2022-01-01,23420,"Fresno, CA (Metropolitan Statistical Area)",94.740
2021-01-01,23420,"Fresno, CA (Metropolitan Statistical Area)",94.215
2020-01-01,23420,"Fresno, CA (Metropolitan Statistical Area)",88.273
2019-01-01,23420,"Fresno, CA (Metropolitan Statistical Area)",93.190
2019-01-01,23460,"Gadsden, AL (Metropolitan Statistical Area)",51.172
2018-01-01,23460,"Gadsden, AL (Metropolitan Statistical Area)",53.297
2017-01-01,23460,"Gadsden, AL (Metropolitan Statistical Area)",48.189
2016-01-01,23460,"Gadsden, AL (Metropolitan Statistical Area)",49.940
2015-01-01,23460,"Gadsden, AL (Metropolitan Statistical Area)",51.917
2014-01-01,23460,"Gadsden, AL (Metropolitan Statistical Area)",52.898
2013-01-01,23460,"Gadsden, AL (Metropolitan Statistical Area)",52.377
2012-01-01,23460,"Gadsden, AL (Metropolitan Statistical Area)",47.351
2011-01-01,23460,"Gadsden, AL (Metropolitan Statistical Area)",53.178
2010-01-01,23460,"Gadsden, AL (Metropolitan Statistical Area)",51.966
2009-01-01,23460,"Gadsden, AL (Metropolitan Statistical Area)",56.680
2008-01-01,23460,"Gadsden, AL (Metropolitan Statistical Area)",44.607
2024-01-01,23460,"Gadsden, AL (Metropolitan Statistical Area)",53.696
2023-01-01,23460,"Gadsden, AL (Metropolitan Statistical Area)",49.328
2022-01-01,23460,"Gadsden, AL (Metropolitan Statistical Area)",42.658
2021-01-01,23460,"Gadsden, AL (Metropolitan Statistical Area)",50.876
2020-01-01,23460,"Gadsden, AL (Metropolitan Statistical Area)",51.327
2018-01-01,23540,"Gainesville, FL (Metropolitan Statistical Area)",89.668
2017-01-01,23540,"Gainesville, FL (Metropolitan Statistical Area)",86.227
2016-01-01,23540,"Gainesville, FL (Metropolitan Statistical Area)",81.791
2015-01-01,23540,"Gainesville, FL (Metropolitan Statistical Area)",82.565
2014-01-01,23540,"Gainesville, FL (Metropolitan Statistical Area)",87.417
2013-01-01,23540,"Gainesville, FL (Metropolitan Statistical Area)",86.016
2012-01-01,23540,"Gainesville, FL (Metropolitan Statistical Area)",82.872
2011-01-01,23540,"Gainesville, FL (Metropolitan Statistical Area)",89.756
2010-01-01,23540,"Gainesville, FL (Metropolitan Statistical Area)",90.209
2009-01-01,23540,"Gainesville, FL (Metropolitan Statistical Area)",101.845
2008-01-01,23540,"Gainesville, FL (Metropolitan Statistical Area)",92.711
2024-01-01,23540,"Gainesville, FL (Metropolitan Statistical Area)",92.982
2023-01-01,23540,"Gainesville, FL (Metropolitan Statistical Area)",92.564
2022-01-01,23540,"Gainesville, FL (Metropolitan Statistical Area)",89.482
2021-01-01,23540,"Gainesville, FL (Metropolitan Statistical Area)",86.827
2020-01-01,23540,"Gainesville, FL (Metropolitan Statistical Area)",81.003
2019-01-01,23540,"Gainesville, FL (Metropolitan Statistical Area)",86.467
2019-01-01,23580,"Gainesville, GA (Metropolitan Statistical Area)",77.696
2018-01-01,23580,"Gainesville, GA (Metropolitan Statistical Area)",84.234
2017-01-01,23580,"Gainesville, GA (Metropolitan Statistical Area)",83.404
2016-01-01,23580,"Gainesville, GA (Metropolitan Statistical Area)",76.964
2015-01-01,23580,"Gainesville, GA (Metropolitan Statistical Area)",79.731
2014-01-01,23580,"Gainesville, GA (Metropolitan Statistical Area)",83.007
2013-01-01,23580,"Gainesville, GA (Metropolitan Statistical Area)",81.015
2012-01-01,23580,"Gainesville, GA (Metropolitan Statistical Area)",84.842
2011-01-01,23580,"Gainesville, GA (Metropolitan Statistical Area)",88.602
2010-01-01,23580,"Gainesville, GA (Metropolitan Statistical Area)",87.675
2009-01-01,23580,"Gainesville, GA (Metropolitan Statistical Area)",80.471
2008-01-01,23580,"Gainesville, GA (Metropolitan Statistical Area)",84.366
2024-01-01,23580,"Gainesville, GA (Metropolitan Statistical Area)",93.488
2023-01-01,23580,"Gainesville, GA (Metropolitan Statistical Area)",91.843
2022-01-01,23580,"Gainesville, GA (Metropolitan Statistical Area)",94.581
2021-01-01,23580,"Gainesville, GA (Metropolitan Statistical Area)",78.225
2020-01-01,23580,"Gainesville, GA (Metropolitan Statistical Area)",92.470
2018-01-01,23900,"Gettysburg, PA (Metropolitan Statistical Area)",83.050
2017-01-01,23900,"Gettysburg, PA (Metropolitan Statistical Area)",79.625
2016-01-01,23900,"Gettysburg, PA (Metropolitan Statistical Area)",94.420
2015-01-01,23900,"Gettysburg, PA (Metropolitan Statistical Area)",84.437
2014-01-01,23900,"Gettysburg, PA (Metropolitan Statistical Area)",83.505
2013-01-01,23900,"Gettysburg, PA (Metropolitan Statistical Area)",82.718
2012-01-01,23900,"Gettysburg, PA (Metropolitan Statistical Area)",75.811
2011-01-01,23900,"Gettysburg, PA (Metropolitan Statistical Area)",83.420
2010-01-01,23900,"Gettysburg, PA (Metropolitan Statistical Area)",89.580
2009-01-01,23900,"Gettysburg, PA (Metropolitan Statistical Area)",79.211
2008-01-01,23900,"Gettysburg, PA (Metropolitan Statistical Area)",82.670
2024-01-01,23900,"Gettysburg, PA (Metropolitan Statistical Area)",73.865
2023-01-01,23900,"Gettysburg, PA (Metropolitan Statistical Area)",64.361
2022-01-01,23900,"Gettysburg, PA (Metropolitan Statistical Area)",85.236
2021-01-01,23900,"Gettysburg, PA (Metropolitan Statistical Area)",78.342
2020-01-01,23900,"Gettysburg, PA (Metropolitan Statistical Area)",82.301
2019-01-01,23900,"Gettysburg, PA (Metropolitan Statistical Area)",85.004
2019-01-01,24020,"Glens Falls, NY (Metropolitan Statistical Area)",83.128
2018-01-01,24020,"Glens Falls, NY (Metropolitan Statistical Area)",79.245
2017-01-01,24020,"Glens Falls, NY (Metropolitan Statistical Area)",83.395
2016-01-01,24020,"Glens Falls, NY (Metropolitan Statistical Area)",81.150
2015-01-01,24020,"Glens Falls, NY (Metropolitan Statistical Area)",85.979
2014-01-01,24020,"Glens Falls, NY (Metropolitan Statistical Area)",75.207
2013-01-01,24020,"Glens Falls, NY (Metropolitan Statistical Area)",97.152
2012-01-01,24020,"Glens Falls, NY (Metropolitan Statistical Area)",88.699
2011-01-01,24020,"Glens Falls, NY (Metropolitan Statistical Area)",87.063
2010-01-01,24020,"Glens Falls, NY (Metropolitan Statistical Area)",91.808
2009-01-01,24020,"Glens Falls, NY (Metropolitan Statistical Area)",92.481
2008-01-01,24020,"Glens Falls, NY (Metropolitan Statistical Area)",83.576
2024-01-01,24020,"Glens Falls, NY (Metropolitan Statistical Area)",76.231
2023-01-01,24020,"Glens Falls, NY (Metropolitan Statistical Area)",73.582
2022-01-01,24020,"Glens Falls, NY (Metropolitan Statistical Area)",73.588
2021-01-01,24020,"Glens Falls, NY (Metropolitan Statistical Area)",81.449
2020-01-01,24020,"Glens Falls, NY (Metropolitan Statistical Area)",79.741
2018-01-01,24140,"Goldsboro, NC (Metropolitan Statistical Area)",67.476
2017-01-01,24140,"Goldsboro, NC (Metropolitan Statistical Area)",64.021
2016-01-01,24140,"Goldsboro, NC (Metropolitan Statistical Area)",68.811
2015-01-01,24140,"Goldsboro, NC (Metropolitan Statistical Area)",63.911
2014-01-01,24140,"Goldsboro, NC (Metropolitan Statistical Area)",62.419
2013-01-01,24140,"Goldsboro, NC (Metropolitan Statistical Area)",67.596
2012-01-01,24140,"Goldsboro, NC (Metropolitan Statistical Area)",58.761
2011-01-01,24140,"Goldsboro, NC (Metropolitan Statistical Area)",63.770
2010-01-01,24140,"Goldsboro, NC (Metropolitan Statistical Area)",63.488
2009-01-01,24140,"Goldsboro, NC (Metropolitan Statistical Area)",62.599
2008-01-01,24140,"Goldsboro, NC (Metropolitan Statistical Area)",63.396
2024-01-01,24140,"Goldsboro, NC (Metropolitan Statistical Area)",57.684
2023-01-01,24140,"Goldsboro, NC (Metropolitan Statistical Area)",59.610
2022-01-01,24140,"Goldsboro, NC (Metropolitan Statistical Area)",59.080
2021-01-01,24140,"Goldsboro, NC (Metropolitan Statistical Area)",60.482
2020-01-01,24140,"Goldsboro, NC (Metropolitan Statistical Area)",50.779
2019-01-01,24140,"Goldsboro, NC (Metropolitan Statistical Area)",66.176
2019-01-01,24220,"Grand Forks, ND-MN (Metropolitan Statistical Area)",83.668
2018-01-01,24220,"Grand Forks, ND-MN (Metropolitan Statistical Area)",75.738
2017-01-01,24220,"Grand Forks, ND-MN (Metropolitan Statistical Area)",73.408
2016-01-01,24220,"Grand Forks, ND-MN (Metropolitan Statistical Area)",75.552
2015-01-01,24220,"Grand Forks, ND-MN (Metropolitan Statistical Area)",82.162
2014-01-01,24220,"Grand Forks, ND-MN (Metropolitan Statistical Area)",68.145
2013-01-01,24220,"Grand Forks, ND-MN (Metropolitan Statistical Area)",77.714
2012-01-01,24220,"Grand Forks, ND-MN (Metropolitan Statistical Area)",60.292
2011-01-01,24220,"Grand Forks, ND-MN (Metropolitan Statistical Area)",73.964
2010-01-01,24220,"Grand Forks, ND-MN (Metropolitan Statistical Area)",73.899
2009-01-01,24220,"Grand Forks, ND-MN (Metropolitan Statistical Area)",67.693
2008-01-01,24220,"Grand Forks, ND-MN (Metropolitan Statistical Area)",79.287
2024-01-01,24220,"Grand Forks, ND-MN (Metropolitan Statistical Area)",59.664
2023-01-01,24220,"Grand Forks, ND-MN (Metropolitan Statistical Area)",57.649
2022-01-01,24220,"Grand Forks, ND-MN (Metropolitan Statistical Area)",58.845
2021-01-01,24220,"Grand Forks, ND-MN (Metropolitan Statistical Area)",67.824
2020-01-01,24220,"Grand Forks, ND-MN (Metropolitan Statistical Area)",71.619
2018-01-01,24260,"Grand Island, NE (Metropolitan Statistical Area)",57.868
2017-01-01,24260,"Grand Island, NE (Metropolitan Statistical Area)",50.939
2016-01-01,24260,"Grand Island, NE (Metropolitan Statistical Area)",71.998
2015-01-01,24260,"Grand Island, NE (Metropolitan Statistical Area)",67.613
2014-01-01,24260,"Grand Island, NE (Metropolitan Statistical Area)",44.012
2013-01-01,24260,"Grand Island, NE (Metropolitan Statistical Area)",59.248
2012-01-01,24260,"Grand Island, NE (Metropolitan Statistical Area)",47.800
2011-01-01,24260,"Grand Island, NE (Metropolitan Statistical Area)",72.991
2010-01-01,24260,"Grand Island, NE (Metropolitan Statistical Area)",65.245
2009-01-01,24260,"Grand Island, NE (Metropolitan Statistical Area)",51.167
2008-01-01,24260,"Grand Island, NE (Metropolitan Statistical Area)",60.757
2024-01-01,24260,"Grand Island, NE (Metropolitan Statistical Area)",61.748
2023-01-01,24260,"Grand Island, NE (Metropolitan Statistical Area)",60.916
2022-01-01,24260,"Grand Island, NE (Metropolitan Statistical Area)",58.094
2021-01-01,24260,"Grand Island, NE (Metropolitan Statistical Area)",61.351
2020-01-01,24260,"Grand Island, NE (Metropolitan Statistical Area)",66.093
2019-01-01,24260,"Grand Island, NE (Metropolitan Statistical Area)",63.446
2019-01-01,24300,"Grand Junction, CO (Metropolitan Statistical Area)",105.532
2018-01-01,24300,"Grand Junction, CO (Metropolitan Statistical Area)",88.979
2017-01-01,24300,"Grand Junction, CO (Metropolitan Statistical Area)",97.899
2016-01-01,24300,"Grand Junction, CO (Metropolitan Statistical Area)",98.889
2015-01-01,24300,"Grand Junction, CO (Metropolitan Statistical Area)",89.949
2014-01-01,24300,"Grand Junction, CO (Metropolitan Statistical Area)",101.064
2013-01-01,24300,"Grand Junction, CO (Metropolitan Statistical Area)",90.285
2012-01-01,24300,"Grand Junction, CO (Metropolitan Statistical Area)",102.887
2011-01-01,24300,"Grand Junction, CO (Metropolitan Statistical Area)",107.641
2010-01-01,24300,"Grand Junction, CO (Metropolitan Statistical Area)",96.155
2009-01-01,24300,"Grand Junction, CO (Metropolitan Statistical Area)",96.424
2008-01-01,24300,"Grand Junction, CO (Metropolitan Statistical Area)",117.774
2024-01-01,24300,"Grand Junction, CO (Metropolitan Statistical Area)",86.367
2023-01-01,24300,"Grand Junction, CO (Metropolitan Statistical Area)",87.677
2022-01-01,24300,"Grand Junction, CO (Metropolitan Statistical Area)",96.172
2021-01-01,24300,"Grand Junction, CO (Metropolitan Statistical Area)",88.942
2020-01-01,24300,"Grand Junction, CO (Metropolitan Statistical Area)",96.425
2018-01-01,24340,"Grand Rapids-Wyoming-Kentwood, MI (Metropolitan Statistical Area)",79.675
2017-01-01,24340,"Grand Rapids-Wyoming-Kentwood, MI (Metropolitan Statistical Area)",78.926
2016-01-01,24340,"Grand Rapids-Wyoming-Kentwood, MI (Metropolitan Statistical Area)",85.484
2015-01-01,24340,"Grand Rapids-Wyoming-Kentwood, MI (Metropolitan Statistical Area)",82.307
2014-01-01,24340,"Grand Rapids-Wyoming-Kentwood, MI (Metropolitan Statistical Area)",86.113
2013-01-01,24340,"Grand Rapids-Wyoming-Kentwood, MI (Metropolitan Statistical Area)",87.115
2012-01-01,24340,"Grand Rapids-Wyoming-Kentwood, MI (Metropolitan Statistical Area)",82.791
2011-01-01,24340,"Grand Rapids-Wyoming-Kentwood, MI (Metropolitan Statistical Area)",83.976
2010-01-01,24340,"Grand Rapids-Wyoming-Kentwood, MI (Metropolitan Statistical Area)",83.638
2009-01-01,24340,"Grand Rapids-Wyoming-Kentwood, MI (Metropolitan Statistical Area)",86.062
2008-01-01,24340,"Grand Rapids-Wyoming-Kentwood, MI (Metropolitan Statistical Area)",87.623
2024-01-01,24340,"Grand Rapids-Wyoming-Kentwood, MI (Metropolitan Statistical Area)",86.596
2023-01-01,24340,"Grand Rapids-Wyoming-Kentwood, MI (Metropolitan Statistical Area)",88.780
2022-01-01,24340,"Grand Rapids-Wyoming-Kentwood, MI (Metropolitan Statistical Area)",85.751
2021-01-01,24340,"Grand Rapids-Wyoming-Kentwood, MI (Metropolitan Statistical Area)",94.436
2020-01-01,24340,"Grand Rapids-Wyoming-Kentwood, MI (Metropolitan Statistical Area)",84.957
2019-01-01,24340,"Grand Rapids-Wyoming-Kentwood, MI (Metropolitan Statistical Area)",86.020
2019-01-01,24420,"Grants Pass, OR (Metropolitan Statistical Area)",91.932
2018-01-01,24420,"Grants Pass, OR (Metropolitan Statistical Area)",85.506
2017-01-01,24420,"Grants Pass, OR (Metropolitan Statistical Area)",82.385
2016-01-01,24420,"Grants Pass, OR (Metropolitan Statistical Area)",85.837
2015-01-01,24420,"Grants Pass, OR (Metropolitan Statistical Area)",81.926
2014-01-01,24420,"Grants Pass, OR (Metropolitan Statistical Area)",80.723
2013-01-01,24420,"Grants Pass, OR (Metropolitan Statistical Area)",86.801
2012-01-01,24420,"Grants Pass, OR (Metropolitan Statistical Area)",93.488
2011-01-01,24420,"Grants Pass, OR (Metropolitan Statistical Area)",78.880
2010-01-01,24420,"Grants Pass, OR (Metropolitan Statistical Area)",79.717
2009-01-01,24420,"Grants Pass, OR (Metropolitan Statistical Area)",81.010
2008-01-01,24420,"Grants Pass, OR (Metropolitan Statistical Area)",79.565
2024-01-01,24420,"Grants Pass, OR (Metropolitan Statistical Area)",79.911
2023-01-01,24420,"Grants Pass, OR (Metropolitan Statistical Area)",87.303
2022-01-01,24420,"Grants Pass, OR (Metropolitan Statistical Area)",90.407
2021-01-01,24420,"Grants Pass, OR (Metropolitan Statistical Area)",86.614
2020-01-01,24420,"Grants Pass, OR (Metropolitan Statistical Area)",71.311
2018-01-01,24500,"Great Falls, MT (Metropolitan Statistical Area)",73.835
2017-01-01,24500,"Great Falls, MT (Metropolitan Statistical Area)",51.834
2016-01-01,24500,"Great Falls, MT (Metropolitan Statistical Area)",53.691
2015-01-01,24500,"Great Falls, MT (Metropolitan Statistical Area)",57.171
2014-01-01,24500,"Great Falls, MT (Metropolitan Statistical Area)",60.652
2013-01-01,24500,"Great Falls, MT (Metropolitan Statistical Area)",61.200
2012-01-01,24500,"Great Falls, MT (Metropolitan Statistical Area)",59.758
2011-01-01,24500,"Great Falls, MT (Metropolitan Statistical Area)",54.006
2010-01-01,24500,"Great Falls, MT (Metropolitan Statistical Area)",40.114
2009-01-01,24500,"Great Falls, MT (Metropolitan Statistical Area)",45.983
2008-01-01,24500,"Great Falls, MT (Metropolitan Statistical Area)",38.931
2024-01-01,24500,"Great Falls, MT (Metropolitan Statistical Area)",97.115
2023-01-01,24500,"Great Falls, MT (Metropolitan Statistical Area)",89.058
2022-01-01,24500,"Great Falls, MT (Metropolitan Statistical Area)",77.820
2021-01-01,24500,"Great Falls, MT (Metropolitan Statistical Area)",55.533
2020-01-01,24500,"Great Falls, MT (Metropolitan Statistical Area)",54.071
2019-01-01,24500,"Great Falls, MT (Metropolitan Statistical Area)",55.975
2019-01-01,24540,"Greeley, CO (Metropolitan Statistical Area)",121.521
2018-01-01,24540,"Greeley, CO (Metropolitan Statistical Area)",114.182
2017-01-01,24540,"Greeley, CO (Metropolitan Statistical Area)",108.447
2016-01-01,24540,"Greeley, CO (Metropolitan Statistical Area)",105.678
2015-01-01,24540,"Greeley, CO (Metropolitan Statistical Area)",105.181
2014-01-01,24540,"Greeley, CO (Metropolitan Statistical Area)",105.766
2013-01-01,24540,"Greeley, CO (Metropolitan Statistical Area)",100.267
2012-01-01,24540,"Greeley, CO (Metropolitan Statistical Area)",96.367
2011-01-01,24540,"Greeley, CO (Metropolitan Statistical Area)",92.643
2010-01-01,24540,"Greeley, CO (Metropolitan Statistical Area)",101.436
2009-01-01,24540,"Greeley, CO (Metropolitan Statistical Area)",96.546
2008-01-01,24540,"Greeley, CO (Metropolitan Statistical Area)",94.113
2024-01-01,24540,"Greeley, CO (Metropolitan Statistical Area)",112.599
2023-01-01,24540,"Greeley, CO (Metropolitan Statistical Area)",112.884
2022-01-01,24540,"Greeley, CO (Metropolitan Statistical Area)",104.032
2021-01-01,24540,"Greeley, CO (Metropolitan Statistical Area)",108.655
2020-01-01,24540,"Greeley, CO (Metropolitan Statistical Area)",111.496
2018-01-01,24580,"Green Bay, WI (Metropolitan Statistical Area)",77.763
2017-01-01,24580,"Green Bay, WI (Metropolitan Statistical Area)",75.611
2016-01-01,24580,"Green Bay, WI (Metropolitan Statistical Area)",75.074
2015-01-01,24580,"Green Bay, WI (Metropolitan Statistical Area)",69.718
2014-01-01,24580,"Green Bay, WI (Metropolitan Statistical Area)",73.088
2013-01-01,24580,"Green Bay, WI (Metropolitan Statistical Area)",76.632
2012-01-01,24580,"Green Bay, WI (Metropolitan Statistical Area)",73.263
2011-01-01,24580,"Green Bay, WI (Metropolitan Statistical Area)",77.742
2010-01-01,24580,"Green Bay, WI (Metropolitan Statistical Area)",83.313
2009-01-01,24580,"Green Bay, WI (Metropolitan Statistical Area)",79.464
2008-01-01,24580,"Green Bay, WI (Metropolitan Statistical Area)",81.778
2024-01-01,24580,"Green Bay, WI (Metropolitan Statistical Area)",74.696
2023-01-01,24580,"Green Bay, WI (Metropolitan Statistical Area)",73.917
2022-01-01,24580,"Green Bay, WI (Metropolitan Statistical Area)",68.837
2021-01-01,24580,"Green Bay, WI (Metropolitan Statistical Area)",72.286
2020-01-01,24580,"Green Bay, WI (Metropolitan Statistical Area)",73.696
2019-01-01,24580,"Green Bay, WI (Metropolitan Statistical Area)",68.146
2019-01-01,24660,"Greensboro-High Point, NC (Metropolitan Statistical Area)",68.923
2018-01-01,24660,"Greensboro-High Point, NC (Metropolitan Statistical Area)",71.051
2017-01-01,24660,"Greensboro-High Point, NC (Metropolitan Statistical Area)",68.874
2016-01-01,24660,"Greensboro-High Point, NC (Metropolitan Statistical Area)",66.074
2015-01-01,24660,"Greensboro-High Point, NC (Metropolitan Statistical Area)",72.998
2014-01-01,24660,"Greensboro-High Point, NC (Metropolitan Statistical Area)",73.325
2013-01-01,24660,"Greensboro-High Point, NC (Metropolitan Statistical Area)",71.533
2012-01-01,24660,"Greensboro-High Point, NC (Metropolitan Statistical Area)",71.514
2011-01-01,24660,"Greensboro-High Point, NC (Metropolitan Statistical Area)",73.793
2010-01-01,24660,"Greensboro-High Point, NC (Metropolitan Statistical Area)",72.817
2009-01-01,24660,"Greensboro-High Point, NC (Metropolitan Statistical Area)",70.797
2008-01-01,24660,"Greensboro-High Point, NC (Metropolitan Statistical Area)",71.685
2024-01-01,24660,"Greensboro-High Point, NC (Metropolitan Statistical Area)",74.519
2023-01-01,24660,"Greensboro-High Point, NC (Metropolitan Statistical Area)",74.010
2022-01-01,24660,"Greensboro-High Point, NC (Metropolitan Statistical Area)",71.141
2021-01-01,24660,"Greensboro-High Point, NC (Metropolitan Statistical Area)",71.005
2020-01-01,24660,"Greensboro-High Point, NC (Metropolitan Statistical Area)",65.236
2018-01-01,24780,"Greenville, NC (Metropolitan Statistical Area)",58.081
2017-01-01,24780,"Greenville, NC (Metropolitan Statistical Area)",61.767
2016-01-01,24780,"Greenville, NC (Metropolitan Statistical Area)",62.940
2015-01-01,24780,"Greenville, NC (Metropolitan Statistical Area)",58.398
2014-01-01,24780,"Greenville, NC (Metropolitan Statistical Area)",65.268
2013-01-01,24780,"Greenville, NC (Metropolitan Statistical Area)",64.793
2012-01-01,24780,"Greenville, NC (Metropolitan Statistical Area)",67.987
2011-01-01,24780,"Greenville, NC (Metropolitan Statistical Area)",65.464
2010-01-01,24780,"Greenville, NC (Metropolitan Statistical Area)",66.488
2009-01-01,24780,"Greenville, NC (Metropolitan Statistical Area)",61.964
2008-01-01,24780,"Greenville, NC (Metropolitan Statistical Area)",61.519
2024-01-01,24780,"Greenville, NC (Metropolitan Statistical Area)",57.326
2023-01-01,24780,"Greenville, NC (Metropolitan Statistical Area)",70.204
2022-01-01,24780,"Greenville, NC (Metropolitan Statistical Area)",56.658
2021-01-01,24780,"Greenville, NC (Metropolitan Statistical Area)",59.509
2020-01-01,24780,"Greenville, NC (Metropolitan Statistical Area)",59.742
2019-01-01,24780,"Greenville, NC (Metropolitan Statistical Area)",62.919
2024-01-01,24860,"Greenville-Anderson-Greer, SC (Metropolitan Statistical Area)",76.836
2023-01-01,24860,"Greenville-Anderson-Greer, SC (Metropolitan Statistical Area)",76.892
2022-01-01,24860,"Greenville-Anderson-Greer, SC (Metropolitan Statistical Area)",76.129
2021-01-01,24860,"Greenville-Anderson-Greer, SC (Metropolitan Statistical Area)",73.695
2020-01-01,24860,"Greenville-Anderson-Greer, SC (Metropolitan Statistical Area)",70.641
2019-01-01,24860,"Greenville-Anderson-Greer, SC (Metropolitan Statistical Area)",69.395
2018-01-01,24860,"Greenville-Anderson-Greer, SC (Metropolitan Statistical Area)",70.341
2017-01-01,24860,"Greenville-Anderson-Greer, SC (Metropolitan Statistical Area)",70.689
2016-01-01,24860,"Greenville-Anderson-Greer, SC (Metropolitan Statistical Area)",69.952
2015-01-01,24860,"Greenville-Anderson-Greer, SC (Metropolitan Statistical Area)",71.825
2014-01-01,24860,"Greenville-Anderson-Greer, SC (Metropolitan Statistical Area)",67.265
2013-01-01,24860,"Greenville-Anderson-Greer, SC (Metropolitan Statistical Area)",69.595
2012-01-01,24860,"Greenville-Anderson-Greer, SC (Metropolitan Statistical Area)",71.239
2011-01-01,24860,"Greenville-Anderson-Greer, SC (Metropolitan Statistical Area)",71.246
2010-01-01,24860,"Greenville-Anderson-Greer, SC (Metropolitan Statistical Area)",73.540
2009-01-01,24860,"Greenville-Anderson-Greer, SC (Metropolitan Statistical Area)",69.771
2008-01-01,24860,"Greenville-Anderson-Greer, SC (Metropolitan Statistical Area)",65.584
2023-01-01,25060,"Gulfport-Biloxi, MS (Metropolitan Statistical Area)",60.989
2022-01-01,25060,"Gulfport-Biloxi, MS (Metropolitan Statistical Area)",62.517
2021-01-01,25060,"Gulfport-Biloxi, MS (Metropolitan Statistical Area)",68.433
2020-01-01,25060,"Gulfport-Biloxi, MS (Metropolitan Statistical Area)",69.929
2019-01-01,25060,"Gulfport-Biloxi, MS (Metropolitan Statistical Area)",66.011
2018-01-01,25060,"Gulfport-Biloxi, MS (Metropolitan Statistical Area)",60.644
2017-01-01,25060,"Gulfport-Biloxi, MS (Metropolitan Statistical Area)",66.932
2016-01-01,25060,"Gulfport-Biloxi, MS (Metropolitan Statistical Area)",67.025
2015-01-01,25060,"Gulfport-Biloxi, MS (Metropolitan Statistical Area)",64.302
2014-01-01,25060,"Gulfport-Biloxi, MS (Metropolitan Statistical Area)",75.488
2013-01-01,25060,"Gulfport-Biloxi, MS (Metropolitan Statistical Area)",70.338
2012-01-01,25060,"Gulfport-Biloxi, MS (Metropolitan Statistical Area)",75.734
2011-01-01,25060,"Gulfport-Biloxi, MS (Metropolitan Statistical Area)",74.312
2010-01-01,25060,"Gulfport-Biloxi, MS (Metropolitan Statistical Area)",74.986
2009-01-01,25060,"Gulfport-Biloxi, MS (Metropolitan Statistical Area)",74.109
2008-01-01,25060,"Gulfport-Biloxi, MS (Metropolitan Statistical Area)",86.774
2024-01-01,25060,"Gulfport-Biloxi, MS (Metropolitan Statistical Area)",67.906
2009-01-01,25180,"Hagerstown-Martinsburg, MD-WV (Metropolitan Statistical Area)",79.590
2008-01-01,25180,"Hagerstown-Martinsburg, MD-WV (Metropolitan Statistical Area)",76.625
2024-01-01,25180,"Hagerstown-Martinsburg, MD-WV (Metropolitan Statistical Area)",75.737
2023-01-01,25180,"Hagerstown-Martinsburg, MD-WV (Metropolitan Statistical Area)",83.035
2022-01-01,25180,"Hagerstown-Martinsburg, MD-WV (Metropolitan Statistical Area)",73.227
2021-01-01,25180,"Hagerstown-Martinsburg, MD-WV (Metropolitan Statistical Area)",82.081
2020-01-01,25180,"Hagerstown-Martinsburg, MD-WV (Metropolitan Statistical Area)",82.022
2019-01-01,25180,"Hagerstown-Martinsburg, MD-WV (Metropolitan Statistical Area)",83.484
2018-01-01,25180,"Hagerstown-Martinsburg, MD-WV (Metropolitan Statistical Area)",79.452
2017-01-01,25180,"Hagerstown-Martinsburg, MD-WV (Metropolitan Statistical Area)",82.931
2016-01-01,25180,"Hagerstown-Martinsburg, MD-WV (Metropolitan Statistical Area)",83.177
2015-01-01,25180,"Hagerstown-Martinsburg, MD-WV (Metropolitan Statistical Area)",82.325
2014-01-01,25180,"Hagerstown-Martinsburg, MD-WV (Metropolitan Statistical Area)",76.934
2013-01-01,25180,"Hagerstown-Martinsburg, MD-WV (Metropolitan Statistical Area)",80.619
2012-01-01,25180,"Hagerstown-Martinsburg, MD-WV (Metropolitan Statistical Area)",82.780
2011-01-01,25180,"Hagerstown-Martinsburg, MD-WV (Metropolitan Statistical Area)",82.211
2010-01-01,25180,"Hagerstown-Martinsburg, MD-WV (Metropolitan Statistical Area)",67.580
2023-01-01,25220,"Hammond, LA (Metropolitan Statistical Area)",62.361
2022-01-01,25220,"Hammond, LA (Metropolitan Statistical Area)",64.647
2021-01-01,25220,"Hammond, LA (Metropolitan Statistical Area)",53.533
2020-01-01,25220,"Hammond, LA (Metropolitan Statistical Area)",54.965
2019-01-01,25220,"Hammond, LA (Metropolitan Statistical Area)",62.948
2018-01-01,25220,"Hammond, LA (Metropolitan Statistical Area)",60.688
2017-01-01,25220,"Hammond, LA (Metropolitan Statistical Area)",64.409
2016-01-01,25220,"Hammond, LA (Metropolitan Statistical Area)",60.682
2015-01-01,25220,"Hammond, LA (Metropolitan Statistical Area)",62.068
2014-01-01,25220,"Hammond, LA (Metropolitan Statistical Area)",55.140
2013-01-01,25220,"Hammond, LA (Metropolitan Statistical Area)",59.791
2012-01-01,25220,"Hammond, LA (Metropolitan Statistical Area)",60.981
2011-01-01,25220,"Hammond, LA (Metropolitan Statistical Area)",67.636
2010-01-01,25220,"Hammond, LA (Metropolitan Statistical Area)",78.214
2009-01-01,25220,"Hammond, LA (Metropolitan Statistical Area)",71.297
2008-01-01,25220,"Hammond, LA (Metropolitan Statistical Area)",64.974
2024-01-01,25220,"Hammond, LA (Metropolitan Statistical Area)",48.160
2017-01-01,25260,"Hanford-Corcoran, CA (Metropolitan Statistical Area)",70.878
2016-01-01,25260,"Hanford-Corcoran, CA (Metropolitan Statistical Area)",86.885
2015-01-01,25260,"Hanford-Corcoran, CA (Metropolitan Statistical Area)",87.833
2014-01-01,25260,"Hanford-Corcoran, CA (Metropolitan Statistical Area)",77.163
2013-01-01,25260,"Hanford-Corcoran, CA (Metropolitan Statistical Area)",85.071
2012-01-01,25260,"Hanford-Corcoran, CA (Metropolitan Statistical Area)",92.718
2011-01-01,25260,"Hanford-Corcoran, CA (Metropolitan Statistical Area)",102.698
2010-01-01,25260,"Hanford-Corcoran, CA (Metropolitan Statistical Area)",82.262
2009-01-01,25260,"Hanford-Corcoran, CA (Metropolitan Statistical Area)",87.820
2008-01-01,25260,"Hanford-Corcoran, CA (Metropolitan Statistical Area)",96.661
2024-01-01,25260,"Hanford-Corcoran, CA (Metropolitan Statistical Area)",93.497
2023-01-01,25260,"Hanford-Corcoran, CA (Metropolitan Statistical Area)",68.686
2022-01-01,25260,"Hanford-Corcoran, CA (Metropolitan Statistical Area)",82.188
2021-01-01,25260,"Hanford-Corcoran, CA (Metropolitan Statistical Area)",78.551
2020-01-01,25260,"Hanford-Corcoran, CA (Metropolitan Statistical Area)",84.215
2019-01-01,25260,"Hanford-Corcoran, CA (Metropolitan Statistical Area)",72.762
2018-01-01,25260,"Hanford-Corcoran, CA (Metropolitan Statistical Area)",85.543
2023-01-01,25420,"Harrisburg-Carlisle, PA (Metropolitan Statistical Area)",85.674
2022-01-01,25420,"Harrisburg-Carlisle, PA (Metropolitan Statistical Area)",87.177
2021-01-01,25420,"Harrisburg-Carlisle, PA (Metropolitan Statistical Area)",90.375
2020-01-01,25420,"Harrisburg-Carlisle, PA (Metropolitan Statistical Area)",80.020
2019-01-01,25420,"Harrisburg-Carlisle, PA (Metropolitan Statistical Area)",85.633
2018-01-01,25420,"Harrisburg-Carlisle, PA (Metropolitan Statistical Area)",88.796
2017-01-01,25420,"Harrisburg-Carlisle, PA (Metropolitan Statistical Area)",87.030
2016-01-01,25420,"Harrisburg-Carlisle, PA (Metropolitan Statistical Area)",86.047
2015-01-01,25420,"Harrisburg-Carlisle, PA (Metropolitan Statistical Area)",89.789
2014-01-01,25420,"Harrisburg-Carlisle, PA (Metropolitan Statistical Area)",81.887
2013-01-01,25420,"Harrisburg-Carlisle, PA (Metropolitan Statistical Area)",91.134
2012-01-01,25420,"Harrisburg-Carlisle, PA (Metropolitan Statistical Area)",87.734
2011-01-01,25420,"Harrisburg-Carlisle, PA (Metropolitan Statistical Area)",90.109
2010-01-01,25420,"Harrisburg-Carlisle, PA (Metropolitan Statistical Area)",90.469
2009-01-01,25420,"Harrisburg-Carlisle, PA (Metropolitan Statistical Area)",87.262
2008-01-01,25420,"Harrisburg-Carlisle, PA (Metropolitan Statistical Area)",84.934
2024-01-01,25420,"Harrisburg-Carlisle, PA (Metropolitan Statistical Area)",96.280
2019-01-01,25500,"Harrisonburg, VA (Metropolitan Statistical Area)",81.330
2018-01-01,25500,"Harrisonburg, VA (Metropolitan Statistical Area)",80.890
2017-01-01,25500,"Harrisonburg, VA (Metropolitan Statistical Area)",78.639
2016-01-01,25500,"Harrisonburg, VA (Metropolitan Statistical Area)",77.324
2015-01-01,25500,"Harrisonburg, VA (Metropolitan Statistical Area)",79.405
2014-01-01,25500,"Harrisonburg, VA (Metropolitan Statistical Area)",82.180
2013-01-01,25500,"Harrisonburg, VA (Metropolitan Statistical Area)",79.709
2012-01-01,25500,"Harrisonburg, VA (Metropolitan Statistical Area)",83.672
2011-01-01,25500,"Harrisonburg, VA (Metropolitan Statistical Area)",80.950
2010-01-01,25500,"Harrisonburg, VA (Metropolitan Statistical Area)",86.509
2009-01-01,25500,"Harrisonburg, VA (Metropolitan Statistical Area)",92.696
2008-01-01,25500,"Harrisonburg, VA (Metropolitan Statistical Area)",85.687
2024-01-01,25500,"Harrisonburg, VA (Metropolitan Statistical Area)",82.272
2023-01-01,25500,"Harrisonburg, VA (Metropolitan Statistical Area)",75.391
2022-01-01,25500,"Harrisonburg, VA (Metropolitan Statistical Area)",83.592
2021-01-01,25500,"Harrisonburg, VA (Metropolitan Statistical Area)",78.220
2020-01-01,25500,"Harrisonburg, VA (Metropolitan Statistical Area)",73.019
2018-01-01,25540,"Hartford-West Hartford-East Hartford, CT (Metropolitan Statistical Area)",110.370
2017-01-01,25540,"Hartford-West Hartford-East Hartford, CT (Metropolitan Statistical Area)",112.753
2016-01-01,25540,"Hartford-West Hartford-East Hartford, CT (Metropolitan Statistical Area)",114.136
2015-01-01,25540,"Hartford-West Hartford-East Hartford, CT (Metropolitan Statistical Area)",120.144
2014-01-01,25540,"Hartford-West Hartford-East Hartford, CT (Metropolitan Statistical Area)",114.068
2013-01-01,25540,"Hartford-West Hartford-East Hartford, CT (Metropolitan Statistical Area)",113.318
2012-01-01,25540,"Hartford-West Hartford-East Hartford, CT (Metropolitan Statistical Area)",125.194
2011-01-01,25540,"Hartford-West Hartford-East Hartford, CT (Metropolitan Statistical Area)",119.242
2010-01-01,25540,"Hartford-West Hartford-East Hartford, CT (Metropolitan Statistical Area)",122.750
2009-01-01,25540,"Hartford-West Hartford-East Hartford, CT (Metropolitan Statistical Area)",120.875
2008-01-01,25540,"Hartford-West Hartford-East Hartford, CT (Metropolitan Statistical Area)",121.049
2024-01-01,25540,"Hartford-West Hartford-East Hartford, CT (Metropolitan Statistical Area)",110.234
2023-01-01,25540,"Hartford-West Hartford-East Hartford, CT (Metropolitan Statistical Area)",109.715
2022-01-01,25540,"Hartford-West Hartford-East Hartford, CT (Metropolitan Statistical Area)",110.056
2021-01-01,25540,"Hartford-West Hartford-East Hartford, CT (Metropolitan Statistical Area)",114.008
2020-01-01,25540,"Hartford-West Hartford-East Hartford, CT (Metropolitan Statistical Area)",114.271
2019-01-01,25540,"Hartford-West Hartford-East Hartford, CT (Metropolitan Statistical Area)",109.817
2019-01-01,25620,"Hattiesburg, MS (Metropolitan Statistical Area)",61.461
2018-01-01,25620,"Hattiesburg, MS (Metropolitan Statistical Area)",67.959
2017-01-01,25620,"Hattiesburg, MS (Metropolitan Statistical Area)",68.161
2016-01-01,25620,"Hattiesburg, MS (Metropolitan Statistical Area)",63.090
2015-01-01,25620,"Hattiesburg, MS (Metropolitan Statistical Area)",66.987
2014-01-01,25620,"Hattiesburg, MS (Metropolitan Statistical Area)",63.399
2013-01-01,25620,"Hattiesburg, MS (Metropolitan Statistical Area)",67.445
2012-01-01,25620,"Hattiesburg, MS (Metropolitan Statistical Area)",67.454
2011-01-01,25620,"Hattiesburg, MS (Metropolitan Statistical Area)",69.696
2010-01-01,25620,"Hattiesburg, MS (Metropolitan Statistical Area)",63.617
2009-01-01,25620,"Hattiesburg, MS (Metropolitan Statistical Area)",59.564
2008-01-01,25620,"Hattiesburg, MS (Metropolitan Statistical Area)",70.011
2024-01-01,25620,"Hattiesburg, MS (Metropolitan Statistical Area)",60.059
2023-01-01,25620,"Hattiesburg, MS (Metropolitan Statistical Area)",64.313
2022-01-01,25620,"Hattiesburg, MS (Metropolitan Statistical Area)",65.386
2021-01-01,25620,"Hattiesburg, MS (Metropolitan Statistical Area)",65.438
2020-01-01,25620,"Hattiesburg, MS (Metropolitan Statistical Area)",51.747
2018-01-01,25740,"Helena, MT (Metropolitan Statistical Area)",66.881
2017-01-01,25740,"Helena, MT (Metropolitan Statistical Area)",69.342
2016-01-01,25740,"Helena, MT (Metropolitan Statistical Area)",79.627
2015-01-01,25740,"Helena, MT (Metropolitan Statistical Area)",72.713
2014-01-01,25740,"Helena, MT (Metropolitan Statistical Area)",84.428
2013-01-01,25740,"Helena, MT (Metropolitan Statistical Area)",76.429
2012-01-01,25740,"Helena, MT (Metropolitan Statistical Area)",67.097
2011-01-01,25740,"Helena, MT (Metropolitan Statistical Area)",71.264
2010-01-01,25740,"Helena, MT (Metropolitan Statistical Area)",72.481
2009-01-01,25740,"Helena, MT (Metropolitan Statistical Area)",68.539
2008-01-01,25740,"Helena, MT (Metropolitan Statistical Area)",76.615
2024-01-01,25740,"Helena, MT (Metropolitan Statistical Area)",90.141
2023-01-01,25740,"Helena, MT (Metropolitan Statistical Area)",81.675
2022-01-01,25740,"Helena, MT (Metropolitan Statistical Area)",73.810
2021-01-01,25740,"Helena, MT (Metropolitan Statistical Area)",75.949
2020-01-01,25740,"Helena, MT (Metropolitan Statistical Area)",76.023
2019-01-01,25740,"Helena, MT (Metropolitan Statistical Area)",72.751
2019-01-01,25860,"Hickory-Lenoir-Morganton, NC (Metropolitan Statistical Area)",55.605
2018-01-01,25860,"Hickory-Lenoir-Morganton, NC (Metropolitan Statistical Area)",58.310
2017-01-01,25860,"Hickory-Lenoir-Morganton, NC (Metropolitan Statistical Area)",61.681
2016-01-01,25860,"Hickory-Lenoir-Morganton, NC (Metropolitan Statistical Area)",58.945
2015-01-01,25860,"Hickory-Lenoir-Morganton, NC (Metropolitan Statistical Area)",56.952
2014-01-01,25860,"Hickory-Lenoir-Morganton, NC (Metropolitan Statistical Area)",64.083
2013-01-01,25860,"Hickory-Lenoir-Morganton, NC (Metropolitan Statistical Area)",58.789
2012-01-01,25860,"Hickory-Lenoir-Morganton, NC (Metropolitan Statistical Area)",61.482
2011-01-01,25860,"Hickory-Lenoir-Morganton, NC (Metropolitan Statistical Area)",67.762
2010-01-01,25860,"Hickory-Lenoir-Morganton, NC (Metropolitan Statistical Area)",63.624
2009-01-01,25860,"Hickory-Lenoir-Morganton, NC (Metropolitan Statistical Area)",68.130
2008-01-01,25860,"Hickory-Lenoir-Morganton, NC (Metropolitan Statistical Area)",61.391
2024-01-01,25860,"Hickory-Lenoir-Morganton, NC (Metropolitan Statistical Area)",59.578
2023-01-01,25860,"Hickory-Lenoir-Morganton, NC (Metropolitan Statistical Area)",60.094
2022-01-01,25860,"Hickory-Lenoir-Morganton, NC (Metropolitan Statistical Area)",59.271
2021-01-01,25860,"Hickory-Lenoir-Morganton, NC (Metropolitan Statistical Area)",55.987
2020-01-01,25860,"Hickory-Lenoir-Morganton, NC (Metropolitan Statistical Area)",58.718
2018-01-01,25940,"Hilton Head Island-Bluffton-Port Royal, SC (Metropolitan Statistical Area)",93.040
2017-01-01,25940,"Hilton Head Island-Bluffton-Port Royal, SC (Metropolitan Statistical Area)",86.153
2016-01-01,25940,"Hilton Head Island-Bluffton-Port Royal, SC (Metropolitan Statistical Area)",101.426
2015-01-01,25940,"Hilton Head Island-Bluffton-Port Royal, SC (Metropolitan Statistical Area)",95.672
2014-01-01,25940,"Hilton Head Island-Bluffton-Port Royal, SC (Metropolitan Statistical Area)",93.418
2013-01-01,25940,"Hilton Head Island-Bluffton-Port Royal, SC (Metropolitan Statistical Area)",96.405
2012-01-01,25940,"Hilton Head Island-Bluffton-Port Royal, SC (Metropolitan Statistical Area)",90.816
2011-01-01,25940,"Hilton Head Island-Bluffton-Port Royal, SC (Metropolitan Statistical Area)",88.105
2010-01-01,25940,"Hilton Head Island-Bluffton-Port Royal, SC (Metropolitan Statistical Area)",102.685
2009-01-01,25940,"Hilton Head Island-Bluffton-Port Royal, SC (Metropolitan Statistical Area)",99.728
2008-01-01,25940,"Hilton Head Island-Bluffton-Port Royal, SC (Metropolitan Statistical Area)",99.497
2024-01-01,25940,"Hilton Head Island-Bluffton-Port Royal, SC (Metropolitan Statistical Area)",101.235
2023-01-01,25940,"Hilton Head Island-Bluffton-Port Royal, SC (Metropolitan Statistical Area)",93.205
2022-01-01,25940,"Hilton Head Island-Bluffton-Port Royal, SC (Metropolitan Statistical Area)",109.544
2021-01-01,25940,"Hilton Head Island-Bluffton-Port Royal, SC (Metropolitan Statistical Area)",104.541
2020-01-01,25940,"Hilton Head Island-Bluffton-Port Royal, SC (Metropolitan Statistical Area)",88.270
2019-01-01,25940,"Hilton Head Island-Bluffton-Port Royal, SC (Metropolitan Statistical Area)",107.405
2019-01-01,25980,"Hinesville, GA (Metropolitan Statistical Area)",84.671
2018-01-01,25980,"Hinesville, GA (Metropolitan Statistical Area)",83.033
2017-01-01,25980,"Hinesville, GA (Metropolitan Statistical Area)",75.997
2016-01-01,25980,"Hinesville, GA (Metropolitan Statistical Area)",80.102
2015-01-01,25980,"Hinesville, GA (Metropolitan Statistical Area)",72.560
2014-01-01,25980,"Hinesville, GA (Metropolitan Statistical Area)",78.448
2013-01-01,25980,"Hinesville, GA (Metropolitan Statistical Area)",82.229
2012-01-01,25980,"Hinesville, GA (Metropolitan Statistical Area)",74.680
2011-01-01,25980,"Hinesville, GA (Metropolitan Statistical Area)",83.180
2010-01-01,25980,"Hinesville, GA (Metropolitan Statistical Area)",79.442
2009-01-01,25980,"Hinesville, GA (Metropolitan Statistical Area)",67.306
2008-01-01,25980,"Hinesville, GA (Metropolitan Statistical Area)",75.352
2024-01-01,25980,"Hinesville, GA (Metropolitan Statistical Area)",79.460
2023-01-01,25980,"Hinesville, GA (Metropolitan Statistical Area)",82.512
2022-01-01,25980,"Hinesville, GA (Metropolitan Statistical Area)",81.462
2021-01-01,25980,"Hinesville, GA (Metropolitan Statistical Area)",75.573
2020-01-01,25980,"Hinesville, GA (Metropolitan Statistical Area)",68.331
2018-01-01,26140,"Homosassa Springs, FL (Metropolitan Statistical Area)",81.674
2017-01-01,26140,"Homosassa Springs, FL (Metropolitan Statistical Area)",69.346
2016-01-01,26140,"Homosassa Springs, FL (Metropolitan Statistical Area)",73.443
2015-01-01,26140,"Homosassa Springs, FL (Metropolitan Statistical Area)",78.810
2014-01-01,26140,"Homosassa Springs, FL (Metropolitan Statistical Area)",75.494
2013-01-01,26140,"Homosassa Springs, FL (Metropolitan Statistical Area)",73.506
2012-01-01,26140,"Homosassa Springs, FL (Metropolitan Statistical Area)",84.656
2011-01-01,26140,"Homosassa Springs, FL (Metropolitan Statistical Area)",73.880
2010-01-01,26140,"Homosassa Springs, FL (Metropolitan Statistical Area)",76.355
2009-01-01,26140,"Homosassa Springs, FL (Metropolitan Statistical Area)",92.325
2008-01-01,26140,"Homosassa Springs, FL (Metropolitan Statistical Area)",74.747
2024-01-01,26140,"Homosassa Springs, FL (Metropolitan Statistical Area)",78.427
2023-01-01,26140,"Homosassa Springs, FL (Metropolitan Statistical Area)",85.590
2022-01-01,26140,"Homosassa Springs, FL (Metropolitan Statistical Area)",82.519
2021-01-01,26140,"Homosassa Springs, FL (Metropolitan Statistical Area)",78.280
2020-01-01,26140,"Homosassa Springs, FL (Metropolitan Statistical Area)",69.865
2019-01-01,26140,"Homosassa Springs, FL (Metropolitan Statistical Area)",71.253
2021-01-01,26300,"Hot Springs, AR (Metropolitan Statistical Area)",60.574
2019-01-01,26300,"Hot Springs, AR (Metropolitan Statistical Area)",56.557
2018-01-01,26300,"Hot Springs, AR (Metropolitan Statistical Area)",56.868
2017-01-01,26300,"Hot Springs, AR (Metropolitan Statistical Area)",58.082
2016-01-01,26300,"Hot Springs, AR (Metropolitan Statistical Area)",66.607
2015-01-01,26300,"Hot Springs, AR (Metropolitan Statistical Area)",59.004
2014-01-01,26300,"Hot Springs, AR (Metropolitan Statistical Area)",56.967
2013-01-01,26300,"Hot Springs, AR (Metropolitan Statistical Area)",60.301
2012-01-01,26300,"Hot Springs, AR (Metropolitan Statistical Area)",65.003
2011-01-01,26300,"Hot Springs, AR (Metropolitan Statistical Area)",68.930
2010-01-01,26300,"Hot Springs, AR (Metropolitan Statistical Area)",62.813
2009-01-01,26300,"Hot Springs, AR (Metropolitan Statistical Area)",60.735
2008-01-01,26300,"Hot Springs, AR (Metropolitan Statistical Area)",59.534
2024-01-01,26300,"Hot Springs, AR (Metropolitan Statistical Area)",57.281
2023-01-01,26300,"Hot Springs, AR (Metropolitan Statistical Area)",56.919
2022-01-01,26300,"Hot Springs, AR (Metropolitan Statistical Area)",56.648
2020-01-01,26300,"Hot Springs, AR (Metropolitan Statistical Area)",58.479
2018-01-01,26380,"Houma-Bayou Cane-Thibodaux, LA (Metropolitan Statistical Area)",64.807
2017-01-01,26380,"Houma-Bayou Cane-Thibodaux, LA (Metropolitan Statistical Area)",72.861
2016-01-01,26380,"Houma-Bayou Cane-Thibodaux, LA (Metropolitan Statistical Area)",73.917
2015-01-01,26380,"Houma-Bayou Cane-Thibodaux, LA (Metropolitan Statistical Area)",75.219
2014-01-01,26380,"Houma-Bayou Cane-Thibodaux, LA (Metropolitan Statistical Area)",71.645
2013-01-01,26380,"Houma-Bayou Cane-Thibodaux, LA (Metropolitan Statistical Area)",82.814
2012-01-01,26380,"Houma-Bayou Cane-Thibodaux, LA (Metropolitan Statistical Area)",78.181
2011-01-01,26380,"Houma-Bayou Cane-Thibodaux, LA (Metropolitan Statistical Area)",73.824
2010-01-01,26380,"Houma-Bayou Cane-Thibodaux, LA (Metropolitan Statistical Area)",77.975
2009-01-01,26380,"Houma-Bayou Cane-Thibodaux, LA (Metropolitan Statistical Area)",58.787
2008-01-01,26380,"Houma-Bayou Cane-Thibodaux, LA (Metropolitan Statistical Area)",60.084
2024-01-01,26380,"Houma-Bayou Cane-Thibodaux, LA (Metropolitan Statistical Area)",51.311
2023-01-01,26380,"Houma-Bayou Cane-Thibodaux, LA (Metropolitan Statistical Area)",67.549
2022-01-01,26380,"Houma-Bayou Cane-Thibodaux, LA (Metropolitan Statistical Area)",57.743
2021-01-01,26380,"Houma-Bayou Cane-Thibodaux, LA (Metropolitan Statistical Area)",53.073
2020-01-01,26380,"Houma-Bayou Cane-Thibodaux, LA (Metropolitan Statistical Area)",72.079
2019-01-01,26380,"Houma-Bayou Cane-Thibodaux, LA (Metropolitan Statistical Area)",68.571
2019-01-01,26420,"Houston-Pasadena-The Woodlands, TX (Metropolitan Statistical Area)",107.403
2018-01-01,26420,"Houston-Pasadena-The Woodlands, TX (Metropolitan Statistical Area)",108.040
2017-01-01,26420,"Houston-Pasadena-The Woodlands, TX (Metropolitan Statistical Area)",108.520
2016-01-01,26420,"Houston-Pasadena-The Woodlands, TX (Metropolitan Statistical Area)",109.952
2015-01-01,26420,"Houston-Pasadena-The Woodlands, TX (Metropolitan Statistical Area)",108.604
2014-01-01,26420,"Houston-Pasadena-The Woodlands, TX (Metropolitan Statistical Area)",107.629
2013-01-01,26420,"Houston-Pasadena-The Woodlands, TX (Metropolitan Statistical Area)",104.057
2012-01-01,26420,"Houston-Pasadena-The Woodlands, TX (Metropolitan Statistical Area)",103.440
2011-01-01,26420,"Houston-Pasadena-The Woodlands, TX (Metropolitan Statistical Area)",99.407
2010-01-01,26420,"Houston-Pasadena-The Woodlands, TX (Metropolitan Statistical Area)",103.549
2009-01-01,26420,"Houston-Pasadena-The Woodlands, TX (Metropolitan Statistical Area)",101.908
2008-01-01,26420,"Houston-Pasadena-The Woodlands, TX (Metropolitan Statistical Area)",99.944
2024-01-01,26420,"Houston-Pasadena-The Woodlands, TX (Metropolitan Statistical Area)",104.510
2023-01-01,26420,"Houston-Pasadena-The Woodlands, TX (Metropolitan Statistical Area)",106.257
2022-01-01,26420,"Houston-Pasadena-The Woodlands, TX (Metropolitan Statistical Area)",107.833
2021-01-01,26420,"Houston-Pasadena-The Woodlands, TX (Metropolitan Statistical Area)",105.608
2020-01-01,26420,"Houston-Pasadena-The Woodlands, TX (Metropolitan Statistical Area)",107.497
2018-01-01,26580,"Huntington-Ashland, WV-KY-OH (Metropolitan Statistical Area)",56.193
2017-01-01,26580,"Huntington-Ashland, WV-KY-OH (Metropolitan Statistical Area)",52.702
2016-01-01,26580,"Huntington-Ashland, WV-KY-OH (Metropolitan Statistical Area)",57.967
2015-01-01,26580,"Huntington-Ashland, WV-KY-OH (Metropolitan Statistical Area)",56.599
2014-01-01,26580,"Huntington-Ashland, WV-KY-OH (Metropolitan Statistical Area)",57.898
2013-01-01,26580,"Huntington-Ashland, WV-KY-OH (Metropolitan Statistical Area)",54.831
2012-01-01,26580,"Huntington-Ashland, WV-KY-OH (Metropolitan Statistical Area)",55.560
2011-01-01,26580,"Huntington-Ashland, WV-KY-OH (Metropolitan Statistical Area)",61.172
2010-01-01,26580,"Huntington-Ashland, WV-KY-OH (Metropolitan Statistical Area)",53.606
2009-01-01,26580,"Huntington-Ashland, WV-KY-OH (Metropolitan Statistical Area)",56.944
2008-01-01,26580,"Huntington-Ashland, WV-KY-OH (Metropolitan Statistical Area)",54.759
2024-01-01,26580,"Huntington-Ashland, WV-KY-OH (Metropolitan Statistical Area)",51.257
2023-01-01,26580,"Huntington-Ashland, WV-KY-OH (Metropolitan Statistical Area)",49.783
2022-01-01,26580,"Huntington-Ashland, WV-KY-OH (Metropolitan Statistical Area)",50.752
2021-01-01,26580,"Huntington-Ashland, WV-KY-OH (Metropolitan Statistical Area)",53.704
2020-01-01,26580,"Huntington-Ashland, WV-KY-OH (Metropolitan Statistical Area)",54.878
2019-01-01,26580,"Huntington-Ashland, WV-KY-OH (Metropolitan Statistical Area)",54.171
2024-01-01,26620,"Huntsville, AL (Metropolitan Statistical Area)",77.946
2023-01-01,26620,"Huntsville, AL (Metropolitan Statistical Area)",81.192
2022-01-01,26620,"Huntsville, AL (Metropolitan Statistical Area)",76.784
2021-01-01,26620,"Huntsville, AL (Metropolitan Statistical Area)",72.928
2020-01-01,26620,"Huntsville, AL (Metropolitan Statistical Area)",70.475
2019-01-01,26620,"Huntsville, AL (Metropolitan Statistical Area)",68.846
2018-01-01,26620,"Huntsville, AL (Metropolitan Statistical Area)",67.297
2017-01-01,26620,"Huntsville, AL (Metropolitan Statistical Area)",69.786
2016-01-01,26620,"Huntsville, AL (Metropolitan Statistical Area)",65.305
2015-01-01,26620,"Huntsville, AL (Metropolitan Statistical Area)",65.096
2014-01-01,26620,"Huntsville, AL (Metropolitan Statistical Area)",64.072
2013-01-01,26620,"Huntsville, AL (Metropolitan Statistical Area)",69.847
2012-01-01,26620,"Huntsville, AL (Metropolitan Statistical Area)",69.796
2011-01-01,26620,"Huntsville, AL (Metropolitan Statistical Area)",69.851
2010-01-01,26620,"Huntsville, AL (Metropolitan Statistical Area)",66.031
2009-01-01,26620,"Huntsville, AL (Metropolitan Statistical Area)",65.325
2008-01-01,26620,"Huntsville, AL (Metropolitan Statistical Area)",68.627
2018-01-01,26820,"Idaho Falls, ID (Metropolitan Statistical Area)",72.340
2017-01-01,26820,"Idaho Falls, ID (Metropolitan Statistical Area)",75.611
2016-01-01,26820,"Idaho Falls, ID (Metropolitan Statistical Area)",79.803
2015-01-01,26820,"Idaho Falls, ID (Metropolitan Statistical Area)",70.707
2014-01-01,26820,"Idaho Falls, ID (Metropolitan Statistical Area)",53.849
2013-01-01,26820,"Idaho Falls, ID (Metropolitan Statistical Area)",71.890
2012-01-01,26820,"Idaho Falls, ID (Metropolitan Statistical Area)",77.558
2011-01-01,26820,"Idaho Falls, ID (Metropolitan Statistical Area)",75.240
2010-01-01,26820,"Idaho Falls, ID (Metropolitan Statistical Area)",69.011
2009-01-01,26820,"Idaho Falls, ID (Metropolitan Statistical Area)",76.106
2008-01-01,26820,"Idaho Falls, ID (Metropolitan Statistical Area)",75.243
2024-01-01,26820,"Idaho Falls, ID (Metropolitan Statistical Area)",83.985
2023-01-01,26820,"Idaho Falls, ID (Metropolitan Statistical Area)",79.370
2022-01-01,26820,"Idaho Falls, ID (Metropolitan Statistical Area)",83.137
2021-01-01,26820,"Idaho Falls, ID (Metropolitan Statistical Area)",76.773
2020-01-01,26820,"Idaho Falls, ID (Metropolitan Statistical Area)",74.570
2019-01-01,26820,"Idaho Falls, ID (Metropolitan Statistical Area)",72.565
2019-01-01,26900,"Indianapolis-Carmel-Greenwood, IN (Metropolitan Statistical Area)",85.358
2018-01-01,26900,"Indianapolis-Carmel-Greenwood, IN (Metropolitan Statistical Area)",85.374
2017-01-01,26900,"Indianapolis-Carmel-Greenwood, IN (Metropolitan Statistical Area)",84.638
2016-01-01,26900,"Indianapolis-Carmel-Greenwood, IN (Metropolitan Statistical Area)",84.423
2015-01-01,26900,"Indianapolis-Carmel-Greenwood, IN (Metropolitan Statistical Area)",87.437
2014-01-01,26900,"Indianapolis-Carmel-Greenwood, IN (Metropolitan Statistical Area)",84.346
2013-01-01,26900,"Indianapolis-Carmel-Greenwood, IN (Metropolitan Statistical Area)",89.288
2012-01-01,26900,"Indianapolis-Carmel-Greenwood, IN (Metropolitan Statistical Area)",86.777
2011-01-01,26900,"Indianapolis-Carmel-Greenwood, IN (Metropolitan Statistical Area)",87.145
2010-01-01,26900,"Indianapolis-Carmel-Greenwood, IN (Metropolitan Statistical Area)",90.243
2009-01-01,26900,"Indianapolis-Carmel-Greenwood, IN (Metropolitan Statistical Area)",86.199
2008-01-01,26900,"Indianapolis-Carmel-Greenwood, IN (Metropolitan Statistical Area)",86.981
2024-01-01,26900,"Indianapolis-Carmel-Greenwood, IN (Metropolitan Statistical Area)",88.917
2023-01-01,26900,"Indianapolis-Carmel-Greenwood, IN (Metropolitan Statistical Area)",87.018
2022-01-01,26900,"Indianapolis-Carmel-Greenwood, IN (Metropolitan Statistical Area)",84.616
2021-01-01,26900,"Indianapolis-Carmel-Greenwood, IN (Metropolitan Statistical Area)",86.489
2020-01-01,26900,"Indianapolis-Carmel-Greenwood, IN (Metropolitan Statistical Area)",82.176
2018-01-01,26980,"Iowa City, IA (Metropolitan Statistical Area)",87.132
2017-01-01,26980,"Iowa City, IA (Metropolitan Statistical Area)",95.501
2016-01-01,26980,"Iowa City, IA (Metropolitan Statistical Area)",94.579
2015-01-01,26980,"Iowa City, IA (Metropolitan Statistical Area)",94.080
2014-01-01,26980,"Iowa City, IA (Metropolitan Statistical Area)",104.257
2013-01-01,26980,"Iowa City, IA (Metropolitan Statistical Area)",100.830
2012-01-01,26980,"Iowa City, IA (Metropolitan Statistical Area)",98.678
2011-01-01,26980,"Iowa City, IA (Metropolitan Statistical Area)",102.832
2010-01-01,26980,"Iowa City, IA (Metropolitan Statistical Area)",98.488
2009-01-01,26980,"Iowa City, IA (Metropolitan Statistical Area)",83.771
2008-01-01,26980,"Iowa City, IA (Metropolitan Statistical Area)",87.612
2024-01-01,26980,"Iowa City, IA (Metropolitan Statistical Area)",83.990
2023-01-01,26980,"Iowa City, IA (Metropolitan Statistical Area)",81.558
2022-01-01,26980,"Iowa City, IA (Metropolitan Statistical Area)",83.506
2021-01-01,26980,"Iowa City, IA (Metropolitan Statistical Area)",82.415
2020-01-01,26980,"Iowa City, IA (Metropolitan Statistical Area)",93.251
2019-01-01,26980,"Iowa City, IA (Metropolitan Statistical Area)",90.023
2019-01-01,27060,"Ithaca, NY (Metropolitan Statistical Area)",136.027
2018-01-01,27060,"Ithaca, NY (Metropolitan Statistical Area)",112.433
2017-01-01,27060,"Ithaca, NY (Metropolitan Statistical Area)",124.453
2016-01-01,27060,"Ithaca, NY (Metropolitan Statistical Area)",108.224
2015-01-01,27060,"Ithaca, NY (Metropolitan Statistical Area)",119.293
2014-01-01,27060,"Ithaca, NY (Metropolitan Statistical Area)",109.225
2013-01-01,27060,"Ithaca, NY (Metropolitan Statistical Area)",95.420
2012-01-01,27060,"Ithaca, NY (Metropolitan Statistical Area)",116.520
2011-01-01,27060,"Ithaca, NY (Metropolitan Statistical Area)",111.306
2010-01-01,27060,"Ithaca, NY (Metropolitan Statistical Area)",99.826
2009-01-01,27060,"Ithaca, NY (Metropolitan Statistical Area)",103.255
2008-01-01,27060,"Ithaca, NY (Metropolitan Statistical Area)",90.642
2024-01-01,27060,"Ithaca, NY (Metropolitan Statistical Area)",128.377
2023-01-01,27060,"Ithaca, NY (Metropolitan Statistical Area)",101.289
2022-01-01,27060,"Ithaca, NY (Metropolitan Statistical Area)",106.416
2021-01-01,27060,"Ithaca, NY (Metropolitan Statistical Area)",124.552
2020-01-01,27060,"Ithaca, NY (Metropolitan Statistical Area)",111.721
2018-01-01,27100,"Jackson, MI (Metropolitan Statistical Area)",76.385
2017-01-01,27100,"Jackson, MI (Metropolitan Statistical Area)",73.807
2016-01-01,27100,"Jackson, MI (Metropolitan Statistical Area)",76.173
2015-01-01,27100,"Jackson, MI (Metropolitan Statistical Area)",67.675
2014-01-01,27100,"Jackson, MI (Metropolitan Statistical Area)",75.107
2013-01-01,27100,"Jackson, MI (Metropolitan Statistical Area)",63.361
2012-01-01,27100,"Jackson, MI (Metropolitan Statistical Area)",74.787
2011-01-01,27100,"Jackson, MI (Metropolitan Statistical Area)",80.003
2010-01-01,27100,"Jackson, MI (Metropolitan Statistical Area)",67.316
2009-01-01,27100,"Jackson, MI (Metropolitan Statistical Area)",69.612
2008-01-01,27100,"Jackson, MI (Metropolitan Statistical Area)",86.120
2024-01-01,27100,"Jackson, MI (Metropolitan Statistical Area)",67.092
2023-01-01,27100,"Jackson, MI (Metropolitan Statistical Area)",77.983
2022-01-01,27100,"Jackson, MI (Metropolitan Statistical Area)",71.661
2021-01-01,27100,"Jackson, MI (Metropolitan Statistical Area)",77.306
2020-01-01,27100,"Jackson, MI (Metropolitan Statistical Area)",72.753
2019-01-01,27100,"Jackson, MI (Metropolitan Statistical Area)",73.665
2019-01-01,27140,"Jackson, MS (Metropolitan Statistical Area)",61.287
2018-01-01,27140,"Jackson, MS (Metropolitan Statistical Area)",66.037
2017-01-01,27140,"Jackson, MS (Metropolitan Statistical Area)",70.911
2016-01-01,27140,"Jackson, MS (Metropolitan Statistical Area)",71.932
2015-01-01,27140,"Jackson, MS (Metropolitan Statistical Area)",72.228
2014-01-01,27140,"Jackson, MS (Metropolitan Statistical Area)",68.460
2013-01-01,27140,"Jackson, MS (Metropolitan Statistical Area)",71.375
2012-01-01,27140,"Jackson, MS (Metropolitan Statistical Area)",71.236
2011-01-01,27140,"Jackson, MS (Metropolitan Statistical Area)",71.478
2010-01-01,27140,"Jackson, MS (Metropolitan Statistical Area)",75.286
2009-01-01,27140,"Jackson, MS (Metropolitan Statistical Area)",71.741
2008-01-01,27140,"Jackson, MS (Metropolitan Statistical Area)",68.290
2024-01-01,27140,"Jackson, MS (Metropolitan Statistical Area)",64.768
2023-01-01,27140,"Jackson, MS (Metropolitan Statistical Area)",65.641
2022-01-01,27140,"Jackson, MS (Metropolitan Statistical Area)",67.348
2021-01-01,27140,"Jackson, MS (Metropolitan Statistical Area)",64.436
2020-01-01,27140,"Jackson, MS (Metropolitan Statistical Area)",66.335
2023-01-01,27180,"Jackson, TN (Metropolitan Statistical Area)",56.631
2022-01-01,27180,"Jackson, TN (Metropolitan Statistical Area)",56.978
2021-01-01,27180,"Jackson, TN (Metropolitan Statistical Area)",53.512
2020-01-01,27180,"Jackson, TN (Metropolitan Statistical Area)",50.955
2019-01-01,27180,"Jackson, TN (Metropolitan Statistical Area)",49.501
2018-01-01,27180,"Jackson, TN (Metropolitan Statistical Area)",50.119
2017-01-01,27180,"Jackson, TN (Metropolitan Statistical Area)",59.511
2016-01-01,27180,"Jackson, TN (Metropolitan Statistical Area)",55.474
2015-01-01,27180,"Jackson, TN (Metropolitan Statistical Area)",57.874
2014-01-01,27180,"Jackson, TN (Metropolitan Statistical Area)",58.962
2013-01-01,27180,"Jackson, TN (Metropolitan Statistical Area)",50.542
2012-01-01,27180,"Jackson, TN (Metropolitan Statistical Area)",62.319
2011-01-01,27180,"Jackson, TN (Metropolitan Statistical Area)",55.749
2010-01-01,27180,"Jackson, TN (Metropolitan Statistical Area)",54.465
2009-01-01,27180,"Jackson, TN (Metropolitan Statistical Area)",54.992
2008-01-01,27180,"Jackson, TN (Metropolitan Statistical Area)",56.597
2024-01-01,27180,"Jackson, TN (Metropolitan Statistical Area)",56.567
2019-01-01,27260,"Jacksonville, FL (Metropolitan Statistical Area)",98.681
2018-01-01,27260,"Jacksonville, FL (Metropolitan Statistical Area)",96.247
2017-01-01,27260,"Jacksonville, FL (Metropolitan Statistical Area)",97.918
2016-01-01,27260,"Jacksonville, FL (Metropolitan Statistical Area)",97.498
2015-01-01,27260,"Jacksonville, FL (Metropolitan Statistical Area)",99.281
2014-01-01,27260,"Jacksonville, FL (Metropolitan Statistical Area)",100.314
2013-01-01,27260,"Jacksonville, FL (Metropolitan Statistical Area)",97.989
2012-01-01,27260,"Jacksonville, FL (Metropolitan Statistical Area)",99.106
2011-01-01,27260,"Jacksonville, FL (Metropolitan Statistical Area)",99.933
2010-01-01,27260,"Jacksonville, FL (Metropolitan Statistical Area)",100.803
2009-01-01,27260,"Jacksonville, FL (Metropolitan Statistical Area)",102.081
2008-01-01,27260,"Jacksonville, FL (Metropolitan Statistical Area)",105.691
2024-01-01,27260,"Jacksonville, FL (Metropolitan Statistical Area)",109.777
2023-01-01,27260,"Jacksonville, FL (Metropolitan Statistical Area)",108.103
2022-01-01,27260,"Jacksonville, FL (Metropolitan Statistical Area)",103.316
2021-01-01,27260,"Jacksonville, FL (Metropolitan Statistical Area)",105.032
2020-01-01,27260,"Jacksonville, FL (Metropolitan Statistical Area)",101.748
2018-01-01,27340,"Jacksonville, NC (Metropolitan Statistical Area)",68.695
2017-01-01,27340,"Jacksonville, NC (Metropolitan Statistical Area)",73.677
2016-01-01,27340,"Jacksonville, NC (Metropolitan Statistical Area)",74.138
2015-01-01,27340,"Jacksonville, NC (Metropolitan Statistical Area)",74.013
2014-01-01,27340,"Jacksonville, NC (Metropolitan Statistical Area)",77.536
2013-01-01,27340,"Jacksonville, NC (Metropolitan Statistical Area)",75.336
2012-01-01,27340,"Jacksonville, NC (Metropolitan Statistical Area)",81.876
2011-01-01,27340,"Jacksonville, NC (Metropolitan Statistical Area)",93.852
2010-01-01,27340,"Jacksonville, NC (Metropolitan Statistical Area)",88.377
2009-01-01,27340,"Jacksonville, NC (Metropolitan Statistical Area)",86.187
2008-01-01,27340,"Jacksonville, NC (Metropolitan Statistical Area)",79.530
2024-01-01,27340,"Jacksonville, NC (Metropolitan Statistical Area)",72.118
2023-01-01,27340,"Jacksonville, NC (Metropolitan Statistical Area)",71.250
2022-01-01,27340,"Jacksonville, NC (Metropolitan Statistical Area)",72.582
2021-01-01,27340,"Jacksonville, NC (Metropolitan Statistical Area)",61.654
2020-01-01,27340,"Jacksonville, NC (Metropolitan Statistical Area)",66.387
2019-01-01,27340,"Jacksonville, NC (Metropolitan Statistical Area)",70.539
2019-01-01,27500,"Janesville-Beloit, WI (Metropolitan Statistical Area)",78.421
2018-01-01,27500,"Janesville-Beloit, WI (Metropolitan Statistical Area)",80.080
2017-01-01,27500,"Janesville-Beloit, WI (Metropolitan Statistical Area)",79.392
2016-01-01,27500,"Janesville-Beloit, WI (Metropolitan Statistical Area)",75.502
2015-01-01,27500,"Janesville-Beloit, WI (Metropolitan Statistical Area)",75.328
2014-01-01,27500,"Janesville-Beloit, WI (Metropolitan Statistical Area)",85.844
2013-01-01,27500,"Janesville-Beloit, WI (Metropolitan Statistical Area)",76.678
2012-01-01,27500,"Janesville-Beloit, WI (Metropolitan Statistical Area)",84.760
2011-01-01,27500,"Janesville-Beloit, WI (Metropolitan Statistical Area)",85.637
2010-01-01,27500,"Janesville-Beloit, WI (Metropolitan Statistical Area)",86.433
2009-01-01,27500,"Janesville-Beloit, WI (Metropolitan Statistical Area)",76.248
2008-01-01,27500,"Janesville-Beloit, WI (Metropolitan Statistical Area)",71.740
2024-01-01,27500,"Janesville-Beloit, WI (Metropolitan Statistical Area)",79.552
2023-01-01,27500,"Janesville-Beloit, WI (Metropolitan Statistical Area)",70.711
2022-01-01,27500,"Janesville-Beloit, WI (Metropolitan Statistical Area)",77.042
2021-01-01,27500,"Janesville-Beloit, WI (Metropolitan Statistical Area)",76.485
2020-01-01,27500,"Janesville-Beloit, WI (Metropolitan Statistical Area)",69.890
2018-01-01,27620,"Jefferson City, MO (Metropolitan Statistical Area)",57.239
2017-01-01,27620,"Jefferson City, MO (Metropolitan Statistical Area)",49.288
2016-01-01,27620,"Jefferson City, MO (Metropolitan Statistical Area)",60.715
2015-01-01,27620,"Jefferson City, MO (Metropolitan Statistical Area)",60.876
2014-01-01,27620,"Jefferson City, MO (Metropolitan Statistical Area)",54.571
2013-01-01,27620,"Jefferson City, MO (Metropolitan Statistical Area)",62.878
2012-01-01,27620,"Jefferson City, MO (Metropolitan Statistical Area)",66.681
2011-01-01,27620,"Jefferson City, MO (Metropolitan Statistical Area)",62.089
2010-01-01,27620,"Jefferson City, MO (Metropolitan Statistical Area)",60.317
2009-01-01,27620,"Jefferson City, MO (Metropolitan Statistical Area)",59.501
2008-01-01,27620,"Jefferson City, MO (Metropolitan Statistical Area)",60.631
2024-01-01,27620,"Jefferson City, MO (Metropolitan Statistical Area)",62.123
2023-01-01,27620,"Jefferson City, MO (Metropolitan Statistical Area)",57.696
2022-01-01,27620,"Jefferson City, MO (Metropolitan Statistical Area)",60.014
2021-01-01,27620,"Jefferson City, MO (Metropolitan Statistical Area)",58.899
2020-01-01,27620,"Jefferson City, MO (Metropolitan Statistical Area)",59.418
2019-01-01,27620,"Jefferson City, MO (Metropolitan Statistical Area)",67.649
2019-01-01,27740,"Johnson City, TN (Metropolitan Statistical Area)",67.110
2018-01-01,27740,"Johnson City, TN (Metropolitan Statistical Area)",58.259
2017-01-01,27740,"Johnson City, TN (Metropolitan Statistical Area)",58.280
2016-01-01,27740,"Johnson City, TN (Metropolitan Statistical Area)",60.305
2015-01-01,27740,"Johnson City, TN (Metropolitan Statistical Area)",64.892
2014-01-01,27740,"Johnson City, TN (Metropolitan Statistical Area)",64.177
2013-01-01,27740,"Johnson City, TN (Metropolitan Statistical Area)",59.726
2012-01-01,27740,"Johnson City, TN (Metropolitan Statistical Area)",69.603
2011-01-01,27740,"Johnson City, TN (Metropolitan Statistical Area)",65.216
2010-01-01,27740,"Johnson City, TN (Metropolitan Statistical Area)",62.294
2009-01-01,27740,"Johnson City, TN (Metropolitan Statistical Area)",67.465
2008-01-01,27740,"Johnson City, TN (Metropolitan Statistical Area)",69.723
2024-01-01,27740,"Johnson City, TN (Metropolitan Statistical Area)",63.176
2023-01-01,27740,"Johnson City, TN (Metropolitan Statistical Area)",63.632
2022-01-01,27740,"Johnson City, TN (Metropolitan Statistical Area)",56.190
2021-01-01,27740,"Johnson City, TN (Metropolitan Statistical Area)",59.820
2020-01-01,27740,"Johnson City, TN (Metropolitan Statistical Area)",66.640
2018-01-01,27780,"Johnstown, PA (Metropolitan Statistical Area)",52.575
2017-01-01,27780,"Johnstown, PA (Metropolitan Statistical Area)",51.895
2016-01-01,27780,"Johnstown, PA (Metropolitan Statistical Area)",47.018
2015-01-01,27780,"Johnstown, PA (Metropolitan Statistical Area)",47.605
2014-01-01,27780,"Johnstown, PA (Metropolitan Statistical Area)",52.750
2013-01-01,27780,"Johnstown, PA (Metropolitan Statistical Area)",44.578
2012-01-01,27780,"Johnstown, PA (Metropolitan Statistical Area)",47.939
2011-01-01,27780,"Johnstown, PA (Metropolitan Statistical Area)",51.134
2010-01-01,27780,"Johnstown, PA (Metropolitan Statistical Area)",52.866
2009-01-01,27780,"Johnstown, PA (Metropolitan Statistical Area)",48.904
2008-01-01,27780,"Johnstown, PA (Metropolitan Statistical Area)",50.957
2024-01-01,27780,"Johnstown, PA (Metropolitan Statistical Area)",42.333
2023-01-01,27780,"Johnstown, PA (Metropolitan Statistical Area)",47.199
2022-01-01,27780,"Johnstown, PA (Metropolitan Statistical Area)",51.132
2021-01-01,27780,"Johnstown, PA (Metropolitan Statistical Area)",43.775
2020-01-01,27780,"Johnstown, PA (Metropolitan Statistical Area)",48.685
2019-01-01,27780,"Johnstown, PA (Metropolitan Statistical Area)",45.512
2019-01-01,27860,"Jonesboro, AR (Metropolitan Statistical Area)",50.767
2018-01-01,27860,"Jonesboro, AR (Metropolitan Statistical Area)",48.684
2017-01-01,27860,"Jonesboro, AR (Metropolitan Statistical Area)",52.794
2016-01-01,27860,"Jonesboro, AR (Metropolitan Statistical Area)",50.640
2015-01-01,27860,"Jonesboro, AR (Metropolitan Statistical Area)",53.658
2014-01-01,27860,"Jonesboro, AR (Metropolitan Statistical Area)",53.100
2013-01-01,27860,"Jonesboro, AR (Metropolitan Statistical Area)",50.008
2012-01-01,27860,"Jonesboro, AR (Metropolitan Statistical Area)",56.220
2011-01-01,27860,"Jonesboro, AR (Metropolitan Statistical Area)",53.008
2010-01-01,27860,"Jonesboro, AR (Metropolitan Statistical Area)",47.070
2009-01-01,27860,"Jonesboro, AR (Metropolitan Statistical Area)",47.211
2008-01-01,27860,"Jonesboro, AR (Metropolitan Statistical Area)",50.044
2024-01-01,27860,"Jonesboro, AR (Metropolitan Statistical Area)",53.848
2023-01-01,27860,"Jonesboro, AR (Metropolitan Statistical Area)",55.516
2022-01-01,27860,"Jonesboro, AR (Metropolitan Statistical Area)",54.689
2021-01-01,27860,"Jonesboro, AR (Metropolitan Statistical Area)",53.269
2020-01-01,27860,"Jonesboro, AR (Metropolitan Statistical Area)",47.979
2018-01-01,27900,"Joplin, MO-KS (Metropolitan Statistical Area)",55.321
2017-01-01,27900,"Joplin, MO-KS (Metropolitan Statistical Area)",57.002
2016-01-01,27900,"Joplin, MO-KS (Metropolitan Statistical Area)",57.227
2015-01-01,27900,"Joplin, MO-KS (Metropolitan Statistical Area)",63.613
2014-01-01,27900,"Joplin, MO-KS (Metropolitan Statistical Area)",61.578
2013-01-01,27900,"Joplin, MO-KS (Metropolitan Statistical Area)",61.961
2012-01-01,27900,"Joplin, MO-KS (Metropolitan Statistical Area)",61.414
2011-01-01,27900,"Joplin, MO-KS (Metropolitan Statistical Area)",62.661
2010-01-01,27900,"Joplin, MO-KS (Metropolitan Statistical Area)",57.632
2009-01-01,27900,"Joplin, MO-KS (Metropolitan Statistical Area)",58.825
2008-01-01,27900,"Joplin, MO-KS (Metropolitan Statistical Area)",60.928
2024-01-01,27900,"Joplin, MO-KS (Metropolitan Statistical Area)",53.976
2023-01-01,27900,"Joplin, MO-KS (Metropolitan Statistical Area)",50.543
2022-01-01,27900,"Joplin, MO-KS (Metropolitan Statistical Area)",51.878
2021-01-01,27900,"Joplin, MO-KS (Metropolitan Statistical Area)",56.860
2020-01-01,27900,"Joplin, MO-KS (Metropolitan Statistical Area)",56.095
2019-01-01,27900,"Joplin, MO-KS (Metropolitan Statistical Area)",59.083
2019-01-01,27980,"Kahului-Wailuku, HI (Metropolitan Statistical Area)",122.636
2018-01-01,27980,"Kahului-Wailuku, HI (Metropolitan Statistical Area)",127.020
2017-01-01,27980,"Kahului-Wailuku, HI (Metropolitan Statistical Area)",121.301
2016-01-01,27980,"Kahului-Wailuku, HI (Metropolitan Statistical Area)",113.415
2015-01-01,27980,"Kahului-Wailuku, HI (Metropolitan Statistical Area)",144.136
2014-01-01,27980,"Kahului-Wailuku, HI (Metropolitan Statistical Area)",114.970
2013-01-01,27980,"Kahului-Wailuku, HI (Metropolitan Statistical Area)",146.179
2012-01-01,27980,"Kahului-Wailuku, HI (Metropolitan Statistical Area)",118.050
2011-01-01,27980,"Kahului-Wailuku, HI (Metropolitan Statistical Area)",129.008
2010-01-01,27980,"Kahului-Wailuku, HI (Metropolitan Statistical Area)",123.197
2009-01-01,27980,"Kahului-Wailuku, HI (Metropolitan Statistical Area)",102.078
2008-01-01,27980,"Kahului-Wailuku, HI (Metropolitan Statistical Area)",135.426
2024-01-01,27980,"Kahului-Wailuku, HI (Metropolitan Statistical Area)",119.179
2023-01-01,27980,"Kahului-Wailuku, HI (Metropolitan Statistical Area)",111.445
2022-01-01,27980,"Kahului-Wailuku, HI (Metropolitan Statistical Area)",116.063
2021-01-01,27980,"Kahului-Wailuku, HI (Metropolitan Statistical Area)",128.203
2020-01-01,27980,"Kahului-Wailuku, HI (Metropolitan Statistical Area)",120.970
2018-01-01,28020,"Kalamazoo-Portage, MI (Metropolitan Statistical Area)",84.420
2017-01-01,28020,"Kalamazoo-Portage, MI (Metropolitan Statistical Area)",82.097
2016-01-01,28020,"Kalamazoo-Portage, MI (Metropolitan Statistical Area)",95.788
2015-01-01,28020,"Kalamazoo-Portage, MI (Metropolitan Statistical Area)",77.401
2014-01-01,28020,"Kalamazoo-Portage, MI (Metropolitan Statistical Area)",90.894
2013-01-01,28020,"Kalamazoo-Portage, MI (Metropolitan Statistical Area)",90.117
2012-01-01,28020,"Kalamazoo-Portage, MI (Metropolitan Statistical Area)",85.251
2011-01-01,28020,"Kalamazoo-Portage, MI (Metropolitan Statistical Area)",79.145
2010-01-01,28020,"Kalamazoo-Portage, MI (Metropolitan Statistical Area)",83.150
2009-01-01,28020,"Kalamazoo-Portage, MI (Metropolitan Statistical Area)",91.960
2008-01-01,28020,"Kalamazoo-Portage, MI (Metropolitan Statistical Area)",88.709
2024-01-01,28020,"Kalamazoo-Portage, MI (Metropolitan Statistical Area)",81.590
2023-01-01,28020,"Kalamazoo-Portage, MI (Metropolitan Statistical Area)",82.557
2022-01-01,28020,"Kalamazoo-Portage, MI (Metropolitan Statistical Area)",89.538
2021-01-01,28020,"Kalamazoo-Portage, MI (Metropolitan Statistical Area)",76.230
2020-01-01,28020,"Kalamazoo-Portage, MI (Metropolitan Statistical Area)",89.319
2019-01-01,28020,"Kalamazoo-Portage, MI (Metropolitan Statistical Area)",75.652
2019-01-01,28100,"Kankakee, IL (Metropolitan Statistical Area)",80.806
2018-01-01,28100,"Kankakee, IL (Metropolitan Statistical Area)",78.746
2017-01-01,28100,"Kankakee, IL (Metropolitan Statistical Area)",76.728
2016-01-01,28100,"Kankakee, IL (Metropolitan Statistical Area)",81.705
2015-01-01,28100,"Kankakee, IL (Metropolitan Statistical Area)",81.515
2014-01-01,28100,"Kankakee, IL (Metropolitan Statistical Area)",85.250
2013-01-01,28100,"Kankakee, IL (Metropolitan Statistical Area)",85.192
2012-01-01,28100,"Kankakee, IL (Metropolitan Statistical Area)",84.118
2011-01-01,28100,"Kankakee, IL (Metropolitan Statistical Area)",79.873
2010-01-01,28100,"Kankakee, IL (Metropolitan Statistical Area)",81.167
2009-01-01,28100,"Kankakee, IL (Metropolitan Statistical Area)",75.606
2008-01-01,28100,"Kankakee, IL (Metropolitan Statistical Area)",84.095
2024-01-01,28100,"Kankakee, IL (Metropolitan Statistical Area)",92.856
2023-01-01,28100,"Kankakee, IL (Metropolitan Statistical Area)",74.102
2022-01-01,28100,"Kankakee, IL (Metropolitan Statistical Area)",76.590
2021-01-01,28100,"Kankakee, IL (Metropolitan Statistical Area)",71.491
2020-01-01,28100,"Kankakee, IL (Metropolitan Statistical Area)",69.390
2018-01-01,28140,"Kansas City, MO-KS (Metropolitan Statistical Area)",83.264
2017-01-01,28140,"Kansas City, MO-KS (Metropolitan Statistical Area)",85.368
2016-01-01,28140,"Kansas City, MO-KS (Metropolitan Statistical Area)",85.253
2015-01-01,28140,"Kansas City, MO-KS (Metropolitan Statistical Area)",87.089
2014-01-01,28140,"Kansas City, MO-KS (Metropolitan Statistical Area)",84.136
2013-01-01,28140,"Kansas City, MO-KS (Metropolitan Statistical Area)",86.937
2012-01-01,28140,"Kansas City, MO-KS (Metropolitan Statistical Area)",85.295
2011-01-01,28140,"Kansas City, MO-KS (Metropolitan Statistical Area)",87.311
2010-01-01,28140,"Kansas City, MO-KS (Metropolitan Statistical Area)",88.249
2009-01-01,28140,"Kansas City, MO-KS (Metropolitan Statistical Area)",85.348
2008-01-01,28140,"Kansas City, MO-KS (Metropolitan Statistical Area)",88.789
2024-01-01,28140,"Kansas City, MO-KS (Metropolitan Statistical Area)",86.642
2023-01-01,28140,"Kansas City, MO-KS (Metropolitan Statistical Area)",87.970
2022-01-01,28140,"Kansas City, MO-KS (Metropolitan Statistical Area)",85.588
2021-01-01,28140,"Kansas City, MO-KS (Metropolitan Statistical Area)",84.810
2020-01-01,28140,"Kansas City, MO-KS (Metropolitan Statistical Area)",87.551
2019-01-01,28140,"Kansas City, MO-KS (Metropolitan Statistical Area)",84.619
2019-01-01,28420,"Kennewick-Richland, WA (Metropolitan Statistical Area)",103.196
2018-01-01,28420,"Kennewick-Richland, WA (Metropolitan Statistical Area)",89.842
2017-01-01,28420,"Kennewick-Richland, WA (Metropolitan Statistical Area)",94.409
2016-01-01,28420,"Kennewick-Richland, WA (Metropolitan Statistical Area)",95.993
2015-01-01,28420,"Kennewick-Richland, WA (Metropolitan Statistical Area)",94.598
2014-01-01,28420,"Kennewick-Richland, WA (Metropolitan Statistical Area)",95.983
2013-01-01,28420,"Kennewick-Richland, WA (Metropolitan Statistical Area)",91.351
2012-01-01,28420,"Kennewick-Richland, WA (Metropolitan Statistical Area)",90.897
2011-01-01,28420,"Kennewick-Richland, WA (Metropolitan Statistical Area)",101.036
2010-01-01,28420,"Kennewick-Richland, WA (Metropolitan Statistical Area)",85.037
2009-01-01,28420,"Kennewick-Richland, WA (Metropolitan Statistical Area)",88.752
2008-01-01,28420,"Kennewick-Richland, WA (Metropolitan Statistical Area)",85.307
2024-01-01,28420,"Kennewick-Richland, WA (Metropolitan Statistical Area)",94.824
2023-01-01,28420,"Kennewick-Richland, WA (Metropolitan Statistical Area)",83.203
2022-01-01,28420,"Kennewick-Richland, WA (Metropolitan Statistical Area)",101.298
2021-01-01,28420,"Kennewick-Richland, WA (Metropolitan Statistical Area)",95.674
2020-01-01,28420,"Kennewick-Richland, WA (Metropolitan Statistical Area)",91.127
2018-01-01,28450,"Kenosha, WI (Metropolitan Statistical Area)",88.000
2017-01-01,28450,"Kenosha, WI (Metropolitan Statistical Area)",94.295
2016-01-01,28450,"Kenosha, WI (Metropolitan Statistical Area)",87.884
2015-01-01,28450,"Kenosha, WI (Metropolitan Statistical Area)",101.484
2014-01-01,28450,"Kenosha, WI (Metropolitan Statistical Area)",101.018
2013-01-01,28450,"Kenosha, WI (Metropolitan Statistical Area)",90.285
2012-01-01,28450,"Kenosha, WI (Metropolitan Statistical Area)",80.603
2011-01-01,28450,"Kenosha, WI (Metropolitan Statistical Area)",96.025
2010-01-01,28450,"Kenosha, WI (Metropolitan Statistical Area)",84.150
2009-01-01,28450,"Kenosha, WI (Metropolitan Statistical Area)",98.225
2008-01-01,28450,"Kenosha, WI (Metropolitan Statistical Area)",109.065
2024-01-01,28450,"Kenosha, WI (Metropolitan Statistical Area)",95.814
2023-01-01,28450,"Kenosha, WI (Metropolitan Statistical Area)",91.696
2022-01-01,28450,"Kenosha, WI (Metropolitan Statistical Area)",92.291
2021-01-01,28450,"Kenosha, WI (Metropolitan Statistical Area)",86.789
2020-01-01,28450,"Kenosha, WI (Metropolitan Statistical Area)",83.132
2019-01-01,28450,"Kenosha, WI (Metropolitan Statistical Area)",103.497
2019-01-01,28660,"Killeen-Temple, TX (Metropolitan Statistical Area)",74.128
2018-01-01,28660,"Killeen-Temple, TX (Metropolitan Statistical Area)",74.928
2017-01-01,28660,"Killeen-Temple, TX (Metropolitan Statistical Area)",77.515
2016-01-01,28660,"Killeen-Temple, TX (Metropolitan Statistical Area)",76.635
2015-01-01,28660,"Killeen-Temple, TX (Metropolitan Statistical Area)",77.997
2014-01-01,28660,"Killeen-Temple, TX (Metropolitan Statistical Area)",80.211
2013-01-01,28660,"Killeen-Temple, TX (Metropolitan Statistical Area)",80.824
2012-01-01,28660,"Killeen-Temple, TX (Metropolitan Statistical Area)",76.072
2011-01-01,28660,"Killeen-Temple, TX (Metropolitan Statistical Area)",82.014
2010-01-01,28660,"Killeen-Temple, TX (Metropolitan Statistical Area)",77.009
2009-01-01,28660,"Killeen-Temple, TX (Metropolitan Statistical Area)",73.179
2008-01-01,28660,"Killeen-Temple, TX (Metropolitan Statistical Area)",78.911
2024-01-01,28660,"Killeen-Temple, TX (Metropolitan Statistical Area)",77.884
2023-01-01,28660,"Killeen-Temple, TX (Metropolitan Statistical Area)",83.415
2022-01-01,28660,"Killeen-Temple, TX (Metropolitan Statistical Area)",74.633
2021-01-01,28660,"Killeen-Temple, TX (Metropolitan Statistical Area)",77.356
2020-01-01,28660,"Killeen-Temple, TX (Metropolitan Statistical Area)",70.554
2018-01-01,28700,"Kingsport-Bristol, TN-VA (Metropolitan Statistical Area)",55.374
2017-01-01,28700,"Kingsport-Bristol, TN-VA (Metropolitan Statistical Area)",54.636
2016-01-01,28700,"Kingsport-Bristol, TN-VA (Metropolitan Statistical Area)",55.624
2015-01-01,28700,"Kingsport-Bristol, TN-VA (Metropolitan Statistical Area)",57.279
2014-01-01,28700,"Kingsport-Bristol, TN-VA (Metropolitan Statistical Area)",54.117
2013-01-01,28700,"Kingsport-Bristol, TN-VA (Metropolitan Statistical Area)",54.480
2012-01-01,28700,"Kingsport-Bristol, TN-VA (Metropolitan Statistical Area)",58.583
2011-01-01,28700,"Kingsport-Bristol, TN-VA (Metropolitan Statistical Area)",58.591
2010-01-01,28700,"Kingsport-Bristol, TN-VA (Metropolitan Statistical Area)",55.127
2009-01-01,28700,"Kingsport-Bristol, TN-VA (Metropolitan Statistical Area)",61.891
2008-01-01,28700,"Kingsport-Bristol, TN-VA (Metropolitan Statistical Area)",62.060
2024-01-01,28700,"Kingsport-Bristol, TN-VA (Metropolitan Statistical Area)",56.496
2023-01-01,28700,"Kingsport-Bristol, TN-VA (Metropolitan Statistical Area)",51.106
2022-01-01,28700,"Kingsport-Bristol, TN-VA (Metropolitan Statistical Area)",53.850
2021-01-01,28700,"Kingsport-Bristol, TN-VA (Metropolitan Statistical Area)",54.534
2020-01-01,28700,"Kingsport-Bristol, TN-VA (Metropolitan Statistical Area)",49.834
2019-01-01,28700,"Kingsport-Bristol, TN-VA (Metropolitan Statistical Area)",57.280
2019-01-01,28740,"Kingston, NY (Metropolitan Statistical Area)",117.746
2018-01-01,28740,"Kingston, NY (Metropolitan Statistical Area)",107.921
2017-01-01,28740,"Kingston, NY (Metropolitan Statistical Area)",109.682
2016-01-01,28740,"Kingston, NY (Metropolitan Statistical Area)",102.192
2015-01-01,28740,"Kingston, NY (Metropolitan Statistical Area)",109.600
2014-01-01,28740,"Kingston, NY (Metropolitan Statistical Area)",125.747
2013-01-01,28740,"Kingston, NY (Metropolitan Statistical Area)",119.371
2012-01-01,28740,"Kingston, NY (Metropolitan Statistical Area)",118.160
2011-01-01,28740,"Kingston, NY (Metropolitan Statistical Area)",111.174
2010-01-01,28740,"Kingston, NY (Metropolitan Statistical Area)",115.898
2009-01-01,28740,"Kingston, NY (Metropolitan Statistical Area)",115.337
2008-01-01,28740,"Kingston, NY (Metropolitan Statistical Area)",139.030
2024-01-01,28740,"Kingston, NY (Metropolitan Statistical Area)",110.173
2023-01-01,28740,"Kingston, NY (Metropolitan Statistical Area)",101.364
2022-01-01,28740,"Kingston, NY (Metropolitan Statistical Area)",110.769
2021-01-01,28740,"Kingston, NY (Metropolitan Statistical Area)",107.295
2020-01-01,28740,"Kingston, NY (Metropolitan Statistical Area)",112.292
2017-01-01,28880,"Kiryas Joel-Poughkeepsie-Newburgh, NY (Metropolitan Statistical Area)",123.757
2016-01-01,28880,"Kiryas Joel-Poughkeepsie-Newburgh, NY (Metropolitan Statistical Area)",124.942
2015-01-01,28880,"Kiryas Joel-Poughkeepsie-Newburgh, NY (Metropolitan Statistical Area)",0
2014-01-01,28880,"Kiryas Joel-Poughkeepsie-Newburgh, NY (Metropolitan Statistical Area)",0
2013-01-01,28880,"Kiryas Joel-Poughkeepsie-Newburgh, NY (Metropolitan Statistical Area)",0
2012-01-01,28880,"Kiryas Joel-Poughkeepsie-Newburgh, NY (Metropolitan Statistical Area)",0
2011-01-01,28880,"Kiryas Joel-Poughkeepsie-Newburgh, NY (Metropolitan Statistical Area)",0
2010-01-01,28880,"Kiryas Joel-Poughkeepsie-Newburgh, NY (Metropolitan Statistical Area)",0
2009-01-01,28880,"Kiryas Joel-Poughkeepsie-Newburgh, NY (Metropolitan Statistical Area)",0
2008-01-01,28880,"Kiryas Joel-Poughkeepsie-Newburgh, NY (Metropolitan Statistical Area)",0
2024-01-01,28880,"Kiryas Joel-Poughkeepsie-Newburgh, NY (Metropolitan Statistical Area)",115.763
2023-01-01,28880,"Kiryas Joel-Poughkeepsie-Newburgh, NY (Metropolitan Statistical Area)",118.981
2022-01-01,28880,"Kiryas Joel-Poughkeepsie-Newburgh, NY (Metropolitan Statistical Area)",121.230
2021-01-01,28880,"Kiryas Joel-Poughkeepsie-Newburgh, NY (Metropolitan Statistical Area)",116.972
2020-01-01,28880,"Kiryas Joel-Poughkeepsie-Newburgh, NY (Metropolitan Statistical Area)",112.626
2019-01-01,28880,"Kiryas Joel-Poughkeepsie-Newburgh, NY (Metropolitan Statistical Area)",127.030
2018-01-01,28880,"Kiryas Joel-Poughkeepsie-Newburgh, NY (Metropolitan Statistical Area)",119.309
2019-01-01,28940,"Knoxville, TN (Metropolitan Statistical Area)",74.244
2018-01-01,28940,"Knoxville, TN (Metropolitan Statistical Area)",70.045
2017-01-01,28940,"Knoxville, TN (Metropolitan Statistical Area)",72.138
2016-01-01,28940,"Knoxville, TN (Metropolitan Statistical Area)",71.895
2015-01-01,28940,"Knoxville, TN (Metropolitan Statistical Area)",69.797
2014-01-01,28940,"Knoxville, TN (Metropolitan Statistical Area)",70.682
2013-01-01,28940,"Knoxville, TN (Metropolitan Statistical Area)",73.444
2012-01-01,28940,"Knoxville, TN (Metropolitan Statistical Area)",78.265
2011-01-01,28940,"Knoxville, TN (Metropolitan Statistical Area)",74.894
2010-01-01,28940,"Knoxville, TN (Metropolitan Statistical Area)",74.913
2009-01-01,28940,"Knoxville, TN (Metropolitan Statistical Area)",74.257
2008-01-01,28940,"Knoxville, TN (Metropolitan Statistical Area)",72.223
2024-01-01,28940,"Knoxville, TN (Metropolitan Statistical Area)",82.783
2023-01-01,28940,"Knoxville, TN (Metropolitan Statistical Area)",78.554
2022-01-01,28940,"Knoxville, TN (Metropolitan Statistical Area)",73.575
2021-01-01,28940,"Knoxville, TN (Metropolitan Statistical Area)",72.538
2020-01-01,28940,"Knoxville, TN (Metropolitan Statistical Area)",70.043
2018-01-01,29020,"Kokomo, IN (Metropolitan Statistical Area)",58.052
2017-01-01,29020,"Kokomo, IN (Metropolitan Statistical Area)",58.751
2016-01-01,29020,"Kokomo, IN (Metropolitan Statistical Area)",54.371
2015-01-01,29020,"Kokomo, IN (Metropolitan Statistical Area)",62.985
2014-01-01,29020,"Kokomo, IN (Metropolitan Statistical Area)",66.214
2013-01-01,29020,"Kokomo, IN (Metropolitan Statistical Area)",69.727
2012-01-01,29020,"Kokomo, IN (Metropolitan Statistical Area)",66.703
2011-01-01,29020,"Kokomo, IN (Metropolitan Statistical Area)",62.643
2010-01-01,29020,"Kokomo, IN (Metropolitan Statistical Area)",72.644
2009-01-01,29020,"Kokomo, IN (Metropolitan Statistical Area)",64.748
2008-01-01,29020,"Kokomo, IN (Metropolitan Statistical Area)",64.244
2024-01-01,29020,"Kokomo, IN (Metropolitan Statistical Area)",59.252
2023-01-01,29020,"Kokomo, IN (Metropolitan Statistical Area)",61.764
2022-01-01,29020,"Kokomo, IN (Metropolitan Statistical Area)",52.574
2021-01-01,29020,"Kokomo, IN (Metropolitan Statistical Area)",66.172
2020-01-01,29020,"Kokomo, IN (Metropolitan Statistical Area)",58.237
2019-01-01,29020,"Kokomo, IN (Metropolitan Statistical Area)",62.105
2019-01-01,29100,"La Crosse-Onalaska, WI-MN (Metropolitan Statistical Area)",73.072
2018-01-01,29100,"La Crosse-Onalaska, WI-MN (Metropolitan Statistical Area)",80.579
2017-01-01,29100,"La Crosse-Onalaska, WI-MN (Metropolitan Statistical Area)",79.052
2016-01-01,29100,"La Crosse-Onalaska, WI-MN (Metropolitan Statistical Area)",79.936
2015-01-01,29100,"La Crosse-Onalaska, WI-MN (Metropolitan Statistical Area)",81.177
2014-01-01,29100,"La Crosse-Onalaska, WI-MN (Metropolitan Statistical Area)",86.070
2013-01-01,29100,"La Crosse-Onalaska, WI-MN (Metropolitan Statistical Area)",71.365
2012-01-01,29100,"La Crosse-Onalaska, WI-MN (Metropolitan Statistical Area)",77.932
2011-01-01,29100,"La Crosse-Onalaska, WI-MN (Metropolitan Statistical Area)",81.520
2010-01-01,29100,"La Crosse-Onalaska, WI-MN (Metropolitan Statistical Area)",81.979
2009-01-01,29100,"La Crosse-Onalaska, WI-MN (Metropolitan Statistical Area)",85.857
2008-01-01,29100,"La Crosse-Onalaska, WI-MN (Metropolitan Statistical Area)",77.537
2024-01-01,29100,"La Crosse-Onalaska, WI-MN (Metropolitan Statistical Area)",69.386
2023-01-01,29100,"La Crosse-Onalaska, WI-MN (Metropolitan Statistical Area)",67.420
2022-01-01,29100,"La Crosse-Onalaska, WI-MN (Metropolitan Statistical Area)",70.208
2021-01-01,29100,"La Crosse-Onalaska, WI-MN (Metropolitan Statistical Area)",82.211
2020-01-01,29100,"La Crosse-Onalaska, WI-MN (Metropolitan Statistical Area)",60.820
2018-01-01,29180,"Lafayette, LA (Metropolitan Statistical Area)",69.284
2017-01-01,29180,"Lafayette, LA (Metropolitan Statistical Area)",67.084
2016-01-01,29180,"Lafayette, LA (Metropolitan Statistical Area)",71.423
2015-01-01,29180,"Lafayette, LA (Metropolitan Statistical Area)",68.267
2014-01-01,29180,"Lafayette, LA (Metropolitan Statistical Area)",74.053
2013-01-01,29180,"Lafayette, LA (Metropolitan Statistical Area)",62.826
2012-01-01,29180,"Lafayette, LA (Metropolitan Statistical Area)",71.886
2011-01-01,29180,"Lafayette, LA (Metropolitan Statistical Area)",64.263
2010-01-01,29180,"Lafayette, LA (Metropolitan Statistical Area)",62.524
2009-01-01,29180,"Lafayette, LA (Metropolitan Statistical Area)",65.272
2008-01-01,29180,"Lafayette, LA (Metropolitan Statistical Area)",56.648
2024-01-01,29180,"Lafayette, LA (Metropolitan Statistical Area)",58.845
2023-01-01,29180,"Lafayette, LA (Metropolitan Statistical Area)",60.320
2022-01-01,29180,"Lafayette, LA (Metropolitan Statistical Area)",63.743
2021-01-01,29180,"Lafayette, LA (Metropolitan Statistical Area)",64.618
2020-01-01,29180,"Lafayette, LA (Metropolitan Statistical Area)",63.265
2019-01-01,29180,"Lafayette, LA (Metropolitan Statistical Area)",64.811
2019-01-01,29200,"Lafayette-West Lafayette, IN (Metropolitan Statistical Area)",75.591
2018-01-01,29200,"Lafayette-West Lafayette, IN (Metropolitan Statistical Area)",74.100
2017-01-01,29200,"Lafayette-West Lafayette, IN (Metropolitan Statistical Area)",76.348
2016-01-01,29200,"Lafayette-West Lafayette, IN (Metropolitan Statistical Area)",72.305
2015-01-01,29200,"Lafayette-West Lafayette, IN (Metropolitan Statistical Area)",78.000
2014-01-01,29200,"Lafayette-West Lafayette, IN (Metropolitan Statistical Area)",77.811
2013-01-01,29200,"Lafayette-West Lafayette, IN (Metropolitan Statistical Area)",82.954
2012-01-01,29200,"Lafayette-West Lafayette, IN (Metropolitan Statistical Area)",83.364
2011-01-01,29200,"Lafayette-West Lafayette, IN (Metropolitan Statistical Area)",76.372
2010-01-01,29200,"Lafayette-West Lafayette, IN (Metropolitan Statistical Area)",79.513
2009-01-01,29200,"Lafayette-West Lafayette, IN (Metropolitan Statistical Area)",79.706
2008-01-01,29200,"Lafayette-West Lafayette, IN (Metropolitan Statistical Area)",74.007
2024-01-01,29200,"Lafayette-West Lafayette, IN (Metropolitan Statistical Area)",76.442
2023-01-01,29200,"Lafayette-West Lafayette, IN (Metropolitan Statistical Area)",71.031
2022-01-01,29200,"Lafayette-West Lafayette, IN (Metropolitan Statistical Area)",76.075
2021-01-01,29200,"Lafayette-West Lafayette, IN (Metropolitan Statistical Area)",75.300
2020-01-01,29200,"Lafayette-West Lafayette, IN (Metropolitan Statistical Area)",69.430
2018-01-01,29340,"Lake Charles, LA (Metropolitan Statistical Area)",61.691
2017-01-01,29340,"Lake Charles, LA (Metropolitan Statistical Area)",65.563
2016-01-01,29340,"Lake Charles, LA (Metropolitan Statistical Area)",59.931
2015-01-01,29340,"Lake Charles, LA (Metropolitan Statistical Area)",63.102
2014-01-01,29340,"Lake Charles, LA (Metropolitan Statistical Area)",59.505
2013-01-01,29340,"Lake Charles, LA (Metropolitan Statistical Area)",61.259
2012-01-01,29340,"Lake Charles, LA (Metropolitan Statistical Area)",61.591
2011-01-01,29340,"Lake Charles, LA (Metropolitan Statistical Area)",60.150
2010-01-01,29340,"Lake Charles, LA (Metropolitan Statistical Area)",58.232
2009-01-01,29340,"Lake Charles, LA (Metropolitan Statistical Area)",56.399
2008-01-01,29340,"Lake Charles, LA (Metropolitan Statistical Area)",60.999
2024-01-01,29340,"Lake Charles, LA (Metropolitan Statistical Area)",51.752
2023-01-01,29340,"Lake Charles, LA (Metropolitan Statistical Area)",57.089
2022-01-01,29340,"Lake Charles, LA (Metropolitan Statistical Area)",61.445
2021-01-01,29340,"Lake Charles, LA (Metropolitan Statistical Area)",63.110
2020-01-01,29340,"Lake Charles, LA (Metropolitan Statistical Area)",68.626
2019-01-01,29340,"Lake Charles, LA (Metropolitan Statistical Area)",64.873
2019-01-01,29420,"Lake Havasu City-Kingman, AZ (Metropolitan Statistical Area)",58.886
2018-01-01,29420,"Lake Havasu City-Kingman, AZ (Metropolitan Statistical Area)",69.455
2017-01-01,29420,"Lake Havasu City-Kingman, AZ (Metropolitan Statistical Area)",71.054
2016-01-01,29420,"Lake Havasu City-Kingman, AZ (Metropolitan Statistical Area)",75.618
2015-01-01,29420,"Lake Havasu City-Kingman, AZ (Metropolitan Statistical Area)",70.039
2014-01-01,29420,"Lake Havasu City-Kingman, AZ (Metropolitan Statistical Area)",70.141
2013-01-01,29420,"Lake Havasu City-Kingman, AZ (Metropolitan Statistical Area)",77.617
2012-01-01,29420,"Lake Havasu City-Kingman, AZ (Metropolitan Statistical Area)",76.263
2011-01-01,29420,"Lake Havasu City-Kingman, AZ (Metropolitan Statistical Area)",74.590
2010-01-01,29420,"Lake Havasu City-Kingman, AZ (Metropolitan Statistical Area)",79.835
2009-01-01,29420,"Lake Havasu City-Kingman, AZ (Metropolitan Statistical Area)",86.251
2008-01-01,29420,"Lake Havasu City-Kingman, AZ (Metropolitan Statistical Area)",82.817
2024-01-01,29420,"Lake Havasu City-Kingman, AZ (Metropolitan Statistical Area)",79.773
2023-01-01,29420,"Lake Havasu City-Kingman, AZ (Metropolitan Statistical Area)",77.825
2022-01-01,29420,"Lake Havasu City-Kingman, AZ (Metropolitan Statistical Area)",86.284
2021-01-01,29420,"Lake Havasu City-Kingman, AZ (Metropolitan Statistical Area)",73.326
2020-01-01,29420,"Lake Havasu City-Kingman, AZ (Metropolitan Statistical Area)",63.978
2018-01-01,29460,"Lakeland-Winter Haven, FL (Metropolitan Statistical Area)",82.969
2017-01-01,29460,"Lakeland-Winter Haven, FL (Metropolitan Statistical Area)",82.966
2016-01-01,29460,"Lakeland-Winter Haven, FL (Metropolitan Statistical Area)",82.409
2015-01-01,29460,"Lakeland-Winter Haven, FL (Metropolitan Statistical Area)",85.867
2014-01-01,29460,"Lakeland-Winter Haven, FL (Metropolitan Statistical Area)",83.399
2013-01-01,29460,"Lakeland-Winter Haven, FL (Metropolitan Statistical Area)",82.491
2012-01-01,29460,"Lakeland-Winter Haven, FL (Metropolitan Statistical Area)",83.769
2011-01-01,29460,"Lakeland-Winter Haven, FL (Metropolitan Statistical Area)",87.787
2010-01-01,29460,"Lakeland-Winter Haven, FL (Metropolitan Statistical Area)",84.438
2009-01-01,29460,"Lakeland-Winter Haven, FL (Metropolitan Statistical Area)",87.980
2008-01-01,29460,"Lakeland-Winter Haven, FL (Metropolitan Statistical Area)",89.993
2024-01-01,29460,"Lakeland-Winter Haven, FL (Metropolitan Statistical Area)",95.942
2023-01-01,29460,"Lakeland-Winter Haven, FL (Metropolitan Statistical Area)",96.015
2022-01-01,29460,"Lakeland-Winter Haven, FL (Metropolitan Statistical Area)",89.928
2021-01-01,29460,"Lakeland-Winter Haven, FL (Metropolitan Statistical Area)",89.587
2020-01-01,29460,"Lakeland-Winter Haven, FL (Metropolitan Statistical Area)",84.577
2019-01-01,29460,"Lakeland-Winter Haven, FL (Metropolitan Statistical Area)",85.744
2019-01-01,29540,"Lancaster, PA (Metropolitan Statistical Area)",88.022
2018-01-01,29540,"Lancaster, PA (Metropolitan Statistical Area)",91.862
2017-01-01,29540,"Lancaster, PA (Metropolitan Statistical Area)",98.360
2016-01-01,29540,"Lancaster, PA (Metropolitan Statistical Area)",94.364
2015-01-01,29540,"Lancaster, PA (Metropolitan Statistical Area)",95.555
2014-01-01,29540,"Lancaster, PA (Metropolitan Statistical Area)",93.813
2013-01-01,29540,"Lancaster, PA (Metropolitan Statistical Area)",95.552
2012-01-01,29540,"Lancaster, PA (Metropolitan Statistical Area)",93.320
2011-01-01,29540,"Lancaster, PA (Metropolitan Statistical Area)",88.023
2010-01-01,29540,"Lancaster, PA (Metropolitan Statistical Area)",90.328
2009-01-01,29540,"Lancaster, PA (Metropolitan Statistical Area)",91.736
2008-01-01,29540,"Lancaster, PA (Metropolitan Statistical Area)",93.559
2024-01-01,29540,"Lancaster, PA (Metropolitan Statistical Area)",93.815
2023-01-01,29540,"Lancaster, PA (Metropolitan Statistical Area)",85.002
2022-01-01,29540,"Lancaster, PA (Metropolitan Statistical Area)",92.340
2021-01-01,29540,"Lancaster, PA (Metropolitan Statistical Area)",88.016
2020-01-01,29540,"Lancaster, PA (Metropolitan Statistical Area)",89.698
2023-01-01,29620,"Lansing-East Lansing, MI (Metropolitan Statistical Area)",76.958
2022-01-01,29620,"Lansing-East Lansing, MI (Metropolitan Statistical Area)",85.640
2021-01-01,29620,"Lansing-East Lansing, MI (Metropolitan Statistical Area)",81.615
2020-01-01,29620,"Lansing-East Lansing, MI (Metropolitan Statistical Area)",81.462
2019-01-01,29620,"Lansing-East Lansing, MI (Metropolitan Statistical Area)",80.306
2018-01-01,29620,"Lansing-East Lansing, MI (Metropolitan Statistical Area)",79.674
2017-01-01,29620,"Lansing-East Lansing, MI (Metropolitan Statistical Area)",86.129
2016-01-01,29620,"Lansing-East Lansing, MI (Metropolitan Statistical Area)",86.266
2015-01-01,29620,"Lansing-East Lansing, MI (Metropolitan Statistical Area)",78.524
2014-01-01,29620,"Lansing-East Lansing, MI (Metropolitan Statistical Area)",90.315
2013-01-01,29620,"Lansing-East Lansing, MI (Metropolitan Statistical Area)",89.778
2012-01-01,29620,"Lansing-East Lansing, MI (Metropolitan Statistical Area)",86.613
2011-01-01,29620,"Lansing-East Lansing, MI (Metropolitan Statistical Area)",85.184
2010-01-01,29620,"Lansing-East Lansing, MI (Metropolitan Statistical Area)",96.079
2009-01-01,29620,"Lansing-East Lansing, MI (Metropolitan Statistical Area)",88.343
2008-01-01,29620,"Lansing-East Lansing, MI (Metropolitan Statistical Area)",92.402
2024-01-01,29620,"Lansing-East Lansing, MI (Metropolitan Statistical Area)",83.472
2019-01-01,29700,"Laredo, TX (Metropolitan Statistical Area)",68.167
2018-01-01,29700,"Laredo, TX (Metropolitan Statistical Area)",69.512
2017-01-01,29700,"Laredo, TX (Metropolitan Statistical Area)",63.631
2016-01-01,29700,"Laredo, TX (Metropolitan Statistical Area)",73.319
2015-01-01,29700,"Laredo, TX (Metropolitan Statistical Area)",75.156
2014-01-01,29700,"Laredo, TX (Metropolitan Statistical Area)",71.356
2013-01-01,29700,"Laredo, TX (Metropolitan Statistical Area)",66.525
2012-01-01,29700,"Laredo, TX (Metropolitan Statistical Area)",68.604
2011-01-01,29700,"Laredo, TX (Metropolitan Statistical Area)",68.261
2010-01-01,29700,"Laredo, TX (Metropolitan Statistical Area)",63.679
2009-01-01,29700,"Laredo, TX (Metropolitan Statistical Area)",64.551
2008-01-01,29700,"Laredo, TX (Metropolitan Statistical Area)",66.424
2024-01-01,29700,"Laredo, TX (Metropolitan Statistical Area)",59.746
2023-01-01,29700,"Laredo, TX (Metropolitan Statistical Area)",64.299
2022-01-01,29700,"Laredo, TX (Metropolitan Statistical Area)",69.684
2021-01-01,29700,"Laredo, TX (Metropolitan Statistical Area)",60.565
2020-01-01,29700,"Laredo, TX (Metropolitan Statistical Area)",69.309
2018-01-01,29740,"Las Cruces, NM (Metropolitan Statistical Area)",59.352
2017-01-01,29740,"Las Cruces, NM (Metropolitan Statistical Area)",66.014
2016-01-01,29740,"Las Cruces, NM (Metropolitan Statistical Area)",63.176
2015-01-01,29740,"Las Cruces, NM (Metropolitan Statistical Area)",68.366
2014-01-01,29740,"Las Cruces, NM (Metropolitan Statistical Area)",71.318
2013-01-01,29740,"Las Cruces, NM (Metropolitan Statistical Area)",75.895
2012-01-01,29740,"Las Cruces, NM (Metropolitan Statistical Area)",68.093
2011-01-01,29740,"Las Cruces, NM (Metropolitan Statistical Area)",70.715
2010-01-01,29740,"Las Cruces, NM (Metropolitan Statistical Area)",71.849
2009-01-01,29740,"Las Cruces, NM (Metropolitan Statistical Area)",69.543
2008-01-01,29740,"Las Cruces, NM (Metropolitan Statistical Area)",72.917
2024-01-01,29740,"Las Cruces, NM (Metropolitan Statistical Area)",62.982
2023-01-01,29740,"Las Cruces, NM (Metropolitan Statistical Area)",71.295
2022-01-01,29740,"Las Cruces, NM (Metropolitan Statistical Area)",59.996
2021-01-01,29740,"Las Cruces, NM (Metropolitan Statistical Area)",57.681
2020-01-01,29740,"Las Cruces, NM (Metropolitan Statistical Area)",56.538
2019-01-01,29740,"Las Cruces, NM (Metropolitan Statistical Area)",67.648
2019-01-01,29820,"Las Vegas-Henderson-North Las Vegas, NV (Metropolitan Statistical Area)",106.508
2018-01-01,29820,"Las Vegas-Henderson-North Las Vegas, NV (Metropolitan Statistical Area)",103.170
2017-01-01,29820,"Las Vegas-Henderson-North Las Vegas, NV (Metropolitan Statistical Area)",102.038
2016-01-01,29820,"Las Vegas-Henderson-North Las Vegas, NV (Metropolitan Statistical Area)",100.511
2015-01-01,29820,"Las Vegas-Henderson-North Las Vegas, NV (Metropolitan Statistical Area)",101.643
2014-01-01,29820,"Las Vegas-Henderson-North Las Vegas, NV (Metropolitan Statistical Area)",99.972
2013-01-01,29820,"Las Vegas-Henderson-North Las Vegas, NV (Metropolitan Statistical Area)",102.982
2012-01-01,29820,"Las Vegas-Henderson-North Las Vegas, NV (Metropolitan Statistical Area)",106.099
2011-01-01,29820,"Las Vegas-Henderson-North Las Vegas, NV (Metropolitan Statistical Area)",109.041
2010-01-01,29820,"Las Vegas-Henderson-North Las Vegas, NV (Metropolitan Statistical Area)",111.328
2009-01-01,29820,"Las Vegas-Henderson-North Las Vegas, NV (Metropolitan Statistical Area)",117.228
2008-01-01,29820,"Las Vegas-Henderson-North Las Vegas, NV (Metropolitan Statistical Area)",123.459
2024-01-01,29820,"Las Vegas-Henderson-North Las Vegas, NV (Metropolitan Statistical Area)",115.538
2023-01-01,29820,"Las Vegas-Henderson-North Las Vegas, NV (Metropolitan Statistical Area)",116.116
2022-01-01,29820,"Las Vegas-Henderson-North Las Vegas, NV (Metropolitan Statistical Area)",112.647
2021-01-01,29820,"Las Vegas-Henderson-North Las Vegas, NV (Metropolitan Statistical Area)",107.631
2020-01-01,29820,"Las Vegas-Henderson-North Las Vegas, NV (Metropolitan Statistical Area)",109.606
2018-01-01,29940,"Lawrence, KS (Metropolitan Statistical Area)",83.055
2017-01-01,29940,"Lawrence, KS (Metropolitan Statistical Area)",88.521
2016-01-01,29940,"Lawrence, KS (Metropolitan Statistical Area)",83.072
2015-01-01,29940,"Lawrence, KS (Metropolitan Statistical Area)",76.874
2014-01-01,29940,"Lawrence, KS (Metropolitan Statistical Area)",93.279
2013-01-01,29940,"Lawrence, KS (Metropolitan Statistical Area)",88.958
2012-01-01,29940,"Lawrence, KS (Metropolitan Statistical Area)",91.063
2011-01-01,29940,"Lawrence, KS (Metropolitan Statistical Area)",95.224
2010-01-01,29940,"Lawrence, KS (Metropolitan Statistical Area)",96.348
2009-01-01,29940,"Lawrence, KS (Metropolitan Statistical Area)",91.757
2008-01-01,29940,"Lawrence, KS (Metropolitan Statistical Area)",92.299
2024-01-01,29940,"Lawrence, KS (Metropolitan Statistical Area)",71.636
2023-01-01,29940,"Lawrence, KS (Metropolitan Statistical Area)",74.136
2022-01-01,29940,"Lawrence, KS (Metropolitan Statistical Area)",84.777
2021-01-01,29940,"Lawrence, KS (Metropolitan Statistical Area)",78.303
2020-01-01,29940,"Lawrence, KS (Metropolitan Statistical Area)",80.242
2019-01-01,29940,"Lawrence, KS (Metropolitan Statistical Area)",68.712
2023-01-01,30020,"Lawton, OK (Metropolitan Statistical Area)",62.589
2022-01-01,30020,"Lawton, OK (Metropolitan Statistical Area)",53.555
2021-01-01,30020,"Lawton, OK (Metropolitan Statistical Area)",52.378
2020-01-01,30020,"Lawton, OK (Metropolitan Statistical Area)",49.965
2019-01-01,30020,"Lawton, OK (Metropolitan Statistical Area)",56.856
2018-01-01,30020,"Lawton, OK (Metropolitan Statistical Area)",58.096
2017-01-01,30020,"Lawton, OK (Metropolitan Statistical Area)",61.486
2016-01-01,30020,"Lawton, OK (Metropolitan Statistical Area)",65.905
2015-01-01,30020,"Lawton, OK (Metropolitan Statistical Area)",60.976
2014-01-01,30020,"Lawton, OK (Metropolitan Statistical Area)",70.988
2013-01-01,30020,"Lawton, OK (Metropolitan Statistical Area)",69.581
2012-01-01,30020,"Lawton, OK (Metropolitan Statistical Area)",62.152
2011-01-01,30020,"Lawton, OK (Metropolitan Statistical Area)",62.984
2010-01-01,30020,"Lawton, OK (Metropolitan Statistical Area)",57.718
2009-01-01,30020,"Lawton, OK (Metropolitan Statistical Area)",55.164
2008-01-01,30020,"Lawton, OK (Metropolitan Statistical Area)",50.309
2024-01-01,30020,"Lawton, OK (Metropolitan Statistical Area)",57.389
2018-01-01,30140,"Lebanon, PA (Metropolitan Statistical Area)",83.004
2017-01-01,30140,"Lebanon, PA (Metropolitan Statistical Area)",79.002
2016-01-01,30140,"Lebanon, PA (Metropolitan Statistical Area)",76.012
2015-01-01,30140,"Lebanon, PA (Metropolitan Statistical Area)",74.125
2014-01-01,30140,"Lebanon, PA (Metropolitan Statistical Area)",82.875
2013-01-01,30140,"Lebanon, PA (Metropolitan Statistical Area)",62.545
2012-01-01,30140,"Lebanon, PA (Metropolitan Statistical Area)",79.881
2011-01-01,30140,"Lebanon, PA (Metropolitan Statistical Area)",62.511
2010-01-01,30140,"Lebanon, PA (Metropolitan Statistical Area)",79.249
2009-01-01,30140,"Lebanon, PA (Metropolitan Statistical Area)",79.845
2008-01-01,30140,"Lebanon, PA (Metropolitan Statistical Area)",86.708
2024-01-01,30140,"Lebanon, PA (Metropolitan Statistical Area)",66.039
2023-01-01,30140,"Lebanon, PA (Metropolitan Statistical Area)",77.924
2022-01-01,30140,"Lebanon, PA (Metropolitan Statistical Area)",72.345
2021-01-01,30140,"Lebanon, PA (Metropolitan Statistical Area)",82.496
2020-01-01,30140,"Lebanon, PA (Metropolitan Statistical Area)",73.785
2019-01-01,30140,"Lebanon, PA (Metropolitan Statistical Area)",73.349
2019-01-01,30300,"Lewiston, ID-WA (Metropolitan Statistical Area)",66.256
2018-01-01,30300,"Lewiston, ID-WA (Metropolitan Statistical Area)",63.204
2017-01-01,30300,"Lewiston, ID-WA (Metropolitan Statistical Area)",56.725
2016-01-01,30300,"Lewiston, ID-WA (Metropolitan Statistical Area)",66.203
2015-01-01,30300,"Lewiston, ID-WA (Metropolitan Statistical Area)",66.565
2014-01-01,30300,"Lewiston, ID-WA (Metropolitan Statistical Area)",71.178
2013-01-01,30300,"Lewiston, ID-WA (Metropolitan Statistical Area)",71.212
2012-01-01,30300,"Lewiston, ID-WA (Metropolitan Statistical Area)",61.599
2011-01-01,30300,"Lewiston, ID-WA (Metropolitan Statistical Area)",76.433
2010-01-01,30300,"Lewiston, ID-WA (Metropolitan Statistical Area)",78.461
2009-01-01,30300,"Lewiston, ID-WA (Metropolitan Statistical Area)",75.163
2008-01-01,30300,"Lewiston, ID-WA (Metropolitan Statistical Area)",70.390
2024-01-01,30300,"Lewiston, ID-WA (Metropolitan Statistical Area)",71.925
2023-01-01,30300,"Lewiston, ID-WA (Metropolitan Statistical Area)",69.450
2022-01-01,30300,"Lewiston, ID-WA (Metropolitan Statistical Area)",58.749
2021-01-01,30300,"Lewiston, ID-WA (Metropolitan Statistical Area)",67.942
2020-01-01,30300,"Lewiston, ID-WA (Metropolitan Statistical Area)",60.829
2018-01-01,30340,"Lewiston-Auburn, ME (Metropolitan Statistical Area)",91.254
2017-01-01,30340,"Lewiston-Auburn, ME (Metropolitan Statistical Area)",68.594
2016-01-01,30340,"Lewiston-Auburn, ME (Metropolitan Statistical Area)",78.602
2015-01-01,30340,"Lewiston-Auburn, ME (Metropolitan Statistical Area)",81.887
2014-01-01,30340,"Lewiston-Auburn, ME (Metropolitan Statistical Area)",67.707
2013-01-01,30340,"Lewiston-Auburn, ME (Metropolitan Statistical Area)",70.861
2012-01-01,30340,"Lewiston-Auburn, ME (Metropolitan Statistical Area)",98.416
2011-01-01,30340,"Lewiston-Auburn, ME (Metropolitan Statistical Area)",100.302
2010-01-01,30340,"Lewiston-Auburn, ME (Metropolitan Statistical Area)",96.837
2009-01-01,30340,"Lewiston-Auburn, ME (Metropolitan Statistical Area)",113.387
2008-01-01,30340,"Lewiston-Auburn, ME (Metropolitan Statistical Area)",78.786
2024-01-01,30340,"Lewiston-Auburn, ME (Metropolitan Statistical Area)",69.003
2023-01-01,30340,"Lewiston-Auburn, ME (Metropolitan Statistical Area)",94.841
2022-01-01,30340,"Lewiston-Auburn, ME (Metropolitan Statistical Area)",85.660
2021-01-01,30340,"Lewiston-Auburn, ME (Metropolitan Statistical Area)",61.132
2020-01-01,30340,"Lewiston-Auburn, ME (Metropolitan Statistical Area)",86.975
2019-01-01,30340,"Lewiston-Auburn, ME (Metropolitan Statistical Area)",71.184
2024-01-01,30460,"Lexington-Fayette, KY (Metropolitan Statistical Area)",77.093
2023-01-01,30460,"Lexington-Fayette, KY (Metropolitan Statistical Area)",74.422
2022-01-01,30460,"Lexington-Fayette, KY (Metropolitan Statistical Area)",70.802
2021-01-01,30460,"Lexington-Fayette, KY (Metropolitan Statistical Area)",77.838
2020-01-01,30460,"Lexington-Fayette, KY (Metropolitan Statistical Area)",75.534
2019-01-01,30460,"Lexington-Fayette, KY (Metropolitan Statistical Area)",78.513
2018-01-01,30460,"Lexington-Fayette, KY (Metropolitan Statistical Area)",76.368
2017-01-01,30460,"Lexington-Fayette, KY (Metropolitan Statistical Area)",74.997
2016-01-01,30460,"Lexington-Fayette, KY (Metropolitan Statistical Area)",74.393
2015-01-01,30460,"Lexington-Fayette, KY (Metropolitan Statistical Area)",77.161
2014-01-01,30460,"Lexington-Fayette, KY (Metropolitan Statistical Area)",76.297
2013-01-01,30460,"Lexington-Fayette, KY (Metropolitan Statistical Area)",78.596
2012-01-01,30460,"Lexington-Fayette, KY (Metropolitan Statistical Area)",82.173
2011-01-01,30460,"Lexington-Fayette, KY (Metropolitan Statistical Area)",77.380
2010-01-01,30460,"Lexington-Fayette, KY (Metropolitan Statistical Area)",78.110
2009-01-01,30460,"Lexington-Fayette, KY (Metropolitan Statistical Area)",81.079
2008-01-01,30460,"Lexington-Fayette, KY (Metropolitan Statistical Area)",82.752
2018-01-01,30500,"Lexington Park, MD (Metropolitan Statistical Area)",101.865
2017-01-01,30500,"Lexington Park, MD (Metropolitan Statistical Area)",100.633
2016-01-01,30500,"Lexington Park, MD (Metropolitan Statistical Area)",127.732
2015-01-01,30500,"Lexington Park, MD (Metropolitan Statistical Area)",130.819
2014-01-01,30500,"Lexington Park, MD (Metropolitan Statistical Area)",119.655
2013-01-01,30500,"Lexington Park, MD (Metropolitan Statistical Area)",118.460
2012-01-01,30500,"Lexington Park, MD (Metropolitan Statistical Area)",123.273
2011-01-01,30500,"Lexington Park, MD (Metropolitan Statistical Area)",129.444
2010-01-01,30500,"Lexington Park, MD (Metropolitan Statistical Area)",116.497
2009-01-01,30500,"Lexington Park, MD (Metropolitan Statistical Area)",111.219
2008-01-01,30500,"Lexington Park, MD (Metropolitan Statistical Area)",115.598
2024-01-01,30500,"Lexington Park, MD (Metropolitan Statistical Area)",103.809
2023-01-01,30500,"Lexington Park, MD (Metropolitan Statistical Area)",111.965
2022-01-01,30500,"Lexington Park, MD (Metropolitan Statistical Area)",113.879
2021-01-01,30500,"Lexington Park, MD (Metropolitan Statistical Area)",88.310
2020-01-01,30500,"Lexington Park, MD (Metropolitan Statistical Area)",113.346
2019-01-01,30500,"Lexington Park, MD (Metropolitan Statistical Area)",100.733
2019-01-01,30620,"Lima, OH (Metropolitan Statistical Area)",56.096
2018-01-01,30620,"Lima, OH (Metropolitan Statistical Area)",58.032
2017-01-01,30620,"Lima, OH (Metropolitan Statistical Area)",52.325
2016-01-01,30620,"Lima, OH (Metropolitan Statistical Area)",56.808
2015-01-01,30620,"Lima, OH (Metropolitan Statistical Area)",57.430
2014-01-01,30620,"Lima, OH (Metropolitan Statistical Area)",68.731
2013-01-01,30620,"Lima, OH (Metropolitan Statistical Area)",62.124
2012-01-01,30620,"Lima, OH (Metropolitan Statistical Area)",64.687
2011-01-01,30620,"Lima, OH (Metropolitan Statistical Area)",61.025
2010-01-01,30620,"Lima, OH (Metropolitan Statistical Area)",70.088
2009-01-01,30620,"Lima, OH (Metropolitan Statistical Area)",60.885
2008-01-01,30620,"Lima, OH (Metropolitan Statistical Area)",65.071
2024-01-01,30620,"Lima, OH (Metropolitan Statistical Area)",57.275
2023-01-01,30620,"Lima, OH (Metropolitan Statistical Area)",52.879
2022-01-01,30620,"Lima, OH (Metropolitan Statistical Area)",63.160
2021-01-01,30620,"Lima, OH (Metropolitan Statistical Area)",55.912
2020-01-01,30620,"Lima, OH (Metropolitan Statistical Area)",60.217
2018-01-01,30700,"Lincoln, NE (Metropolitan Statistical Area)",88.455
2017-01-01,30700,"Lincoln, NE (Metropolitan Statistical Area)",85.333
2016-01-01,30700,"Lincoln, NE (Metropolitan Statistical Area)",77.549
2015-01-01,30700,"Lincoln, NE (Metropolitan Statistical Area)",84.339
2014-01-01,30700,"Lincoln, NE (Metropolitan Statistical Area)",83.084
2013-01-01,30700,"Lincoln, NE (Metropolitan Statistical Area)",81.644
2012-01-01,30700,"Lincoln, NE (Metropolitan Statistical Area)",79.884
2011-01-01,30700,"Lincoln, NE (Metropolitan Statistical Area)",81.560
2010-01-01,30700,"Lincoln, NE (Metropolitan Statistical Area)",82.930
2009-01-01,30700,"Lincoln, NE (Metropolitan Statistical Area)",80.798
2008-01-01,30700,"Lincoln, NE (Metropolitan Statistical Area)",79.099
2024-01-01,30700,"Lincoln, NE (Metropolitan Statistical Area)",84.208
2023-01-01,30700,"Lincoln, NE (Metropolitan Statistical Area)",83.626
2022-01-01,30700,"Lincoln, NE (Metropolitan Statistical Area)",86.229
2021-01-01,30700,"Lincoln, NE (Metropolitan Statistical Area)",82.964
2020-01-01,30700,"Lincoln, NE (Metropolitan Statistical Area)",89.659
2019-01-01,30700,"Lincoln, NE (Metropolitan Statistical Area)",86.431
2017-01-01,30780,"Little Rock-North Little Rock-Conway, AR (Metropolitan Statistical Area)",69.661
2016-01-01,30780,"Little Rock-North Little Rock-Conway, AR (Metropolitan Statistical Area)",73.050
2015-01-01,30780,"Little Rock-North Little Rock-Conway, AR (Metropolitan Statistical Area)",71.409
2014-01-01,30780,"Little Rock-North Little Rock-Conway, AR (Metropolitan Statistical Area)",72.323
2013-01-01,30780,"Little Rock-North Little Rock-Conway, AR (Metropolitan Statistical Area)",73.407
2012-01-01,30780,"Little Rock-North Little Rock-Conway, AR (Metropolitan Statistical Area)",70.397
2011-01-01,30780,"Little Rock-North Little Rock-Conway, AR (Metropolitan Statistical Area)",72.126
2010-01-01,30780,"Little Rock-North Little Rock-Conway, AR (Metropolitan Statistical Area)",75.359
2009-01-01,30780,"Little Rock-North Little Rock-Conway, AR (Metropolitan Statistical Area)",70.818
2008-01-01,30780,"Little Rock-North Little Rock-Conway, AR (Metropolitan Statistical Area)",72.832
2024-01-01,30780,"Little Rock-North Little Rock-Conway, AR (Metropolitan Statistical Area)",68.295
2023-01-01,30780,"Little Rock-North Little Rock-Conway, AR (Metropolitan Statistical Area)",67.323
2022-01-01,30780,"Little Rock-North Little Rock-Conway, AR (Metropolitan Statistical Area)",65.075
2021-01-01,30780,"Little Rock-North Little Rock-Conway, AR (Metropolitan Statistical Area)",70.335
2020-01-01,30780,"Little Rock-North Little Rock-Conway, AR (Metropolitan Statistical Area)",65.298
2019-01-01,30780,"Little Rock-North Little Rock-Conway, AR (Metropolitan Statistical Area)",66.631
2018-01-01,30780,"Little Rock-North Little Rock-Conway, AR (Metropolitan Statistical Area)",67.612
2018-01-01,30860,"Logan, UT-ID (Metropolitan Statistical Area)",78.020
2017-01-01,30860,"Logan, UT-ID (Metropolitan Statistical Area)",76.719
2016-01-01,30860,"Logan, UT-ID (Metropolitan Statistical Area)",75.766
2015-01-01,30860,"Logan, UT-ID (Metropolitan Statistical Area)",80.158
2014-01-01,30860,"Logan, UT-ID (Metropolitan Statistical Area)",79.902
2013-01-01,30860,"Logan, UT-ID (Metropolitan Statistical Area)",78.489
2012-01-01,30860,"Logan, UT-ID (Metropolitan Statistical Area)",77.452
2011-01-01,30860,"Logan, UT-ID (Metropolitan Statistical Area)",67.923
2010-01-01,30860,"Logan, UT-ID (Metropolitan Statistical Area)",77.241
2009-01-01,30860,"Logan, UT-ID (Metropolitan Statistical Area)",73.113
2008-01-01,30860,"Logan, UT-ID (Metropolitan Statistical Area)",74.332
2024-01-01,30860,"Logan, UT-ID (Metropolitan Statistical Area)",90.959
2023-01-01,30860,"Logan, UT-ID (Metropolitan Statistical Area)",92.144
2022-01-01,30860,"Logan, UT-ID (Metropolitan Statistical Area)",92.073
2021-01-01,30860,"Logan, UT-ID (Metropolitan Statistical Area)",83.697
2020-01-01,30860,"Logan, UT-ID (Metropolitan Statistical Area)",77.451
2019-01-01,30860,"Logan, UT-ID (Metropolitan Statistical Area)",73.897
2019-01-01,30980,"Longview, TX (Metropolitan Statistical Area)",72.214
2018-01-01,30980,"Longview, TX (Metropolitan Statistical Area)",67.475
2017-01-01,30980,"Longview, TX (Metropolitan Statistical Area)",70.203
2016-01-01,30980,"Longview, TX (Metropolitan Statistical Area)",74.807
2015-01-01,30980,"Longview, TX (Metropolitan Statistical Area)",74.096
2014-01-01,30980,"Longview, TX (Metropolitan Statistical Area)",72.889
2013-01-01,30980,"Longview, TX (Metropolitan Statistical Area)",71.993
2012-01-01,30980,"Longview, TX (Metropolitan Statistical Area)",78.071
2011-01-01,30980,"Longview, TX (Metropolitan Statistical Area)",73.080
2010-01-01,30980,"Longview, TX (Metropolitan Statistical Area)",70.327
2009-01-01,30980,"Longview, TX (Metropolitan Statistical Area)",70.051
2008-01-01,30980,"Longview, TX (Metropolitan Statistical Area)",68.504
2024-01-01,30980,"Longview, TX (Metropolitan Statistical Area)",66.749
2023-01-01,30980,"Longview, TX (Metropolitan Statistical Area)",66.028
2022-01-01,30980,"Longview, TX (Metropolitan Statistical Area)",54.916
2021-01-01,30980,"Longview, TX (Metropolitan Statistical Area)",73.118
2020-01-01,30980,"Longview, TX (Metropolitan Statistical Area)",73.228
2018-01-01,31020,"Longview-Kelso, WA (Metropolitan Statistical Area)",82.852
2017-01-01,31020,"Longview-Kelso, WA (Metropolitan Statistical Area)",84.519
2016-01-01,31020,"Longview-Kelso, WA (Metropolitan Statistical Area)",87.685
2015-01-01,31020,"Longview-Kelso, WA (Metropolitan Statistical Area)",85.583
2014-01-01,31020,"Longview-Kelso, WA (Metropolitan Statistical Area)",83.191
2013-01-01,31020,"Longview-Kelso, WA (Metropolitan Statistical Area)",85.877
2012-01-01,31020,"Longview-Kelso, WA (Metropolitan Statistical Area)",77.484
2011-01-01,31020,"Longview-Kelso, WA (Metropolitan Statistical Area)",83.562
2010-01-01,31020,"Longview-Kelso, WA (Metropolitan Statistical Area)",87.277
2009-01-01,31020,"Longview-Kelso, WA (Metropolitan Statistical Area)",82.324
2008-01-01,31020,"Longview-Kelso, WA (Metropolitan Statistical Area)",88.747
2024-01-01,31020,"Longview-Kelso, WA (Metropolitan Statistical Area)",82.536
2023-01-01,31020,"Longview-Kelso, WA (Metropolitan Statistical Area)",86.438
2022-01-01,31020,"Longview-Kelso, WA (Metropolitan Statistical Area)",87.019
2021-01-01,31020,"Longview-Kelso, WA (Metropolitan Statistical Area)",86.722
2020-01-01,31020,"Longview-Kelso, WA (Metropolitan Statistical Area)",94.381
2019-01-01,31020,"Longview-Kelso, WA (Metropolitan Statistical Area)",83.926
2024-01-01,31080,"Los Angeles-Long Beach-Anaheim, CA (Metropolitan Statistical Area)",170.433
2023-01-01,31080,"Los Angeles-Long Beach-Anaheim, CA (Metropolitan Statistical Area)",172.984
2022-01-01,31080,"Los Angeles-Long Beach-Anaheim, CA (Metropolitan Statistical Area)",176.890
2021-01-01,31080,"Los Angeles-Long Beach-Anaheim, CA (Metropolitan Statistical Area)",181.470
2020-01-01,31080,"Los Angeles-Long Beach-Anaheim, CA (Metropolitan Statistical Area)",183.551
2019-01-01,31080,"Los Angeles-Long Beach-Anaheim, CA (Metropolitan Statistical Area)",183.432
2018-01-01,31080,"Los Angeles-Long Beach-Anaheim, CA (Metropolitan Statistical Area)",180.513
2017-01-01,31080,"Los Angeles-Long Beach-Anaheim, CA (Metropolitan Statistical Area)",178.393
2016-01-01,31080,"Los Angeles-Long Beach-Anaheim, CA (Metropolitan Statistical Area)",178.513
2015-01-01,31080,"Los Angeles-Long Beach-Anaheim, CA (Metropolitan Statistical Area)",177.185
2014-01-01,31080,"Los Angeles-Long Beach-Anaheim, CA (Metropolitan Statistical Area)",178.509
2013-01-01,31080,"Los Angeles-Long Beach-Anaheim, CA (Metropolitan Statistical Area)",176.723
2012-01-01,31080,"Los Angeles-Long Beach-Anaheim, CA (Metropolitan Statistical Area)",178.401
2011-01-01,31080,"Los Angeles-Long Beach-Anaheim, CA (Metropolitan Statistical Area)",178.292
2010-01-01,31080,"Los Angeles-Long Beach-Anaheim, CA (Metropolitan Statistical Area)",180.003
2009-01-01,31080,"Los Angeles-Long Beach-Anaheim, CA (Metropolitan Statistical Area)",183.201
2008-01-01,31080,"Los Angeles-Long Beach-Anaheim, CA (Metropolitan Statistical Area)",183.797
2018-01-01,31140,"Louisville/Jefferson County, KY-IN (Metropolitan Statistical Area)",78.230
2017-01-01,31140,"Louisville/Jefferson County, KY-IN (Metropolitan Statistical Area)",76.653
2016-01-01,31140,"Louisville/Jefferson County, KY-IN (Metropolitan Statistical Area)",75.759
2015-01-01,31140,"Louisville/Jefferson County, KY-IN (Metropolitan Statistical Area)",76.865
2014-01-01,31140,"Louisville/Jefferson County, KY-IN (Metropolitan Statistical Area)",79.181
2013-01-01,31140,"Louisville/Jefferson County, KY-IN (Metropolitan Statistical Area)",80.265
2012-01-01,31140,"Louisville/Jefferson County, KY-IN (Metropolitan Statistical Area)",77.436
2011-01-01,31140,"Louisville/Jefferson County, KY-IN (Metropolitan Statistical Area)",74.953
2010-01-01,31140,"Louisville/Jefferson County, KY-IN (Metropolitan Statistical Area)",79.014
2009-01-01,31140,"Louisville/Jefferson County, KY-IN (Metropolitan Statistical Area)",76.695
2008-01-01,31140,"Louisville/Jefferson County, KY-IN (Metropolitan Statistical Area)",76.512
2024-01-01,31140,"Louisville/Jefferson County, KY-IN (Metropolitan Statistical Area)",78.558
2023-01-01,31140,"Louisville/Jefferson County, KY-IN (Metropolitan Statistical Area)",79.546
2022-01-01,31140,"Louisville/Jefferson County, KY-IN (Metropolitan Statistical Area)",75.246
2021-01-01,31140,"Louisville/Jefferson County, KY-IN (Metropolitan Statistical Area)",76.362
2020-01-01,31140,"Louisville/Jefferson County, KY-IN (Metropolitan Statistical Area)",77.159
2019-01-01,31140,"Louisville/Jefferson County, KY-IN (Metropolitan Statistical Area)",72.895
2019-01-01,31180,"Lubbock, TX (Metropolitan Statistical Area)",76.573
2018-01-01,31180,"Lubbock, TX (Metropolitan Statistical Area)",74.338
2017-01-01,31180,"Lubbock, TX (Metropolitan Statistical Area)",79.653
2016-01-01,31180,"Lubbock, TX (Metropolitan Statistical Area)",80.402
2015-01-01,31180,"Lubbock, TX (Metropolitan Statistical Area)",84.496
2014-01-01,31180,"Lubbock, TX (Metropolitan Statistical Area)",78.415
2013-01-01,31180,"Lubbock, TX (Metropolitan Statistical Area)",81.325
2012-01-01,31180,"Lubbock, TX (Metropolitan Statistical Area)",79.673
2011-01-01,31180,"Lubbock, TX (Metropolitan Statistical Area)",80.055
2010-01-01,31180,"Lubbock, TX (Metropolitan Statistical Area)",83.896
2009-01-01,31180,"Lubbock, TX (Metropolitan Statistical Area)",80.129
2008-01-01,31180,"Lubbock, TX (Metropolitan Statistical Area)",81.242
2024-01-01,31180,"Lubbock, TX (Metropolitan Statistical Area)",76.357
2023-01-01,31180,"Lubbock, TX (Metropolitan Statistical Area)",74.955
2022-01-01,31180,"Lubbock, TX (Metropolitan Statistical Area)",72.513
2021-01-01,31180,"Lubbock, TX (Metropolitan Statistical Area)",76.089
2020-01-01,31180,"Lubbock, TX (Metropolitan Statistical Area)",79.010
2021-01-01,31340,"Lynchburg, VA (Metropolitan Statistical Area)",66.282
2020-01-01,31340,"Lynchburg, VA (Metropolitan Statistical Area)",63.435
2019-01-01,31340,"Lynchburg, VA (Metropolitan Statistical Area)",63.752
2018-01-01,31340,"Lynchburg, VA (Metropolitan Statistical Area)",63.913
2017-01-01,31340,"Lynchburg, VA (Metropolitan Statistical Area)",67.787
2016-01-01,31340,"Lynchburg, VA (Metropolitan Statistical Area)",65.151
2015-01-01,31340,"Lynchburg, VA (Metropolitan Statistical Area)",73.528
2014-01-01,31340,"Lynchburg, VA (Metropolitan Statistical Area)",68.123
2013-01-01,31340,"Lynchburg, VA (Metropolitan Statistical Area)",73.060
2012-01-01,31340,"Lynchburg, VA (Metropolitan Statistical Area)",65.263
2011-01-01,31340,"Lynchburg, VA (Metropolitan Statistical Area)",70.634
2010-01-01,31340,"Lynchburg, VA (Metropolitan Statistical Area)",61.809
2009-01-01,31340,"Lynchburg, VA (Metropolitan Statistical Area)",58.718
2008-01-01,31340,"Lynchburg, VA (Metropolitan Statistical Area)",63.331
2024-01-01,31340,"Lynchburg, VA (Metropolitan Statistical Area)",63.912
2023-01-01,31340,"Lynchburg, VA (Metropolitan Statistical Area)",64.514
2022-01-01,31340,"Lynchburg, VA (Metropolitan Statistical Area)",65.161
2019-01-01,31420,"Macon-Bibb County, GA (Metropolitan Statistical Area)",56.381
2018-01-01,31420,"Macon-Bibb County, GA (Metropolitan Statistical Area)",60.023
2017-01-01,31420,"Macon-Bibb County, GA (Metropolitan Statistical Area)",59.731
2016-01-01,31420,"Macon-Bibb County, GA (Metropolitan Statistical Area)",57.688
2015-01-01,31420,"Macon-Bibb County, GA (Metropolitan Statistical Area)",58.483
2014-01-01,31420,"Macon-Bibb County, GA (Metropolitan Statistical Area)",54.193
2013-01-01,31420,"Macon-Bibb County, GA (Metropolitan Statistical Area)",58.296
2012-01-01,31420,"Macon-Bibb County, GA (Metropolitan Statistical Area)",60.838
2011-01-01,31420,"Macon-Bibb County, GA (Metropolitan Statistical Area)",61.947
2010-01-01,31420,"Macon-Bibb County, GA (Metropolitan Statistical Area)",60.158
2009-01-01,31420,"Macon-Bibb County, GA (Metropolitan Statistical Area)",64.448
2008-01-01,31420,"Macon-Bibb County, GA (Metropolitan Statistical Area)",68.106
2024-01-01,31420,"Macon-Bibb County, GA (Metropolitan Statistical Area)",58.916
2023-01-01,31420,"Macon-Bibb County, GA (Metropolitan Statistical Area)",64.016
2022-01-01,31420,"Macon-Bibb County, GA (Metropolitan Statistical Area)",61.617
2021-01-01,31420,"Macon-Bibb County, GA (Metropolitan Statistical Area)",54.379
2020-01-01,31420,"Macon-Bibb County, GA (Metropolitan Statistical Area)",54.926
2023-01-01,31540,"Madison, WI (Metropolitan Statistical Area)",95.947
2022-01-01,31540,"Madison, WI (Metropolitan Statistical Area)",98.986
2021-01-01,31540,"Madison, WI (Metropolitan Statistical Area)",97.533
2020-01-01,31540,"Madison, WI (Metropolitan Statistical Area)",94.130
2019-01-01,31540,"Madison, WI (Metropolitan Statistical Area)",102.795
2018-01-01,31540,"Madison, WI (Metropolitan Statistical Area)",110.202
2017-01-01,31540,"Madison, WI (Metropolitan Statistical Area)",103.330
2016-01-01,31540,"Madison, WI (Metropolitan Statistical Area)",97.574
2015-01-01,31540,"Madison, WI (Metropolitan Statistical Area)",98.671
2014-01-01,31540,"Madison, WI (Metropolitan Statistical Area)",106.721
2013-01-01,31540,"Madison, WI (Metropolitan Statistical Area)",102.026
2012-01-01,31540,"Madison, WI (Metropolitan Statistical Area)",102.008
2011-01-01,31540,"Madison, WI (Metropolitan Statistical Area)",102.974
2010-01-01,31540,"Madison, WI (Metropolitan Statistical Area)",106.553
2009-01-01,31540,"Madison, WI (Metropolitan Statistical Area)",104.535
2008-01-01,31540,"Madison, WI (Metropolitan Statistical Area)",102.991
2024-01-01,31540,"Madison, WI (Metropolitan Statistical Area)",99.748
2017-01-01,31700,"Manchester-Nashua, NH (Metropolitan Statistical Area)",130.910
2016-01-01,31700,"Manchester-Nashua, NH (Metropolitan Statistical Area)",127.206
2015-01-01,31700,"Manchester-Nashua, NH (Metropolitan Statistical Area)",129.465
2014-01-01,31700,"Manchester-Nashua, NH (Metropolitan Statistical Area)",133.402
2013-01-01,31700,"Manchester-Nashua, NH (Metropolitan Statistical Area)",126.220
2012-01-01,31700,"Manchester-Nashua, NH (Metropolitan Statistical Area)",132.885
2011-01-01,31700,"Manchester-Nashua, NH (Metropolitan Statistical Area)",125.273
2010-01-01,31700,"Manchester-Nashua, NH (Metropolitan Statistical Area)",127.712
2009-01-01,31700,"Manchester-Nashua, NH (Metropolitan Statistical Area)",120.059
2008-01-01,31700,"Manchester-Nashua, NH (Metropolitan Statistical Area)",139.410
2024-01-01,31700,"Manchester-Nashua, NH (Metropolitan Statistical Area)",134.220
2023-01-01,31700,"Manchester-Nashua, NH (Metropolitan Statistical Area)",127.618
2022-01-01,31700,"Manchester-Nashua, NH (Metropolitan Statistical Area)",132.627
2021-01-01,31700,"Manchester-Nashua, NH (Metropolitan Statistical Area)",114.939
2020-01-01,31700,"Manchester-Nashua, NH (Metropolitan Statistical Area)",122.407
2019-01-01,31700,"Manchester-Nashua, NH (Metropolitan Statistical Area)",122.540
2018-01-01,31700,"Manchester-Nashua, NH (Metropolitan Statistical Area)",118.924
2018-01-01,31740,"Manhattan, KS (Metropolitan Statistical Area)",80.715
2017-01-01,31740,"Manhattan, KS (Metropolitan Statistical Area)",89.165
2016-01-01,31740,"Manhattan, KS (Metropolitan Statistical Area)",80.978
2015-01-01,31740,"Manhattan, KS (Metropolitan Statistical Area)",89.006
2014-01-01,31740,"Manhattan, KS (Metropolitan Statistical Area)",98.428
2013-01-01,31740,"Manhattan, KS (Metropolitan Statistical Area)",100.207
2012-01-01,31740,"Manhattan, KS (Metropolitan Statistical Area)",95.648
2011-01-01,31740,"Manhattan, KS (Metropolitan Statistical Area)",92.053
2010-01-01,31740,"Manhattan, KS (Metropolitan Statistical Area)",87.320
2009-01-01,31740,"Manhattan, KS (Metropolitan Statistical Area)",81.127
2008-01-01,31740,"Manhattan, KS (Metropolitan Statistical Area)",80.404
2024-01-01,31740,"Manhattan, KS (Metropolitan Statistical Area)",71.971
2023-01-01,31740,"Manhattan, KS (Metropolitan Statistical Area)",71.830
2022-01-01,31740,"Manhattan, KS (Metropolitan Statistical Area)",70.868
2021-01-01,31740,"Manhattan, KS (Metropolitan Statistical Area)",67.741
2020-01-01,31740,"Manhattan, KS (Metropolitan Statistical Area)",70.650
2019-01-01,31740,"Manhattan, KS (Metropolitan Statistical Area)",76.529
2019-01-01,31860,"Mankato, MN (Metropolitan Statistical Area)",88.837
2018-01-01,31860,"Mankato, MN (Metropolitan Statistical Area)",92.041
2017-01-01,31860,"Mankato, MN (Metropolitan Statistical Area)",84.983
2016-01-01,31860,"Mankato, MN (Metropolitan Statistical Area)",78.866
2015-01-01,31860,"Mankato, MN (Metropolitan Statistical Area)",93.130
2014-01-01,31860,"Mankato, MN (Metropolitan Statistical Area)",68.818
2013-01-01,31860,"Mankato, MN (Metropolitan Statistical Area)",103.937
2012-01-01,31860,"Mankato, MN (Metropolitan Statistical Area)",100.433
2011-01-01,31860,"Mankato, MN (Metropolitan Statistical Area)",60.284
2010-01-01,31860,"Mankato, MN (Metropolitan Statistical Area)",88.546
2009-01-01,31860,"Mankato, MN (Metropolitan Statistical Area)",80.574
2008-01-01,31860,"Mankato, MN (Metropolitan Statistical Area)",80.162
2024-01-01,31860,"Mankato, MN (Metropolitan Statistical Area)",79.884
2023-01-01,31860,"Mankato, MN (Metropolitan Statistical Area)",64.070
2022-01-01,31860,"Mankato, MN (Metropolitan Statistical Area)",72.075
2021-01-01,31860,"Mankato, MN (Metropolitan Statistical Area)",59.867
2020-01-01,31860,"Mankato, MN (Metropolitan Statistical Area)",69.312
2023-01-01,31900,"Mansfield, OH (Metropolitan Statistical Area)",49.576
2022-01-01,31900,"Mansfield, OH (Metropolitan Statistical Area)",58.500
2021-01-01,31900,"Mansfield, OH (Metropolitan Statistical Area)",55.429
2020-01-01,31900,"Mansfield, OH (Metropolitan Statistical Area)",60.072
2019-01-01,31900,"Mansfield, OH (Metropolitan Statistical Area)",56.726
2018-01-01,31900,"Mansfield, OH (Metropolitan Statistical Area)",48.532
2017-01-01,31900,"Mansfield, OH (Metropolitan Statistical Area)",53.603
2016-01-01,31900,"Mansfield, OH (Metropolitan Statistical Area)",60.840
2015-01-01,31900,"Mansfield, OH (Metropolitan Statistical Area)",60.057
2014-01-01,31900,"Mansfield, OH (Metropolitan Statistical Area)",57.666
2013-01-01,31900,"Mansfield, OH (Metropolitan Statistical Area)",52.416
2012-01-01,31900,"Mansfield, OH (Metropolitan Statistical Area)",65.765
2011-01-01,31900,"Mansfield, OH (Metropolitan Statistical Area)",63.232
2010-01-01,31900,"Mansfield, OH (Metropolitan Statistical Area)",60.671
2009-01-01,31900,"Mansfield, OH (Metropolitan Statistical Area)",54.623
2008-01-01,31900,"Mansfield, OH (Metropolitan Statistical Area)",62.868
2024-01-01,31900,"Mansfield, OH (Metropolitan Statistical Area)",54.919
2019-01-01,32580,"McAllen-Edinburg-Mission, TX (Metropolitan Statistical Area)",55.531
2018-01-01,32580,"McAllen-Edinburg-Mission, TX (Metropolitan Statistical Area)",56.799
2017-01-01,32580,"McAllen-Edinburg-Mission, TX (Metropolitan Statistical Area)",57.048
2016-01-01,32580,"McAllen-Edinburg-Mission, TX (Metropolitan Statistical Area)",56.600
2015-01-01,32580,"McAllen-Edinburg-Mission, TX (Metropolitan Statistical Area)",56.166
2014-01-01,32580,"McAllen-Edinburg-Mission, TX (Metropolitan Statistical Area)",56.303
2013-01-01,32580,"McAllen-Edinburg-Mission, TX (Metropolitan Statistical Area)",54.780
2012-01-01,32580,"McAllen-Edinburg-Mission, TX (Metropolitan Statistical Area)",56.914
2011-01-01,32580,"McAllen-Edinburg-Mission, TX (Metropolitan Statistical Area)",54.109
2010-01-01,32580,"McAllen-Edinburg-Mission, TX (Metropolitan Statistical Area)",52.566
2009-01-01,32580,"McAllen-Edinburg-Mission, TX (Metropolitan Statistical Area)",53.725
2008-01-01,32580,"McAllen-Edinburg-Mission, TX (Metropolitan Statistical Area)",54.360
2024-01-01,32580,"McAllen-Edinburg-Mission, TX (Metropolitan Statistical Area)",55.892
2023-01-01,32580,"McAllen-Edinburg-Mission, TX (Metropolitan Statistical Area)",57.033
2022-01-01,32580,"McAllen-Edinburg-Mission, TX (Metropolitan Statistical Area)",57.626
2021-01-01,32580,"McAllen-Edinburg-Mission, TX (Metropolitan Statistical Area)",56.252
2020-01-01,32580,"McAllen-Edinburg-Mission, TX (Metropolitan Statistical Area)",56.377
2023-01-01,32780,"Medford, OR (Metropolitan Statistical Area)",101.330
2022-01-01,32780,"Medford, OR (Metropolitan Statistical Area)",105.639
2021-01-01,32780,"Medford, OR (Metropolitan Statistical Area)",103.682
2020-01-01,32780,"Medford, OR (Metropolitan Statistical Area)",102.400
2019-01-01,32780,"Medford, OR (Metropolitan Statistical Area)",89.423
2018-01-01,32780,"Medford, OR (Metropolitan Statistical Area)",99.425
2017-01-01,32780,"Medford, OR (Metropolitan Statistical Area)",102.202
2016-01-01,32780,"Medford, OR (Metropolitan Statistical Area)",101.718
2015-01-01,32780,"Medford, OR (Metropolitan Statistical Area)",100.409
2014-01-01,32780,"Medford, OR (Metropolitan Statistical Area)",95.654
2013-01-01,32780,"Medford, OR (Metropolitan Statistical Area)",89.906
2012-01-01,32780,"Medford, OR (Metropolitan Statistical Area)",101.309
2011-01-01,32780,"Medford, OR (Metropolitan Statistical Area)",106.144
2010-01-01,32780,"Medford, OR (Metropolitan Statistical Area)",99.729
2009-01-01,32780,"Medford, OR (Metropolitan Statistical Area)",96.527
2008-01-01,32780,"Medford, OR (Metropolitan Statistical Area)",101.088
2024-01-01,32780,"Medford, OR (Metropolitan Statistical Area)",97.658
2024-01-01,32820,"Memphis, TN-MS-AR (Metropolitan Statistical Area)",79.807
2023-01-01,32820,"Memphis, TN-MS-AR (Metropolitan Statistical Area)",77.288
2022-01-01,32820,"Memphis, TN-MS-AR (Metropolitan Statistical Area)",76.377
2021-01-01,32820,"Memphis, TN-MS-AR (Metropolitan Statistical Area)",74.273
2020-01-01,32820,"Memphis, TN-MS-AR (Metropolitan Statistical Area)",74.171
2019-01-01,32820,"Memphis, TN-MS-AR (Metropolitan Statistical Area)",75.376
2018-01-01,32820,"Memphis, TN-MS-AR (Metropolitan Statistical Area)",72.480
2017-01-01,32820,"Memphis, TN-MS-AR (Metropolitan Statistical Area)",75.791
2016-01-01,32820,"Memphis, TN-MS-AR (Metropolitan Statistical Area)",76.527
2015-01-01,32820,"Memphis, TN-MS-AR (Metropolitan Statistical Area)",75.783
2014-01-01,32820,"Memphis, TN-MS-AR (Metropolitan Statistical Area)",77.072
2013-01-01,32820,"Memphis, TN-MS-AR (Metropolitan Statistical Area)",77.956
2012-01-01,32820,"Memphis, TN-MS-AR (Metropolitan Statistical Area)",77.895
2011-01-01,32820,"Memphis, TN-MS-AR (Metropolitan Statistical Area)",78.318
2010-01-01,32820,"Memphis, TN-MS-AR (Metropolitan Statistical Area)",81.213
2009-01-01,32820,"Memphis, TN-MS-AR (Metropolitan Statistical Area)",79.509
2008-01-01,32820,"Memphis, TN-MS-AR (Metropolitan Statistical Area)",81.305
2016-01-01,32900,"Merced, CA (Metropolitan Statistical Area)",83.362
2015-01-01,32900,"Merced, CA (Metropolitan Statistical Area)",81.909
2014-01-01,32900,"Merced, CA (Metropolitan Statistical Area)",77.596
2013-01-01,32900,"Merced, CA (Metropolitan Statistical Area)",88.223
2012-01-01,32900,"Merced, CA (Metropolitan Statistical Area)",84.394
2011-01-01,32900,"Merced, CA (Metropolitan Statistical Area)",85.291
2010-01-01,32900,"Merced, CA (Metropolitan Statistical Area)",87.878
2009-01-01,32900,"Merced, CA (Metropolitan Statistical Area)",88.135
2008-01-01,32900,"Merced, CA (Metropolitan Statistical Area)",82.306
2024-01-01,32900,"Merced, CA (Metropolitan Statistical Area)",78.630
2023-01-01,32900,"Merced, CA (Metropolitan Statistical Area)",76.755
2022-01-01,32900,"Merced, CA (Metropolitan Statistical Area)",84.162
2021-01-01,32900,"Merced, CA (Metropolitan Statistical Area)",88.686
2020-01-01,32900,"Merced, CA (Metropolitan Statistical Area)",79.463
2019-01-01,32900,"Merced, CA (Metropolitan Statistical Area)",88.357
2018-01-01,32900,"Merced, CA (Metropolitan Statistical Area)",83.590
2017-01-01,32900,"Merced, CA (Metropolitan Statistical Area)",90.394
2019-01-01,33100,"Miami-Fort Lauderdale-West Palm Beach, FL (Metropolitan Statistical Area)",143.773
2018-01-01,33100,"Miami-Fort Lauderdale-West Palm Beach, FL (Metropolitan Statistical Area)",142.169
2017-01-01,33100,"Miami-Fort Lauderdale-West Palm Beach, FL (Metropolitan Statistical Area)",142.058
2016-01-01,33100,"Miami-Fort Lauderdale-West Palm Beach, FL (Metropolitan Statistical Area)",141.292
2015-01-01,33100,"Miami-Fort Lauderdale-West Palm Beach, FL (Metropolitan Statistical Area)",143.625
2014-01-01,33100,"Miami-Fort Lauderdale-West Palm Beach, FL (Metropolitan Statistical Area)",138.888
2013-01-01,33100,"Miami-Fort Lauderdale-West Palm Beach, FL (Metropolitan Statistical Area)",137.659
2012-01-01,33100,"Miami-Fort Lauderdale-West Palm Beach, FL (Metropolitan Statistical Area)",140.730
2011-01-01,33100,"Miami-Fort Lauderdale-West Palm Beach, FL (Metropolitan Statistical Area)",138.474
2010-01-01,33100,"Miami-Fort Lauderdale-West Palm Beach, FL (Metropolitan Statistical Area)",138.050
2009-01-01,33100,"Miami-Fort Lauderdale-West Palm Beach, FL (Metropolitan Statistical Area)",138.633
2008-01-01,33100,"Miami-Fort Lauderdale-West Palm Beach, FL (Metropolitan Statistical Area)",147.007
2024-01-01,33100,"Miami-Fort Lauderdale-West Palm Beach, FL (Metropolitan Statistical Area)",155.551
2023-01-01,33100,"Miami-Fort Lauderdale-West Palm Beach, FL (Metropolitan Statistical Area)",156.613
2022-01-01,33100,"Miami-Fort Lauderdale-West Palm Beach, FL (Metropolitan Statistical Area)",147.231
2021-01-01,33100,"Miami-Fort Lauderdale-West Palm Beach, FL (Metropolitan Statistical Area)",143.717
2020-01-01,33100,"Miami-Fort Lauderdale-West Palm Beach, FL (Metropolitan Statistical Area)",143.987
2018-01-01,33140,"Michigan City-La Porte, IN (Metropolitan Statistical Area)",71.423
2017-01-01,33140,"Michigan City-La Porte, IN (Metropolitan Statistical Area)",62.024
2016-01-01,33140,"Michigan City-La Porte, IN (Metropolitan Statistical Area)",71.825
2015-01-01,33140,"Michigan City-La Porte, IN (Metropolitan Statistical Area)",68.750
2014-01-01,33140,"Michigan City-La Porte, IN (Metropolitan Statistical Area)",74.636
2013-01-01,33140,"Michigan City-La Porte, IN (Metropolitan Statistical Area)",74.454
2012-01-01,33140,"Michigan City-La Porte, IN (Metropolitan Statistical Area)",66.982
2011-01-01,33140,"Michigan City-La Porte, IN (Metropolitan Statistical Area)",75.633
2010-01-01,33140,"Michigan City-La Porte, IN (Metropolitan Statistical Area)",69.695
2009-01-01,33140,"Michigan City-La Porte, IN (Metropolitan Statistical Area)",77.438
2008-01-01,33140,"Michigan City-La Porte, IN (Metropolitan Statistical Area)",75.952
2024-01-01,33140,"Michigan City-La Porte, IN (Metropolitan Statistical Area)",68.451
2023-01-01,33140,"Michigan City-La Porte, IN (Metropolitan Statistical Area)",74.968
2022-01-01,33140,"Michigan City-La Porte, IN (Metropolitan Statistical Area)",55.952
2021-01-01,33140,"Michigan City-La Porte, IN (Metropolitan Statistical Area)",65.671
2020-01-01,33140,"Michigan City-La Porte, IN (Metropolitan Statistical Area)",73.651
2019-01-01,33140,"Michigan City-La Porte, IN (Metropolitan Statistical Area)",58.335
2019-01-01,33220,"Midland, MI (Metropolitan Statistical Area)",66.608
2018-01-01,33220,"Midland, MI (Metropolitan Statistical Area)",72.299
2017-01-01,33220,"Midland, MI (Metropolitan Statistical Area)",62.501
2016-01-01,33220,"Midland, MI (Metropolitan Statistical Area)",72.807
2015-01-01,33220,"Midland, MI (Metropolitan Statistical Area)",68.567
2014-01-01,33220,"Midland, MI (Metropolitan Statistical Area)",72.965
2013-01-01,33220,"Midland, MI (Metropolitan Statistical Area)",73.316
2012-01-01,33220,"Midland, MI (Metropolitan Statistical Area)",73.717
2011-01-01,33220,"Midland, MI (Metropolitan Statistical Area)",72.611
2010-01-01,33220,"Midland, MI (Metropolitan Statistical Area)",67.675
2009-01-01,33220,"Midland, MI (Metropolitan Statistical Area)",71.965
2008-01-01,33220,"Midland, MI (Metropolitan Statistical Area)",68.041
2024-01-01,33220,"Midland, MI (Metropolitan Statistical Area)",66.684
2023-01-01,33220,"Midland, MI (Metropolitan Statistical Area)",65.635
2022-01-01,33220,"Midland, MI (Metropolitan Statistical Area)",53.250
2021-01-01,33220,"Midland, MI (Metropolitan Statistical Area)",67.581
2020-01-01,33220,"Midland, MI (Metropolitan Statistical Area)",58.524
2018-01-01,33260,"Midland, TX (Metropolitan Statistical Area)",129.338
2017-01-01,33260,"Midland, TX (Metropolitan Statistical Area)",115.622
2016-01-01,33260,"Midland, TX (Metropolitan Statistical Area)",123.793
2015-01-01,33260,"Midland, TX (Metropolitan Statistical Area)",144.902
2014-01-01,33260,"Midland, TX (Metropolitan Statistical Area)",139.265
2013-01-01,33260,"Midland, TX (Metropolitan Statistical Area)",122.511
2012-01-01,33260,"Midland, TX (Metropolitan Statistical Area)",111.689
2011-01-01,33260,"Midland, TX (Metropolitan Statistical Area)",117.437
2010-01-01,33260,"Midland, TX (Metropolitan Statistical Area)",100.513
2009-01-01,33260,"Midland, TX (Metropolitan Statistical Area)",93.657
2008-01-01,33260,"Midland, TX (Metropolitan Statistical Area)",88.600
2024-01-01,33260,"Midland, TX (Metropolitan Statistical Area)",101.497
2023-01-01,33260,"Midland, TX (Metropolitan Statistical Area)",101.928
2022-01-01,33260,"Midland, TX (Metropolitan Statistical Area)",101.237
2021-01-01,33260,"Midland, TX (Metropolitan Statistical Area)",102.989
2020-01-01,33260,"Midland, TX (Metropolitan Statistical Area)",85.672
2019-01-01,33260,"Midland, TX (Metropolitan Statistical Area)",130.211
2024-01-01,33340,"Milwaukee-Waukesha, WI (Metropolitan Statistical Area)",97.111
2023-01-01,33340,"Milwaukee-Waukesha, WI (Metropolitan Statistical Area)",94.021
2022-01-01,33340,"Milwaukee-Waukesha, WI (Metropolitan Statistical Area)",95.640
2021-01-01,33340,"Milwaukee-Waukesha, WI (Metropolitan Statistical Area)",89.880
2020-01-01,33340,"Milwaukee-Waukesha, WI (Metropolitan Statistical Area)",93.048
2019-01-01,33340,"Milwaukee-Waukesha, WI (Metropolitan Statistical Area)",98.413
2018-01-01,33340,"Milwaukee-Waukesha, WI (Metropolitan Statistical Area)",92.365
2017-01-01,33340,"Milwaukee-Waukesha, WI (Metropolitan Statistical Area)",100.644
2016-01-01,33340,"Milwaukee-Waukesha, WI (Metropolitan Statistical Area)",96.851
2015-01-01,33340,"Milwaukee-Waukesha, WI (Metropolitan Statistical Area)",99.299
2014-01-01,33340,"Milwaukee-Waukesha, WI (Metropolitan Statistical Area)",99.571
2013-01-01,33340,"Milwaukee-Waukesha, WI (Metropolitan Statistical Area)",103.613
2012-01-01,33340,"Milwaukee-Waukesha, WI (Metropolitan Statistical Area)",106.880
2011-01-01,33340,"Milwaukee-Waukesha, WI (Metropolitan Statistical Area)",104.851
2010-01-01,33340,"Milwaukee-Waukesha, WI (Metropolitan Statistical Area)",106.553
2009-01-01,33340,"Milwaukee-Waukesha, WI (Metropolitan Statistical Area)",103.549
2008-01-01,33340,"Milwaukee-Waukesha, WI (Metropolitan Statistical Area)",98.807
2018-01-01,33460,"Minneapolis-St. Paul-Bloomington, MN-WI (Metropolitan Statistical Area)",116.765
2017-01-01,33460,"Minneapolis-St. Paul-Bloomington, MN-WI (Metropolitan Statistical Area)",119.577
2016-01-01,33460,"Minneapolis-St. Paul-Bloomington, MN-WI (Metropolitan Statistical Area)",116.637
2015-01-01,33460,"Minneapolis-St. Paul-Bloomington, MN-WI (Metropolitan Statistical Area)",119.708
2014-01-01,33460,"Minneapolis-St. Paul-Bloomington, MN-WI (Metropolitan Statistical Area)",115.530
2013-01-01,33460,"Minneapolis-St. Paul-Bloomington, MN-WI (Metropolitan Statistical Area)",115.023
2012-01-01,33460,"Minneapolis-St. Paul-Bloomington, MN-WI (Metropolitan Statistical Area)",111.679
2011-01-01,33460,"Minneapolis-St. Paul-Bloomington, MN-WI (Metropolitan Statistical Area)",113.944
2010-01-01,33460,"Minneapolis-St. Paul-Bloomington, MN-WI (Metropolitan Statistical Area)",114.086
2009-01-01,33460,"Minneapolis-St. Paul-Bloomington, MN-WI (Metropolitan Statistical Area)",116.750
2008-01-01,33460,"Minneapolis-St. Paul-Bloomington, MN-WI (Metropolitan Statistical Area)",119.922
2024-01-01,33460,"Minneapolis-St. Paul-Bloomington, MN-WI (Metropolitan Statistical Area)",111.838
2023-01-01,33460,"Minneapolis-St. Paul-Bloomington, MN-WI (Metropolitan Statistical Area)",110.308
2022-01-01,33460,"Minneapolis-St. Paul-Bloomington, MN-WI (Metropolitan Statistical Area)",119.045
2021-01-01,33460,"Minneapolis-St. Paul-Bloomington, MN-WI (Metropolitan Statistical Area)",114.689
2020-01-01,33460,"Minneapolis-St. Paul-Bloomington, MN-WI (Metropolitan Statistical Area)",112.031
2019-01-01,33460,"Minneapolis-St. Paul-Bloomington, MN-WI (Metropolitan Statistical Area)",117.994
2019-01-01,33500,"Minot, ND (Metropolitan Statistical Area)",76.888
2018-01-01,33500,"Minot, ND (Metropolitan Statistical Area)",72.519
2017-01-01,33500,"Minot, ND (Metropolitan Statistical Area)",61.928
2016-01-01,33500,"Minot, ND (Metropolitan Statistical Area)",87.453
2015-01-01,33500,"Minot, ND (Metropolitan Statistical Area)",82.580
2014-01-01,33500,"Minot, ND (Metropolitan Statistical Area)",95.308
2013-01-01,33500,"Minot, ND (Metropolitan Statistical Area)",88.390
2012-01-01,33500,"Minot, ND (Metropolitan Statistical Area)",74.339
2011-01-01,33500,"Minot, ND (Metropolitan Statistical Area)",63.856
2010-01-01,33500,"Minot, ND (Metropolitan Statistical Area)",51.861
2009-01-01,33500,"Minot, ND (Metropolitan Statistical Area)",72.434
2008-01-01,33500,"Minot, ND (Metropolitan Statistical Area)",54.230
2024-01-01,33500,"Minot, ND (Metropolitan Statistical Area)",63.234
2023-01-01,33500,"Minot, ND (Metropolitan Statistical Area)",73.922
2022-01-01,33500,"Minot, ND (Metropolitan Statistical Area)",71.054
2021-01-01,33500,"Minot, ND (Metropolitan Statistical Area)",63.686
2020-01-01,33500,"Minot, ND (Metropolitan Statistical Area)",76.901
2018-01-01,33540,"Missoula, MT (Metropolitan Statistical Area)",76.404
2017-01-01,33540,"Missoula, MT (Metropolitan Statistical Area)",87.742
2016-01-01,33540,"Missoula, MT (Metropolitan Statistical Area)",81.099
2015-01-01,33540,"Missoula, MT (Metropolitan Statistical Area)",76.826
2014-01-01,33540,"Missoula, MT (Metropolitan Statistical Area)",87.198
2013-01-01,33540,"Missoula, MT (Metropolitan Statistical Area)",84.622
2012-01-01,33540,"Missoula, MT (Metropolitan Statistical Area)",80.269
2011-01-01,33540,"Missoula, MT (Metropolitan Statistical Area)",94.035
2010-01-01,33540,"Missoula, MT (Metropolitan Statistical Area)",93.890
2009-01-01,33540,"Missoula, MT (Metropolitan Statistical Area)",88.844
2008-01-01,33540,"Missoula, MT (Metropolitan Statistical Area)",84.326
2024-01-01,33540,"Missoula, MT (Metropolitan Statistical Area)",94.945
2023-01-01,33540,"Missoula, MT (Metropolitan Statistical Area)",92.741
2022-01-01,33540,"Missoula, MT (Metropolitan Statistical Area)",72.257
2021-01-01,33540,"Missoula, MT (Metropolitan Statistical Area)",98.605
2020-01-01,33540,"Missoula, MT (Metropolitan Statistical Area)",85.533
2019-01-01,33540,"Missoula, MT (Metropolitan Statistical Area)",87.661
2019-01-01,33660,"Mobile, AL (Metropolitan Statistical Area)",62.040
2018-01-01,33660,"Mobile, AL (Metropolitan Statistical Area)",62.542
2017-01-01,33660,"Mobile, AL (Metropolitan Statistical Area)",65.417
2016-01-01,33660,"Mobile, AL (Metropolitan Statistical Area)",64.579
2015-01-01,33660,"Mobile, AL (Metropolitan Statistical Area)",65.188
2014-01-01,33660,"Mobile, AL (Metropolitan Statistical Area)",71.547
2013-01-01,33660,"Mobile, AL (Metropolitan Statistical Area)",68.800
2012-01-01,33660,"Mobile, AL (Metropolitan Statistical Area)",69.016
2011-01-01,33660,"Mobile, AL (Metropolitan Statistical Area)",65.968
2010-01-01,33660,"Mobile, AL (Metropolitan Statistical Area)",60.375
2009-01-01,33660,"Mobile, AL (Metropolitan Statistical Area)",64.952
2008-01-01,33660,"Mobile, AL (Metropolitan Statistical Area)",63.000
2024-01-01,33660,"Mobile, AL (Metropolitan Statistical Area)",60.116
2023-01-01,33660,"Mobile, AL (Metropolitan Statistical Area)",61.287
2022-01-01,33660,"Mobile, AL (Metropolitan Statistical Area)",57.422
2021-01-01,33660,"Mobile, AL (Metropolitan Statistical Area)",62.254
2020-01-01,33660,"Mobile, AL (Metropolitan Statistical Area)",59.823
2023-01-01,33700,"Modesto, CA (Metropolitan Statistical Area)",103.545
2022-01-01,33700,"Modesto, CA (Metropolitan Statistical Area)",101.663
2021-01-01,33700,"Modesto, CA (Metropolitan Statistical Area)",105.249
2020-01-01,33700,"Modesto, CA (Metropolitan Statistical Area)",104.810
2019-01-01,33700,"Modesto, CA (Metropolitan Statistical Area)",109.332
2018-01-01,33700,"Modesto, CA (Metropolitan Statistical Area)",102.884
2017-01-01,33700,"Modesto, CA (Metropolitan Statistical Area)",100.383
2016-01-01,33700,"Modesto, CA (Metropolitan Statistical Area)",97.950
2015-01-01,33700,"Modesto, CA (Metropolitan Statistical Area)",98.310
2014-01-01,33700,"Modesto, CA (Metropolitan Statistical Area)",95.375
2013-01-01,33700,"Modesto, CA (Metropolitan Statistical Area)",101.477
2012-01-01,33700,"Modesto, CA (Metropolitan Statistical Area)",102.667
2011-01-01,33700,"Modesto, CA (Metropolitan Statistical Area)",102.695
2010-01-01,33700,"Modesto, CA (Metropolitan Statistical Area)",108.173
2009-01-01,33700,"Modesto, CA (Metropolitan Statistical Area)",110.159
2008-01-01,33700,"Modesto, CA (Metropolitan Statistical Area)",109.238
2024-01-01,33700,"Modesto, CA (Metropolitan Statistical Area)",108.476
2019-01-01,33740,"Monroe, LA (Metropolitan Statistical Area)",47.091
2018-01-01,33740,"Monroe, LA (Metropolitan Statistical Area)",51.160
2017-01-01,33740,"Monroe, LA (Metropolitan Statistical Area)",50.150
2016-01-01,33740,"Monroe, LA (Metropolitan Statistical Area)",49.242
2015-01-01,33740,"Monroe, LA (Metropolitan Statistical Area)",46.450
2014-01-01,33740,"Monroe, LA (Metropolitan Statistical Area)",50.476
2013-01-01,33740,"Monroe, LA (Metropolitan Statistical Area)",49.009
2012-01-01,33740,"Monroe, LA (Metropolitan Statistical Area)",47.857
2011-01-01,33740,"Monroe, LA (Metropolitan Statistical Area)",51.557
2010-01-01,33740,"Monroe, LA (Metropolitan Statistical Area)",55.514
2009-01-01,33740,"Monroe, LA (Metropolitan Statistical Area)",47.752
2008-01-01,33740,"Monroe, LA (Metropolitan Statistical Area)",45.042
2024-01-01,33740,"Monroe, LA (Metropolitan Statistical Area)",42.815
2023-01-01,33740,"Monroe, LA (Metropolitan Statistical Area)",43.872
2022-01-01,33740,"Monroe, LA (Metropolitan Statistical Area)",49.781
2021-01-01,33740,"Monroe, LA (Metropolitan Statistical Area)",47.674
2020-01-01,33740,"Monroe, LA (Metropolitan Statistical Area)",41.101
2018-01-01,33780,"Monroe, MI (Metropolitan Statistical Area)",86.568
2017-01-01,33780,"Monroe, MI (Metropolitan Statistical Area)",80.264
2016-01-01,33780,"Monroe, MI (Metropolitan Statistical Area)",74.545
2015-01-01,33780,"Monroe, MI (Metropolitan Statistical Area)",86.493
2014-01-01,33780,"Monroe, MI (Metropolitan Statistical Area)",83.366
2013-01-01,33780,"Monroe, MI (Metropolitan Statistical Area)",78.468
2012-01-01,33780,"Monroe, MI (Metropolitan Statistical Area)",74.743
2011-01-01,33780,"Monroe, MI (Metropolitan Statistical Area)",92.774
2010-01-01,33780,"Monroe, MI (Metropolitan Statistical Area)",89.981
2009-01-01,33780,"Monroe, MI (Metropolitan Statistical Area)",77.537
2008-01-01,33780,"Monroe, MI (Metropolitan Statistical Area)",77.486
2024-01-01,33780,"Monroe, MI (Metropolitan Statistical Area)",74.641
2023-01-01,33780,"Monroe, MI (Metropolitan Statistical Area)",77.920
2022-01-01,33780,"Monroe, MI (Metropolitan Statistical Area)",80.661
2021-01-01,33780,"Monroe, MI (Metropolitan Statistical Area)",71.127
2020-01-01,33780,"Monroe, MI (Metropolitan Statistical Area)",79.201
2019-01-01,33780,"Monroe, MI (Metropolitan Statistical Area)",73.871
2019-01-01,33860,"Montgomery, AL (Metropolitan Statistical Area)",62.969
2018-01-01,33860,"Montgomery, AL (Metropolitan Statistical Area)",63.876
2017-01-01,33860,"Montgomery, AL (Metropolitan Statistical Area)",68.907
2016-01-01,33860,"Montgomery, AL (Metropolitan Statistical Area)",66.885
2015-01-01,33860,"Montgomery, AL (Metropolitan Statistical Area)",60.382
2014-01-01,33860,"Montgomery, AL (Metropolitan Statistical Area)",60.536
2013-01-01,33860,"Montgomery, AL (Metropolitan Statistical Area)",63.144
2012-01-01,33860,"Montgomery, AL (Metropolitan Statistical Area)",69.820
2011-01-01,33860,"Montgomery, AL (Metropolitan Statistical Area)",61.391
2010-01-01,33860,"Montgomery, AL (Metropolitan Statistical Area)",68.120
2009-01-01,33860,"Montgomery, AL (Metropolitan Statistical Area)",69.472
2008-01-01,33860,"Montgomery, AL (Metropolitan Statistical Area)",67.072
2024-01-01,33860,"Montgomery, AL (Metropolitan Statistical Area)",64.347
2023-01-01,33860,"Montgomery, AL (Metropolitan Statistical Area)",65.715
2022-01-01,33860,"Montgomery, AL (Metropolitan Statistical Area)",65.348
2021-01-01,33860,"Montgomery, AL (Metropolitan Statistical Area)",64.667
2020-01-01,33860,"Montgomery, AL (Metropolitan Statistical Area)",59.960
2023-01-01,34060,"Morgantown, WV (Metropolitan Statistical Area)",66.125
2022-01-01,34060,"Morgantown, WV (Metropolitan Statistical Area)",69.090
2021-01-01,34060,"Morgantown, WV (Metropolitan Statistical Area)",81.603
2020-01-01,34060,"Morgantown, WV (Metropolitan Statistical Area)",74.607
2019-01-01,34060,"Morgantown, WV (Metropolitan Statistical Area)",70.488
2018-01-01,34060,"Morgantown, WV (Metropolitan Statistical Area)",81.462
2017-01-01,34060,"Morgantown, WV (Metropolitan Statistical Area)",71.436
2016-01-01,34060,"Morgantown, WV (Metropolitan Statistical Area)",88.984
2015-01-01,34060,"Morgantown, WV (Metropolitan Statistical Area)",96.812
2014-01-01,34060,"Morgantown, WV (Metropolitan Statistical Area)",66.054
2013-01-01,34060,"Morgantown, WV (Metropolitan Statistical Area)",81.185
2012-01-01,34060,"Morgantown, WV (Metropolitan Statistical Area)",78.307
2011-01-01,34060,"Morgantown, WV (Metropolitan Statistical Area)",87.221
2010-01-01,34060,"Morgantown, WV (Metropolitan Statistical Area)",82.347
2009-01-01,34060,"Morgantown, WV (Metropolitan Statistical Area)",68.473
2008-01-01,34060,"Morgantown, WV (Metropolitan Statistical Area)",69.251
2024-01-01,34060,"Morgantown, WV (Metropolitan Statistical Area)",69.126
2019-01-01,34100,"Morristown, TN (Metropolitan Statistical Area)",61.926
2018-01-01,34100,"Morristown, TN (Metropolitan Statistical Area)",62.702
2017-01-01,34100,"Morristown, TN (Metropolitan Statistical Area)",64.320
2016-01-01,34100,"Morristown, TN (Metropolitan Statistical Area)",57.166
2015-01-01,34100,"Morristown, TN (Metropolitan Statistical Area)",63.086
2014-01-01,34100,"Morristown, TN (Metropolitan Statistical Area)",59.394
2013-01-01,34100,"Morristown, TN (Metropolitan Statistical Area)",65.201
2012-01-01,34100,"Morristown, TN (Metropolitan Statistical Area)",68.157
2011-01-01,34100,"Morristown, TN (Metropolitan Statistical Area)",67.550
2010-01-01,34100,"Morristown, TN (Metropolitan Statistical Area)",61.038
2009-01-01,34100,"Morristown, TN (Metropolitan Statistical Area)",55.328
2008-01-01,34100,"Morristown, TN (Metropolitan Statistical Area)",60.999
2024-01-01,34100,"Morristown, TN (Metropolitan Statistical Area)",59.024
2023-01-01,34100,"Morristown, TN (Metropolitan Statistical Area)",57.457
2022-01-01,34100,"Morristown, TN (Metropolitan Statistical Area)",57.321
2021-01-01,34100,"Morristown, TN (Metropolitan Statistical Area)",57.235
2020-01-01,34100,"Morristown, TN (Metropolitan Statistical Area)",53.568
2018-01-01,34580,"Mount Vernon-Anacortes, WA (Metropolitan Statistical Area)",107.163
2017-01-01,34580,"Mount Vernon-Anacortes, WA (Metropolitan Statistical Area)",106.892
2016-01-01,34580,"Mount Vernon-Anacortes, WA (Metropolitan Statistical Area)",111.268
2015-01-01,34580,"Mount Vernon-Anacortes, WA (Metropolitan Statistical Area)",104.729
2014-01-01,34580,"Mount Vernon-Anacortes, WA (Metropolitan Statistical Area)",90.776
2013-01-01,34580,"Mount Vernon-Anacortes, WA (Metropolitan Statistical Area)",102.135
2012-01-01,34580,"Mount Vernon-Anacortes, WA (Metropolitan Statistical Area)",107.694
2011-01-01,34580,"Mount Vernon-Anacortes, WA (Metropolitan Statistical Area)",108.815
2010-01-01,34580,"Mount Vernon-Anacortes, WA (Metropolitan Statistical Area)",110.591
2009-01-01,34580,"Mount Vernon-Anacortes, WA (Metropolitan Statistical Area)",109.692
2008-01-01,34580,"Mount Vernon-Anacortes, WA (Metropolitan Statistical Area)",114.540
2024-01-01,34580,"Mount Vernon-Anacortes, WA (Metropolitan Statistical Area)",108.165
2023-01-01,34580,"Mount Vernon-Anacortes, WA (Metropolitan Statistical Area)",121.569
2022-01-01,34580,"Mount Vernon-Anacortes, WA (Metropolitan Statistical Area)",109.298
2021-01-01,34580,"Mount Vernon-Anacortes, WA (Metropolitan Statistical Area)",95.763
2020-01-01,34580,"Mount Vernon-Anacortes, WA (Metropolitan Statistical Area)",103.874
2019-01-01,34580,"Mount Vernon-Anacortes, WA (Metropolitan Statistical Area)",99.584
2019-01-01,34620,"Muncie, IN (Metropolitan Statistical Area)",57.560
2018-01-01,34620,"Muncie, IN (Metropolitan Statistical Area)",69.931
2017-01-01,34620,"Muncie, IN (Metropolitan Statistical Area)",63.014
2016-01-01,34620,"Muncie, IN (Metropolitan Statistical Area)",58.294
2015-01-01,34620,"Muncie, IN (Metropolitan Statistical Area)",62.190
2014-01-01,34620,"Muncie, IN (Metropolitan Statistical Area)",63.636
2013-01-01,34620,"Muncie, IN (Metropolitan Statistical Area)",73.246
2012-01-01,34620,"Muncie, IN (Metropolitan Statistical Area)",67.779
2011-01-01,34620,"Muncie, IN (Metropolitan Statistical Area)",74.030
2010-01-01,34620,"Muncie, IN (Metropolitan Statistical Area)",69.859
2009-01-01,34620,"Muncie, IN (Metropolitan Statistical Area)",66.696
2008-01-01,34620,"Muncie, IN (Metropolitan Statistical Area)",76.510
2024-01-01,34620,"Muncie, IN (Metropolitan Statistical Area)",57.474
2023-01-01,34620,"Muncie, IN (Metropolitan Statistical Area)",61.098
2022-01-01,34620,"Muncie, IN (Metropolitan Statistical Area)",57.301
2021-01-01,34620,"Muncie, IN (Metropolitan Statistical Area)",60.380
2020-01-01,34620,"Muncie, IN (Metropolitan Statistical Area)",58.570
2023-01-01,34740,"Muskegon-Norton Shores, MI (Metropolitan Statistical Area)",73.584
2022-01-01,34740,"Muskegon-Norton Shores, MI (Metropolitan Statistical Area)",76.185
2021-01-01,34740,"Muskegon-Norton Shores, MI (Metropolitan Statistical Area)",71.754
2020-01-01,34740,"Muskegon-Norton Shores, MI (Metropolitan Statistical Area)",80.821
2019-01-01,34740,"Muskegon-Norton Shores, MI (Metropolitan Statistical Area)",75.227
2018-01-01,34740,"Muskegon-Norton Shores, MI (Metropolitan Statistical Area)",68.764
2017-01-01,34740,"Muskegon-Norton Shores, MI (Metropolitan Statistical Area)",67.308
2016-01-01,34740,"Muskegon-Norton Shores, MI (Metropolitan Statistical Area)",65.791
2015-01-01,34740,"Muskegon-Norton Shores, MI (Metropolitan Statistical Area)",56.646
2014-01-01,34740,"Muskegon-Norton Shores, MI (Metropolitan Statistical Area)",73.641
2013-01-01,34740,"Muskegon-Norton Shores, MI (Metropolitan Statistical Area)",64.395
2012-01-01,34740,"Muskegon-Norton Shores, MI (Metropolitan Statistical Area)",65.573
2011-01-01,34740,"Muskegon-Norton Shores, MI (Metropolitan Statistical Area)",71.852
2010-01-01,34740,"Muskegon-Norton Shores, MI (Metropolitan Statistical Area)",74.525
2009-01-01,34740,"Muskegon-Norton Shores, MI (Metropolitan Statistical Area)",75.484
2008-01-01,34740,"Muskegon-Norton Shores, MI (Metropolitan Statistical Area)",70.721
2024-01-01,34740,"Muskegon-Norton Shores, MI (Metropolitan Statistical Area)",74.228
2024-01-01,34820,"Myrtle Beach-Conway-North Myrtle Beach, SC (Metropolitan Statistical Area)",83.129
2023-01-01,34820,"Myrtle Beach-Conway-North Myrtle Beach, SC (Metropolitan Statistical Area)",84.167
2022-01-01,34820,"Myrtle Beach-Conway-North Myrtle Beach, SC (Metropolitan Statistical Area)",83.920
2021-01-01,34820,"Myrtle Beach-Conway-North Myrtle Beach, SC (Metropolitan Statistical Area)",82.082
2020-01-01,34820,"Myrtle Beach-Conway-North Myrtle Beach, SC (Metropolitan Statistical Area)",82.828
2019-01-01,34820,"Myrtle Beach-Conway-North Myrtle Beach, SC (Metropolitan Statistical Area)",85.060
2018-01-01,34820,"Myrtle Beach-Conway-North Myrtle Beach, SC (Metropolitan Statistical Area)",76.111
2017-01-01,34820,"Myrtle Beach-Conway-North Myrtle Beach, SC (Metropolitan Statistical Area)",83.203
2016-01-01,34820,"Myrtle Beach-Conway-North Myrtle Beach, SC (Metropolitan Statistical Area)",84.822
2015-01-01,34820,"Myrtle Beach-Conway-North Myrtle Beach, SC (Metropolitan Statistical Area)",82.628
2014-01-01,34820,"Myrtle Beach-Conway-North Myrtle Beach, SC (Metropolitan Statistical Area)",84.258
2013-01-01,34820,"Myrtle Beach-Conway-North Myrtle Beach, SC (Metropolitan Statistical Area)",77.789
2012-01-01,34820,"Myrtle Beach-Conway-North Myrtle Beach, SC (Metropolitan Statistical Area)",89.082
2011-01-01,34820,"Myrtle Beach-Conway-North Myrtle Beach, SC (Metropolitan Statistical Area)",85.442
2010-01-01,34820,"Myrtle Beach-Conway-North Myrtle Beach, SC (Metropolitan Statistical Area)",81.596
2009-01-01,34820,"Myrtle Beach-Conway-North Myrtle Beach, SC (Metropolitan Statistical Area)",90.051
2008-01-01,34820,"Myrtle Beach-Conway-North Myrtle Beach, SC (Metropolitan Statistical Area)",86.190
2018-01-01,34900,"Napa, CA (Metropolitan Statistical Area)",196.645
2017-01-01,34900,"Napa, CA (Metropolitan Statistical Area)",179.688
2016-01-01,34900,"Napa, CA (Metropolitan Statistical Area)",190.406
2015-01-01,34900,"Napa, CA (Metropolitan Statistical Area)",171.907
2014-01-01,34900,"Napa, CA (Metropolitan Statistical Area)",180.320
2013-01-01,34900,"Napa, CA (Metropolitan Statistical Area)",165.695
2012-01-01,34900,"Napa, CA (Metropolitan Statistical Area)",159.801
2011-01-01,34900,"Napa, CA (Metropolitan Statistical Area)",164.584
2010-01-01,34900,"Napa, CA (Metropolitan Statistical Area)",154.782
2009-01-01,34900,"Napa, CA (Metropolitan Statistical Area)",170.969
2008-01-01,34900,"Napa, CA (Metropolitan Statistical Area)",138.655
2024-01-01,34900,"Napa, CA (Metropolitan Statistical Area)",197.440
2023-01-01,34900,"Napa, CA (Metropolitan Statistical Area)",161.293
2022-01-01,34900,"Napa, CA (Metropolitan Statistical Area)",161.679
2021-01-01,34900,"Napa, CA (Metropolitan Statistical Area)",187.641
2020-01-01,34900,"Napa, CA (Metropolitan Statistical Area)",187.209
2019-01-01,34900,"Napa, CA (Metropolitan Statistical Area)",184.507
2019-01-01,34940,"Naples-Marco Island, FL (Metropolitan Statistical Area)",128.029
2018-01-01,34940,"Naples-Marco Island, FL (Metropolitan Statistical Area)",118.224
2017-01-01,34940,"Naples-Marco Island, FL (Metropolitan Statistical Area)",130.078
2016-01-01,34940,"Naples-Marco Island, FL (Metropolitan Statistical Area)",123.196
2015-01-01,34940,"Naples-Marco Island, FL (Metropolitan Statistical Area)",119.951
2014-01-01,34940,"Naples-Marco Island, FL (Metropolitan Statistical Area)",112.016
2013-01-01,34940,"Naples-Marco Island, FL (Metropolitan Statistical Area)",115.942
2012-01-01,34940,"Naples-Marco Island, FL (Metropolitan Statistical Area)",112.798
2011-01-01,34940,"Naples-Marco Island, FL (Metropolitan Statistical Area)",103.195
2010-01-01,34940,"Naples-Marco Island, FL (Metropolitan Statistical Area)",119.303
2009-01-01,34940,"Naples-Marco Island, FL (Metropolitan Statistical Area)",120.653
2008-01-01,34940,"Naples-Marco Island, FL (Metropolitan Statistical Area)",133.416
2024-01-01,34940,"Naples-Marco Island, FL (Metropolitan Statistical Area)",129.441
2023-01-01,34940,"Naples-Marco Island, FL (Metropolitan Statistical Area)",146.348
2022-01-01,34940,"Naples-Marco Island, FL (Metropolitan Statistical Area)",129.341
2021-01-01,34940,"Naples-Marco Island, FL (Metropolitan Statistical Area)",125.680
2020-01-01,34940,"Naples-Marco Island, FL (Metropolitan Statistical Area)",116.482
2018-01-01,34980,"Nashville-Davidson--Murfreesboro--Franklin, TN (Metropolitan Statistical Area)",99.752
2017-01-01,34980,"Nashville-Davidson--Murfreesboro--Franklin, TN (Metropolitan Statistical Area)",100.184
2016-01-01,34980,"Nashville-Davidson--Murfreesboro--Franklin, TN (Metropolitan Statistical Area)",98.800
2015-01-01,34980,"Nashville-Davidson--Murfreesboro--Franklin, TN (Metropolitan Statistical Area)",91.421
2014-01-01,34980,"Nashville-Davidson--Murfreesboro--Franklin, TN (Metropolitan Statistical Area)",91.233
2013-01-01,34980,"Nashville-Davidson--Murfreesboro--Franklin, TN (Metropolitan Statistical Area)",93.685
2012-01-01,34980,"Nashville-Davidson--Murfreesboro--Franklin, TN (Metropolitan Statistical Area)",89.840
2011-01-01,34980,"Nashville-Davidson--Murfreesboro--Franklin, TN (Metropolitan Statistical Area)",89.194
2010-01-01,34980,"Nashville-Davidson--Murfreesboro--Franklin, TN (Metropolitan Statistical Area)",91.461
2009-01-01,34980,"Nashville-Davidson--Murfreesboro--Franklin, TN (Metropolitan Statistical Area)",92.421
2008-01-01,34980,"Nashville-Davidson--Murfreesboro--Franklin, TN (Metropolitan Statistical Area)",89.436
2024-01-01,34980,"Nashville-Davidson--Murfreesboro--Franklin, TN (Metropolitan Statistical Area)",104.626
2023-01-01,34980,"Nashville-Davidson--Murfreesboro--Franklin, TN (Metropolitan Statistical Area)",106.905
2022-01-01,34980,"Nashville-Davidson--Murfreesboro--Franklin, TN (Metropolitan Statistical Area)",105.305
2021-01-01,34980,"Nashville-Davidson--Murfreesboro--Franklin, TN (Metropolitan Statistical Area)",104.388
2020-01-01,34980,"Nashville-Davidson--Murfreesboro--Franklin, TN (Metropolitan Statistical Area)",106.983
2019-01-01,34980,"Nashville-Davidson--Murfreesboro--Franklin, TN (Metropolitan Statistical Area)",102.483
2019-01-01,35300,"New Haven, CT (Metropolitan Statistical Area)",119.639
2018-01-01,35300,"New Haven, CT (Metropolitan Statistical Area)",119.966
2017-01-01,35300,"New Haven, CT (Metropolitan Statistical Area)",123.045
2016-01-01,35300,"New Haven, CT (Metropolitan Statistical Area)",122.395
2015-01-01,35300,"New Haven, CT (Metropolitan Statistical Area)",134.179
2014-01-01,35300,"New Haven, CT (Metropolitan Statistical Area)",135.221
2013-01-01,35300,"New Haven, CT (Metropolitan Statistical Area)",126.404
2012-01-01,35300,"New Haven, CT (Metropolitan Statistical Area)",132.381
2011-01-01,35300,"New Haven, CT (Metropolitan Statistical Area)",137.441
2010-01-01,35300,"New Haven, CT (Metropolitan Statistical Area)",128.150
2009-01-01,35300,"New Haven, CT (Metropolitan Statistical Area)",143.483
2008-01-01,35300,"New Haven, CT (Metropolitan Statistical Area)",137.077
2024-01-01,35300,"New Haven, CT (Metropolitan Statistical Area)",124.293
2023-01-01,35300,"New Haven, CT (Metropolitan Statistical Area)",124.149
2022-01-01,35300,"New Haven, CT (Metropolitan Statistical Area)",119.511
2021-01-01,35300,"New Haven, CT (Metropolitan Statistical Area)",117.804
2020-01-01,35300,"New Haven, CT (Metropolitan Statistical Area)",112.953
2023-01-01,35380,"New Orleans-Metairie, LA (Metropolitan Statistical Area)",77.753
2022-01-01,35380,"New Orleans-Metairie, LA (Metropolitan Statistical Area)",84.723
2021-01-01,35380,"New Orleans-Metairie, LA (Metropolitan Statistical Area)",83.175
2020-01-01,35380,"New Orleans-Metairie, LA (Metropolitan Statistical Area)",91.539
2019-01-01,35380,"New Orleans-Metairie, LA (Metropolitan Statistical Area)",89.932
2018-01-01,35380,"New Orleans-Metairie, LA (Metropolitan Statistical Area)",85.102
2017-01-01,35380,"New Orleans-Metairie, LA (Metropolitan Statistical Area)",88.097
2016-01-01,35380,"New Orleans-Metairie, LA (Metropolitan Statistical Area)",91.824
2015-01-01,35380,"New Orleans-Metairie, LA (Metropolitan Statistical Area)",88.390
2014-01-01,35380,"New Orleans-Metairie, LA (Metropolitan Statistical Area)",91.392
2013-01-01,35380,"New Orleans-Metairie, LA (Metropolitan Statistical Area)",92.911
2012-01-01,35380,"New Orleans-Metairie, LA (Metropolitan Statistical Area)",95.889
2011-01-01,35380,"New Orleans-Metairie, LA (Metropolitan Statistical Area)",94.879
2010-01-01,35380,"New Orleans-Metairie, LA (Metropolitan Statistical Area)",97.408
2009-01-01,35380,"New Orleans-Metairie, LA (Metropolitan Statistical Area)",98.918
2008-01-01,35380,"New Orleans-Metairie, LA (Metropolitan Statistical Area)",102.881
2024-01-01,35380,"New Orleans-Metairie, LA (Metropolitan Statistical Area)",86.009
2019-01-01,35620,"New York-Newark-Jersey City, NY-NJ (Metropolitan Statistical Area)",159.436
2018-01-01,35620,"New York-Newark-Jersey City, NY-NJ (Metropolitan Statistical Area)",159.193
2017-01-01,35620,"New York-Newark-Jersey City, NY-NJ (Metropolitan Statistical Area)",160.808
2016-01-01,35620,"New York-Newark-Jersey City, NY-NJ (Metropolitan Statistical Area)",164.752
2015-01-01,35620,"New York-Newark-Jersey City, NY-NJ (Metropolitan Statistical Area)",164.777
2014-01-01,35620,"New York-Newark-Jersey City, NY-NJ (Metropolitan Statistical Area)",167.979
2013-01-01,35620,"New York-Newark-Jersey City, NY-NJ (Metropolitan Statistical Area)",167.662
2012-01-01,35620,"New York-Newark-Jersey City, NY-NJ (Metropolitan Statistical Area)",169.721
2011-01-01,35620,"New York-Newark-Jersey City, NY-NJ (Metropolitan Statistical Area)",168.315
2010-01-01,35620,"New York-Newark-Jersey City, NY-NJ (Metropolitan Statistical Area)",169.212
2009-01-01,35620,"New York-Newark-Jersey City, NY-NJ (Metropolitan Statistical Area)",166.895
2008-01-01,35620,"New York-Newark-Jersey City, NY-NJ (Metropolitan Statistical Area)",166.659
2024-01-01,35620,"New York-Newark-Jersey City, NY-NJ (Metropolitan Statistical Area)",148.616
2023-01-01,35620,"New York-Newark-Jersey City, NY-NJ (Metropolitan Statistical Area)",149.660
2022-01-01,35620,"New York-Newark-Jersey City, NY-NJ (Metropolitan Statistical Area)",154.292
2021-01-01,35620,"New York-Newark-Jersey City, NY-NJ (Metropolitan Statistical Area)",160.496
2020-01-01,35620,"New York-Newark-Jersey City, NY-NJ (Metropolitan Statistical Area)",163.752
2018-01-01,35660,"Niles, MI (Metropolitan Statistical Area)",60.162
2017-01-01,35660,"Niles, MI (Metropolitan Statistical Area)",66.869
2016-01-01,35660,"Niles, MI (Metropolitan Statistical Area)",71.185
2015-01-01,35660,"Niles, MI (Metropolitan Statistical Area)",71.912
2014-01-01,35660,"Niles, MI (Metropolitan Statistical Area)",70.581
2013-01-01,35660,"Niles, MI (Metropolitan Statistical Area)",65.700
2012-01-01,35660,"Niles, MI (Metropolitan Statistical Area)",66.651
2011-01-01,35660,"Niles, MI (Metropolitan Statistical Area)",73.446
2010-01-01,35660,"Niles, MI (Metropolitan Statistical Area)",71.052
2009-01-01,35660,"Niles, MI (Metropolitan Statistical Area)",66.144
2008-01-01,35660,"Niles, MI (Metropolitan Statistical Area)",74.672
2024-01-01,35660,"Niles, MI (Metropolitan Statistical Area)",71.599
2023-01-01,35660,"Niles, MI (Metropolitan Statistical Area)",64.145
2022-01-01,35660,"Niles, MI (Metropolitan Statistical Area)",58.078
2021-01-01,35660,"Niles, MI (Metropolitan Statistical Area)",70.825
2020-01-01,35660,"Niles, MI (Metropolitan Statistical Area)",68.121
2019-01-01,35660,"Niles, MI (Metropolitan Statistical Area)",54.100
2019-01-01,35840,"North Port-Bradenton-Sarasota, FL (Metropolitan Statistical Area)",124.479
2018-01-01,35840,"North Port-Bradenton-Sarasota, FL (Metropolitan Statistical Area)",121.801
2017-01-01,35840,"North Port-Bradenton-Sarasota, FL (Metropolitan Statistical Area)",119.053
2016-01-01,35840,"North Port-Bradenton-Sarasota, FL (Metropolitan Statistical Area)",110.458
2015-01-01,35840,"North Port-Bradenton-Sarasota, FL (Metropolitan Statistical Area)",110.090
2014-01-01,35840,"North Port-Bradenton-Sarasota, FL (Metropolitan Statistical Area)",111.417
2013-01-01,35840,"North Port-Bradenton-Sarasota, FL (Metropolitan Statistical Area)",107.192
2012-01-01,35840,"North Port-Bradenton-Sarasota, FL (Metropolitan Statistical Area)",110.043
2011-01-01,35840,"North Port-Bradenton-Sarasota, FL (Metropolitan Statistical Area)",105.778
2010-01-01,35840,"North Port-Bradenton-Sarasota, FL (Metropolitan Statistical Area)",108.392
2009-01-01,35840,"North Port-Bradenton-Sarasota, FL (Metropolitan Statistical Area)",114.825
2008-01-01,35840,"North Port-Bradenton-Sarasota, FL (Metropolitan Statistical Area)",114.426
2024-01-01,35840,"North Port-Bradenton-Sarasota, FL (Metropolitan Statistical Area)",127.950
2023-01-01,35840,"North Port-Bradenton-Sarasota, FL (Metropolitan Statistical Area)",137.782
2022-01-01,35840,"North Port-Bradenton-Sarasota, FL (Metropolitan Statistical Area)",123.186
2021-01-01,35840,"North Port-Bradenton-Sarasota, FL (Metropolitan Statistical Area)",107.694
2020-01-01,35840,"North Port-Bradenton-Sarasota, FL (Metropolitan Statistical Area)",121.223
2018-01-01,35980,"Norwich-New London-Willimantic, CT (Metropolitan Statistical Area)",102.747
2017-01-01,35980,"Norwich-New London-Willimantic, CT (Metropolitan Statistical Area)",103.675
2016-01-01,35980,"Norwich-New London-Willimantic, CT (Metropolitan Statistical Area)",112.244
2015-01-01,35980,"Norwich-New London-Willimantic, CT (Metropolitan Statistical Area)",107.370
2014-01-01,35980,"Norwich-New London-Willimantic, CT (Metropolitan Statistical Area)",95.177
2013-01-01,35980,"Norwich-New London-Willimantic, CT (Metropolitan Statistical Area)",113.929
2012-01-01,35980,"Norwich-New London-Willimantic, CT (Metropolitan Statistical Area)",116.971
2011-01-01,35980,"Norwich-New London-Willimantic, CT (Metropolitan Statistical Area)",114.120
2010-01-01,35980,"Norwich-New London-Willimantic, CT (Metropolitan Statistical Area)",111.377
2009-01-01,35980,"Norwich-New London-Willimantic, CT (Metropolitan Statistical Area)",118.113
2008-01-01,35980,"Norwich-New London-Willimantic, CT (Metropolitan Statistical Area)",113.892
2024-01-01,35980,"Norwich-New London-Willimantic, CT (Metropolitan Statistical Area)",93.662
2023-01-01,35980,"Norwich-New London-Willimantic, CT (Metropolitan Statistical Area)",91.825
2022-01-01,35980,"Norwich-New London-Willimantic, CT (Metropolitan Statistical Area)",100.060
2021-01-01,35980,"Norwich-New London-Willimantic, CT (Metropolitan Statistical Area)",98.590
2020-01-01,35980,"Norwich-New London-Willimantic, CT (Metropolitan Statistical Area)",101.739
2019-01-01,35980,"Norwich-New London-Willimantic, CT (Metropolitan Statistical Area)",107.511
2019-01-01,36100,"Ocala, FL (Metropolitan Statistical Area)",76.375
2018-01-01,36100,"Ocala, FL (Metropolitan Statistical Area)",77.146
2017-01-01,36100,"Ocala, FL (Metropolitan Statistical Area)",75.040
2016-01-01,36100,"Ocala, FL (Metropolitan Statistical Area)",76.517
2015-01-01,36100,"Ocala, FL (Metropolitan Statistical Area)",70.166
2014-01-01,36100,"Ocala, FL (Metropolitan Statistical Area)",72.315
2013-01-01,36100,"Ocala, FL (Metropolitan Statistical Area)",74.735
2012-01-01,36100,"Ocala, FL (Metropolitan Statistical Area)",78.051
2011-01-01,36100,"Ocala, FL (Metropolitan Statistical Area)",80.904
2010-01-01,36100,"Ocala, FL (Metropolitan Statistical Area)",79.295
2009-01-01,36100,"Ocala, FL (Metropolitan Statistical Area)",87.627
2008-01-01,36100,"Ocala, FL (Metropolitan Statistical Area)",87.117
2024-01-01,36100,"Ocala, FL (Metropolitan Statistical Area)",86.230
2023-01-01,36100,"Ocala, FL (Metropolitan Statistical Area)",86.201
2022-01-01,36100,"Ocala, FL (Metropolitan Statistical Area)",78.841
2021-01-01,36100,"Ocala, FL (Metropolitan Statistical Area)",77.294
2020-01-01,36100,"Ocala, FL (Metropolitan Statistical Area)",76.773
2018-01-01,36220,"Odessa, TX (Metropolitan Statistical Area)",103.614
2017-01-01,36220,"Odessa, TX (Metropolitan Statistical Area)",99.312
2016-01-01,36220,"Odessa, TX (Metropolitan Statistical Area)",96.228
2015-01-01,36220,"Odessa, TX (Metropolitan Statistical Area)",101.701
2014-01-01,36220,"Odessa, TX (Metropolitan Statistical Area)",117.726
2013-01-01,36220,"Odessa, TX (Metropolitan Statistical Area)",109.146
2012-01-01,36220,"Odessa, TX (Metropolitan Statistical Area)",93.529
2011-01-01,36220,"Odessa, TX (Metropolitan Statistical Area)",98.468
2010-01-01,36220,"Odessa, TX (Metropolitan Statistical Area)",85.292
2009-01-01,36220,"Odessa, TX (Metropolitan Statistical Area)",81.107
2008-01-01,36220,"Odessa, TX (Metropolitan Statistical Area)",87.807
2024-01-01,36220,"Odessa, TX (Metropolitan Statistical Area)",89.709
2023-01-01,36220,"Odessa, TX (Metropolitan Statistical Area)",83.504
2022-01-01,36220,"Odessa, TX (Metropolitan Statistical Area)",88.267
2021-01-01,36220,"Odessa, TX (Metropolitan Statistical Area)",94.190
2020-01-01,36220,"Odessa, TX (Metropolitan Statistical Area)",108.210
2019-01-01,36220,"Odessa, TX (Metropolitan Statistical Area)",109.170
2024-01-01,36260,"Ogden, UT (Metropolitan Statistical Area)",117.903
2023-01-01,36260,"Ogden, UT (Metropolitan Statistical Area)",109.079
2022-01-01,36260,"Ogden, UT (Metropolitan Statistical Area)",107.834
2021-01-01,36260,"Ogden, UT (Metropolitan Statistical Area)",96.075
2020-01-01,36260,"Ogden, UT (Metropolitan Statistical Area)",100.833
2019-01-01,36260,"Ogden, UT (Metropolitan Statistical Area)",102.464
2018-01-01,36260,"Ogden, UT (Metropolitan Statistical Area)",96.255
2017-01-01,36260,"Ogden, UT (Metropolitan Statistical Area)",91.187
2016-01-01,36260,"Ogden, UT (Metropolitan Statistical Area)",97.793
2015-01-01,36260,"Ogden, UT (Metropolitan Statistical Area)",85.156
2014-01-01,36260,"Ogden, UT (Metropolitan Statistical Area)",100.505
2013-01-01,36260,"Ogden, UT (Metropolitan Statistical Area)",95.070
2012-01-01,36260,"Ogden, UT (Metropolitan Statistical Area)",100.384
2011-01-01,36260,"Ogden, UT (Metropolitan Statistical Area)",98.408
2010-01-01,36260,"Ogden, UT (Metropolitan Statistical Area)",94.213
2009-01-01,36260,"Ogden, UT (Metropolitan Statistical Area)",96.040
2008-01-01,36260,"Ogden, UT (Metropolitan Statistical Area)",90.035
2018-01-01,36420,"Oklahoma City, OK (Metropolitan Statistical Area)",76.775
2017-01-01,36420,"Oklahoma City, OK (Metropolitan Statistical Area)",76.626
2016-01-01,36420,"Oklahoma City, OK (Metropolitan Statistical Area)",75.311
2015-01-01,36420,"Oklahoma City, OK (Metropolitan Statistical Area)",75.403
2014-01-01,36420,"Oklahoma City, OK (Metropolitan Statistical Area)",78.971
2013-01-01,36420,"Oklahoma City, OK (Metropolitan Statistical Area)",78.000
2012-01-01,36420,"Oklahoma City, OK (Metropolitan Statistical Area)",76.817
2011-01-01,36420,"Oklahoma City, OK (Metropolitan Statistical Area)",75.658
2010-01-01,36420,"Oklahoma City, OK (Metropolitan Statistical Area)",76.894
2009-01-01,36420,"Oklahoma City, OK (Metropolitan Statistical Area)",72.699
2008-01-01,36420,"Oklahoma City, OK (Metropolitan Statistical Area)",72.450
2024-01-01,36420,"Oklahoma City, OK (Metropolitan Statistical Area)",73.885
2023-01-01,36420,"Oklahoma City, OK (Metropolitan Statistical Area)",78.070
2022-01-01,36420,"Oklahoma City, OK (Metropolitan Statistical Area)",74.474
2021-01-01,36420,"Oklahoma City, OK (Metropolitan Statistical Area)",75.187
2020-01-01,36420,"Oklahoma City, OK (Metropolitan Statistical Area)",75.873
2019-01-01,36420,"Oklahoma City, OK (Metropolitan Statistical Area)",74.752
2019-01-01,36500,"Olympia-Lacey-Tumwater, WA (Metropolitan Statistical Area)",116.759
2018-01-01,36500,"Olympia-Lacey-Tumwater, WA (Metropolitan Statistical Area)",113.444
2017-01-01,36500,"Olympia-Lacey-Tumwater, WA (Metropolitan Statistical Area)",113.109
2016-01-01,36500,"Olympia-Lacey-Tumwater, WA (Metropolitan Statistical Area)",114.040
2015-01-01,36500,"Olympia-Lacey-Tumwater, WA (Metropolitan Statistical Area)",111.255
2014-01-01,36500,"Olympia-Lacey-Tumwater, WA (Metropolitan Statistical Area)",117.055
2013-01-01,36500,"Olympia-Lacey-Tumwater, WA (Metropolitan Statistical Area)",108.240
2012-01-01,36500,"Olympia-Lacey-Tumwater, WA (Metropolitan Statistical Area)",103.061
2011-01-01,36500,"Olympia-Lacey-Tumwater, WA (Metropolitan Statistical Area)",125.299
2010-01-01,36500,"Olympia-Lacey-Tumwater, WA (Metropolitan Statistical Area)",109.467
2009-01-01,36500,"Olympia-Lacey-Tumwater, WA (Metropolitan Statistical Area)",106.231
2008-01-01,36500,"Olympia-Lacey-Tumwater, WA (Metropolitan Statistical Area)",110.943
2024-01-01,36500,"Olympia-Lacey-Tumwater, WA (Metropolitan Statistical Area)",116.675
2023-01-01,36500,"Olympia-Lacey-Tumwater, WA (Metropolitan Statistical Area)",125.901
2022-01-01,36500,"Olympia-Lacey-Tumwater, WA (Metropolitan Statistical Area)",120.250
2021-01-01,36500,"Olympia-Lacey-Tumwater, WA (Metropolitan Statistical Area)",115.377
2020-01-01,36500,"Olympia-Lacey-Tumwater, WA (Metropolitan Statistical Area)",103.251
2018-01-01,36540,"Omaha, NE-IA (Metropolitan Statistical Area)",86.455
2017-01-01,36540,"Omaha, NE-IA (Metropolitan Statistical Area)",88.720
2016-01-01,36540,"Omaha, NE-IA (Metropolitan Statistical Area)",86.711
2015-01-01,36540,"Omaha, NE-IA (Metropolitan Statistical Area)",85.266
2014-01-01,36540,"Omaha, NE-IA (Metropolitan Statistical Area)",89.433
2013-01-01,36540,"Omaha, NE-IA (Metropolitan Statistical Area)",85.475
2012-01-01,36540,"Omaha, NE-IA (Metropolitan Statistical Area)",92.889
2011-01-01,36540,"Omaha, NE-IA (Metropolitan Statistical Area)",87.356
2010-01-01,36540,"Omaha, NE-IA (Metropolitan Statistical Area)",88.691
2009-01-01,36540,"Omaha, NE-IA (Metropolitan Statistical Area)",87.609
2008-01-01,36540,"Omaha, NE-IA (Metropolitan Statistical Area)",84.771
2024-01-01,36540,"Omaha, NE-IA (Metropolitan Statistical Area)",86.404
2023-01-01,36540,"Omaha, NE-IA (Metropolitan Statistical Area)",87.275
2022-01-01,36540,"Omaha, NE-IA (Metropolitan Statistical Area)",87.015
2021-01-01,36540,"Omaha, NE-IA (Metropolitan Statistical Area)",86.488
2020-01-01,36540,"Omaha, NE-IA (Metropolitan Statistical Area)",88.589
2019-01-01,36540,"Omaha, NE-IA (Metropolitan Statistical Area)",85.845
2019-01-01,36740,"Orlando-Kissimmee-Sanford, FL (Metropolitan Statistical Area)",113.370
2018-01-01,36740,"Orlando-Kissimmee-Sanford, FL (Metropolitan Statistical Area)",108.653
2017-01-01,36740,"Orlando-Kissimmee-Sanford, FL (Metropolitan Statistical Area)",108.945
2016-01-01,36740,"Orlando-Kissimmee-Sanford, FL (Metropolitan Statistical Area)",106.607
2015-01-01,36740,"Orlando-Kissimmee-Sanford, FL (Metropolitan Statistical Area)",104.913
2014-01-01,36740,"Orlando-Kissimmee-Sanford, FL (Metropolitan Statistical Area)",106.419
2013-01-01,36740,"Orlando-Kissimmee-Sanford, FL (Metropolitan Statistical Area)",107.032
2012-01-01,36740,"Orlando-Kissimmee-Sanford, FL (Metropolitan Statistical Area)",104.632
2011-01-01,36740,"Orlando-Kissimmee-Sanford, FL (Metropolitan Statistical Area)",106.779
2010-01-01,36740,"Orlando-Kissimmee-Sanford, FL (Metropolitan Statistical Area)",106.911
2009-01-01,36740,"Orlando-Kissimmee-Sanford, FL (Metropolitan Statistical Area)",111.060
2008-01-01,36740,"Orlando-Kissimmee-Sanford, FL (Metropolitan Statistical Area)",116.404
2024-01-01,36740,"Orlando-Kissimmee-Sanford, FL (Metropolitan Statistical Area)",123.374
2023-01-01,36740,"Orlando-Kissimmee-Sanford, FL (Metropolitan Statistical Area)",121.165
2022-01-01,36740,"Orlando-Kissimmee-Sanford, FL (Metropolitan Statistical Area)",118.510
2021-01-01,36740,"Orlando-Kissimmee-Sanford, FL (Metropolitan Statistical Area)",112.460
2020-01-01,36740,"Orlando-Kissimmee-Sanford, FL (Metropolitan Statistical Area)",115.247
2023-01-01,36780,"Oshkosh-Neenah, WI (Metropolitan Statistical Area)",65.385
2022-01-01,36780,"Oshkosh-Neenah, WI (Metropolitan Statistical Area)",72.723
2021-01-01,36780,"Oshkosh-Neenah, WI (Metropolitan Statistical Area)",71.849
2020-01-01,36780,"Oshkosh-Neenah, WI (Metropolitan Statistical Area)",76.002
2019-01-01,36780,"Oshkosh-Neenah, WI (Metropolitan Statistical Area)",68.486
2018-01-01,36780,"Oshkosh-Neenah, WI (Metropolitan Statistical Area)",71.895
2017-01-01,36780,"Oshkosh-Neenah, WI (Metropolitan Statistical Area)",74.811
2016-01-01,36780,"Oshkosh-Neenah, WI (Metropolitan Statistical Area)",77.735
2015-01-01,36780,"Oshkosh-Neenah, WI (Metropolitan Statistical Area)",76.752
2014-01-01,36780,"Oshkosh-Neenah, WI (Metropolitan Statistical Area)",74.018
2013-01-01,36780,"Oshkosh-Neenah, WI (Metropolitan Statistical Area)",81.775
2012-01-01,36780,"Oshkosh-Neenah, WI (Metropolitan Statistical Area)",80.108
2011-01-01,36780,"Oshkosh-Neenah, WI (Metropolitan Statistical Area)",81.341
2010-01-01,36780,"Oshkosh-Neenah, WI (Metropolitan Statistical Area)",81.020
2009-01-01,36780,"Oshkosh-Neenah, WI (Metropolitan Statistical Area)",73.773
2008-01-01,36780,"Oshkosh-Neenah, WI (Metropolitan Statistical Area)",83.862
2024-01-01,36780,"Oshkosh-Neenah, WI (Metropolitan Statistical Area)",74.442
2019-01-01,36980,"Owensboro, KY (Metropolitan Statistical Area)",63.449
2018-01-01,36980,"Owensboro, KY (Metropolitan Statistical Area)",61.114
2017-01-01,36980,"Owensboro, KY (Metropolitan Statistical Area)",71.935
2016-01-01,36980,"Owensboro, KY (Metropolitan Statistical Area)",63.225
2015-01-01,36980,"Owensboro, KY (Metropolitan Statistical Area)",65.462
2014-01-01,36980,"Owensboro, KY (Metropolitan Statistical Area)",62.976
2013-01-01,36980,"Owensboro, KY (Metropolitan Statistical Area)",65.326
2012-01-01,36980,"Owensboro, KY (Metropolitan Statistical Area)",72.005
2011-01-01,36980,"Owensboro, KY (Metropolitan Statistical Area)",63.062
2010-01-01,36980,"Owensboro, KY (Metropolitan Statistical Area)",61.108
2009-01-01,36980,"Owensboro, KY (Metropolitan Statistical Area)",60.301
2008-01-01,36980,"Owensboro, KY (Metropolitan Statistical Area)",54.414
2024-01-01,36980,"Owensboro, KY (Metropolitan Statistical Area)",55.698
2023-01-01,36980,"Owensboro, KY (Metropolitan Statistical Area)",59.730
2022-01-01,36980,"Owensboro, KY (Metropolitan Statistical Area)",57.305
2021-01-01,36980,"Owensboro, KY (Metropolitan Statistical Area)",53.275
2020-01-01,36980,"Owensboro, KY (Metropolitan Statistical Area)",65.499
2018-01-01,37100,"Oxnard-Thousand Oaks-Ventura, CA (Metropolitan Statistical Area)",189.735
2017-01-01,37100,"Oxnard-Thousand Oaks-Ventura, CA (Metropolitan Statistical Area)",186.161
2016-01-01,37100,"Oxnard-Thousand Oaks-Ventura, CA (Metropolitan Statistical Area)",185.279
2015-01-01,37100,"Oxnard-Thousand Oaks-Ventura, CA (Metropolitan Statistical Area)",185.392
2014-01-01,37100,"Oxnard-Thousand Oaks-Ventura, CA (Metropolitan Statistical Area)",190.936
2013-01-01,37100,"Oxnard-Thousand Oaks-Ventura, CA (Metropolitan Statistical Area)",193.539
2012-01-01,37100,"Oxnard-Thousand Oaks-Ventura, CA (Metropolitan Statistical Area)",191.474
2011-01-01,37100,"Oxnard-Thousand Oaks-Ventura, CA (Metropolitan Statistical Area)",193.099
2010-01-01,37100,"Oxnard-Thousand Oaks-Ventura, CA (Metropolitan Statistical Area)",187.657
2009-01-01,37100,"Oxnard-Thousand Oaks-Ventura, CA (Metropolitan Statistical Area)",186.938
2008-01-01,37100,"Oxnard-Thousand Oaks-Ventura, CA (Metropolitan Statistical Area)",184.030
2024-01-01,37100,"Oxnard-Thousand Oaks-Ventura, CA (Metropolitan Statistical Area)",171.096
2023-01-01,37100,"Oxnard-Thousand Oaks-Ventura, CA (Metropolitan Statistical Area)",177.625
2022-01-01,37100,"Oxnard-Thousand Oaks-Ventura, CA (Metropolitan Statistical Area)",174.846
2021-01-01,37100,"Oxnard-Thousand Oaks-Ventura, CA (Metropolitan Statistical Area)",188.201
2020-01-01,37100,"Oxnard-Thousand Oaks-Ventura, CA (Metropolitan Statistical Area)",176.073
2019-01-01,37100,"Oxnard-Thousand Oaks-Ventura, CA (Metropolitan Statistical Area)",190.048
2019-01-01,37140,"Paducah, KY-IL (Metropolitan Statistical Area)",58.165
2018-01-01,37140,"Paducah, KY-IL (Metropolitan Statistical Area)",56.633
2017-01-01,37140,"Paducah, KY-IL (Metropolitan Statistical Area)",54.581
2016-01-01,37140,"Paducah, KY-IL (Metropolitan Statistical Area)",53.915
2015-01-01,37140,"Paducah, KY-IL (Metropolitan Statistical Area)",55.336
2014-01-01,37140,"Paducah, KY-IL (Metropolitan Statistical Area)",48.289
2013-01-01,37140,"Paducah, KY-IL (Metropolitan Statistical Area)",53.533
2012-01-01,37140,"Paducah, KY-IL (Metropolitan Statistical Area)",49.106
2011-01-01,37140,"Paducah, KY-IL (Metropolitan Statistical Area)",53.670
2010-01-01,37140,"Paducah, KY-IL (Metropolitan Statistical Area)",55.127
2009-01-01,37140,"Paducah, KY-IL (Metropolitan Statistical Area)",51.338
2008-01-01,37140,"Paducah, KY-IL (Metropolitan Statistical Area)",48.953
2024-01-01,37140,"Paducah, KY-IL (Metropolitan Statistical Area)",48.794
2023-01-01,37140,"Paducah, KY-IL (Metropolitan Statistical Area)",48.009
2022-01-01,37140,"Paducah, KY-IL (Metropolitan Statistical Area)",44.987
2021-01-01,37140,"Paducah, KY-IL (Metropolitan Statistical Area)",49.289
2020-01-01,37140,"Paducah, KY-IL (Metropolitan Statistical Area)",54.908
2018-01-01,37340,"Palm Bay-Melbourne-Titusville, FL (Metropolitan Statistical Area)",104.584
2017-01-01,37340,"Palm Bay-Melbourne-Titusville, FL (Metropolitan Statistical Area)",101.492
2016-01-01,37340,"Palm Bay-Melbourne-Titusville, FL (Metropolitan Statistical Area)",94.061
2015-01-01,37340,"Palm Bay-Melbourne-Titusville, FL (Metropolitan Statistical Area)",100.868
2014-01-01,37340,"Palm Bay-Melbourne-Titusville, FL (Metropolitan Statistical Area)",97.878
2013-01-01,37340,"Palm Bay-Melbourne-Titusville, FL (Metropolitan Statistical Area)",91.218
2012-01-01,37340,"Palm Bay-Melbourne-Titusville, FL (Metropolitan Statistical Area)",93.083
2011-01-01,37340,"Palm Bay-Melbourne-Titusville, FL (Metropolitan Statistical Area)",96.384
2010-01-01,37340,"Palm Bay-Melbourne-Titusville, FL (Metropolitan Statistical Area)",99.939
2009-01-01,37340,"Palm Bay-Melbourne-Titusville, FL (Metropolitan Statistical Area)",97.635
2008-01-01,37340,"Palm Bay-Melbourne-Titusville, FL (Metropolitan Statistical Area)",106.926
2024-01-01,37340,"Palm Bay-Melbourne-Titusville, FL (Metropolitan Statistical Area)",111.731
2023-01-01,37340,"Palm Bay-Melbourne-Titusville, FL (Metropolitan Statistical Area)",119.022
2022-01-01,37340,"Palm Bay-Melbourne-Titusville, FL (Metropolitan Statistical Area)",108.641
2021-01-01,37340,"Palm Bay-Melbourne-Titusville, FL (Metropolitan Statistical Area)",105.931
2020-01-01,37340,"Palm Bay-Melbourne-Titusville, FL (Metropolitan Statistical Area)",104.521
2019-01-01,37340,"Palm Bay-Melbourne-Titusville, FL (Metropolitan Statistical Area)",102.365
2024-01-01,37460,"Panama City-Panama City Beach, FL (Metropolitan Statistical Area)",96.424
2023-01-01,37460,"Panama City-Panama City Beach, FL (Metropolitan Statistical Area)",96.689
2022-01-01,37460,"Panama City-Panama City Beach, FL (Metropolitan Statistical Area)",95.735
2021-01-01,37460,"Panama City-Panama City Beach, FL (Metropolitan Statistical Area)",92.959
2020-01-01,37460,"Panama City-Panama City Beach, FL (Metropolitan Statistical Area)",91.950
2019-01-01,37460,"Panama City-Panama City Beach, FL (Metropolitan Statistical Area)",91.530
2018-01-01,37460,"Panama City-Panama City Beach, FL (Metropolitan Statistical Area)",83.556
2017-01-01,37460,"Panama City-Panama City Beach, FL (Metropolitan Statistical Area)",78.554
2016-01-01,37460,"Panama City-Panama City Beach, FL (Metropolitan Statistical Area)",80.753
2015-01-01,37460,"Panama City-Panama City Beach, FL (Metropolitan Statistical Area)",80.336
2014-01-01,37460,"Panama City-Panama City Beach, FL (Metropolitan Statistical Area)",81.401
2013-01-01,37460,"Panama City-Panama City Beach, FL (Metropolitan Statistical Area)",80.772
2012-01-01,37460,"Panama City-Panama City Beach, FL (Metropolitan Statistical Area)",90.630
2011-01-01,37460,"Panama City-Panama City Beach, FL (Metropolitan Statistical Area)",93.399
2010-01-01,37460,"Panama City-Panama City Beach, FL (Metropolitan Statistical Area)",90.534
2009-01-01,37460,"Panama City-Panama City Beach, FL (Metropolitan Statistical Area)",86.230
2008-01-01,37460,"Panama City-Panama City Beach, FL (Metropolitan Statistical Area)",91.681
2008-01-01,37620,"Parkersburg-Vienna, WV (Metropolitan Statistical Area)",51.372
2024-01-01,37620,"Parkersburg-Vienna, WV (Metropolitan Statistical Area)",45.884
2023-01-01,37620,"Parkersburg-Vienna, WV (Metropolitan Statistical Area)",50.164
2022-01-01,37620,"Parkersburg-Vienna, WV (Metropolitan Statistical Area)",48.340
2021-01-01,37620,"Parkersburg-Vienna, WV (Metropolitan Statistical Area)",52.263
2020-01-01,37620,"Parkersburg-Vienna, WV (Metropolitan Statistical Area)",53.743
2019-01-01,37620,"Parkersburg-Vienna, WV (Metropolitan Statistical Area)",54.101
2018-01-01,37620,"Parkersburg-Vienna, WV (Metropolitan Statistical Area)",60.486
2017-01-01,37620,"Parkersburg-Vienna, WV (Metropolitan Statistical Area)",59.081
2016-01-01,37620,"Parkersburg-Vienna, WV (Metropolitan Statistical Area)",62.831
2015-01-01,37620,"Parkersburg-Vienna, WV (Metropolitan Statistical Area)",64.375
2014-01-01,37620,"Parkersburg-Vienna, WV (Metropolitan Statistical Area)",56.870
2013-01-01,37620,"Parkersburg-Vienna, WV (Metropolitan Statistical Area)",61.278
2012-01-01,37620,"Parkersburg-Vienna, WV (Metropolitan Statistical Area)",58.352
2011-01-01,37620,"Parkersburg-Vienna, WV (Metropolitan Statistical Area)",49.600
2010-01-01,37620,"Parkersburg-Vienna, WV (Metropolitan Statistical Area)",49.407
2009-01-01,37620,"Parkersburg-Vienna, WV (Metropolitan Statistical Area)",53.804
2009-01-01,37860,"Pensacola-Ferry Pass-Brent, FL (Metropolitan Statistical Area)",86.821
2008-01-01,37860,"Pensacola-Ferry Pass-Brent, FL (Metropolitan Statistical Area)",87.207
2024-01-01,37860,"Pensacola-Ferry Pass-Brent, FL (Metropolitan Statistical Area)",98.770
2023-01-01,37860,"Pensacola-Ferry Pass-Brent, FL (Metropolitan Statistical Area)",84.684
2022-01-01,37860,"Pensacola-Ferry Pass-Brent, FL (Metropolitan Statistical Area)",84.819
2021-01-01,37860,"Pensacola-Ferry Pass-Brent, FL (Metropolitan Statistical Area)",86.452
2020-01-01,37860,"Pensacola-Ferry Pass-Brent, FL (Metropolitan Statistical Area)",83.718
2019-01-01,37860,"Pensacola-Ferry Pass-Brent, FL (Metropolitan Statistical Area)",85.969
2018-01-01,37860,"Pensacola-Ferry Pass-Brent, FL (Metropolitan Statistical Area)",85.945
2017-01-01,37860,"Pensacola-Ferry Pass-Brent, FL (Metropolitan Statistical Area)",85.488
2016-01-01,37860,"Pensacola-Ferry Pass-Brent, FL (Metropolitan Statistical Area)",86.316
2015-01-01,37860,"Pensacola-Ferry Pass-Brent, FL (Metropolitan Statistical Area)",86.756
2014-01-01,37860,"Pensacola-Ferry Pass-Brent, FL (Metropolitan Statistical Area)",85.718
2013-01-01,37860,"Pensacola-Ferry Pass-Brent, FL (Metropolitan Statistical Area)",85.966
2012-01-01,37860,"Pensacola-Ferry Pass-Brent, FL (Metropolitan Statistical Area)",88.531
2011-01-01,37860,"Pensacola-Ferry Pass-Brent, FL (Metropolitan Statistical Area)",96.634
2010-01-01,37860,"Pensacola-Ferry Pass-Brent, FL (Metropolitan Statistical Area)",86.359
2018-01-01,37900,"Peoria, IL (Metropolitan Statistical Area)",68.898
2017-01-01,37900,"Peoria, IL (Metropolitan Statistical Area)",65.878
2016-01-01,37900,"Peoria, IL (Metropolitan Statistical Area)",65.952
2015-01-01,37900,"Peoria, IL (Metropolitan Statistical Area)",76.121
2014-01-01,37900,"Peoria, IL (Metropolitan Statistical Area)",77.502
2013-01-01,37900,"Peoria, IL (Metropolitan Statistical Area)",73.611
2012-01-01,37900,"Peoria, IL (Metropolitan Statistical Area)",73.002
2011-01-01,37900,"Peoria, IL (Metropolitan Statistical Area)",71.621
2010-01-01,37900,"Peoria, IL (Metropolitan Statistical Area)",69.278
2009-01-01,37900,"Peoria, IL (Metropolitan Statistical Area)",72.946
2008-01-01,37900,"Peoria, IL (Metropolitan Statistical Area)",70.167
2024-01-01,37900,"Peoria, IL (Metropolitan Statistical Area)",63.763
2023-01-01,37900,"Peoria, IL (Metropolitan Statistical Area)",58.371
2022-01-01,37900,"Peoria, IL (Metropolitan Statistical Area)",65.709
2021-01-01,37900,"Peoria, IL (Metropolitan Statistical Area)",62.480
2020-01-01,37900,"Peoria, IL (Metropolitan Statistical Area)",65.998
2019-01-01,37900,"Peoria, IL (Metropolitan Statistical Area)",67.635
2024-01-01,37980,"Philadelphia-Camden-Wilmington, PA-NJ-DE-MD (Metropolitan Statistical Area)",113.141
2023-01-01,37980,"Philadelphia-Camden-Wilmington, PA-NJ-DE-MD (Metropolitan Statistical Area)",117.762
2022-01-01,37980,"Philadelphia-Camden-Wilmington, PA-NJ-DE-MD (Metropolitan Statistical Area)",115.769
2021-01-01,37980,"Philadelphia-Camden-Wilmington, PA-NJ-DE-MD (Metropolitan Statistical Area)",114.654
2020-01-01,37980,"Philadelphia-Camden-Wilmington, PA-NJ-DE-MD (Metropolitan Statistical Area)",115.217
2019-01-01,37980,"Philadelphia-Camden-Wilmington, PA-NJ-DE-MD (Metropolitan Statistical Area)",113.281
2018-01-01,37980,"Philadelphia-Camden-Wilmington, PA-NJ-DE-MD (Metropolitan Statistical Area)",117.459
2017-01-01,37980,"Philadelphia-Camden-Wilmington, PA-NJ-DE-MD (Metropolitan Statistical Area)",117.499
2016-01-01,37980,"Philadelphia-Camden-Wilmington, PA-NJ-DE-MD (Metropolitan Statistical Area)",117.444
2015-01-01,37980,"Philadelphia-Camden-Wilmington, PA-NJ-DE-MD (Metropolitan Statistical Area)",117.798
2014-01-01,37980,"Philadelphia-Camden-Wilmington, PA-NJ-DE-MD (Metropolitan Statistical Area)",119.304
2013-01-01,37980,"Philadelphia-Camden-Wilmington, PA-NJ-DE-MD (Metropolitan Statistical Area)",118.039
2012-01-01,37980,"Philadelphia-Camden-Wilmington, PA-NJ-DE-MD (Metropolitan Statistical Area)",119.489
2011-01-01,37980,"Philadelphia-Camden-Wilmington, PA-NJ-DE-MD (Metropolitan Statistical Area)",119.974
2010-01-01,37980,"Philadelphia-Camden-Wilmington, PA-NJ-DE-MD (Metropolitan Statistical Area)",119.109
2009-01-01,37980,"Philadelphia-Camden-Wilmington, PA-NJ-DE-MD (Metropolitan Statistical Area)",120.607
2008-01-01,37980,"Philadelphia-Camden-Wilmington, PA-NJ-DE-MD (Metropolitan Statistical Area)",116.091
2018-01-01,38060,"Phoenix-Mesa-Chandler, AZ (Metropolitan Statistical Area)",104.402
2017-01-01,38060,"Phoenix-Mesa-Chandler, AZ (Metropolitan Statistical Area)",103.260
2016-01-01,38060,"Phoenix-Mesa-Chandler, AZ (Metropolitan Statistical Area)",100.591
2015-01-01,38060,"Phoenix-Mesa-Chandler, AZ (Metropolitan Statistical Area)",101.157
2014-01-01,38060,"Phoenix-Mesa-Chandler, AZ (Metropolitan Statistical Area)",101.371
2013-01-01,38060,"Phoenix-Mesa-Chandler, AZ (Metropolitan Statistical Area)",99.972
2012-01-01,38060,"Phoenix-Mesa-Chandler, AZ (Metropolitan Statistical Area)",102.657
2011-01-01,38060,"Phoenix-Mesa-Chandler, AZ (Metropolitan Statistical Area)",102.985
2010-01-01,38060,"Phoenix-Mesa-Chandler, AZ (Metropolitan Statistical Area)",102.999
2009-01-01,38060,"Phoenix-Mesa-Chandler, AZ (Metropolitan Statistical Area)",107.725
2008-01-01,38060,"Phoenix-Mesa-Chandler, AZ (Metropolitan Statistical Area)",113.679
2024-01-01,38060,"Phoenix-Mesa-Chandler, AZ (Metropolitan Statistical Area)",121.236
2023-01-01,38060,"Phoenix-Mesa-Chandler, AZ (Metropolitan Statistical Area)",124.293
2022-01-01,38060,"Phoenix-Mesa-Chandler, AZ (Metropolitan Statistical Area)",122.829
2021-01-01,38060,"Phoenix-Mesa-Chandler, AZ (Metropolitan Statistical Area)",116.066
2020-01-01,38060,"Phoenix-Mesa-Chandler, AZ (Metropolitan Statistical Area)",111.210
2019-01-01,38060,"Phoenix-Mesa-Chandler, AZ (Metropolitan Statistical Area)",106.395
2019-01-01,38240,"Pinehurst-Southern Pines, NC (Metropolitan Statistical Area)",73.335
2018-01-01,38240,"Pinehurst-Southern Pines, NC (Metropolitan Statistical Area)",68.321
2017-01-01,38240,"Pinehurst-Southern Pines, NC (Metropolitan Statistical Area)",73.321
2016-01-01,38240,"Pinehurst-Southern Pines, NC (Metropolitan Statistical Area)",66.225
2015-01-01,38240,"Pinehurst-Southern Pines, NC (Metropolitan Statistical Area)",70.751
2014-01-01,38240,"Pinehurst-Southern Pines, NC (Metropolitan Statistical Area)",70.638
2013-01-01,38240,"Pinehurst-Southern Pines, NC (Metropolitan Statistical Area)",72.247
2012-01-01,38240,"Pinehurst-Southern Pines, NC (Metropolitan Statistical Area)",61.167
2011-01-01,38240,"Pinehurst-Southern Pines, NC (Metropolitan Statistical Area)",58.451
2010-01-01,38240,"Pinehurst-Southern Pines, NC (Metropolitan Statistical Area)",59.077
2009-01-01,38240,"Pinehurst-Southern Pines, NC (Metropolitan Statistical Area)",56.481
2008-01-01,38240,"Pinehurst-Southern Pines, NC (Metropolitan Statistical Area)",60.398
2024-01-01,38240,"Pinehurst-Southern Pines, NC (Metropolitan Statistical Area)",59.318
2023-01-01,38240,"Pinehurst-Southern Pines, NC (Metropolitan Statistical Area)",72.453
2022-01-01,38240,"Pinehurst-Southern Pines, NC (Metropolitan Statistical Area)",80.850
2021-01-01,38240,"Pinehurst-Southern Pines, NC (Metropolitan Statistical Area)",61.970
2020-01-01,38240,"Pinehurst-Southern Pines, NC (Metropolitan Statistical Area)",68.463
2018-01-01,38300,"Pittsburgh, PA (Metropolitan Statistical Area)",75.255
2017-01-01,38300,"Pittsburgh, PA (Metropolitan Statistical Area)",75.449
2016-01-01,38300,"Pittsburgh, PA (Metropolitan Statistical Area)",76.798
2015-01-01,38300,"Pittsburgh, PA (Metropolitan Statistical Area)",75.911
2014-01-01,38300,"Pittsburgh, PA (Metropolitan Statistical Area)",75.114
2013-01-01,38300,"Pittsburgh, PA (Metropolitan Statistical Area)",76.086
2012-01-01,38300,"Pittsburgh, PA (Metropolitan Statistical Area)",75.133
2011-01-01,38300,"Pittsburgh, PA (Metropolitan Statistical Area)",76.220
2010-01-01,38300,"Pittsburgh, PA (Metropolitan Statistical Area)",74.269
2009-01-01,38300,"Pittsburgh, PA (Metropolitan Statistical Area)",74.959
2008-01-01,38300,"Pittsburgh, PA (Metropolitan Statistical Area)",73.920
2024-01-01,38300,"Pittsburgh, PA (Metropolitan Statistical Area)",71.986
2023-01-01,38300,"Pittsburgh, PA (Metropolitan Statistical Area)",72.609
2022-01-01,38300,"Pittsburgh, PA (Metropolitan Statistical Area)",73.977
2021-01-01,38300,"Pittsburgh, PA (Metropolitan Statistical Area)",75.303
2020-01-01,38300,"Pittsburgh, PA (Metropolitan Statistical Area)",76.718
2019-01-01,38300,"Pittsburgh, PA (Metropolitan Statistical Area)",76.898
2019-01-01,38340,"Pittsfield, MA (Metropolitan Statistical Area)",91.897
2018-01-01,38340,"Pittsfield, MA (Metropolitan Statistical Area)",98.152
2017-01-01,38340,"Pittsfield, MA (Metropolitan Statistical Area)",93.298
2016-01-01,38340,"Pittsfield, MA (Metropolitan Statistical Area)",95.974
2015-01-01,38340,"Pittsfield, MA (Metropolitan Statistical Area)",96.955
2014-01-01,38340,"Pittsfield, MA (Metropolitan Statistical Area)",85.981
2013-01-01,38340,"Pittsfield, MA (Metropolitan Statistical Area)",75.222
2012-01-01,38340,"Pittsfield, MA (Metropolitan Statistical Area)",90.868
2011-01-01,38340,"Pittsfield, MA (Metropolitan Statistical Area)",77.123
2010-01-01,38340,"Pittsfield, MA (Metropolitan Statistical Area)",91.823
2009-01-01,38340,"Pittsfield, MA (Metropolitan Statistical Area)",86.556
2008-01-01,38340,"Pittsfield, MA (Metropolitan Statistical Area)",90.440
2024-01-01,38340,"Pittsfield, MA (Metropolitan Statistical Area)",73.452
2023-01-01,38340,"Pittsfield, MA (Metropolitan Statistical Area)",60.666
2022-01-01,38340,"Pittsfield, MA (Metropolitan Statistical Area)",79.736
2021-01-01,38340,"Pittsfield, MA (Metropolitan Statistical Area)",79.516
2020-01-01,38340,"Pittsfield, MA (Metropolitan Statistical Area)",90.643
2023-01-01,38540,"Pocatello, ID (Metropolitan Statistical Area)",71.119
2022-01-01,38540,"Pocatello, ID (Metropolitan Statistical Area)",67.548
2021-01-01,38540,"Pocatello, ID (Metropolitan Statistical Area)",70.998
2020-01-01,38540,"Pocatello, ID (Metropolitan Statistical Area)",69.773
2019-01-01,38540,"Pocatello, ID (Metropolitan Statistical Area)",60.194
2018-01-01,38540,"Pocatello, ID (Metropolitan Statistical Area)",64.975
2017-01-01,38540,"Pocatello, ID (Metropolitan Statistical Area)",62.341
2016-01-01,38540,"Pocatello, ID (Metropolitan Statistical Area)",52.026
2015-01-01,38540,"Pocatello, ID (Metropolitan Statistical Area)",71.882
2014-01-01,38540,"Pocatello, ID (Metropolitan Statistical Area)",59.545
2013-01-01,38540,"Pocatello, ID (Metropolitan Statistical Area)",70.494
2012-01-01,38540,"Pocatello, ID (Metropolitan Statistical Area)",70.288
2011-01-01,38540,"Pocatello, ID (Metropolitan Statistical Area)",51.968
2010-01-01,38540,"Pocatello, ID (Metropolitan Statistical Area)",62.012
2009-01-01,38540,"Pocatello, ID (Metropolitan Statistical Area)",57.022
2008-01-01,38540,"Pocatello, ID (Metropolitan Statistical Area)",70.205
2024-01-01,38540,"Pocatello, ID (Metropolitan Statistical Area)",66.396
2019-01-01,38860,"Portland-South Portland, ME (Metropolitan Statistical Area)",79.427
2018-01-01,38860,"Portland-South Portland, ME (Metropolitan Statistical Area)",109.973
2017-01-01,38860,"Portland-South Portland, ME (Metropolitan Statistical Area)",103.685
2016-01-01,38860,"Portland-South Portland, ME (Metropolitan Statistical Area)",113.028
2015-01-01,38860,"Portland-South Portland, ME (Metropolitan Statistical Area)",97.458
2014-01-01,38860,"Portland-South Portland, ME (Metropolitan Statistical Area)",77.166
2013-01-01,38860,"Portland-South Portland, ME (Metropolitan Statistical Area)",119.082
2012-01-01,38860,"Portland-South Portland, ME (Metropolitan Statistical Area)",113.072
2011-01-01,38860,"Portland-South Portland, ME (Metropolitan Statistical Area)",97.300
2010-01-01,38860,"Portland-South Portland, ME (Metropolitan Statistical Area)",107.323
2009-01-01,38860,"Portland-South Portland, ME (Metropolitan Statistical Area)",111.214
2008-01-01,38860,"Portland-South Portland, ME (Metropolitan Statistical Area)",108.250
2024-01-01,38860,"Portland-South Portland, ME (Metropolitan Statistical Area)",105.164
2023-01-01,38860,"Portland-South Portland, ME (Metropolitan Statistical Area)",119.383
2022-01-01,38860,"Portland-South Portland, ME (Metropolitan Statistical Area)",106.802
2021-01-01,38860,"Portland-South Portland, ME (Metropolitan Statistical Area)",107.512
2020-01-01,38860,"Portland-South Portland, ME (Metropolitan Statistical Area)",106.167
2018-01-01,38900,"Portland-Vancouver-Hillsboro, OR-WA (Metropolitan Statistical Area)",132.111
2017-01-01,38900,"Portland-Vancouver-Hillsboro, OR-WA (Metropolitan Statistical Area)",129.683
2016-01-01,38900,"Portland-Vancouver-Hillsboro, OR-WA (Metropolitan Statistical Area)",123.925
2015-01-01,38900,"Portland-Vancouver-Hillsboro, OR-WA (Metropolitan Statistical Area)",123.105
2014-01-01,38900,"Portland-Vancouver-Hillsboro, OR-WA (Metropolitan Statistical Area)",118.429
2013-01-01,38900,"Portland-Vancouver-Hillsboro, OR-WA (Metropolitan Statistical Area)",116.108
2012-01-01,38900,"Portland-Vancouver-Hillsboro, OR-WA (Metropolitan Statistical Area)",116.931
2011-01-01,38900,"Portland-Vancouver-Hillsboro, OR-WA (Metropolitan Statistical Area)",113.404
2010-01-01,38900,"Portland-Vancouver-Hillsboro, OR-WA (Metropolitan Statistical Area)",112.895
2009-01-01,38900,"Portland-Vancouver-Hillsboro, OR-WA (Metropolitan Statistical Area)",113.973
2008-01-01,38900,"Portland-Vancouver-Hillsboro, OR-WA (Metropolitan Statistical Area)",112.505
2024-01-01,38900,"Portland-Vancouver-Hillsboro, OR-WA (Metropolitan Statistical Area)",125.114
2023-01-01,38900,"Portland-Vancouver-Hillsboro, OR-WA (Metropolitan Statistical Area)",124.782
2022-01-01,38900,"Portland-Vancouver-Hillsboro, OR-WA (Metropolitan Statistical Area)",128.413
2021-01-01,38900,"Portland-Vancouver-Hillsboro, OR-WA (Metropolitan Statistical Area)",127.788
2020-01-01,38900,"Portland-Vancouver-Hillsboro, OR-WA (Metropolitan Statistical Area)",129.278
2019-01-01,38900,"Portland-Vancouver-Hillsboro, OR-WA (Metropolitan Statistical Area)",131.206
2019-01-01,38940,"Port St. Lucie, FL (Metropolitan Statistical Area)",89.164
2018-01-01,38940,"Port St. Lucie, FL (Metropolitan Statistical Area)",108.894
2017-01-01,38940,"Port St. Lucie, FL (Metropolitan Statistical Area)",100.573
2016-01-01,38940,"Port St. Lucie, FL (Metropolitan Statistical Area)",103.910
2015-01-01,38940,"Port St. Lucie, FL (Metropolitan Statistical Area)",101.600
2014-01-01,38940,"Port St. Lucie, FL (Metropolitan Statistical Area)",103.271
2013-01-01,38940,"Port St. Lucie, FL (Metropolitan Statistical Area)",98.730
2012-01-01,38940,"Port St. Lucie, FL (Metropolitan Statistical Area)",99.871
2011-01-01,38940,"Port St. Lucie, FL (Metropolitan Statistical Area)",98.123
2010-01-01,38940,"Port St. Lucie, FL (Metropolitan Statistical Area)",101.415
2009-01-01,38940,"Port St. Lucie, FL (Metropolitan Statistical Area)",105.374
2008-01-01,38940,"Port St. Lucie, FL (Metropolitan Statistical Area)",112.675
2024-01-01,38940,"Port St. Lucie, FL (Metropolitan Statistical Area)",113.642
2023-01-01,38940,"Port St. Lucie, FL (Metropolitan Statistical Area)",122.601
2022-01-01,38940,"Port St. Lucie, FL (Metropolitan Statistical Area)",101.426
2021-01-01,38940,"Port St. Lucie, FL (Metropolitan Statistical Area)",102.715
2020-01-01,38940,"Port St. Lucie, FL (Metropolitan Statistical Area)",113.132
2018-01-01,39150,"Prescott Valley-Prescott, AZ (Metropolitan Statistical Area)",84.454
2017-01-01,39150,"Prescott Valley-Prescott, AZ (Metropolitan Statistical Area)",95.862
2016-01-01,39150,"Prescott Valley-Prescott, AZ (Metropolitan Statistical Area)",91.487
2015-01-01,39150,"Prescott Valley-Prescott, AZ (Metropolitan Statistical Area)",94.556
2014-01-01,39150,"Prescott Valley-Prescott, AZ (Metropolitan Statistical Area)",86.610
2013-01-01,39150,"Prescott Valley-Prescott, AZ (Metropolitan Statistical Area)",95.693
2012-01-01,39150,"Prescott Valley-Prescott, AZ (Metropolitan Statistical Area)",92.441
2011-01-01,39150,"Prescott Valley-Prescott, AZ (Metropolitan Statistical Area)",93.847
2010-01-01,39150,"Prescott Valley-Prescott, AZ (Metropolitan Statistical Area)",95.526
2009-01-01,39150,"Prescott Valley-Prescott, AZ (Metropolitan Statistical Area)",95.185
2008-01-01,39150,"Prescott Valley-Prescott, AZ (Metropolitan Statistical Area)",110.106
2024-01-01,39150,"Prescott Valley-Prescott, AZ (Metropolitan Statistical Area)",98.781
2023-01-01,39150,"Prescott Valley-Prescott, AZ (Metropolitan Statistical Area)",100.611
2022-01-01,39150,"Prescott Valley-Prescott, AZ (Metropolitan Statistical Area)",84.196
2021-01-01,39150,"Prescott Valley-Prescott, AZ (Metropolitan Statistical Area)",94.588
2020-01-01,39150,"Prescott Valley-Prescott, AZ (Metropolitan Statistical Area)",84.429
2019-01-01,39150,"Prescott Valley-Prescott, AZ (Metropolitan Statistical Area)",87.028
2019-01-01,39300,"Providence-Warwick, RI-MA (Metropolitan Statistical Area)",106.079
2018-01-01,39300,"Providence-Warwick, RI-MA (Metropolitan Statistical Area)",105.347
2017-01-01,39300,"Providence-Warwick, RI-MA (Metropolitan Statistical Area)",104.616
2016-01-01,39300,"Providence-Warwick, RI-MA (Metropolitan Statistical Area)",101.929
2015-01-01,39300,"Providence-Warwick, RI-MA (Metropolitan Statistical Area)",110.279
2014-01-01,39300,"Providence-Warwick, RI-MA (Metropolitan Statistical Area)",108.672
2013-01-01,39300,"Providence-Warwick, RI-MA (Metropolitan Statistical Area)",107.409
2012-01-01,39300,"Providence-Warwick, RI-MA (Metropolitan Statistical Area)",104.724
2011-01-01,39300,"Providence-Warwick, RI-MA (Metropolitan Statistical Area)",110.276
2010-01-01,39300,"Providence-Warwick, RI-MA (Metropolitan Statistical Area)",111.472
2009-01-01,39300,"Providence-Warwick, RI-MA (Metropolitan Statistical Area)",113.746
2008-01-01,39300,"Providence-Warwick, RI-MA (Metropolitan Statistical Area)",112.548
2024-01-01,39300,"Providence-Warwick, RI-MA (Metropolitan Statistical Area)",103.851
2023-01-01,39300,"Providence-Warwick, RI-MA (Metropolitan Statistical Area)",98.998
2022-01-01,39300,"Providence-Warwick, RI-MA (Metropolitan Statistical Area)",98.343
2021-01-01,39300,"Providence-Warwick, RI-MA (Metropolitan Statistical Area)",105.751
2020-01-01,39300,"Providence-Warwick, RI-MA (Metropolitan Statistical Area)",101.921
2018-01-01,39340,"Provo-Orem-Lehi, UT (Metropolitan Statistical Area)",101.698
2017-01-01,39340,"Provo-Orem-Lehi, UT (Metropolitan Statistical Area)",100.532
2016-01-01,39340,"Provo-Orem-Lehi, UT (Metropolitan Statistical Area)",103.223
2015-01-01,39340,"Provo-Orem-Lehi, UT (Metropolitan Statistical Area)",98.482
2014-01-01,39340,"Provo-Orem-Lehi, UT (Metropolitan Statistical Area)",95.574
2013-01-01,39340,"Provo-Orem-Lehi, UT (Metropolitan Statistical Area)",103.876
2012-01-01,39340,"Provo-Orem-Lehi, UT (Metropolitan Statistical Area)",97.243
2011-01-01,39340,"Provo-Orem-Lehi, UT (Metropolitan Statistical Area)",99.963
2010-01-01,39340,"Provo-Orem-Lehi, UT (Metropolitan Statistical Area)",101.050
2009-01-01,39340,"Provo-Orem-Lehi, UT (Metropolitan Statistical Area)",113.208
2008-01-01,39340,"Provo-Orem-Lehi, UT (Metropolitan Statistical Area)",103.612
2024-01-01,39340,"Provo-Orem-Lehi, UT (Metropolitan Statistical Area)",104.081
2023-01-01,39340,"Provo-Orem-Lehi, UT (Metropolitan Statistical Area)",107.252
2022-01-01,39340,"Provo-Orem-Lehi, UT (Metropolitan Statistical Area)",108.928
2021-01-01,39340,"Provo-Orem-Lehi, UT (Metropolitan Statistical Area)",109.569
2020-01-01,39340,"Provo-Orem-Lehi, UT (Metropolitan Statistical Area)",94.497
2019-01-01,39340,"Provo-Orem-Lehi, UT (Metropolitan Statistical Area)",104.336
2019-01-01,39380,"Pueblo, CO (Metropolitan Statistical Area)",75.505
2018-01-01,39380,"Pueblo, CO (Metropolitan Statistical Area)",74.843
2017-01-01,39380,"Pueblo, CO (Metropolitan Statistical Area)",73.826
2016-01-01,39380,"Pueblo, CO (Metropolitan Statistical Area)",78.250
2015-01-01,39380,"Pueblo, CO (Metropolitan Statistical Area)",72.424
2014-01-01,39380,"Pueblo, CO (Metropolitan Statistical Area)",65.945
2013-01-01,39380,"Pueblo, CO (Metropolitan Statistical Area)",75.672
2012-01-01,39380,"Pueblo, CO (Metropolitan Statistical Area)",76.645
2011-01-01,39380,"Pueblo, CO (Metropolitan Statistical Area)",75.812
2010-01-01,39380,"Pueblo, CO (Metropolitan Statistical Area)",75.095
2009-01-01,39380,"Pueblo, CO (Metropolitan Statistical Area)",76.913
2008-01-01,39380,"Pueblo, CO (Metropolitan Statistical Area)",71.457
2024-01-01,39380,"Pueblo, CO (Metropolitan Statistical Area)",71.285
2023-01-01,39380,"Pueblo, CO (Metropolitan Statistical Area)",90.007
2022-01-01,39380,"Pueblo, CO (Metropolitan Statistical Area)",78.624
2021-01-01,39380,"Pueblo, CO (Metropolitan Statistical Area)",81.602
2020-01-01,39380,"Pueblo, CO (Metropolitan Statistical Area)",72.323
2018-01-01,39460,"Punta Gorda, FL (Metropolitan Statistical Area)",97.520
2017-01-01,39460,"Punta Gorda, FL (Metropolitan Statistical Area)",98.628
2016-01-01,39460,"Punta Gorda, FL (Metropolitan Statistical Area)",94.762
2015-01-01,39460,"Punta Gorda, FL (Metropolitan Statistical Area)",91.572
2014-01-01,39460,"Punta Gorda, FL (Metropolitan Statistical Area)",87.720
2013-01-01,39460,"Punta Gorda, FL (Metropolitan Statistical Area)",85.412
2012-01-01,39460,"Punta Gorda, FL (Metropolitan Statistical Area)",93.684
2011-01-01,39460,"Punta Gorda, FL (Metropolitan Statistical Area)",87.156
2010-01-01,39460,"Punta Gorda, FL (Metropolitan Statistical Area)",92.534
2009-01-01,39460,"Punta Gorda, FL (Metropolitan Statistical Area)",88.445
2008-01-01,39460,"Punta Gorda, FL (Metropolitan Statistical Area)",94.082
2024-01-01,39460,"Punta Gorda, FL (Metropolitan Statistical Area)",113.277
2023-01-01,39460,"Punta Gorda, FL (Metropolitan Statistical Area)",102.011
2022-01-01,39460,"Punta Gorda, FL (Metropolitan Statistical Area)",89.308
2021-01-01,39460,"Punta Gorda, FL (Metropolitan Statistical Area)",90.775
2020-01-01,39460,"Punta Gorda, FL (Metropolitan Statistical Area)",114.173
2019-01-01,39460,"Punta Gorda, FL (Metropolitan Statistical Area)",96.689
2019-01-01,39540,"Racine-Mount Pleasant, WI (Metropolitan Statistical Area)",77.873
2018-01-01,39540,"Racine-Mount Pleasant, WI (Metropolitan Statistical Area)",79.352
2017-01-01,39540,"Racine-Mount Pleasant, WI (Metropolitan Statistical Area)",86.100
2016-01-01,39540,"Racine-Mount Pleasant, WI (Metropolitan Statistical Area)",73.388
2015-01-01,39540,"Racine-Mount Pleasant, WI (Metropolitan Statistical Area)",91.978
2014-01-01,39540,"Racine-Mount Pleasant, WI (Metropolitan Statistical Area)",88.031
2013-01-01,39540,"Racine-Mount Pleasant, WI (Metropolitan Statistical Area)",89.890
2012-01-01,39540,"Racine-Mount Pleasant, WI (Metropolitan Statistical Area)",85.411
2011-01-01,39540,"Racine-Mount Pleasant, WI (Metropolitan Statistical Area)",85.267
2010-01-01,39540,"Racine-Mount Pleasant, WI (Metropolitan Statistical Area)",86.204
2009-01-01,39540,"Racine-Mount Pleasant, WI (Metropolitan Statistical Area)",88.096
2008-01-01,39540,"Racine-Mount Pleasant, WI (Metropolitan Statistical Area)",89.283
2024-01-01,39540,"Racine-Mount Pleasant, WI (Metropolitan Statistical Area)",92.029
2023-01-01,39540,"Racine-Mount Pleasant, WI (Metropolitan Statistical Area)",92.158
2022-01-01,39540,"Racine-Mount Pleasant, WI (Metropolitan Statistical Area)",70.877
2021-01-01,39540,"Racine-Mount Pleasant, WI (Metropolitan Statistical Area)",70.037
2020-01-01,39540,"Racine-Mount Pleasant, WI (Metropolitan Statistical Area)",81.549
2018-01-01,39580,"Raleigh-Cary, NC (Metropolitan Statistical Area)",96.773
2017-01-01,39580,"Raleigh-Cary, NC (Metropolitan Statistical Area)",97.321
2016-01-01,39580,"Raleigh-Cary, NC (Metropolitan Statistical Area)",96.277
2015-01-01,39580,"Raleigh-Cary, NC (Metropolitan Statistical Area)",95.192
2014-01-01,39580,"Raleigh-Cary, NC (Metropolitan Statistical Area)",95.430
2013-01-01,39580,"Raleigh-Cary, NC (Metropolitan Statistical Area)",94.052
2012-01-01,39580,"Raleigh-Cary, NC (Metropolitan Statistical Area)",92.937
2011-01-01,39580,"Raleigh-Cary, NC (Metropolitan Statistical Area)",94.363
2010-01-01,39580,"Raleigh-Cary, NC (Metropolitan Statistical Area)",91.558
2009-01-01,39580,"Raleigh-Cary, NC (Metropolitan Statistical Area)",92.045
2008-01-01,39580,"Raleigh-Cary, NC (Metropolitan Statistical Area)",92.697
2024-01-01,39580,"Raleigh-Cary, NC (Metropolitan Statistical Area)",103.476
2023-01-01,39580,"Raleigh-Cary, NC (Metropolitan Statistical Area)",103.997
2022-01-01,39580,"Raleigh-Cary, NC (Metropolitan Statistical Area)",104.414
2021-01-01,39580,"Raleigh-Cary, NC (Metropolitan Statistical Area)",96.978
2020-01-01,39580,"Raleigh-Cary, NC (Metropolitan Statistical Area)",96.194
2019-01-01,39580,"Raleigh-Cary, NC (Metropolitan Statistical Area)",95.702
2019-01-01,39660,"Rapid City, SD (Metropolitan Statistical Area)",72.085
2018-01-01,39660,"Rapid City, SD (Metropolitan Statistical Area)",71.018
2017-01-01,39660,"Rapid City, SD (Metropolitan Statistical Area)",69.332
2016-01-01,39660,"Rapid City, SD (Metropolitan Statistical Area)",69.759
2015-01-01,39660,"Rapid City, SD (Metropolitan Statistical Area)",67.138
2014-01-01,39660,"Rapid City, SD (Metropolitan Statistical Area)",71.550
2013-01-01,39660,"Rapid City, SD (Metropolitan Statistical Area)",79.912
2012-01-01,39660,"Rapid City, SD (Metropolitan Statistical Area)",86.234
2011-01-01,39660,"Rapid City, SD (Metropolitan Statistical Area)",53.414
2010-01-01,39660,"Rapid City, SD (Metropolitan Statistical Area)",70.587
2009-01-01,39660,"Rapid City, SD (Metropolitan Statistical Area)",63.781
2008-01-01,39660,"Rapid City, SD (Metropolitan Statistical Area)",64.633
2024-01-01,39660,"Rapid City, SD (Metropolitan Statistical Area)",72.552
2023-01-01,39660,"Rapid City, SD (Metropolitan Statistical Area)",76.931
2022-01-01,39660,"Rapid City, SD (Metropolitan Statistical Area)",81.255
2021-01-01,39660,"Rapid City, SD (Metropolitan Statistical Area)",76.495
2020-01-01,39660,"Rapid City, SD (Metropolitan Statistical Area)",78.951
2018-01-01,39740,"Reading, PA (Metropolitan Statistical Area)",92.773
2017-01-01,39740,"Reading, PA (Metropolitan Statistical Area)",84.433
2016-01-01,39740,"Reading, PA (Metropolitan Statistical Area)",89.873
2015-01-01,39740,"Reading, PA (Metropolitan Statistical Area)",87.353
2014-01-01,39740,"Reading, PA (Metropolitan Statistical Area)",93.187
2013-01-01,39740,"Reading, PA (Metropolitan Statistical Area)",98.255
2012-01-01,39740,"Reading, PA (Metropolitan Statistical Area)",93.298
2011-01-01,39740,"Reading, PA (Metropolitan Statistical Area)",90.145
2010-01-01,39740,"Reading, PA (Metropolitan Statistical Area)",89.999
2009-01-01,39740,"Reading, PA (Metropolitan Statistical Area)",87.104
2008-01-01,39740,"Reading, PA (Metropolitan Statistical Area)",85.609
2024-01-01,39740,"Reading, PA (Metropolitan Statistical Area)",85.419
2023-01-01,39740,"Reading, PA (Metropolitan Statistical Area)",82.747
2022-01-01,39740,"Reading, PA (Metropolitan Statistical Area)",90.173
2021-01-01,39740,"Reading, PA (Metropolitan Statistical Area)",83.144
2020-01-01,39740,"Reading, PA (Metropolitan Statistical Area)",79.117
2019-01-01,39740,"Reading, PA (Metropolitan Statistical Area)",89.510
2024-01-01,39820,"Redding, CA (Metropolitan Statistical Area)",89.366
2023-01-01,39820,"Redding, CA (Metropolitan Statistical Area)",90.477
2022-01-01,39820,"Redding, CA (Metropolitan Statistical Area)",89.688
2021-01-01,39820,"Redding, CA (Metropolitan Statistical Area)",82.150
2020-01-01,39820,"Redding, CA (Metropolitan Statistical Area)",84.980
2019-01-01,39820,"Redding, CA (Metropolitan Statistical Area)",94.351
2018-01-01,39820,"Redding, CA (Metropolitan Statistical Area)",92.281
2017-01-01,39820,"Redding, CA (Metropolitan Statistical Area)",94.517
2016-01-01,39820,"Redding, CA (Metropolitan Statistical Area)",89.376
2015-01-01,39820,"Redding, CA (Metropolitan Statistical Area)",94.298
2014-01-01,39820,"Redding, CA (Metropolitan Statistical Area)",99.363
2013-01-01,39820,"Redding, CA (Metropolitan Statistical Area)",88.014
2012-01-01,39820,"Redding, CA (Metropolitan Statistical Area)",104.260
2011-01-01,39820,"Redding, CA (Metropolitan Statistical Area)",101.476
2010-01-01,39820,"Redding, CA (Metropolitan Statistical Area)",104.050
2009-01-01,39820,"Redding, CA (Metropolitan Statistical Area)",101.330
2008-01-01,39820,"Redding, CA (Metropolitan Statistical Area)",99.506
2018-01-01,39900,"Reno, NV (Metropolitan Statistical Area)",113.137
2017-01-01,39900,"Reno, NV (Metropolitan Statistical Area)",104.380
2016-01-01,39900,"Reno, NV (Metropolitan Statistical Area)",104.337
2015-01-01,39900,"Reno, NV (Metropolitan Statistical Area)",104.215
2014-01-01,39900,"Reno, NV (Metropolitan Statistical Area)",102.000
2013-01-01,39900,"Reno, NV (Metropolitan Statistical Area)",108.152
2012-01-01,39900,"Reno, NV (Metropolitan Statistical Area)",109.163
2011-01-01,39900,"Reno, NV (Metropolitan Statistical Area)",110.374
2010-01-01,39900,"Reno, NV (Metropolitan Statistical Area)",111.572
2009-01-01,39900,"Reno, NV (Metropolitan Statistical Area)",112.426
2008-01-01,39900,"Reno, NV (Metropolitan Statistical Area)",121.168
2024-01-01,39900,"Reno, NV (Metropolitan Statistical Area)",123.478
2023-01-01,39900,"Reno, NV (Metropolitan Statistical Area)",115.878
2022-01-01,39900,"Reno, NV (Metropolitan Statistical Area)",124.762
2021-01-01,39900,"Reno, NV (Metropolitan Statistical Area)",120.307
2020-01-01,39900,"Reno, NV (Metropolitan Statistical Area)",113.467
2019-01-01,39900,"Reno, NV (Metropolitan Statistical Area)",115.848
2019-01-01,40060,"Richmond, VA (Metropolitan Statistical Area)",95.449
2018-01-01,40060,"Richmond, VA (Metropolitan Statistical Area)",99.424
2017-01-01,40060,"Richmond, VA (Metropolitan Statistical Area)",95.847
2016-01-01,40060,"Richmond, VA (Metropolitan Statistical Area)",98.776
2015-01-01,40060,"Richmond, VA (Metropolitan Statistical Area)",100.931
2014-01-01,40060,"Richmond, VA (Metropolitan Statistical Area)",100.321
2013-01-01,40060,"Richmond, VA (Metropolitan Statistical Area)",99.351
2012-01-01,40060,"Richmond, VA (Metropolitan Statistical Area)",99.473
2011-01-01,40060,"Richmond, VA (Metropolitan Statistical Area)",103.478
2010-01-01,40060,"Richmond, VA (Metropolitan Statistical Area)",101.447
2009-01-01,40060,"Richmond, VA (Metropolitan Statistical Area)",103.166
2008-01-01,40060,"Richmond, VA (Metropolitan Statistical Area)",100.253
2024-01-01,40060,"Richmond, VA (Metropolitan Statistical Area)",99.136
2023-01-01,40060,"Richmond, VA (Metropolitan Statistical Area)",101.045
2022-01-01,40060,"Richmond, VA (Metropolitan Statistical Area)",98.056
2021-01-01,40060,"Richmond, VA (Metropolitan Statistical Area)",99.546
2020-01-01,40060,"Richmond, VA (Metropolitan Statistical Area)",100.755
2018-01-01,40140,"Riverside-San Bernardino-Ontario, CA (Metropolitan Statistical Area)",126.054
2017-01-01,40140,"Riverside-San Bernardino-Ontario, CA (Metropolitan Statistical Area)",123.626
2016-01-01,40140,"Riverside-San Bernardino-Ontario, CA (Metropolitan Statistical Area)",124.602
2015-01-01,40140,"Riverside-San Bernardino-Ontario, CA (Metropolitan Statistical Area)",121.574
2014-01-01,40140,"Riverside-San Bernardino-Ontario, CA (Metropolitan Statistical Area)",125.087
2013-01-01,40140,"Riverside-San Bernardino-Ontario, CA (Metropolitan Statistical Area)",126.161
2012-01-01,40140,"Riverside-San Bernardino-Ontario, CA (Metropolitan Statistical Area)",123.841
2011-01-01,40140,"Riverside-San Bernardino-Ontario, CA (Metropolitan Statistical Area)",129.426
2010-01-01,40140,"Riverside-San Bernardino-Ontario, CA (Metropolitan Statistical Area)",131.745
2009-01-01,40140,"Riverside-San Bernardino-Ontario, CA (Metropolitan Statistical Area)",134.193
2008-01-01,40140,"Riverside-San Bernardino-Ontario, CA (Metropolitan Statistical Area)",138.049
2024-01-01,40140,"Riverside-San Bernardino-Ontario, CA (Metropolitan Statistical Area)",129.312
2023-01-01,40140,"Riverside-San Bernardino-Ontario, CA (Metropolitan Statistical Area)",131.954
2022-01-01,40140,"Riverside-San Bernardino-Ontario, CA (Metropolitan Statistical Area)",129.176
2021-01-01,40140,"Riverside-San Bernardino-Ontario, CA (Metropolitan Statistical Area)",129.551
2020-01-01,40140,"Riverside-San Bernardino-Ontario, CA (Metropolitan Statistical Area)",126.346
2019-01-01,40140,"Riverside-San Bernardino-Ontario, CA (Metropolitan Statistical Area)",128.825
2024-01-01,40220,"Roanoke, VA (Metropolitan Statistical Area)",78.531
2023-01-01,40220,"Roanoke, VA (Metropolitan Statistical Area)",67.631
2022-01-01,40220,"Roanoke, VA (Metropolitan Statistical Area)",73.307
2021-01-01,40220,"Roanoke, VA (Metropolitan Statistical Area)",78.299
2020-01-01,40220,"Roanoke, VA (Metropolitan Statistical Area)",71.922
2019-01-01,40220,"Roanoke, VA (Metropolitan Statistical Area)",73.860
2018-01-01,40220,"Roanoke, VA (Metropolitan Statistical Area)",73.233
2017-01-01,40220,"Roanoke, VA (Metropolitan Statistical Area)",68.693
2016-01-01,40220,"Roanoke, VA (Metropolitan Statistical Area)",69.316
2015-01-01,40220,"Roanoke, VA (Metropolitan Statistical Area)",70.518
2014-01-01,40220,"Roanoke, VA (Metropolitan Statistical Area)",75.828
2013-01-01,40220,"Roanoke, VA (Metropolitan Statistical Area)",75.105
2012-01-01,40220,"Roanoke, VA (Metropolitan Statistical Area)",74.789
2011-01-01,40220,"Roanoke, VA (Metropolitan Statistical Area)",67.685
2010-01-01,40220,"Roanoke, VA (Metropolitan Statistical Area)",80.913
2009-01-01,40220,"Roanoke, VA (Metropolitan Statistical Area)",78.496
2008-01-01,40220,"Roanoke, VA (Metropolitan Statistical Area)",73.124
2018-01-01,40340,"Rochester, MN (Metropolitan Statistical Area)",80.694
2017-01-01,40340,"Rochester, MN (Metropolitan Statistical Area)",87.119
2016-01-01,40340,"Rochester, MN (Metropolitan Statistical Area)",82.589
2015-01-01,40340,"Rochester, MN (Metropolitan Statistical Area)",87.676
2014-01-01,40340,"Rochester, MN (Metropolitan Statistical Area)",94.239
2013-01-01,40340,"Rochester, MN (Metropolitan Statistical Area)",82.110
2012-01-01,40340,"Rochester, MN (Metropolitan Statistical Area)",87.774
2011-01-01,40340,"Rochester, MN (Metropolitan Statistical Area)",84.241
2010-01-01,40340,"Rochester, MN (Metropolitan Statistical Area)",66.618
2009-01-01,40340,"Rochester, MN (Metropolitan Statistical Area)",91.864
2008-01-01,40340,"Rochester, MN (Metropolitan Statistical Area)",90.782
2024-01-01,40340,"Rochester, MN (Metropolitan Statistical Area)",78.628
2023-01-01,40340,"Rochester, MN (Metropolitan Statistical Area)",92.954
2022-01-01,40340,"Rochester, MN (Metropolitan Statistical Area)",91.216
2021-01-01,40340,"Rochester, MN (Metropolitan Statistical Area)",76.360
2020-01-01,40340,"Rochester, MN (Metropolitan Statistical Area)",101.259
2019-01-01,40340,"Rochester, MN (Metropolitan Statistical Area)",87.228
2024-01-01,40380,"Rochester, NY (Metropolitan Statistical Area)",87.481
2023-01-01,40380,"Rochester, NY (Metropolitan Statistical Area)",94.360
2022-01-01,40380,"Rochester, NY (Metropolitan Statistical Area)",85.788
2021-01-01,40380,"Rochester, NY (Metropolitan Statistical Area)",90.603
2020-01-01,40380,"Rochester, NY (Metropolitan Statistical Area)",86.435
2019-01-01,40380,"Rochester, NY (Metropolitan Statistical Area)",92.914
2018-01-01,40380,"Rochester, NY (Metropolitan Statistical Area)",95.437
2017-01-01,40380,"Rochester, NY (Metropolitan Statistical Area)",96.294
2016-01-01,40380,"Rochester, NY (Metropolitan Statistical Area)",93.429
2015-01-01,40380,"Rochester, NY (Metropolitan Statistical Area)",93.529
2014-01-01,40380,"Rochester, NY (Metropolitan Statistical Area)",95.759
2013-01-01,40380,"Rochester, NY (Metropolitan Statistical Area)",94.112
2012-01-01,40380,"Rochester, NY (Metropolitan Statistical Area)",93.992
2011-01-01,40380,"Rochester, NY (Metropolitan Statistical Area)",91.011
2010-01-01,40380,"Rochester, NY (Metropolitan Statistical Area)",93.211
2009-01-01,40380,"Rochester, NY (Metropolitan Statistical Area)",94.708
2008-01-01,40380,"Rochester, NY (Metropolitan Statistical Area)",94.841
2018-01-01,40420,"Rockford, IL (Metropolitan Statistical Area)",66.796
2017-01-01,40420,"Rockford, IL (Metropolitan Statistical Area)",72.460
2016-01-01,40420,"Rockford, IL (Metropolitan Statistical Area)",79.484
2015-01-01,40420,"Rockford, IL (Metropolitan Statistical Area)",77.240
2014-01-01,40420,"Rockford, IL (Metropolitan Statistical Area)",75.518
2013-01-01,40420,"Rockford, IL (Metropolitan Statistical Area)",76.160
2012-01-01,40420,"Rockford, IL (Metropolitan Statistical Area)",79.296
2011-01-01,40420,"Rockford, IL (Metropolitan Statistical Area)",80.767
2010-01-01,40420,"Rockford, IL (Metropolitan Statistical Area)",72.766
2009-01-01,40420,"Rockford, IL (Metropolitan Statistical Area)",87.845
2008-01-01,40420,"Rockford, IL (Metropolitan Statistical Area)",83.860
2024-01-01,40420,"Rockford, IL (Metropolitan Statistical Area)",70.076
2023-01-01,40420,"Rockford, IL (Metropolitan Statistical Area)",64.922
2022-01-01,40420,"Rockford, IL (Metropolitan Statistical Area)",69.380
2021-01-01,40420,"Rockford, IL (Metropolitan Statistical Area)",77.245
2020-01-01,40420,"Rockford, IL (Metropolitan Statistical Area)",73.211
2019-01-01,40420,"Rockford, IL (Metropolitan Statistical Area)",72.719
2024-01-01,40580,"Rocky Mount, NC (Metropolitan Statistical Area)",56.103
2023-01-01,40580,"Rocky Mount, NC (Metropolitan Statistical Area)",51.760
2022-01-01,40580,"Rocky Mount, NC (Metropolitan Statistical Area)",50.653
2021-01-01,40580,"Rocky Mount, NC (Metropolitan Statistical Area)",51.534
2020-01-01,40580,"Rocky Mount, NC (Metropolitan Statistical Area)",51.413
2019-01-01,40580,"Rocky Mount, NC (Metropolitan Statistical Area)",45.621
2018-01-01,40580,"Rocky Mount, NC (Metropolitan Statistical Area)",46.817
2017-01-01,40580,"Rocky Mount, NC (Metropolitan Statistical Area)",58.508
2016-01-01,40580,"Rocky Mount, NC (Metropolitan Statistical Area)",49.137
2015-01-01,40580,"Rocky Mount, NC (Metropolitan Statistical Area)",59.147
2014-01-01,40580,"Rocky Mount, NC (Metropolitan Statistical Area)",54.346
2013-01-01,40580,"Rocky Mount, NC (Metropolitan Statistical Area)",59.090
2012-01-01,40580,"Rocky Mount, NC (Metropolitan Statistical Area)",55.688
2011-01-01,40580,"Rocky Mount, NC (Metropolitan Statistical Area)",61.818
2010-01-01,40580,"Rocky Mount, NC (Metropolitan Statistical Area)",57.049
2009-01-01,40580,"Rocky Mount, NC (Metropolitan Statistical Area)",59.877
2008-01-01,40580,"Rocky Mount, NC (Metropolitan Statistical Area)",54.584
2018-01-01,40660,"Rome, GA (Metropolitan Statistical Area)",57.791
2017-01-01,40660,"Rome, GA (Metropolitan Statistical Area)",53.489
2016-01-01,40660,"Rome, GA (Metropolitan Statistical Area)",62.827
2015-01-01,40660,"Rome, GA (Metropolitan Statistical Area)",60.175
2014-01-01,40660,"Rome, GA (Metropolitan Statistical Area)",56.887
2013-01-01,40660,"Rome, GA (Metropolitan Statistical Area)",56.040
2012-01-01,40660,"Rome, GA (Metropolitan Statistical Area)",55.959
2011-01-01,40660,"Rome, GA (Metropolitan Statistical Area)",59.870
2010-01-01,40660,"Rome, GA (Metropolitan Statistical Area)",67.032
2009-01-01,40660,"Rome, GA (Metropolitan Statistical Area)",65.374
2008-01-01,40660,"Rome, GA (Metropolitan Statistical Area)",64.090
2024-01-01,40660,"Rome, GA (Metropolitan Statistical Area)",60.276
2023-01-01,40660,"Rome, GA (Metropolitan Statistical Area)",60.388
2022-01-01,40660,"Rome, GA (Metropolitan Statistical Area)",61.689
2021-01-01,40660,"Rome, GA (Metropolitan Statistical Area)",62.143
2020-01-01,40660,"Rome, GA (Metropolitan Statistical Area)",52.423
2019-01-01,40660,"Rome, GA (Metropolitan Statistical Area)",56.961
2024-01-01,40900,"Sacramento-Roseville-Folsom, CA (Metropolitan Statistical Area)",130.230
2023-01-01,40900,"Sacramento-Roseville-Folsom, CA (Metropolitan Statistical Area)",133.442
2022-01-01,40900,"Sacramento-Roseville-Folsom, CA (Metropolitan Statistical Area)",131.468
2021-01-01,40900,"Sacramento-Roseville-Folsom, CA (Metropolitan Statistical Area)",132.636
2020-01-01,40900,"Sacramento-Roseville-Folsom, CA (Metropolitan Statistical Area)",134.007
2019-01-01,40900,"Sacramento-Roseville-Folsom, CA (Metropolitan Statistical Area)",134.294
2018-01-01,40900,"Sacramento-Roseville-Folsom, CA (Metropolitan Statistical Area)",137.219
2017-01-01,40900,"Sacramento-Roseville-Folsom, CA (Metropolitan Statistical Area)",129.883
2016-01-01,40900,"Sacramento-Roseville-Folsom, CA (Metropolitan Statistical Area)",125.102
2015-01-01,40900,"Sacramento-Roseville-Folsom, CA (Metropolitan Statistical Area)",118.799
2014-01-01,40900,"Sacramento-Roseville-Folsom, CA (Metropolitan Statistical Area)",123.353
2013-01-01,40900,"Sacramento-Roseville-Folsom, CA (Metropolitan Statistical Area)",120.717
2012-01-01,40900,"Sacramento-Roseville-Folsom, CA (Metropolitan Statistical Area)",122.665
2011-01-01,40900,"Sacramento-Roseville-Folsom, CA (Metropolitan Statistical Area)",124.235
2010-01-01,40900,"Sacramento-Roseville-Folsom, CA (Metropolitan Statistical Area)",127.207
2009-01-01,40900,"Sacramento-Roseville-Folsom, CA (Metropolitan Statistical Area)",129.894
2008-01-01,40900,"Sacramento-Roseville-Folsom, CA (Metropolitan Statistical Area)",130.443
2018-01-01,40980,"Saginaw, MI (Metropolitan Statistical Area)",64.305
2017-01-01,40980,"Saginaw, MI (Metropolitan Statistical Area)",63.716
2016-01-01,40980,"Saginaw, MI (Metropolitan Statistical Area)",65.704
2015-01-01,40980,"Saginaw, MI (Metropolitan Statistical Area)",66.212
2014-01-01,40980,"Saginaw, MI (Metropolitan Statistical Area)",61.560
2013-01-01,40980,"Saginaw, MI (Metropolitan Statistical Area)",68.216
2012-01-01,40980,"Saginaw, MI (Metropolitan Statistical Area)",64.082
2011-01-01,40980,"Saginaw, MI (Metropolitan Statistical Area)",72.339
2010-01-01,40980,"Saginaw, MI (Metropolitan Statistical Area)",66.271
2009-01-01,40980,"Saginaw, MI (Metropolitan Statistical Area)",69.191
2008-01-01,40980,"Saginaw, MI (Metropolitan Statistical Area)",68.396
2024-01-01,40980,"Saginaw, MI (Metropolitan Statistical Area)",63.647
2023-01-01,40980,"Saginaw, MI (Metropolitan Statistical Area)",59.410
2022-01-01,40980,"Saginaw, MI (Metropolitan Statistical Area)",54.987
2021-01-01,40980,"Saginaw, MI (Metropolitan Statistical Area)",66.773
2020-01-01,40980,"Saginaw, MI (Metropolitan Statistical Area)",61.214
2019-01-01,40980,"Saginaw, MI (Metropolitan Statistical Area)",58.685
2019-01-01,41060,"St. Cloud, MN (Metropolitan Statistical Area)",87.539
2018-01-01,41060,"St. Cloud, MN (Metropolitan Statistical Area)",81.747
2017-01-01,41060,"St. Cloud, MN (Metropolitan Statistical Area)",70.222
2016-01-01,41060,"St. Cloud, MN (Metropolitan Statistical Area)",80.875
2015-01-01,41060,"St. Cloud, MN (Metropolitan Statistical Area)",83.021
2014-01-01,41060,"St. Cloud, MN (Metropolitan Statistical Area)",82.925
2013-01-01,41060,"St. Cloud, MN (Metropolitan Statistical Area)",84.316
2012-01-01,41060,"St. Cloud, MN (Metropolitan Statistical Area)",87.759
2011-01-01,41060,"St. Cloud, MN (Metropolitan Statistical Area)",82.227
2010-01-01,41060,"St. Cloud, MN (Metropolitan Statistical Area)",81.836
2009-01-01,41060,"St. Cloud, MN (Metropolitan Statistical Area)",69.955
2008-01-01,41060,"St. Cloud, MN (Metropolitan Statistical Area)",87.805
2024-01-01,41060,"St. Cloud, MN (Metropolitan Statistical Area)",65.057
2023-01-01,41060,"St. Cloud, MN (Metropolitan Statistical Area)",75.015
2022-01-01,41060,"St. Cloud, MN (Metropolitan Statistical Area)",89.486
2021-01-01,41060,"St. Cloud, MN (Metropolitan Statistical Area)",58.147
2020-01-01,41060,"St. Cloud, MN (Metropolitan Statistical Area)",71.169
2023-01-01,41100,"St. George, UT (Metropolitan Statistical Area)",110.327
2022-01-01,41100,"St. George, UT (Metropolitan Statistical Area)",106.678
2021-01-01,41100,"St. George, UT (Metropolitan Statistical Area)",96.295
2020-01-01,41100,"St. George, UT (Metropolitan Statistical Area)",100.378
2019-01-01,41100,"St. George, UT (Metropolitan Statistical Area)",87.969
2018-01-01,41100,"St. George, UT (Metropolitan Statistical Area)",90.738
2017-01-01,41100,"St. George, UT (Metropolitan Statistical Area)",94.772
2016-01-01,41100,"St. George, UT (Metropolitan Statistical Area)",97.754
2015-01-01,41100,"St. George, UT (Metropolitan Statistical Area)",85.303
2014-01-01,41100,"St. George, UT (Metropolitan Statistical Area)",80.081
2013-01-01,41100,"St. George, UT (Metropolitan Statistical Area)",88.016
2012-01-01,41100,"St. George, UT (Metropolitan Statistical Area)",97.487
2011-01-01,41100,"St. George, UT (Metropolitan Statistical Area)",80.250
2010-01-01,41100,"St. George, UT (Metropolitan Statistical Area)",84.908
2009-01-01,41100,"St. George, UT (Metropolitan Statistical Area)",79.054
2008-01-01,41100,"St. George, UT (Metropolitan Statistical Area)",91.819
2024-01-01,41100,"St. George, UT (Metropolitan Statistical Area)",98.148
2019-01-01,41140,"St. Joseph, MO-KS (Metropolitan Statistical Area)",53.528
2018-01-01,41140,"St. Joseph, MO-KS (Metropolitan Statistical Area)",57.874
2017-01-01,41140,"St. Joseph, MO-KS (Metropolitan Statistical Area)",59.687
2016-01-01,41140,"St. Joseph, MO-KS (Metropolitan Statistical Area)",58.042
2015-01-01,41140,"St. Joseph, MO-KS (Metropolitan Statistical Area)",66.353
2014-01-01,41140,"St. Joseph, MO-KS (Metropolitan Statistical Area)",62.903
2013-01-01,41140,"St. Joseph, MO-KS (Metropolitan Statistical Area)",70.589
2012-01-01,41140,"St. Joseph, MO-KS (Metropolitan Statistical Area)",66.599
2011-01-01,41140,"St. Joseph, MO-KS (Metropolitan Statistical Area)",65.795
2010-01-01,41140,"St. Joseph, MO-KS (Metropolitan Statistical Area)",64.722
2009-01-01,41140,"St. Joseph, MO-KS (Metropolitan Statistical Area)",73.320
2008-01-01,41140,"St. Joseph, MO-KS (Metropolitan Statistical Area)",69.878
2024-01-01,41140,"St. Joseph, MO-KS (Metropolitan Statistical Area)",55.359
2023-01-01,41140,"St. Joseph, MO-KS (Metropolitan Statistical Area)",59.393
2022-01-01,41140,"St. Joseph, MO-KS (Metropolitan Statistical Area)",59.127
2021-01-01,41140,"St. Joseph, MO-KS (Metropolitan Statistical Area)",61.072
2020-01-01,41140,"St. Joseph, MO-KS (Metropolitan Statistical Area)",55.658
2018-01-01,41180,"St. Louis, MO-IL (Metropolitan Statistical Area)",81.605
2017-01-01,41180,"St. Louis, MO-IL (Metropolitan Statistical Area)",81.756
2016-01-01,41180,"St. Louis, MO-IL (Metropolitan Statistical Area)",83.606
2015-01-01,41180,"St. Louis, MO-IL (Metropolitan Statistical Area)",83.871
2014-01-01,41180,"St. Louis, MO-IL (Metropolitan Statistical Area)",84.855
2013-01-01,41180,"St. Louis, MO-IL (Metropolitan Statistical Area)",86.181
2012-01-01,41180,"St. Louis, MO-IL (Metropolitan Statistical Area)",84.817
2011-01-01,41180,"St. Louis, MO-IL (Metropolitan Statistical Area)",88.773
2010-01-01,41180,"St. Louis, MO-IL (Metropolitan Statistical Area)",86.017
2009-01-01,41180,"St. Louis, MO-IL (Metropolitan Statistical Area)",84.332
2008-01-01,41180,"St. Louis, MO-IL (Metropolitan Statistical Area)",83.582
2024-01-01,41180,"St. Louis, MO-IL (Metropolitan Statistical Area)",79.024
2023-01-01,41180,"St. Louis, MO-IL (Metropolitan Statistical Area)",80.586
2022-01-01,41180,"St. Louis, MO-IL (Metropolitan Statistical Area)",79.819
2021-01-01,41180,"St. Louis, MO-IL (Metropolitan Statistical Area)",80.093
2020-01-01,41180,"St. Louis, MO-IL (Metropolitan Statistical Area)",78.391
2019-01-01,41180,"St. Louis, MO-IL (Metropolitan Statistical Area)",80.695
2019-01-01,41420,"Salem, OR (Metropolitan Statistical Area)",98.072
2018-01-01,41420,"Salem, OR (Metropolitan Statistical Area)",97.567
2017-01-01,41420,"Salem, OR (Metropolitan Statistical Area)",94.987
2016-01-01,41420,"Salem, OR (Metropolitan Statistical Area)",91.238
2015-01-01,41420,"Salem, OR (Metropolitan Statistical Area)",90.213
2014-01-01,41420,"Salem, OR (Metropolitan Statistical Area)",89.051
2013-01-01,41420,"Salem, OR (Metropolitan Statistical Area)",92.359
2012-01-01,41420,"Salem, OR (Metropolitan Statistical Area)",96.269
2011-01-01,41420,"Salem, OR (Metropolitan Statistical Area)",90.874
2010-01-01,41420,"Salem, OR (Metropolitan Statistical Area)",95.527
2009-01-01,41420,"Salem, OR (Metropolitan Statistical Area)",93.081
2008-01-01,41420,"Salem, OR (Metropolitan Statistical Area)",82.476
2024-01-01,41420,"Salem, OR (Metropolitan Statistical Area)",110.333
2023-01-01,41420,"Salem, OR (Metropolitan Statistical Area)",95.712
2022-01-01,41420,"Salem, OR (Metropolitan Statistical Area)",99.629
2021-01-01,41420,"Salem, OR (Metropolitan Statistical Area)",101.773
2020-01-01,41420,"Salem, OR (Metropolitan Statistical Area)",96.465
2018-01-01,41500,"Salinas, CA (Metropolitan Statistical Area)",164.363
2017-01-01,41500,"Salinas, CA (Metropolitan Statistical Area)",164.882
2016-01-01,41500,"Salinas, CA (Metropolitan Statistical Area)",155.027
2015-01-01,41500,"Salinas, CA (Metropolitan Statistical Area)",161.597
2014-01-01,41500,"Salinas, CA (Metropolitan Statistical Area)",150.993
2013-01-01,41500,"Salinas, CA (Metropolitan Statistical Area)",166.694
2012-01-01,41500,"Salinas, CA (Metropolitan Statistical Area)",163.313
2011-01-01,41500,"Salinas, CA (Metropolitan Statistical Area)",159.348
2010-01-01,41500,"Salinas, CA (Metropolitan Statistical Area)",159.413
2009-01-01,41500,"Salinas, CA (Metropolitan Statistical Area)",148.982
2008-01-01,41500,"Salinas, CA (Metropolitan Statistical Area)",158.218
2024-01-01,41500,"Salinas, CA (Metropolitan Statistical Area)",145.669
2023-01-01,41500,"Salinas, CA (Metropolitan Statistical Area)",166.602
2022-01-01,41500,"Salinas, CA (Metropolitan Statistical Area)",159.494
2021-01-01,41500,"Salinas, CA (Metropolitan Statistical Area)",159.466
2020-01-01,41500,"Salinas, CA (Metropolitan Statistical Area)",164.609
2019-01-01,41500,"Salinas, CA (Metropolitan Statistical Area)",168.628
2019-01-01,41540,"Salisbury, MD (Metropolitan Statistical Area)",82.942
2018-01-01,41540,"Salisbury, MD (Metropolitan Statistical Area)",83.290
2017-01-01,41540,"Salisbury, MD (Metropolitan Statistical Area)",82.294
2016-01-01,41540,"Salisbury, MD (Metropolitan Statistical Area)",81.001
2015-01-01,41540,"Salisbury, MD (Metropolitan Statistical Area)",87.526
2014-01-01,41540,"Salisbury, MD (Metropolitan Statistical Area)",93.669
2013-01-01,41540,"Salisbury, MD (Metropolitan Statistical Area)",84.669
2012-01-01,41540,"Salisbury, MD (Metropolitan Statistical Area)",84.073
2011-01-01,41540,"Salisbury, MD (Metropolitan Statistical Area)",91.436
2010-01-01,41540,"Salisbury, MD (Metropolitan Statistical Area)",92.253
2009-01-01,41540,"Salisbury, MD (Metropolitan Statistical Area)",87.431
2008-01-01,41540,"Salisbury, MD (Metropolitan Statistical Area)",90.025
2024-01-01,41540,"Salisbury, MD (Metropolitan Statistical Area)",87.212
2023-01-01,41540,"Salisbury, MD (Metropolitan Statistical Area)",74.541
2022-01-01,41540,"Salisbury, MD (Metropolitan Statistical Area)",80.013
2021-01-01,41540,"Salisbury, MD (Metropolitan Statistical Area)",78.541
2020-01-01,41540,"Salisbury, MD (Metropolitan Statistical Area)",77.707
2018-01-01,41620,"Salt Lake City-Murray, UT (Metropolitan Statistical Area)",111.185
2017-01-01,41620,"Salt Lake City-Murray, UT (Metropolitan Statistical Area)",109.278
2016-01-01,41620,"Salt Lake City-Murray, UT (Metropolitan Statistical Area)",112.707
2015-01-01,41620,"Salt Lake City-Murray, UT (Metropolitan Statistical Area)",107.706
2014-01-01,41620,"Salt Lake City-Murray, UT (Metropolitan Statistical Area)",110.711
2013-01-01,41620,"Salt Lake City-Murray, UT (Metropolitan Statistical Area)",111.669
2012-01-01,41620,"Salt Lake City-Murray, UT (Metropolitan Statistical Area)",109.547
2011-01-01,41620,"Salt Lake City-Murray, UT (Metropolitan Statistical Area)",111.970
2010-01-01,41620,"Salt Lake City-Murray, UT (Metropolitan Statistical Area)",102.511
2009-01-01,41620,"Salt Lake City-Murray, UT (Metropolitan Statistical Area)",111.979
2008-01-01,41620,"Salt Lake City-Murray, UT (Metropolitan Statistical Area)",112.572
2024-01-01,41620,"Salt Lake City-Murray, UT (Metropolitan Statistical Area)",123.311
2023-01-01,41620,"Salt Lake City-Murray, UT (Metropolitan Statistical Area)",118.474
2022-01-01,41620,"Salt Lake City-Murray, UT (Metropolitan Statistical Area)",116.540
2021-01-01,41620,"Salt Lake City-Murray, UT (Metropolitan Statistical Area)",112.318
2020-01-01,41620,"Salt Lake City-Murray, UT (Metropolitan Statistical Area)",112.458
2019-01-01,41620,"Salt Lake City-Murray, UT (Metropolitan Statistical Area)",115.184
2017-01-01,41660,"San Angelo, TX (Metropolitan Statistical Area)",79.501
2016-01-01,41660,"San Angelo, TX (Metropolitan Statistical Area)",80.428
2015-01-01,41660,"San Angelo, TX (Metropolitan Statistical Area)",90.291
2014-01-01,41660,"San Angelo, TX (Metropolitan Statistical Area)",87.367
2013-01-01,41660,"San Angelo, TX (Metropolitan Statistical Area)",79.892
2012-01-01,41660,"San Angelo, TX (Metropolitan Statistical Area)",83.345
2011-01-01,41660,"San Angelo, TX (Metropolitan Statistical Area)",73.108
2010-01-01,41660,"San Angelo, TX (Metropolitan Statistical Area)",71.982
2009-01-01,41660,"San Angelo, TX (Metropolitan Statistical Area)",78.653
2008-01-01,41660,"San Angelo, TX (Metropolitan Statistical Area)",65.961
2024-01-01,41660,"San Angelo, TX (Metropolitan Statistical Area)",81.442
2023-01-01,41660,"San Angelo, TX (Metropolitan Statistical Area)",79.126
2022-01-01,41660,"San Angelo, TX (Metropolitan Statistical Area)",81.004
2021-01-01,41660,"San Angelo, TX (Metropolitan Statistical Area)",71.924
2020-01-01,41660,"San Angelo, TX (Metropolitan Statistical Area)",84.939
2019-01-01,41660,"San Angelo, TX (Metropolitan Statistical Area)",81.948
2018-01-01,41660,"San Angelo, TX (Metropolitan Statistical Area)",86.052
2018-01-01,41700,"San Antonio-New Braunfels, TX (Metropolitan Statistical Area)",93.785
2017-01-01,41700,"San Antonio-New Braunfels, TX (Metropolitan Statistical Area)",92.301
2016-01-01,41700,"San Antonio-New Braunfels, TX (Metropolitan Statistical Area)",93.083
2015-01-01,41700,"San Antonio-New Braunfels, TX (Metropolitan Statistical Area)",91.266
2014-01-01,41700,"San Antonio-New Braunfels, TX (Metropolitan Statistical Area)",92.673
2013-01-01,41700,"San Antonio-New Braunfels, TX (Metropolitan Statistical Area)",92.372
2012-01-01,41700,"San Antonio-New Braunfels, TX (Metropolitan Statistical Area)",91.419
2011-01-01,41700,"San Antonio-New Braunfels, TX (Metropolitan Statistical Area)",87.608
2010-01-01,41700,"San Antonio-New Braunfels, TX (Metropolitan Statistical Area)",87.881
2009-01-01,41700,"San Antonio-New Braunfels, TX (Metropolitan Statistical Area)",88.493
2008-01-01,41700,"San Antonio-New Braunfels, TX (Metropolitan Statistical Area)",87.959
2024-01-01,41700,"San Antonio-New Braunfels, TX (Metropolitan Statistical Area)",94.575
2023-01-01,41700,"San Antonio-New Braunfels, TX (Metropolitan Statistical Area)",94.170
2022-01-01,41700,"San Antonio-New Braunfels, TX (Metropolitan Statistical Area)",94.593
2021-01-01,41700,"San Antonio-New Braunfels, TX (Metropolitan Statistical Area)",92.594
2020-01-01,41700,"San Antonio-New Braunfels, TX (Metropolitan Statistical Area)",93.429
2019-01-01,41700,"San Antonio-New Braunfels, TX (Metropolitan Statistical Area)",93.124
2019-01-01,41740,"San Diego-Chula Vista-Carlsbad, CA (Metropolitan Statistical Area)",185.152
2018-01-01,41740,"San Diego-Chula Vista-Carlsbad, CA (Metropolitan Statistical Area)",186.113
2017-01-01,41740,"San Diego-Chula Vista-Carlsbad, CA (Metropolitan Statistical Area)",184.346
2016-01-01,41740,"San Diego-Chula Vista-Carlsbad, CA (Metropolitan Statistical Area)",179.506
2015-01-01,41740,"San Diego-Chula Vista-Carlsbad, CA (Metropolitan Statistical Area)",178.425
2014-01-01,41740,"San Diego-Chula Vista-Carlsbad, CA (Metropolitan Statistical Area)",182.580
2013-01-01,41740,"San Diego-Chula Vista-Carlsbad, CA (Metropolitan Statistical Area)",175.141
2012-01-01,41740,"San Diego-Chula Vista-Carlsbad, CA (Metropolitan Statistical Area)",173.180
2011-01-01,41740,"San Diego-Chula Vista-Carlsbad, CA (Metropolitan Statistical Area)",175.099
2010-01-01,41740,"San Diego-Chula Vista-Carlsbad, CA (Metropolitan Statistical Area)",180.826
2009-01-01,41740,"San Diego-Chula Vista-Carlsbad, CA (Metropolitan Statistical Area)",178.392
2008-01-01,41740,"San Diego-Chula Vista-Carlsbad, CA (Metropolitan Statistical Area)",179.358
2024-01-01,41740,"San Diego-Chula Vista-Carlsbad, CA (Metropolitan Statistical Area)",179.267
2023-01-01,41740,"San Diego-Chula Vista-Carlsbad, CA (Metropolitan Statistical Area)",185.782
2022-01-01,41740,"San Diego-Chula Vista-Carlsbad, CA (Metropolitan Statistical Area)",183.853
2021-01-01,41740,"San Diego-Chula Vista-Carlsbad, CA (Metropolitan Statistical Area)",189.979
2020-01-01,41740,"San Diego-Chula Vista-Carlsbad, CA (Metropolitan Statistical Area)",184.661
2018-01-01,41780,"Sandusky, OH (Metropolitan Statistical Area)",62.561
2017-01-01,41780,"Sandusky, OH (Metropolitan Statistical Area)",63.362
2016-01-01,41780,"Sandusky, OH (Metropolitan Statistical Area)",50.172
2015-01-01,41780,"Sandusky, OH (Metropolitan Statistical Area)",66.294
2014-01-01,41780,"Sandusky, OH (Metropolitan Statistical Area)",64.522
2013-01-01,41780,"Sandusky, OH (Metropolitan Statistical Area)",72.134
2012-01-01,41780,"Sandusky, OH (Metropolitan Statistical Area)",72.696
2011-01-01,41780,"Sandusky, OH (Metropolitan Statistical Area)",65.501
2010-01-01,41780,"Sandusky, OH (Metropolitan Statistical Area)",60.513
2009-01-01,41780,"Sandusky, OH (Metropolitan Statistical Area)",67.148
2008-01-01,41780,"Sandusky, OH (Metropolitan Statistical Area)",66.861
2024-01-01,41780,"Sandusky, OH (Metropolitan Statistical Area)",59.462
2023-01-01,41780,"Sandusky, OH (Metropolitan Statistical Area)",58.428
2022-01-01,41780,"Sandusky, OH (Metropolitan Statistical Area)",56.557
2021-01-01,41780,"Sandusky, OH (Metropolitan Statistical Area)",60.735
2020-01-01,41780,"Sandusky, OH (Metropolitan Statistical Area)",59.009
2019-01-01,41780,"Sandusky, OH (Metropolitan Statistical Area)",70.586
2019-01-01,41860,"San Francisco-Oakland-Fremont, CA (Metropolitan Statistical Area)",213.041
2018-01-01,41860,"San Francisco-Oakland-Fremont, CA (Metropolitan Statistical Area)",219.677
2017-01-01,41860,"San Francisco-Oakland-Fremont, CA (Metropolitan Statistical Area)",215.201
2016-01-01,41860,"San Francisco-Oakland-Fremont, CA (Metropolitan Statistical Area)",210.446
2015-01-01,41860,"San Francisco-Oakland-Fremont, CA (Metropolitan Statistical Area)",204.457
2014-01-01,41860,"San Francisco-Oakland-Fremont, CA (Metropolitan Statistical Area)",198.091
2013-01-01,41860,"San Francisco-Oakland-Fremont, CA (Metropolitan Statistical Area)",190.687
2012-01-01,41860,"San Francisco-Oakland-Fremont, CA (Metropolitan Statistical Area)",189.037
2011-01-01,41860,"San Francisco-Oakland-Fremont, CA (Metropolitan Statistical Area)",191.885
2010-01-01,41860,"San Francisco-Oakland-Fremont, CA (Metropolitan Statistical Area)",189.206
2009-01-01,41860,"San Francisco-Oakland-Fremont, CA (Metropolitan Statistical Area)",192.057
2008-01-01,41860,"San Francisco-Oakland-Fremont, CA (Metropolitan Statistical Area)",190.960
2024-01-01,41860,"San Francisco-Oakland-Fremont, CA (Metropolitan Statistical Area)",194.718
2023-01-01,41860,"San Francisco-Oakland-Fremont, CA (Metropolitan Statistical Area)",200.124
2022-01-01,41860,"San Francisco-Oakland-Fremont, CA (Metropolitan Statistical Area)",206.313
2021-01-01,41860,"San Francisco-Oakland-Fremont, CA (Metropolitan Statistical Area)",213.496
2020-01-01,41860,"San Francisco-Oakland-Fremont, CA (Metropolitan Statistical Area)",227.095
2018-01-01,41940,"San Jose-Sunnyvale-Santa Clara, CA (Metropolitan Statistical Area)",246.682
2017-01-01,41940,"San Jose-Sunnyvale-Santa Clara, CA (Metropolitan Statistical Area)",243.341
2016-01-01,41940,"San Jose-Sunnyvale-Santa Clara, CA (Metropolitan Statistical Area)",239.035
2015-01-01,41940,"San Jose-Sunnyvale-Santa Clara, CA (Metropolitan Statistical Area)",236.084
2014-01-01,41940,"San Jose-Sunnyvale-Santa Clara, CA (Metropolitan Statistical Area)",229.876
2013-01-01,41940,"San Jose-Sunnyvale-Santa Clara, CA (Metropolitan Statistical Area)",217.688
2012-01-01,41940,"San Jose-Sunnyvale-Santa Clara, CA (Metropolitan Statistical Area)",211.366
2011-01-01,41940,"San Jose-Sunnyvale-Santa Clara, CA (Metropolitan Statistical Area)",209.403
2010-01-01,41940,"San Jose-Sunnyvale-Santa Clara, CA (Metropolitan Statistical Area)",199.180
2009-01-01,41940,"San Jose-Sunnyvale-Santa Clara, CA (Metropolitan Statistical Area)",207.921
2008-01-01,41940,"San Jose-Sunnyvale-Santa Clara, CA (Metropolitan Statistical Area)",204.303
2024-01-01,41940,"San Jose-Sunnyvale-Santa Clara, CA (Metropolitan Statistical Area)",211.901
2023-01-01,41940,"San Jose-Sunnyvale-Santa Clara, CA (Metropolitan Statistical Area)",212.960
2022-01-01,41940,"San Jose-Sunnyvale-Santa Clara, CA (Metropolitan Statistical Area)",233.193
2021-01-01,41940,"San Jose-Sunnyvale-Santa Clara, CA (Metropolitan Statistical Area)",241.339
2020-01-01,41940,"San Jose-Sunnyvale-Santa Clara, CA (Metropolitan Statistical Area)",245.513
2019-01-01,41940,"San Jose-Sunnyvale-Santa Clara, CA (Metropolitan Statistical Area)",239.675
2019-01-01,42020,"San Luis Obispo-Paso Robles, CA (Metropolitan Statistical Area)",151.482
2018-01-01,42020,"San Luis Obispo-Paso Robles, CA (Metropolitan Statistical Area)",154.809
2017-01-01,42020,"San Luis Obispo-Paso Robles, CA (Metropolitan Statistical Area)",165.197
2016-01-01,42020,"San Luis Obispo-Paso Robles, CA (Metropolitan Statistical Area)",153.896
2015-01-01,42020,"San Luis Obispo-Paso Robles, CA (Metropolitan Statistical Area)",149.616
2014-01-01,42020,"San Luis Obispo-Paso Robles, CA (Metropolitan Statistical Area)",142.795
2013-01-01,42020,"San Luis Obispo-Paso Robles, CA (Metropolitan Statistical Area)",147.073
2012-01-01,42020,"San Luis Obispo-Paso Robles, CA (Metropolitan Statistical Area)",143.491
2011-01-01,42020,"San Luis Obispo-Paso Robles, CA (Metropolitan Statistical Area)",154.022
2010-01-01,42020,"San Luis Obispo-Paso Robles, CA (Metropolitan Statistical Area)",150.629
2009-01-01,42020,"San Luis Obispo-Paso Robles, CA (Metropolitan Statistical Area)",157.480
2008-01-01,42020,"San Luis Obispo-Paso Robles, CA (Metropolitan Statistical Area)",155.378
2024-01-01,42020,"San Luis Obispo-Paso Robles, CA (Metropolitan Statistical Area)",144.362
2023-01-01,42020,"San Luis Obispo-Paso Robles, CA (Metropolitan Statistical Area)",149.461
2022-01-01,42020,"San Luis Obispo-Paso Robles, CA (Metropolitan Statistical Area)",157.053
2021-01-01,42020,"San Luis Obispo-Paso Robles, CA (Metropolitan Statistical Area)",146.868
2020-01-01,42020,"San Luis Obispo-Paso Robles, CA (Metropolitan Statistical Area)",164.386
2016-01-01,42100,"Santa Cruz-Watsonville, CA (Metropolitan Statistical Area)",174.530
2015-01-01,42100,"Santa Cruz-Watsonville, CA (Metropolitan Statistical Area)",177.959
2014-01-01,42100,"Santa Cruz-Watsonville, CA (Metropolitan Statistical Area)",179.485
2013-01-01,42100,"Santa Cruz-Watsonville, CA (Metropolitan Statistical Area)",155.525
2012-01-01,42100,"Santa Cruz-Watsonville, CA (Metropolitan Statistical Area)",176.325
2011-01-01,42100,"Santa Cruz-Watsonville, CA (Metropolitan Statistical Area)",165.516
2010-01-01,42100,"Santa Cruz-Watsonville, CA (Metropolitan Statistical Area)",170.122
2009-01-01,42100,"Santa Cruz-Watsonville, CA (Metropolitan Statistical Area)",162.984
2008-01-01,42100,"Santa Cruz-Watsonville, CA (Metropolitan Statistical Area)",188.608
2024-01-01,42100,"Santa Cruz-Watsonville, CA (Metropolitan Statistical Area)",164.328
2023-01-01,42100,"Santa Cruz-Watsonville, CA (Metropolitan Statistical Area)",175.019
2022-01-01,42100,"Santa Cruz-Watsonville, CA (Metropolitan Statistical Area)",184.987
2021-01-01,42100,"Santa Cruz-Watsonville, CA (Metropolitan Statistical Area)",168.238
2020-01-01,42100,"Santa Cruz-Watsonville, CA (Metropolitan Statistical Area)",189.866
2019-01-01,42100,"Santa Cruz-Watsonville, CA (Metropolitan Statistical Area)",173.634
2018-01-01,42100,"Santa Cruz-Watsonville, CA (Metropolitan Statistical Area)",167.433
2017-01-01,42100,"Santa Cruz-Watsonville, CA (Metropolitan Statistical Area)",188.515
2019-01-01,42140,"Santa Fe, NM (Metropolitan Statistical Area)",94.640
2018-01-01,42140,"Santa Fe, NM (Metropolitan Statistical Area)",100.233
2017-01-01,42140,"Santa Fe, NM (Metropolitan Statistical Area)",94.743
2016-01-01,42140,"Santa Fe, NM (Metropolitan Statistical Area)",102.700
2015-01-01,42140,"Santa Fe, NM (Metropolitan Statistical Area)",100.383
2014-01-01,42140,"Santa Fe, NM (Metropolitan Statistical Area)",112.153
2013-01-01,42140,"Santa Fe, NM (Metropolitan Statistical Area)",103.758
2012-01-01,42140,"Santa Fe, NM (Metropolitan Statistical Area)",105.875
2011-01-01,42140,"Santa Fe, NM (Metropolitan Statistical Area)",114.053
2010-01-01,42140,"Santa Fe, NM (Metropolitan Statistical Area)",107.252
2009-01-01,42140,"Santa Fe, NM (Metropolitan Statistical Area)",108.329
2008-01-01,42140,"Santa Fe, NM (Metropolitan Statistical Area)",103.171
2024-01-01,42140,"Santa Fe, NM (Metropolitan Statistical Area)",107.978
2023-01-01,42140,"Santa Fe, NM (Metropolitan Statistical Area)",90.815
2022-01-01,42140,"Santa Fe, NM (Metropolitan Statistical Area)",98.907
2021-01-01,42140,"Santa Fe, NM (Metropolitan Statistical Area)",91.903
2020-01-01,42140,"Santa Fe, NM (Metropolitan Statistical Area)",99.716
2023-01-01,42200,"Santa Maria-Santa Barbara, CA (Metropolitan Statistical Area)",175.405
2022-01-01,42200,"Santa Maria-Santa Barbara, CA (Metropolitan Statistical Area)",172.191
2021-01-01,42200,"Santa Maria-Santa Barbara, CA (Metropolitan Statistical Area)",187.087
2020-01-01,42200,"Santa Maria-Santa Barbara, CA (Metropolitan Statistical Area)",181.573
2019-01-01,42200,"Santa Maria-Santa Barbara, CA (Metropolitan Statistical Area)",165.710
2018-01-01,42200,"Santa Maria-Santa Barbara, CA (Metropolitan Statistical Area)",175.158
2017-01-01,42200,"Santa Maria-Santa Barbara, CA (Metropolitan Statistical Area)",180.782
2016-01-01,42200,"Santa Maria-Santa Barbara, CA (Metropolitan Statistical Area)",169.467
2015-01-01,42200,"Santa Maria-Santa Barbara, CA (Metropolitan Statistical Area)",162.022
2014-01-01,42200,"Santa Maria-Santa Barbara, CA (Metropolitan Statistical Area)",161.105
2013-01-01,42200,"Santa Maria-Santa Barbara, CA (Metropolitan Statistical Area)",147.786
2012-01-01,42200,"Santa Maria-Santa Barbara, CA (Metropolitan Statistical Area)",163.572
2011-01-01,42200,"Santa Maria-Santa Barbara, CA (Metropolitan Statistical Area)",176.447
2010-01-01,42200,"Santa Maria-Santa Barbara, CA (Metropolitan Statistical Area)",171.381
2009-01-01,42200,"Santa Maria-Santa Barbara, CA (Metropolitan Statistical Area)",175.099
2008-01-01,42200,"Santa Maria-Santa Barbara, CA (Metropolitan Statistical Area)",188.401
2024-01-01,42200,"Santa Maria-Santa Barbara, CA (Metropolitan Statistical Area)",151.394
2019-01-01,42220,"Santa Rosa-Petaluma, CA (Metropolitan Statistical Area)",177.055
2018-01-01,42220,"Santa Rosa-Petaluma, CA (Metropolitan Statistical Area)",175.440
2017-01-01,42220,"Santa Rosa-Petaluma, CA (Metropolitan Statistical Area)",172.225
2016-01-01,42220,"Santa Rosa-Petaluma, CA (Metropolitan Statistical Area)",165.770
2015-01-01,42220,"Santa Rosa-Petaluma, CA (Metropolitan Statistical Area)",165.931
2014-01-01,42220,"Santa Rosa-Petaluma, CA (Metropolitan Statistical Area)",166.342
2013-01-01,42220,"Santa Rosa-Petaluma, CA (Metropolitan Statistical Area)",153.485
2012-01-01,42220,"Santa Rosa-Petaluma, CA (Metropolitan Statistical Area)",164.308
2011-01-01,42220,"Santa Rosa-Petaluma, CA (Metropolitan Statistical Area)",150.968
2010-01-01,42220,"Santa Rosa-Petaluma, CA (Metropolitan Statistical Area)",162.232
2009-01-01,42220,"Santa Rosa-Petaluma, CA (Metropolitan Statistical Area)",157.698
2008-01-01,42220,"Santa Rosa-Petaluma, CA (Metropolitan Statistical Area)",163.028
2024-01-01,42220,"Santa Rosa-Petaluma, CA (Metropolitan Statistical Area)",139.569
2023-01-01,42220,"Santa Rosa-Petaluma, CA (Metropolitan Statistical Area)",146.527
2022-01-01,42220,"Santa Rosa-Petaluma, CA (Metropolitan Statistical Area)",158.248
2021-01-01,42220,"Santa Rosa-Petaluma, CA (Metropolitan Statistical Area)",170.597
2020-01-01,42220,"Santa Rosa-Petaluma, CA (Metropolitan Statistical Area)",176.003
2018-01-01,42340,"Savannah, GA (Metropolitan Statistical Area)",89.342
2017-01-01,42340,"Savannah, GA (Metropolitan Statistical Area)",86.221
2016-01-01,42340,"Savannah, GA (Metropolitan Statistical Area)",84.549
2015-01-01,42340,"Savannah, GA (Metropolitan Statistical Area)",84.415
2014-01-01,42340,"Savannah, GA (Metropolitan Statistical Area)",86.039
2013-01-01,42340,"Savannah, GA (Metropolitan Statistical Area)",85.731
2012-01-01,42340,"Savannah, GA (Metropolitan Statistical Area)",93.775
2011-01-01,42340,"Savannah, GA (Metropolitan Statistical Area)",93.225
2010-01-01,42340,"Savannah, GA (Metropolitan Statistical Area)",88.484
2009-01-01,42340,"Savannah, GA (Metropolitan Statistical Area)",89.304
2008-01-01,42340,"Savannah, GA (Metropolitan Statistical Area)",88.929
2024-01-01,42340,"Savannah, GA (Metropolitan Statistical Area)",86.012
2023-01-01,42340,"Savannah, GA (Metropolitan Statistical Area)",89.948
2022-01-01,42340,"Savannah, GA (Metropolitan Statistical Area)",91.266
2021-01-01,42340,"Savannah, GA (Metropolitan Statistical Area)",86.474
2020-01-01,42340,"Savannah, GA (Metropolitan Statistical Area)",80.569
2019-01-01,42340,"Savannah, GA (Metropolitan Statistical Area)",88.776
2019-01-01,42540,"Scranton--Wilkes-Barre, PA (Metropolitan Statistical Area)",65.952
2018-01-01,42540,"Scranton--Wilkes-Barre, PA (Metropolitan Statistical Area)",63.225
2017-01-01,42540,"Scranton--Wilkes-Barre, PA (Metropolitan Statistical Area)",66.456
2016-01-01,42540,"Scranton--Wilkes-Barre, PA (Metropolitan Statistical Area)",70.886
2015-01-01,42540,"Scranton--Wilkes-Barre, PA (Metropolitan Statistical Area)",73.596
2014-01-01,42540,"Scranton--Wilkes-Barre, PA (Metropolitan Statistical Area)",62.637
2013-01-01,42540,"Scranton--Wilkes-Barre, PA (Metropolitan Statistical Area)",69.263
2012-01-01,42540,"Scranton--Wilkes-Barre, PA (Metropolitan Statistical Area)",70.938
2011-01-01,42540,"Scranton--Wilkes-Barre, PA (Metropolitan Statistical Area)",72.431
2010-01-01,42540,"Scranton--Wilkes-Barre, PA (Metropolitan Statistical Area)",67.881
2009-01-01,42540,"Scranton--Wilkes-Barre, PA (Metropolitan Statistical Area)",69.303
2008-01-01,42540,"Scranton--Wilkes-Barre, PA (Metropolitan Statistical Area)",66.495
2024-01-01,42540,"Scranton--Wilkes-Barre, PA (Metropolitan Statistical Area)",66.987
2023-01-01,42540,"Scranton--Wilkes-Barre, PA (Metropolitan Statistical Area)",68.857
2022-01-01,42540,"Scranton--Wilkes-Barre, PA (Metropolitan Statistical Area)",65.001
2021-01-01,42540,"Scranton--Wilkes-Barre, PA (Metropolitan Statistical Area)",68.455
2020-01-01,42540,"Scranton--Wilkes-Barre, PA (Metropolitan Statistical Area)",66.978
2018-01-01,42660,"Seattle-Tacoma-Bellevue, WA (Metropolitan Statistical Area)",159.162
2017-01-01,42660,"Seattle-Tacoma-Bellevue, WA (Metropolitan Statistical Area)",156.702
2016-01-01,42660,"Seattle-Tacoma-Bellevue, WA (Metropolitan Statistical Area)",149.231
2015-01-01,42660,"Seattle-Tacoma-Bellevue, WA (Metropolitan Statistical Area)",143.994
2014-01-01,42660,"Seattle-Tacoma-Bellevue, WA (Metropolitan Statistical Area)",140.399
2013-01-01,42660,"Seattle-Tacoma-Bellevue, WA (Metropolitan Statistical Area)",135.116
2012-01-01,42660,"Seattle-Tacoma-Bellevue, WA (Metropolitan Statistical Area)",134.154
2011-01-01,42660,"Seattle-Tacoma-Bellevue, WA (Metropolitan Statistical Area)",136.597
2010-01-01,42660,"Seattle-Tacoma-Bellevue, WA (Metropolitan Statistical Area)",136.293
2009-01-01,42660,"Seattle-Tacoma-Bellevue, WA (Metropolitan Statistical Area)",137.643
2008-01-01,42660,"Seattle-Tacoma-Bellevue, WA (Metropolitan Statistical Area)",139.175
2024-01-01,42660,"Seattle-Tacoma-Bellevue, WA (Metropolitan Statistical Area)",151.314
2023-01-01,42660,"Seattle-Tacoma-Bellevue, WA (Metropolitan Statistical Area)",151.559
2022-01-01,42660,"Seattle-Tacoma-Bellevue, WA (Metropolitan Statistical Area)",154.728
2021-01-01,42660,"Seattle-Tacoma-Bellevue, WA (Metropolitan Statistical Area)",152.966
2020-01-01,42660,"Seattle-Tacoma-Bellevue, WA (Metropolitan Statistical Area)",156.621
2019-01-01,42660,"Seattle-Tacoma-Bellevue, WA (Metropolitan Statistical Area)",161.596
2019-01-01,42680,"Sebastian-Vero Beach-West Vero Corridor, FL (Metropolitan Statistical Area)",88.560
2018-01-01,42680,"Sebastian-Vero Beach-West Vero Corridor, FL (Metropolitan Statistical Area)",82.011
2017-01-01,42680,"Sebastian-Vero Beach-West Vero Corridor, FL (Metropolitan Statistical Area)",85.853
2016-01-01,42680,"Sebastian-Vero Beach-West Vero Corridor, FL (Metropolitan Statistical Area)",92.546
2015-01-01,42680,"Sebastian-Vero Beach-West Vero Corridor, FL (Metropolitan Statistical Area)",78.788
2014-01-01,42680,"Sebastian-Vero Beach-West Vero Corridor, FL (Metropolitan Statistical Area)",80.048
2013-01-01,42680,"Sebastian-Vero Beach-West Vero Corridor, FL (Metropolitan Statistical Area)",88.016
2012-01-01,42680,"Sebastian-Vero Beach-West Vero Corridor, FL (Metropolitan Statistical Area)",85.285
2011-01-01,42680,"Sebastian-Vero Beach-West Vero Corridor, FL (Metropolitan Statistical Area)",82.752
2010-01-01,42680,"Sebastian-Vero Beach-West Vero Corridor, FL (Metropolitan Statistical Area)",95.274
2009-01-01,42680,"Sebastian-Vero Beach-West Vero Corridor, FL (Metropolitan Statistical Area)",85.919
2008-01-01,42680,"Sebastian-Vero Beach-West Vero Corridor, FL (Metropolitan Statistical Area)",90.145
2024-01-01,42680,"Sebastian-Vero Beach-West Vero Corridor, FL (Metropolitan Statistical Area)",101.635
2023-01-01,42680,"Sebastian-Vero Beach-West Vero Corridor, FL (Metropolitan Statistical Area)",93.404
2022-01-01,42680,"Sebastian-Vero Beach-West Vero Corridor, FL (Metropolitan Statistical Area)",84.884
2021-01-01,42680,"Sebastian-Vero Beach-West Vero Corridor, FL (Metropolitan Statistical Area)",100.198
2020-01-01,42680,"Sebastian-Vero Beach-West Vero Corridor, FL (Metropolitan Statistical Area)",94.405
2008-01-01,42700,"Sebring, FL (Metropolitan Statistical Area)",68.678
2024-01-01,42700,"Sebring, FL (Metropolitan Statistical Area)",73.455
2023-01-01,42700,"Sebring, FL (Metropolitan Statistical Area)",66.597
2022-01-01,42700,"Sebring, FL (Metropolitan Statistical Area)",63.072
2021-01-01,42700,"Sebring, FL (Metropolitan Statistical Area)",62.274
2020-01-01,42700,"Sebring, FL (Metropolitan Statistical Area)",61.694
2019-01-01,42700,"Sebring, FL (Metropolitan Statistical Area)",69.377
2018-01-01,42700,"Sebring, FL (Metropolitan Statistical Area)",63.126
2017-01-01,42700,"Sebring, FL (Metropolitan Statistical Area)",68.345
2016-01-01,42700,"Sebring, FL (Metropolitan Statistical Area)",70.601
2015-01-01,42700,"Sebring, FL (Metropolitan Statistical Area)",65.720
2014-01-01,42700,"Sebring, FL (Metropolitan Statistical Area)",63.577
2013-01-01,42700,"Sebring, FL (Metropolitan Statistical Area)",68.344
2012-01-01,42700,"Sebring, FL (Metropolitan Statistical Area)",70.327
2011-01-01,42700,"Sebring, FL (Metropolitan Statistical Area)",71.283
2010-01-01,42700,"Sebring, FL (Metropolitan Statistical Area)",73.849
2009-01-01,42700,"Sebring, FL (Metropolitan Statistical Area)",78.650
2019-01-01,43100,"Sheboygan, WI (Metropolitan Statistical Area)",70.294
2018-01-01,43100,"Sheboygan, WI (Metropolitan Statistical Area)",72.654
2017-01-01,43100,"Sheboygan, WI (Metropolitan Statistical Area)",80.900
2016-01-01,43100,"Sheboygan, WI (Metropolitan Statistical Area)",77.941
2015-01-01,43100,"Sheboygan, WI (Metropolitan Statistical Area)",77.724
2014-01-01,43100,"Sheboygan, WI (Metropolitan Statistical Area)",74.126
2013-01-01,43100,"Sheboygan, WI (Metropolitan Statistical Area)",79.268
2012-01-01,43100,"Sheboygan, WI (Metropolitan Statistical Area)",73.566
2011-01-01,43100,"Sheboygan, WI (Metropolitan Statistical Area)",92.819
2010-01-01,43100,"Sheboygan, WI (Metropolitan Statistical Area)",78.610
2009-01-01,43100,"Sheboygan, WI (Metropolitan Statistical Area)",77.355
2008-01-01,43100,"Sheboygan, WI (Metropolitan Statistical Area)",77.914
2024-01-01,43100,"Sheboygan, WI (Metropolitan Statistical Area)",80.540
2023-01-01,43100,"Sheboygan, WI (Metropolitan Statistical Area)",67.320
2022-01-01,43100,"Sheboygan, WI (Metropolitan Statistical Area)",66.547
2021-01-01,43100,"Sheboygan, WI (Metropolitan Statistical Area)",76.996
2020-01-01,43100,"Sheboygan, WI (Metropolitan Statistical Area)",80.169
2018-01-01,43300,"Sherman-Denison, TX (Metropolitan Statistical Area)",78.321
2017-01-01,43300,"Sherman-Denison, TX (Metropolitan Statistical Area)",79.721
2016-01-01,43300,"Sherman-Denison, TX (Metropolitan Statistical Area)",78.376
2015-01-01,43300,"Sherman-Denison, TX (Metropolitan Statistical Area)",69.589
2014-01-01,43300,"Sherman-Denison, TX (Metropolitan Statistical Area)",73.195
2013-01-01,43300,"Sherman-Denison, TX (Metropolitan Statistical Area)",72.073
2012-01-01,43300,"Sherman-Denison, TX (Metropolitan Statistical Area)",73.189
2011-01-01,43300,"Sherman-Denison, TX (Metropolitan Statistical Area)",70.063
2010-01-01,43300,"Sherman-Denison, TX (Metropolitan Statistical Area)",79.453
2009-01-01,43300,"Sherman-Denison, TX (Metropolitan Statistical Area)",70.805
2008-01-01,43300,"Sherman-Denison, TX (Metropolitan Statistical Area)",64.560
2024-01-01,43300,"Sherman-Denison, TX (Metropolitan Statistical Area)",89.466
2023-01-01,43300,"Sherman-Denison, TX (Metropolitan Statistical Area)",82.966
2022-01-01,43300,"Sherman-Denison, TX (Metropolitan Statistical Area)",79.655
2021-01-01,43300,"Sherman-Denison, TX (Metropolitan Statistical Area)",74.143
2020-01-01,43300,"Sherman-Denison, TX (Metropolitan Statistical Area)",69.890
2019-01-01,43300,"Sherman-Denison, TX (Metropolitan Statistical Area)",75.067
2019-01-01,43340,"Shreveport-Bossier City, LA (Metropolitan Statistical Area)",65.489
2018-01-01,43340,"Shreveport-Bossier City, LA (Metropolitan Statistical Area)",66.403
2017-01-01,43340,"Shreveport-Bossier City, LA (Metropolitan Statistical Area)",61.711
2016-01-01,43340,"Shreveport-Bossier City, LA (Metropolitan Statistical Area)",67.271
2015-01-01,43340,"Shreveport-Bossier City, LA (Metropolitan Statistical Area)",71.057
2014-01-01,43340,"Shreveport-Bossier City, LA (Metropolitan Statistical Area)",74.465
2013-01-01,43340,"Shreveport-Bossier City, LA (Metropolitan Statistical Area)",65.407
2012-01-01,43340,"Shreveport-Bossier City, LA (Metropolitan Statistical Area)",71.479
2011-01-01,43340,"Shreveport-Bossier City, LA (Metropolitan Statistical Area)",71.596
2010-01-01,43340,"Shreveport-Bossier City, LA (Metropolitan Statistical Area)",63.697
2009-01-01,43340,"Shreveport-Bossier City, LA (Metropolitan Statistical Area)",66.277
2008-01-01,43340,"Shreveport-Bossier City, LA (Metropolitan Statistical Area)",64.549
2024-01-01,43340,"Shreveport-Bossier City, LA (Metropolitan Statistical Area)",52.286
2023-01-01,43340,"Shreveport-Bossier City, LA (Metropolitan Statistical Area)",59.695
2022-01-01,43340,"Shreveport-Bossier City, LA (Metropolitan Statistical Area)",59.650
2021-01-01,43340,"Shreveport-Bossier City, LA (Metropolitan Statistical Area)",64.431
2020-01-01,43340,"Shreveport-Bossier City, LA (Metropolitan Statistical Area)",60.264
2018-01-01,43420,"Sierra Vista-Douglas, AZ (Metropolitan Statistical Area)",65.412
2017-01-01,43420,"Sierra Vista-Douglas, AZ (Metropolitan Statistical Area)",68.683
2016-01-01,43420,"Sierra Vista-Douglas, AZ (Metropolitan Statistical Area)",66.957
2015-01-01,43420,"Sierra Vista-Douglas, AZ (Metropolitan Statistical Area)",67.816
2014-01-01,43420,"Sierra Vista-Douglas, AZ (Metropolitan Statistical Area)",67.645
2013-01-01,43420,"Sierra Vista-Douglas, AZ (Metropolitan Statistical Area)",69.076
2012-01-01,43420,"Sierra Vista-Douglas, AZ (Metropolitan Statistical Area)",78.293
2011-01-01,43420,"Sierra Vista-Douglas, AZ (Metropolitan Statistical Area)",67.145
2010-01-01,43420,"Sierra Vista-Douglas, AZ (Metropolitan Statistical Area)",67.081
2009-01-01,43420,"Sierra Vista-Douglas, AZ (Metropolitan Statistical Area)",67.807
2008-01-01,43420,"Sierra Vista-Douglas, AZ (Metropolitan Statistical Area)",66.654
2024-01-01,43420,"Sierra Vista-Douglas, AZ (Metropolitan Statistical Area)",61.918
2023-01-01,43420,"Sierra Vista-Douglas, AZ (Metropolitan Statistical Area)",63.870
2022-01-01,43420,"Sierra Vista-Douglas, AZ (Metropolitan Statistical Area)",62.740
2021-01-01,43420,"Sierra Vista-Douglas, AZ (Metropolitan Statistical Area)",64.339
2020-01-01,43420,"Sierra Vista-Douglas, AZ (Metropolitan Statistical Area)",64.387
2019-01-01,43420,"Sierra Vista-Douglas, AZ (Metropolitan Statistical Area)",64.761
2019-01-01,43580,"Sioux City, IA-NE-SD (Metropolitan Statistical Area)",71.742
2018-01-01,43580,"Sioux City, IA-NE-SD (Metropolitan Statistical Area)",67.532
2017-01-01,43580,"Sioux City, IA-NE-SD (Metropolitan Statistical Area)",65.521
2016-01-01,43580,"Sioux City, IA-NE-SD (Metropolitan Statistical Area)",65.538
2015-01-01,43580,"Sioux City, IA-NE-SD (Metropolitan Statistical Area)",63.955
2014-01-01,43580,"Sioux City, IA-NE-SD (Metropolitan Statistical Area)",63.443
2013-01-01,43580,"Sioux City, IA-NE-SD (Metropolitan Statistical Area)",64.207
2012-01-01,43580,"Sioux City, IA-NE-SD (Metropolitan Statistical Area)",70.452
2011-01-01,43580,"Sioux City, IA-NE-SD (Metropolitan Statistical Area)",69.992
2010-01-01,43580,"Sioux City, IA-NE-SD (Metropolitan Statistical Area)",72.383
2009-01-01,43580,"Sioux City, IA-NE-SD (Metropolitan Statistical Area)",62.939
2008-01-01,43580,"Sioux City, IA-NE-SD (Metropolitan Statistical Area)",65.562
2024-01-01,43580,"Sioux City, IA-NE-SD (Metropolitan Statistical Area)",57.849
2023-01-01,43580,"Sioux City, IA-NE-SD (Metropolitan Statistical Area)",62.538
2022-01-01,43580,"Sioux City, IA-NE-SD (Metropolitan Statistical Area)",63.179
2021-01-01,43580,"Sioux City, IA-NE-SD (Metropolitan Statistical Area)",65.206
2020-01-01,43580,"Sioux City, IA-NE-SD (Metropolitan Statistical Area)",65.035
2018-01-01,43620,"Sioux Falls, SD-MN (Metropolitan Statistical Area)",87.083
2017-01-01,43620,"Sioux Falls, SD-MN (Metropolitan Statistical Area)",74.685
2016-01-01,43620,"Sioux Falls, SD-MN (Metropolitan Statistical Area)",81.257
2015-01-01,43620,"Sioux Falls, SD-MN (Metropolitan Statistical Area)",79.231
2014-01-01,43620,"Sioux Falls, SD-MN (Metropolitan Statistical Area)",80.726
2013-01-01,43620,"Sioux Falls, SD-MN (Metropolitan Statistical Area)",76.295
2012-01-01,43620,"Sioux Falls, SD-MN (Metropolitan Statistical Area)",79.659
2011-01-01,43620,"Sioux Falls, SD-MN (Metropolitan Statistical Area)",78.924
2010-01-01,43620,"Sioux Falls, SD-MN (Metropolitan Statistical Area)",85.897
2009-01-01,43620,"Sioux Falls, SD-MN (Metropolitan Statistical Area)",69.338
2008-01-01,43620,"Sioux Falls, SD-MN (Metropolitan Statistical Area)",78.831
2024-01-01,43620,"Sioux Falls, SD-MN (Metropolitan Statistical Area)",77.605
2023-01-01,43620,"Sioux Falls, SD-MN (Metropolitan Statistical Area)",73.698
2022-01-01,43620,"Sioux Falls, SD-MN (Metropolitan Statistical Area)",76.624
2021-01-01,43620,"Sioux Falls, SD-MN (Metropolitan Statistical Area)",78.392
2020-01-01,43620,"Sioux Falls, SD-MN (Metropolitan Statistical Area)",74.111
2019-01-01,43620,"Sioux Falls, SD-MN (Metropolitan Statistical Area)",84.183
2019-01-01,43640,"Slidell-Mandeville-Covington, LA (Metropolitan Statistical Area)",96.142
2018-01-01,43640,"Slidell-Mandeville-Covington, LA (Metropolitan Statistical Area)",86.294
2017-01-01,43640,"Slidell-Mandeville-Covington, LA (Metropolitan Statistical Area)",101.072
2016-01-01,43640,"Slidell-Mandeville-Covington, LA (Metropolitan Statistical Area)",93.353
2015-01-01,43640,"Slidell-Mandeville-Covington, LA (Metropolitan Statistical Area)",91.741
2014-01-01,43640,"Slidell-Mandeville-Covington, LA (Metropolitan Statistical Area)",91.660
2013-01-01,43640,"Slidell-Mandeville-Covington, LA (Metropolitan Statistical Area)",101.679
2012-01-01,43640,"Slidell-Mandeville-Covington, LA (Metropolitan Statistical Area)",92.444
2011-01-01,43640,"Slidell-Mandeville-Covington, LA (Metropolitan Statistical Area)",90.968
2010-01-01,43640,"Slidell-Mandeville-Covington, LA (Metropolitan Statistical Area)",86.135
2009-01-01,43640,"Slidell-Mandeville-Covington, LA (Metropolitan Statistical Area)",95.772
2008-01-01,43640,"Slidell-Mandeville-Covington, LA (Metropolitan Statistical Area)",92.392
2024-01-01,43640,"Slidell-Mandeville-Covington, LA (Metropolitan Statistical Area)",85.449
2023-01-01,43640,"Slidell-Mandeville-Covington, LA (Metropolitan Statistical Area)",86.886
2022-01-01,43640,"Slidell-Mandeville-Covington, LA (Metropolitan Statistical Area)",80.068
2021-01-01,43640,"Slidell-Mandeville-Covington, LA (Metropolitan Statistical Area)",78.187
2020-01-01,43640,"Slidell-Mandeville-Covington, LA (Metropolitan Statistical Area)",89.818
2018-01-01,43780,"South Bend-Mishawaka, IN-MI (Metropolitan Statistical Area)",70.486
2017-01-01,43780,"South Bend-Mishawaka, IN-MI (Metropolitan Statistical Area)",64.480
2016-01-01,43780,"South Bend-Mishawaka, IN-MI (Metropolitan Statistical Area)",72.932
2015-01-01,43780,"South Bend-Mishawaka, IN-MI (Metropolitan Statistical Area)",70.486
2014-01-01,43780,"South Bend-Mishawaka, IN-MI (Metropolitan Statistical Area)",71.554
2013-01-01,43780,"South Bend-Mishawaka, IN-MI (Metropolitan Statistical Area)",74.608
2012-01-01,43780,"South Bend-Mishawaka, IN-MI (Metropolitan Statistical Area)",66.223
2011-01-01,43780,"South Bend-Mishawaka, IN-MI (Metropolitan Statistical Area)",78.252
2010-01-01,43780,"South Bend-Mishawaka, IN-MI (Metropolitan Statistical Area)",76.048
2009-01-01,43780,"South Bend-Mishawaka, IN-MI (Metropolitan Statistical Area)",75.843
2008-01-01,43780,"South Bend-Mishawaka, IN-MI (Metropolitan Statistical Area)",74.963
2024-01-01,43780,"South Bend-Mishawaka, IN-MI (Metropolitan Statistical Area)",74.586
2023-01-01,43780,"South Bend-Mishawaka, IN-MI (Metropolitan Statistical Area)",71.496
2022-01-01,43780,"South Bend-Mishawaka, IN-MI (Metropolitan Statistical Area)",76.551
2021-01-01,43780,"South Bend-Mishawaka, IN-MI (Metropolitan Statistical Area)",69.584
2020-01-01,43780,"South Bend-Mishawaka, IN-MI (Metropolitan Statistical Area)",73.242
2019-01-01,43780,"South Bend-Mishawaka, IN-MI (Metropolitan Statistical Area)",70.371
2024-01-01,43900,"Spartanburg, SC (Metropolitan Statistical Area)",68.007
2023-01-01,43900,"Spartanburg, SC (Metropolitan Statistical Area)",67.602
2022-01-01,43900,"Spartanburg, SC (Metropolitan Statistical Area)",67.233
2021-01-01,43900,"Spartanburg, SC (Metropolitan Statistical Area)",67.876
2020-01-01,43900,"Spartanburg, SC (Metropolitan Statistical Area)",65.511
2019-01-01,43900,"Spartanburg, SC (Metropolitan Statistical Area)",65.789
2018-01-01,43900,"Spartanburg, SC (Metropolitan Statistical Area)",61.993
2017-01-01,43900,"Spartanburg, SC (Metropolitan Statistical Area)",67.933
2016-01-01,43900,"Spartanburg, SC (Metropolitan Statistical Area)",68.593
2015-01-01,43900,"Spartanburg, SC (Metropolitan Statistical Area)",64.205
2014-01-01,43900,"Spartanburg, SC (Metropolitan Statistical Area)",66.459
2013-01-01,43900,"Spartanburg, SC (Metropolitan Statistical Area)",61.589
2012-01-01,43900,"Spartanburg, SC (Metropolitan Statistical Area)",67.903
2011-01-01,43900,"Spartanburg, SC (Metropolitan Statistical Area)",67.237
2010-01-01,43900,"Spartanburg, SC (Metropolitan Statistical Area)",62.433
2009-01-01,43900,"Spartanburg, SC (Metropolitan Statistical Area)",70.719
2008-01-01,43900,"Spartanburg, SC (Metropolitan Statistical Area)",67.912
2023-01-01,44060,"Spokane-Spokane Valley, WA (Metropolitan Statistical Area)",93.607
2022-01-01,44060,"Spokane-Spokane Valley, WA (Metropolitan Statistical Area)",92.094
2021-01-01,44060,"Spokane-Spokane Valley, WA (Metropolitan Statistical Area)",86.859
2020-01-01,44060,"Spokane-Spokane Valley, WA (Metropolitan Statistical Area)",86.156
2019-01-01,44060,"Spokane-Spokane Valley, WA (Metropolitan Statistical Area)",86.652
2018-01-01,44060,"Spokane-Spokane Valley, WA (Metropolitan Statistical Area)",86.569
2017-01-01,44060,"Spokane-Spokane Valley, WA (Metropolitan Statistical Area)",85.851
2016-01-01,44060,"Spokane-Spokane Valley, WA (Metropolitan Statistical Area)",88.460
2015-01-01,44060,"Spokane-Spokane Valley, WA (Metropolitan Statistical Area)",85.817
2014-01-01,44060,"Spokane-Spokane Valley, WA (Metropolitan Statistical Area)",84.674
2013-01-01,44060,"Spokane-Spokane Valley, WA (Metropolitan Statistical Area)",88.540
2012-01-01,44060,"Spokane-Spokane Valley, WA (Metropolitan Statistical Area)",85.038
2011-01-01,44060,"Spokane-Spokane Valley, WA (Metropolitan Statistical Area)",79.988
2010-01-01,44060,"Spokane-Spokane Valley, WA (Metropolitan Statistical Area)",88.393
2009-01-01,44060,"Spokane-Spokane Valley, WA (Metropolitan Statistical Area)",90.085
2008-01-01,44060,"Spokane-Spokane Valley, WA (Metropolitan Statistical Area)",89.525
2024-01-01,44060,"Spokane-Spokane Valley, WA (Metropolitan Statistical Area)",97.059
2024-01-01,44100,"Springfield, IL (Metropolitan Statistical Area)",71.616
2023-01-01,44100,"Springfield, IL (Metropolitan Statistical Area)",65.217
2022-01-01,44100,"Springfield, IL (Metropolitan Statistical Area)",65.183
2021-01-01,44100,"Springfield, IL (Metropolitan Statistical Area)",67.328
2020-01-01,44100,"Springfield, IL (Metropolitan Statistical Area)",67.524
2019-01-01,44100,"Springfield, IL (Metropolitan Statistical Area)",66.006
2018-01-01,44100,"Springfield, IL (Metropolitan Statistical Area)",74.048
2017-01-01,44100,"Springfield, IL (Metropolitan Statistical Area)",68.880
2016-01-01,44100,"Springfield, IL (Metropolitan Statistical Area)",73.490
2015-01-01,44100,"Springfield, IL (Metropolitan Statistical Area)",71.867
2014-01-01,44100,"Springfield, IL (Metropolitan Statistical Area)",69.558
2013-01-01,44100,"Springfield, IL (Metropolitan Statistical Area)",74.137
2012-01-01,44100,"Springfield, IL (Metropolitan Statistical Area)",74.698
2011-01-01,44100,"Springfield, IL (Metropolitan Statistical Area)",69.492
2010-01-01,44100,"Springfield, IL (Metropolitan Statistical Area)",72.615
2009-01-01,44100,"Springfield, IL (Metropolitan Statistical Area)",70.842
2008-01-01,44100,"Springfield, IL (Metropolitan Statistical Area)",73.970
2018-01-01,44140,"Springfield, MA (Metropolitan Statistical Area)",78.441
2017-01-01,44140,"Springfield, MA (Metropolitan Statistical Area)",82.275
2016-01-01,44140,"Springfield, MA (Metropolitan Statistical Area)",87.311
2015-01-01,44140,"Springfield, MA (Metropolitan Statistical Area)",90.746
2014-01-01,44140,"Springfield, MA (Metropolitan Statistical Area)",97.706
2013-01-01,44140,"Springfield, MA (Metropolitan Statistical Area)",104.187
2012-01-01,44140,"Springfield, MA (Metropolitan Statistical Area)",87.903
2011-01-01,44140,"Springfield, MA (Metropolitan Statistical Area)",87.888
2010-01-01,44140,"Springfield, MA (Metropolitan Statistical Area)",92.585
2009-01-01,44140,"Springfield, MA (Metropolitan Statistical Area)",99.401
2008-01-01,44140,"Springfield, MA (Metropolitan Statistical Area)",86.216
2024-01-01,44140,"Springfield, MA (Metropolitan Statistical Area)",75.781
2023-01-01,44140,"Springfield, MA (Metropolitan Statistical Area)",78.493
2022-01-01,44140,"Springfield, MA (Metropolitan Statistical Area)",73.487
2021-01-01,44140,"Springfield, MA (Metropolitan Statistical Area)",85.499
2020-01-01,44140,"Springfield, MA (Metropolitan Statistical Area)",86.162
2019-01-01,44140,"Springfield, MA (Metropolitan Statistical Area)",81.829
2019-01-01,44180,"Springfield, MO (Metropolitan Statistical Area)",62.815
2018-01-01,44180,"Springfield, MO (Metropolitan Statistical Area)",63.808
2017-01-01,44180,"Springfield, MO (Metropolitan Statistical Area)",61.113
2016-01-01,44180,"Springfield, MO (Metropolitan Statistical Area)",63.000
2015-01-01,44180,"Springfield, MO (Metropolitan Statistical Area)",67.912
2014-01-01,44180,"Springfield, MO (Metropolitan Statistical Area)",62.960
2013-01-01,44180,"Springfield, MO (Metropolitan Statistical Area)",67.142
2012-01-01,44180,"Springfield, MO (Metropolitan Statistical Area)",66.078
2011-01-01,44180,"Springfield, MO (Metropolitan Statistical Area)",66.677
2010-01-01,44180,"Springfield, MO (Metropolitan Statistical Area)",70.966
2009-01-01,44180,"Springfield, MO (Metropolitan Statistical Area)",69.281
2008-01-01,44180,"Springfield, MO (Metropolitan Statistical Area)",65.359
2024-01-01,44180,"Springfield, MO (Metropolitan Statistical Area)",65.568
2023-01-01,44180,"Springfield, MO (Metropolitan Statistical Area)",68.119
2022-01-01,44180,"Springfield, MO (Metropolitan Statistical Area)",59.604
2021-01-01,44180,"Springfield, MO (Metropolitan Statistical Area)",63.008
2020-01-01,44180,"Springfield, MO (Metropolitan Statistical Area)",59.138
2023-01-01,44220,"Springfield, OH (Metropolitan Statistical Area)",58.596
2022-01-01,44220,"Springfield, OH (Metropolitan Statistical Area)",59.243
2021-01-01,44220,"Springfield, OH (Metropolitan Statistical Area)",48.970
2020-01-01,44220,"Springfield, OH (Metropolitan Statistical Area)",61.955
2019-01-01,44220,"Springfield, OH (Metropolitan Statistical Area)",66.405
2018-01-01,44220,"Springfield, OH (Metropolitan Statistical Area)",62.353
2017-01-01,44220,"Springfield, OH (Metropolitan Statistical Area)",59.995
2016-01-01,44220,"Springfield, OH (Metropolitan Statistical Area)",63.925
2015-01-01,44220,"Springfield, OH (Metropolitan Statistical Area)",65.098
2014-01-01,44220,"Springfield, OH (Metropolitan Statistical Area)",69.507
2013-01-01,44220,"Springfield, OH (Metropolitan Statistical Area)",63.157
2012-01-01,44220,"Springfield, OH (Metropolitan Statistical Area)",69.593
2011-01-01,44220,"Springfield, OH (Metropolitan Statistical Area)",72.571
2010-01-01,44220,"Springfield, OH (Metropolitan Statistical Area)",67.124
2009-01-01,44220,"Springfield, OH (Metropolitan Statistical Area)",68.955
2008-01-01,44220,"Springfield, OH (Metropolitan Statistical Area)",61.173
2024-01-01,44220,"Springfield, OH (Metropolitan Statistical Area)",61.726
2024-01-01,44300,"State College, PA (Metropolitan Statistical Area)",85.688
2015-01-01,44300,"State College, PA (Metropolitan Statistical Area)",95.866
2014-01-01,44300,"State College, PA (Metropolitan Statistical Area)",92.446
2013-01-01,44300,"State College, PA (Metropolitan Statistical Area)",93.893
2012-01-01,44300,"State College, PA (Metropolitan Statistical Area)",88.218
2011-01-01,44300,"State College, PA (Metropolitan Statistical Area)",95.530
2010-01-01,44300,"State College, PA (Metropolitan Statistical Area)",98.134
2009-01-01,44300,"State College, PA (Metropolitan Statistical Area)",85.477
2008-01-01,44300,"State College, PA (Metropolitan Statistical Area)",87.766
2023-01-01,44300,"State College, PA (Metropolitan Statistical Area)",72.510
2022-01-01,44300,"State College, PA (Metropolitan Statistical Area)",91.773
2021-01-01,44300,"State College, PA (Metropolitan Statistical Area)",81.524
2020-01-01,44300,"State College, PA (Metropolitan Statistical Area)",92.259
2019-01-01,44300,"State College, PA (Metropolitan Statistical Area)",88.350
2018-01-01,44300,"State College, PA (Metropolitan Statistical Area)",91.329
2017-01-01,44300,"State College, PA (Metropolitan Statistical Area)",104.618
2016-01-01,44300,"State College, PA (Metropolitan Statistical Area)",108.287
2018-01-01,44420,"Staunton-Stuarts Draft, VA (Metropolitan Statistical Area)",76.836
2017-01-01,44420,"Staunton-Stuarts Draft, VA (Metropolitan Statistical Area)",72.755
2016-01-01,44420,"Staunton-Stuarts Draft, VA (Metropolitan Statistical Area)",53.627
2015-01-01,44420,"Staunton-Stuarts Draft, VA (Metropolitan Statistical Area)",77.918
2014-01-01,44420,"Staunton-Stuarts Draft, VA (Metropolitan Statistical Area)",75.209
2013-01-01,44420,"Staunton-Stuarts Draft, VA (Metropolitan Statistical Area)",73.012
2012-01-01,44420,"Staunton-Stuarts Draft, VA (Metropolitan Statistical Area)",73.320
2011-01-01,44420,"Staunton-Stuarts Draft, VA (Metropolitan Statistical Area)",67.685
2010-01-01,44420,"Staunton-Stuarts Draft, VA (Metropolitan Statistical Area)",67.375
2009-01-01,44420,"Staunton-Stuarts Draft, VA (Metropolitan Statistical Area)",68.709
2008-01-01,44420,"Staunton-Stuarts Draft, VA (Metropolitan Statistical Area)",73.961
2024-01-01,44420,"Staunton-Stuarts Draft, VA (Metropolitan Statistical Area)",68.232
2023-01-01,44420,"Staunton-Stuarts Draft, VA (Metropolitan Statistical Area)",75.217
2022-01-01,44420,"Staunton-Stuarts Draft, VA (Metropolitan Statistical Area)",68.041
2021-01-01,44420,"Staunton-Stuarts Draft, VA (Metropolitan Statistical Area)",73.137
2020-01-01,44420,"Staunton-Stuarts Draft, VA (Metropolitan Statistical Area)",63.510
2019-01-01,44420,"Staunton-Stuarts Draft, VA (Metropolitan Statistical Area)",70.091
2019-01-01,44700,"Stockton-Lodi, CA (Metropolitan Statistical Area)",118.606
2018-01-01,44700,"Stockton-Lodi, CA (Metropolitan Statistical Area)",112.975
2017-01-01,44700,"Stockton-Lodi, CA (Metropolitan Statistical Area)",113.283
2016-01-01,44700,"Stockton-Lodi, CA (Metropolitan Statistical Area)",113.629
2015-01-01,44700,"Stockton-Lodi, CA (Metropolitan Statistical Area)",108.865
2014-01-01,44700,"Stockton-Lodi, CA (Metropolitan Statistical Area)",115.611
2013-01-01,44700,"Stockton-Lodi, CA (Metropolitan Statistical Area)",110.819
2012-01-01,44700,"Stockton-Lodi, CA (Metropolitan Statistical Area)",114.469
2011-01-01,44700,"Stockton-Lodi, CA (Metropolitan Statistical Area)",114.024
2010-01-01,44700,"Stockton-Lodi, CA (Metropolitan Statistical Area)",116.672
2009-01-01,44700,"Stockton-Lodi, CA (Metropolitan Statistical Area)",122.698
2008-01-01,44700,"Stockton-Lodi, CA (Metropolitan Statistical Area)",119.721
2024-01-01,44700,"Stockton-Lodi, CA (Metropolitan Statistical Area)",115.614
2023-01-01,44700,"Stockton-Lodi, CA (Metropolitan Statistical Area)",120.137
2022-01-01,44700,"Stockton-Lodi, CA (Metropolitan Statistical Area)",119.296
2021-01-01,44700,"Stockton-Lodi, CA (Metropolitan Statistical Area)",118.032
2020-01-01,44700,"Stockton-Lodi, CA (Metropolitan Statistical Area)",118.803
2023-01-01,44940,"Sumter, SC (Metropolitan Statistical Area)",53.914
2022-01-01,44940,"Sumter, SC (Metropolitan Statistical Area)",65.512
2021-01-01,44940,"Sumter, SC (Metropolitan Statistical Area)",50.104
2020-01-01,44940,"Sumter, SC (Metropolitan Statistical Area)",46.007
2019-01-01,44940,"Sumter, SC (Metropolitan Statistical Area)",52.676
2018-01-01,44940,"Sumter, SC (Metropolitan Statistical Area)",56.976
2017-01-01,44940,"Sumter, SC (Metropolitan Statistical Area)",58.358
2016-01-01,44940,"Sumter, SC (Metropolitan Statistical Area)",52.015
2015-01-01,44940,"Sumter, SC (Metropolitan Statistical Area)",57.817
2014-01-01,44940,"Sumter, SC (Metropolitan Statistical Area)",59.166
2013-01-01,44940,"Sumter, SC (Metropolitan Statistical Area)",59.501
2012-01-01,44940,"Sumter, SC (Metropolitan Statistical Area)",54.683
2011-01-01,44940,"Sumter, SC (Metropolitan Statistical Area)",73.082
2010-01-01,44940,"Sumter, SC (Metropolitan Statistical Area)",67.284
2009-01-01,44940,"Sumter, SC (Metropolitan Statistical Area)",54.952
2008-01-01,44940,"Sumter, SC (Metropolitan Statistical Area)",59.179
2024-01-01,44940,"Sumter, SC (Metropolitan Statistical Area)",60.833
2019-01-01,45060,"Syracuse, NY (Metropolitan Statistical Area)",78.146
2018-01-01,45060,"Syracuse, NY (Metropolitan Statistical Area)",86.901
2017-01-01,45060,"Syracuse, NY (Metropolitan Statistical Area)",84.589
2016-01-01,45060,"Syracuse, NY (Metropolitan Statistical Area)",88.783
2015-01-01,45060,"Syracuse, NY (Metropolitan Statistical Area)",90.693
2014-01-01,45060,"Syracuse, NY (Metropolitan Statistical Area)",82.345
2013-01-01,45060,"Syracuse, NY (Metropolitan Statistical Area)",79.038
2012-01-01,45060,"Syracuse, NY (Metropolitan Statistical Area)",78.733
2011-01-01,45060,"Syracuse, NY (Metropolitan Statistical Area)",88.579
2010-01-01,45060,"Syracuse, NY (Metropolitan Statistical Area)",86.513
2009-01-01,45060,"Syracuse, NY (Metropolitan Statistical Area)",81.067
2008-01-01,45060,"Syracuse, NY (Metropolitan Statistical Area)",81.645
2024-01-01,45060,"Syracuse, NY (Metropolitan Statistical Area)",80.656
2023-01-01,45060,"Syracuse, NY (Metropolitan Statistical Area)",79.584
2022-01-01,45060,"Syracuse, NY (Metropolitan Statistical Area)",76.144
2021-01-01,45060,"Syracuse, NY (Metropolitan Statistical Area)",83.465
2020-01-01,45060,"Syracuse, NY (Metropolitan Statistical Area)",79.692
2019-01-01,45220,"Tallahassee, FL (Metropolitan Statistical Area)",81.035
2018-01-01,45220,"Tallahassee, FL (Metropolitan Statistical Area)",77.430
2017-01-01,45220,"Tallahassee, FL (Metropolitan Statistical Area)",87.989
2016-01-01,45220,"Tallahassee, FL (Metropolitan Statistical Area)",87.018
2015-01-01,45220,"Tallahassee, FL (Metropolitan Statistical Area)",81.681
2014-01-01,45220,"Tallahassee, FL (Metropolitan Statistical Area)",83.194
2013-01-01,45220,"Tallahassee, FL (Metropolitan Statistical Area)",83.998
2012-01-01,45220,"Tallahassee, FL (Metropolitan Statistical Area)",89.743
2011-01-01,45220,"Tallahassee, FL (Metropolitan Statistical Area)",88.061
2010-01-01,45220,"Tallahassee, FL (Metropolitan Statistical Area)",84.474
2009-01-01,45220,"Tallahassee, FL (Metropolitan Statistical Area)",84.876
2008-01-01,45220,"Tallahassee, FL (Metropolitan Statistical Area)",85.415
2024-01-01,45220,"Tallahassee, FL (Metropolitan Statistical Area)",78.528
2023-01-01,45220,"Tallahassee, FL (Metropolitan Statistical Area)",82.856
2022-01-01,45220,"Tallahassee, FL (Metropolitan Statistical Area)",77.690
2021-01-01,45220,"Tallahassee, FL (Metropolitan Statistical Area)",80.517
2020-01-01,45220,"Tallahassee, FL (Metropolitan Statistical Area)",72.126
2019-01-01,45300,"Tampa-St. Petersburg-Clearwater, FL (Metropolitan Statistical Area)",106.744
2018-01-01,45300,"Tampa-St. Petersburg-Clearwater, FL (Metropolitan Statistical Area)",107.160
2017-01-01,45300,"Tampa-St. Petersburg-Clearwater, FL (Metropolitan Statistical Area)",107.133
2016-01-01,45300,"Tampa-St. Petersburg-Clearwater, FL (Metropolitan Statistical Area)",105.151
2015-01-01,45300,"Tampa-St. Petersburg-Clearwater, FL (Metropolitan Statistical Area)",103.832
2014-01-01,45300,"Tampa-St. Petersburg-Clearwater, FL (Metropolitan Statistical Area)",105.938
2013-01-01,45300,"Tampa-St. Petersburg-Clearwater, FL (Metropolitan Statistical Area)",105.469
2012-01-01,45300,"Tampa-St. Petersburg-Clearwater, FL (Metropolitan Statistical Area)",106.636
2011-01-01,45300,"Tampa-St. Petersburg-Clearwater, FL (Metropolitan Statistical Area)",105.712
2010-01-01,45300,"Tampa-St. Petersburg-Clearwater, FL (Metropolitan Statistical Area)",108.140
2009-01-01,45300,"Tampa-St. Petersburg-Clearwater, FL (Metropolitan Statistical Area)",110.718
2008-01-01,45300,"Tampa-St. Petersburg-Clearwater, FL (Metropolitan Statistical Area)",111.261
2024-01-01,45300,"Tampa-St. Petersburg-Clearwater, FL (Metropolitan Statistical Area)",125.839
2023-01-01,45300,"Tampa-St. Petersburg-Clearwater, FL (Metropolitan Statistical Area)",123.455
2022-01-01,45300,"Tampa-St. Petersburg-Clearwater, FL (Metropolitan Statistical Area)",118.555
2021-01-01,45300,"Tampa-St. Petersburg-Clearwater, FL (Metropolitan Statistical Area)",111.337
2020-01-01,45300,"Tampa-St. Petersburg-Clearwater, FL (Metropolitan Statistical Area)",115.311
2018-01-01,45460,"Terre Haute, IN (Metropolitan Statistical Area)",61.209
2017-01-01,45460,"Terre Haute, IN (Metropolitan Statistical Area)",60.692
2016-01-01,45460,"Terre Haute, IN (Metropolitan Statistical Area)",56.738
2015-01-01,45460,"Terre Haute, IN (Metropolitan Statistical Area)",57.737
2014-01-01,45460,"Terre Haute, IN (Metropolitan Statistical Area)",65.220
2013-01-01,45460,"Terre Haute, IN (Metropolitan Statistical Area)",67.911
2012-01-01,45460,"Terre Haute, IN (Metropolitan Statistical Area)",59.893
2011-01-01,45460,"Terre Haute, IN (Metropolitan Statistical Area)",63.388
2010-01-01,45460,"Terre Haute, IN (Metropolitan Statistical Area)",69.066
2009-01-01,45460,"Terre Haute, IN (Metropolitan Statistical Area)",58.781
2008-01-01,45460,"Terre Haute, IN (Metropolitan Statistical Area)",58.976
2024-01-01,45460,"Terre Haute, IN (Metropolitan Statistical Area)",51.923
2023-01-01,45460,"Terre Haute, IN (Metropolitan Statistical Area)",56.801
2022-01-01,45460,"Terre Haute, IN (Metropolitan Statistical Area)",54.697
2021-01-01,45460,"Terre Haute, IN (Metropolitan Statistical Area)",54.985
2020-01-01,45460,"Terre Haute, IN (Metropolitan Statistical Area)",57.544
2019-01-01,45460,"Terre Haute, IN (Metropolitan Statistical Area)",58.497
2024-01-01,45500,"Texarkana, TX-AR (Metropolitan Statistical Area)",49.885
2023-01-01,45500,"Texarkana, TX-AR (Metropolitan Statistical Area)",54.724
2022-01-01,45500,"Texarkana, TX-AR (Metropolitan Statistical Area)",50.505
2021-01-01,45500,"Texarkana, TX-AR (Metropolitan Statistical Area)",58.452
2020-01-01,45500,"Texarkana, TX-AR (Metropolitan Statistical Area)",56.281
2019-01-01,45500,"Texarkana, TX-AR (Metropolitan Statistical Area)",55.989
2018-01-01,45500,"Texarkana, TX-AR (Metropolitan Statistical Area)",55.881
2017-01-01,45500,"Texarkana, TX-AR (Metropolitan Statistical Area)",54.431
2016-01-01,45500,"Texarkana, TX-AR (Metropolitan Statistical Area)",57.257
2015-01-01,45500,"Texarkana, TX-AR (Metropolitan Statistical Area)",59.410
2014-01-01,45500,"Texarkana, TX-AR (Metropolitan Statistical Area)",55.654
2013-01-01,45500,"Texarkana, TX-AR (Metropolitan Statistical Area)",54.191
2012-01-01,45500,"Texarkana, TX-AR (Metropolitan Statistical Area)",59.573
2011-01-01,45500,"Texarkana, TX-AR (Metropolitan Statistical Area)",60.843
2010-01-01,45500,"Texarkana, TX-AR (Metropolitan Statistical Area)",55.883
2009-01-01,45500,"Texarkana, TX-AR (Metropolitan Statistical Area)",53.677
2008-01-01,45500,"Texarkana, TX-AR (Metropolitan Statistical Area)",54.972
2018-01-01,45780,"Toledo, OH (Metropolitan Statistical Area)",73.352
2017-01-01,45780,"Toledo, OH (Metropolitan Statistical Area)",74.069
2016-01-01,45780,"Toledo, OH (Metropolitan Statistical Area)",74.353
2015-01-01,45780,"Toledo, OH (Metropolitan Statistical Area)",72.817
2014-01-01,45780,"Toledo, OH (Metropolitan Statistical Area)",75.933
2013-01-01,45780,"Toledo, OH (Metropolitan Statistical Area)",70.972
2012-01-01,45780,"Toledo, OH (Metropolitan Statistical Area)",70.999
2011-01-01,45780,"Toledo, OH (Metropolitan Statistical Area)",80.097
2010-01-01,45780,"Toledo, OH (Metropolitan Statistical Area)",74.657
2009-01-01,45780,"Toledo, OH (Metropolitan Statistical Area)",71.200
2008-01-01,45780,"Toledo, OH (Metropolitan Statistical Area)",79.571
2024-01-01,45780,"Toledo, OH (Metropolitan Statistical Area)",67.317
2023-01-01,45780,"Toledo, OH (Metropolitan Statistical Area)",66.420
2022-01-01,45780,"Toledo, OH (Metropolitan Statistical Area)",68.129
2021-01-01,45780,"Toledo, OH (Metropolitan Statistical Area)",63.925
2020-01-01,45780,"Toledo, OH (Metropolitan Statistical Area)",69.919
2019-01-01,45780,"Toledo, OH (Metropolitan Statistical Area)",70.519
2019-01-01,45820,"Topeka, KS (Metropolitan Statistical Area)",63.185
2018-01-01,45820,"Topeka, KS (Metropolitan Statistical Area)",69.407
2017-01-01,45820,"Topeka, KS (Metropolitan Statistical Area)",66.556
2016-01-01,45820,"Topeka, KS (Metropolitan Statistical Area)",66.744
2015-01-01,45820,"Topeka, KS (Metropolitan Statistical Area)",68.628
2014-01-01,45820,"Topeka, KS (Metropolitan Statistical Area)",73.033
2013-01-01,45820,"Topeka, KS (Metropolitan Statistical Area)",69.353
2012-01-01,45820,"Topeka, KS (Metropolitan Statistical Area)",70.794
2011-01-01,45820,"Topeka, KS (Metropolitan Statistical Area)",75.800
2010-01-01,45820,"Topeka, KS (Metropolitan Statistical Area)",73.672
2009-01-01,45820,"Topeka, KS (Metropolitan Statistical Area)",72.739
2008-01-01,45820,"Topeka, KS (Metropolitan Statistical Area)",70.237
2024-01-01,45820,"Topeka, KS (Metropolitan Statistical Area)",64.987
2023-01-01,45820,"Topeka, KS (Metropolitan Statistical Area)",53.376
2022-01-01,45820,"Topeka, KS (Metropolitan Statistical Area)",59.538
2021-01-01,45820,"Topeka, KS (Metropolitan Statistical Area)",61.905
2020-01-01,45820,"Topeka, KS (Metropolitan Statistical Area)",63.670
2023-01-01,45900,"Traverse City, MI (Metropolitan Statistical Area)",69.523
2022-01-01,45900,"Traverse City, MI (Metropolitan Statistical Area)",83.801
2021-01-01,45900,"Traverse City, MI (Metropolitan Statistical Area)",81.385
2020-01-01,45900,"Traverse City, MI (Metropolitan Statistical Area)",70.750
2019-01-01,45900,"Traverse City, MI (Metropolitan Statistical Area)",79.472
2018-01-01,45900,"Traverse City, MI (Metropolitan Statistical Area)",77.958
2017-01-01,45900,"Traverse City, MI (Metropolitan Statistical Area)",80.499
2016-01-01,45900,"Traverse City, MI (Metropolitan Statistical Area)",80.541
2015-01-01,45900,"Traverse City, MI (Metropolitan Statistical Area)",84.806
2014-01-01,45900,"Traverse City, MI (Metropolitan Statistical Area)",74.247
2013-01-01,45900,"Traverse City, MI (Metropolitan Statistical Area)",75.009
2012-01-01,45900,"Traverse City, MI (Metropolitan Statistical Area)",79.804
2011-01-01,45900,"Traverse City, MI (Metropolitan Statistical Area)",71.302
2010-01-01,45900,"Traverse City, MI (Metropolitan Statistical Area)",93.370
2009-01-01,45900,"Traverse City, MI (Metropolitan Statistical Area)",84.555
2008-01-01,45900,"Traverse City, MI (Metropolitan Statistical Area)",80.832
2024-01-01,45900,"Traverse City, MI (Metropolitan Statistical Area)",78.146
2024-01-01,45940,"Trenton-Princeton, NJ (Metropolitan Statistical Area)",135.082
2023-01-01,45940,"Trenton-Princeton, NJ (Metropolitan Statistical Area)",128.061
2022-01-01,45940,"Trenton-Princeton, NJ (Metropolitan Statistical Area)",127.278
2021-01-01,45940,"Trenton-Princeton, NJ (Metropolitan Statistical Area)",126.750
2020-01-01,45940,"Trenton-Princeton, NJ (Metropolitan Statistical Area)",137.181
2019-01-01,45940,"Trenton-Princeton, NJ (Metropolitan Statistical Area)",146.705
2018-01-01,45940,"Trenton-Princeton, NJ (Metropolitan Statistical Area)",139.332
2017-01-01,45940,"Trenton-Princeton, NJ (Metropolitan Statistical Area)",142.484
2016-01-01,45940,"Trenton-Princeton, NJ (Metropolitan Statistical Area)",139.497
2015-01-01,45940,"Trenton-Princeton, NJ (Metropolitan Statistical Area)",135.688
2014-01-01,45940,"Trenton-Princeton, NJ (Metropolitan Statistical Area)",153.867
2013-01-01,45940,"Trenton-Princeton, NJ (Metropolitan Statistical Area)",141.555
2012-01-01,45940,"Trenton-Princeton, NJ (Metropolitan Statistical Area)",140.664
2011-01-01,45940,"Trenton-Princeton, NJ (Metropolitan Statistical Area)",127.736
2010-01-01,45940,"Trenton-Princeton, NJ (Metropolitan Statistical Area)",139.436
2009-01-01,45940,"Trenton-Princeton, NJ (Metropolitan Statistical Area)",145.293
2008-01-01,45940,"Trenton-Princeton, NJ (Metropolitan Statistical Area)",132.995
2018-01-01,46060,"Tucson, AZ (Metropolitan Statistical Area)",89.073
2017-01-01,46060,"Tucson, AZ (Metropolitan Statistical Area)",84.328
2016-01-01,46060,"Tucson, AZ (Metropolitan Statistical Area)",89.949
2015-01-01,46060,"Tucson, AZ (Metropolitan Statistical Area)",91.120
2014-01-01,46060,"Tucson, AZ (Metropolitan Statistical Area)",90.840
2013-01-01,46060,"Tucson, AZ (Metropolitan Statistical Area)",92.204
2012-01-01,46060,"Tucson, AZ (Metropolitan Statistical Area)",94.336
2011-01-01,46060,"Tucson, AZ (Metropolitan Statistical Area)",92.641
2010-01-01,46060,"Tucson, AZ (Metropolitan Statistical Area)",97.811
2009-01-01,46060,"Tucson, AZ (Metropolitan Statistical Area)",97.339
2008-01-01,46060,"Tucson, AZ (Metropolitan Statistical Area)",97.079
2024-01-01,46060,"Tucson, AZ (Metropolitan Statistical Area)",91.765
2023-01-01,46060,"Tucson, AZ (Metropolitan Statistical Area)",97.905
2022-01-01,46060,"Tucson, AZ (Metropolitan Statistical Area)",90.982
2021-01-01,46060,"Tucson, AZ (Metropolitan Statistical Area)",88.720
2020-01-01,46060,"Tucson, AZ (Metropolitan Statistical Area)",88.221
2019-01-01,46060,"Tucson, AZ (Metropolitan Statistical Area)",83.326
2019-01-01,46140,"Tulsa, OK (Metropolitan Statistical Area)",71.520
2018-01-01,46140,"Tulsa, OK (Metropolitan Statistical Area)",72.669
2017-01-01,46140,"Tulsa, OK (Metropolitan Statistical Area)",73.568
2016-01-01,46140,"Tulsa, OK (Metropolitan Statistical Area)",73.744
2015-01-01,46140,"Tulsa, OK (Metropolitan Statistical Area)",75.872
2014-01-01,46140,"Tulsa, OK (Metropolitan Statistical Area)",75.368
2013-01-01,46140,"Tulsa, OK (Metropolitan Statistical Area)",76.914
2012-01-01,46140,"Tulsa, OK (Metropolitan Statistical Area)",74.515
2011-01-01,46140,"Tulsa, OK (Metropolitan Statistical Area)",73.288
2010-01-01,46140,"Tulsa, OK (Metropolitan Statistical Area)",73.801
2009-01-01,46140,"Tulsa, OK (Metropolitan Statistical Area)",74.112
2008-01-01,46140,"Tulsa, OK (Metropolitan Statistical Area)",72.302
2024-01-01,46140,"Tulsa, OK (Metropolitan Statistical Area)",68.235
2023-01-01,46140,"Tulsa, OK (Metropolitan Statistical Area)",69.402
2022-01-01,46140,"Tulsa, OK (Metropolitan Statistical Area)",70.599
2021-01-01,46140,"Tulsa, OK (Metropolitan Statistical Area)",71.267
2020-01-01,46140,"Tulsa, OK (Metropolitan Statistical Area)",71.342
2018-01-01,46220,"Tuscaloosa, AL (Metropolitan Statistical Area)",56.040
2017-01-01,46220,"Tuscaloosa, AL (Metropolitan Statistical Area)",71.071
2016-01-01,46220,"Tuscaloosa, AL (Metropolitan Statistical Area)",60.875
2015-01-01,46220,"Tuscaloosa, AL (Metropolitan Statistical Area)",57.742
2014-01-01,46220,"Tuscaloosa, AL (Metropolitan Statistical Area)",61.845
2013-01-01,46220,"Tuscaloosa, AL (Metropolitan Statistical Area)",60.941
2012-01-01,46220,"Tuscaloosa, AL (Metropolitan Statistical Area)",65.043
2011-01-01,46220,"Tuscaloosa, AL (Metropolitan Statistical Area)",61.333
2010-01-01,46220,"Tuscaloosa, AL (Metropolitan Statistical Area)",63.885
2009-01-01,46220,"Tuscaloosa, AL (Metropolitan Statistical Area)",65.733
2008-01-01,46220,"Tuscaloosa, AL (Metropolitan Statistical Area)",65.227
2024-01-01,46220,"Tuscaloosa, AL (Metropolitan Statistical Area)",58.246
2023-01-01,46220,"Tuscaloosa, AL (Metropolitan Statistical Area)",63.152
2022-01-01,46220,"Tuscaloosa, AL (Metropolitan Statistical Area)",53.613
2021-01-01,46220,"Tuscaloosa, AL (Metropolitan Statistical Area)",59.045
2020-01-01,46220,"Tuscaloosa, AL (Metropolitan Statistical Area)",60.774
2019-01-01,46220,"Tuscaloosa, AL (Metropolitan Statistical Area)",62.940
2018-01-01,46300,"Twin Falls, ID (Metropolitan Statistical Area) *",66.718
2017-01-01,46300,"Twin Falls, ID (Metropolitan Statistical Area) *",73.147
2016-01-01,46300,"Twin Falls, ID (Metropolitan Statistical Area) *",74.817
2015-01-01,46300,"Twin Falls, ID (Metropolitan Statistical Area) *",69.994
2014-01-01,46300,"Twin Falls, ID (Metropolitan Statistical Area) *",0
2013-01-01,46300,"Twin Falls, ID (Metropolitan Statistical Area) *",0
2012-01-01,46300,"Twin Falls, ID (Metropolitan Statistical Area) *",0
2011-01-01,46300,"Twin Falls, ID (Metropolitan Statistical Area) *",0
2010-01-01,46300,"Twin Falls, ID (Metropolitan Statistical Area) *",0
2009-01-01,46300,"Twin Falls, ID (Metropolitan Statistical Area) *",0
2008-01-01,46300,"Twin Falls, ID (Metropolitan Statistical Area) *",0
2024-01-01,46300,"Twin Falls, ID (Metropolitan Statistical Area) *",73.833
2023-01-01,46300,"Twin Falls, ID (Metropolitan Statistical Area) *",74.526
2022-01-01,46300,"Twin Falls, ID (Metropolitan Statistical Area) *",83.719
2021-01-01,46300,"Twin Falls, ID (Metropolitan Statistical Area) *",75.574
2020-01-01,46300,"Twin Falls, ID (Metropolitan Statistical Area) *",65.088
2019-01-01,46300,"Twin Falls, ID (Metropolitan Statistical Area) *",68.410
2023-01-01,46340,"Tyler, TX (Metropolitan Statistical Area)",86.009
2022-01-01,46340,"Tyler, TX (Metropolitan Statistical Area)",77.418
2021-01-01,46340,"Tyler, TX (Metropolitan Statistical Area)",82.337
2020-01-01,46340,"Tyler, TX (Metropolitan Statistical Area)",85.979
2019-01-01,46340,"Tyler, TX (Metropolitan Statistical Area)",86.406
2018-01-01,46340,"Tyler, TX (Metropolitan Statistical Area)",81.172
2017-01-01,46340,"Tyler, TX (Metropolitan Statistical Area)",79.996
2016-01-01,46340,"Tyler, TX (Metropolitan Statistical Area)",84.367
2015-01-01,46340,"Tyler, TX (Metropolitan Statistical Area)",85.461
2014-01-01,46340,"Tyler, TX (Metropolitan Statistical Area)",79.918
2013-01-01,46340,"Tyler, TX (Metropolitan Statistical Area)",92.620
2012-01-01,46340,"Tyler, TX (Metropolitan Statistical Area)",82.419
2011-01-01,46340,"Tyler, TX (Metropolitan Statistical Area)",87.256
2010-01-01,46340,"Tyler, TX (Metropolitan Statistical Area)",92.491
2009-01-01,46340,"Tyler, TX (Metropolitan Statistical Area)",87.645
2008-01-01,46340,"Tyler, TX (Metropolitan Statistical Area)",85.236
2024-01-01,46340,"Tyler, TX (Metropolitan Statistical Area)",79.911
2024-01-01,46520,"Urban Honolulu, HI (Metropolitan Statistical Area)",135.538
2023-01-01,46520,"Urban Honolulu, HI (Metropolitan Statistical Area)",143.419
2022-01-01,46520,"Urban Honolulu, HI (Metropolitan Statistical Area)",148.611
2021-01-01,46520,"Urban Honolulu, HI (Metropolitan Statistical Area)",155.300
2020-01-01,46520,"Urban Honolulu, HI (Metropolitan Statistical Area)",159.037
2019-01-01,46520,"Urban Honolulu, HI (Metropolitan Statistical Area)",157.992
2018-01-01,46520,"Urban Honolulu, HI (Metropolitan Statistical Area)",162.276
2017-01-01,46520,"Urban Honolulu, HI (Metropolitan Statistical Area)",174.073
2016-01-01,46520,"Urban Honolulu, HI (Metropolitan Statistical Area)",158.349
2015-01-01,46520,"Urban Honolulu, HI (Metropolitan Statistical Area)",176.498
2014-01-01,46520,"Urban Honolulu, HI (Metropolitan Statistical Area)",173.025
2013-01-01,46520,"Urban Honolulu, HI (Metropolitan Statistical Area)",171.502
2012-01-01,46520,"Urban Honolulu, HI (Metropolitan Statistical Area)",165.386
2011-01-01,46520,"Urban Honolulu, HI (Metropolitan Statistical Area)",162.030
2010-01-01,46520,"Urban Honolulu, HI (Metropolitan Statistical Area)",160.846
2009-01-01,46520,"Urban Honolulu, HI (Metropolitan Statistical Area)",175.156
2008-01-01,46520,"Urban Honolulu, HI (Metropolitan Statistical Area)",166.325
2018-01-01,46540,"Utica-Rome, NY (Metropolitan Statistical Area)",73.882
2017-01-01,46540,"Utica-Rome, NY (Metropolitan Statistical Area)",68.848
2016-01-01,46540,"Utica-Rome, NY (Metropolitan Statistical Area)",70.163
2015-01-01,46540,"Utica-Rome, NY (Metropolitan Statistical Area)",76.442
2014-01-01,46540,"Utica-Rome, NY (Metropolitan Statistical Area)",75.482
2013-01-01,46540,"Utica-Rome, NY (Metropolitan Statistical Area)",74.693
2012-01-01,46540,"Utica-Rome, NY (Metropolitan Statistical Area)",67.741
2011-01-01,46540,"Utica-Rome, NY (Metropolitan Statistical Area)",69.478
2010-01-01,46540,"Utica-Rome, NY (Metropolitan Statistical Area)",73.554
2009-01-01,46540,"Utica-Rome, NY (Metropolitan Statistical Area)",71.065
2008-01-01,46540,"Utica-Rome, NY (Metropolitan Statistical Area)",69.831
2024-01-01,46540,"Utica-Rome, NY (Metropolitan Statistical Area)",66.063
2023-01-01,46540,"Utica-Rome, NY (Metropolitan Statistical Area)",67.464
2022-01-01,46540,"Utica-Rome, NY (Metropolitan Statistical Area)",61.970
2021-01-01,46540,"Utica-Rome, NY (Metropolitan Statistical Area)",65.750
2020-01-01,46540,"Utica-Rome, NY (Metropolitan Statistical Area)",70.718
2019-01-01,46540,"Utica-Rome, NY (Metropolitan Statistical Area)",67.594
2024-01-01,46660,"Valdosta, GA (Metropolitan Statistical Area)",58.758
2023-01-01,46660,"Valdosta, GA (Metropolitan Statistical Area)",51.845
2022-01-01,46660,"Valdosta, GA (Metropolitan Statistical Area)",62.401
2021-01-01,46660,"Valdosta, GA (Metropolitan Statistical Area)",58.589
2020-01-01,46660,"Valdosta, GA (Metropolitan Statistical Area)",54.075
2019-01-01,46660,"Valdosta, GA (Metropolitan Statistical Area)",57.905
2018-01-01,46660,"Valdosta, GA (Metropolitan Statistical Area)",54.842
2017-01-01,46660,"Valdosta, GA (Metropolitan Statistical Area)",57.639
2016-01-01,46660,"Valdosta, GA (Metropolitan Statistical Area)",59.725
2015-01-01,46660,"Valdosta, GA (Metropolitan Statistical Area)",58.421
2014-01-01,46660,"Valdosta, GA (Metropolitan Statistical Area)",60.339
2013-01-01,46660,"Valdosta, GA (Metropolitan Statistical Area)",58.709
2012-01-01,46660,"Valdosta, GA (Metropolitan Statistical Area)",65.437
2011-01-01,46660,"Valdosta, GA (Metropolitan Statistical Area)",57.588
2010-01-01,46660,"Valdosta, GA (Metropolitan Statistical Area)",68.247
2009-01-01,46660,"Valdosta, GA (Metropolitan Statistical Area)",66.825
2008-01-01,46660,"Valdosta, GA (Metropolitan Statistical Area)",69.484
2018-01-01,46700,"Vallejo, CA (Metropolitan Statistical Area)",152.369
2017-01-01,46700,"Vallejo, CA (Metropolitan Statistical Area)",146.368
2016-01-01,46700,"Vallejo, CA (Metropolitan Statistical Area)",149.297
2015-01-01,46700,"Vallejo, CA (Metropolitan Statistical Area)",148.046
2014-01-01,46700,"Vallejo, CA (Metropolitan Statistical Area)",140.642
2013-01-01,46700,"Vallejo, CA (Metropolitan Statistical Area)",141.082
2012-01-01,46700,"Vallejo, CA (Metropolitan Statistical Area)",141.329
2011-01-01,46700,"Vallejo, CA (Metropolitan Statistical Area)",143.158
2010-01-01,46700,"Vallejo, CA (Metropolitan Statistical Area)",149.681
2009-01-01,46700,"Vallejo, CA (Metropolitan Statistical Area)",158.838
2008-01-01,46700,"Vallejo, CA (Metropolitan Statistical Area)",154.011
2024-01-01,46700,"Vallejo, CA (Metropolitan Statistical Area)",142.042
2023-01-01,46700,"Vallejo, CA (Metropolitan Statistical Area)",135.626
2022-01-01,46700,"Vallejo, CA (Metropolitan Statistical Area)",151.410
2021-01-01,46700,"Vallejo, CA (Metropolitan Statistical Area)",158.478
2020-01-01,46700,"Vallejo, CA (Metropolitan Statistical Area)",162.397
2019-01-01,46700,"Vallejo, CA (Metropolitan Statistical Area)",149.699
2019-01-01,47020,"Victoria, TX (Metropolitan Statistical Area)",80.763
2018-01-01,47020,"Victoria, TX (Metropolitan Statistical Area)",82.960
2017-01-01,47020,"Victoria, TX (Metropolitan Statistical Area)",80.451
2016-01-01,47020,"Victoria, TX (Metropolitan Statistical Area)",89.942
2015-01-01,47020,"Victoria, TX (Metropolitan Statistical Area)",84.075
2014-01-01,47020,"Victoria, TX (Metropolitan Statistical Area)",82.854
2013-01-01,47020,"Victoria, TX (Metropolitan Statistical Area)",83.892
2012-01-01,47020,"Victoria, TX (Metropolitan Statistical Area)",75.213
2011-01-01,47020,"Victoria, TX (Metropolitan Statistical Area)",82.388
2010-01-01,47020,"Victoria, TX (Metropolitan Statistical Area)",67.299
2009-01-01,47020,"Victoria, TX (Metropolitan Statistical Area)",75.844
2008-01-01,47020,"Victoria, TX (Metropolitan Statistical Area)",75.903
2024-01-01,47020,"Victoria, TX (Metropolitan Statistical Area)",69.318
2023-01-01,47020,"Victoria, TX (Metropolitan Statistical Area)",76.577
2022-01-01,47020,"Victoria, TX (Metropolitan Statistical Area)",73.563
2021-01-01,47020,"Victoria, TX (Metropolitan Statistical Area)",69.855
2020-01-01,47020,"Victoria, TX (Metropolitan Statistical Area)",86.750
2018-01-01,47220,"Vineland, NJ (Metropolitan Statistical Area)",93.442
2017-01-01,47220,"Vineland, NJ (Metropolitan Statistical Area)",73.870
2016-01-01,47220,"Vineland, NJ (Metropolitan Statistical Area)",80.142
2015-01-01,47220,"Vineland, NJ (Metropolitan Statistical Area)",93.270
2014-01-01,47220,"Vineland, NJ (Metropolitan Statistical Area)",99.991
2013-01-01,47220,"Vineland, NJ (Metropolitan Statistical Area)",93.695
2012-01-01,47220,"Vineland, NJ (Metropolitan Statistical Area)",104.829
2011-01-01,47220,"Vineland, NJ (Metropolitan Statistical Area)",104.669
2010-01-01,47220,"Vineland, NJ (Metropolitan Statistical Area)",87.321
2009-01-01,47220,"Vineland, NJ (Metropolitan Statistical Area)",90.398
2008-01-01,47220,"Vineland, NJ (Metropolitan Statistical Area)",92.487
2024-01-01,47220,"Vineland, NJ (Metropolitan Statistical Area)",83.883
2023-01-01,47220,"Vineland, NJ (Metropolitan Statistical Area)",75.609
2022-01-01,47220,"Vineland, NJ (Metropolitan Statistical Area)",74.846
2021-01-01,47220,"Vineland, NJ (Metropolitan Statistical Area)",88.218
2020-01-01,47220,"Vineland, NJ (Metropolitan Statistical Area)",83.413
2019-01-01,47220,"Vineland, NJ (Metropolitan Statistical Area)",95.744
2009-01-01,47260,"Virginia Beach-Chesapeake-Norfolk, VA-NC (Metropolitan Statistical Area)",113.148
2008-01-01,47260,"Virginia Beach-Chesapeake-Norfolk, VA-NC (Metropolitan Statistical Area)",112.138
2024-01-01,47260,"Virginia Beach-Chesapeake-Norfolk, VA-NC (Metropolitan Statistical Area)",99.805
2023-01-01,47260,"Virginia Beach-Chesapeake-Norfolk, VA-NC (Metropolitan Statistical Area)",97.679
2022-01-01,47260,"Virginia Beach-Chesapeake-Norfolk, VA-NC (Metropolitan Statistical Area)",99.943
2021-01-01,47260,"Virginia Beach-Chesapeake-Norfolk, VA-NC (Metropolitan Statistical Area)",99.255
2020-01-01,47260,"Virginia Beach-Chesapeake-Norfolk, VA-NC (Metropolitan Statistical Area)",98.410
2019-01-01,47260,"Virginia Beach-Chesapeake-Norfolk, VA-NC (Metropolitan Statistical Area)",97.546
2018-01-01,47260,"Virginia Beach-Chesapeake-Norfolk, VA-NC (Metropolitan Statistical Area)",104.196
2017-01-01,47260,"Virginia Beach-Chesapeake-Norfolk, VA-NC (Metropolitan Statistical Area)",103.724
2016-01-01,47260,"Virginia Beach-Chesapeake-Norfolk, VA-NC (Metropolitan Statistical Area)",108.687
2015-01-01,47260,"Virginia Beach-Chesapeake-Norfolk, VA-NC (Metropolitan Statistical Area)",108.835
2014-01-01,47260,"Virginia Beach-Chesapeake-Norfolk, VA-NC (Metropolitan Statistical Area)",109.542
2013-01-01,47260,"Virginia Beach-Chesapeake-Norfolk, VA-NC (Metropolitan Statistical Area)",107.813
2012-01-01,47260,"Virginia Beach-Chesapeake-Norfolk, VA-NC (Metropolitan Statistical Area)",108.671
2011-01-01,47260,"Virginia Beach-Chesapeake-Norfolk, VA-NC (Metropolitan Statistical Area)",115.395
2010-01-01,47260,"Virginia Beach-Chesapeake-Norfolk, VA-NC (Metropolitan Statistical Area)",115.619
2018-01-01,47300,"Visalia, CA (Metropolitan Statistical Area)",80.858
2017-01-01,47300,"Visalia, CA (Metropolitan Statistical Area)",81.399
2016-01-01,47300,"Visalia, CA (Metropolitan Statistical Area)",80.672
2015-01-01,47300,"Visalia, CA (Metropolitan Statistical Area)",81.156
2014-01-01,47300,"Visalia, CA (Metropolitan Statistical Area)",84.285
2013-01-01,47300,"Visalia, CA (Metropolitan Statistical Area)",83.399
2012-01-01,47300,"Visalia, CA (Metropolitan Statistical Area)",85.215
2011-01-01,47300,"Visalia, CA (Metropolitan Statistical Area)",84.867
2010-01-01,47300,"Visalia, CA (Metropolitan Statistical Area)",86.220
2009-01-01,47300,"Visalia, CA (Metropolitan Statistical Area)",86.776
2008-01-01,47300,"Visalia, CA (Metropolitan Statistical Area)",85.876
2024-01-01,47300,"Visalia, CA (Metropolitan Statistical Area)",84.053
2023-01-01,47300,"Visalia, CA (Metropolitan Statistical Area)",82.814
2022-01-01,47300,"Visalia, CA (Metropolitan Statistical Area)",82.128
2021-01-01,47300,"Visalia, CA (Metropolitan Statistical Area)",81.522
2020-01-01,47300,"Visalia, CA (Metropolitan Statistical Area)",80.386
2019-01-01,47300,"Visalia, CA (Metropolitan Statistical Area)",81.404
2024-01-01,47380,"Waco, TX (Metropolitan Statistical Area)",83.531
2023-01-01,47380,"Waco, TX (Metropolitan Statistical Area)",77.345
2022-01-01,47380,"Waco, TX (Metropolitan Statistical Area)",82.884
2021-01-01,47380,"Waco, TX (Metropolitan Statistical Area)",81.081
2020-01-01,47380,"Waco, TX (Metropolitan Statistical Area)",76.139
2019-01-01,47380,"Waco, TX (Metropolitan Statistical Area)",75.284
2018-01-01,47380,"Waco, TX (Metropolitan Statistical Area)",75.127
2017-01-01,47380,"Waco, TX (Metropolitan Statistical Area)",74.561
2016-01-01,47380,"Waco, TX (Metropolitan Statistical Area)",73.764
2015-01-01,47380,"Waco, TX (Metropolitan Statistical Area)",78.170
2014-01-01,47380,"Waco, TX (Metropolitan Statistical Area)",75.687
2013-01-01,47380,"Waco, TX (Metropolitan Statistical Area)",70.879
2012-01-01,47380,"Waco, TX (Metropolitan Statistical Area)",79.009
2011-01-01,47380,"Waco, TX (Metropolitan Statistical Area)",74.454
2010-01-01,47380,"Waco, TX (Metropolitan Statistical Area)",73.381
2009-01-01,47380,"Waco, TX (Metropolitan Statistical Area)",74.442
2008-01-01,47380,"Waco, TX (Metropolitan Statistical Area)",76.294
2018-01-01,47460,"Walla Walla, WA (Metropolitan Statistical Area)",81.985
2017-01-01,47460,"Walla Walla, WA (Metropolitan Statistical Area)",96.054
2016-01-01,47460,"Walla Walla, WA (Metropolitan Statistical Area)",81.702
2015-01-01,47460,"Walla Walla, WA (Metropolitan Statistical Area)",97.129
2014-01-01,47460,"Walla Walla, WA (Metropolitan Statistical Area)",99.415
2013-01-01,47460,"Walla Walla, WA (Metropolitan Statistical Area)",83.739
2012-01-01,47460,"Walla Walla, WA (Metropolitan Statistical Area)",87.239
2011-01-01,47460,"Walla Walla, WA (Metropolitan Statistical Area)",77.862
2010-01-01,47460,"Walla Walla, WA (Metropolitan Statistical Area)",79.876
2009-01-01,47460,"Walla Walla, WA (Metropolitan Statistical Area)",79.230
2008-01-01,47460,"Walla Walla, WA (Metropolitan Statistical Area)",75.981
2024-01-01,47460,"Walla Walla, WA (Metropolitan Statistical Area)",86.579
2023-01-01,47460,"Walla Walla, WA (Metropolitan Statistical Area)",77.570
2022-01-01,47460,"Walla Walla, WA (Metropolitan Statistical Area)",79.633
2021-01-01,47460,"Walla Walla, WA (Metropolitan Statistical Area)",87.472
2020-01-01,47460,"Walla Walla, WA (Metropolitan Statistical Area)",67.518
2019-01-01,47460,"Walla Walla, WA (Metropolitan Statistical Area)",91.927
2019-01-01,47580,"Warner Robins, GA (Metropolitan Statistical Area)",67.363
2018-01-01,47580,"Warner Robins, GA (Metropolitan Statistical Area)",73.240
2017-01-01,47580,"Warner Robins, GA (Metropolitan Statistical Area)",72.424
2016-01-01,47580,"Warner Robins, GA (Metropolitan Statistical Area)",64.878
2015-01-01,47580,"Warner Robins, GA (Metropolitan Statistical Area)",66.523
2014-01-01,47580,"Warner Robins, GA (Metropolitan Statistical Area)",64.926
2013-01-01,47580,"Warner Robins, GA (Metropolitan Statistical Area)",70.506
2012-01-01,47580,"Warner Robins, GA (Metropolitan Statistical Area)",73.312
2011-01-01,47580,"Warner Robins, GA (Metropolitan Statistical Area)",69.074
2010-01-01,47580,"Warner Robins, GA (Metropolitan Statistical Area)",61.008
2009-01-01,47580,"Warner Robins, GA (Metropolitan Statistical Area)",65.292
2008-01-01,47580,"Warner Robins, GA (Metropolitan Statistical Area)",69.306
2024-01-01,47580,"Warner Robins, GA (Metropolitan Statistical Area)",79.172
2023-01-01,47580,"Warner Robins, GA (Metropolitan Statistical Area)",70.029
2022-01-01,47580,"Warner Robins, GA (Metropolitan Statistical Area)",71.456
2021-01-01,47580,"Warner Robins, GA (Metropolitan Statistical Area)",67.838
2020-01-01,47580,"Warner Robins, GA (Metropolitan Statistical Area)",78.566
2018-01-01,47900,"Washington-Arlington-Alexandria, DC-VA-MD-WV (Metropolitan Statistical Area)",168.976
2017-01-01,47900,"Washington-Arlington-Alexandria, DC-VA-MD-WV (Metropolitan Statistical Area)",166.210
2016-01-01,47900,"Washington-Arlington-Alexandria, DC-VA-MD-WV (Metropolitan Statistical Area)",170.910
2015-01-01,47900,"Washington-Arlington-Alexandria, DC-VA-MD-WV (Metropolitan Statistical Area)",171.446
2014-01-01,47900,"Washington-Arlington-Alexandria, DC-VA-MD-WV (Metropolitan Statistical Area)",175.159
2013-01-01,47900,"Washington-Arlington-Alexandria, DC-VA-MD-WV (Metropolitan Statistical Area)",176.203
2012-01-01,47900,"Washington-Arlington-Alexandria, DC-VA-MD-WV (Metropolitan Statistical Area)",172.263
2011-01-01,47900,"Washington-Arlington-Alexandria, DC-VA-MD-WV (Metropolitan Statistical Area)",173.223
2010-01-01,47900,"Washington-Arlington-Alexandria, DC-VA-MD-WV (Metropolitan Statistical Area)",171.156
2009-01-01,47900,"Washington-Arlington-Alexandria, DC-VA-MD-WV (Metropolitan Statistical Area)",168.874
2008-01-01,47900,"Washington-Arlington-Alexandria, DC-VA-MD-WV (Metropolitan Statistical Area)",168.179
2024-01-01,47900,"Washington-Arlington-Alexandria, DC-VA-MD-WV (Metropolitan Statistical Area)",151.134
2023-01-01,47900,"Washington-Arlington-Alexandria, DC-VA-MD-WV (Metropolitan Statistical Area)",151.870
2022-01-01,47900,"Washington-Arlington-Alexandria, DC-VA-MD-WV (Metropolitan Statistical Area)",157.096
2021-01-01,47900,"Washington-Arlington-Alexandria, DC-VA-MD-WV (Metropolitan Statistical Area)",162.505
2020-01-01,47900,"Washington-Arlington-Alexandria, DC-VA-MD-WV (Metropolitan Statistical Area)",165.074
2019-01-01,47900,"Washington-Arlington-Alexandria, DC-VA-MD-WV (Metropolitan Statistical Area)",162.900
2019-01-01,47930,"Waterbury-Shelton, CT (Metropolitan Statistical Area)",97.690
2018-01-01,47930,"Waterbury-Shelton, CT (Metropolitan Statistical Area)",105.652
2017-01-01,47930,"Waterbury-Shelton, CT (Metropolitan Statistical Area)",104.582
2016-01-01,47930,"Waterbury-Shelton, CT (Metropolitan Statistical Area)",107.777
2015-01-01,47930,"Waterbury-Shelton, CT (Metropolitan Statistical Area)",110.743
2014-01-01,47930,"Waterbury-Shelton, CT (Metropolitan Statistical Area)",104.078
2013-01-01,47930,"Waterbury-Shelton, CT (Metropolitan Statistical Area)",117.517
2012-01-01,47930,"Waterbury-Shelton, CT (Metropolitan Statistical Area)",112.925
2011-01-01,47930,"Waterbury-Shelton, CT (Metropolitan Statistical Area)",118.348
2010-01-01,47930,"Waterbury-Shelton, CT (Metropolitan Statistical Area)",108.539
2009-01-01,47930,"Waterbury-Shelton, CT (Metropolitan Statistical Area)",125.078
2008-01-01,47930,"Waterbury-Shelton, CT (Metropolitan Statistical Area)",118.219
2024-01-01,47930,"Waterbury-Shelton, CT (Metropolitan Statistical Area)",89.111
2023-01-01,47930,"Waterbury-Shelton, CT (Metropolitan Statistical Area)",92.272
2022-01-01,47930,"Waterbury-Shelton, CT (Metropolitan Statistical Area)",91.445
2021-01-01,47930,"Waterbury-Shelton, CT (Metropolitan Statistical Area)",95.084
2020-01-01,47930,"Waterbury-Shelton, CT (Metropolitan Statistical Area)",109.242
2023-01-01,47940,"Waterloo-Cedar Falls, IA (Metropolitan Statistical Area)",62.172
2022-01-01,47940,"Waterloo-Cedar Falls, IA (Metropolitan Statistical Area)",66.201
2021-01-01,47940,"Waterloo-Cedar Falls, IA (Metropolitan Statistical Area)",65.169
2020-01-01,47940,"Waterloo-Cedar Falls, IA (Metropolitan Statistical Area)",70.031
2019-01-01,47940,"Waterloo-Cedar Falls, IA (Metropolitan Statistical Area)",72.790
2018-01-01,47940,"Waterloo-Cedar Falls, IA (Metropolitan Statistical Area)",69.104
2017-01-01,47940,"Waterloo-Cedar Falls, IA (Metropolitan Statistical Area)",72.967
2016-01-01,47940,"Waterloo-Cedar Falls, IA (Metropolitan Statistical Area)",71.359
2015-01-01,47940,"Waterloo-Cedar Falls, IA (Metropolitan Statistical Area)",69.834
2014-01-01,47940,"Waterloo-Cedar Falls, IA (Metropolitan Statistical Area)",75.510
2013-01-01,47940,"Waterloo-Cedar Falls, IA (Metropolitan Statistical Area)",76.948
2012-01-01,47940,"Waterloo-Cedar Falls, IA (Metropolitan Statistical Area)",69.846
2011-01-01,47940,"Waterloo-Cedar Falls, IA (Metropolitan Statistical Area)",69.572
2010-01-01,47940,"Waterloo-Cedar Falls, IA (Metropolitan Statistical Area)",72.655
2009-01-01,47940,"Waterloo-Cedar Falls, IA (Metropolitan Statistical Area)",68.377
2008-01-01,47940,"Waterloo-Cedar Falls, IA (Metropolitan Statistical Area)",65.087
2024-01-01,47940,"Waterloo-Cedar Falls, IA (Metropolitan Statistical Area)",63.130
2009-01-01,48060,"Watertown-Fort Drum, NY (Metropolitan Statistical Area)",78.779
2008-01-01,48060,"Watertown-Fort Drum, NY (Metropolitan Statistical Area)",64.397
2024-01-01,48060,"Watertown-Fort Drum, NY (Metropolitan Statistical Area)",53.185
2023-01-01,48060,"Watertown-Fort Drum, NY (Metropolitan Statistical Area)",64.235
2022-01-01,48060,"Watertown-Fort Drum, NY (Metropolitan Statistical Area)",81.312
2021-01-01,48060,"Watertown-Fort Drum, NY (Metropolitan Statistical Area)",73.240
2020-01-01,48060,"Watertown-Fort Drum, NY (Metropolitan Statistical Area)",64.601
2019-01-01,48060,"Watertown-Fort Drum, NY (Metropolitan Statistical Area)",81.905
2018-01-01,48060,"Watertown-Fort Drum, NY (Metropolitan Statistical Area)",85.761
2017-01-01,48060,"Watertown-Fort Drum, NY (Metropolitan Statistical Area)",87.102
2016-01-01,48060,"Watertown-Fort Drum, NY (Metropolitan Statistical Area)",89.505
2015-01-01,48060,"Watertown-Fort Drum, NY (Metropolitan Statistical Area)",83.061
2014-01-01,48060,"Watertown-Fort Drum, NY (Metropolitan Statistical Area)",91.087
2013-01-01,48060,"Watertown-Fort Drum, NY (Metropolitan Statistical Area)",83.949
2012-01-01,48060,"Watertown-Fort Drum, NY (Metropolitan Statistical Area)",95.683
2011-01-01,48060,"Watertown-Fort Drum, NY (Metropolitan Statistical Area)",95.330
2010-01-01,48060,"Watertown-Fort Drum, NY (Metropolitan Statistical Area)",83.434
2018-01-01,48140,"Wausau, WI (Metropolitan Statistical Area)",68.890
2017-01-01,48140,"Wausau, WI (Metropolitan Statistical Area)",69.938
2016-01-01,48140,"Wausau, WI (Metropolitan Statistical Area)",71.253
2015-01-01,48140,"Wausau, WI (Metropolitan Statistical Area)",74.287
2014-01-01,48140,"Wausau, WI (Metropolitan Statistical Area)",60.696
2013-01-01,48140,"Wausau, WI (Metropolitan Statistical Area)",76.965
2012-01-01,48140,"Wausau, WI (Metropolitan Statistical Area)",78.772
2011-01-01,48140,"Wausau, WI (Metropolitan Statistical Area)",76.232
2010-01-01,48140,"Wausau, WI (Metropolitan Statistical Area)",78.701
2009-01-01,48140,"Wausau, WI (Metropolitan Statistical Area)",75.187
2008-01-01,48140,"Wausau, WI (Metropolitan Statistical Area)",71.685
2024-01-01,48140,"Wausau, WI (Metropolitan Statistical Area)",71.464
2023-01-01,48140,"Wausau, WI (Metropolitan Statistical Area)",65.983
2022-01-01,48140,"Wausau, WI (Metropolitan Statistical Area)",74.852
2021-01-01,48140,"Wausau, WI (Metropolitan Statistical Area)",66.055
2020-01-01,48140,"Wausau, WI (Metropolitan Statistical Area)",63.691
2019-01-01,48140,"Wausau, WI (Metropolitan Statistical Area)",72.039
2024-01-01,48260,"Weirton-Steubenville, WV-OH (Metropolitan Statistical Area)",52.383
2023-01-01,48260,"Weirton-Steubenville, WV-OH (Metropolitan Statistical Area)",51.104
2022-01-01,48260,"Weirton-Steubenville, WV-OH (Metropolitan Statistical Area)",53.686
2021-01-01,48260,"Weirton-Steubenville, WV-OH (Metropolitan Statistical Area)",52.041
2020-01-01,48260,"Weirton-Steubenville, WV-OH (Metropolitan Statistical Area)",54.234
2019-01-01,48260,"Weirton-Steubenville, WV-OH (Metropolitan Statistical Area)",55.236
2018-01-01,48260,"Weirton-Steubenville, WV-OH (Metropolitan Statistical Area)",49.068
2017-01-01,48260,"Weirton-Steubenville, WV-OH (Metropolitan Statistical Area)",49.398
2016-01-01,48260,"Weirton-Steubenville, WV-OH (Metropolitan Statistical Area)",55.086
2015-01-01,48260,"Weirton-Steubenville, WV-OH (Metropolitan Statistical Area)",57.025
2014-01-01,48260,"Weirton-Steubenville, WV-OH (Metropolitan Statistical Area)",56.627
2013-01-01,48260,"Weirton-Steubenville, WV-OH (Metropolitan Statistical Area)",56.725
2012-01-01,48260,"Weirton-Steubenville, WV-OH (Metropolitan Statistical Area)",54.661
2011-01-01,48260,"Weirton-Steubenville, WV-OH (Metropolitan Statistical Area)",49.604
2010-01-01,48260,"Weirton-Steubenville, WV-OH (Metropolitan Statistical Area)",55.034
2009-01-01,48260,"Weirton-Steubenville, WV-OH (Metropolitan Statistical Area)",54.425
2008-01-01,48260,"Weirton-Steubenville, WV-OH (Metropolitan Statistical Area)",49.783
2023-01-01,48300,"Wenatchee-East Wenatchee, WA (Metropolitan Statistical Area)",97.557
2022-01-01,48300,"Wenatchee-East Wenatchee, WA (Metropolitan Statistical Area)",92.989
2021-01-01,48300,"Wenatchee-East Wenatchee, WA (Metropolitan Statistical Area)",110.304
2020-01-01,48300,"Wenatchee-East Wenatchee, WA (Metropolitan Statistical Area)",104.207
2019-01-01,48300,"Wenatchee-East Wenatchee, WA (Metropolitan Statistical Area)",111.095
2018-01-01,48300,"Wenatchee-East Wenatchee, WA (Metropolitan Statistical Area)",95.456
2017-01-01,48300,"Wenatchee-East Wenatchee, WA (Metropolitan Statistical Area)",103.825
2016-01-01,48300,"Wenatchee-East Wenatchee, WA (Metropolitan Statistical Area)",90.335
2015-01-01,48300,"Wenatchee-East Wenatchee, WA (Metropolitan Statistical Area)",89.243
2014-01-01,48300,"Wenatchee-East Wenatchee, WA (Metropolitan Statistical Area)",92.817
2013-01-01,48300,"Wenatchee-East Wenatchee, WA (Metropolitan Statistical Area)",96.400
2012-01-01,48300,"Wenatchee-East Wenatchee, WA (Metropolitan Statistical Area)",97.336
2011-01-01,48300,"Wenatchee-East Wenatchee, WA (Metropolitan Statistical Area)",94.150
2010-01-01,48300,"Wenatchee-East Wenatchee, WA (Metropolitan Statistical Area)",83.360
2009-01-01,48300,"Wenatchee-East Wenatchee, WA (Metropolitan Statistical Area)",95.513
2008-01-01,48300,"Wenatchee-East Wenatchee, WA (Metropolitan Statistical Area)",87.188
2024-01-01,48300,"Wenatchee-East Wenatchee, WA (Metropolitan Statistical Area)",114.958
2019-01-01,48540,"Wheeling, WV-OH (Metropolitan Statistical Area)",55.283
2018-01-01,48540,"Wheeling, WV-OH (Metropolitan Statistical Area)",49.319
2017-01-01,48540,"Wheeling, WV-OH (Metropolitan Statistical Area)",50.311
2016-01-01,48540,"Wheeling, WV-OH (Metropolitan Statistical Area)",55.769
2015-01-01,48540,"Wheeling, WV-OH (Metropolitan Statistical Area)",56.795
2014-01-01,48540,"Wheeling, WV-OH (Metropolitan Statistical Area)",57.503
2013-01-01,48540,"Wheeling, WV-OH (Metropolitan Statistical Area)",57.163
2012-01-01,48540,"Wheeling, WV-OH (Metropolitan Statistical Area)",54.858
2011-01-01,48540,"Wheeling, WV-OH (Metropolitan Statistical Area)",50.063
2010-01-01,48540,"Wheeling, WV-OH (Metropolitan Statistical Area)",55.885
2009-01-01,48540,"Wheeling, WV-OH (Metropolitan Statistical Area)",54.300
2008-01-01,48540,"Wheeling, WV-OH (Metropolitan Statistical Area)",50.805
2024-01-01,48540,"Wheeling, WV-OH (Metropolitan Statistical Area)",51.443
2023-01-01,48540,"Wheeling, WV-OH (Metropolitan Statistical Area)",50.927
2022-01-01,48540,"Wheeling, WV-OH (Metropolitan Statistical Area)",54.334
2021-01-01,48540,"Wheeling, WV-OH (Metropolitan Statistical Area)",51.894
2020-01-01,48540,"Wheeling, WV-OH (Metropolitan Statistical Area)",55.032
2018-01-01,48620,"Wichita, KS (Metropolitan Statistical Area)",66.036
2017-01-01,48620,"Wichita, KS (Metropolitan Statistical Area)",72.055
2016-01-01,48620,"Wichita, KS (Metropolitan Statistical Area)",73.299
2015-01-01,48620,"Wichita, KS (Metropolitan Statistical Area)",71.603
2014-01-01,48620,"Wichita, KS (Metropolitan Statistical Area)",70.660
2013-01-01,48620,"Wichita, KS (Metropolitan Statistical Area)",74.439
2012-01-01,48620,"Wichita, KS (Metropolitan Statistical Area)",71.264
2011-01-01,48620,"Wichita, KS (Metropolitan Statistical Area)",75.175
2010-01-01,48620,"Wichita, KS (Metropolitan Statistical Area)",72.844
2009-01-01,48620,"Wichita, KS (Metropolitan Statistical Area)",70.781
2008-01-01,48620,"Wichita, KS (Metropolitan Statistical Area)",72.003
2024-01-01,48620,"Wichita, KS (Metropolitan Statistical Area)",66.245
2023-01-01,48620,"Wichita, KS (Metropolitan Statistical Area)",65.985
2022-01-01,48620,"Wichita, KS (Metropolitan Statistical Area)",67.434
2021-01-01,48620,"Wichita, KS (Metropolitan Statistical Area)",69.879
2020-01-01,48620,"Wichita, KS (Metropolitan Statistical Area)",71.310
2019-01-01,48620,"Wichita, KS (Metropolitan Statistical Area)",69.750
2024-01-01,48660,"Wichita Falls, TX (Metropolitan Statistical Area)",68.208
2023-01-01,48660,"Wichita Falls, TX (Metropolitan Statistical Area)",65.864
2022-01-01,48660,"Wichita Falls, TX (Metropolitan Statistical Area)",61.563
2021-01-01,48660,"Wichita Falls, TX (Metropolitan Statistical Area)",64.618
2020-01-01,48660,"Wichita Falls, TX (Metropolitan Statistical Area)",73.258
2019-01-01,48660,"Wichita Falls, TX (Metropolitan Statistical Area)",62.634
2018-01-01,48660,"Wichita Falls, TX (Metropolitan Statistical Area)",58.760
2017-01-01,48660,"Wichita Falls, TX (Metropolitan Statistical Area)",67.069
2016-01-01,48660,"Wichita Falls, TX (Metropolitan Statistical Area)",67.568
2015-01-01,48660,"Wichita Falls, TX (Metropolitan Statistical Area)",73.434
2014-01-01,48660,"Wichita Falls, TX (Metropolitan Statistical Area)",75.915
2013-01-01,48660,"Wichita Falls, TX (Metropolitan Statistical Area)",71.297
2012-01-01,48660,"Wichita Falls, TX (Metropolitan Statistical Area)",72.694
2011-01-01,48660,"Wichita Falls, TX (Metropolitan Statistical Area)",76.363
2010-01-01,48660,"Wichita Falls, TX (Metropolitan Statistical Area)",68.902
2009-01-01,48660,"Wichita Falls, TX (Metropolitan Statistical Area)",67.472
2008-01-01,48660,"Wichita Falls, TX (Metropolitan Statistical Area)",75.360
2018-01-01,48680,"Wildwood-The Villages, FL (Metropolitan Statistical Area)",78.004
2017-01-01,48680,"Wildwood-The Villages, FL (Metropolitan Statistical Area)",81.651
2016-01-01,48680,"Wildwood-The Villages, FL (Metropolitan Statistical Area)",89.698
2015-01-01,48680,"Wildwood-The Villages, FL (Metropolitan Statistical Area)",87.640
2014-01-01,48680,"Wildwood-The Villages, FL (Metropolitan Statistical Area)",78.232
2013-01-01,48680,"Wildwood-The Villages, FL (Metropolitan Statistical Area)",80.268
2012-01-01,48680,"Wildwood-The Villages, FL (Metropolitan Statistical Area)",85.903
2011-01-01,48680,"Wildwood-The Villages, FL (Metropolitan Statistical Area)",73.880
2010-01-01,48680,"Wildwood-The Villages, FL (Metropolitan Statistical Area)",76.355
2009-01-01,48680,"Wildwood-The Villages, FL (Metropolitan Statistical Area)",92.325
2008-01-01,48680,"Wildwood-The Villages, FL (Metropolitan Statistical Area)",74.747
2024-01-01,48680,"Wildwood-The Villages, FL (Metropolitan Statistical Area)",51.733
2023-01-01,48680,"Wildwood-The Villages, FL (Metropolitan Statistical Area)",80.246
2022-01-01,48680,"Wildwood-The Villages, FL (Metropolitan Statistical Area)",70.114
2021-01-01,48680,"Wildwood-The Villages, FL (Metropolitan Statistical Area)",88.790
2020-01-01,48680,"Wildwood-The Villages, FL (Metropolitan Statistical Area)",80.112
2019-01-01,48680,"Wildwood-The Villages, FL (Metropolitan Statistical Area)",88.681
2019-01-01,48700,"Williamsport, PA (Metropolitan Statistical Area)",65.717
2018-01-01,48700,"Williamsport, PA (Metropolitan Statistical Area)",72.341
2017-01-01,48700,"Williamsport, PA (Metropolitan Statistical Area)",71.759
2016-01-01,48700,"Williamsport, PA (Metropolitan Statistical Area)",73.747
2015-01-01,48700,"Williamsport, PA (Metropolitan Statistical Area)",72.818
2014-01-01,48700,"Williamsport, PA (Metropolitan Statistical Area)",75.297
2013-01-01,48700,"Williamsport, PA (Metropolitan Statistical Area)",71.047
2012-01-01,48700,"Williamsport, PA (Metropolitan Statistical Area)",68.915
2011-01-01,48700,"Williamsport, PA (Metropolitan Statistical Area)",67.445
2010-01-01,48700,"Williamsport, PA (Metropolitan Statistical Area)",62.181
2009-01-01,48700,"Williamsport, PA (Metropolitan Statistical Area)",56.163
2008-01-01,48700,"Williamsport, PA (Metropolitan Statistical Area)",68.541
2024-01-01,48700,"Williamsport, PA (Metropolitan Statistical Area)",64.392
2023-01-01,48700,"Williamsport, PA (Metropolitan Statistical Area)",66.831
2022-01-01,48700,"Williamsport, PA (Metropolitan Statistical Area)",55.325
2021-01-01,48700,"Williamsport, PA (Metropolitan Statistical Area)",60.944
2020-01-01,48700,"Williamsport, PA (Metropolitan Statistical Area)",70.491
2018-01-01,48900,"Wilmington, NC (Metropolitan Statistical Area)",88.361
2017-01-01,48900,"Wilmington, NC (Metropolitan Statistical Area)",85.872
2016-01-01,48900,"Wilmington, NC (Metropolitan Statistical Area)",87.785
2015-01-01,48900,"Wilmington, NC (Metropolitan Statistical Area)",81.700
2014-01-01,48900,"Wilmington, NC (Metropolitan Statistical Area)",88.726
2013-01-01,48900,"Wilmington, NC (Metropolitan Statistical Area)",85.767
2012-01-01,48900,"Wilmington, NC (Metropolitan Statistical Area)",88.800
2011-01-01,48900,"Wilmington, NC (Metropolitan Statistical Area)",86.014
2010-01-01,48900,"Wilmington, NC (Metropolitan Statistical Area)",88.233
2009-01-01,48900,"Wilmington, NC (Metropolitan Statistical Area)",84.012
2008-01-01,48900,"Wilmington, NC (Metropolitan Statistical Area)",83.310
2024-01-01,48900,"Wilmington, NC (Metropolitan Statistical Area)",93.215
2023-01-01,48900,"Wilmington, NC (Metropolitan Statistical Area)",87.832
2022-01-01,48900,"Wilmington, NC (Metropolitan Statistical Area)",90.882
2021-01-01,48900,"Wilmington, NC (Metropolitan Statistical Area)",94.662
2020-01-01,48900,"Wilmington, NC (Metropolitan Statistical Area)",89.611
2019-01-01,48900,"Wilmington, NC (Metropolitan Statistical Area)",85.256
2019-01-01,49020,"Winchester, VA-WV (Metropolitan Statistical Area)",90.790
2018-01-01,49020,"Winchester, VA-WV (Metropolitan Statistical Area)",90.999
2017-01-01,49020,"Winchester, VA-WV (Metropolitan Statistical Area)",90.835
2016-01-01,49020,"Winchester, VA-WV (Metropolitan Statistical Area)",94.652
2015-01-01,49020,"Winchester, VA-WV (Metropolitan Statistical Area)",97.460
2014-01-01,49020,"Winchester, VA-WV (Metropolitan Statistical Area)",83.241
2013-01-01,49020,"Winchester, VA-WV (Metropolitan Statistical Area)",100.527
2012-01-01,49020,"Winchester, VA-WV (Metropolitan Statistical Area)",94.783
2011-01-01,49020,"Winchester, VA-WV (Metropolitan Statistical Area)",93.879
2010-01-01,49020,"Winchester, VA-WV (Metropolitan Statistical Area)",89.441
2009-01-01,49020,"Winchester, VA-WV (Metropolitan Statistical Area)",85.256
2008-01-01,49020,"Winchester, VA-WV (Metropolitan Statistical Area)",79.616
2024-01-01,49020,"Winchester, VA-WV (Metropolitan Statistical Area)",90.009
2023-01-01,49020,"Winchester, VA-WV (Metropolitan Statistical Area)",80.087
2022-01-01,49020,"Winchester, VA-WV (Metropolitan Statistical Area)",87.819
2021-01-01,49020,"Winchester, VA-WV (Metropolitan Statistical Area)",95.036
2020-01-01,49020,"Winchester, VA-WV (Metropolitan Statistical Area)",90.775
2018-01-01,49180,"Winston-Salem, NC (Metropolitan Statistical Area)",64.856
2017-01-01,49180,"Winston-Salem, NC (Metropolitan Statistical Area)",64.494
2016-01-01,49180,"Winston-Salem, NC (Metropolitan Statistical Area)",67.172
2015-01-01,49180,"Winston-Salem, NC (Metropolitan Statistical Area)",68.304
2014-01-01,49180,"Winston-Salem, NC (Metropolitan Statistical Area)",69.603
2013-01-01,49180,"Winston-Salem, NC (Metropolitan Statistical Area)",68.463
2012-01-01,49180,"Winston-Salem, NC (Metropolitan Statistical Area)",66.693
2011-01-01,49180,"Winston-Salem, NC (Metropolitan Statistical Area)",70.190
2010-01-01,49180,"Winston-Salem, NC (Metropolitan Statistical Area)",67.508
2009-01-01,49180,"Winston-Salem, NC (Metropolitan Statistical Area)",67.051
2008-01-01,49180,"Winston-Salem, NC (Metropolitan Statistical Area)",68.481
2024-01-01,49180,"Winston-Salem, NC (Metropolitan Statistical Area)",71.377
2023-01-01,49180,"Winston-Salem, NC (Metropolitan Statistical Area)",68.784
2022-01-01,49180,"Winston-Salem, NC (Metropolitan Statistical Area)",69.586
2021-01-01,49180,"Winston-Salem, NC (Metropolitan Statistical Area)",66.286
2020-01-01,49180,"Winston-Salem, NC (Metropolitan Statistical Area)",67.490
2019-01-01,49180,"Winston-Salem, NC (Metropolitan Statistical Area)",64.530
2019-01-01,49340,"Worcester, MA (Metropolitan Statistical Area)",102.910
2018-01-01,49340,"Worcester, MA (Metropolitan Statistical Area)",104.996
2017-01-01,49340,"Worcester, MA (Metropolitan Statistical Area)",105.880
2016-01-01,49340,"Worcester, MA (Metropolitan Statistical Area)",109.747
2015-01-01,49340,"Worcester, MA (Metropolitan Statistical Area)",101.773
2014-01-01,49340,"Worcester, MA (Metropolitan Statistical Area)",114.081
2013-01-01,49340,"Worcester, MA (Metropolitan Statistical Area)",114.948
2012-01-01,49340,"Worcester, MA (Metropolitan Statistical Area)",113.741
2011-01-01,49340,"Worcester, MA (Metropolitan Statistical Area)",117.433
2010-01-01,49340,"Worcester, MA (Metropolitan Statistical Area)",113.051
2009-01-01,49340,"Worcester, MA (Metropolitan Statistical Area)",112.776
2008-01-01,49340,"Worcester, MA (Metropolitan Statistical Area)",112.407
2024-01-01,49340,"Worcester, MA (Metropolitan Statistical Area)",113.001
2023-01-01,49340,"Worcester, MA (Metropolitan Statistical Area)",109.184
2022-01-01,49340,"Worcester, MA (Metropolitan Statistical Area)",106.846
2021-01-01,49340,"Worcester, MA (Metropolitan Statistical Area)",104.784
2020-01-01,49340,"Worcester, MA (Metropolitan Statistical Area)",102.849
2018-01-01,49420,"Yakima, WA (Metropolitan Statistical Area)",76.180
2017-01-01,49420,"Yakima, WA (Metropolitan Statistical Area)",75.594
2016-01-01,49420,"Yakima, WA (Metropolitan Statistical Area)",79.583
2015-01-01,49420,"Yakima, WA (Metropolitan Statistical Area)",77.127
2014-01-01,49420,"Yakima, WA (Metropolitan Statistical Area)",85.955
2013-01-01,49420,"Yakima, WA (Metropolitan Statistical Area)",87.122
2012-01-01,49420,"Yakima, WA (Metropolitan Statistical Area)",80.866
2011-01-01,49420,"Yakima, WA (Metropolitan Statistical Area)",85.376
2010-01-01,49420,"Yakima, WA (Metropolitan Statistical Area)",82.947
2009-01-01,49420,"Yakima, WA (Metropolitan Statistical Area)",80.491
2008-01-01,49420,"Yakima, WA (Metropolitan Statistical Area)",78.969
2024-01-01,49420,"Yakima, WA (Metropolitan Statistical Area)",72.628
2023-01-01,49420,"Yakima, WA (Metropolitan Statistical Area)",80.036
2022-01-01,49420,"Yakima, WA (Metropolitan Statistical Area)",83.885
2021-01-01,49420,"Yakima, WA (Metropolitan Statistical Area)",84.309
2020-01-01,49420,"Yakima, WA (Metropolitan Statistical Area)",75.396
2019-01-01,49420,"Yakima, WA (Metropolitan Statistical Area)",76.300
2024-01-01,49620,"York-Hanover, PA (Metropolitan Statistical Area)",79.762
2023-01-01,49620,"York-Hanover, PA (Metropolitan Statistical Area)",86.859
2022-01-01,49620,"York-Hanover, PA (Metropolitan Statistical Area)",85.531
2021-01-01,49620,"York-Hanover, PA (Metropolitan Statistical Area)",85.932
2020-01-01,49620,"York-Hanover, PA (Metropolitan Statistical Area)",88.416
2019-01-01,49620,"York-Hanover, PA (Metropolitan Statistical Area)",84.344
2018-01-01,49620,"York-Hanover, PA (Metropolitan Statistical Area)",88.069
2017-01-01,49620,"York-Hanover, PA (Metropolitan Statistical Area)",92.009
2016-01-01,49620,"York-Hanover, PA (Metropolitan Statistical Area)",85.510
2015-01-01,49620,"York-Hanover, PA (Metropolitan Statistical Area)",89.241
2014-01-01,49620,"York-Hanover, PA (Metropolitan Statistical Area)",95.190
2013-01-01,49620,"York-Hanover, PA (Metropolitan Statistical Area)",92.403
2012-01-01,49620,"York-Hanover, PA (Metropolitan Statistical Area)",84.326
2011-01-01,49620,"York-Hanover, PA (Metropolitan Statistical Area)",78.894
2010-01-01,49620,"York-Hanover, PA (Metropolitan Statistical Area)",91.350
2009-01-01,49620,"York-Hanover, PA (Metropolitan Statistical Area)",90.676
2008-01-01,49620,"York-Hanover, PA (Metropolitan Statistical Area)",85.708
2023-01-01,49660,"Youngstown-Warren, OH (Metropolitan Statistical Area)",50.423
2022-01-01,49660,"Youngstown-Warren, OH (Metropolitan Statistical Area)",51.797
2021-01-01,49660,"Youngstown-Warren, OH (Metropolitan Statistical Area)",53.733
2020-01-01,49660,"Youngstown-Warren, OH (Metropolitan Statistical Area)",53.208
2019-01-01,49660,"Youngstown-Warren, OH (Metropolitan Statistical Area)",57.175
2018-01-01,49660,"Youngstown-Warren, OH (Metropolitan Statistical Area)",56.574
2017-01-01,49660,"Youngstown-Warren, OH (Metropolitan Statistical Area)",57.369
2016-01-01,49660,"Youngstown-Warren, OH (Metropolitan Statistical Area)",55.240
2015-01-01,49660,"Youngstown-Warren, OH (Metropolitan Statistical Area)",59.287
2014-01-01,49660,"Youngstown-Warren, OH (Metropolitan Statistical Area)",61.543
2013-01-01,49660,"Youngstown-Warren, OH (Metropolitan Statistical Area)",63.832
2012-01-01,49660,"Youngstown-Warren, OH (Metropolitan Statistical Area)",64.365
2011-01-01,49660,"Youngstown-Warren, OH (Metropolitan Statistical Area)",60.276
2010-01-01,49660,"Youngstown-Warren, OH (Metropolitan Statistical Area)",61.965
2009-01-01,49660,"Youngstown-Warren, OH (Metropolitan Statistical Area)",60.449
2008-01-01,49660,"Youngstown-Warren, OH (Metropolitan Statistical Area)",60.647
2024-01-01,49660,"Youngstown-Warren, OH (Metropolitan Statistical Area)",53.448
2019-01-01,49700,"Yuba City, CA (Metropolitan Statistical Area)",97.492
2018-01-01,49700,"Yuba City, CA (Metropolitan Statistical Area)",97.224
2017-01-01,49700,"Yuba City, CA (Metropolitan Statistical Area)",89.011
2016-01-01,49700,"Yuba City, CA (Metropolitan Statistical Area)",96.931
2015-01-01,49700,"Yuba City, CA (Metropolitan Statistical Area)",93.352
2014-01-01,49700,"Yuba City, CA (Metropolitan Statistical Area)",92.385
2013-01-01,49700,"Yuba City, CA (Metropolitan Statistical Area)",100.179
2012-01-01,49700,"Yuba City, CA (Metropolitan Statistical Area)",103.803
2011-01-01,49700,"Yuba City, CA (Metropolitan Statistical Area)",104.713
2010-01-01,49700,"Yuba City, CA (Metropolitan Statistical Area)",95.651
2009-01-01,49700,"Yuba City, CA (Metropolitan Statistical Area)",100.094
2008-01-01,49700,"Yuba City, CA (Metropolitan Statistical Area)",102.563
2024-01-01,49700,"Yuba City, CA (Metropolitan Statistical Area)",108.279
2023-01-01,49700,"Yuba City, CA (Metropolitan Statistical Area)",94.859
2022-01-01,49700,"Yuba City, CA (Metropolitan Statistical Area)",82.593
2021-01-01,49700,"Yuba City, CA (Metropolitan Statistical Area)",95.273
2020-01-01,49700,"Yuba City, CA (Metropolitan Statistical Area)",97.460
2023-01-01,49740,"Yuma, AZ (Metropolitan Statistical Area)",65.472
2022-01-01,49740,"Yuma, AZ (Metropolitan Statistical Area)",59.051
2021-01-01,49740,"Yuma, AZ (Metropolitan Statistical Area)",72.143
2020-01-01,49740,"Yuma, AZ (Metropolitan Statistical Area)",62.245
2019-01-01,49740,"Yuma, AZ (Metropolitan Statistical Area)",66.332
2018-01-01,49740,"Yuma, AZ (Metropolitan Statistical Area)",70.033
2017-01-01,49740,"Yuma, AZ (Metropolitan Statistical Area)",68.095
2016-01-01,49740,"Yuma, AZ (Metropolitan Statistical Area)",72.941
2015-01-01,49740,"Yuma, AZ (Metropolitan Statistical Area)",80.764
2014-01-01,49740,"Yuma, AZ (Metropolitan Statistical Area)",69.646
2013-01-01,49740,"Yuma, AZ (Metropolitan Statistical Area)",72.626
2012-01-01,49740,"Yuma, AZ (Metropolitan Statistical Area)",68.006
2011-01-01,49740,"Yuma, AZ (Metropolitan Statistical Area)",74.256
2010-01-01,49740,"Yuma, AZ (Metropolitan Statistical Area)",86.301
2009-01-01,49740,"Yuma, AZ (Metropolitan Statistical Area)",87.371
2008-01-01,49740,"Yuma, AZ (Metropolitan Statistical Area)",75.199
2024-01-01,49740,"Yuma, AZ (Metropolitan Statistical Area)",73.776