year,cbsa_code,cbsa_title,total_population,median_age,median_household_income,per_capita_income,total_housing_units,owner_occupied_units,renter_occupied_units,homeownership_rate,median_home_value,median_gross_rent,rent_as_pct_of_income
2023,10100,"Aberdeen, SD Micro Area",42112,38.2,70761,39977,19901,12039,5914,67.06,208200,796,22.8
2023,10140,"Aberdeen, WA Micro Area",76397,44.7,63539,33763,36568,21770,8212,72.61,279500,1018,28.1
2023,10180,"Abilene, TX Metro Area",178244,34.4,66464,32292,75164,41670,23985,63.47,172800,1095,29.5
2023,10220,"Ada, OK Micro Area",38158,37.5,62564,32176,17483,9949,5025,66.44,170500,880,24.6
2023,10300,"Adrian, MI Micro Area",98823,42.2,67013,33914,43747,30517,8290,78.64,181100,965,29.4
2023,10380,"Aguadilla, PR Metro Area",252430,45.2,20800,13383,122332,60272,30567,66.35,120000,506,29.0
2023,10420,"Akron, OH Metro Area",699508,40.8,71312,41893,318279,199715,94348,67.92,199000,1005,29.4
2023,10460,"Alamogordo, NM Micro Area",68235,36.3,52717,28186,32400,15794,8491,65.04,149500,926,28.4
2023,10480,"Alamosa, CO Micro Area",27622,36.0,48011,29009,13624,7260,3996,64.50,191800,874,28.4
2023,10500,"Albany, GA Metro Area",146768,38.2,54219,29495,67030,32361,25110,56.31,148800,922,30.4
2023,10540,"Albany, OR Metro Area",129794,40.2,73396,34422,52740,33881,16653,67.05,344600,1273,29.8
2023,10580,"Albany-Schenectady-Troy, NY Metro Area",902372,40.5,86072,47155,420069,241774,135785,64.04,268400,1230,28.1
2023,10620,"Albemarle, NC Micro Area",63557,40.6,61631,31623,28292,17997,6439,73.65,214300,830,25.1
2023,10660,"Albert Lea, MN Micro Area",30752,43.9,69012,38696,14116,10221,2664,79.32,164900,837,26.9
2023,10700,"Albertville, AL Micro Area",98712,38.6,60946,31025,41531,27144,8819,75.48,183400,765,27.1
2023,10740,"Albuquerque, NM Metro Area",918567,39.6,67995,38300,398671,255568,116338,68.72,263500,1102,30.8
2023,10760,"Alexander City, AL Micro Area",41070,45.4,57185,31718,22967,12511,4037,75.60,144800,734,25.4
2023,10780,"Alexandria, LA Metro Area",150593,37.9,56492,30898,67375,37678,18177,67.46,173600,935,30.9
2023,10820,"Alexandria, MN Micro Area",39354,44.3,77264,43543,22087,13312,4104,76.44,291700,896,24.6
2023,10860,"Alice, TX Micro Area",45850,35.7,45939,25450,20063,10504,5678,64.91,99300,834,32.8
2023,10900,"Allentown-Bethlehem-Easton, PA-NJ Metro Area",866764,41.4,82602,43319,360133,234260,102717,69.52,277800,1309,30.7
2023,10940,"Alma, MI Micro Area",41478,39.7,61128,29558,16051,11442,3069,78.85,136800,808,30.2
2023,10980,"Alpena, MI Micro Area",28908,47.6,51909,33093,15674,10114,2620,79.43,137800,660,28.8
2023,11020,"Altoona, PA Metro Area",121854,42.9,60594,34593,55788,36621,13927,72.45,156700,854,29.5
2023,11060,"Altus, OK Micro Area",24730,35.0,61497,32371,12046,5992,3786,61.28,145000,865,23.7
2023,11100,"Amarillo, TX Metro Area",270207,36.3,66571,35425,114741,65087,36721,63.93,196500,1044,27.8
2023,11140,"Americus, GA Micro Area",33713,37.8,42821,25212,15484,7249,5226,58.11,126500,841,29.6
2023,11180,"Ames, IA Metro Area",125261,30.0,71090,38602,53647,30531,19112,61.50,231600,1002,29.7
2023,11200,"Amherst Town-Northampton, MA Metro Area",156595,38.7,86391,45006,66490,42489,19281,68.79,363400,1332,31.4
2023,11220,"Amsterdam, NY Micro Area",49461,40.1,62923,31975,22944,13336,5898,69.34,141600,921,30.0
2023,11260,"Anchorage, AK Metro Area",399746,35.4,95918,47015,170639,99162,48388,67.21,358900,1422,29.5
2023,11360,"Anderson Creek, NC Micro Area",136503,35.4,69012,31382,54051,33801,14838,69.49,220700,1080,26.9
2023,11380,"Andrews, TX Micro Area",18518,33.1,76902,36935,7063,5173,1607,76.30,188200,1364,21.3
2023,11420,"Angola, IN Micro Area",34648,43.6,71483,37126,19055,11037,2728,80.18,204300,921,24.0
2023,11460,"Ann Arbor, MI Metro Area",368394,34.8,87156,51746,158115,91988,57268,61.63,353000,1400,32.5
2023,11500,"Anniston-Oxford, AL Metro Area",116141,39.0,55826,29571,53271,31762,13363,70.39,149500,804,27.9
2023,11540,"Appleton, WI Metro Area",244163,39.3,83919,44998,102063,72333,25881,73.65,246000,999,23.8
2023,11580,"Arcadia, FL Micro Area",34719,42.8,50868,24462,15713,9025,3631,71.31,151500,910,30.5
2023,11620,"Ardmore, OK Micro Area",48255,38.3,58856,32628,21619,12779,6108,67.66,153500,945,24.9
2023,11640,"Arecibo, PR Metro Area",181380,45.0,24436,14279,83248,44643,20674,68.35,111700,535,28.1
2023,11660,"Arkadelphia, AR Micro Area",21378,31.9,50985,26153,10012,5014,3133,61.54,147100,734,27.7
2023,11680,"Arkansas City-Winfield, KS Micro Area",34487,38.1,58263,31072,15647,9400,3939,70.47,111600,779,29.3
2023,11700,"Asheville, NC Metro Area",410817,43.8,69236,39959,200730,110126,51368,68.19,338400,1223,30.7
2023,11740,"Ashland, OH Micro Area",52296,41.4,64991,32097,22517,16291,4363,78.88,175900,841,24.6
2023,11820,"Astoria, OR Micro Area",41343,45.2,68705,40991,23251,11160,6935,61.67,437800,1130,29.7
2023,11860,"Atchison, KS Micro Area",16211,36.4,62164,29910,6811,4315,1561,73.43,147900,756,24.4
2023,11900,"Athens, OH Micro Area",61573,32.8,53837,29474,26466,14071,8651,61.93,173800,903,33.9
2023,11940,"Athens, TN Micro Area",67211,43.0,59361,30577,30191,20108,6642,75.17,189200,806,26.1
2023,11980,"Athens, TX Micro Area",83658,43.8,63955,33734,41352,24939,7658,76.51,189600,978,30.4
2023,12020,"Athens-Clarke County, GA Metro Area",218190,33.2,62897,36105,91118,46861,38158,55.12,280900,1144,34.4
2023,12060,"Atlanta-Sandy Springs-Roswell, GA Metro Area",6176937,37.0,86338,44798,2462125,1500707,780040,65.80,335100,1563,31.6
2023,12100,"Atlantic City-Hammonton, NJ Metro Area",369940,44.4,80600,44763,231727,108926,44155,71.16,302600,1328,32.9
2023,12140,"Auburn, IN Micro Area",43584,38.4,70080,34026,18280,13994,3014,82.28,177900,828,25.4
2023,12180,"Auburn, NY Micro Area",75464,43.7,66583,36547,36768,22533,8801,71.91,164200,895,29.4
2023,12220,"Auburn-Opelika, AL Metro Area",196614,33.8,58991,33549,87173,49293,25802,65.64,224600,974,34.8
2023,12260,"Augusta-Richmond County, GA-SC Metro Area",618022,38.2,66628,35233,268250,154034,71557,68.28,207300,1075,31.5
2023,12300,"Augusta-Waterville, ME Micro Area",125614,44.0,65062,37344,63140,39242,14694,72.76,219900,952,29.0
2023,12380,"Austin, MN Micro Area",40069,38.9,71495,35609,16963,11840,3730,76.04,172000,848,27.2
2023,12420,"Austin-Round Rock-San Marcos, TX Metro Area",2357497,35.9,97638,53550,1001295,558660,389989,58.89,434800,1646,29.4
2023,12460,"Bainbridge, GA Micro Area",29118,38.7,50485,26544,13106,6478,3996,61.85,146200,860,27.6
2023,12520,"Baker City, OR Micro Area",16796,47.6,57844,35829,8687,5286,1977,72.78,247700,814,26.1
2023,12540,"Bakersfield-Delano, CA Metro Area",910433,32.4,67660,29238,304481,168321,113095,59.81,310600,1220,33.2
2023,12580,"Baltimore-Columbia-Towson, MD Metro Area",2839409,38.9,97300,51146,1195538,740925,366897,66.88,373300,1562,30.7
2023,12620,"Bangor, ME Metro Area",153571,42.5,63248,36736,75405,45520,19249,70.28,193800,997,29.2
2023,12660,"Baraboo, WI Micro Area",65759,41.3,77648,39770,31091,20054,7371,73.12,242400,970,26.1
2023,12700,"Barnstable Town, MA Metro Area",230073,55.1,94452,60325,165661,82954,20027,80.55,575900,1596,34.5
2023,12740,"Barre, VT Micro Area",59958,43.7,79853,45017,30860,18611,6863,73.06,293900,1094,28.3
2023,12780,"Bartlesville, OK Micro Area",52895,39.4,61205,34969,23745,14793,5803,71.82,160900,903,30.0
2023,12860,"Batavia, NY Micro Area",57943,42.4,72055,36737,26090,18381,6388,74.21,157800,909,27.3
2023,12900,"Batesville, AR Micro Area",38120,39.0,56009,30007,16740,9816,4699,67.63,120500,814,26.3
2023,12940,"Baton Rouge, LA Metro Area",871379,36.0,68910,36908,380325,225509,100636,69.14,232300,1108,32.3
2023,12980,"Battle Creek, MI Metro Area",133846,40.2,60385,33239,59626,38691,14740,72.41,151500,937,29.1
2023,13020,"Bay City, MI Metro Area",103235,43.8,60523,34858,48620,34299,10618,76.36,135100,809,27.9
2023,13060,"Bay City, TX Micro Area",36274,37.5,55174,30189,18871,10191,4633,68.75,162200,998,33.8
2023,13100,"Beatrice, NE Micro Area",21646,42.8,64426,35827,10390,6622,2540,72.28,167100,770,25.7
2023,13140,"Beaumont-Port Arthur, TX Metro Area",396058,37.6,65245,33540,171718,99748,47495,67.74,164300,1063,29.8
2023,13180,"Beaver Dam, WI Micro Area",88818,42.9,73992,37295,38290,25456,10267,71.26,218400,963,23.0
2023,13220,"Beckley, WV Metro Area",113653,43.3,52345,28109,53771,33888,11283,75.02,123400,820,31.0
2023,13260,"Bedford, IN Micro Area",45077,43.5,65551,33401,20530,15321,3835,79.98,164500,800,27.7
2023,13300,"Beeville, TX Micro Area",31000,35.8,56075,22771,10607,6188,2393,72.11,102800,1028,30.5
2023,13340,"Bellefontaine, OH Micro Area",46140,42.1,69183,37613,23797,15193,4365,77.68,186200,832,24.4
2023,13380,"Bellingham, WA Metro Area",228432,38.2,80989,43463,101928,58708,33703,63.53,536100,1465,34.6
2023,13420,"Bemidji, MN Micro Area",46421,35.1,67257,34429,21583,12441,5467,69.47,222300,991,26.2
2023,13460,"Bend, OR Metro Area",253650,42.9,85509,47549,119043,73093,29410,71.31,550400,1583,29.9
2023,13540,"Bennington, VT Micro Area",37312,46.6,71494,43214,20877,11074,3562,75.66,257400,1063,35.7
2023,13660,"Big Rapids, MI Micro Area",40321,40.6,57774,28744,21045,12383,3929,75.91,169900,867,31.6
2023,13700,"Big Spring, TX Micro Area",33127,37.0,71457,34587,13999,8186,3741,68.63,150300,993,25.8
2023,13740,"Billings, MT Metro Area",187269,39.7,74599,43176,84451,54632,23225,70.17,322700,1072,28.7
2023,13780,"Binghamton, NY Metro Area",245844,40.4,63347,36298,114855,68621,33374,67.28,146700,914,30.4
2023,13820,"Birmingham, AL Metro Area",1181432,39.0,69627,39288,522829,325240,135507,70.59,226200,1114,30.6
2023,13860,"Bishop, CA Micro Area",18803,45.6,72432,40569,9500,5316,2607,67.10,338400,1140,22.5
2023,13900,"Bismarck, ND Metro Area",134286,38.0,83982,44938,59633,39719,14898,72.72,295500,1008,25.0
2023,13940,"Blackfoot, ID Micro Area",48993,34.8,76842,31676,17268,12909,3100,80.64,258000,845,26.3
2023,13980,"Blacksburg-Christiansburg-Radford, VA Metro Area",181605,34.9,64627,34816,81987,43753,26282,62.47,228400,1075,29.3
2023,14010,"Bloomington, IL Metro Area",170882,34.2,78329,42362,75120,45046,24026,65.22,198300,992,26.9
2023,14020,"Bloomington, IN Metro Area",161256,33.2,62949,36386,74718,38900,27962,58.18,242800,1137,35.0
2023,14100,"Bloomsburg-Berwick, PA Micro Area",65055,41.4,61992,32432,29775,18222,7652,70.43,199200,904,27.8
2023,14140,"Bluefield, WV-VA Micro Area",98995,44.0,46906,28364,49162,28677,11687,71.05,117500,781,29.6
2023,14180,"Blytheville, AR Micro Area",39749,36.9,53428,30350,19126,9140,6241,59.42,115800,797,25.0
2023,14220,"Bogalusa, LA Micro Area",45238,41.0,42776,25520,21422,12247,5404,69.38,139400,772,34.2
2023,14260,"Boise City, ID Metro Area",790640,37.4,82694,41793,308834,214359,80383,72.73,434400,1383,28.7
2023,14300,"Bonham, TX Micro Area",36525,40.7,68377,34865,14743,9658,3135,75.49,213500,994,25.2
2023,14380,"Boone, NC Micro Area",54607,32.2,51367,32631,33028,12962,8225,61.18,321500,1066,47.1
2023,14420,"Borger, TX Micro Area",20413,38.1,65470,31917,10175,5618,1326,80.90,102200,852,26.0
2023,14460,"Boston-Cambridge-Newton, MA-NH Metro Area",4917661,39.3,112484,61389,2046121,1189120,736354,61.76,610900,1940,30.2
2023,14500,"Boulder, CO Metro Area",328317,37.5,102772,60272,142809,84461,50769,62.46,713900,1893,34.8
2023,14540,"Bowling Green, KY Metro Area",183194,35.6,62437,33295,79695,44208,27368,61.76,219400,936,28.3
2023,14580,"Bozeman, MT Metro Area",122194,33.8,87454,51148,55589,30780,19251,61.52,604900,1574,29.4
2023,14620,"Bradford, PA Micro Area",40149,43.8,61705,32353,19493,12753,3451,78.70,98700,769,26.8
2023,14660,"Brainerd, MN Micro Area",97801,46.7,69311,39104,66485,33106,8440,79.69,270500,949,27.6
2023,14700,"Branson, MO Micro Area",56382,42.0,58258,31125,29875,14816,7329,66.90,203800,925,26.7
2023,14710,"Brattleboro, VT Micro Area",45913,47.3,68021,42142,30104,14306,5354,72.77,265100,1056,29.9
2023,14720,"Breckenridge, CO Micro Area",38268,38.8,102233,56468,35882,10796,4510,70.53,706800,1798,27.3
2023,14740,"Bremerton-Silverdale-Port Orchard, WA Metro Area",276581,39.9,98546,50367,115329,75245,32019,70.15,505700,1741,31.1
2023,14780,"Brenham, TX Micro Area",36156,40.9,75085,41902,17371,11171,4106,73.12,270100,1091,28.5
2023,14820,"Brevard, NC Micro Area",33243,51.9,64523,38899,19147,10961,3629,75.13,336100,909,28.8
2023,14860,"Bridgeport-Stamford-Danbury, CT Metro Area",947528,41.0,111656,69642,375786,231122,119492,65.92,530800,1827,32.0
2023,14940,"Brigham City, UT-ID Micro Area",64406,33.4,77315,31676,22342,16184,4898,76.77,344200,1027,26.5
2023,15020,"Brookhaven, MS Micro Area",34830,41.2,48316,26925,15885,9614,3412,73.81,131800,754,27.6
2023,15060,"Brookings, OR Micro Area",23463,57.2,64769,40421,13123,8443,2837,74.85,366700,1156,30.9
2023,15100,"Brookings, SD Micro Area",34968,28.0,67341,34769,15025,7941,5549,58.87,246300,874,24.0
2023,15180,"Brownsville-Harlingen, TX Metro Area",423192,32.4,51334,23142,157565,88354,47081,65.24,120000,899,30.1
2023,15220,"Brownwood, TX Micro Area",38294,41.4,55305,31827,19087,10209,4770,68.16,149900,887,31.9
2023,15260,"Brunswick-St. Simons, GA Metro Area",114345,43.6,64819,37419,57961,32331,13906,69.92,221400,1003,27.7
2023,15340,"Bucyrus, OH Micro Area",41767,43.3,55477,31729,19844,12864,5256,70.99,123600,761,27.6
2023,15380,"Buffalo-Cheektowaga, NY Metro Area",1161385,40.7,70572,40894,540322,332389,167815,66.45,209600,1005,30.0
2023,15420,"Burley, ID Micro Area",47087,33.5,68214,31156,17470,11455,4597,71.36,244500,916,25.9
2023,15460,"Burlington, IA-IL Micro Area",44881,43.0,61453,35758,22152,14772,5078,74.42,129200,902,32.5
2023,15500,"Burlington, NC Metro Area",174286,38.7,64445,33281,75456,44903,23538,65.61,221200,1007,28.1
2023,15540,"Burlington-South Burlington, VT Metro Area",226603,38.3,90911,47949,102176,62857,30269,67.50,370400,1531,31.4
2023,15580,"Butte-Silver Bow, MT Micro Area",35589,40.3,57504,34925,17396,10818,4529,70.49,223500,810,29.8
2023,15620,"Cadillac, MI Micro Area",49024,42.3,62833,31724,25208,15738,3440,82.06,161400,866,29.2
2023,15660,"Calhoun, GA Micro Area",58336,38.8,61997,31642,23210,15128,5713,72.59,205600,872,28.4
2023,15700,"Cambridge, MD Micro Area",32612,43.9,60495,34780,16416,8837,4487,66.32,252300,959,30.3
2023,15740,"Cambridge, OH Micro Area",38283,42.7,55756,32089,19024,11639,4608,71.64,154100,803,30.2
2023,15780,"Camden, AR Micro Area",27034,44.1,52267,26325,14338,7485,2689,73.57,98700,720,27.6
2023,15820,"Campbellsville, KY Micro Area",37483,39.8,55929,27488,16498,10151,4288,70.30,152900,677,25.6
2023,15860,"Cañon City, CO Micro Area",49394,44.9,61027,30201,20449,13475,4220,76.15,282100,1036,26.4
2023,15900,"Canton, IL Micro Area",33259,43.7,58617,33706,15883,10831,3071,77.91,102500,808,26.6
2023,15940,"Canton-Massillon, OH Metro Area",400495,42.1,65666,35777,180916,115482,51360,69.22,177400,873,26.7
2023,15980,"Cape Coral-Fort Myers, FL Metro Area",792692,49.3,73099,43365,430243,236433,83155,73.98,326300,1597,34.4
2023,16020,"Cape Girardeau, MO-IL Metro Area",97813,38.1,67267,34373,43903,25994,12263,67.95,195200,864,28.1
2023,16060,"Carbondale, IL Micro Area",52706,32.9,45572,30227,27750,11388,11700,49.32,125000,746,30.9
2023,16100,"Carlsbad-Artesia, NM Micro Area",61114,35.9,79605,37698,26633,17354,5891,74.66,199400,1183,25.0
2023,16140,"Carroll, IA Micro Area",20677,41.8,68528,37672,9508,6563,2187,75.01,175700,722,26.0
2023,16180,"Carson City, NV Metro Area",58364,42.1,71809,38222,24902,14950,8702,63.21,426700,1172,29.8
2023,16220,"Casper, WY Metro Area",79735,38.2,71247,40978,37101,24487,8798,73.57,260400,973,27.9
2023,16260,"Cedar City, UT Micro Area",60201,29.9,65527,28886,22824,13255,6403,67.43,342900,1008,28.7
2023,16300,"Cedar Rapids, IA Metro Area",275960,39.3,77084,41820,121966,84748,28523,74.82,202100,899,27.2
2023,16340,"Cedartown, GA Micro Area",43365,38.5,55308,27807,17301,10053,5535,64.49,163500,870,31.1
2023,16380,"Celina, OH Micro Area",42438,39.1,78036,35087,18023,12965,3313,79.65,208600,812,23.4
2023,16460,"Centralia, IL Micro Area",37294,41.3,60839,32199,17379,11514,3951,74.45,100100,771,26.6
2023,16500,"Centralia, WA Micro Area",83925,42.4,69690,33972,36037,23965,8349,74.16,341500,1044,29.6
2023,16540,"Chambersburg, PA Metro Area",156626,42.2,74946,39149,66787,46146,16882,73.22,236300,1071,25.7
2023,16580,"Champaign-Urbana, IL Metro Area",236196,32.3,64558,37537,107994,54874,41482,56.95,194400,1008,31.4
2023,16620,"Charleston, WV Metro Area",207456,43.9,58089,34749,104500,62475,25185,71.27,128900,872,28.1
2023,16660,"Charleston-Mattoon, IL Micro Area",46689,38.2,56040,33965,22717,12279,8056,60.38,121900,793,26.6
2023,16700,"Charleston-North Charleston, SC Metro Area",817756,38.1,82272,46863,370246,224818,102602,68.66,345400,1488,30.9
2023,16740,"Charlotte-Concord-Gastonia, NC-SC Metro Area",2712818,37.9,80201,44995,1139944,690953,358852,65.82,319400,1377,29.1
2023,16820,"Charlottesville, VA Metro Area",222937,39.3,90552,51510,99882,58817,30579,65.79,397600,1528,29.9
2023,16860,"Chattanooga, TN-GA Metro Area",569333,40.4,68666,39431,251533,155387,72077,68.31,246000,1084,28.3
2023,16940,"Cheyenne, WY Metro Area",100661,38.2,77884,42449,45032,30093,12410,70.80,324900,1080,28.9
2023,16980,"Chicago-Naperville-Elgin, IL-IN Metro Area",9359555,38.4,88850,48107,3886535,2360889,1254739,65.30,301900,1378,29.2
2023,17020,"Chico, CA Metro Area",209470,36.3,68574,37965,91176,47987,34358,58.28,408700,1369,35.1
2023,17060,"Chillicothe, OH Micro Area",76748,41.0,59819,31013,32042,20779,8650,70.61,158500,858,30.5
2023,17140,"Cincinnati, OH-KY-IN Metro Area",2255257,38.2,79490,43371,961797,612007,287266,68.06,240200,1047,28.0
2023,17220,"Clarksburg, WV Micro Area",89717,42.9,58376,33398,41225,26792,8275,76.40,156000,828,28.2
2023,17260,"Clarksdale, MS Micro Area",20808,35.7,36259,23098,10188,4399,4064,51.98,86400,719,32.0
2023,17300,"Clarksville, TN-KY Metro Area",328626,31.9,66210,31813,133856,75252,45930,62.10,229400,1141,28.2
2023,17340,"Clearlake, CA Micro Area",68139,44.2,58738,34768,34271,18701,7663,70.93,316800,1292,33.6
2023,17380,"Cleveland, MS Micro Area",30163,36.6,37315,25359,13679,7258,4649,60.96,123600,671,33.9
2023,17410,"Cleveland, OH Metro Area",2171978,41.6,68507,41791,1016658,613085,314309,66.11,201000,996,28.8
2023,17420,"Cleveland, TN Metro Area",127445,40.2,63490,32453,54267,34311,14742,69.95,218500,939,28.6
2023,17500,"Clewiston, FL Micro Area",53122,38.5,48979,26109,22251,13725,4779,74.17,175500,950,33.8
2023,17540,"Clinton, IA Micro Area",46383,42.5,65177,36093,21590,14212,5222,73.13,153800,825,28.3
2023,17580,"Clovis, NM Micro Area",66934,31.9,55193,28149,29791,15784,9898,61.46,154900,954,29.5
2023,17620,"Coamo, PR Micro Area",54358,43.7,21780,13871,25239,15651,4785,76.59,105000,513,33.4
2023,17640,"Coco, PR Micro Area",25397,43.3,21611,12533,13152,7701,2329,76.78,91700,509,24.1
2023,17650,"Cody, WY Micro Area",30109,44.8,70533,41425,14813,9842,3337,74.68,374200,933,26.5
2023,17660,"Coeur d'Alene, ID Metro Area",177736,40.8,77034,38797,78013,49901,19203,72.21,467400,1330,30.4
2023,17740,"Coldwater, MI Micro Area",44914,40.8,61958,30685,20879,13113,3809,77.49,147500,900,25.3
2023,17780,"College Station-Bryan, TX Metro Area",273280,28.4,59691,34136,117162,52388,50256,51.04,261900,1146,35.6
2023,17820,"Colorado Springs, CO Metro Area",760782,35.4,87180,44315,310269,197227,97200,66.99,431600,1611,31.7
2023,17860,"Columbia, MO Metro Area",212850,33.1,69463,37799,92569,51245,33477,60.49,242500,1041,29.8
2023,17900,"Columbia, SC Metro Area",839868,37.5,66146,37159,373131,231413,102965,69.21,213400,1145,32.2
2023,17980,"Columbus, GA-AL Metro Area",326136,36.1,57762,32380,144950,72158,53998,57.20,184900,1030,29.4
2023,18020,"Columbus, IN Metro Area",82881,37.7,80365,41174,35517,23063,9921,69.92,221100,1110,27.0
2023,18060,"Columbus, MS Micro Area",68323,37.4,51587,29149,31772,17093,9522,64.22,138600,887,30.4
2023,18100,"Columbus, NE Micro Area",44899,37.5,75501,36109,18206,12482,4555,73.26,194600,877,23.2
2023,18140,"Columbus, OH Metro Area",2151847,36.6,79847,43665,915425,524079,331213,61.27,274300,1208,27.7
2023,18180,"Concord, NH Micro Area",155018,42.6,93944,47056,66080,44426,16019,73.50,330600,1293,28.0
2023,18220,"Connersville, IN Micro Area",23390,43.9,56659,29274,10900,6688,2791,70.56,114800,779,31.5
2023,18260,"Cookeville, TN Micro Area",143819,39.5,53328,29813,64349,39494,18251,68.39,212000,867,28.8
2023,18300,"Coos Bay-North Bend, OR Micro Area",64832,48.6,60313,35153,31698,20093,8324,70.71,302800,992,30.3
2023,18340,"Corbin, KY Micro Area",149625,39.0,45067,24597,64729,39088,16821,69.91,122500,735,28.0
2023,18380,"Cordele, GA Micro Area",19995,40.4,42745,28062,9902,4279,3687,53.72,120800,743,35.8
2023,18420,"Corinth, MS Micro Area",34500,40.6,49404,29456,16242,9340,4941,65.40,132300,728,26.5
2023,18460,"Cornelia, GA Micro Area",46948,39.6,65622,30661,18774,11985,4063,74.68,212000,939,27.4
2023,18500,"Corning, NY Micro Area",93034,43.1,64740,36754,47565,28614,10302,73.53,128600,878,27.7
2023,18580,"Corpus Christi, TX Metro Area",446797,37.4,65801,33684,198858,103672,63332,62.08,195400,1224,30.9
2023,18620,"Corsicana, TX Micro Area",53735,37.4,59310,27846,21790,12575,5909,68.03,159900,1039,28.9
2023,18660,"Cortland, NY Micro Area",46401,36.5,67527,33818,20842,12460,6308,66.39,158100,911,27.8
2023,18700,"Corvallis, OR Metro Area",96359,33.8,76011,42112,40565,21452,16834,56.03,481700,1359,38.1
2023,18740,"Coshocton, OH Micro Area",36679,41.0,54687,28306,16321,10776,4084,72.52,142300,723,28.8
2023,18820,"Crawfordsville, IN Micro Area",38155,40.0,66571,34462,16534,12079,3445,77.81,166300,827,28.0
2023,18860,"Crescent City, CA Micro Area",27293,40.8,66780,31008,11156,6851,2770,71.21,319600,1182,30.7
2023,18880,"Crestview-Fort Walton Beach-Destin, FL Metro Area",294127,39.2,79150,44122,161369,82195,34587,70.38,333800,1506,31.5
2023,18900,"Crossville, TN Micro Area",62529,53.0,58475,32517,31037,22023,5424,80.24,228000,829,23.9
2023,18980,"Cullman, AL Micro Area",89463,41.1,60916,30977,39538,26376,8167,76.36,180500,883,24.7
2023,19060,"Cumberland, MD-WV Micro Area",94684,42.5,59413,31852,45336,27808,10326,72.92,158200,774,29.1
2023,19100,"Dallas-Fort Worth-Arlington, TX Metro Area",7807555,35.5,87155,44447,3030663,1696056,1129822,60.02,330300,1509,30.5
2023,19140,"Dalton, GA Metro Area",143400,37.2,65715,30484,55617,35739,15620,69.59,190800,878,25.5
2023,19180,"Danville, IL Micro Area",73179,41.2,54537,30447,34390,20899,9286,69.24,92900,802,27.1
2023,19220,"Danville, KY Micro Area",55123,40.7,56209,30036,23838,15730,5760,73.20,164200,761,27.4
2023,19260,"Danville, VA Micro Area",102387,45.2,48994,29107,51777,28534,14731,65.95,138800,827,27.9
2023,19300,"Daphne-Fairhope-Foley, AL Metro Area",239945,43.7,75019,40775,128518,73381,21261,77.54,287000,1211,27.7
2023,19340,"Davenport-Moline-Rock Island, IA-IL Metro Area",381864,40.2,71925,39357,174359,114171,46370,71.12,170000,899,28.5
2023,19430,"Dayton-Kettering-Beavercreek, OH Metro Area",813608,39.1,69752,39016,371428,221750,120439,64.80,186200,984,27.6
2023,19460,"Decatur, AL Metro Area",156924,40.8,63987,33807,68886,46050,15847,74.40,185000,816,27.2
2023,19500,"Decatur, IL Metro Area",102591,40.9,62449,35850,49699,30267,13067,69.85,121800,797,25.7
2023,19540,"Decatur, IN Micro Area",35995,33.2,63128,27765,13250,10147,2198,82.20,173100,799,26.0
2023,19580,"Defiance, OH Micro Area",38258,40.8,73615,35076,16570,12084,3292,78.59,150900,826,25.4
2023,19620,"Del Rio, TX Micro Area",47647,32.3,59673,27114,18631,11168,5538,66.85,151500,956,25.5
2023,19660,"Deltona-Daytona Beach-Ormond Beach, FL Metro Area",689939,47.8,67599,38217,336371,213832,73860,74.33,287200,1407,34.0
2023,19700,"Deming, NM Micro Area",25420,36.6,37917,21871,11567,6282,2800,69.17,112500,685,30.7
2023,19740,"Denver-Aurora-Centennial, CO Metro Area",2977085,37.2,102339,55529,1268353,772021,429185,64.27,570300,1805,30.6
2023,19760,"DeRidder, LA Micro Area",36646,36.9,64995,33294,15968,11387,2304,83.17,164500,882,28.3
2023,19780,"Des Moines-West Des Moines, IA Metro Area",720331,36.7,84209,44796,308705,201187,88264,69.51,252400,1113,27.0
2023,19810,"Detroit Lakes, MN Micro Area",35260,43.2,71117,40834,19869,11207,3197,77.80,266900,899,28.4
2023,19820,"Detroit-Warren-Dearborn, MI Metro Area",4367620,40.2,75123,42145,1914787,1245226,510146,70.94,237100,1162,30.0
2023,19860,"Dickinson, ND Micro Area",38107,35.1,82133,41855,18098,9973,5129,66.04,260400,962,25.6
2023,19940,"Dixon, IL Micro Area",34058,43.0,68459,35065,14993,9804,3578,73.26,155100,853,24.5
2023,19980,"Dodge City, KS Micro Area",34133,31.9,70495,28834,12638,7588,4180,64.48,132700,960,20.6
2023,20020,"Dothan, AL Metro Area",151804,41.4,56772,31823,71480,40881,18934,68.35,163700,878,27.8
2023,20060,"Douglas, GA Micro Area",51422,36.5,48038,23618,20935,11727,6780,63.37,114400,697,25.5
2023,20100,"Dover, DE Metro Area",185043,38.5,72872,34640,74997,49719,20334,70.97,290600,1285,31.6
2023,20140,"Dublin, GA Micro Area",58811,41.1,50316,28862,25579,14268,7100,66.77,122800,757,28.7
2023,20180,"DuBois, PA Micro Area",78902,45.6,60181,32502,38160,25135,6954,78.33,125000,788,27.3
2023,20220,"Dubuque, IA Metro Area",98948,38.8,75919,40624,43003,29695,10890,73.17,226100,944,27.3
2023,20260,"Duluth, MN-WI Metro Area",280710,41.6,71067,39265,142751,86841,32342,72.86,208900,959,30.4
2023,20300,"Dumas, TX Micro Area",21234,30.6,61325,27472,8221,4507,2768,61.95,135400,894,21.6
2023,20340,"Duncan, OK Micro Area",43314,40.9,60236,34244,20311,12834,4394,74.50,135100,865,26.2
2023,20420,"Durango, CO Micro Area",56088,42.3,85296,45717,28613,16462,6738,70.96,549100,1409,30.9
2023,20460,"Durant, OK Micro Area",47237,36.8,54280,28998,20605,11590,6644,63.56,163700,914,28.3
2023,20500,"Durham-Chapel Hill, NC Metro Area",594291,37.6,81017,48827,264772,150713,92709,61.91,359400,1374,29.6
2023,20540,"Dyersburg, TN Micro Area",36681,40.0,54973,37628,16296,9285,5599,62.38,159500,760,25.4
2023,20580,"Eagle Pass, TX Metro Area",57770,30.2,51270,21952,20258,12588,5732,68.71,151500,789,29.4
2023,20660,"Easton, MD Micro Area",37707,51.1,84378,53527,19671,11784,4427,72.69,398300,1248,30.3
2023,20700,"East Stroudsburg, PA Micro Area",167784,43.9,82374,37512,79458,48164,12398,79.53,241200,1347,32.2
2023,20740,"Eau Claire, WI Metro Area",172886,38.2,72513,39831,74835,47006,22822,67.32,240700,974,24.9
2023,20780,"Edwards, CO Micro Area",55374,39.3,103174,62607,33455,14130,6781,67.57,814700,2032,36.6
2023,20820,"Effingham, IL Micro Area",44883,40.0,74219,38047,20056,14443,3767,79.31,167400,740,21.6
2023,20900,"El Campo, TX Micro Area",41651,38.4,66100,32579,17546,10885,4537,70.58,182700,986,27.1
2023,20940,"El Centro, CA Metro Area",179319,33.0,56393,22702,57511,27732,21112,56.78,279500,1012,31.2
2023,20980,"El Dorado, AR Micro Area",38368,41.5,50221,30968,18663,11031,4094,72.93,114700,825,27.9
2023,21020,"Elizabeth City, NC Micro Area",40830,39.0,63912,32707,17565,10018,5376,65.08,223300,1146,31.2
2023,21060,"Elizabethtown, KY Metro Area",126480,37.8,67630,36087,53912,31614,17837,63.93,201100,935,23.7
2023,21120,"Elk City, OK Micro Area",22202,37.1,52323,26675,10120,5437,2755,66.37,153400,821,28.7
2023,21140,"Elkhart-Goshen, IN Metro Area",206868,35.5,65617,31850,80102,51126,20634,71.25,194400,1023,30.2
2023,21180,"Elkins, WV Micro Area",27782,44.2,55057,28277,13090,8009,2376,77.12,137800,807,27.9
2023,21220,"Elko, NV Micro Area",55512,35.7,83305,39266,23053,14308,5868,70.92,280400,1122,22.9
2023,21260,"Ellensburg, WA Micro Area",44736,37.9,69928,41356,24326,12221,7380,62.35,459900,1253,32.6
2023,21300,"Elmira, NY Metro Area",82805,41.9,63469,35624,39143,24384,10532,69.84,132100,1020,31.4
2023,21340,"El Paso, TX Metro Area",869606,33.3,58800,27509,321942,189323,107865,63.70,167000,1045,31.2
2023,21380,"Emporia, KS Micro Area",34724,34.0,58788,30005,16395,8572,5895,59.25,137800,796,25.9
2023,21420,"Enid, OK Metro Area",62322,35.7,67302,33818,27782,15440,8470,64.58,149800,915,24.6
2023,21460,"Enterprise, AL Micro Area",54231,38.8,64672,32757,24399,14442,6418,69.23,180300,970,25.8
2023,21500,"Erie, PA Metro Area",269544,40.1,61476,34285,120019,75241,34865,68.34,169500,876,29.9
2023,21540,"Escanaba, MI Micro Area",36829,47.8,54829,34716,19841,12502,3398,78.63,146800,698,26.3
2023,21580,"Española, NM Micro Area",40165,42.4,53901,30548,19703,11697,3283,78.08,230900,760,22.4
2023,21640,"Eufaula, AL-GA Micro Area",26849,41.7,43740,25352,13417,6864,3151,68.54,108700,647,24.9
2023,21660,"Eugene-Springfield, OR Metro Area",382628,40.2,69311,38563,168316,94723,64786,59.38,395800,1287,32.0
2023,21700,"Eureka-Arcata, CA Micro Area",135418,39.6,61135,36082,62625,30879,23999,56.27,418800,1249,36.6
2023,21740,"Evanston, WY-UT Micro Area",23193,36.8,81526,33955,12085,6381,1915,76.92,258900,876,20.5
2023,21780,"Evansville, IN Metro Area",269721,39.9,67671,38495,122457,78583,33582,70.06,190800,963,27.8
2023,21820,"Fairbanks-College, AK Metro Area",95555,32.4,84722,44666,42695,22318,13858,61.69,282500,1424,29.1
2023,21860,"Fairmont, MN Micro Area",19864,44.5,62969,37466,9715,6399,2441,72.39,158800,735,29.4
2023,21900,"Fairmont, WV Micro Area",56042,40.4,67537,33719,26283,17411,5554,75.82,164300,901,27.3
2023,21980,"Fallon, NV Micro Area",25614,39.8,73268,37304,10924,6620,3108,68.05,298000,1203,27.0
2023,22020,"Fargo, ND-MN Metro Area",254914,33.0,75523,43099,114738,59750,47857,55.53,276600,940,26.7
2023,22060,"Faribault-Northfield, MN Micro Area",67389,37.1,82792,38276,25173,17714,5631,75.88,298500,1046,28.9
2023,22100,"Farmington, MO Micro Area",66864,39.2,54813,27266,28815,16670,7443,69.13,155100,786,27.5
2023,22140,"Farmington, NM Metro Area",121178,38.0,53020,26583,48085,28811,12242,70.18,185100,917,28.6
2023,22180,"Fayetteville, NC Metro Area",389851,32.1,58909,30984,163767,82192,64689,55.96,185900,1150,30.2
2023,22190,"Fayetteville, TN Micro Area",35617,43.0,63115,34761,16124,11238,3351,77.03,209100,782,22.6
2023,22220,"Fayetteville-Springdale-Rogers, AR Metro Area",563436,34.6,77979,40908,229369,130443,79072,62.26,273400,1094,25.0
2023,22260,"Fergus Falls, MN Micro Area",60281,46.3,70912,38723,36669,19934,5247,79.16,252500,805,28.0
2023,22300,"Findlay, OH Micro Area",74885,39.6,69699,39313,33871,21877,9741,69.19,196500,926,25.9
2023,22340,"Fitzgerald, GA Micro Area",17138,38.5,39081,23099,8135,4283,2879,59.80,114600,692,23.8
2023,22380,"Flagstaff, AZ Metro Area",144643,32.4,69748,35810,69907,31565,22077,58.84,413200,1406,31.3
2023,22420,"Flint, MI Metro Area",404087,40.6,60673,34587,183729,117865,48510,70.84,172900,936,31.1
2023,22500,"Florence, SC Metro Area",199675,39.9,53874,31324,91063,51607,25989,66.51,158800,898,31.5
2023,22520,"Florence-Muscle Shoals, AL Metro Area",152685,41.3,58049,33252,72688,43450,19544,68.97,175800,813,27.0
2023,22540,"Fond du Lac, WI Metro Area",104053,41.9,73154,38436,45908,30260,12756,70.35,209800,926,24.8
2023,22580,"Forest City, NC Micro Area",64850,45.3,49771,29217,32682,19699,6890,74.09,180800,748,27.1
2023,22620,"Forrest City, AR Micro Area",22740,39.7,41784,22296,9583,4353,3528,55.23,87700,791,31.9
2023,22660,"Fort Collins-Loveland, CO Metro Area",363561,36.6,91364,49323,161882,97491,54080,64.32,532200,1677,32.4
2023,22700,"Fort Dodge, IA Micro Area",36848,39.8,68054,35172,17053,10962,4679,70.09,138500,762,25.4
2023,22780,"Fort Leonard Wood, MO Micro Area",53850,27.5,66435,29250,19374,9763,6671,59.41,189700,1072,23.3
2023,22800,"Fort Madison, IA Micro Area",33175,43.7,59803,32537,15808,10800,3505,75.50,123600,814,28.6
2023,22820,"Fort Morgan, CO Micro Area",29186,36.9,75407,31867,11670,7183,3850,65.10,299300,1092,27.0
2023,22840,"Fort Payne, AL Micro Area",71946,39.6,51149,25274,30853,19916,6030,76.76,135500,683,26.9
2023,22900,"Fort Smith, AR-OK Metro Area",228916,38.7,56717,31368,100960,59653,30476,66.19,160100,841,25.9
2023,23060,"Fort Wayne, IN Metro Area",451440,36.8,69378,36444,191399,126410,53062,70.43,194000,963,27.2
2023,23140,"Frankfort, IN Micro Area",32967,36.5,63690,30108,13496,9144,3252,73.77,157300,915,25.6
2023,23180,"Frankfort, KY Micro Area",75661,41.2,68277,38480,34278,21916,10128,68.39,204700,922,27.9
2023,23190,"Franklin, KY Micro Area",19786,39.0,57392,28786,8456,5097,2592,66.29,195700,1011,28.1
2023,23240,"Fredericksburg, TX Micro Area",27202,50.5,67799,43555,14255,8004,3268,71.01,432300,1331,29.8
2023,23300,"Freeport, IL Micro Area",44042,45.2,61943,34672,21375,13824,5645,71.01,127500,764,27.4
2023,23340,"Fremont, NE Micro Area",37146,38.9,71294,34866,16553,9924,4939,66.77,188100,985,25.5
2023,23380,"Fremont, OH Micro Area",58770,42.5,62500,34573,26475,18167,6285,74.30,152500,786,26.3
2023,23420,"Fresno, CA Metro Area",1170942,33.4,71897,31495,392371,207701,158975,56.64,363300,1301,32.7
2023,23460,"Gadsden, AL Metro Area",103208,41.8,53070,29553,47487,28881,10279,73.75,160600,807,30.0
2023,23500,"Gaffney, SC Micro Area",56299,40.3,49047,27175,24945,16025,5839,73.29,135200,813,29.0
2023,23540,"Gainesville, FL Metro Area",344521,34.3,58946,36810,154596,81114,56551,58.92,245800,1219,37.1
2023,23580,"Gainesville, GA Metro Area",208395,38.2,77430,37271,79233,49081,22182,68.87,313600,1247,30.5
2023,23620,"Gainesville, TX Micro Area",42473,40.3,72472,38518,17841,11727,4525,72.16,224600,1088,27.9
2023,23660,"Galesburg, IL Micro Area",49294,42.4,53291,29614,23788,14490,6275,69.78,104900,725,32.2
2023,23680,"Gallipolis, OH Micro Area",29162,41.3,56455,30683,13454,8632,2673,76.36,135000,798,25.9
2023,23700,"Gallup, NM Micro Area",71172,34.1,44496,19580,25213,14509,6579,68.80,72100,810,22.9
2023,23780,"Garden City, KS Micro Area",38001,32.1,72437,31556,14279,8449,4749,64.02,191100,991,19.5
2023,23820,"Gardnerville Ranchos, NV-CA Micro Area",51319,53.9,88659,52926,26186,16915,4654,78.42,584700,1544,31.3
2023,23900,"Gettysburg, PA Metro Area",105183,43.8,81071,39339,43377,31948,8463,79.06,256100,1084,27.4
2023,23940,"Gillette, WY Micro Area",47018,35.8,95253,40983,19952,14019,3860,78.41,266400,952,30.8
2023,23980,"Glasgow, KY Micro Area",55042,40.4,49004,27595,24826,14906,7311,67.09,156000,760,28.2
2023,24020,"Glens Falls, NY Metro Area",126443,45.8,74953,41041,69288,40038,14257,73.74,218600,1053,28.7
2023,24100,"Gloversville, NY Micro Area",52787,44.1,62615,34843,28169,15645,6962,69.20,156100,883,26.9
2023,24140,"Goldsboro, NC Metro Area",117606,37.4,58082,31216,53134,28846,18042,61.52,162700,932,28.0
2023,24180,"Granbury, TX Micro Area",64198,46.3,86802,44564,28796,20320,4668,81.32,281300,1414,30.4
2023,24220,"Grand Forks, ND-MN Metro Area",103669,33.1,68653,38623,48406,25139,18354,57.80,232900,947,28.4
2023,24260,"Grand Island, NE Metro Area",76619,37.0,67397,34661,31854,19869,10241,65.99,201600,896,27.5
2023,24300,"Grand Junction, CO Metro Area",157316,40.8,71485,38589,68861,46413,18146,71.89,349400,1154,29.6
2023,24330,"Grand Rapids, MN Micro Area",45141,46.9,66380,36315,25589,15168,3342,81.94,212000,944,33.5
2023,24340,"Grand Rapids-Wyoming-Kentwood, MI Metro Area",1154320,36.6,80296,39932,463653,324303,112132,74.31,261600,1138,29.1
2023,24420,"Grants Pass, OR Metro Area",88069,47.5,59097,34176,39217,26049,10287,71.69,383100,1157,33.4
2023,24460,"Great Bend, KS Micro Area",25275,38.8,56733,31835,12373,6768,3451,66.23,117200,742,24.9
2023,24500,"Great Falls, MT Metro Area",84601,38.3,66203,36562,39248,24490,10419,70.15,243300,902,27.5
2023,24540,"Greeley, CO Metro Area",340711,35.2,93287,41661,125033,90674,29345,75.55,444500,1469,33.1
2023,24580,"Green Bay, WI Metro Area",329375,39.2,77459,40606,147446,92367,42798,68.34,238700,959,25.3
2023,24600,"Greencastle, IN Micro Area",37091,38.4,76182,34050,15148,10283,3697,73.56,205800,883,27.6
2023,24620,"Greeneville, TN Micro Area",70919,44.6,54071,30170,32470,21325,6768,75.91,186400,713,24.1
2023,24640,"Greenfield, MA Micro Area",70922,47.3,72584,41366,34424,21650,9848,68.73,303400,1169,33.8
2023,24660,"Greensboro-High Point, NC Metro Area",779894,38.9,63083,35569,342062,199029,112766,63.83,207600,1045,29.6
2023,24700,"Greensburg, IN Micro Area",26411,40.4,74228,36726,11619,7909,2609,75.19,189900,828,21.9
2023,24740,"Greenville, MS Micro Area",43674,38.3,40117,24162,20894,9777,7450,56.75,99300,786,31.9
2023,24780,"Greenville, NC Metro Area",172279,33.6,58851,34229,81656,37384,36020,50.93,194300,971,28.8
2023,24820,"Greenville, OH Micro Area",51655,42.0,64654,34446,22643,15359,5973,72.00,169100,747,24.0
2023,24860,"Greenville-Anderson-Greer, SC Metro Area",945301,38.8,69016,38413,413652,265150,110453,70.59,242700,1100,29.8
2023,24900,"Greenwood, MS Micro Area",37260,37.3,37718,25077,17593,8748,5430,61.70,100800,685,30.3
2023,24940,"Greenwood, SC Micro Area",93681,40.5,51044,30922,43267,25708,11598,68.91,162100,860,29.0
2023,24980,"Grenada, MS Micro Area",31050,39.7,46918,27417,15767,8102,4220,65.75,119400,809,27.0
2023,25020,"Guayama, PR Metro Area",67171,43.2,20430,12987,34381,19803,7538,72.43,97900,463,27.3
2023,25060,"Gulfport-Biloxi, MS Metro Area",418452,39.5,61266,33050,187371,111223,53545,67.50,192000,1067,29.8
2023,25100,"Guymon, OK Micro Area",20880,33.4,59275,25716,8462,4769,2101,69.42,155600,939,26.5
2023,25180,"Hagerstown-Martinsburg, MD-WV Metro Area",298525,40.4,75473,37301,125658,82373,33633,71.01,258300,1130,29.1
2023,25200,"Hailey, ID Micro Area",31010,43.7,81389,46494,18436,9083,2914,75.71,544300,1166,26.6
2023,25220,"Hammond, LA Metro Area",135218,35.7,57256,30992,58663,35896,14295,71.52,204600,974,33.5
2023,25260,"Hanford-Corcoran, CA Metro Area",152830,32.3,68750,26420,46695,23976,19760,54.82,305700,1228,29.8
2023,25300,"Hannibal, MO Micro Area",38887,40.9,63425,30990,17922,11264,3948,74.05,156700,802,24.1
2023,25420,"Harrisburg-Carlisle, PA Metro Area",597894,40.1,79281,42772,257534,165626,77556,68.11,239100,1151,26.9
2023,25460,"Harrison, AR Micro Area",45071,42.7,53775,29182,21502,12915,5366,70.65,170600,704,25.0
2023,25500,"Harrisonburg, VA Metro Area",136231,34.8,72145,34832,54749,31015,18364,62.81,284800,1122,27.1
2023,25540,"Hartford-West Hartford-East Hartford, CT Metro Area",1144012,41.0,92823,50992,498040,309811,152899,66.96,309300,1357,30.0
2023,25580,"Hastings, NE Micro Area",40503,39.4,67077,36658,18439,12077,4801,71.55,171800,832,28.5
2023,25620,"Hattiesburg, MS Metro Area",154567,35.3,59008,33087,66658,37676,21651,63.51,182400,987,30.7
2023,25700,"Hays, KS Micro Area",28870,32.5,59889,37575,13247,7608,4578,62.43,211100,899,31.1
2023,25720,"Heber, UT Micro Area",78517,38.6,125583,65333,41652,21092,5370,79.71,838100,1941,26.4
2023,25740,"Helena, MT Metro Area",92391,42.4,74040,42823,42389,27801,10632,72.34,363400,1049,26.5
2023,25770,"Hemlock Farms, PA Micro Area",59691,49.4,79318,42243,39948,20685,3324,86.16,250900,1383,31.4
2023,25775,"Henderson, KY Micro Area",57366,40.8,58404,31592,25837,15464,7914,66.15,152500,791,26.5
2023,25780,"Henderson, NC Micro Area",42361,39.9,46943,27223,19423,9224,6857,57.36,146300,860,30.8
2023,25820,"Hereford, TX Micro Area",18487,31.4,54114,24087,6993,3938,2035,65.93,116000,919,21.9
2023,25840,"Hermiston-Pendleton, OR Micro Area",92336,36.6,69037,31293,36506,21995,10521,67.64,250800,958,25.6
2023,25850,"Hermitage, PA Micro Area",109852,45.2,60614,33320,50884,33450,12673,72.52,153600,808,27.7
2023,25860,"Hickory-Lenoir-Morganton, NC Metro Area",366972,43.4,60255,33377,165443,109836,37899,74.35,193400,823,25.0
2023,25880,"Hillsdale, MI Micro Area",45658,42.8,60869,31996,21490,14468,3390,81.02,170500,801,27.2
2023,25900,"Hilo-Kailua, HI Micro Area",203684,44.1,77215,38406,89786,53333,19625,73.10,486400,1411,30.2
2023,25940,"Hilton Head Island-Bluffton-Port Royal, SC Metro Area",222781,46.8,81015,49021,115045,69109,22105,75.77,393100,1448,29.9
2023,25980,"Hinesville, GA Metro Area",84338,29.4,60329,27465,33833,15382,13860,52.60,183500,1174,29.6
2023,26020,"Hobbs, NM Micro Area",73154,32.5,68750,31554,28125,17072,7496,69.49,176000,1119,28.4
2023,26090,"Holland, MI Micro Area",120913,40.8,80255,37565,52262,38711,6273,86.06,247000,1065,28.7
2023,26140,"Homosassa Springs, FL Metro Area",158693,56.9,55355,35586,83417,59129,10572,84.83,223200,1069,33.0
2023,26220,"Hood River, OR Micro Area",23958,40.2,82095,46105,10210,6142,2879,68.09,571200,1381,29.0
2023,26300,"Hot Springs, AR Metro Area",100062,45.3,55409,32793,52570,30297,13465,69.23,176400,942,26.8
2023,26340,"Houghton, MI Micro Area",39534,33.7,56403,32248,21073,11147,4194,72.66,144900,764,32.3
2023,26380,"Houma-Bayou Cane-Thibodaux, LA Metro Area",204032,38.2,64269,33067,88400,60091,19147,75.84,189900,983,28.9
2023,26420,"Houston-Pasadena-The Woodlands, TX Metro Area",7274714,35.3,80458,41559,2839496,1592707,1009181,61.21,275200,1378,31.2
2023,26460,"Hudson, NY Micro Area",61245,49.5,83619,53325,33331,19668,6430,75.36,309800,1199,31.8
2023,26500,"Huntingdon, PA Micro Area",43844,43.5,65429,32158,20932,12601,3437,78.57,180300,795,24.3
2023,26540,"Huntington, IN Micro Area",36757,40.8,62734,34479,16275,11599,3628,76.17,146400,866,26.7
2023,26580,"Huntington-Ashland, WV-KY-OH Metro Area",372801,41.8,58483,32258,173587,109626,40465,73.04,149000,856,29.8
2023,26620,"Huntsville, AL Metro Area",504712,38.8,83529,45250,218196,142756,59734,70.50,265000,1091,27.0
2023,26660,"Huntsville, TX Micro Area",78292,37.1,49862,24983,29626,14387,10793,57.14,207900,986,36.3
2023,26700,"Huron, SD Micro Area",19279,36.9,63082,31506,8453,5257,2228,70.23,178400,834,27.1
2023,26740,"Hutchinson, KS Micro Area",61693,40.7,60498,32203,28309,17540,7804,69.21,125000,857,27.1
2023,26780,"Hutchinson, MN Micro Area",36771,41.5,78468,41336,15936,11645,3326,77.78,233400,906,24.6
2023,26820,"Idaho Falls, ID Metro Area",161944,33.2,77300,33616,58199,40003,14291,73.68,325000,1052,26.4
2023,26860,"Indiana, PA Micro Area",83213,39.5,58739,31524,37672,22964,9327,71.12,145400,786,28.5
2023,26900,"Indianapolis-Carmel-Greenwood, IN Metro Area",2106327,36.7,77065,42522,898849,552222,276818,66.61,244000,1142,29.1
2023,26980,"Iowa City, IA Metro Area",177420,31.9,74142,43808,76849,43136,28126,60.53,280400,1077,32.4
2023,27020,"Iron Mountain, MI-WI Micro Area",30557,48.6,61960,36432,18600,11579,2368,83.02,141900,752,27.3
2023,27060,"Ithaca, NY Metro Area",102879,32.8,73012,42505,47362,23291,19978,53.83,271500,1374,36.1
2023,27100,"Jackson, MI Metro Area",160187,41.2,65004,34834,69188,46556,15478,75.05,182900,958,29.0
2023,27140,"Jackson, MS Metro Area",615908,38.1,60489,33883,270686,159535,76948,67.46,188500,1034,31.9
2023,27180,"Jackson, TN Metro Area",180844,38.9,58740,30922,79784,46764,24695,65.44,168600,956,30.9
2023,27220,"Jackson, WY-ID Micro Area",35459,40.0,106679,65790,19702,9422,4534,67.51,954600,1577,23.6
2023,27260,"Jacksonville, FL Metro Area",1645707,39.1,77013,41987,713833,426007,216840,66.27,308900,1416,31.9
2023,27300,"Jacksonville, IL Micro Area",37468,42.0,66168,35927,17426,11011,4146,72.65,124100,704,23.4
2023,27340,"Jacksonville, NC Metro Area",208537,27.1,64568,30998,85917,44208,28308,60.96,219500,1198,29.8
2023,27380,"Jacksonville, TX Micro Area",51143,38.2,59830,27825,20964,13155,4930,72.74,160300,880,26.5
2023,27420,"Jamestown, ND Micro Area",21525,40.6,60172,40216,10397,5915,3380,63.64,200300,742,26.5
2023,27460,"Jamestown-Dunkirk, NY Micro Area",126329,42.7,56507,31951,66328,37020,16582,69.06,119300,797,30.6
2023,27500,"Janesville-Beloit, WI Metro Area",163944,40.1,74390,37428,70694,47086,19566,70.64,215900,1019,26.7
2023,27540,"Jasper, IN Micro Area",43563,40.1,71918,37126,18715,13366,4222,75.99,212500,801,22.8
2023,27600,"Jefferson, GA Micro Area",80640,38.1,85012,35704,29389,21524,5452,79.79,312700,1048,25.8
2023,27620,"Jefferson City, MO Metro Area",150147,39.5,72425,35545,64648,41774,16122,72.15,203900,804,22.7
2023,27700,"Jesup, GA Micro Area",30519,38.9,49562,25077,12590,7280,3765,65.91,149800,839,24.2
2023,27740,"Johnson City, TN Metro Area",208934,42.1,56096,33901,98148,59835,28390,67.82,199100,888,28.6
2023,27780,"Johnstown, PA Metro Area",132355,45.7,56292,33863,64494,42220,13472,75.81,115900,733,27.9
2023,27860,"Jonesboro, AR Metro Area",134837,35.2,55478,31184,58401,31418,20970,59.97,181200,907,30.6
2023,27900,"Joplin, MO-KS Metro Area",202258,38.2,60146,30805,87651,53144,25034,67.98,157000,872,28.7
2023,27940,"Juneau, AK Micro Area",31969,39.8,100513,51146,14170,8462,4676,64.41,432500,1462,24.8
2023,27980,"Kahului-Wailuku, HI Metro Area",164675,42.9,95049,44402,72398,36062,19445,64.97,858600,1863,32.6
2023,28020,"Kalamazoo-Portage, MI Metro Area",261437,34.9,70525,39915,114463,67948,38303,63.95,227500,1049,29.9
2023,28060,"Kalispell, MT Micro Area",108445,42.1,71327,39403,50948,32259,11309,74.04,467700,1094,30.7
2023,28100,"Kankakee, IL Metro Area",106833,39.0,68325,35005,45396,28124,12771,68.77,185700,1075,29.5
2023,28140,"Kansas City, MO-KS Metro Area",2202006,37.8,81927,44205,950404,578663,303589,65.59,265400,1201,27.9
2023,28180,"Kapaa, HI Micro Area",73610,42.7,93612,42553,30392,15788,7677,67.28,817900,1810,29.9
2023,28260,"Kearney, NE Micro Area",57020,35.5,75141,38353,24166,14952,7440,66.77,234000,901,24.9
2023,28300,"Keene, NH Micro Area",76945,43.5,81001,41683,35777,21452,9067,70.29,257200,1220,28.4
2023,28340,"Kendallville, IN Micro Area",47417,39.5,70908,33516,20212,13700,4271,76.23,183400,776,26.4
2023,28380,"Kennett, MO Micro Area",27795,39.5,47368,26121,13451,6899,4266,61.79,93800,632,27.7
2023,28420,"Kennewick-Richland, WA Metro Area",307900,34.4,85881,38785,112280,72938,32876,68.93,362200,1238,29.0
2023,28450,"Kenosha, WI Metro Area",168413,39.2,79412,40540,72897,45743,21888,67.64,247800,1175,28.6
2023,28500,"Kerrville, TX Micro Area",53166,48.6,67927,39822,25439,15673,6594,70.39,285100,1079,28.2
2023,28540,"Ketchikan, AK Micro Area",13870,40.8,89155,46608,6659,3785,1836,67.34,379000,1388,29.8
2023,28580,"Key West-Key Largo, FL Micro Area",81840,48.9,82430,57683,54418,21952,12678,63.39,723800,1959,35.6
2023,28620,"Kill Devil Hills, NC Micro Area",37534,48.5,81214,46784,34839,12821,3662,77.78,425400,1307,31.9
2023,28660,"Killeen-Temple, TX Metro Area",485850,32.6,67203,32909,190840,99845,72958,57.78,215000,1160,29.7
2023,28680,"Kingsland, GA Micro Area",56036,34.6,72399,34401,23192,13410,7614,63.78,233900,1167,32.8
2023,28700,"Kingsport-Bristol, TN-VA Metro Area",309580,45.6,55948,33842,149151,96647,33247,74.40,182500,820,26.2
2023,28740,"Kingston, NY Metro Area",182109,44.2,81804,45702,86178,51163,21942,69.99,315100,1335,34.2
2023,28780,"Kingsville, TX Micro Area",30629,29.3,57612,26301,13984,6360,5434,53.93,152200,1022,30.2
2023,28820,"Kinston, NC Micro Area",54917,42.2,44795,28409,26767,13588,9342,59.26,111400,814,27.7
2023,28860,"Kirksville, MO Micro Area",29268,31.1,56468,32340,13286,6387,3775,62.85,155500,767,25.6
2023,28880,"Kiryas Joel-Poughkeepsie-Newburgh, NY Metro Area",700984,39.3,96912,46159,271096,173243,79252,68.61,364400,1568,32.3
2023,28900,"Klamath Falls, OR Micro Area",69812,41.3,59353,32939,33004,19822,9018,68.73,255700,973,31.2
2023,28940,"Knoxville, TN Metro Area",919553,40.5,69734,39184,412448,260373,110654,70.18,255300,1080,28.8
2023,29020,"Kokomo, IN Metro Area",83610,41.0,62496,34785,39795,25247,9882,71.87,151500,915,30.0
2023,29060,"Laconia, NH Micro Area",64300,48.3,87983,47000,38718,20553,5565,78.69,340000,1184,30.4
2023,29100,"La Crosse-Onalaska, WI-MN Metro Area",169945,38.8,71009,39805,75928,48254,22549,68.15,235300,998,27.6
2023,29180,"Lafayette, LA Metro Area",410883,37.2,60910,34845,185064,112323,50440,69.01,206900,954,30.6
2023,29200,"Lafayette-West Lafayette, IN Metro Area",225019,30.8,59895,32672,96331,52104,37163,58.37,204300,1071,32.9
2023,29260,"La Grande, OR Micro Area",26192,40.1,64212,34745,11786,7011,3845,64.58,260500,982,26.9
2023,29300,"LaGrange, GA-AL Micro Area",104271,38.7,53959,30521,45682,24717,14924,62.35,164500,1000,31.3
2023,29340,"Lake Charles, LA Metro Area",245973,37.3,67010,34855,112016,66529,24204,73.32,198900,1070,30.4
2023,29380,"Lake City, FL Micro Area",70755,40.7,55070,28030,30066,18938,7782,70.88,186400,915,29.3
2023,29420,"Lake Havasu City-Kingman, AZ Metro Area",217420,53.2,55799,34178,119593,71347,25552,73.63,253200,1047,29.7
2023,29460,"Lakeland-Winter Haven, FL Metro Area",760961,39.6,63644,31927,329750,193698,82945,70.02,240000,1272,32.1
2023,29470,"Lake of the Woods, VA Micro Area",37208,42.0,94175,45021,15895,11411,3256,77.80,337300,1145,26.9
2023,29540,"Lancaster, PA Metro Area",555151,39.1,83703,41319,217863,147259,63277,69.94,279400,1289,28.4
2023,29620,"Lansing-East Lansing, MI Metro Area",470434,36.5,70886,39209,206585,128831,64164,66.75,205400,1054,29.5
2023,29660,"Laramie, WY Micro Area",37713,28.7,59881,37277,18735,8198,8411,49.36,322100,936,32.8
2023,29700,"Laredo, TX Metro Area",267731,29.8,62506,24408,86727,50841,28731,63.89,178900,997,31.4
2023,29720,"Lares, PR Micro Area",27944,45.0,19323,10871,12448,6881,3636,65.43,102200,493,30.9
2023,29740,"Las Cruces, NM Metro Area",221665,34.0,55663,28726,91402,54542,28988,65.30,205400,903,33.0
2023,29780,"Las Vegas, NM Micro Area",31212,47.8,47700,29006,17775,10510,3405,75.53,171500,775,31.4
2023,29820,"Las Vegas-Henderson-North Las Vegas, NV Metro Area",2293764,38.3,73845,38654,935960,483415,363963,57.05,400800,1518,33.2
2023,29860,"Laurel, MS Micro Area",83050,38.5,49867,27240,36807,23466,7524,75.72,125000,810,31.2
2023,29900,"Laurinburg, NC Micro Area",34353,38.3,43500,27678,14421,7288,5088,58.89,109900,766,30.5
2023,29940,"Lawrence, KS Metro Area",119547,31.3,68756,39321,53308,24725,25214,49.51,281600,1066,30.4
2023,29980,"Lawrenceburg, TN Micro Area",44901,39.0,53233,27208,18699,12718,3986,76.14,176700,736,27.5
2023,30020,"Lawton, OK Metro Area",127174,34.0,59060,30759,55354,26214,20555,56.05,151500,933,27.1
2023,30060,"Lebanon, MO Micro Area",36245,39.6,50825,28202,15951,10132,4321,70.10,158000,796,27.2
2023,30140,"Lebanon, PA Metro Area",143592,41.3,76350,37701,59582,39792,16054,71.25,227300,1087,28.8
2023,30150,"Lebanon-Claremont, NH-VT Micro Area",222850,46.0,79161,46513,123177,66693,23156,74.23,269700,1182,29.0
2023,30180,"Le Mars, IA Micro Area",25699,41.1,81600,42241,10863,7587,2710,73.68,218600,865,17.7
2023,30260,"Lewisburg, PA Micro Area",42570,40.5,72894,36765,16158,10218,4083,71.45,222900,944,29.1
2023,30280,"Lewisburg, TN Micro Area",35276,39.6,70829,35984,14521,10275,2993,77.44,246100,924,26.0
2023,30300,"Lewiston, ID-WA Metro Area",64901,42.3,70694,38250,28661,19397,7291,72.68,289400,956,29.0
2023,30340,"Lewiston-Auburn, ME Metro Area",112323,40.8,67298,35885,50202,31410,15222,67.36,232000,966,28.7
2023,30380,"Lewistown, PA Micro Area",46074,43.1,61415,30357,21425,13221,5281,71.46,142900,792,25.1
2023,30420,"Lexington, NE Micro Area",25949,36.8,66023,37687,11114,6446,3313,66.05,161100,859,22.7
2023,30460,"Lexington-Fayette, KY Metro Area",517378,36.6,70717,41230,229005,127078,86294,59.56,258900,1070,29.1
2023,30500,"Lexington Park, MD Metro Area",208163,38.5,123577,53635,82038,59509,15719,79.10,414100,1694,28.0
2023,30580,"Liberal, KS Micro Area",21640,31.0,62269,29053,8299,4414,2794,61.24,134000,924,24.0
2023,30620,"Lima, OH Metro Area",101685,39.7,62001,33382,44697,27960,12968,68.32,158400,898,26.9
2023,30660,"Lincoln, IL Micro Area",27870,40.5,64188,34109,11984,7707,3415,69.30,125900,804,27.7
2023,30700,"Lincoln, NE Metro Area",341309,34.4,73095,40527,145370,82557,56250,59.48,257500,1043,28.1
2023,30780,"Little Rock-North Little Rock-Conway, AR Metro Area",753605,37.4,65309,37678,340840,195060,111460,63.64,199300,1007,28.4
2023,30820,"Lock Haven, PA Micro Area",37707,39.8,58842,31762,18640,10931,4327,71.64,179100,815,28.4
2023,30860,"Logan, UT-ID Metro Area",151746,26.4,77520,31946,50576,31093,16895,64.79,386700,1120,27.8
2023,30900,"Logansport, IN Micro Area",37703,41.1,56525,29370,16389,11245,3679,75.35,118700,778,25.2
2023,30980,"Longview, TX Metro Area",288921,38.0,65210,32940,121822,73893,32371,69.54,178200,1039,28.9
2023,31020,"Longview-Kelso, WA Metro Area",111539,41.1,72932,36520,45884,28716,14693,66.15,367400,1169,29.8
2023,31060,"Los Alamos, NM Micro Area",19374,41.1,143188,72684,8660,6121,2090,74.55,452500,1308,16.8
2023,31080,"Los Angeles-Long Beach-Anaheim, CA Metro Area",13012469,38.2,93525,46385,4762557,2168812,2296096,48.57,825300,1987,33.8
2023,31140,"Louisville/Jefferson County, KY-IN Metro Area",1361847,39.3,71737,40019,597784,377669,172754,68.61,236400,1064,28.1
2023,31180,"Lubbock, TX Metro Area",354782,32.3,62288,34458,154226,79044,59481,57.06,188700,1116,31.2
2023,31220,"Ludington, MI Micro Area",29177,47.2,62296,34751,17499,9699,2727,78.05,199300,840,28.1
2023,31260,"Lufkin, TX Micro Area",86791,37.8,58847,28858,36798,20695,11488,64.30,149800,1056,30.7
2023,31300,"Lumberton, NC Micro Area",116858,36.5,40318,22925,48874,28049,14695,65.62,88600,784,29.9
2023,31340,"Lynchburg, VA Metro Area",262716,40.0,67782,35474,118436,73340,29390,71.39,224600,967,27.7
2023,31380,"Macomb, IL Micro Area",27102,35.1,50434,30785,13598,7304,4456,62.11,103500,730,30.5
2023,31420,"Macon-Bibb County, GA Metro Area",234040,38.6,58127,33136,104250,54868,33246,62.27,172300,1003,33.6
2023,31500,"Madison, IN Micro Area",33074,41.6,59987,32420,14446,8816,3883,69.42,180600,865,27.3
2023,31540,"Madison, WI Metro Area",683967,36.9,86827,49799,309095,179737,115790,60.82,344600,1300,28.0
2023,31580,"Madisonville, KY Micro Area",45143,41.3,57610,28979,20965,13037,5132,71.75,128800,841,25.0
2023,31620,"Magnolia, AR Micro Area",22527,34.5,47363,25947,11032,5781,2580,69.14,141700,631,26.1
2023,31680,"Malvern, AR Micro Area",33142,43.0,52644,26304,14259,9363,2738,77.37,127900,763,24.9
2023,31700,"Manchester-Nashua, NH Metro Area",424732,41.0,100436,52243,176753,113275,54457,67.53,385500,1532,29.6
2023,31740,"Manhattan, KS Metro Area",133413,27.1,64096,33219,56668,25565,24443,51.12,212600,1083,29.2
2023,31820,"Manitowoc, WI Micro Area",81314,45.0,68611,37639,37960,26730,8303,76.30,172900,777,22.9
2023,31860,"Mankato, MN Metro Area",103736,33.9,74722,38607,43074,26168,13999,65.15,255000,1023,28.2
2023,31900,"Mansfield, OH Metro Area",125138,40.9,57649,30380,54616,34280,15788,68.47,154000,791,27.9
2023,31930,"Marietta, OH Micro Area",59318,44.1,61355,35444,27979,18619,6268,74.81,174100,828,30.0
2023,31940,"Marinette, WI-MI Micro Area",65202,49.3,60185,34744,42633,23036,5615,80.40,151300,732,23.5
2023,31980,"Marion, IN Micro Area",66377,39.3,54007,29023,29878,19203,7554,71.77,116000,799,26.3
2023,32000,"Marion, NC Micro Area",44679,44.3,55527,29555,21475,13657,4788,74.04,168300,741,23.8
2023,32020,"Marion, OH Micro Area",65145,40.5,57306,30491,27381,16630,7894,67.81,146200,850,29.4
2023,32060,"Marion-Herrin, IL Micro Area",66902,41.4,65521,37096,31957,20467,8307,71.13,145600,897,28.2
2023,32100,"Marquette, MI Micro Area",66430,39.2,64675,34471,33553,19863,8024,71.23,202000,923,31.4
2023,32140,"Marshall, MN Micro Area",25498,37.3,72761,37201,11252,7057,2946,70.55,193100,742,26.8
2023,32180,"Marshall, MO Micro Area",23177,35.4,56566,28530,9833,5670,2338,70.80,139600,733,30.8
2023,32260,"Marshalltown, IA Micro Area",39971,38.7,72785,32737,16860,11400,4146,73.33,134100,860,23.4
2023,32280,"Martin, TN Micro Area",32959,37.9,49502,26807,15028,8816,4458,66.42,136300,760,26.4
2023,32300,"Martinsville, VA Micro Area",63949,45.6,47021,28685,32476,18785,7337,71.91,117900,733,26.9
2023,32340,"Maryville, MO Micro Area",20959,33.9,55970,28894,9478,5224,3165,62.27,165100,754,27.6
2023,32380,"Mason City, IA Micro Area",50165,44.0,66394,40034,26217,16510,6106,73.00,152100,829,23.1
2023,32390,"Massena-Ogdensburg, NY Micro Area",107796,39.0,61900,31574,51884,29840,11892,71.50,119800,799,30.9
2023,32420,"Mayagüez, PR Metro Area",211487,45.8,20400,14063,115607,52416,28406,64.85,108900,483,33.0
2023,32460,"Mayfield, KY Micro Area",36612,40.0,50576,29608,16437,10810,3342,76.38,139000,713,29.3
2023,32540,"McAlester, OK Micro Area",43629,40.3,54787,29823,22204,12608,5041,71.44,146300,857,30.7
2023,32580,"McAllen-Edinburg-Mission, TX Metro Area",880921,30.3,52281,22005,302173,178475,85653,67.57,124000,925,29.7
2023,32620,"McComb, MS Micro Area",53794,38.9,41963,24380,25992,14465,6161,70.13,113900,860,28.3
2023,32660,"McMinnville, TN Micro Area",41587,40.0,54088,28619,18343,11433,4699,70.87,173900,775,28.4
2023,32700,"McPherson, KS Micro Area",30130,39.1,77701,35857,13128,9211,2940,75.80,198400,889,25.1
2023,32740,"Meadville, PA Micro Area",83189,43.9,60254,31919,42188,24765,8851,73.67,143400,800,26.7
2023,32780,"Medford, OR Metro Area",222563,42.7,71443,38797,97083,58922,31757,64.98,400200,1310,32.1
2023,32820,"Memphis, TN-MS-AR Metro Area",1341606,36.7,64743,36519,576520,313655,204019,60.59,228100,1153,31.3
2023,32860,"Menomonie, WI Micro Area",45349,35.8,71785,36207,18812,11554,5815,66.52,226200,942,25.4
2023,32900,"Merced, CA Metro Area",285597,31.8,65044,27711,89610,45097,39508,53.30,368400,1284,30.0
2023,32940,"Meridian, MS Micro Area",87408,40.0,49156,28201,41193,23303,11496,66.96,121500,893,31.1
2023,33020,"Mexico, MO Micro Area",24688,40.3,56232,28068,10566,6540,2451,72.74,121600,698,27.8
2023,33060,"Miami, OK Micro Area",30360,37.3,48656,24911,13695,7907,3848,67.26,114300,764,27.2
2023,33100,"Miami-Fort Lauderdale-West Palm Beach, FL Metro Area",6138876,41.9,73481,42369,2662397,1394735,916495,60.35,405600,1770,37.2
2023,33140,"Michigan City-La Porte, IN Metro Area",112141,40.8,70452,34650,49878,32570,11111,74.56,180700,926,27.5
2023,33180,"Middlesborough, KY Micro Area",23878,41.2,32403,20463,11608,5817,3709,61.06,83000,617,32.8
2023,33220,"Midland, MI Metro Area",83641,41.8,77538,42734,37048,27079,7529,78.24,184300,974,30.3
2023,33260,"Midland, TX Metro Area",176726,32.7,93442,48843,73772,47096,21994,68.17,290300,1377,28.7
2023,33300,"Milledgeville, GA Micro Area",43669,36.4,55413,32573,20180,10324,5751,64.22,164700,865,33.2
2023,33340,"Milwaukee-Waukesha, WI Metro Area",1566361,38.5,76404,44476,695586,392835,257249,60.43,283800,1105,28.7
2023,33380,"Minden, LA Micro Area",36189,41.2,37396,24115,18341,10067,4694,68.20,105600,777,43.8
2023,33420,"Mineral Wells, TX Micro Area",28920,41.1,64972,32196,15147,7575,3376,69.17,167300,1024,30.9
2023,33460,"Minneapolis-St. Paul-Bloomington, MN-WI Metro Area",3693351,37.8,98180,51500,1530451,1034946,423950,70.94,354400,1396,29.1
2023,33500,"Minot, ND Metro Area",76773,33.9,79195,42097,36516,20088,11389,63.82,247900,993,23.5
2023,33540,"Missoula, MT Metro Area",124435,37.3,70888,42927,58577,32520,21254,60.48,417300,1118,29.2
2023,33580,"Mitchell, SD Micro Area",25779,39.5,64723,36333,11973,7219,3558,66.99,187200,745,25.2
2023,33620,"Moberly, MO Micro Area",24524,40.1,55310,27268,10811,6510,2742,70.36,141900,742,29.7
2023,33660,"Mobile, AL Metro Area",413162,38.4,58119,32032,185413,104128,56379,64.87,176600,1021,32.2
2023,33700,"Modesto, CA Metro Area",552250,34.8,79661,33653,184240,107644,68813,61.00,426600,1528,31.4
2023,33740,"Monroe, LA Metro Area",224705,38.0,49203,29313,101676,53827,32254,62.53,163000,897,34.9
2023,33780,"Monroe, MI Metro Area",155001,42.6,75272,39303,66300,50732,11777,81.16,215700,1017,31.6
2023,33860,"Montgomery, AL Metro Area",385159,37.9,62746,34359,172442,97479,52519,64.99,181400,1063,29.4
2023,33900,"Monticello, IN Micro Area",24709,42.5,66143,33178,12926,7826,2039,79.33,163000,853,27.5
2023,33910,"Monticello, NY Micro Area",79147,41.7,69826,40474,49667,20934,9281,69.28,234800,999,29.2
2023,33940,"Montrose, CO Micro Area",43272,45.7,66072,36936,19429,13085,4444,74.65,357900,1120,29.9
2023,33980,"Morehead City, NC Micro Area",68652,50.1,70235,42707,51615,22932,8266,73.50,304200,1062,33.9
2023,34020,"Morgan City, LA Micro Area",48455,39.7,51768,28157,22510,13064,5641,69.84,128000,839,30.6
2023,34060,"Morgantown, WV Metro Area",140724,35.0,62394,37435,65010,35857,21301,62.73,226800,926,32.8
2023,34100,"Morristown, TN Metro Area",120765,42.0,58130,32354,53028,33409,13700,70.92,198000,853,27.4
2023,34140,"Moscow, ID Micro Area",40315,30.7,65179,35157,17429,9737,6321,60.64,342500,905,29.7
2023,34180,"Moses Lake, WA Micro Area",100428,33.5,71115,32241,39496,22649,11853,65.65,275700,1059,25.6
2023,34220,"Moultrie, GA Micro Area",45907,37.2,49691,27073,19288,10660,6147,63.43,121400,779,28.2
2023,34260,"Mountain Home, AR Micro Area",42150,51.9,48427,30900,22836,14459,4830,74.96,165400,866,30.5
2023,34300,"Mountain Home, ID Micro Area",29046,32.5,58976,30146,12168,7087,3761,65.33,278300,1111,26.9
2023,34340,"Mount Airy, NC Micro Area",71407,43.7,56095,31947,33609,21534,7832,73.33,166400,741,27.7
2023,34380,"Mount Pleasant, MI Micro Area",64475,29.8,53759,29626,28600,15283,9659,61.27,165100,863,32.6
2023,34420,"Mount Pleasant, TX Micro Area",55950,37.6,56163,27141,23717,14980,5746,72.28,145200,811,28.4
2023,34460,"Mount Sterling, KY Micro Area",47286,40.7,55186,28291,21070,12445,5635,68.83,134400,737,22.3
2023,34500,"Mount Vernon, IL Micro Area",36808,41.1,61102,31541,16650,10638,4167,71.85,118400,862,24.8
2023,34540,"Mount Vernon, OH Micro Area",62888,39.4,73988,34636,26038,17588,5847,75.05,218300,925,29.1
2023,34580,"Mount Vernon-Anacortes, WA Metro Area",130407,41.9,85474,43158,56472,36394,15124,70.64,486200,1439,31.4
2023,34620,"Muncie, IN Metro Area",112109,35.7,56932,30037,51611,30682,15464,66.49,127600,874,31.2
2023,34660,"Murray, KY Micro Area",37882,35.4,51854,29862,18034,9608,5478,63.69,181200,828,28.8
2023,34680,"Murrells Inlet, SC Micro Area",64200,51.6,66734,43928,36704,22099,4494,83.10,262300,1166,29.3
2023,34700,"Muscatine, IA Micro Area",42735,39.1,69512,35228,18429,12854,4316,74.86,172400,966,26.2
2023,34740,"Muskegon-Norton Shores, MI Metro Area",175378,39.9,63495,32307,74969,52525,14587,78.26,180900,960,29.8
2023,34780,"Muskogee, OK Micro Area",66471,38.2,51999,27090,29363,17123,8669,66.39,138800,824,28.7
2023,34820,"Myrtle Beach-Conway-North Myrtle Beach, SC Metro Area",368937,48.2,64623,36572,211686,114026,36316,75.84,260500,1181,31.0
2023,34860,"Nacogdoches, TX Micro Area",64897,31.8,51528,28856,28995,14573,10541,58.03,158200,923,34.6
2023,34880,"Nantucket, MA Micro Area",14299,40.8,119750,72733,12449,3861,1187,76.49,1387000,2070,28.6
2023,34900,"Napa, CA Metro Area",136070,42.8,108970,57795,55601,31985,17678,64.40,838800,2141,31.6
2023,34940,"Naples-Marco Island, FL Metro Area",387681,53.1,86173,59973,234732,122225,38642,75.98,486800,1752,36.5
2023,34980,"Nashville-Davidson--Murfreesboro--Franklin, TN Metro Area",2043713,36.8,82499,45266,871937,528545,277283,65.59,376800,1434,29.8
2023,35020,"Natchez, MS-LA Micro Area",54550,40.5,38706,23620,27329,14188,6332,69.14,99600,721,29.7
2023,35060,"Natchitoches, LA Micro Area",37047,33.3,46798,26602,18663,8785,5323,62.27,163000,767,35.0
2023,35100,"New Bern, NC Micro Area",122634,41.4,63380,35967,59318,36325,14290,71.77,198700,1068,28.7
2023,35140,"Newberry, SC Micro Area",38121,42.0,59670,33073,18398,11172,4048,73.40,158200,854,29.3
2023,35220,"New Castle, IN Micro Area",48896,42.1,60144,31084,20968,14018,4442,75.94,140200,807,24.9
2023,35300,"New Haven, CT Metro Area",566803,40.2,86266,48264,247217,137908,89831,60.56,328300,1463,31.6
2023,35340,"New Iberia, LA Micro Area",69194,37.8,57811,29664,31215,18267,8602,67.99,156000,891,30.2
2023,35380,"New Orleans-Metairie, LA Metro Area",988763,38.9,62271,37547,463532,239444,157585,60.31,248000,1182,33.3
2023,35420,"New Philadelphia-Dover, OH Micro Area",92585,41.2,64494,32489,40840,26185,11942,68.68,176800,876,28.0
2023,35440,"Newport, OR Micro Area",50632,52.5,61314,37265,32373,16292,6537,71.37,387700,1150,31.6
2023,35460,"Newport, TN Micro Area",36503,45.4,48416,27442,17883,10762,4361,71.16,141800,787,24.8
2023,35580,"New Ulm, MN Micro Area",25826,42.4,68690,36580,11802,8695,2251,79.44,181700,931,28.0
2023,35620,"New York-Newark-Jersey City, NY-NJ Metro Area",19756722,39.4,97334,54510,7991914,3789974,3572526,51.48,587400,1780,31.0
2023,35660,"Niles, MI Metro Area",153411,42.6,63152,37747,77127,46311,17340,72.76,211400,923,29.4
2023,35700,"Nogales, AZ Micro Area",48209,37.9,53614,25634,18997,11498,5318,68.38,216100,781,27.8
2023,35740,"Norfolk, NE Micro Area",48682,38.2,66629,36083,20983,13573,5727,70.33,193000,850,24.7
2023,35820,"North Platte, NE Micro Area",34934,42.4,64652,34209,16937,9601,5295,64.45,183000,866,26.4
2023,35840,"North Port-Bradenton-Sarasota, FL Metro Area",865031,53.6,78278,50350,474782,282729,91278,75.59,367700,1637,33.9
2023,35900,"North Wilkesboro, NC Micro Area",65983,45.3,50438,27866,31744,19941,7034,73.92,161400,715,26.9
2023,35940,"Norwalk, OH Micro Area",58412,40.4,65972,32660,25575,17242,6190,73.58,158900,824,23.7
2023,35980,"Norwich-New London-Willimantic, CT Metro Area",279025,41.0,84185,45691,125728,74923,39654,65.39,293900,1316,29.9
2023,36020,"Oak Harbor, WA Micro Area",86747,44.5,88358,46226,42398,26521,9008,74.65,535300,1631,31.7
2023,36100,"Ocala, FL Metro Area",387697,48.2,58535,32513,183453,122533,37263,76.68,220800,1174,31.5
2023,36180,"Ocean Pines, MD Micro Area",53279,50.7,81455,51620,56585,18286,5541,76.74,348100,1180,31.4
2023,36220,"Odessa, TX Metro Area",163206,31.3,71031,34459,67542,40217,22205,64.43,190500,1284,30.8
2023,36260,"Ogden, UT Metro Area",645510,32.8,98361,39672,221009,160863,49769,76.37,437700,1393,27.7
2023,36340,"Oil City, PA Micro Area",50096,47.6,61626,33044,26203,16144,5198,75.64,114500,774,25.7
2023,36380,"Okeechobee, FL Micro Area",40249,40.7,52288,27836,18532,11323,3864,74.56,179000,974,28.0
2023,36420,"Oklahoma City, OK Metro Area",1445122,35.8,70499,38240,615515,359717,203215,63.90,214700,1081,28.9
2023,36460,"Olean, NY Micro Area",76479,42.5,58248,31173,40279,23732,8090,74.58,109400,759,28.9
2023,36500,"Olympia-Lacey-Tumwater, WA Metro Area",296640,39.8,93985,44646,123333,79392,37780,67.76,451500,1634,31.9
2023,36540,"Omaha, NE-IA Metro Area",972840,36.5,83023,44338,407404,254941,129456,66.32,248100,1152,28.5
2023,36580,"Oneonta, NY Micro Area",59738,40.4,67086,36506,30011,16807,5801,74.34,175900,942,26.8
2023,36620,"Ontario, OR-ID Micro Area",57891,37.6,59225,26776,21628,13428,6092,68.79,271100,837,26.4
2023,36660,"Opelousas, LA Micro Area",82128,37.5,45637,25018,37001,22159,9479,70.04,142900,742,30.1
2023,36700,"Orangeburg, SC Micro Area",83531,40.8,43214,25682,41420,21670,11210,65.91,109700,804,33.8
2023,36740,"Orlando-Kissimmee-Sanford, FL Metro Area",2721022,38.3,75611,38776,1120478,623087,362055,63.25,338500,1659,34.4
2023,36780,"Oshkosh-Neenah, WI Metro Area",171357,38.4,72873,40072,76770,47341,24617,65.79,208600,924,25.7
2023,36820,"Oskaloosa, IA Micro Area",22045,39.1,69019,35035,9708,6031,2860,67.83,140900,821,21.9
2023,36830,"Othello, WA Micro Area",20690,29.2,65042,25934,6844,4351,1950,69.05,251300,901,29.5
2023,36837,"Ottawa, IL Micro Area",147676,42.5,70941,37828,68553,45997,15579,74.70,148600,893,26.1
2023,36840,"Ottawa, KS Micro Area",25994,40.1,72142,34403,11239,7558,2731,73.46,187400,949,28.0
2023,36900,"Ottumwa, IA Micro Area",35265,39.9,60034,33337,15740,9501,4587,67.44,112900,950,28.5
2023,36940,"Owatonna, MN Micro Area",37413,40.2,83448,41392,15878,11986,3015,79.90,234200,1006,33.4
2023,36980,"Owensboro, KY Metro Area",112322,39.1,65656,35046,48370,30408,14357,67.93,182100,894,26.8
2023,37020,"Owosso, MI Micro Area",68061,43.1,64464,34107,30272,21905,5713,79.31,164600,876,29.0
2023,37060,"Oxford, MS Micro Area",69359,32.6,61617,33169,34894,15245,8302,64.74,222900,1036,31.3
2023,37100,"Oxnard-Thousand Oaks-Ventura, CA Metro Area",838259,39.4,107327,48416,294651,178388,99657,64.16,768400,2248,34.4
2023,37120,"Ozark, AL Micro Area",49516,38.0,53955,29344,22910,12127,7642,61.34,129100,863,24.7
2023,37140,"Paducah, KY-IL Metro Area",102924,43.3,62286,36357,49618,29573,11695,71.66,160500,854,27.7
2023,37220,"Pahrump, NV Micro Area",53207,52.4,55975,32336,25186,16508,5435,75.23,266000,1013,28.3
2023,37260,"Palatka, FL Micro Area",74235,45.0,47256,26908,36614,22256,8394,72.61,147300,902,31.0
2023,37300,"Palestine, TX Micro Area",57825,39.5,58846,25793,20474,12006,5136,70.04,173400,1006,33.2
2023,37340,"Palm Bay-Melbourne-Titusville, FL Metro Area",620533,46.8,75817,42738,294461,193755,58134,76.92,304400,1456,32.2
2023,37420,"Pampa, TX Micro Area",21916,36.9,56658,30916,10367,6083,2146,73.92,102700,897,30.2
2023,37460,"Panama City-Panama City Beach, FL Metro Area",206627,41.4,67834,37313,117171,59383,26017,69.54,263500,1390,32.8
2023,37500,"Paragould, AR Micro Area",46182,37.8,56793,27650,19420,11678,6248,65.15,162200,852,28.8
2023,37540,"Paris, TN Micro Area",32345,45.8,48540,29136,17044,9982,3223,75.59,145200,741,24.2
2023,37580,"Paris, TX Micro Area",62042,41.7,57315,30851,28930,16717,8332,66.74,167500,898,29.3
2023,37620,"Parkersburg-Vienna, WV Metro Area",88960,44.0,56029,32948,43019,28359,9418,75.07,151600,786,30.3
2023,37740,"Payson, AZ Micro Area",53610,51.4,59089,32645,32614,17944,5309,77.17,247000,1001,27.7
2023,37800,"Pella, IA Micro Area",33551,39.7,78059,40540,14268,10425,2984,77.75,211100,880,24.9
2023,37860,"Pensacola-Ferry Pass-Brent, FL Metro Area",516994,38.9,73588,37860,225953,139092,60450,69.71,260500,1267,29.8
2023,37900,"Peoria, IL Metro Area",365773,40.0,70872,40014,167809,111366,41477,72.86,160500,923,28.1
2023,37940,"Peru, IN Micro Area",35772,41.0,61130,29185,14927,9957,3313,75.03,118000,794,25.0
2023,37950,"Petoskey, MI Micro Area",34159,46.4,73724,45122,21886,11214,3390,76.79,275300,1033,26.0
2023,37980,"Philadelphia-Camden-Wilmington, PA-NJ-DE-MD Metro Area",6241882,39.1,89273,49178,2608248,1638472,807410,66.99,326700,1413,30.5
2023,38060,"Phoenix-Mesa-Chandler, AZ Metro Area",4941206,37.7,84703,43395,2030723,1230071,624464,66.33,401400,1581,30.5
2023,38100,"Picayune, MS Micro Area",56781,41.1,56535,28399,25137,17804,3685,82.85,174500,887,28.9
2023,38180,"Pierre, SD Micro Area",20744,39.8,78965,40220,9498,6509,2079,75.79,217500,925,24.8
2023,38210,"Pikeville, KY Micro Area",92808,43.0,42014,26123,46430,28801,10108,74.02,100500,792,31.7
2023,38220,"Pine Bluff, AR Micro Area",73271,39.9,48727,25539,34308,17594,9533,64.86,108600,838,29.3
2023,38240,"Pinehurst-Southern Pines, NC Metro Area",102840,42.8,82837,44318,49419,32681,10133,76.33,315300,1181,29.0
2023,38260,"Pittsburg, KS Micro Area",38963,33.8,50311,29188,18088,9560,6337,60.14,122400,837,30.6
2023,38300,"Pittsburgh, PA Metro Area",2443921,42.8,73942,44726,1169819,746600,313151,70.45,204500,1011,27.3
2023,38340,"Pittsfield, MA Metro Area",128047,47.8,72565,47668,69861,39542,16975,69.96,283800,1042,32.4
2023,38380,"Plainview, TX Micro Area",37541,34.7,53276,25570,16000,8087,4886,62.34,104600,789,26.6
2023,38420,"Platteville, WI Micro Area",51678,36.9,64349,33079,22192,13757,6156,69.09,186300,812,27.1
2023,38460,"Plattsburgh, NY Micro Area",78961,41.5,69208,37388,37461,22911,10365,68.85,175100,956,28.5
2023,38500,"Plymouth, IN Micro Area",46225,39.6,68041,33134,19959,13302,4075,76.55,184500,936,26.8
2023,38540,"Pocatello, ID Metro Area",88457,35.0,64080,32268,35683,22882,10458,68.63,267200,879,28.5
2023,38620,"Ponca City, OK Micro Area",43731,38.3,56673,31190,20923,11322,5394,67.73,116800,830,24.9
2023,38660,"Ponce, PR Metro Area",273739,43.8,20646,13325,129258,73356,29341,71.43,103100,503,31.8
2023,38700,"Pontiac, IL Micro Area",35659,41.9,70796,36002,15930,10801,3813,73.91,131500,855,23.4
2023,38740,"Poplar Bluff, MO Micro Area",42166,40.5,49213,27108,19296,10717,5773,64.99,138800,768,28.4
2023,38820,"Port Angeles, WA Micro Area",77593,51.8,67999,40133,38295,25013,9364,72.76,385600,1110,30.5
2023,38860,"Portland-South Portland, ME Metro Area",557764,43.7,88602,49902,284481,172778,63650,73.08,379500,1384,28.9
2023,38900,"Portland-Vancouver-Hillsboro, OR-WA Metro Area",2510529,39.1,94573,50158,1050449,620392,380026,62.01,526500,1654,30.8
2023,38920,"Port Lavaca, TX Micro Area",19921,39.9,71870,38539,10743,6415,1983,76.39,150000,1121,24.5
2023,38940,"Port St. Lucie, FL Metro Area",506701,47.7,72506,40638,237227,156553,42907,78.49,325300,1491,34.7
2023,39020,"Portsmouth, OH Micro Area",73118,40.6,49571,27362,33153,19764,8873,69.02,132300,749,31.8
2023,39040,"Port Townsend, WA Micro Area",33313,59.5,71143,49853,19359,12875,3281,79.69,495100,1291,28.6
2023,39060,"Pottsville, PA Micro Area",143259,43.9,66901,33769,67292,43821,13644,76.26,140400,842,25.9
2023,39150,"Prescott Valley-Prescott, AZ Metro Area",241656,55.0,66106,39890,124032,80054,28846,73.51,392900,1258,28.4
2023,39220,"Price, UT Micro Area",20446,38.8,53673,28462,9629,5465,2558,68.12,200700,828,31.0
2023,39300,"Providence-Warwick, RI-MA Metro Area",1673807,40.6,85646,45170,728781,420887,248217,62.90,385900,1236,29.4
2023,39340,"Provo-Orem-Lehi, UT Metro Area",695895,25.6,96745,35045,207280,136310,63048,68.37,487200,1434,28.5
2023,39380,"Pueblo, CO Metro Area",168726,40.4,62250,33716,73031,46329,21487,68.32,271800,1059,31.6
2023,39420,"Pullman, WA Micro Area",47042,26.1,52893,31884,21232,8365,9587,46.60,323300,1002,39.2
2023,39460,"Punta Gorda, FL Metro Area",195083,60.0,66154,40603,114821,72670,14706,83.17,291000,1289,35.2
2023,39480,"Putnam, CT Micro Area",95829,43.9,87564,44393,41629,29835,9320,76.20,281300,1153,27.5
2023,39500,"Quincy, IL-MO Micro Area",75111,40.9,63470,34954,34598,22608,8378,72.96,151800,803,26.1
2023,39540,"Racine-Mount Pleasant, WI Metro Area",196888,40.5,75331,39704,84558,56283,22826,71.15,239400,1017,26.5
2023,39580,"Raleigh-Cary, NC Metro Area",1449594,37.5,96066,49462,601103,371995,183376,66.98,381000,1459,28.9
2023,39660,"Rapid City, SD Metro Area",151064,40.2,71985,40240,68429,43600,17932,70.86,274200,1083,28.4
2023,39700,"Raymondville, TX Micro Area",20218,33.7,45645,22607,6854,4104,1567,72.37,60800,868,29.1
2023,39740,"Reading, PA Metro Area",429989,39.9,77684,39012,171147,114882,46819,71.05,239700,1143,29.8
2023,39780,"Red Bluff, CA Micro Area",65520,40.1,61834,35527,27456,16574,7952,67.58,315600,1159,31.8
2023,39820,"Redding, CA Metro Area",181554,41.7,71931,38746,79748,46711,24762,65.35,347200,1267,30.5
2023,39860,"Red Wing, MN Micro Area",47844,42.3,82749,42254,21071,15312,4319,78.00,269400,939,29.3
2023,39900,"Reno, NV Metro Area",556539,39.4,84684,45849,240502,136169,84853,61.61,474000,1491,30.1
2023,39940,"Rexburg, ID Micro Area",67279,22.4,60690,24870,23438,8934,8350,51.69,329600,960,30.1
2023,39960,"Rice Lake, WI Micro Area",46741,44.8,64619,36937,23966,15058,4555,76.78,198300,859,27.3
2023,39980,"Richmond, IN Micro Area",66377,40.9,56652,31990,30758,18696,8122,69.71,126100,813,29.4
2023,40060,"Richmond, VA Metro Area",1327321,38.7,84405,46237,561343,351543,172235,67.12,325800,1388,30.8
2023,40080,"Richmond-Berea, KY Micro Area",124287,36.6,58837,30897,54144,32095,16955,65.43,189000,818,27.6
2023,40090,"Rifle, CO Micro Area",79153,38.8,90267,55845,37990,22180,9922,69.09,559600,1637,30.1
2023,40100,"Rio Grande City-Roma, TX Micro Area",65809,29.1,38182,18063,23008,13383,5309,71.60,93300,715,34.6
2023,40140,"Riverside-San Bernardino-Ontario, CA Metro Area",4637725,35.6,86031,35283,1598577,935953,494285,65.44,493600,1756,34.1
2023,40180,"Riverton, WY Micro Area",39472,39.4,64646,32717,17471,10469,4341,70.69,252700,858,25.6
2023,40220,"Roanoke, VA Metro Area",314661,42.8,67447,39434,148029,89434,40707,68.72,236300,986,27.3
2023,40260,"Roanoke Rapids, NC Micro Area",65431,45.9,45823,28248,35469,18428,9438,66.13,102400,769,30.9
2023,40300,"Rochelle, IL Micro Area",51536,42.0,79244,38251,22625,15420,5275,74.51,184100,901,24.4
2023,40340,"Rochester, MN Metro Area",227252,38.8,89675,48977,98552,68699,23703,74.35,284600,1195,28.8
2023,40380,"Rochester, NY Metro Area",1058875,40.6,74438,42174,478537,297579,145370,67.18,190100,1102,29.9
2023,40420,"Rockford, IL Metro Area",336605,39.6,66571,35355,145197,91226,43378,67.77,162600,988,29.6
2023,40460,"Rockingham, NC Micro Area",42818,40.3,43626,24752,19840,10909,5954,64.69,120800,744,32.2
2023,40540,"Rock Springs, WY Micro Area",41786,37.4,76464,40988,19226,12476,4387,73.98,242900,913,24.6
2023,40580,"Rocky Mount, NC Metro Area",144228,41.6,57437,31273,66795,35886,21770,62.24,153000,889,27.0
2023,40620,"Rolla, MO Micro Area",44948,36.2,55427,29191,20246,10923,6721,61.91,194900,801,32.0
2023,40660,"Rome, GA Metro Area",98985,37.8,62540,32628,40763,22773,13915,62.07,194100,971,30.1
2023,40700,"Roseburg, OR Micro Area",111807,46.6,58983,33510,50257,33496,13181,71.76,283200,995,29.1
2023,40740,"Roswell, NM Micro Area",64446,36.9,52029,28273,26794,16214,7391,68.69,141900,838,27.8
2023,40760,"Ruidoso, NM Micro Area",20227,52.7,51643,36086,17768,7455,1921,79.51,212200,883,33.3
2023,40770,"Russellville, AL Micro Area",31978,38.6,51493,26036,13965,8319,3274,71.76,128000,667,22.4
2023,40780,"Russellville, AR Micro Area",84025,37.3,54936,28880,36333,22585,9541,70.30,154900,822,27.8
2023,40820,"Ruston, LA Micro Area",48160,28.6,38035,25193,20650,9814,8527,53.51,195500,821,39.5
2023,40860,"Rutland, VT Micro Area",60484,47.7,64778,38902,33974,18496,6952,72.68,218400,965,30.9
2023,40900,"Sacramento-Roseville-Folsom, CA Metro Area",2406563,38.3,93986,45964,945650,547473,328531,62.50,559000,1729,32.9
2023,40940,"Safford, AZ Micro Area",38860,34.4,67326,26094,13941,9163,3297,73.54,202700,890,23.0
2023,40980,"Saginaw, MI Metro Area",189210,41.1,58347,33992,86134,57042,20544,73.52,139400,921,32.1
2023,41060,"St. Cloud, MN Metro Area",200816,35.5,75670,37626,83695,52516,24915,67.82,254200,1021,27.7
2023,41100,"St. George, UT Metro Area",189827,39.0,76411,37962,78993,48574,18340,72.59,465600,1464,32.3
2023,41140,"St. Joseph, MO-KS Metro Area",120609,39.8,62900,32948,53618,31943,14875,68.23,162100,885,28.1
2023,41180,"St. Louis, MO-IL Metro Area",2809414,39.8,78225,44689,1267353,809401,345440,70.09,232100,1073,28.0
2023,41260,"St. Marys, PA Micro Area",30703,48.5,64103,35683,16876,10631,2850,78.86,128600,720,27.5
2023,41400,"Salem, OH Micro Area",101203,44.7,58474,32265,46133,30255,11120,73.12,139100,736,26.1
2023,41420,"Salem, OR Metro Area",435085,37.3,76010,36260,165046,99101,58886,62.73,389800,1324,31.5
2023,41460,"Salina, KS Micro Area",59583,40.1,63998,34579,26830,16749,7927,67.88,171100,908,27.3
2023,41500,"Salinas, CA Metro Area",435834,35.3,94486,39523,144659,69033,63013,52.28,723100,1995,32.7
2023,41540,"Salisbury, MD Metro Area",128802,36.6,69592,34781,54841,30004,18326,62.08,228300,1200,30.7
2023,41620,"Salt Lake City-Murray, UT Metro Area",1261337,33.7,95045,43026,464304,298149,141490,67.82,478200,1486,28.9
2023,41660,"San Angelo, TX Metro Area",120830,35.9,66037,34865,52744,31344,15356,67.12,186300,1125,30.1
2023,41700,"San Antonio-New Braunfels, TX Metro Area",2612802,35.7,74297,37425,1037336,602739,346358,63.51,258700,1299,30.9
2023,41740,"San Diego-Chula Vista-Carlsbad, CA Metro Area",3282782,37.1,102285,49891,1240607,632194,527628,54.51,791600,2154,33.7
2023,41760,"Sandpoint, ID Micro Area",49456,48.2,65168,37755,26623,15218,4381,77.65,433400,1059,27.5
2023,41780,"Sandusky, OH Metro Area",115099,47.1,70687,42387,67162,37961,12252,75.60,189400,889,26.4
2023,41820,"Sanford, NC Micro Area",64565,39.9,63060,31394,26854,16263,8396,65.95,213800,962,27.2
2023,41860,"San Francisco-Oakland-Fremont, CA Metro Area",4653593,40.0,133780,72306,1866271,961002,774052,55.39,1113800,2426,28.8
2023,41940,"San Jose-Sunnyvale-Santa Clara, CA Metro Area",1969353,37.8,157444,75895,715146,375523,299132,55.66,1342700,2794,27.6
2023,41980,"San Juan-Bayamón-Caguas, PR Metro Area",2063795,44.0,27966,18818,989904,540419,256191,67.84,138700,607,31.3
2023,42020,"San Luis Obispo-Paso Robles, CA Metro Area",281486,40.2,93398,49581,124871,67403,41494,61.90,777200,1899,33.8
2023,42100,"Santa Cruz-Watsonville, CA Metro Area",266021,39.6,109266,55717,106635,58102,38771,59.98,1015200,2172,30.8
2023,42140,"Santa Fe, NM Metro Area",155175,48.5,74689,48908,77686,48973,20375,70.62,416900,1318,29.5
2023,42200,"Santa Maria-Santa Barbara, CA Metro Area",443975,34.5,95977,46679,159766,78754,70206,52.87,735700,2050,33.7
2023,42220,"Santa Rosa-Petaluma, CA Metro Area",485642,42.7,102840,54941,206319,118489,72009,62.20,779000,2093,32.0
2023,42300,"Sault Ste. Marie, MI Micro Area",36448,41.3,60631,30609,20340,10223,3644,73.72,153100,793,28.9
2023,42340,"Savannah, GA Metro Area",412089,36.7,74632,39158,178564,97577,61040,61.52,271100,1370,29.8
2023,42380,"Sayre, PA Micro Area",59971,43.7,62482,35298,29421,17696,6791,72.27,182300,868,25.5
2023,42420,"Scottsbluff, NE Micro Area",36594,40.1,61156,34253,16825,10509,4842,68.46,161400,889,30.0
2023,42460,"Scottsboro, AL Micro Area",52839,43.4,49454,28452,24797,15898,5288,75.04,145800,762,27.4
2023,42540,"Scranton--Wilkes-Barre, PA Metro Area",567887,42.2,63656,35586,263883,156471,76121,67.27,176500,963,28.3
2023,42580,"Seaford, DE Micro Area",247799,51.4,78162,44963,147904,83879,19334,81.27,353300,1221,31.8
2023,42620,"Searcy, AR Micro Area",77395,38.4,53435,28459,33622,19751,9194,68.24,159600,806,30.0
2023,42660,"Seattle-Tacoma-Bellevue, WA Metro Area",4021467,37.4,112594,61286,1681971,958295,628055,60.41,673500,1932,29.4
2023,42680,"Sebastian-Vero Beach-West Vero Corridor, FL Metro Area",163856,55.0,71049,46273,85093,54497,14199,79.33,314700,1284,34.2
2023,42700,"Sebring, FL Metro Area",103808,54.2,55581,32982,58086,36257,9686,78.92,177900,980,31.4
2023,42740,"Sedalia, MO Micro Area",43205,37.9,60232,30954,18608,11876,5061,70.12,161500,863,26.7
2023,42780,"Selinsgrove, PA Micro Area",39711,40.5,68435,32361,16033,10806,3743,74.27,205500,890,26.6
2023,42820,"Selma, AL Micro Area",37536,40.3,36810,24368,18949,9406,6010,61.01,97400,749,36.3
2023,42860,"Seneca, SC Micro Area",79566,46.7,60193,37575,41514,25380,8273,75.42,217200,876,30.3
2023,42900,"Seneca Falls, NY Micro Area",33125,42.8,66007,36170,16148,9848,3831,71.99,142700,925,27.4
2023,42940,"Sevierville, TN Micro Area",98802,43.6,63829,33686,57809,28230,10991,71.98,259500,1013,25.2
2023,42980,"Seymour, IN Micro Area",46319,38.8,70208,33127,19231,13038,4707,73.47,174500,946,25.9
2023,43020,"Shawano, WI Micro Area",45183,44.6,66189,34915,22578,14252,3965,78.23,175200,764,25.4
2023,43060,"Shawnee, OK Micro Area",73011,38.0,60828,29013,30163,18578,8003,69.89,155700,869,26.5
2023,43100,"Sheboygan, WI Metro Area",117783,41.8,71898,39338,52549,35225,14201,71.27,218400,889,23.2
2023,43140,"Shelby-Kings Mountain, NC Micro Area",100170,41.2,55769,29849,43999,26296,10922,70.65,180200,835,29.8
2023,43180,"Shelbyville, TN Micro Area",51291,37.6,62197,29468,20129,13301,5652,70.18,255300,917,28.5
2023,43220,"Shelton, WA Micro Area",66968,44.8,78359,38685,33751,20582,4791,81.12,377400,1205,27.8
2023,43260,"Sheridan, WY Micro Area",31585,42.9,70855,40533,15236,9442,4073,69.86,352200,950,28.4
2023,43300,"Sherman-Denison, TX Metro Area",139988,39.4,70455,36711,60366,35904,17421,67.33,228300,1178,28.8
2023,43320,"Show Low, AZ Micro Area",107744,39.4,52752,24347,56946,28494,10677,72.74,186100,832,22.5
2023,43340,"Shreveport-Bossier City, LA Metro Area",389004,38.2,54635,33865,181250,98121,56750,63.36,187300,1003,32.0
2023,43380,"Sidney, OH Micro Area",48007,40.1,72822,36711,20113,13854,4932,73.75,190300,904,25.7
2023,43420,"Sierra Vista-Douglas, AZ Metro Area",125458,42.9,58970,32708,59312,35586,14890,70.50,207400,939,28.4
2023,43460,"Sikeston, MO Micro Area",50046,40.1,55225,29977,22115,13201,6521,66.94,128800,801,28.2
2023,43500,"Silver City, NM Micro Area",27856,49.0,45921,30395,14664,8107,2962,73.24,164400,810,30.7
2023,43580,"Sioux City, IA-NE-SD Metro Area",144007,36.2,72027,35445,58354,37507,17419,68.29,179100,968,25.8
2023,43620,"Sioux Falls, SD-MN Metro Area",293107,36.1,81418,43434,125197,79118,39630,66.63,274800,987,25.4
2023,43640,"Slidell-Mandeville-Covington, LA Metro Area",269331,40.4,79277,41854,112414,81413,21873,78.82,272200,1305,31.2
2023,43660,"Snyder, TX Micro Area",16633,36.4,62689,30274,6896,4571,1360,77.07,110800,913,22.8
2023,43700,"Somerset, KY Micro Area",65503,42.2,50943,31140,31673,18627,7293,71.86,156300,835,29.4
2023,43740,"Somerset, PA Micro Area",73255,47.0,59378,31736,37800,23335,5736,80.27,130600,749,26.3
2023,43760,"Sonora, CA Micro Area",54873,48.8,72259,41372,31491,16912,5897,74.15,406200,1247,34.7
2023,43780,"South Bend-Mishawaka, IN-MI Metro Area",324180,37.9,65385,36165,143872,90635,37459,70.76,183800,1013,30.1
2023,43890,"Sparta, WI Micro Area",46169,39.6,68213,34501,19918,13233,5046,72.39,197200,920,25.1
2023,43900,"Spartanburg, SC Metro Area",365086,38.3,62440,32932,154594,101926,38418,72.63,207900,991,29.7
2023,43940,"Spearfish, SD Micro Area",26574,43.8,66766,42663,14545,7545,4267,63.88,310800,923,26.3
2023,43980,"Spencer, IA Micro Area",16446,41.8,64082,37963,8141,5270,1979,72.70,171500,798,25.8
2023,44020,"Spirit Lake, IA Micro Area",17844,48.1,74570,47165,14060,6631,2019,76.66,251600,930,25.1
2023,44060,"Spokane-Spokane Valley, WA Metro Area",591793,38.8,72836,39534,250733,152961,81901,65.13,365700,1187,30.7
2023,44100,"Springfield, IL Metro Area",207386,40.9,74580,42795,98753,63647,25838,71.13,171100,949,28.0
2023,44140,"Springfield, MA Metro Area",462853,39.8,70535,37810,197210,114621,69596,62.22,276300,1105,31.6
2023,44180,"Springfield, MO Metro Area",481671,37.3,61488,34596,210306,125013,73280,63.04,213400,927,28.8
2023,44220,"Springfield, OH Metro Area",135445,41.2,60846,32421,61092,38262,17063,69.16,155900,840,27.6
2023,44260,"Starkville, MS Micro Area",61415,27.4,46930,28832,30520,13324,12077,52.45,184200,857,37.9
2023,44300,"State College, PA Metro Area",158041,33.8,72748,38732,66023,36440,22566,61.76,308100,1181,34.4
2023,44340,"Statesboro, GA Micro Area",92112,31.0,56172,30048,38283,18609,15543,54.49,181500,948,28.2
2023,44420,"Staunton-Stuarts Draft, VA Metro Area",126052,42.8,70949,36376,55637,36679,14941,71.06,264400,1013,27.5
2023,44460,"Steamboat Springs, CO Micro Area",38248,41.0,93984,54735,23027,11882,4040,74.63,482300,1532,29.1
2023,44500,"Stephenville, TX Micro Area",43244,31.9,65351,33116,18515,10450,5929,63.80,251900,1134,31.9
2023,44540,"Sterling, CO Micro Area",21067,39.1,55074,29538,8709,5565,2583,68.30,228100,1027,27.6
2023,44580,"Sterling, IL Micro Area",55192,43.4,64536,36788,25850,17519,5696,75.46,125800,808,29.4
2023,44620,"Stevens Point-Plover, WI Micro Area",70375,38.1,73284,39476,31496,20543,9093,69.32,230400,903,26.1
2023,44660,"Stillwater, OK Micro Area",82290,27.7,48937,28980,36900,16466,15875,50.91,217700,922,34.7
2023,44700,"Stockton-Lodi, CA Metro Area",787416,35.2,88531,36192,256826,148522,92851,61.53,494500,1633,31.3
2023,44740,"Storm Lake, IA Micro Area",20684,35.7,66564,33083,8241,5465,2078,72.45,146900,835,21.2
2023,44780,"Sturgis, MI Micro Area",60870,39.8,64707,31170,27248,17743,5867,75.15,167600,825,24.5
2023,44860,"Sulphur Springs, TX Micro Area",37351,39.6,64725,32536,15793,9704,4174,69.92,193200,1038,25.2
2023,44900,"Summerville, GA Micro Area",24975,41.1,47785,23391,10883,6161,2981,67.39,98700,789,29.6
2023,44940,"Sumter, SC Metro Area",104853,37.3,55990,29372,47288,27489,13692,66.75,159500,1006,29.5
2023,44980,"Sunbury, PA Micro Area",109004,44.1,59922,34402,51512,33286,11984,73.53,167100,821,25.4
2023,45000,"Susanville, CA Micro Area",31177,37.8,64395,25852,12232,6180,2880,68.21,259500,1043,26.8
2023,45020,"Sweetwater, TX Micro Area",14565,36.5,50160,31045,7129,3859,1975,66.15,98300,866,28.6
2023,45060,"Syracuse, NY Metro Area",657128,39.9,73558,40236,297056,182897,84761,68.33,175300,1036,29.8
2023,45140,"Tahlequah, OK Micro Area",47621,37.3,53668,30080,22273,12110,6293,65.80,160300,803,25.4
2023,45180,"Talladega-Sylacauga, AL Micro Area",91493,42.8,56331,29690,44327,27281,9809,73.55,134500,767,27.5
2023,45220,"Tallahassee, FL Metro Area",388298,34.7,63078,36190,176005,89074,65946,57.46,249900,1197,34.2
2023,45300,"Tampa-St. Petersburg-Clearwater, FL Metro Area",3240469,42.2,71254,42023,1492509,881420,422224,67.61,306100,1497,33.1
2023,45340,"Taos, NM Micro Area",34516,51.9,58908,40018,21091,11399,3060,78.84,354000,1069,34.2
2023,45380,"Taylorville, IL Micro Area",33684,42.7,59253,31989,15190,10052,3482,74.27,112100,729,26.4
2023,45460,"Terre Haute, IN Metro Area",168850,38.4,55380,31520,74709,45836,21557,68.01,132000,857,31.0
2023,45500,"Texarkana, TX-AR Metro Area",146868,38.9,55046,30020,65672,36307,19595,64.95,150800,933,30.3
2023,45520,"The Dalles, OR Micro Area",26603,40.5,63602,36582,12102,6894,3517,66.22,332500,978,26.5
2023,45580,"Thomaston, GA Micro Area",27856,41.4,50904,29772,12373,6507,3870,62.71,149500,779,31.2
2023,45620,"Thomasville, GA Micro Area",71752,39.7,58186,31385,32558,17826,10616,62.67,172900,932,28.7
2023,45660,"Tiffin, OH Micro Area",54861,40.5,65020,32716,23968,16225,5874,73.42,136200,814,26.2
2023,45700,"Tifton, GA Micro Area",50237,37.3,50810,28297,21485,11592,7247,61.53,132900,763,26.8
2023,45740,"Toccoa, GA Micro Area",26842,41.2,52264,27521,12344,7411,2865,72.12,168200,817,26.9
2023,45780,"Toledo, OH Metro Area",602977,38.0,63749,37638,275754,161000,92183,63.59,168500,917,27.3
2023,45820,"Topeka, KS Metro Area",232724,40.2,68160,36763,104931,67374,28622,70.18,172200,947,26.7
2023,45860,"Torrington, CT Micro Area",112848,47.1,91035,55526,55665,35683,11352,75.86,311700,1169,27.5
2023,45880,"Town of Pecos, TX Micro Area",13219,34.4,56056,24438,5118,3276,869,79.03,113700,988,28.9
2023,45900,"Traverse City, MI Metro Area",154657,46.1,77495,43440,85951,52155,12062,81.22,286500,1154,29.9
2023,45940,"Trenton-Princeton, NJ Metro Area",383286,39.2,96333,52101,150600,87554,53910,61.89,351000,1515,30.4
2023,45980,"Troy, AL Micro Area",32953,31.7,47961,27762,16124,7925,4680,62.87,149000,855,33.0
2023,46020,"Truckee-Grass Valley, CA Micro Area",102452,50.3,84905,49935,53981,31170,10703,74.44,602800,1635,35.4
2023,46060,"Tucson, AZ Metro Area",1049947,39.7,67929,38564,475378,279304,151661,64.81,286900,1154,31.2
2023,46100,"Tullahoma-Manchester, TN Micro Area",65551,39.8,61256,30315,28183,18183,7249,71.50,231400,872,27.2
2023,46140,"Tulsa, OK Metro Area",1026209,37.3,67823,37865,442788,261641,138259,65.43,204400,1034,27.8
2023,46180,"Tupelo, MS Micro Area",132079,38.0,63188,33902,59051,37053,13357,73.50,158400,873,27.2
2023,46220,"Tuscaloosa, AL Metro Area",275217,34.3,59975,32394,123433,65882,36931,64.08,217100,966,31.7
2023,46300,"Twin Falls, ID Metro Area",116909,35.5,66473,32557,44474,29787,12323,70.74,284200,981,28.2
2023,46340,"Tyler, TX Metro Area",238014,37.4,71923,34785,98672,56616,25074,69.31,220800,1197,28.7
2023,46380,"Ukiah, CA Micro Area",90709,43.9,64688,37230,41495,21044,13526,60.87,486000,1325,32.8
2023,46460,"Union City, TN Micro Area",30570,41.9,53102,29891,14343,8402,4114,67.13,122700,770,25.1
2023,46500,"Urbana, OH Micro Area",38772,41.6,74239,35326,16904,11891,3621,76.66,186300,884,23.8
2023,46520,"Urban Honolulu, HI Metro Area",1003666,39.4,104264,46361,372329,200686,136375,59.54,873000,2054,33.7
2023,46540,"Utica-Rome, NY Metro Area",289577,41.6,68830,36677,137734,83262,36525,69.51,163400,896,27.6
2023,46580,"Utuado, PR Micro Area",27896,46.3,17624,10916,13285,6490,4051,61.57,103600,466,26.9
2023,46620,"Uvalde, TX Micro Area",24810,34.6,57849,26437,10092,5601,2821,66.50,144400,966,26.7
2023,46660,"Valdosta, GA Metro Area",149139,32.6,54581,29075,63273,32821,22752,59.06,182300,976,31.4
2023,46700,"Vallejo, CA Metro Area",450824,39.1,99994,44139,163455,98510,57290,63.23,589600,2088,33.3
2023,46780,"Van Wert, OH Micro Area",28824,41.4,65344,33106,12574,9392,2259,80.61,137300,792,21.9
2023,46820,"Vermillion, SD Micro Area",15133,24.5,58794,29412,6243,2878,2683,51.75,221800,736,25.2
2023,46860,"Vernal, UT Micro Area",36458,33.0,69861,30586,13775,8602,3338,72.04,270200,914,21.5
2023,46900,"Vernon, TX Micro Area",12712,39.5,51626,28997,5848,2967,1770,62.63,98800,862,20.0
2023,46980,"Vicksburg, MS Micro Area",43623,40.3,56648,33217,21542,11974,4842,71.21,144400,889,28.6
2023,47020,"Victoria, TX Metro Area",98377,37.1,69618,33695,42779,25393,11549,68.74,196500,1143,29.0
2023,47080,"Vidalia, GA Micro Area",35618,37.5,53809,27865,15857,8949,4199,68.06,124800,719,24.7
2023,47180,"Vincennes, IN Micro Area",36108,39.1,58863,33762,16965,9955,5155,65.88,123500,782,26.1
2023,47220,"Vineland, NJ Metro Area",152915,37.6,64499,33587,57203,34966,18375,65.55,205600,1254,34.0
2023,47240,"Vineyard Haven, MA Micro Area",20751,50.4,102348,71014,17713,5495,1867,74.64,1104100,1371,31.0
2023,47260,"Virginia Beach-Chesapeake-Norfolk, VA-NC Metro Area",1782590,37.2,80533,42791,758459,442292,258824,63.08,318000,1416,31.5
2023,47300,"Visalia, CA Metro Area",475774,31.9,69489,27550,152542,83253,58773,58.62,303000,1206,29.9
2023,47340,"Wabash, IN Micro Area",30901,42.6,68414,33907,14053,10094,2460,80.40,143600,752,27.0
2023,47380,"Waco, TX Metro Area",299217,35.0,63880,32998,123987,69084,40358,63.12,209600,1094,32.5
2023,47420,"Wahpeton, ND-MN Micro Area",22963,39.3,70762,39031,10529,6817,2638,72.10,176100,726,23.5
2023,47460,"Walla Walla, WA Metro Area",62102,38.3,72212,37562,25219,15424,7966,65.94,375600,1113,31.0
2023,47540,"Wapakoneta, OH Micro Area",46209,40.6,76454,37573,20034,14380,4571,75.88,182000,853,22.8
2023,47580,"Warner Robins, GA Metro Area",195171,36.5,78702,35723,80450,48961,23481,67.59,202800,1112,28.6
2023,47620,"Warren, PA Micro Area",38174,47.4,59013,33333,21641,12684,3587,77.95,121800,756,24.1
2023,47660,"Warrensburg, MO Micro Area",54331,31.3,67123,32093,22663,13207,7473,63.86,221400,905,27.8
2023,47700,"Warsaw, IN Micro Area",80357,39.0,73922,36316,38587,24438,7309,76.98,200300,995,27.7
2023,47780,"Washington, IN Micro Area",33442,34.7,68561,29952,12781,8274,3294,71.52,187500,837,24.8
2023,47820,"Washington, NC Micro Area",44597,47.1,57997,33912,24385,13391,5712,70.10,181200,859,29.9
2023,47900,"Washington-Arlington-Alexandria, DC-VA-MD-WV Metro Area",6263796,37.9,123896,62026,2483270,1493423,856735,63.55,553000,1975,29.0
2023,47920,"Washington Court House, OH Micro Area",28880,40.8,60047,31573,12694,7335,4300,63.04,162200,807,24.7
2023,47930,"Waterbury-Shelton, CT Metro Area",452303,41.9,86365,46063,191984,120630,57710,67.64,290800,1288,31.4
2023,47940,"Waterloo-Cedar Falls, IA Metro Area",168163,36.6,68916,38132,74779,47204,21314,68.89,186100,947,28.2
2023,47980,"Watertown, SD Micro Area",28556,39.9,65080,37308,13388,8332,4029,67.41,218000,901,24.7
2023,48020,"Watertown-Fort Atkinson, WI Micro Area",85867,41.3,80604,40640,36649,25124,9331,72.92,253800,1012,25.0
2023,48060,"Watertown-Fort Drum, NY Metro Area",116130,33.2,64978,34603,61721,25278,21423,54.13,181000,1214,28.3
2023,48140,"Wausau, WI Metro Area",138067,41.2,76185,39970,60296,41754,15119,73.42,205500,950,25.5
2023,48180,"Waycross, GA Micro Area",55954,39.0,49037,25593,24385,13764,6598,67.60,118800,786,31.3
2023,48200,"Waynesville, NC Micro Area",62432,47.8,61001,35580,35307,20083,6689,75.01,254900,1052,29.8
2023,48220,"Weatherford, OK Micro Area",39189,35.1,59108,31699,18077,9992,4893,67.13,147700,778,29.7
2023,48260,"Weirton-Steubenville, WV-OH Metro Area",115566,45.6,57149,32687,56036,36024,13431,72.84,121400,758,27.8
2023,48300,"Wenatchee-East Wenatchee, WA Metro Area",123251,39.8,79007,41364,55850,30267,16266,65.04,434900,1198,26.5
2023,48460,"West Plains, MO Micro Area",40168,40.1,49814,26493,18104,10982,5015,68.65,161000,722,26.7
2023,48540,"Wheeling, WV-OH Metro Area",138015,44.1,58705,34225,67514,41645,15426,72.97,149300,801,29.9
2023,48580,"Whitewater-Elkhorn, WI Micro Area",105447,41.1,77359,42771,53508,29942,12483,70.58,275900,1090,26.9
2023,48620,"Wichita, KS Metro Area",648935,36.6,68930,36529,277986,163311,89190,64.68,188200,969,27.3
2023,48660,"Wichita Falls, TX Metro Area",148978,36.4,63618,33475,64738,36419,20182,64.34,144700,963,27.4
2023,48680,"Wildwood-The Villages, FL Metro Area",137536,68.4,73297,46555,80371,58978,7963,88.10,356000,1225,36.2
2023,48700,"Williamsport, PA Metro Area",113570,41.3,64412,34853,52692,31970,14231,69.20,195600,887,29.4
2023,48780,"Williston, ND Micro Area",39368,32.3,90224,45793,20291,8762,6546,57.24,267800,1108,23.0
2023,48820,"Willmar, MN Micro Area",43757,39.8,75097,37618,20212,12590,4860,72.15,230500,843,24.9
2023,48900,"Wilmington, NC Metro Area",440578,45.1,73687,44459,242220,135927,55037,71.18,328000,1313,31.6
2023,48940,"Wilmington, OH Micro Area",42014,41.0,68125,34046,17966,11662,4872,70.53,192800,893,24.9
2023,48980,"Wilson, NC Micro Area",78648,40.7,51381,30057,36702,19417,13443,59.09,171800,915,28.7
2023,49010,"Winchester, TN Micro Area",43478,42.7,61553,32926,19815,13059,4038,76.38,215700,863,26.9
2023,49020,"Winchester, VA-WV Metro Area",144676,40.9,82413,41198,61666,38378,15569,71.14,322600,1309,28.1
2023,49080,"Winnemucca, NV Micro Area",17299,37.6,79946,37798,7714,5147,1850,73.56,256800,998,23.5
2023,49100,"Winona, MN Micro Area",49705,36.1,70198,37447,21763,13948,6340,68.75,222900,866,28.1
2023,49180,"Winston-Salem, NC Metro Area",683637,40.6,64282,35829,306432,188742,86653,68.54,213300,973,28.0
2023,49220,"Wisconsin Rapids-Marshfield, WI Micro Area",74039,43.9,66417,37954,34662,23441,8501,73.39,168100,831,25.4
2023,49260,"Woodward, OK Micro Area",20260,36.5,65060,35404,9389,5834,2282,71.88,178000,847,22.0
2023,49300,"Wooster, OH Micro Area",116618,38.9,71769,33874,46804,33612,10580,76.06,204600,849,23.6
2023,49340,"Worcester, MA Metro Area",861664,40.3,93561,47780,353405,218849,114424,65.67,390700,1347,29.9
2023,49380,"Worthington, MN Micro Area",22067,36.3,65509,30310,8398,5530,2159,71.92,179200,863,22.3
2023,49420,"Yakima, WA Metro Area",256605,33.2,68015,29309,91647,54112,32577,62.42,281100,1068,27.9
2023,49460,"Yankton, SD Micro Area",23379,42.2,73855,39880,10497,7076,2716,72.26,208200,777,22.7
2023,49620,"York-Hanover, PA Metro Area",459312,40.9,82238,40530,188608,136655,43552,75.83,235000,1150,28.9
2023,49660,"Youngstown-Warren, OH Metro Area",428430,43.6,55357,32890,202587,130599,53726,70.85,134600,779,28.9
2023,49700,"Yuba City, CA Metro Area",182050,35.2,74762,33656,64770,37441,23862,61.08,390800,1306,31.2
2023,49740,"Yuma, AZ Metro Area",207685,35.8,60417,28918,93924,53850,23053,70.02,195700,983,28.3
2023,49780,"Zanesville, OH Micro Area",86382,40.5,59203,31418,38343,23537,10706,68.74,170100,811,29.2
2023,49820,"Zapata, TX Micro Area",13855,31.5,36527,19131,6218,3442,1170,74.63,88800,569,27.4
2022,10100,"Aberdeen, SD Micro Area",42292,37.9,70693,38237,19896,11846,5731,67.39,195700,752,22.6
2022,10140,"Aberdeen, WA Micro Area",75672,44.4,59105,31703,36204,21045,8497,71.24,249900,943,28.2
2022,10180,"Abilene, TX Metro Area",176656,34.3,61924,30366,74540,40831,24244,62.74,158300,1050,29.4
2022,10220,"Ada, OK Micro Area",38116,37.3,59457,30774,17424,9733,5068,65.76,151500,847,25.0
2022,10300,"Adrian, MI Micro Area",99263,42.0,65484,32976,43634,30376,8250,78.64,168100,924,28.7
2022,10380,"Aguadilla-Isabela, PR Metro Area",308919,44.8,19455,12248,147709,72740,38816,65.20,109300,476,29.9
2022,10420,"Akron, OH Metro Area",700578,40.6,68647,40092,317333,197949,94274,67.74,185800,962,29.1
2022,10460,"Alamogordo, NM Micro Area",67850,35.9,50833,26319,32244,15649,8183,65.66,139100,882,27.9
2022,10500,"Albany, GA Metro Area",147716,37.5,53173,28313,66791,32360,24683,56.73,139900,912,30.6
2022,10540,"Albany-Lebanon, OR Metro Area",128598,40.0,69523,32501,52145,33445,16499,66.97,319800,1160,30.0
2022,10580,"Albany-Schenectady-Troy, NY Metro Area",901729,40.3,83360,44919,417778,237513,135406,63.69,254100,1181,27.8
2022,10620,"Albemarle, NC Micro Area",62723,41.4,60634,30857,27802,17797,5976,74.86,190700,816,25.8
2022,10660,"Albert Lea, MN Micro Area",30857,44.1,65679,36751,14150,10100,2790,78.36,154700,803,24.9
2022,10700,"Albertville, AL Micro Area",97923,38.8,58272,29509,41328,27083,8847,75.38,165600,746,27.3
2022,10740,"Albuquerque, NM Metro Area",915968,39.1,63971,36043,395967,249016,118861,67.69,242600,1035,30.8
2022,10760,"Alexander City, AL Micro Area",51580,46.5,53054,29545,28822,15658,4779,76.62,122900,698,25.4
2022,10780,"Alexandria, LA Metro Area",151721,37.7,55650,30142,67099,37488,17775,67.84,166300,922,30.5
2022,10820,"Alexandria, MN Micro Area",39081,44.2,72472,41889,21881,13060,4192,75.70,277800,847,24.6
2022,10860,"Alice, TX Micro Area",49020,35.5,46922,24335,20655,10836,4970,68.56,89200,852,29.5
2022,10900,"Allentown-Bethlehem-Easton, PA-NJ Metro Area",863166,41.2,78597,41178,358340,230151,103425,69.00,258000,1246,30.3
2022,10940,"Alma, MI Micro Area",41534,39.6,57934,28123,16060,11497,3208,78.18,126500,757,30.3
2022,10980,"Alpena, MI Micro Area",28911,47.6,49133,30893,15685,10056,2665,79.05,128000,638,28.6
2022,11020,"Altoona, PA Metro Area",122640,42.9,59386,33585,55808,36671,13916,72.49,149300,838,29.8
2022,11060,"Altus, OK Micro Area",24776,34.7,60954,31421,12041,5972,3863,60.72,115200,842,23.0
2022,11100,"Amarillo, TX Metro Area",269278,35.8,64147,33920,113931,65091,36333,64.18,180600,997,27.7
2022,11140,"Americus, GA Micro Area",33943,37.2,39867,23940,15443,7213,5004,59.04,134200,811,30.5
2022,11180,"Ames, IA Metro Area",125273,29.6,68107,36295,53297,30071,19234,60.99,216000,981,29.7
2022,11220,"Amsterdam, NY Micro Area",49624,40.6,58033,29961,22924,13001,5917,68.72,132300,867,31.2
2022,11260,"Anchorage, AK Metro Area",399335,35.0,93016,44553,169429,98399,48025,67.20,344500,1375,29.1
2022,11380,"Andrews, TX Micro Area",18362,32.4,86458,39749,6976,4789,1814,72.53,179300,1345,23.1
2022,11420,"Angola, IN Micro Area",34507,43.5,68837,36648,18982,11021,2773,79.90,187500,896,24.8
2022,11460,"Ann Arbor, MI Metro Area",370231,34.4,84245,49568,157103,91057,57647,61.23,336300,1335,31.9
2022,11500,"Anniston-Oxford, AL Metro Area",116162,39.2,54339,28227,53167,31694,12999,70.91,140500,806,28.1
2022,11540,"Appleton, WI Metro Area",242972,39.0,79958,42748,101081,71637,25721,73.58,226600,942,23.2
2022,11580,"Arcadia, FL Micro Area",34258,41.7,45000,21726,15567,8784,3556,71.18,139500,861,30.0
2022,11620,"Ardmore, OK Micro Area",58360,38.5,56968,30605,26315,15264,7160,68.07,146500,892,24.9
2022,11640,"Arecibo, PR Metro Area",181820,44.5,22368,13218,82767,44156,20796,67.98,107400,511,29.0
2022,11660,"Arkadelphia, AR Micro Area",21469,31.7,48071,24532,10039,4964,2991,62.40,143300,690,28.4
2022,11700,"Asheville, NC Metro Area",469484,44.4,64538,38084,232968,129403,57940,69.07,295000,1121,30.6
2022,11740,"Ashland, OH Micro Area",52522,41.5,62254,30303,22491,15954,4524,77.91,163600,815,24.8
2022,11780,"Ashtabula, OH Micro Area",97666,42.6,53663,29586,46291,28278,10271,73.36,139000,811,32.0
2022,11820,"Astoria, OR Micro Area",41190,44.9,68025,37166,23060,10663,6583,61.83,407700,1096,28.5
2022,11860,"Atchison, KS Micro Area",16309,36.1,55281,27644,6817,4099,1741,70.19,123400,771,24.7
2022,11900,"Athens, OH Micro Area",61276,32.2,48750,27366,26420,13698,8884,60.66,161700,907,34.5
2022,11940,"Athens, TN Micro Area",53532,42.3,57982,30334,23933,15723,5507,74.06,173300,803,26.4
2022,11980,"Athens, TX Micro Area",82627,43.9,59778,32513,40933,24300,7673,76.00,159600,958,32.6
2022,12020,"Athens-Clarke County, GA Metro Area",216194,32.9,59130,34415,89626,45942,37880,54.81,252300,1028,34.0
2022,12060,"Atlanta-Sandy Springs-Alpharetta, GA Metro Area",6094752,36.9,82625,43041,2420310,1465949,777789,65.34,299800,1446,30.7
2022,12100,"Atlantic City-Hammonton, NJ Metro Area",274339,42.0,73113,39699,131786,72378,34262,67.87,254100,1268,34.2
2022,12120,"Atmore, AL Micro Area",36755,40.5,41153,21758,16715,8744,4278,67.15,122000,659,29.1
2022,12140,"Auburn, IN Micro Area",43312,38.1,68110,33164,18157,13844,3139,81.52,157700,783,24.6
2022,12180,"Auburn, NY Micro Area",76171,43.4,63227,35579,36701,21643,9267,70.02,158900,868,29.5
2022,12220,"Auburn-Opelika, AL Metro Area",175126,33.0,59288,33083,75473,42517,22649,65.24,224400,953,34.1
2022,12260,"Augusta-Richmond County, GA-SC Metro Area",612898,38.0,62941,33509,264985,149902,71629,67.67,186700,1016,31.4
2022,12300,"Augusta-Waterville, ME Micro Area",124003,44.3,62118,36009,62778,38739,14713,72.47,198300,900,28.8
2022,12380,"Austin, MN Micro Area",40082,39.1,66972,33921,16933,11744,3909,75.03,158000,818,27.3
2022,12420,"Austin-Round Rock-Georgetown, TX Metro Area",2296377,35.5,92939,49787,960087,532940,372749,58.84,390500,1529,29.1
2022,12460,"Bainbridge, GA Micro Area",29063,38.3,47383,24974,13018,6243,4052,60.64,140800,796,26.5
2022,12540,"Bakersfield, CA Metro Area",906883,32.2,63883,27976,301687,165473,112026,59.63,282800,1161,33.1
2022,12580,"Baltimore-Columbia-Towson, MD Metro Area",2840005,38.8,94167,49218,1190378,736341,361927,67.05,357800,1489,30.2
2022,12620,"Bangor, ME Metro Area",152640,42.4,59438,34423,75119,44498,19189,69.87,176700,932,29.3
2022,12660,"Baraboo, WI Micro Area",65664,41.1,72930,37431,30907,19987,7326,73.18,227500,914,26.7
2022,12680,"Bardstown, KY Micro Area",46779,39.9,66212,33585,19799,14120,4337,76.50,204000,913,26.2
2022,12700,"Barnstable Town, MA Metro Area",229436,54.5,90447,55940,165068,81334,18635,81.36,519100,1536,33.7
2022,12740,"Barre, VT Micro Area",59768,43.8,77278,43002,30697,18285,6881,72.66,278000,1077,28.5
2022,12780,"Bartlesville, OK Micro Area",52579,39.7,59426,34243,23738,14790,5614,72.49,151000,879,29.5
2022,12860,"Batavia, NY Micro Area",58204,42.7,68178,35053,26039,17919,6497,73.39,148600,866,27.9
2022,12900,"Batesville, AR Micro Area",55332,41.0,48875,27054,26224,15543,5775,72.91,99400,753,27.8
2022,12940,"Baton Rouge, LA Metro Area",869755,36.0,67979,36356,376612,223588,98146,69.49,223600,1072,32.0
2022,12980,"Battle Creek, MI Metro Area",134011,40.0,58191,32047,59634,38018,15032,71.66,138700,897,28.5
2022,13020,"Bay City, MI Metro Area",103752,43.6,57887,33331,48598,34029,10970,75.62,125000,786,28.0
2022,13060,"Bay City, TX Micro Area",36251,37.1,56412,29001,18674,9766,4307,69.40,155200,960,35.4
2022,13100,"Beatrice, NE Micro Area",21654,42.9,60035,33435,10364,6469,2685,70.67,155600,725,27.7
2022,13140,"Beaumont-Port Arthur, TX Metro Area",396279,37.3,62427,32158,170491,98203,47109,67.58,154700,992,29.9
2022,13180,"Beaver Dam, WI Micro Area",89032,42.7,71747,35949,38150,25144,10471,70.60,201000,929,23.4
2022,13220,"Beckley, WV Metro Area",114848,43.3,48859,26698,53935,34128,11205,75.28,118700,796,30.6
2022,13260,"Bedford, IN Micro Area",45113,43.5,64210,32149,20538,14974,3899,79.34,146700,776,28.4
2022,13300,"Beeville, TX Micro Area",30977,35.6,50283,22347,10591,5765,2798,67.32,106700,985,30.6
2022,13340,"Bellefontaine, OH Micro Area",46098,41.8,69125,36215,23711,14684,4484,76.61,168300,802,23.7
2022,13380,"Bellingham, WA Metro Area",226523,37.8,77581,40916,100394,57442,33729,63.00,475000,1370,33.8
2022,13420,"Bemidji, MN Micro Area",46274,35.0,62173,32055,21403,12114,5756,67.79,203900,935,27.3
2022,13460,"Bend, OR Metro Area",199352,42.6,82042,46765,94911,56821,24660,69.74,526200,1550,31.0
2022,13500,"Bennettsville, SC Micro Area",26585,41.5,34275,20703,12034,5985,3478,63.25,77900,680,27.0
2022,13540,"Bennington, VT Micro Area",37326,46.7,68558,39717,20857,10823,3743,74.30,243000,974,33.9
2022,13620,"Berlin, NH Micro Area",31430,49.7,55247,32570,20570,9962,3658,73.14,157900,825,28.8
2022,13660,"Big Rapids, MI Micro Area",40128,40.6,54132,27692,20986,12230,3873,75.95,153000,844,31.5
2022,13700,"Big Spring, TX Micro Area",34488,37.6,67243,32431,13974,8017,3993,66.75,132900,981,26.2
2022,13720,"Big Stone Gap, VA Micro Area",39773,42.0,46680,24068,18587,10726,4918,68.56,107600,697,26.8
2022,13740,"Billings, MT Metro Area",185147,39.5,72377,41177,83308,53824,22524,70.50,292300,1045,28.7
2022,13780,"Binghamton, NY Metro Area",246709,40.6,61271,34462,114505,68569,33082,67.46,140300,884,31.4
2022,13820,"Birmingham-Hoover, AL Metro Area",1114368,38.9,68329,38198,489442,301133,128048,70.16,216200,1081,30.2
2022,13900,"Bismarck, ND Metro Area",133467,37.5,81846,43266,59060,38767,14993,72.11,288600,973,24.1
2022,13940,"Blackfoot, ID Micro Area",48253,34.3,69433,29421,17028,12512,3115,80.07,230500,787,25.5
2022,13980,"Blacksburg-Christiansburg, VA Metro Area",166304,33.7,62017,32334,73450,37794,25042,60.15,221400,1040,30.0
2022,14010,"Bloomington, IL Metro Area",171284,34.0,75356,40252,74822,44512,23979,64.99,191300,941,26.8
2022,14020,"Bloomington, IN Metro Area",161426,32.6,59998,34326,73842,38519,27413,58.42,224300,1089,36.2
2022,14100,"Bloomsburg-Berwick, PA Metro Area",83089,41.8,61559,33963,37791,23622,9889,70.49,192700,889,27.6
2022,14140,"Bluefield, WV-VA Micro Area",106163,43.9,47294,27315,52441,30498,12008,71.75,114700,757,29.2
2022,14160,"Bluffton, IN Micro Area",28167,40.6,68074,33020,11961,8622,2533,77.29,161300,803,22.9
2022,14180,"Blytheville, AR Micro Area",40361,37.0,50012,27863,19194,9027,5978,60.16,110000,750,29.8
2022,14220,"Bogalusa, LA Micro Area",45514,40.6,41803,24287,21420,11586,5576,67.51,133200,731,33.2
2022,14260,"Boise City, ID Metro Area",771602,37.3,78138,39072,298787,206983,78205,72.58,383200,1245,28.2
2022,14300,"Bonham, TX Micro Area",36052,40.4,65835,33481,14667,9528,3171,75.03,193200,979,26.8
2022,14380,"Boone, NC Micro Area",54540,32.1,50034,30807,32783,12922,8272,60.97,283000,1067,45.7
2022,14420,"Borger, TX Micro Area",20595,38.3,62211,30038,10190,5497,1214,81.91,96500,881,24.9
2022,14460,"Boston-Cambridge-Newton, MA-NH Metro Area",4912449,39.1,107117,58400,2033504,1177476,736123,61.53,570000,1827,29.9
2022,14500,"Boulder, CO Metro Area",328658,37.0,99770,57339,141007,83066,50324,62.27,671100,1828,34.7
2022,14540,"Bowling Green, KY Metro Area",180624,35.5,60914,32315,78171,43060,26562,61.85,204400,918,28.1
2022,14580,"Bozeman, MT Micro Area",119685,33.5,83434,47269,53605,29372,18502,61.35,526700,1405,28.4
2022,14620,"Bradford, PA Micro Area",40459,43.8,57861,30278,19530,12336,3595,77.43,96600,756,27.8
2022,14660,"Brainerd, MN Micro Area",96846,46.4,64975,36136,65932,32242,8381,79.37,244000,885,27.7
2022,14700,"Branson, MO Micro Area",56202,42.3,54467,28267,29643,14401,7194,66.69,175100,873,27.8
2022,14720,"Breckenridge, CO Micro Area",30955,39.0,100611,54935,31508,8200,3550,69.79,760000,1807,26.9
2022,14740,"Bremerton-Silverdale-Port Orchard, WA Metro Area",275411,39.7,93675,47713,113930,74050,31981,69.84,463000,1635,30.5
2022,14780,"Brenham, TX Micro Area",35807,41.9,70043,39147,17083,10643,3839,73.49,248300,1025,28.4
2022,14820,"Brevard, NC Micro Area",33131,52.4,62056,36660,19072,10927,3426,76.13,298600,861,28.9
2022,14860,"Bridgeport-Stamford-Norwalk, CT Metro Area",958371,41.0,107351,66513,378045,233377,118930,66.24,490800,1751,31.9
2022,15020,"Brookhaven, MS Micro Area",34855,40.7,47069,25775,15817,9866,3204,75.49,128100,705,27.8
2022,15060,"Brookings, OR Micro Area",23404,56.8,64300,38214,13055,8542,2606,76.62,353200,1105,28.8
2022,15100,"Brookings, SD Micro Area",34631,27.7,64438,32778,14882,7797,5569,58.33,227800,870,23.8
2022,15140,"Brownsville, TN Micro Area",17806,43.1,44890,26031,8274,4182,3018,58.08,116900,715,30.6
2022,15180,"Brownsville-Harlingen, TX Metro Area",421854,32.0,47435,21440,155572,86523,46015,65.28,109600,855,30.5
2022,15220,"Brownwood, TX Micro Area",38159,41.2,53792,30202,18946,10231,4746,68.31,137900,862,31.9
2022,15260,"Brunswick, GA Metro Area",113854,43.5,60777,35578,57405,31679,13747,69.74,202400,972,28.3
2022,15340,"Bucyrus-Galion, OH Micro Area",41861,42.9,52486,29566,19868,12614,5554,69.43,117000,746,27.6
2022,15380,"Buffalo-Cheektowaga, NY Metro Area",1163462,40.6,67638,39129,538812,329530,167999,66.23,190900,956,29.6
2022,15420,"Burley, ID Micro Area",46485,33.8,63555,29254,17234,11059,4595,70.65,213900,873,25.3
2022,15460,"Burlington, IA-IL Micro Area",45198,43.0,58890,35554,22178,14436,5560,72.19,128300,872,35.3
2022,15500,"Burlington, NC Metro Area",171779,39.1,60866,32105,74055,44487,22883,66.03,197700,959,28.4
2022,15540,"Burlington-South Burlington, VT Metro Area",225745,38.0,86183,44846,101187,61617,29961,67.28,348000,1447,31.9
2022,15580,"Butte-Silver Bow, MT Micro Area",35306,40.3,56297,35047,17303,10578,4502,70.15,195800,793,28.5
2022,15620,"Cadillac, MI Micro Area",48855,42.4,58374,29546,25143,15343,3640,80.82,148500,824,29.1
2022,15660,"Calhoun, GA Micro Area",57785,39.1,57555,29787,22876,14702,5853,71.53,179100,830,27.8
2022,15680,"California-Lexington Park, MD Metro Area",113814,37.0,113668,49755,45665,29865,11346,72.47,376900,1595,26.3
2022,15700,"Cambridge, MD Micro Area",32557,43.8,57490,33950,16400,9046,4170,68.45,226000,968,32.3
2022,15740,"Cambridge, OH Micro Area",38409,42.6,53901,29642,19051,11737,4428,72.61,145800,801,30.1
2022,15780,"Camden, AR Micro Area",27379,43.9,50152,25072,14401,7534,2423,75.67,92700,725,28.0
2022,15820,"Campbellsville, KY Micro Area",37254,39.3,56136,28153,16479,9921,4321,69.66,135400,680,25.4
2022,15860,"Cañon City, CO Micro Area",49107,44.9,56165,28224,20302,13326,4351,75.39,264300,959,31.6
2022,15940,"Canton-Massillon, OH Metro Area",400960,42.0,62859,34595,180475,114138,51907,68.74,164300,835,26.9
2022,15980,"Cape Coral-Fort Myers, FL Metro Area",772902,49.1,69368,41332,419916,228142,83206,73.28,290900,1466,33.5
2022,16020,"Cape Girardeau, MO-IL Metro Area",97622,37.9,62671,31172,43585,25603,11493,69.02,182400,842,28.6
2022,16060,"Carbondale-Marion, IL Metro Area",133609,38.3,53747,32003,65182,34946,20814,62.67,134300,779,31.2
2022,16100,"Carlsbad-Artesia, NM Micro Area",61264,35.7,77458,36274,26261,16667,6036,73.41,188400,1095,23.4
2022,16140,"Carroll, IA Micro Area",20728,42.4,68041,36599,9515,6617,2079,76.09,162000,697,28.4
2022,16180,"Carson City, NV Metro Area",58249,42.1,67465,37677,24633,14450,8905,61.87,390800,1127,28.5
2022,16220,"Casper, WY Metro Area",79506,37.7,69104,40346,36936,23937,8958,72.77,247600,945,28.3
2022,16260,"Cedar City, UT Micro Area",58068,29.5,63005,26650,22028,12644,5952,67.99,299400,935,28.6
2022,16300,"Cedar Rapids, IA Metro Area",275693,39.0,75477,40558,121181,84859,27608,75.45,186900,863,26.9
2022,16340,"Cedartown, GA Micro Area",43019,37.9,51956,26843,17235,10098,5419,65.08,151400,814,32.6
2022,16380,"Celina, OH Micro Area",42321,39.4,73278,33892,17898,12623,3399,78.79,192800,749,25.0
2022,16420,"Central City, KY Micro Area",30735,43.0,50935,31621,13518,9763,2084,82.41,115900,658,28.4
2022,16460,"Centralia, IL Micro Area",37543,41.9,59099,30360,17431,11244,3992,73.80,96200,734,26.3
2022,16500,"Centralia, WA Micro Area",82663,42.4,67247,32800,35604,22986,8525,72.95,306600,1016,29.6
2022,16540,"Chambersburg-Waynesboro, PA Metro Area",156084,42.2,71808,37520,66443,45631,16945,72.92,222000,1019,26.4
2022,16580,"Champaign-Urbana, IL Metro Area",223223,31.7,62281,36230,100821,49805,39445,55.80,189700,975,31.1
2022,16620,"Charleston, WV Metro Area",257927,43.8,54473,33118,127194,77126,29907,72.06,125800,841,29.4
2022,16660,"Charleston-Mattoon, IL Micro Area",57523,38.3,56476,32748,27520,15598,8929,63.60,114500,765,24.4
2022,16700,"Charleston-North Charleston, SC Metro Area",803398,38.0,77460,44457,362156,217657,100827,68.34,317300,1402,31.3
2022,16740,"Charlotte-Concord-Gastonia, NC-SC Metro Area",2668688,37.8,76177,42735,1115218,677466,348582,66.03,283000,1279,28.6
2022,16820,"Charlottesville, VA Metro Area",221648,39.0,86188,50121,98578,57717,29814,65.94,375800,1445,30.0
2022,16860,"Chattanooga, TN-GA Metro Area",564466,40.5,65387,37386,248863,153120,71328,68.22,220000,1000,27.7
2022,16940,"Cheyenne, WY Metro Area",100316,38.0,76282,41104,44389,29892,11515,72.19,295800,1043,28.0
2022,16980,"Chicago-Naperville-Elgin, IL-IN-WI Metro Area",9566955,38.1,85087,45977,3942534,2384623,1270077,65.25,288400,1310,29.2
2022,17020,"Chico, CA Metro Area",213605,36.5,66085,36374,93069,48424,34895,58.12,371600,1280,34.1
2022,17060,"Chillicothe, OH Micro Area",76957,41.3,58048,29718,32051,20949,8616,70.86,153500,827,31.4
2022,17140,"Cincinnati, OH-KY-IN Metro Area",2253528,38.2,76247,41340,959539,605648,286425,67.89,220900,990,27.7
2022,17220,"Clarksburg, WV Micro Area",90311,42.9,55838,31926,41304,26561,8374,76.03,145600,814,28.4
2022,17260,"Clarksdale, MS Micro Area",21264,35.7,36075,22701,10200,4479,3908,53.40,84400,706,31.4
2022,17300,"Clarksville, TN-KY Metro Area",322949,31.4,62188,30021,130784,71828,45083,61.44,208200,1064,28.4
2022,17340,"Clearlake, CA Micro Area",68024,44.5,56259,34020,34313,18420,8067,69.54,291300,1206,32.1
2022,17380,"Cleveland, MS Micro Area",30688,36.6,37845,25440,13685,6976,4728,59.60,118200,698,34.0
2022,17420,"Cleveland, TN Metro Area",126479,40.5,60001,31021,53605,33703,14738,69.58,197400,894,28.0
2022,17460,"Cleveland-Elyria, OH Metro Area",2079759,41.4,66481,40426,968474,576104,307569,65.19,189800,957,28.6
2022,17500,"Clewiston, FL Micro Area",39902,35.1,49259,24825,15227,9269,4020,69.75,153200,892,34.8
2022,17540,"Clinton, IA Micro Area",46488,42.5,61080,33979,21575,14056,5118,73.31,144900,795,27.7
2022,17580,"Clovis, NM Micro Area",48327,31.7,55427,28045,21155,10999,7536,59.34,151300,956,28.8
2022,17620,"Coamo, PR Micro Area",34557,44.5,20569,12371,15971,9795,3040,76.31,100000,495,35.3
2022,17640,"Coco, PR Micro Area",25688,42.8,20123,11477,12874,7431,2290,76.44,89400,498,24.3
2022,17660,"Coeur d'Alene, ID Metro Area",173396,40.7,71949,36718,75686,48458,18544,72.32,407000,1216,30.8
2022,17700,"Coffeyville, KS Micro Area",31448,40.2,51513,28270,15625,9204,3478,72.58,90200,747,28.0
2022,17740,"Coldwater, MI Micro Area",44795,40.9,60600,29824,20776,12985,3784,77.43,140200,899,25.5
2022,17780,"College Station-Bryan, TX Metro Area",269418,27.9,58659,32805,115179,51119,49065,51.03,244100,1107,35.3
2022,17820,"Colorado Springs, CO Metro Area",755081,35.1,82334,41457,303174,191941,95470,66.78,391000,1508,32.0
2022,17860,"Columbia, MO Metro Area",211078,32.7,65863,36122,91879,50198,33546,59.94,225300,981,30.0
2022,17900,"Columbia, SC Metro Area",831913,37.2,63471,35400,368116,225870,102879,68.71,192600,1096,31.8
2022,17980,"Columbus, GA-AL Metro Area",326159,35.9,55720,30449,143878,70752,53949,56.74,172200,999,29.2
2022,18020,"Columbus, IN Metro Area",82371,38.0,76912,38950,35328,22991,9782,70.15,197500,1063,24.6
2022,18060,"Columbus, MS Micro Area",58547,37.1,53687,29750,26973,14011,8640,61.86,155300,903,30.2
2022,18100,"Columbus, NE Micro Area",34219,38.3,69943,35991,14085,9937,3355,74.76,195800,872,26.0
2022,18140,"Columbus, OH Metro Area",2137223,36.4,76541,41791,904907,520188,323450,61.66,251600,1146,27.3
2022,18180,"Concord, NH Micro Area",153918,42.8,88806,44391,65744,44153,15698,73.77,297600,1199,28.0
2022,18220,"Connersville, IN Micro Area",23391,43.0,52219,27435,10896,6723,2949,69.51,99100,763,28.7
2022,18260,"Cookeville, TN Micro Area",114463,38.8,52638,29048,51693,30679,15443,66.52,195600,834,28.7
2022,18300,"Coos Bay, OR Micro Area",64908,48.4,57563,33572,31476,19418,8657,69.16,276300,952,29.4
2022,18380,"Cordele, GA Micro Area",20255,40.4,47463,28063,9926,4292,3659,53.98,106900,735,28.5
2022,18420,"Corinth, MS Micro Area",34717,40.1,47716,27320,16256,9211,4764,65.91,125800,700,26.1
2022,18460,"Cornelia, GA Micro Area",46326,39.0,61292,29069,18491,11754,3852,75.32,188800,861,26.8
2022,18500,"Corning, NY Micro Area",93584,42.8,62506,35282,47507,28480,10685,72.72,121000,832,27.1
2022,18580,"Corpus Christi, TX Metro Area",422187,36.2,64005,32024,181387,93504,60538,60.70,175100,1183,30.4
2022,18620,"Corsicana, TX Micro Area",52834,37.5,56261,26910,21429,12257,5801,67.88,142300,978,30.0
2022,18660,"Cortland, NY Micro Area",46755,36.3,65029,31594,20803,12213,6301,65.97,148200,884,28.3
2022,18700,"Corvallis, OR Metro Area",95615,33.5,72882,39940,40092,21191,16662,55.98,442300,1315,37.8
2022,18740,"Coshocton, OH Micro Area",36629,40.6,52048,27280,16337,10562,4177,71.66,128600,694,25.8
2022,18780,"Craig, CO Micro Area",13232,37.1,63983,33019,6096,3467,1720,66.84,247500,974,27.1
2022,18820,"Crawfordsville, IN Micro Area",38018,40.4,62937,32975,16504,11599,3805,75.30,156400,787,27.9
2022,18860,"Crescent City, CA Micro Area",27462,40.0,61149,28396,11103,6492,3038,68.12,282500,1146,32.4
2022,18880,"Crestview-Fort Walton Beach-Destin, FL Metro Area",288639,39.2,74279,41421,158152,80513,34312,70.12,301500,1391,31.5
2022,18900,"Crossville, TN Micro Area",61552,52.6,56002,30952,30555,21283,5648,79.03,199800,786,26.2
2022,18980,"Cullman, AL Micro Area",88284,41.4,58119,29788,39182,25640,8009,76.20,166000,848,25.3
2022,19000,"Cullowhee, NC Micro Area",56518,40.1,51758,30694,35418,15141,8280,64.65,228500,785,29.1
2022,19060,"Cumberland, MD-WV Metro Area",95118,42.7,57539,30544,45410,27785,10209,73.13,149400,735,29.2
2022,19100,"Dallas-Fort Worth-Arlington, TX Metro Area",7673379,35.3,83398,42353,2963281,1653880,1105476,59.94,299000,1409,29.7
2022,19140,"Dalton, GA Metro Area",143096,37.1,60017,28255,55293,35251,15405,69.59,168500,833,26.1
2022,19180,"Danville, IL Metro Area",74113,40.8,52787,28933,34496,20781,9123,69.49,91000,769,26.8
2022,19220,"Danville, KY Micro Area",54933,40.7,53228,28192,23765,15635,5706,73.26,151600,737,28.3
2022,19260,"Danville, VA Micro Area",103048,45.3,46853,27613,51817,28232,15010,65.29,128400,795,27.5
2022,19300,"Daphne-Fairhope-Foley, AL Metro Area",233420,43.7,71039,38907,125113,70708,20094,77.87,266000,1160,30.4
2022,19340,"Davenport-Moline-Rock Island, IA-IL Metro Area",382983,40.0,68395,37670,173868,112434,46638,70.68,161800,875,28.0
2022,19420,"Dayton, TN Micro Area",33031,40.9,55568,26678,15175,9365,3379,73.49,155800,780,25.1
2022,19430,"Dayton-Kettering, OH Metro Area",812506,39.3,67088,37489,370302,219317,119753,64.68,171200,941,27.4
2022,19460,"Decatur, AL Metro Area",156218,41.1,60036,32431,68594,45113,15720,74.16,166400,772,27.8
2022,19500,"Decatur, IL Metro Area",103542,40.7,59622,34644,49757,29890,13472,68.93,119800,774,27.0
2022,19540,"Decatur, IN Micro Area",35827,33.4,61731,26489,13212,10152,2197,82.21,164500,762,25.5
2022,19580,"Defiance, OH Micro Area",38300,40.8,69302,33533,16563,11814,3448,77.41,147600,808,25.2
2022,19620,"Del Rio, TX Micro Area",47693,31.7,57250,25181,18551,10975,5668,65.94,138500,913,24.9
2022,19660,"Deltona-Daytona Beach-Ormond Beach, FL Metro Area",676035,47.6,64197,36250,330161,205464,74758,73.32,259700,1311,33.4
2022,19700,"Deming, NM Micro Area",25393,36.5,38241,20799,11514,5962,2989,66.61,100900,572,29.3
2022,19740,"Denver-Aurora-Lakewood, CO Metro Area",2959386,37.0,96920,52098,1245265,758192,421824,64.25,518900,1706,30.5
2022,19760,"DeRidder, LA Micro Area",36553,37.3,68525,33582,15802,11181,2406,82.29,150200,867,26.2
2022,19780,"Des Moines-West Des Moines, IA Metro Area",711490,36.6,81103,42742,303147,197711,86217,69.63,235800,1063,26.8
2022,19820,"Detroit-Warren-Dearborn, MI Metro Area",4375604,40.1,72456,40536,1905259,1229518,513025,70.56,223800,1112,29.7
2022,19860,"Dickinson, ND Micro Area",33828,34.5,78608,39948,15859,8720,4800,64.50,254900,985,22.2
2022,19940,"Dixon, IL Micro Area",34221,42.8,64588,33491,14993,9681,3988,70.82,147100,806,26.9
2022,19980,"Dodge City, KS Micro Area",34212,32.6,67997,28502,12568,7511,4165,64.33,121500,948,21.2
2022,20020,"Dothan, AL Metro Area",150969,41.3,54171,30770,70943,40520,18100,69.12,154200,822,27.9
2022,20060,"Douglas, GA Micro Area",51321,36.2,46936,23714,20864,11895,6062,66.24,111300,661,25.7
2022,20100,"Dover, DE Metro Area",182400,38.5,69278,33191,73600,48353,20352,70.38,272300,1224,31.9
2022,20140,"Dublin, GA Micro Area",65043,40.4,46411,27017,28388,15145,8253,64.73,117300,692,28.9
2022,20180,"DuBois, PA Micro Area",79707,45.2,56982,29950,38157,24695,7046,77.80,118300,737,28.0
2022,20220,"Dubuque, IA Metro Area",98812,38.7,73495,38705,42707,29312,10673,73.31,210300,912,27.9
2022,20260,"Duluth, MN-WI Metro Area",291491,41.7,67612,37319,149788,90118,33355,72.99,193600,909,30.0
2022,20300,"Dumas, TX Micro Area",21284,30.7,59041,26321,8184,4537,2452,64.92,122700,879,22.3
2022,20340,"Duncan, OK Micro Area",43140,40.7,57065,31501,20347,12726,4306,74.72,127500,831,27.6
2022,20420,"Durango, CO Micro Area",55983,41.8,81936,44614,28233,16036,6655,70.67,497800,1344,31.2
2022,20460,"Durant, OK Micro Area",46528,36.8,54289,29516,20396,11417,6524,63.64,151500,877,27.6
2022,20500,"Durham-Chapel Hill, NC Metro Area",648066,38.1,76040,44718,283637,164797,94981,63.44,310600,1249,29.3
2022,20540,"Dyersburg, TN Micro Area",36818,40.5,53150,37415,16278,9263,5377,63.27,148900,734,27.0
2022,20580,"Eagle Pass, TX Micro Area",57806,30.1,48497,21405,20063,12199,5702,68.15,125000,757,30.9
2022,20660,"Easton, MD Micro Area",37663,51.4,81667,52555,19606,11868,4402,72.94,382000,1204,29.0
2022,20700,"East Stroudsburg, PA Metro Area",168128,43.5,80656,36277,79377,46524,12589,78.70,221100,1311,32.7
2022,20740,"Eau Claire, WI Metro Area",171951,37.7,70009,37624,74025,46412,22395,67.45,222600,925,25.5
2022,20780,"Edwards, CO Micro Area",55650,38.3,98887,55007,33054,13774,6310,68.58,728400,1868,34.6
2022,20820,"Effingham, IL Micro Area",34594,39.3,73181,37844,15313,10969,3129,77.81,166500,697,21.7
2022,20900,"El Campo, TX Micro Area",41614,37.7,59712,29061,17416,10112,5036,66.75,170100,894,26.0
2022,20940,"El Centro, CA Metro Area",179578,32.6,53847,21216,56907,27122,19902,57.68,256000,961,32.1
2022,20980,"El Dorado, AR Micro Area",38815,41.3,49745,29252,18722,10868,4072,72.74,110900,775,26.1
2022,21020,"Elizabeth City, NC Micro Area",53507,41.7,60668,31800,24351,14167,6823,67.49,203900,1038,29.8
2022,21060,"Elizabethtown-Fort Knox, KY Metro Area",155871,38.1,64111,34454,65448,38752,20407,65.50,184100,902,23.1
2022,21120,"Elk City, OK Micro Area",22295,36.3,51499,26231,10125,5294,2719,66.07,149800,793,27.0
2022,21140,"Elkhart-Goshen, IN Metro Area",206841,35.6,63978,30708,79808,51118,20633,71.24,181800,945,29.1
2022,21180,"Elkins, WV Micro Area",28005,44.6,51186,26289,13120,7711,2651,74.42,128700,766,30.1
2022,21220,"Elko, NV Micro Area",55222,35.2,87631,38800,22835,13445,6157,68.59,272200,1073,20.2
2022,21260,"Ellensburg, WA Micro Area",44424,36.4,66800,39399,23918,11848,7402,61.55,417600,1152,32.7
2022,21300,"Elmira, NY Metro Area",83584,41.7,61358,34304,39035,23801,10978,68.43,128200,991,31.0
2022,21340,"El Paso, TX Metro Area",867161,32.8,55344,25974,318808,184946,108524,63.02,153400,977,30.6
2022,21380,"Emporia, KS Micro Area",34752,33.6,56068,29617,16405,8457,5831,59.19,131600,761,25.8
2022,21420,"Enid, OK Metro Area",62456,35.7,64165,32579,27755,15657,8158,65.74,142000,868,25.1
2022,21460,"Enterprise, AL Micro Area",53559,39.2,62199,31227,24155,14145,6218,69.46,162200,921,25.6
2022,21500,"Erie, PA Metro Area",270495,39.9,59396,32858,119910,74409,35065,67.97,160200,851,30.5
2022,21540,"Escanaba, MI Micro Area",36839,47.6,53852,32311,19815,12425,3426,78.39,139200,655,26.5
2022,21580,"Española, NM Micro Area",40285,41.7,52031,27878,19616,11102,2974,78.87,212700,704,21.5
2022,21640,"Eufaula, AL-GA Micro Area",27057,41.5,39599,23282,13388,6631,3343,66.48,101100,634,25.6
2022,21660,"Eugene-Springfield, OR Metro Area",382218,40.1,65157,36776,166750,94086,64535,59.31,363800,1210,31.6
2022,21700,"Eureka-Arcata, CA Micro Area",136132,39.5,57881,33988,62306,30965,23530,56.82,386000,1191,37.1
2022,21740,"Evanston, WY Micro Area",20546,36.0,78164,32955,8831,5914,1672,77.96,224800,790,22.5
2022,21780,"Evansville, IN-KY Metro Area",313961,40.1,64084,36191,141866,89929,39932,69.25,173500,908,28.0
2022,21820,"Fairbanks, AK Metro Area",96299,32.1,81655,42744,42772,21494,14330,60.00,276800,1360,28.2
2022,21840,"Fairfield, IA Micro Area",15785,44.2,52210,36111,7685,4466,2360,65.43,141500,838,32.5
2022,21860,"Fairmont, MN Micro Area",19960,44.8,61674,35152,9737,6437,2433,72.57,148100,767,27.3
2022,21900,"Fairmont, WV Micro Area",56194,40.3,59974,31740,26295,17374,5709,75.27,147600,870,27.3
2022,21980,"Fallon, NV Micro Area",25409,39.7,69922,35869,10829,6419,3176,66.90,255200,1142,25.6
2022,22020,"Fargo, ND-MN Metro Area",251635,32.7,73641,41687,112931,58464,46553,55.67,261000,919,26.5
2022,22060,"Faribault-Northfield, MN Micro Area",67152,37.1,78214,37050,25064,17566,5699,75.50,279700,1021,28.8
2022,22100,"Farmington, MO Micro Area",66814,39.4,53083,25304,28780,16575,7398,69.14,141700,748,26.4
2022,22140,"Farmington, NM Metro Area",121798,36.8,50734,25008,48050,28878,12171,70.35,170700,894,27.9
2022,22180,"Fayetteville, NC Metro Area",522537,32.8,57488,29510,216276,112369,80727,58.19,175600,1085,29.8
2022,22220,"Fayetteville-Springdale-Rogers, AR Metro Area",550596,34.4,73316,38918,223045,126833,77362,62.11,242800,1010,24.8
2022,22260,"Fergus Falls, MN Micro Area",60072,46.1,67990,37202,36513,19963,4947,80.14,234200,769,26.8
2022,22280,"Fernley, NV Micro Area",59435,43.2,70026,36330,24582,17790,5500,76.38,314200,1196,28.5
2022,22300,"Findlay, OH Micro Area",75072,39.4,67006,37479,33733,21580,9763,68.85,179600,877,25.8
2022,22340,"Fitzgerald, GA Micro Area",17169,38.7,38255,22625,8122,4123,3003,57.86,100000,668,24.9
2022,22380,"Flagstaff, AZ Metro Area",144705,31.7,67266,32592,69233,30705,21288,59.06,379400,1353,31.6
2022,22420,"Flint, MI Metro Area",405280,40.5,58594,33562,183775,116882,49178,70.39,158400,893,31.0
2022,22500,"Florence, SC Metro Area",200040,39.7,52401,30130,90452,51071,26195,66.10,150300,848,29.9
2022,22520,"Florence-Muscle Shoals, AL Metro Area",151599,41.3,56113,31940,72414,42335,19168,68.83,164400,787,27.2
2022,22540,"Fond du Lac, WI Metro Area",104027,41.9,70368,36824,45711,29931,12437,70.65,195800,892,24.9
2022,22580,"Forest City, NC Micro Area",64680,44.9,50512,28873,32640,19271,7002,73.35,158200,729,28.2
2022,22620,"Forrest City, AR Micro Area",23138,38.8,39822,20991,9653,4395,3707,54.25,82400,748,30.7
2022,22660,"Fort Collins, CO Metro Area",359363,36.3,87199,46676,159083,96055,52796,64.53,488300,1584,31.9
2022,22700,"Fort Dodge, IA Micro Area",36986,39.8,65335,33836,16981,10858,4724,69.68,130400,747,25.1
2022,22780,"Fort Leonard Wood, MO Micro Area",53726,27.7,62541,27098,19325,8954,6699,57.20,177400,1032,24.2
2022,22800,"Fort Madison-Keokuk, IA-IL-MO Micro Area",57717,44.2,58590,32583,28062,18721,5335,77.82,114500,751,26.5
2022,22820,"Fort Morgan, CO Micro Area",29045,36.9,70471,30422,11566,7022,3850,64.59,277400,1038,28.7
2022,22840,"Fort Payne, AL Micro Area",71680,39.6,47920,24915,30716,18974,6716,73.86,129000,684,28.0
2022,22860,"Fort Polk South, LA Micro Area",48452,31.5,56547,28797,21996,9809,7917,55.34,141900,1020,25.9
2022,22900,"Fort Smith, AR-OK Metro Area",245475,38.9,53224,29913,108312,63996,32262,66.48,146600,791,26.1
2022,23060,"Fort Wayne, IN Metro Area",419715,36.5,66758,35481,177632,116762,48941,70.46,175100,922,27.0
2022,23140,"Frankfort, IN Micro Area",33020,36.7,59515,28063,13481,9001,3381,72.69,140100,844,25.7
2022,23180,"Frankfort, KY Micro Area",75314,40.6,64669,36651,34038,21503,10230,67.76,188900,883,27.2
2022,23240,"Fredericksburg, TX Micro Area",26953,49.7,70162,42067,14107,7705,3330,69.82,399400,1275,30.7
2022,23300,"Freeport, IL Micro Area",44482,45.6,57527,32900,21402,13448,5889,69.55,122000,755,29.2
2022,23340,"Fremont, NE Micro Area",37175,39.4,66793,33674,16348,9613,5011,65.73,168900,890,25.4
2022,23380,"Fremont, OH Micro Area",58885,42.3,60814,32788,26500,17822,6216,74.14,142300,756,26.4
2022,23420,"Fresno, CA Metro Area",1008280,32.8,67756,30130,339270,172455,145867,54.18,338200,1207,32.4
2022,23460,"Gadsden, AL Metro Area",103348,41.9,52177,28479,47412,28454,10337,73.35,148400,779,28.6
2022,23500,"Gaffney, SC Micro Area",56200,40.0,47011,26706,24775,15079,6209,70.83,124500,828,28.9
2022,23540,"Gainesville, FL Metro Area",341067,33.9,56638,34618,152302,79117,54195,59.35,226100,1157,35.8
2022,23580,"Gainesville, GA Metro Area",204953,37.8,74153,35624,77473,48570,20817,70.00,277900,1179,30.1
2022,23620,"Gainesville, TX Micro Area",41860,40.4,66374,36275,17698,11192,5004,69.10,207100,1064,27.0
2022,23660,"Galesburg, IL Micro Area",49751,42.3,50263,28840,23809,14246,6488,68.71,96800,694,32.1
2022,23700,"Gallup, NM Micro Area",72073,33.6,44029,19188,25180,15034,5879,71.89,70200,806,23.3
2022,23780,"Garden City, KS Micro Area",42151,32.3,68481,29773,15756,9400,4973,65.40,182100,967,19.8
2022,23820,"Gardnerville Ranchos, NV Micro Area",49476,53.5,84262,49115,24417,16113,4888,76.72,529600,1360,29.6
2022,23860,"Georgetown, SC Micro Area",63594,51.0,59782,39403,36219,21281,4748,81.76,234600,1046,30.4
2022,23900,"Gettysburg, PA Metro Area",104604,43.8,78975,37349,43118,31264,8742,78.15,242800,1060,27.4
2022,23940,"Gillette, WY Micro Area",60985,37.0,88151,38714,26984,18237,4665,79.63,245900,909,27.3
2022,23980,"Glasgow, KY Micro Area",54824,40.6,47855,26913,24633,14892,6860,68.46,144300,726,28.1
2022,24020,"Glens Falls, NY Metro Area",126994,45.7,71380,39380,69102,38952,15065,72.11,208800,1015,28.5
2022,24060,"Glenwood Springs, CO Micro Area",79008,38.7,86831,49667,37613,20935,9569,68.63,485700,1512,30.0
2022,24100,"Gloversville, NY Micro Area",53280,44.2,60557,33282,28164,15265,6838,69.06,142000,855,28.3
2022,24140,"Goldsboro, NC Metro Area",117480,37.5,54323,30540,52882,28798,18151,61.34,152300,899,29.0
2022,24180,"Granbury, TX Micro Area",62459,46.5,80013,41729,28396,19879,4855,80.37,249400,1255,32.4
2022,24220,"Grand Forks, ND-MN Metro Area",104055,32.7,65971,36296,48239,24645,18562,57.04,225400,918,28.2
2022,24260,"Grand Island, NE Metro Area",76726,37.2,63314,32609,31716,19374,10371,65.13,186200,870,27.3
2022,24300,"Grand Junction, CO Metro Area",156131,40.6,68077,36303,67708,45317,17781,71.82,312600,1089,28.9
2022,24330,"Grand Rapids, MN Micro Area",45054,46.8,63962,34528,25595,14942,3179,82.46,198500,896,34.1
2022,24340,"Grand Rapids-Kentwood, MI Metro Area",1087068,36.1,76898,38016,432268,298720,109085,73.25,239900,1078,28.9
2022,24380,"Grants, NM Micro Area",27211,38.0,49866,22394,11141,5773,2351,71.06,101900,753,25.3
2022,24420,"Grants Pass, OR Metro Area",87994,47.4,56068,32159,38939,25565,10645,70.60,353800,1093,34.5
2022,24460,"Great Bend, KS Micro Area",25477,39.2,54634,31516,12396,6773,3282,67.36,113200,738,24.9
2022,24500,"Great Falls, MT Metro Area",84423,37.9,61351,34481,39022,23517,11060,68.01,227600,866,27.3
2022,24540,"Greeley, CO Metro Area",331466,35.0,89182,39480,120293,86836,28700,75.16,412200,1351,31.3
2022,24580,"Green Bay, WI Metro Area",328011,39.1,74208,38790,146314,91521,42160,68.46,220000,924,25.3
2022,24620,"Greeneville, TN Micro Area",70399,44.7,51975,28237,32300,20948,6829,75.41,166500,689,23.9
2022,24660,"Greensboro-High Point, NC Metro Area",775169,38.9,59567,34316,339167,195554,111875,63.61,188800,985,29.6
2022,24700,"Greensburg, IN Micro Area",26432,39.7,71566,34430,11554,7586,2715,73.64,174400,815,20.8
2022,24740,"Greenville, MS Micro Area",44604,37.9,38394,23190,20927,9986,7304,57.76,93000,756,32.7
2022,24780,"Greenville, NC Metro Area",171196,33.2,54915,32224,80763,36960,35193,51.22,178700,911,29.0
2022,24820,"Greenville, OH Micro Area",51751,41.7,60237,32732,22619,15091,5935,71.77,157800,731,23.3
2022,24860,"Greenville-Anderson, SC Metro Area",931405,38.8,66226,36818,406036,258390,108358,70.45,221100,1026,29.3
2022,24900,"Greenwood, MS Micro Area",37850,36.6,35452,24936,17612,8622,5071,62.97,97500,670,32.4
2022,24940,"Greenwood, SC Micro Area",69309,40.2,47553,30237,31404,17983,9657,65.06,144000,849,30.3
2022,24980,"Grenada, MS Micro Area",21474,38.4,45745,27128,10408,5757,2677,68.26,130100,773,29.5
2022,25020,"Guayama, PR Metro Area",68089,42.8,19290,12509,34311,19281,7588,71.76,96400,454,27.7
2022,25060,"Gulfport-Biloxi, MS Metro Area",416839,39.1,58287,31154,185213,107940,53527,66.85,175800,1010,30.6
2022,25100,"Guymon, OK Micro Area",21144,33.1,55682,23855,8448,4670,2195,68.03,146200,865,23.3
2022,25180,"Hagerstown-Martinsburg, MD-WV Metro Area",295165,40.5,72751,36065,124157,81151,33481,70.79,242400,1076,28.4
2022,25200,"Hailey, ID Micro Area",25381,44.2,81271,46599,16240,7227,2394,75.12,534900,1228,26.2
2022,25220,"Hammond, LA Metro Area",133953,35.7,55274,29192,57354,35378,13280,72.71,193300,930,33.5
2022,25260,"Hanford-Corcoran, CA Metro Area",152515,32.1,68540,26193,46500,23924,19670,54.88,281400,1201,28.2
2022,25300,"Hannibal, MO Micro Area",38881,40.6,62527,30234,17924,11270,4039,73.62,148700,763,24.4
2022,25420,"Harrisburg-Carlisle, PA Metro Area",593318,40.1,76189,41185,255664,162300,77726,67.62,226100,1098,26.7
2022,25460,"Harrison, AR Micro Area",44905,43.0,52078,28508,21478,12812,5265,70.87,158600,677,25.3
2022,25500,"Harrisonburg, VA Metro Area",135689,34.6,66823,32868,54291,30319,18435,62.19,265900,1068,27.4
2022,25540,"Hartford-East Hartford-Middletown, CT Metro Area",1215703,40.3,89371,48311,521773,323252,160785,66.78,288800,1297,30.2
2022,25580,"Hastings, NE Micro Area",31143,38.0,61502,34688,13804,8691,4026,68.34,166300,812,27.4
2022,25620,"Hattiesburg, MS Metro Area",172176,35.6,55078,31097,74649,41937,23726,63.87,160200,939,30.1
2022,25700,"Hays, KS Micro Area",28921,32.9,59665,37217,13214,7335,4623,61.34,199100,864,30.4
2022,25720,"Heber, UT Micro Area",77533,38.1,114857,60186,40705,19887,5175,79.35,740800,1734,27.8
2022,25740,"Helena, MT Micro Area",83760,42.3,72168,41082,38948,25244,9718,72.20,334300,1000,26.2
2022,25760,"Helena-West Helena, AR Micro Area",16373,39.7,37458,22644,8434,3318,2862,53.69,74100,719,36.8
2022,25780,"Henderson, NC Micro Area",42492,40.7,48340,26771,19392,9518,6605,59.03,133000,830,30.7
2022,25820,"Hereford, TX Micro Area",18585,32.0,51942,23310,6983,3881,2141,64.45,107500,842,20.5
2022,25840,"Hermiston-Pendleton, OR Micro Area",92044,36.9,69901,30225,35988,21181,10442,66.98,232400,924,24.6
2022,25860,"Hickory-Lenoir-Morganton, NC Metro Area",366031,43.2,57943,31932,163980,107696,37822,74.01,172700,797,24.8
2022,25880,"Hillsdale, MI Micro Area",45698,42.8,59425,30409,21440,14063,3543,79.88,159000,770,27.1
2022,25900,"Hilo, HI Micro Area",202163,43.3,74238,37236,88965,51778,20690,71.45,454900,1352,29.9
2022,25940,"Hilton Head Island-Bluffton, SC Metro Area",218515,46.2,77536,45854,112441,66168,21740,75.27,364800,1400,29.5
2022,25980,"Hinesville, GA Metro Area",82354,29.3,55427,26299,33260,14431,14091,50.60,158800,1146,29.3
2022,26020,"Hobbs, NM Micro Area",73103,32.2,65855,29635,27854,16679,7700,68.42,162000,1031,26.3
2022,26090,"Holland, MI Micro Area",120189,40.4,75543,35220,51880,37991,6630,85.14,225000,1004,27.8
2022,26140,"Homosassa Springs, FL Metro Area",155173,56.9,52569,33514,82142,57661,9890,85.36,190800,1000,33.0
2022,26220,"Hood River, OR Micro Area",23965,40.2,80254,43333,10131,6170,2869,68.26,492500,1281,28.5
2022,26260,"Hope, AR Micro Area",28329,41.4,44423,24542,13986,7080,3429,67.37,93800,765,32.8
2022,26300,"Hot Springs, AR Metro Area",100021,45.4,54229,31854,52383,29509,13711,68.28,166600,913,25.2
2022,26340,"Houghton, MI Micro Area",39502,33.3,52857,29840,20973,10772,4466,70.69,131600,741,32.3
2022,26380,"Houma-Thibodaux, LA Metro Area",206082,37.8,62443,32413,88422,59624,18709,76.12,175600,927,29.9
2022,26420,"Houston-The Woodlands-Sugar Land, TX Metro Area",7142603,35.0,78061,39997,2760561,1542231,982172,61.09,253600,1301,30.5
2022,26460,"Hudson, NY Micro Area",61469,49.3,81741,49093,33292,18868,6432,74.58,283700,1114,30.5
2022,26500,"Huntingdon, PA Micro Area",44123,43.6,61300,30392,20957,12383,3388,78.52,169000,759,26.2
2022,26540,"Huntington, IN Micro Area",36699,41.4,59894,32046,16241,11462,3703,75.58,134000,802,27.3
2022,26580,"Huntington-Ashland, WV-KY-OH Metro Area",359005,41.6,55964,31205,166007,103328,38131,73.04,142800,840,29.6
2022,26620,"Huntsville, AL Metro Area",493980,38.9,78521,43198,213929,138513,59628,69.91,240400,1016,26.5
2022,26660,"Huntsville, TX Micro Area",77182,36.5,47193,23220,28801,13493,11099,54.87,187200,976,37.6
2022,26700,"Huron, SD Micro Area",20925,38.4,64167,33562,9452,5948,2354,71.65,148100,799,25.2
2022,26740,"Hutchinson, KS Micro Area",61881,40.5,57390,31695,28309,17690,7467,70.32,119200,828,27.2
2022,26780,"Hutchinson, MN Micro Area",36727,41.3,73296,39361,15869,11391,3434,76.84,214300,831,24.2
2022,26820,"Idaho Falls, ID Metro Area",158478,33.1,73337,32121,57036,38838,14211,73.21,285000,968,25.5
2022,26860,"Indiana, PA Micro Area",83394,39.6,57170,30494,37678,23068,9217,71.45,140700,771,28.6
2022,26900,"Indianapolis-Carmel-Anderson, IN Metro Area",2109957,36.7,73571,40445,896395,545951,277043,66.34,223300,1081,29.0
2022,26940,"Indianola, MS Micro Area",25867,36.7,37403,18851,9426,4556,3580,56.00,103800,650,29.7
2022,26980,"Iowa City, IA Metro Area",175894,31.6,72680,41313,75769,42705,27631,60.72,265500,1057,32.5
2022,27020,"Iron Mountain, MI-WI Micro Area",30511,48.2,59483,35875,18581,11482,2160,84.17,129400,699,28.6
2022,27060,"Ithaca, NY Metro Area",102555,32.6,69995,40781,46728,23328,19656,54.27,264300,1320,35.9
2022,27100,"Jackson, MI Metro Area",160637,41.1,62581,33065,69095,46194,15865,74.44,166700,920,28.6
2022,27140,"Jackson, MS Metro Area",591397,37.7,60085,33087,257891,151669,73060,67.49,176500,1012,31.0
2022,27160,"Jackson, OH Micro Area",32563,40.1,56549,28570,14453,9261,3192,74.37,127500,744,26.8
2022,27180,"Jackson, TN Metro Area",180446,38.9,55807,29649,79484,45981,24662,65.09,152200,903,30.9
2022,27220,"Jackson, WY-ID Micro Area",35159,39.6,102435,65242,19323,9387,4575,67.23,847300,1269,25.7
2022,27260,"Jacksonville, FL Metro Area",1613587,38.9,73194,40164,695854,410398,212834,65.85,281000,1315,31.0
2022,27300,"Jacksonville, IL Micro Area",37781,41.9,62004,33941,17461,11040,4205,72.42,118900,687,24.5
2022,27340,"Jacksonville, NC Metro Area",203686,26.9,59976,29214,84531,41845,29164,58.93,196800,1132,29.7
2022,27380,"Jacksonville, TX Micro Area",50824,38.2,56971,26790,20909,13002,5067,71.96,138500,883,27.9
2022,27420,"Jamestown, ND Micro Area",21609,40.3,59167,37288,10389,5897,3213,64.73,191000,746,26.6
2022,27460,"Jamestown-Dunkirk-Fredonia, NY Micro Area",127440,42.8,54625,30718,66350,36891,16514,69.08,110900,759,31.2
2022,27500,"Janesville-Beloit, WI Metro Area",163817,40.0,70630,35594,70230,46462,19977,69.93,193000,981,26.2
2022,27530,"Jasper, AL Micro Area",64978,41.8,52987,28204,30127,19152,5566,77.48,124100,698,25.6
2022,27540,"Jasper, IN Micro Area",55811,40.9,67610,34371,24185,17816,4652,79.29,171400,757,24.3
2022,27580,"Jayuya, PR Micro Area",14726,41.7,18363,8747,6188,2934,2011,59.33,102300,439,27.3
2022,27600,"Jefferson, GA Micro Area",77033,37.9,82056,34703,28209,20562,5178,79.88,280600,1007,26.0
2022,27620,"Jefferson City, MO Metro Area",150182,39.5,70195,33994,64558,41342,15701,72.48,189800,776,23.1
2022,27660,"Jennings, LA Micro Area",32277,37.9,52470,30081,14007,9071,2611,77.65,149800,787,31.6
2022,27700,"Jesup, GA Micro Area",30277,38.7,49847,24838,12487,6923,3831,64.38,142200,805,26.1
2022,27740,"Johnson City, TN Metro Area",207442,42.2,54217,32940,97518,58902,28283,67.56,183600,845,27.7
2022,27780,"Johnstown, PA Metro Area",133263,45.6,54221,31532,64522,42088,13453,75.78,110900,700,27.8
2022,27860,"Jonesboro, AR Metro Area",134035,35.1,52709,30185,57499,31057,20376,60.38,166600,852,29.6
2022,27900,"Joplin, MO Metro Area",181807,37.7,56930,29839,77654,46356,23116,66.73,151800,853,28.3
2022,27940,"Juneau, AK Micro Area",32108,39.0,95711,49207,14073,8365,4652,64.26,404600,1464,24.9
2022,27980,"Kahului-Wailuku-Lahaina, HI Metro Area",164765,42.2,95379,42607,71801,35758,18970,65.34,800100,1805,31.7
2022,28020,"Kalamazoo-Portage, MI Metro Area",261426,34.6,67905,37852,114093,67729,38068,64.02,209700,994,29.7
2022,28060,"Kalispell, MT Micro Area",105950,42.3,68025,37984,50252,31328,10826,74.32,414200,1029,30.8
2022,28100,"Kankakee, IL Metro Area",107421,38.9,65489,32941,45312,27634,12957,68.08,176800,1025,30.6
2022,28140,"Kansas City, MO-KS Metro Area",2190750,37.7,78827,42460,940968,568916,301048,65.40,246000,1148,27.7
2022,28180,"Kapaa, HI Micro Area",73511,42.3,88869,39372,30236,14896,8082,64.83,742900,1686,28.6
2022,28260,"Kearney, NE Micro Area",56758,35.0,70727,36434,23989,15021,7206,67.58,216000,876,25.6
2022,28300,"Keene, NH Micro Area",76610,43.5,76551,40196,35706,21422,8885,70.68,238800,1139,28.3
2022,28340,"Kendallville, IN Micro Area",47431,39.4,70286,31953,20127,13546,4142,76.58,168100,774,24.8
2022,28380,"Kennett, MO Micro Area",28174,39.4,44868,26123,13492,6959,4175,62.50,93300,629,28.3
2022,28420,"Kennewick-Richland, WA Metro Area",304252,34.3,82146,37023,110227,71208,32651,68.56,330200,1157,28.6
2022,28500,"Kerrville, TX Micro Area",52810,48.2,66713,38003,25246,15571,6453,70.70,260700,1048,29.1
2022,28540,"Ketchikan, AK Micro Area",13910,40.6,82763,44368,6615,3656,1912,65.66,361000,1275,30.2
2022,28580,"Key West, FL Micro Area",82044,48.3,80111,54630,54034,21391,12997,62.20,696900,1919,34.3
2022,28620,"Kill Devil Hills, NC Micro Area",37160,48.1,79742,45669,34493,12513,3568,77.81,386600,1259,31.8
2022,28660,"Killeen-Temple, TX Metro Area",477577,32.2,63394,31023,187316,94288,73297,56.26,190900,1084,29.1
2022,28700,"Kingsport-Bristol, TN-VA Metro Area",308386,45.7,53644,32248,148797,94925,33585,73.87,166500,778,26.0
2022,28740,"Kingston, NY Metro Area",182153,44.2,77197,43168,85916,49975,22290,69.16,288400,1269,33.2
2022,28780,"Kingsville, TX Micro Area",30976,28.6,52407,25861,14014,6449,5504,53.95,128100,978,33.3
2022,28820,"Kinston, NC Micro Area",55071,42.7,43063,26697,26681,13332,9333,58.82,101600,792,28.0
2022,28860,"Kirksville, MO Micro Area",29365,30.5,51618,28096,13254,6420,3708,63.39,142000,741,28.1
2022,28900,"Klamath Falls, OR Micro Area",69506,41.1,57219,31260,32864,18895,9291,67.04,234200,921,30.5
2022,28940,"Knoxville, TN Metro Area",884359,40.4,66715,37262,396007,247280,107636,69.67,230700,1012,28.3
2022,29020,"Kokomo, IN Metro Area",83452,41.2,62014,33391,39613,25052,9905,71.67,143100,855,27.7
2022,29060,"Laconia, NH Micro Area",63914,47.8,80719,43670,38478,20011,5945,77.10,295900,1153,28.3
2022,29100,"La Crosse-Onalaska, WI-MN Metro Area",139042,37.7,69043,39476,61502,37851,20356,65.03,224700,977,27.5
2022,29180,"Lafayette, LA Metro Area",479865,36.9,58150,33150,214111,130012,57602,69.30,187800,918,30.6
2022,29200,"Lafayette-West Lafayette, IN Metro Area",224515,30.4,57188,31145,95096,50496,37533,57.36,184300,1004,32.5
2022,29260,"La Grande, OR Micro Area",26286,39.7,61946,31640,11694,7127,3573,66.61,243400,930,27.1
2022,29300,"LaGrange, GA-AL Micro Area",104139,38.8,52767,28712,45366,24704,14026,63.79,147600,932,31.8
2022,29340,"Lake Charles, LA Metro Area",216217,37.0,64764,33496,96987,56345,22674,71.31,195600,1025,28.4
2022,29380,"Lake City, FL Micro Area",69832,40.7,53501,28317,29835,18850,7541,71.43,165300,905,28.5
2022,29420,"Lake Havasu City-Kingman, AZ Metro Area",214229,52.9,53592,32835,118073,69067,26102,72.57,233700,976,29.0
2022,29460,"Lakeland-Winter Haven, FL Metro Area",736229,39.8,60901,30262,320023,184335,79810,69.79,215700,1192,30.8
2022,29500,"Lamesa, TX Micro Area",12342,34.0,45268,22002,4892,2960,1173,71.62,95100,805,33.1
2022,29540,"Lancaster, PA Metro Area",553202,39.0,81458,39872,216592,146185,62803,69.95,263600,1221,28.1
2022,29620,"Lansing-East Lansing, MI Metro Area",538985,37.1,68270,37203,236080,148476,71157,67.60,183800,1007,29.5
2022,29660,"Laramie, WY Micro Area",37525,28.3,55887,34969,18634,8235,8055,50.55,291500,927,34.0
2022,29700,"Laredo, TX Metro Area",267282,29.4,59984,23446,85296,49227,28570,63.28,161000,964,30.3
2022,29740,"Las Cruces, NM Metro Area",219870,33.2,51232,26900,90294,52513,29456,64.06,187400,858,33.5
2022,29780,"Las Vegas, NM Micro Area",31423,47.5,42301,26587,17952,10184,3493,74.46,141000,723,31.3
2022,29820,"Las Vegas-Henderson-Paradise, NV Metro Area",2265926,37.8,69911,36615,923275,467708,364659,56.19,368800,1406,32.5
2022,29860,"Laurel, MS Micro Area",83472,38.6,48389,25673,36688,23593,7177,76.68,118000,782,30.1
2022,29900,"Laurinburg, NC Micro Area",34222,39.0,41948,24464,14422,7309,4915,59.79,99900,736,29.0
2022,29940,"Lawrence, KS Metro Area",119094,30.7,66153,37261,52818,25004,24601,50.41,259500,1041,30.8
2022,29980,"Lawrenceburg, TN Micro Area",44377,39.0,51038,26865,18660,12426,4058,75.38,156500,715,27.6
2022,30020,"Lawton, OK Metro Area",127314,33.8,57196,30068,55297,25891,20560,55.74,143200,898,27.0
2022,30060,"Lebanon, MO Micro Area",36060,39.5,49202,27790,15935,10061,4284,70.14,151800,791,24.3
2022,30100,"Lebanon, NH-VT Micro Area",221463,45.9,74152,43384,122732,65675,22528,74.46,246000,1130,29.1
2022,30140,"Lebanon, PA Metro Area",143258,41.3,72532,35604,59213,39519,15717,71.55,211400,1023,29.0
2022,30220,"Levelland, TX Micro Area",21495,35.3,53283,28809,9184,5765,2157,72.77,110800,765,27.0
2022,30260,"Lewisburg, PA Micro Area",42908,39.7,64914,33566,16185,10156,4016,71.66,210300,899,29.9
2022,30280,"Lewisburg, TN Micro Area",34567,39.3,65325,32225,14357,10006,3013,76.86,218500,887,26.9
2022,30300,"Lewiston, ID-WA Metro Area",64570,42.1,64488,35876,28491,19115,7508,71.80,262000,907,29.2
2022,30340,"Lewiston-Auburn, ME Metro Area",111532,40.8,64500,34273,49923,30450,15375,66.45,211800,916,28.2
2022,30380,"Lewistown, PA Micro Area",46146,43.3,58012,28979,21391,13308,5304,71.50,131300,763,25.6
2022,30420,"Lexington, NE Micro Area",25910,36.8,68128,34894,11049,6529,3032,68.29,141900,854,21.9
2022,30460,"Lexington-Fayette, KY Metro Area",515954,36.5,68089,39431,226808,126374,83906,60.10,238300,1032,28.9
2022,30580,"Liberal, KS Micro Area",21942,30.5,57131,25391,8268,4615,2456,65.27,126000,827,24.8
2022,30620,"Lima, OH Metro Area",102087,39.8,58976,31523,44692,27494,13241,67.49,147000,844,26.5
2022,30660,"Lincoln, IL Micro Area",28027,40.3,62547,33280,11985,7841,3260,70.63,118200,761,26.6
2022,30700,"Lincoln, NE Metro Area",339707,34.2,70899,38382,143266,81810,54635,59.96,238300,994,27.6
2022,30780,"Little Rock-North Little Rock-Conway, AR Metro Area",749290,37.4,62664,36450,337837,193382,108514,64.06,185700,964,28.8
2022,30820,"Lock Haven, PA Micro Area",37860,39.8,59011,30723,18623,10622,4255,71.40,165100,840,28.0
2022,30860,"Logan, UT-ID Metro Area",148804,26.0,71739,29107,49287,30364,16026,65.45,343200,1011,28.1
2022,30900,"Logansport, IN Micro Area",37820,41.3,55862,28391,16387,11189,3781,74.74,110600,747,24.1
2022,30940,"London, KY Micro Area",149619,39.1,45127,23492,64508,37891,16948,69.09,118800,712,27.0
2022,30980,"Longview, TX Metro Area",287359,37.9,62910,31215,121141,72282,32480,69.00,165100,975,28.7
2022,31020,"Longview, WA Metro Area",110621,40.8,70912,35526,45540,28664,14503,66.40,332200,1090,30.1
2022,31060,"Los Alamos, NM Micro Area",19253,41.2,135801,71527,8631,5929,2220,72.76,412700,1235,17.5
2022,31080,"Los Angeles-Long Beach-Anaheim, CA Metro Area",13111917,37.7,89105,43986,4730219,2155123,2274256,48.66,772000,1892,33.7
2022,31140,"Louisville/Jefferson County, KY-IN Metro Area",1282588,39.3,69771,38998,561271,349990,165320,67.92,222400,1017,27.8
2022,31180,"Lubbock, TX Metro Area",322285,31.4,61535,33608,139008,70543,55189,56.11,180100,1082,31.3
2022,31220,"Ludington, MI Micro Area",29178,46.7,60744,34386,17451,9609,2687,78.15,181200,846,29.2
2022,31260,"Lufkin, TX Micro Area",86608,37.8,57055,27460,36619,20380,11203,64.53,138600,985,29.1
2022,31300,"Lumberton, NC Micro Area",117573,36.8,39393,21998,48811,27881,14628,65.59,87700,741,29.3
2022,31340,"Lynchburg, VA Metro Area",262124,40.0,64307,33747,117990,72714,30265,70.61,209000,920,28.0
2022,31380,"Macomb, IL Micro Area",27370,34.9,48904,29658,13655,7106,4494,61.26,100400,688,34.7
2022,31420,"Macon-Bibb County, GA Metro Area",233334,38.5,54700,31669,103903,54680,32861,62.46,160100,946,33.0
2022,31460,"Madera, CA Metro Area",157243,34.4,73543,28158,49880,28719,15138,65.48,340300,1185,30.5
2022,31500,"Madison, IN Micro Area",33057,41.0,57801,30450,14414,9018,3872,69.96,168100,798,27.6
2022,31540,"Madison, WI Metro Area",678995,36.7,82996,47694,304368,177081,113175,61.01,320700,1228,27.9
2022,31580,"Madisonville, KY Micro Area",45223,41.4,54466,27878,20949,12829,5516,69.93,125800,815,25.8
2022,31620,"Magnolia, AR Micro Area",22707,35.1,47441,27243,11051,5660,2166,72.32,123200,690,25.0
2022,31660,"Malone, NY Micro Area",47459,41.9,60270,30411,25352,13423,5510,70.90,131600,788,27.7
2022,31680,"Malvern, AR Micro Area",33129,42.6,50260,25486,14247,9360,2540,78.66,119600,713,25.6
2022,31700,"Manchester-Nashua, NH Metro Area",422733,40.9,95112,49675,175630,111661,54683,67.13,356200,1444,29.3
2022,31740,"Manhattan, KS Metro Area",133834,26.6,61270,31979,56426,24819,24512,50.31,210300,1056,30.1
2022,31820,"Manitowoc, WI Micro Area",81242,45.0,66412,35854,37821,26490,8370,75.99,160400,747,22.4
2022,31860,"Mankato, MN Metro Area",103402,33.6,73472,37335,42725,26220,13803,65.51,239800,978,28.1
2022,31900,"Mansfield, OH Metro Area",125008,40.9,56557,29570,54581,33797,15876,68.04,140500,768,27.9
2022,31930,"Marietta, OH Micro Area",59639,44.1,59053,33987,27997,18243,6379,74.09,164000,794,29.8
2022,31940,"Marinette, WI-MI Micro Area",65260,49.1,58291,33004,42610,22797,5743,79.88,139100,715,25.0
2022,31980,"Marion, IN Micro Area",66560,40.1,53033,27725,29856,19124,7426,72.03,109300,774,27.3
2022,32000,"Marion, NC Micro Area",44629,44.3,53532,29047,21328,13351,4833,73.42,153300,725,23.1
2022,32020,"Marion, OH Micro Area",65366,40.7,55106,29257,27405,16334,7972,67.20,135900,837,29.9
2022,32100,"Marquette, MI Micro Area",66376,39.1,63115,32711,33584,19473,7872,71.21,184300,904,32.4
2022,32140,"Marshall, MN Micro Area",25352,36.8,68919,35256,11188,6954,2970,70.07,177600,718,28.2
2022,32180,"Marshall, MO Micro Area",23219,35.5,55396,26704,9872,5655,2153,72.43,129600,718,30.0
2022,32260,"Marshalltown, IA Micro Area",40049,38.5,70828,31486,16795,11237,4051,73.50,125900,832,24.7
2022,32280,"Martin, TN Micro Area",32946,37.9,47769,26820,15002,8559,4570,65.19,123100,723,27.1
2022,32300,"Martinsville, VA Micro Area",64299,46.8,42458,26298,32517,18010,8029,69.17,108900,704,28.6
2022,32340,"Maryville, MO Micro Area",21140,33.5,53917,28136,9465,5239,3022,63.42,157200,739,28.3
2022,32380,"Mason City, IA Micro Area",50396,44.2,63785,38114,26137,16397,6243,72.42,143400,804,23.2
2022,32420,"Mayagüez, PR Metro Area",97118,44.0,17675,13171,52208,21903,16301,57.33,104900,449,36.2
2022,32460,"Mayfield, KY Micro Area",36701,39.9,52526,28978,16526,10699,3605,74.80,134900,662,28.4
2022,32500,"Maysville, KY Micro Area",17068,42.1,48460,33842,8181,4596,2099,68.65,156600,697,24.3
2022,32540,"McAlester, OK Micro Area",43758,40.4,53054,28257,22160,12539,4865,72.05,135800,798,31.1
2022,32580,"McAllen-Edinburg-Mission, TX Metro Area",873167,29.8,49371,20844,296286,174713,82786,67.85,112700,875,30.8
2022,32620,"McComb, MS Micro Area",40098,37.3,40131,23013,19014,9597,5148,65.09,115900,831,29.9
2022,32660,"McMinnville, TN Micro Area",41163,40.3,52948,27059,18164,11309,4623,70.98,149700,734,26.9
2022,32700,"McPherson, KS Micro Area",30085,39.8,71250,34116,13082,9040,3100,74.46,180900,871,28.2
2022,32740,"Meadville, PA Micro Area",83876,43.6,58734,30989,42234,24485,8706,73.77,136000,769,26.4
2022,32780,"Medford, OR Metro Area",222604,42.3,67690,36538,96286,58451,31425,65.04,369500,1208,31.6
2022,32820,"Memphis, TN-MS-AR Metro Area",1335804,36.7,62178,35194,567955,309777,200672,60.69,207500,1091,31.6
2022,32860,"Menomonie, WI Micro Area",45221,35.4,69721,34615,18729,11448,5809,66.34,212000,908,25.6
2022,32900,"Merced, CA Metro Area",282290,31.5,64772,26869,87895,44156,38604,53.35,342300,1200,29.0
2022,32940,"Meridian, MS Micro Area",97274,39.1,45386,26146,45175,25421,12188,67.59,110200,843,31.9
2022,33020,"Mexico, MO Micro Area",24873,40.4,51745,27133,10563,6459,2509,72.02,112300,707,27.0
2022,33060,"Miami, OK Micro Area",30472,37.6,46186,24354,13699,7906,3812,67.47,107500,742,27.3
2022,33100,"Miami-Fort Lauderdale-Pompano Beach, FL Metro Area",6123949,41.6,69085,39957,2643202,1370247,914000,59.99,369500,1657,36.8
2022,33140,"Michigan City-La Porte, IN Metro Area",112215,40.5,66854,33048,49763,32049,11186,74.13,166200,860,28.1
2022,33180,"Middlesborough, KY Micro Area",24248,41.5,33658,19262,11634,5966,3490,63.09,76700,608,32.4
2022,33220,"Midland, MI Metro Area",83503,41.7,73643,41594,36927,26769,7567,77.96,171600,931,28.7
2022,33260,"Midland, TX Metro Area",174621,32.2,89345,46613,72376,44896,22281,66.83,270900,1366,28.0
2022,33300,"Milledgeville, GA Micro Area",52366,38.4,51988,29721,25032,12067,6571,64.74,144800,812,34.3
2022,33340,"Milwaukee-Waukesha, WI Metro Area",1568940,38.3,72937,42532,693549,390320,258417,60.17,267200,1052,28.8
2022,33380,"Minden, LA Micro Area",36761,41.5,34263,22706,18325,9926,4875,67.06,100100,735,45.6
2022,33420,"Mineral Wells, TX Micro Area",28569,41.3,65242,31890,15138,7667,2973,72.06,151500,963,29.2
2022,33460,"Minneapolis-St. Paul-Bloomington, MN-WI Metro Area",3678328,37.6,94673,49334,1509511,1021011,418397,70.93,334200,1324,28.9
2022,33500,"Minot, ND Micro Area",77140,33.5,78112,40728,36387,19961,11561,63.32,238100,999,23.8
2022,33540,"Missoula, MT Metro Area",118541,36.7,66840,40311,55084,29672,20774,58.82,382400,1068,28.9
2022,33580,"Mitchell, SD Micro Area",23409,39.5,57432,33312,10786,6272,3282,65.65,177100,772,24.6
2022,33620,"Moberly, MO Micro Area",24652,39.8,51480,25496,10801,6209,2892,68.22,131200,735,29.0
2022,33660,"Mobile, AL Metro Area",429312,38.4,55247,30436,192624,106202,58909,64.32,163600,970,32.0
2022,33700,"Modesto, CA Metro Area",552063,34.5,74872,32044,183317,106359,69388,60.52,393300,1433,31.6
2022,33740,"Monroe, LA Metro Area",206072,37.6,47351,28677,92549,48115,29126,62.29,158100,859,34.2
2022,33780,"Monroe, MI Metro Area",154823,42.6,72573,37704,65946,50266,11974,80.76,202200,996,30.3
2022,33860,"Montgomery, AL Metro Area",384740,37.8,60849,33229,171555,96093,52121,64.83,170300,1032,29.5
2022,33940,"Montrose, CO Micro Area",47759,47.1,65033,36996,22570,14825,4652,76.12,338000,1086,31.3
2022,33980,"Morehead City, NC Micro Area",68353,49.9,66965,39817,51096,22174,8240,72.91,277400,1009,32.4
2022,34020,"Morgan City, LA Micro Area",49114,39.5,47322,26949,22516,12946,5682,69.50,128000,829,33.7
2022,34060,"Morgantown, WV Metro Area",140194,34.6,60670,36095,64740,35389,21440,62.27,215300,914,33.1
2022,34100,"Morristown, TN Metro Area",143196,42.9,52913,29207,64105,39677,15729,71.61,170100,803,28.4
2022,34140,"Moscow, ID Micro Area",39872,30.3,62258,33342,17301,9545,6384,59.92,309300,869,28.9
2022,34180,"Moses Lake, WA Micro Area",99145,33.2,66387,29655,38851,21805,11861,64.77,244500,979,25.3
2022,34220,"Moultrie, GA Micro Area",45813,37.1,47235,25766,19143,10714,5825,64.78,113900,747,28.9
2022,34260,"Mountain Home, AR Micro Area",41801,52.1,47403,30264,22747,14142,4879,74.35,155600,810,28.3
2022,34300,"Mountain Home, ID Micro Area",28752,32.3,55000,28599,12119,6728,4032,62.53,235200,1030,27.9
2022,34340,"Mount Airy, NC Micro Area",71429,43.8,52743,30274,33549,21105,7885,72.80,153700,706,27.6
2022,34350,"Mount Gay-Shamrock, WV Micro Area",32350,44.1,42194,26111,14864,9370,3005,75.72,101200,737,24.2
2022,34380,"Mount Pleasant, MI Micro Area",64938,28.9,52638,28809,28580,15340,9535,61.67,159500,840,32.7
2022,34420,"Mount Pleasant, TX Micro Area",43844,35.6,56096,25900,17851,10704,4541,70.21,141600,796,28.0
2022,34460,"Mount Sterling, KY Micro Area",47101,40.6,51889,26094,21022,12250,5561,68.78,123900,697,21.8
2022,34500,"Mount Vernon, IL Micro Area",37043,41.2,58384,30167,16659,10638,4140,71.99,115000,838,25.5
2022,34540,"Mount Vernon, OH Micro Area",62657,39.4,71246,32543,25865,16884,6233,73.04,197400,878,28.6
2022,34580,"Mount Vernon-Anacortes, WA Metro Area",129480,41.5,82029,41191,55875,35746,15078,70.33,444300,1350,31.0
2022,34620,"Muncie, IN Metro Area",112156,35.6,53377,28874,51613,30270,15889,65.58,120500,841,32.0
2022,34660,"Murray, KY Micro Area",37345,35.6,48276,27850,17983,9539,5266,64.43,169100,770,27.6
2022,34700,"Muscatine, IA Micro Area",42968,38.6,67427,34055,18386,12872,4203,75.39,159000,936,26.7
2022,34740,"Muskegon, MI Metro Area",175947,39.4,61347,30812,74639,51460,15135,77.27,162300,915,30.2
2022,34780,"Muskogee, OK Micro Area",66606,38.1,50289,26684,29435,17081,8517,66.73,128900,793,28.1
2022,34820,"Myrtle Beach-Conway-North Myrtle Beach, SC-NC Metro Area",496299,50.0,63296,36432,297218,158078,45220,77.76,247600,1138,30.7
2022,34860,"Nacogdoches, TX Micro Area",64768,31.7,51153,27584,28903,14708,10185,59.08,150700,863,35.2
2022,34900,"Napa, CA Metro Area",137384,42.5,105809,54306,55588,32076,17142,65.17,794500,2037,31.6
2022,34940,"Naples-Marco Island, FL Metro Area",380221,52.2,82011,56666,229814,117362,39406,74.86,443700,1599,35.9
2022,34980,"Nashville-Davidson--Murfreesboro--Franklin, TN Metro Area",1990873,36.8,79020,43140,836994,508986,263142,65.92,344700,1346,29.7
2022,35020,"Natchez, MS-LA Micro Area",48102,39.7,37726,22542,23896,12137,5783,67.73,98200,720,31.3
2022,35060,"Natchitoches, LA Micro Area",37478,33.3,41310,25302,18605,7928,5938,57.18,155700,786,35.9
2022,35100,"New Bern, NC Metro Area",122678,40.8,60258,33411,58926,34931,15018,69.93,187400,1027,28.7
2022,35140,"Newberry, SC Micro Area",37918,42.6,56706,32251,18313,11167,3860,74.31,139200,855,28.3
2022,35220,"New Castle, IN Micro Area",48913,42.2,57632,29421,20978,13967,4582,75.30,124900,787,26.0
2022,35260,"New Castle, PA Micro Area",85907,45.0,57585,32319,39647,26785,9148,74.54,130000,787,30.7
2022,35300,"New Haven-Milford, CT Metro Area",866377,40.3,81544,45314,371281,211844,130041,61.96,291900,1339,31.4
2022,35380,"New Orleans-Metairie, LA Metro Area",1264357,39.0,62748,36735,572691,317844,180427,63.79,242600,1151,33.3
2022,35420,"New Philadelphia-Dover, OH Micro Area",92840,41.1,61953,31736,40785,26273,11501,69.55,163700,844,27.7
2022,35440,"Newport, OR Micro Area",50334,52.4,57794,35295,32094,15896,6587,70.70,345300,1057,29.9
2022,35460,"Newport, TN Micro Area",36186,45.5,45110,25864,17833,10304,4243,70.83,137000,763,28.1
2022,35580,"New Ulm, MN Micro Area",25880,42.0,67038,35340,11765,8593,2333,78.65,165200,825,24.0
2022,35620,"New York-Newark-Jersey City, NY-NJ-PA Metro Area",19908595,39.1,93610,52011,7981356,3786708,3534346,51.72,553500,1711,31.0
2022,35660,"Niles, MI Metro Area",153938,42.5,60379,36764,76948,46359,17153,72.99,193600,885,29.5
2022,35700,"Nogales, AZ Micro Area",47838,37.3,51885,25619,18811,11190,5461,67.20,196700,741,29.1
2022,35740,"Norfolk, NE Micro Area",48667,38.0,63350,34759,20832,13347,5768,69.82,181900,801,24.5
2022,35820,"North Platte, NE Micro Area",35827,42.3,63119,33479,17184,10109,4876,67.46,167000,850,29.0
2022,35840,"North Port-Sarasota-Bradenton, FL Metro Area",844461,53.6,74469,47686,462959,272549,88452,75.50,332300,1500,32.9
2022,35860,"North Vernon, IN Micro Area",27610,39.6,66892,30254,11646,8469,1992,80.96,133200,873,28.2
2022,35900,"North Wilkesboro, NC Micro Area",66125,45.3,49119,27592,31743,19892,7357,73.00,146200,712,28.9
2022,35940,"Norwalk, OH Micro Area",58518,40.1,64144,30792,25519,16952,6144,73.40,151600,805,24.5
2022,35980,"Norwich-New London, CT Metro Area",268448,42.7,84755,46010,122213,74846,34727,68.31,290400,1278,29.1
2022,36020,"Oak Harbor, WA Micro Area",86510,44.2,82850,44217,42098,26207,9291,73.83,480800,1517,30.7
2022,36100,"Ocala, FL Metro Area",378225,48.5,55265,31086,179079,118521,36475,76.47,194900,1092,30.0
2022,36140,"Ocean City, NJ Metro Area",95456,50.9,83870,51344,99525,33950,9327,78.45,372300,1285,35.5
2022,36220,"Odessa, TX Metro Area",162300,31.0,70566,34267,66082,39398,21278,64.93,175600,1232,28.7
2022,36260,"Ogden-Clearfield, UT Metro Area",696650,32.5,91022,36857,236291,171055,53153,76.29,384700,1254,27.2
2022,36300,"Ogdensburg-Massena, NY Micro Area",108670,38.8,58339,29827,51780,29521,11878,71.31,114700,788,29.3
2022,36340,"Oil City, PA Micro Area",50475,47.6,59278,31667,26276,16024,5299,75.15,108500,740,27.3
2022,36380,"Okeechobee, FL Micro Area",39870,40.8,50476,26904,18496,11101,3818,74.41,158500,963,28.5
2022,36420,"Oklahoma City, OK Metro Area",1428923,35.7,67963,36890,608642,355735,199013,64.13,196800,1017,28.5
2022,36460,"Olean, NY Micro Area",77000,42.5,56889,30286,40254,23220,8271,73.74,105100,745,28.0
2022,36500,"Olympia-Lacey-Tumwater, WA Metro Area",294272,39.5,88895,42306,121682,77830,37865,67.27,411700,1499,31.5
2022,36540,"Omaha-Council Bluffs, NE-IA Metro Area",966688,36.3,79634,42050,402606,249834,128525,66.03,229500,1101,28.4
2022,36580,"Oneonta, NY Micro Area",59678,40.8,65778,34573,29965,16534,5771,74.13,166500,927,27.0
2022,36620,"Ontario, OR-ID Micro Area",57109,37.8,55155,25708,21471,12453,6851,64.51,231600,782,25.1
2022,36660,"Opelousas, LA Micro Area",82574,37.3,44478,24413,36840,21194,9694,68.62,148400,739,29.9
2022,36700,"Orangeburg, SC Micro Area",84159,40.5,41020,23636,41365,21364,11323,65.36,105500,771,33.1
2022,36740,"Orlando-Kissimmee-Sanford, FL Metro Area",2679298,37.9,71551,36617,1094927,596700,351799,62.91,308100,1530,33.7
2022,36780,"Oshkosh-Neenah, WI Metro Area",171197,38.4,70041,37983,76371,47490,24453,66.01,190600,880,25.2
2022,36820,"Oskaloosa, IA Micro Area",22059,39.6,65200,33812,9700,6006,2867,67.69,135100,773,20.0
2022,36830,"Othello, WA Micro Area",20557,29.0,63105,24609,6774,4092,2212,64.91,216900,902,26.2
2022,36837,"Ottawa, IL Micro Area",148326,42.5,67181,35839,68507,45634,15797,74.28,142100,854,27.0
2022,36840,"Ottawa, KS Micro Area",25968,40.2,68217,32997,11180,7479,2706,73.43,175500,882,29.0
2022,36900,"Ottumwa, IA Micro Area",35292,39.4,56209,30025,15754,9413,4780,66.32,105800,909,29.2
2022,36940,"Owatonna, MN Micro Area",37396,39.9,79722,40146,15731,11624,3387,77.44,217100,914,33.4
2022,36980,"Owensboro, KY Metro Area",121147,39.1,64366,33281,52009,33296,14501,69.66,164600,874,26.5
2022,37060,"Oxford, MS Micro Area",56172,30.7,59748,32536,28147,12041,6661,64.38,242800,1092,33.0
2022,37100,"Oxnard-Thousand Oaks-Ventura, CA Metro Area",842009,39.0,102141,45846,293491,176575,99078,64.06,719100,2140,34.5
2022,37120,"Ozark, AL Micro Area",49455,37.7,52813,28312,22829,11669,7731,60.15,123800,829,24.8
2022,37140,"Paducah, KY-IL Micro Area",98430,43.2,57960,34421,47259,27534,11375,70.77,152900,837,28.3
2022,37220,"Pahrump, NV Micro Area",51698,52.9,53602,30751,25017,16407,5440,75.10,235500,1004,28.7
2022,37260,"Palatka, FL Micro Area",73604,45.1,44852,25966,36183,21737,8045,72.99,125700,844,30.7
2022,37300,"Palestine, TX Micro Area",58077,39.3,57445,23548,20287,11602,5297,68.65,154600,972,31.6
2022,37340,"Palm Bay-Melbourne-Titusville, FL Metro Area",610723,47.0,71308,40111,290314,189103,57547,76.67,278000,1327,32.1
2022,37420,"Pampa, TX Micro Area",22036,36.8,54852,30370,10402,5925,2416,71.03,95000,843,32.0
2022,37460,"Panama City, FL Metro Area",181055,41.2,65999,36868,104428,51208,23470,68.57,246800,1311,31.9
2022,37500,"Paragould, AR Micro Area",45954,37.8,54879,26941,19235,11421,6320,64.38,157400,808,27.6
2022,37540,"Paris, TN Micro Area",32305,45.7,48025,28098,16976,9897,3236,75.36,141000,727,25.4
2022,37580,"Paris, TX Micro Area",50149,40.3,58246,29888,22688,13423,6699,66.71,152800,847,29.5
2022,37620,"Parkersburg-Vienna, WV Metro Area",89474,44.0,54175,31643,43030,28354,9339,75.22,138200,776,31.3
2022,37660,"Parsons, KS Micro Area",20096,40.6,56143,29585,9542,5994,1962,75.34,94600,723,24.3
2022,37740,"Payson, AZ Micro Area",53419,50.6,55242,29945,32519,17178,5536,75.63,222500,966,27.9
2022,37770,"Pearsall, TX Micro Area",18151,33.1,56042,22779,6335,2894,1815,61.46,98000,797,35.6
2022,37780,"Pecos, TX Micro Area",14118,35.4,57329,26306,5119,3101,1056,74.60,108900,951,26.2
2022,37800,"Pella, IA Micro Area",33487,39.8,74193,38168,14179,10262,3048,77.10,192300,845,25.3
2022,37860,"Pensacola-Ferry Pass-Brent, FL Metro Area",510290,38.9,69374,35688,222708,134369,61692,68.53,232800,1205,29.9
2022,37900,"Peoria, IL Metro Area",401702,40.3,67718,38124,183619,120197,45866,72.38,151300,881,27.9
2022,37940,"Peru, IN Micro Area",35952,41.1,59551,28221,14901,9862,3207,75.46,112800,776,26.1
2022,37980,"Philadelphia-Camden-Wilmington, PA-NJ-DE-MD Metro Area",6232894,39.0,85555,47051,2590451,1618790,801034,66.90,304900,1347,30.3
2022,38060,"Phoenix-Mesa-Chandler, AZ Metro Area",4864209,37.4,79935,40787,1996937,1191711,625339,65.58,360600,1432,29.8
2022,38100,"Picayune, MS Micro Area",56351,40.8,54220,27549,24869,17007,4181,80.27,167700,909,29.2
2022,38180,"Pierre, SD Micro Area",20791,39.7,83641,38935,9421,6470,2165,74.93,212000,919,23.7
2022,38220,"Pine Bluff, AR Metro Area",87498,39.9,47559,23787,38771,20318,10080,66.84,106900,806,29.1
2022,38240,"Pinehurst-Southern Pines, NC Micro Area",100759,43.0,77981,42094,48595,32227,9555,77.13,284000,1084,26.8
2022,38260,"Pittsburg, KS Micro Area",39012,32.9,49779,28530,18029,9276,6530,58.69,114100,821,30.5
2022,38300,"Pittsburgh, PA Metro Area",2365501,42.8,71283,43041,1126708,716261,303982,70.20,192400,968,27.2
2022,38340,"Pittsfield, MA Metro Area",128763,47.5,69744,45300,69762,39380,16698,70.22,266400,1003,30.8
2022,38380,"Plainview, TX Micro Area",32525,33.4,50721,23696,13396,6789,4208,61.74,97500,757,24.8
2022,38420,"Platteville, WI Micro Area",51842,36.8,63497,32097,22148,13839,6024,69.67,173400,795,26.3
2022,38460,"Plattsburgh, NY Micro Area",79839,40.9,67097,34834,37309,22542,10109,69.04,165200,944,27.9
2022,38500,"Plymouth, IN Micro Area",46208,39.9,66016,32218,19828,12939,3976,76.49,170800,882,26.0
2022,38540,"Pocatello, ID Metro Area",95352,34.7,60704,29743,38134,24218,11157,68.46,229800,816,25.6
2022,38580,"Point Pleasant, WV-OH Micro Area",54764,42.6,54605,29940,25679,17103,4320,79.83,126600,760,25.5
2022,38620,"Ponca City, OK Micro Area",43859,38.2,53746,29800,20990,11215,5417,67.43,111600,786,26.5
2022,38660,"Ponce, PR Metro Area",222831,43.1,19867,12653,101798,58699,23221,71.65,104200,486,31.9
2022,38700,"Pontiac, IL Micro Area",35771,41.9,68175,34996,15909,10602,4063,72.29,128100,836,23.9
2022,38740,"Poplar Bluff, MO Micro Area",53119,40.8,46581,24596,24572,13771,6434,68.16,125400,725,29.8
2022,38780,"Portales, NM Micro Area",19142,31.3,52644,24954,8511,4183,2778,60.09,128100,795,27.2
2022,38820,"Port Angeles, WA Micro Area",77333,51.2,66108,38181,37994,24894,9234,72.94,353600,1093,30.3
2022,38860,"Portland-South Portland, ME Metro Area",552916,43.6,84095,47110,281528,169104,64544,72.38,344900,1282,28.7
2022,38900,"Portland-Vancouver-Hillsboro, OR-WA Metro Area",2505312,38.8,90451,47649,1036369,613831,373026,62.20,484800,1577,30.4
2022,38920,"Port Lavaca, TX Micro Area",20127,38.4,62267,33754,10696,6134,1911,76.25,128200,968,24.5
2022,38940,"Port St. Lucie, FL Metro Area",494081,47.9,69429,39300,231647,151127,42040,78.24,293400,1366,33.7
2022,39020,"Portsmouth, OH Micro Area",73716,40.6,46360,25279,33209,19209,8821,68.53,122900,723,30.3
2022,39060,"Pottsville, PA Micro Area",143201,44.2,63574,32316,67328,43614,13373,76.53,127900,801,25.9
2022,39100,"Poughkeepsie-Newburgh-Middletown, NY Metro Area",697704,39.4,92870,44221,269287,170347,78765,68.38,342900,1462,32.4
2022,39150,"Prescott Valley-Prescott, AZ Metro Area",237830,54.5,62430,37666,121829,77893,28649,73.11,354300,1128,28.2
2022,39220,"Price, UT Micro Area",20338,37.8,53734,26450,9623,5355,2643,66.95,176400,786,30.1
2022,39260,"Prineville, OR Micro Area",24987,47.0,74969,38484,11236,7749,2542,75.30,368200,1129,28.2
2022,39300,"Providence-Warwick, RI-MA Metro Area",1670949,40.4,81136,42869,726350,413136,248944,62.40,358200,1165,29.1
2022,39340,"Provo-Orem, UT Metro Area",677964,25.2,91190,33221,199201,131230,59535,68.79,440800,1325,28.5
2022,39380,"Pueblo, CO Metro Area",168135,39.8,59436,31513,72364,44861,22229,66.87,238400,967,31.4
2022,39420,"Pullman, WA Micro Area",47141,26.0,49345,30287,20974,8123,9840,45.22,298500,959,41.5
2022,39460,"Punta Gorda, FL Metro Area",189900,59.9,62164,38466,111330,69787,14884,82.42,265800,1206,35.4
2022,39500,"Quincy, IL-MO Micro Area",75570,41.1,61924,33543,34560,22396,8423,72.67,146200,752,26.4
2022,39540,"Racine, WI Metro Area",197068,40.2,72658,38288,84455,55341,23759,69.96,226500,985,27.4
2022,39580,"Raleigh-Cary, NC Metro Area",1420825,37.4,91818,47031,581802,358214,178143,66.79,347600,1366,28.4
2022,39660,"Rapid City, SD Metro Area",140356,39.1,68363,37863,62176,39343,16906,69.94,248700,1014,28.6
2022,39700,"Raymondville, TX Micro Area",20308,33.7,42839,20229,6820,3743,1671,69.14,66900,695,30.9
2022,39740,"Reading, PA Metro Area",428483,39.9,74617,37776,170678,114165,47009,70.83,225700,1078,29.8
2022,39780,"Red Bluff, CA Micro Area",65484,40.3,59029,33800,27440,16520,8103,67.09,290400,1119,29.3
2022,39820,"Redding, CA Metro Area",181852,41.7,68347,36458,79626,46257,24850,65.05,327500,1232,29.7
2022,39860,"Red Wing, MN Micro Area",47697,42.0,78338,40087,20905,15221,4412,77.53,254500,895,29.2
2022,39900,"Reno, NV Metro Area",490769,38.7,81576,44449,210414,114312,79800,58.89,458700,1400,29.9
2022,39940,"Rexburg, ID Micro Area",66006,22.5,56594,22629,22892,8418,7881,51.65,291300,906,31.9
2022,39980,"Richmond, IN Micro Area",66522,40.9,54854,29848,30782,18574,8585,68.39,119400,793,27.4
2022,40060,"Richmond, VA Metro Area",1316145,38.7,80877,44141,553455,345333,171512,66.82,299100,1307,30.3
2022,40080,"Richmond-Berea, KY Micro Area",107093,35.5,57096,30047,46221,26405,15483,63.04,184700,805,28.3
2022,40100,"Rio Grande City-Roma, TX Micro Area",65716,28.6,35979,16934,22828,13528,5106,72.60,88300,670,33.6
2022,40140,"Riverside-San Bernardino-Ontario, CA Metro Area",4610050,35.2,81041,33460,1584750,916926,492978,65.03,452400,1643,34.0
2022,40180,"Riverton, WY Micro Area",39402,38.9,60030,30414,17474,10333,4284,70.69,236700,819,26.6
2022,40220,"Roanoke, VA Metro Area",314708,42.8,65687,38097,147660,88646,40109,68.85,221100,949,27.6
2022,40260,"Roanoke Rapids, NC Micro Area",66300,45.6,42846,26440,35499,18148,9454,65.75,97900,761,31.8
2022,40300,"Rochelle, IL Micro Area",51672,42.3,75782,36436,22640,15232,5575,73.21,172900,841,24.1
2022,40340,"Rochester, MN Metro Area",225911,38.6,86788,46938,97342,67990,23496,74.32,266900,1115,28.8
2022,40380,"Rochester, NY Metro Area",1086859,40.5,71349,40022,489741,302337,146380,67.38,175300,1056,30.4
2022,40420,"Rockford, IL Metro Area",338050,39.4,63834,34040,145222,91610,42628,68.24,152800,941,29.3
2022,40460,"Rockingham, NC Micro Area",43149,40.1,42354,24416,19768,10829,5776,65.22,111900,720,30.4
2022,40530,"Rockport, TX Micro Area",24048,51.0,58168,40890,15600,9020,2392,79.04,221500,1076,29.4
2022,40540,"Rock Springs, WY Micro Area",42079,37.1,79375,40268,19198,11982,4353,73.35,240300,899,22.4
2022,40580,"Rocky Mount, NC Metro Area",144082,41.6,53553,29885,66549,36516,20627,63.90,141800,852,27.7
2022,40620,"Rolla, MO Micro Area",44843,36.0,53242,28335,20194,10657,7073,60.11,174100,770,32.4
2022,40660,"Rome, GA Metro Area",98541,38.0,57868,30523,40568,22717,13279,63.11,174000,890,29.5
2022,40700,"Roseburg, OR Micro Area",111322,46.6,56440,31241,49926,33081,13161,71.54,262400,957,28.2
2022,40740,"Roswell, NM Micro Area",64701,36.2,49673,26568,26727,15688,7592,67.39,133200,850,27.6
2022,40760,"Ruidoso, NM Micro Area",20222,51.7,47919,31332,17698,7000,2031,77.51,195800,831,35.9
2022,40780,"Russellville, AR Micro Area",83817,37.4,52259,27539,36233,22367,9068,71.15,144100,776,27.7
2022,40820,"Ruston, LA Micro Area",48323,28.3,37001,24411,20491,9367,8676,51.91,184300,817,36.1
2022,40860,"Rutland, VT Micro Area",60585,47.7,62641,36845,33906,18314,7020,72.29,203500,891,29.5
2022,40900,"Sacramento-Roseville-Folsom, CA Metro Area",2394673,38.0,89227,43613,936196,538208,329482,62.03,511500,1633,32.7
2022,40940,"Safford, AZ Micro Area",38453,34.1,64089,24052,13755,8824,3194,73.42,178300,856,22.9
2022,40980,"Saginaw, MI Metro Area",189821,41.0,56579,32839,86101,56740,21260,72.74,131100,876,32.0
2022,41060,"St. Cloud, MN Metro Area",199922,35.2,72564,36046,83104,51661,25160,67.25,238400,956,27.1
2022,41100,"St. George, UT Metro Area",183297,38.6,71976,36047,75758,46477,17674,72.45,417400,1321,30.1
2022,41140,"St. Joseph, MO-KS Metro Area",121952,39.5,61030,31512,53541,31316,15362,67.09,152500,846,27.2
2022,41180,"St. Louis, MO-IL Metro Area",2813523,39.6,75316,42724,1261744,799798,346284,69.79,219000,1033,28.0
2022,41220,"St. Marys, GA Micro Area",55105,34.0,68104,32712,22774,13222,7123,64.99,213400,1136,31.3
2022,41260,"St. Marys, PA Micro Area",30886,48.2,61672,34222,16898,10666,2819,79.10,121900,707,27.7
2022,41400,"Salem, OH Micro Area",101723,44.5,55473,30553,46164,30192,11059,73.19,124400,696,25.8
2022,41420,"Salem, OR Metro Area",433415,37.1,72154,34631,162981,97235,58447,62.46,358700,1227,30.9
2022,41460,"Salina, KS Micro Area",59928,40.2,60896,32734,26796,16900,7832,68.33,161600,859,28.7
2022,41500,"Salinas, CA Metro Area",437609,35.1,91043,37741,143743,68359,62614,52.19,683700,1873,32.2
2022,41540,"Salisbury, MD-DE Metro Area",421982,46.7,72964,40791,255255,128753,42856,75.03,289000,1154,31.7
2022,41620,"Salt Lake City, UT Metro Area",1254675,33.3,90277,40601,454070,291906,137891,67.92,434300,1386,28.9
2022,41660,"San Angelo, TX Metro Area",122229,35.0,66832,33775,52835,31579,14909,67.93,177100,1024,28.9
2022,41700,"San Antonio-New Braunfels, TX Metro Area",2570862,35.3,70910,35431,1015924,585139,345256,62.89,234900,1219,30.5
2022,41740,"San Diego-Chula Vista-Carlsbad, CA Metro Area",3289701,36.7,96974,46957,1230349,623317,525840,54.24,725200,2011,33.6
2022,41760,"Sandpoint, ID Micro Area",47976,48.3,61816,35275,26374,15044,4184,78.24,378200,995,27.5
2022,41780,"Sandusky, OH Micro Area",75299,44.8,65171,38158,38298,22916,9187,71.38,169400,884,24.9
2022,41820,"Sanford, NC Micro Area",63560,39.6,60941,30083,26560,15706,8344,65.31,186000,923,26.6
2022,41860,"San Francisco-Oakland-Berkeley, CA Metro Area",4692242,39.7,129315,68958,1851003,954768,768461,55.41,1073300,2336,28.4
2022,41900,"San Germán, PR Metro Area",124504,46.3,19871,12400,67240,32052,12388,72.12,104900,503,31.0
2022,41940,"San Jose-Sunnyvale-Santa Clara, CA Metro Area",1981584,37.6,151713,71964,708772,374638,295566,55.90,1282400,2697,27.6
2022,41980,"San Juan-Bayamón-Caguas, PR Metro Area",2073546,43.5,26853,17500,980193,529171,251729,67.76,134400,591,32.1
2022,42020,"San Luis Obispo-Paso Robles, CA Metro Area",281712,40.0,90158,47390,123968,67031,41068,62.01,726700,1800,33.3
2022,42100,"Santa Cruz-Watsonville, CA Metro Area",268571,39.2,104409,52887,106433,57852,38635,59.96,951300,2094,31.6
2022,42140,"Santa Fe, NM Metro Area",154481,47.7,70522,45402,76714,48530,19336,71.51,374200,1252,30.2
2022,42180,"Santa Isabel, PR Micro Area",20207,40.6,22680,13541,9142,5778,1452,79.92,104100,502,28.6
2022,42200,"Santa Maria-Santa Barbara, CA Metro Area",445213,34.3,92332,44635,158807,78168,69864,52.80,714800,1964,33.4
2022,42220,"Santa Rosa-Petaluma, CA Metro Area",488436,42.7,99266,52523,205393,116921,72732,61.65,748500,2029,32.1
2022,42300,"Sault Ste. Marie, MI Micro Area",36670,40.8,58408,31167,20349,10120,3627,73.62,142000,785,29.7
2022,42340,"Savannah, GA Metro Area",406575,36.4,70705,37698,175510,95909,59549,61.69,250000,1266,30.2
2022,42380,"Sayre, PA Micro Area",60159,43.9,60650,32440,29443,17648,6713,72.44,169700,824,24.9
2022,42420,"Scottsbluff, NE Micro Area",37880,39.4,59842,33055,17536,10712,5106,67.72,151100,875,28.3
2022,42460,"Scottsboro, AL Micro Area",52618,43.0,46748,27695,24706,15733,4937,76.12,126900,702,26.1
2022,42500,"Scottsburg, IN Micro Area",24403,41.3,49343,26506,10734,6782,2911,69.97,137200,813,28.9
2022,42540,"Scranton--Wilkes-Barre, PA Metro Area",567287,42.2,62318,34343,263631,155095,76197,67.06,163500,909,27.5
2022,42620,"Searcy, AR Micro Area",77118,38.3,51144,27364,33395,19105,9683,66.36,150700,793,29.2
2022,42660,"Seattle-Tacoma-Bellevue, WA Metro Area",4001701,37.3,107206,57833,1657075,946532,619164,60.45,628500,1850,29.2
2022,42680,"Sebastian-Vero Beach, FL Metro Area",160986,54.8,67543,44102,83801,52704,13031,80.18,284400,1183,34.4
2022,42700,"Sebring-Avon Park, FL Metro Area",102339,54.1,53679,31864,57605,35026,9659,78.38,155900,919,29.9
2022,42740,"Sedalia, MO Micro Area",43059,38.0,57581,30991,18562,11684,5012,69.98,150000,838,27.5
2022,42780,"Selinsgrove, PA Micro Area",39797,40.0,65914,31776,16003,10887,3543,75.45,197300,849,24.6
2022,42820,"Selma, AL Micro Area",38326,40.4,37180,22798,18992,9060,5693,61.41,91600,726,33.7
2022,42860,"Seneca, SC Micro Area",78775,46.2,56710,35315,41023,25002,8238,75.22,192800,852,31.6
2022,42900,"Seneca Falls, NY Micro Area",33651,43.0,64050,34212,16116,9882,3740,72.54,132000,871,28.8
2022,42940,"Sevierville, TN Micro Area",98455,43.9,60103,31603,56728,27565,10628,72.17,239800,968,26.5
2022,42980,"Seymour, IN Micro Area",46212,39.5,65609,31743,19144,12850,4724,73.12,161300,905,26.4
2022,43020,"Shawano, WI Micro Area",45127,44.3,65222,33799,22570,14123,3837,78.64,164700,727,23.6
2022,43060,"Shawnee, OK Micro Area",72734,37.7,58270,28106,30051,18482,7940,69.95,147000,848,26.0
2022,43100,"Sheboygan, WI Metro Area",117741,41.5,68969,37454,52375,35152,13883,71.69,198900,863,23.6
2022,43140,"Shelby, NC Micro Area",99527,41.4,50723,27522,43782,25481,11086,69.68,155000,794,30.1
2022,43180,"Shelbyville, TN Micro Area",50533,37.9,59955,28520,19813,12998,5471,70.38,221200,863,24.9
2022,43220,"Shelton, WA Micro Area",66053,45.1,74388,37088,33461,20183,5305,79.19,340300,1137,28.5
2022,43260,"Sheridan, WY Micro Area",31176,42.8,68898,39656,14999,9011,4055,68.97,342400,919,28.0
2022,43300,"Sherman-Denison, TX Metro Area",137008,39.2,66608,34643,58923,34954,17130,67.11,206900,1096,28.7
2022,43320,"Show Low, AZ Micro Area",107110,38.7,50335,22826,56556,27163,10402,72.31,165600,800,22.9
2022,43340,"Shreveport-Bossier City, LA Metro Area",391957,37.7,53053,32161,180570,96679,56682,63.04,176700,956,32.9
2022,43380,"Sidney, OH Micro Area",48145,40.2,73502,35363,20102,13784,4815,74.11,174200,865,23.9
2022,43420,"Sierra Vista-Douglas, AZ Metro Area",125504,41.4,58421,31423,59056,34882,14798,70.21,183000,893,27.9
2022,43460,"Sikeston, MO Micro Area",38055,39.4,54621,29687,16803,10399,4761,68.59,132800,798,27.9
2022,43500,"Silver City, NM Micro Area",28006,48.1,44895,29123,14625,8072,3220,71.48,153900,802,29.6
2022,43580,"Sioux City, IA-NE-SD Metro Area",149113,36.1,69065,34304,60447,38695,17967,68.29,163700,924,25.8
2022,43620,"Sioux Falls, SD Metro Area",277944,35.9,78552,40880,117509,73895,37349,66.43,255400,961,25.7
2022,43660,"Snyder, TX Micro Area",16883,36.2,58932,28549,6908,4603,1090,80.85,109400,1025,24.5
2022,43700,"Somerset, KY Micro Area",65145,41.8,48768,29215,31615,18576,7135,72.25,140400,810,29.3
2022,43740,"Somerset, PA Micro Area",73802,46.7,57357,31627,37796,23373,5583,80.72,124500,704,27.2
2022,43760,"Sonora, CA Micro Area",54993,48.7,70432,40095,31447,16991,5840,74.42,377700,1129,34.4
2022,43780,"South Bend-Mishawaka, IN-MI Metro Area",323992,37.9,62448,34678,143533,90166,38079,70.31,168300,958,29.4
2022,43900,"Spartanburg, SC Metro Area",330119,38.0,61955,32039,138058,91280,34114,72.79,195800,960,29.2
2022,43940,"Spearfish, SD Micro Area",26047,43.0,62977,41086,14289,7482,3910,65.68,267900,888,26.5
2022,43980,"Spencer, IA Micro Area",16423,41.5,61756,35787,8098,5253,1972,72.71,151400,752,26.2
2022,44020,"Spirit Lake, IA Micro Area",17692,47.9,72446,45523,13841,6494,1785,78.44,236100,902,28.5
2022,44060,"Spokane-Spokane Valley, WA Metro Area",585485,38.6,69752,37641,247356,150851,81144,65.02,326800,1112,30.4
2022,44100,"Springfield, IL Metro Area",208406,40.6,72445,41393,98543,62920,26182,70.62,163400,921,28.2
2022,44140,"Springfield, MA Metro Area",689486,40.2,70547,38068,297526,177220,98808,64.20,278900,1095,31.6
2022,44180,"Springfield, MO Metro Area",477056,37.3,58291,32500,208534,123733,72911,62.92,191500,881,28.8
2022,44220,"Springfield, OH Metro Area",135877,41.4,58954,31099,61040,37991,17438,68.54,144900,820,26.2
2022,44260,"Starkville, MS Micro Area",61330,27.0,45358,28158,30249,13218,12012,52.39,182000,861,39.6
2022,44300,"State College, PA Metro Area",158665,33.3,70087,37262,65712,36460,21825,62.55,289800,1118,35.7
2022,44340,"Statesboro, GA Micro Area",79829,29.7,53675,28484,33086,15337,14297,51.75,172500,931,29.4
2022,44420,"Staunton, VA Metro Area",125355,42.9,67711,34451,55256,35607,14944,70.44,250600,974,28.5
2022,44460,"Steamboat Springs, CO Micro Area",24944,41.9,95144,58304,16642,7863,2416,76.50,691800,1721,32.1
2022,44500,"Stephenville, TX Micro Area",42788,31.6,59654,32181,18311,10124,5883,63.25,219600,1070,33.5
2022,44540,"Sterling, CO Micro Area",21302,38.9,54864,29440,8693,5713,2272,71.55,203100,854,28.2
2022,44580,"Sterling, IL Micro Area",55569,43.5,62828,35366,25860,17241,5923,74.43,122200,785,28.9
2022,44620,"Stevens Point, WI Micro Area",70281,37.8,71301,37990,31265,20442,8869,69.74,214700,876,26.8
2022,44660,"Stillwater, OK Micro Area",82058,27.2,46658,26916,36748,16387,15456,51.46,196100,899,36.1
2022,44700,"Stockton, CA Metro Area",779445,34.8,82837,33870,252327,142391,95032,59.97,462000,1542,31.3
2022,44740,"Storm Lake, IA Micro Area",20687,35.6,62662,31985,8197,5280,2258,70.05,138100,781,22.2
2022,44780,"Sturgis, MI Micro Area",60887,39.8,62281,30171,27198,17494,5984,74.51,152800,811,24.1
2022,44860,"Sulphur Springs, TX Micro Area",37008,39.7,63766,32100,15698,9655,4126,70.06,172800,958,24.2
2022,44900,"Summerville, GA Micro Area",24902,40.2,43556,21576,10864,6286,3006,67.65,86400,753,29.3
2022,44940,"Sumter, SC Metro Area",136362,38.7,52942,27855,62998,35715,16886,67.90,144500,927,29.5
2022,44980,"Sunbury, PA Micro Area",91340,44.5,55952,31240,43417,27875,9900,73.79,141300,751,26.7
2022,45000,"Susanville, CA Micro Area",31873,37.2,59515,23646,12266,6131,2794,68.69,233100,1038,28.3
2022,45020,"Sweetwater, TX Micro Area",14657,36.6,47437,30572,7118,3711,1959,65.45,91300,810,27.0
2022,45060,"Syracuse, NY Metro Area",658694,39.8,70096,38215,296553,180199,85007,67.95,164400,978,29.7
2022,45140,"Tahlequah, OK Micro Area",47412,36.5,52410,28178,22138,12010,5983,66.75,144600,773,26.5
2022,45180,"Talladega-Sylacauga, AL Micro Area",81105,42.1,52457,29236,38088,23275,9084,71.93,131900,750,29.6
2022,45220,"Tallahassee, FL Metro Area",386064,34.3,59757,34624,173637,87448,64643,57.50,230200,1127,33.8
2022,45300,"Tampa-St. Petersburg-Clearwater, FL Metro Area",3194310,42.1,67197,39605,1471328,857640,423600,66.94,273000,1377,32.4
2022,45340,"Taos, NM Micro Area",34475,49.8,55145,36361,20950,11060,2676,80.52,313400,982,30.9
2022,45380,"Taylorville, IL Micro Area",33893,42.2,56933,29960,15210,10351,3122,76.83,108800,705,25.6
2022,45460,"Terre Haute, IN Metro Area",185357,38.6,56449,30381,82289,50605,22513,69.21,123700,833,30.7
2022,45500,"Texarkana, TX-AR Metro Area",147453,38.9,53628,28972,65526,36163,18920,65.65,141900,864,30.1
2022,45520,"The Dalles, OR Micro Area",26639,40.4,61316,35869,12038,6830,3658,65.12,298200,925,24.8
2022,45540,"The Villages, FL Metro Area",131832,68.3,70105,44431,76923,56048,8257,87.16,324400,1185,37.6
2022,45580,"Thomaston, GA Micro Area",27638,41.5,48740,27906,12331,6729,3683,64.63,136500,778,34.5
2022,45620,"Thomasville, GA Micro Area",45665,39.9,55958,32414,20796,11315,6853,62.28,178900,974,29.4
2022,45660,"Tiffin, OH Micro Area",55062,40.6,62476,31770,23960,15779,6131,72.02,128100,789,26.0
2022,45700,"Tifton, GA Micro Area",41247,36.5,52561,27987,17392,9452,5876,61.66,140700,760,26.5
2022,45740,"Toccoa, GA Micro Area",26732,41.9,52901,26620,12342,7493,2720,73.37,154200,797,24.5
2022,45780,"Toledo, OH Metro Area",644547,38.4,61620,36182,303741,174691,95327,64.70,159500,880,27.4
2022,45820,"Topeka, KS Metro Area",232995,40.0,65665,35694,104653,66993,28749,69.97,161700,921,27.7
2022,45860,"Torrington, CT Micro Area",185765,45.1,89394,50641,88161,57082,18496,75.53,303700,1187,29.3
2022,45900,"Traverse City, MI Micro Area",153733,45.9,73845,40465,85143,50282,12086,80.62,263500,1100,30.8
2022,45940,"Trenton-Princeton, NJ Metro Area",383732,39.3,92697,50053,150035,87635,51914,62.80,327600,1454,30.4
2022,45980,"Troy, AL Micro Area",32997,31.1,42616,26685,16049,7561,4435,63.03,144500,750,39.4
2022,46020,"Truckee-Grass Valley, CA Micro Area",102322,50.2,79395,46706,53690,31000,10415,74.85,559700,1487,35.1
2022,46060,"Tucson, AZ Metro Area",1042393,39.0,64323,36494,471058,271377,151698,64.14,258300,1071,30.6
2022,46100,"Tullahoma-Manchester, TN Micro Area",107618,40.8,58259,30482,47504,30578,11458,72.74,200300,835,27.2
2022,46140,"Tulsa, OK Metro Area",1017724,37.3,65784,36669,438892,257753,135897,65.48,188400,982,27.2
2022,46180,"Tupelo, MS Micro Area",163378,37.5,59860,31107,72695,45147,16756,72.93,146300,836,26.7
2022,46220,"Tuscaloosa, AL Metro Area",272931,34.1,58132,31003,121779,64344,35757,64.28,201800,944,31.5
2022,46300,"Twin Falls, ID Metro Area",115066,35.2,62912,31515,43638,29064,12388,70.11,255000,929,28.5
2022,46340,"Tyler, TX Metro Area",234667,37.2,69053,33903,97561,55863,25423,68.72,201400,1129,27.5
2022,46380,"Ukiah, CA Micro Area",91145,43.7,61335,34977,41380,21044,13513,60.90,463700,1240,32.7
2022,46420,"Union, SC Micro Area",27158,44.2,42305,26111,13508,8045,3535,69.47,95300,782,28.4
2022,46460,"Union City, TN Micro Area",30670,42.3,50638,28782,14335,8239,4303,65.69,119500,732,24.9
2022,46500,"Urbana, OH Micro Area",38715,41.7,70486,33377,16870,11914,3698,76.31,166900,856,24.1
2022,46520,"Urban Honolulu, HI Metro Area",1010100,38.8,99816,44026,369775,196384,137316,58.85,832200,1976,33.7
2022,46540,"Utica-Rome, NY Metro Area",291348,41.6,66823,35100,137499,81902,35706,69.64,151600,868,27.5
2022,46620,"Uvalde, TX Micro Area",24833,34.2,55000,26141,10108,5750,2670,68.29,129900,1014,28.0
2022,46660,"Valdosta, GA Metro Area",148203,32.2,51216,27168,62236,31182,23266,57.27,167400,931,31.7
2022,46700,"Vallejo, CA Metro Area",450995,38.8,97037,42886,162513,97692,57295,63.03,549100,1981,32.3
2022,46780,"Van Wert, OH Micro Area",28833,41.3,64841,31831,12560,9258,2408,79.36,129300,769,22.4
2022,46820,"Vermillion, SD Micro Area",14953,24.6,55963,30033,6152,2767,2649,51.09,209300,758,25.0
2022,46860,"Vernal, UT Micro Area",35951,32.4,67983,27977,13689,8510,3037,73.70,253100,797,23.0
2022,46900,"Vernon, TX Micro Area",12795,37.2,50769,24291,5861,2735,1891,59.12,82300,795,23.0
2022,46980,"Vicksburg, MS Micro Area",44341,39.9,54117,31701,21533,12074,4749,71.77,142100,874,29.2
2022,47020,"Victoria, TX Metro Area",98301,36.7,66105,32062,42506,25255,11730,68.28,180500,1080,29.5
2022,47080,"Vidalia, GA Micro Area",35633,37.5,47430,27932,15835,8514,4206,66.93,119000,667,28.4
2022,47180,"Vincennes, IN Micro Area",36148,38.9,58173,33052,16938,9787,5156,65.50,122100,746,25.7
2022,47220,"Vineland-Bridgeton, NJ Metro Area",153588,37.9,62310,32551,57143,34720,17864,66.03,192900,1202,35.9
2022,47240,"Vineyard Haven, MA Micro Area",20543,49.2,93225,60845,17621,5285,1614,76.61,998100,1636,34.1
2022,47260,"Virginia Beach-Norfolk-Newport News, VA-NC Metro Area",1798025,37.0,77082,40857,761331,438770,262740,62.55,295900,1341,31.1
2022,47300,"Visalia, CA Metro Area",473446,31.5,64474,26282,151190,82078,58592,58.35,280900,1137,30.2
2022,47340,"Wabash, IN Micro Area",31032,42.8,66194,32763,14053,9906,2565,79.43,135800,731,26.4
2022,47380,"Waco, TX Metro Area",278103,34.1,59193,30923,113577,60898,39586,60.60,190100,1042,32.7
2022,47420,"Wahpeton, ND-MN Micro Area",23002,39.0,67099,38279,10529,6838,2610,72.38,166100,708,25.1
2022,47460,"Walla Walla, WA Metro Area",62150,38.0,66635,34476,25032,15200,7778,66.15,331600,1044,32.5
2022,47540,"Wapakoneta, OH Micro Area",46263,40.7,75231,36849,19961,14575,4283,77.29,168200,815,22.3
2022,47580,"Warner Robins, GA Metro Area",192171,36.2,73788,34658,78912,47575,23196,67.22,186300,1059,27.6
2022,47620,"Warren, PA Micro Area",38492,47.4,57925,32319,21694,12624,3585,77.88,116300,728,23.9
2022,47660,"Warrensburg, MO Micro Area",54025,31.0,62503,30639,22605,13015,7598,63.14,206600,912,28.0
2022,47700,"Warsaw, IN Micro Area",80442,39.0,70945,35297,38312,23852,7473,76.14,183300,946,26.1
2022,47780,"Washington, IN Micro Area",33337,34.9,64113,28886,12739,8161,3445,70.32,174000,820,25.4
2022,47820,"Washington, NC Micro Area",44711,46.9,56081,32936,24299,13428,5544,70.78,159900,835,30.5
2022,47900,"Washington-Arlington-Alexandria, DC-VA-MD-WV Metro Area",6346083,37.7,119803,59587,2500311,1508442,853416,63.87,513300,1904,28.9
2022,47920,"Washington Court House, OH Micro Area",28901,41.2,56773,30666,12685,7495,4125,64.50,151400,772,25.0
2022,47940,"Waterloo-Cedar Falls, IA Metro Area",168404,36.4,66732,36429,74549,47363,21074,69.21,176100,916,29.1
2022,47980,"Watertown, SD Micro Area",34598,38.7,67993,35233,16045,9904,4412,69.18,202900,852,24.6
2022,48020,"Watertown-Fort Atkinson, WI Micro Area",85932,41.5,77018,39035,36469,24941,9161,73.14,238300,981,24.5
2022,48060,"Watertown-Fort Drum, NY Metro Area",117445,32.8,62782,32775,61573,25123,20976,54.50,169600,1143,28.8
2022,48100,"Wauchula, FL Micro Area",25528,35.2,44665,23380,9837,5413,2714,66.61,118700,904,33.6
2022,48140,"Wausau-Weston, WI Metro Area",166222,42.2,71675,38317,76131,50776,17934,73.90,189500,876,26.4
2022,48180,"Waycross, GA Micro Area",55739,38.6,49055,24412,24310,13686,6530,67.70,105000,761,29.8
2022,48220,"Weatherford, OK Micro Area",28391,32.4,58669,30880,12907,6939,3761,64.85,168700,732,32.4
2022,48260,"Weirton-Steubenville, WV-OH Metro Area",116536,45.6,54142,31413,56207,35889,13662,72.43,114100,720,26.8
2022,48300,"Wenatchee, WA Metro Area",122265,39.4,75185,39789,55019,30118,15770,65.63,395300,1156,26.4
2022,48460,"West Plains, MO Micro Area",39960,40.7,46401,24389,18081,10624,4809,68.84,141600,686,28.6
2022,48500,"West Point, MS Micro Area",18598,39.5,37412,24702,9018,5178,2404,68.29,110600,731,30.1
2022,48540,"Wheeling, WV-OH Metro Area",139287,44.2,56691,32950,67612,40913,14603,73.70,136600,765,29.4
2022,48580,"Whitewater, WI Micro Area",105127,40.7,75172,40386,53231,29399,12780,69.70,254300,1034,26.5
2022,48620,"Wichita, KS Metro Area",646794,36.5,66643,35104,276052,162128,87340,64.99,173400,931,27.2
2022,48660,"Wichita Falls, TX Metro Area",148523,36.1,60641,31592,64650,35711,20464,63.57,131500,929,27.2
2022,48700,"Williamsport, PA Metro Area",114022,41.4,63437,32968,52671,31941,13764,69.89,182500,886,28.6
2022,48780,"Williston, ND Micro Area",39076,31.9,86139,44076,20185,8375,7224,53.69,255000,1097,22.3
2022,48820,"Willmar, MN Micro Area",43686,40.0,73285,35814,20032,12660,4468,73.91,214600,800,25.9
2022,48900,"Wilmington, NC Metro Area",289726,40.6,68845,41885,144908,78667,44566,63.84,301900,1235,31.6
2022,48940,"Wilmington, OH Micro Area",42077,40.5,64210,32533,17938,11590,4800,70.71,172800,837,25.7
2022,48980,"Wilson, NC Micro Area",78667,40.9,49827,28715,36429,19206,13081,59.49,153800,853,28.7
2022,49020,"Winchester, VA-WV Metro Area",143385,40.7,79416,39552,60881,37460,15357,70.92,301100,1246,28.3
2022,49060,"Winfield, KS Micro Area",34661,38.1,55726,29977,15626,9274,3817,70.84,104000,776,27.6
2022,49080,"Winnemucca, NV Micro Area",17266,37.0,75574,35979,7671,4900,2086,70.14,242200,927,23.5
2022,49100,"Winona, MN Micro Area",49792,35.6,66162,34889,21702,13891,6324,68.72,203500,803,28.2
2022,49180,"Winston-Salem, NC Metro Area",678243,40.8,60145,34160,303193,183586,87505,67.72,193800,912,28.7
2022,49220,"Wisconsin Rapids-Marshfield, WI Micro Area",74138,43.9,63273,36712,34558,23287,8600,73.03,156600,830,25.9
2022,49260,"Woodward, OK Micro Area",24166,38.3,60873,31892,11515,6864,2555,72.87,154100,831,22.2
2022,49300,"Wooster, OH Micro Area",116680,38.8,70320,32908,46649,33300,10906,75.33,189800,824,23.3
2022,49340,"Worcester, MA-CT Metro Area",975551,40.2,86708,44529,401365,250000,126746,66.36,347400,1241,29.5
2022,49380,"Worthington, MN Micro Area",22194,36.4,62973,29786,8424,5726,1963,74.47,161000,852,22.9
2022,49420,"Yakima, WA Metro Area",256143,33.0,64910,27448,90660,53324,32234,62.32,254700,1010,28.0
2022,49460,"Yankton, SD Micro Area",23311,41.7,68847,37202,10405,6890,2899,70.39,190400,765,24.5
2022,49500,"Yauco, PR Metro Area",85638,44.4,19166,10863,43578,22521,8608,72.35,91600,431,28.6
2022,49620,"York-Hanover, PA Metro Area",457051,41.0,79183,38926,187450,134921,43622,75.57,220700,1094,29.1
2022,49660,"Youngstown-Warren-Boardman, OH-PA Metro Area",540328,43.9,54650,31629,253694,162355,66232,71.03,130400,754,28.7
2022,49700,"Yuba City, CA Metro Area",180806,34.9,70176,32230,64186,36608,24000,60.40,365300,1218,30.7
2022,49740,"Yuma, AZ Metro Area",204374,35.3,56439,27516,92808,51575,23103,69.06,173500,950,28.8
2022,49780,"Zanesville, OH Micro Area",86393,40.5,56810,31436,38348,23828,10771,68.87,156100,776,28.7
2022,49820,"Zapata, TX Micro Area",13896,30.9,35061,19139,6183,3413,1167,74.52,84800,557,31.1