year,fips_code,county_name,state_fips,state_name,total_population,median_age,median_household_income,per_capita_income,total_housing_units,owner_occupied_units,renter_occupied_units,homeownership_rate,median_home_value,median_gross_rent,rent_as_pct_of_income
2023,10001,Kent County,10,Delaware,185043,38.5,72872,34640,74997,49719,20334,70.97,290600,1285,31.6
2023,10003,New Castle County,10,Delaware,573030,39.2,89901,46990,235057,152742,70201,68.51,329800,1379,28.7
2023,10005,Sussex County,10,Delaware,247799,51.4,78162,44963,147904,83879,19334,81.27,353300,1221,31.8
2023,11001,District of Columbia,11,District of Columbia,672079,34.9,106287,75253,356101,132288,189268,41.14,724600,1900,28.5
2023,12001,Alachua County,12,Florida,281751,32.2,59659,37981,125702,60974,51802,54.07,266800,1255,37.9
2023,12003,Baker County,12,Florida,28186,38.1,70833,29167,10013,7498,1514,83.20,225000,1011,31.8
2023,12005,Bay County,12,Florida,181368,41.4,70188,38856,106209,51976,24142,68.28,276900,1424,32.8
2023,12007,Bradford County,12,Florida,27888,40.5,59740,25603,10826,6451,2653,70.86,180300,838,34.7
2023,12009,Brevard County,12,Florida,620533,46.8,75817,42738,294461,193755,58134,76.92,304400,1456,32.2
2023,12011,Broward County,12,Florida,1946127,41.3,74534,41910,863128,474052,275320,63.26,380400,1804,37.5
2023,12013,Calhoun County,12,Florida,13593,41.8,46901,22965,5663,3556,1069,76.89,134000,680,33.3
2023,12015,Charlotte County,12,Florida,195083,60.0,66154,40603,114821,72670,14706,83.17,291000,1289,35.2
2023,12017,Citrus County,12,Florida,158693,56.9,55355,35586,83417,59129,10572,84.83,223200,1069,33.0
2023,12019,Clay County,12,Florida,223436,40.2,86094,39166,87165,62335,19422,76.24,281500,1464,29.9
2023,12021,Collier County,12,Florida,387681,53.1,86173,59973,234732,122225,38642,75.98,486800,1752,36.5
2023,12023,Columbia County,12,Florida,70755,40.7,55070,28030,30066,18938,7782,70.88,186400,915,29.3
2023,12027,DeSoto County,12,Florida,34719,42.8,50868,24462,15713,9025,3631,71.31,151500,910,30.5
2023,12029,Dixie County,12,Florida,16952,45.8,47655,21699,9365,5139,991,83.83,96900,792,22.9
2023,12031,Duval County,12,Florida,1007189,36.7,68447,38827,445946,235245,169894,58.07,274900,1385,32.0
2023,12033,Escambia County,12,Florida,323275,38.1,65715,35745,147678,82106,46186,64.00,234200,1234,31.1
2023,12035,Flagler County,12,Florida,121710,52.6,72923,43100,58520,41003,9293,81.52,333400,1687,35.8
2023,12037,Franklin County,12,Florida,12418,49.2,62734,33893,8476,3798,1120,77.23,254300,1044,30.5
2023,12039,Gadsden County,12,Florida,43642,42.0,46047,23206,19100,12023,4462,72.93,154700,792,31.0
2023,12041,Gilchrist County,12,Florida,18494,42.7,61070,33507,7697,5787,1126,83.71,191000,855,19.5
2023,12043,Glades County,12,Florida,12324,45.8,38905,25697,6612,3634,926,79.69,114800,927,42.1
2023,12045,Gulf County,12,Florida,14772,47.3,67361,38258,9142,4655,1145,80.26,235700,1161,40.3
2023,12047,Hamilton County,12,Florida,13445,40.6,47696,18104,5638,3265,1095,74.89,110400,819,30.8
2023,12049,Hardee County,12,Florida,25508,35.9,54231,26225,9884,5821,2327,71.44,129400,954,34.1
2023,12051,Hendry County,12,Florida,40798,35.7,53044,26234,15639,10091,3853,72.37,189700,958,33.0
2023,12053,Hernando County,12,Florida,201512,48.1,63193,33079,90991,65905,14639,81.82,240700,1209,32.2
2023,12055,Highlands County,12,Florida,103808,54.2,55581,32982,58086,36257,9686,78.92,177900,980,31.4
2023,12057,Hillsborough County,12,Florida,1489634,37.8,75011,41980,618220,348066,221932,61.06,333300,1543,32.9
2023,12059,Holmes County,12,Florida,19626,42.4,48236,24505,8642,5438,1649,76.73,101400,823,26.8
2023,12061,Indian River County,12,Florida,163856,55.0,71049,46273,85093,54497,14199,79.33,314700,1284,34.2
2023,12063,Jackson County,12,Florida,47652,42.9,47327,23718,20061,12698,4340,74.53,113900,846,32.4
2023,12065,Jefferson County,12,Florida,14713,47.0,56984,30472,6815,4262,1413,75.10,198800,790,30.9
2023,12067,Lafayette County,12,Florida,8035,41.8,60692,22165,3334,2132,487,81.41,131600,880,19.9
2023,12069,Lake County,12,Florida,398696,46.7,69956,36956,182666,122233,37241,76.65,287900,1468,33.3
2023,12071,Lee County,12,Florida,792692,49.3,73099,43365,430243,236433,83155,73.98,326300,1597,34.4
2023,12073,Leon County,12,Florida,295335,31.9,65074,38777,135906,62572,58101,51.85,279800,1230,34.6
2023,12075,Levy County,12,Florida,44276,47.1,53805,30739,21197,14353,3623,79.85,171400,826,29.4
2023,12077,Liberty County,12,Florida,7650,39.1,53824,25693,3209,2031,523,79.52,117600,968,24.7
2023,12079,Madison County,12,Florida,18113,44.9,48176,23670,8392,5026,1954,72.01,105900,819,30.8
2023,12081,Manatee County,12,Florida,416020,49.4,75792,44867,214510,125853,42651,74.69,359800,1549,34.4
2023,12083,Marion County,12,Florida,387697,48.2,58535,32513,183453,122533,37263,76.68,220800,1174,31.5
2023,12085,Martin County,12,Florida,160464,53.2,80701,52532,82297,54328,13492,80.11,386500,1499,34.5
2023,12086,Miami-Dade County,12,Florida,2685296,40.8,68694,37858,1085414,503562,461243,52.19,425400,1731,37.5
2023,12087,Monroe County,12,Florida,81840,48.9,82430,57683,54418,21952,12678,63.39,723800,1959,35.6
2023,12089,Nassau County,12,Florida,94653,46.3,88900,46463,43565,31627,6485,82.98,351100,1335,29.5
2023,12091,Okaloosa County,12,Florida,214281,37.3,79097,42261,102475,56997,27126,67.75,324800,1475,31.3
2023,12093,Okeechobee County,12,Florida,40249,40.7,52288,27836,18532,11323,3864,74.56,179000,974,28.0
2023,12095,Orange County,12,Florida,1440471,36.4,77011,39640,576450,291933,216974,57.36,358300,1675,34.2
2023,12097,Osceola County,12,Florida,406943,37.0,68711,31000,164195,87004,44361,66.23,317600,1651,37.7
2023,12099,Palm Beach County,12,Florida,1507453,45.4,81115,50998,713855,417121,179932,69.86,407300,1818,36.0
2023,12101,Pasco County,12,Florida,588758,43.7,67384,37757,265118,173553,56307,75.50,265800,1372,32.3
2023,12103,Pinellas County,12,Florida,960565,48.9,70293,46580,518180,293896,129346,69.44,319000,1525,34.1
2023,12105,Polk County,12,Florida,760961,39.6,63644,31927,329750,193698,82945,70.02,240000,1272,32.1
2023,12107,Putnam County,12,Florida,74235,45.0,47256,26908,36614,22256,8394,72.61,147300,902,31.0
2023,12109,St. Johns County,12,Florida,292243,44.0,106169,54822,127144,89302,19525,82.06,457600,1775,34.1
2023,12111,St. Lucie County,12,Florida,346237,45.3,69027,35125,154930,102225,29415,77.65,305800,1489,34.8
2023,12113,Santa Rosa County,12,Florida,193719,40.0,88968,41388,78275,56986,14264,79.98,302100,1445,27.5
2023,12115,Sarasota County,12,Florida,449011,57.3,80633,55430,260272,156876,48627,76.34,373100,1715,33.5
2023,12117,Seminole County,12,Florida,474912,39.8,83030,44349,197167,121917,63479,65.76,357300,1686,33.8
2023,12119,Sumter County,12,Florida,137536,68.4,73297,46555,80371,58978,7963,88.10,356000,1225,36.2
2023,12121,Suwannee County,12,Florida,44484,42.5,55479,26484,19063,11600,3967,74.52,160900,849,19.4
2023,12123,Taylor County,12,Florida,21422,43.8,44985,26808,11177,5499,2072,72.63,100200,878,33.7
2023,12125,Union County,12,Florida,15551,40.1,64922,22599,4772,3085,1107,73.59,160400,846,24.7
2023,12127,Volusia County,12,Florida,568229,46.6,66581,37171,277851,172829,64567,72.80,278000,1368,33.8
2023,12129,Wakulla County,12,Florida,34608,42.5,74183,32920,14184,10217,1970,83.84,216300,1155,29.7
2023,12131,Walton County,12,Florida,79846,43.8,79281,49119,58894,25198,7461,77.15,376400,1674,32.3
2023,12133,Washington County,12,Florida,25259,41.6,52723,26233,10962,7407,1875,79.80,156000,884,32.3
2023,13001,Appling County,13,Georgia,18426,39.9,43728,25218,8526,5052,1985,71.79,81400,711,28.8
2023,13003,Atkinson County,13,Georgia,8261,36.2,38438,23886,3509,2060,1129,64.60,76300,620,28.7
2023,13005,Bacon County,13,Georgia,11129,39.0,50310,25969,4830,2966,1047,73.91,104100,789,32.8
2023,13007,Baker County,13,Georgia,2830,48.1,44405,25017,1419,810,304,72.71,120100,643,21.3
2023,13009,Baldwin County,13,Georgia,43669,36.4,55413,32573,20180,10324,5751,64.22,164700,865,33.2
2023,13011,Banks County,13,Georgia,18757,42.4,68830,32088,7373,5205,1582,76.69,251700,788,24.8
2023,13013,Barrow County,13,Georgia,86982,36.4,77477,31914,31298,23656,6114,79.46,255200,1197,29.8
2023,13015,Bartow County,13,Georgia,111153,38.0,79431,33951,43877,29297,10367,73.86,262200,1202,26.8
2023,13017,Ben Hill County,13,Georgia,17138,38.5,39081,23099,8135,4283,2879,59.80,114600,692,23.8
2023,13019,Berrien County,13,Georgia,18257,39.8,50414,26263,8065,4750,2131,69.03,115200,771,27.5
2023,13021,Bibb County,13,Georgia,156543,36.6,50747,31306,71869,30749,28932,51.52,165800,1026,34.7
2023,13023,Bleckley County,13,Georgia,12414,37.4,53005,29677,5235,3140,1143,73.31,132900,765,34.0
2023,13025,Brantley County,13,Georgia,18171,40.9,47801,25293,8237,5279,1549,77.31,91800,714,24.2
2023,13027,Brooks County,13,Georgia,16285,43.0,47656,27303,7342,4220,1774,70.40,118100,752,36.1
2023,13029,Bryan County,13,Georgia,46681,34.7,94234,42576,17325,11966,3855,75.63,317100,1584,29.8
2023,13031,Bulloch County,13,Georgia,81372,30.2,56832,30450,33607,16127,14149,53.27,191600,968,28.7
2023,13033,Burke County,13,Georgia,24427,38.4,50739,31580,11201,6617,2480,72.74,107800,763,31.4
2023,13035,Butts County,13,Georgia,26074,38.5,59221,27924,9640,6219,2532,71.07,227800,952,30.0
2023,13037,Calhoun County,13,Georgia,5528,39.7,55714,19913,2033,949,559,62.93,82200,638,27.8
2023,13039,Camden County,13,Georgia,56036,34.6,72399,34401,23192,13410,7614,63.78,233900,1167,32.8
2023,13043,Candler County,13,Georgia,10972,41.0,50431,25898,4653,2614,1569,62.49,135600,706,26.1
2023,13045,Carroll County,13,Georgia,122187,35.3,72327,32201,47170,30213,13385,69.30,227500,1124,31.8
2023,13047,Catoosa County,13,Georgia,68356,40.8,72425,35382,28275,19625,6514,75.08,214200,953,27.4
2023,13049,Charlton County,13,Georgia,12711,38.0,48534,24015,4708,3193,893,78.14,119000,895,32.0
2023,13051,Chatham County,13,Georgia,298143,37.1,69575,38920,135983,67117,52124,56.29,273300,1382,30.8
2023,13053,Chattahoochee County,13,Georgia,9181,23.9,59221,26920,2902,682,1215,35.95,99800,1235,24.8
2023,13055,Chattooga County,13,Georgia,24975,41.1,47785,23391,10883,6161,2981,67.39,98700,789,29.6
2023,13057,Cherokee County,13,Georgia,274539,40.0,105442,47337,103923,76737,22395,77.41,389800,1703,32.8
2023,13059,Clarke County,13,Georgia,129267,29.4,52267,31915,56913,22336,31825,41.24,271900,1162,36.3
2023,13061,Clay County,13,Georgia,2853,46.1,48715,29009,1936,907,272,76.93,92500,578,29.2
2023,13063,Clayton County,13,Georgia,298771,33.3,58507,26826,114818,56182,49444,53.19,194500,1307,33.9
2023,13065,Clinch County,13,Georgia,6722,38.8,55549,24906,3031,1731,739,70.08,86300,505,20.5
2023,13067,Cobb County,13,Georgia,769152,37.4,98712,50975,311556,196564,96846,66.99,373700,1640,29.7
2023,13069,Coffee County,13,Georgia,43161,36.6,50175,23567,17426,9667,5651,63.11,125700,713,24.6
2023,13071,Colquitt County,13,Georgia,45907,37.2,49691,27073,19288,10660,6147,63.43,121400,779,28.2
2023,13073,Columbia County,13,Georgia,159638,37.5,96122,42457,60412,40881,11202,78.49,287400,1330,27.6
2023,13075,Cook County,13,Georgia,17363,37.5,50133,25003,7399,4055,2268,64.13,123000,901,35.5
2023,13077,Coweta County,13,Georgia,150071,39.0,94142,43281,58186,42901,12389,77.59,321900,1397,32.6
2023,13079,Crawford County,13,Georgia,12183,46.0,60905,32796,5215,3710,680,84.51,144800,751,23.5
2023,13081,Crisp County,13,Georgia,19995,40.4,42745,28062,9902,4279,3687,53.72,120800,743,35.8
2023,13083,Dade County,13,Georgia,16196,42.2,58936,32865,7413,4814,1364,77.92,166600,843,22.3
2023,13085,Dawson County,13,Georgia,28704,43.9,88986,43291,12531,8500,2344,78.38,351900,1425,31.3
2023,13087,Decatur County,13,Georgia,29118,38.7,50485,26544,13106,6478,3996,61.85,146200,860,27.6
2023,13089,DeKalb County,13,Georgia,762105,36.3,77683,45544,328614,166537,118144,58.50,331400,1591,34.1
2023,13091,Dodge County,13,Georgia,19909,42.4,50152,24702,8584,4552,2105,68.38,108700,688,26.8
2023,13093,Dooly County,13,Georgia,11026,45.9,56545,27078,4796,2612,1307,66.65,96400,761,19.8
2023,13095,Dougherty County,13,Georgia,83915,36.6,46784,27125,40631,15956,18324,46.55,129200,905,31.8
2023,13097,Douglas County,13,Georgia,146141,36.8,80764,35070,55208,34110,17229,66.44,262200,1447,29.6
2023,13099,Early County,13,Georgia,10683,40.7,53750,26879,4933,2844,1199,70.34,130100,774,29.1
2023,13101,Echols County,13,Georgia,3705,31.2,61723,25653,1474,929,280,76.84,112600,833,27.1
2023,13103,Effingham County,13,Georgia,67265,36.6,85465,37841,25256,18494,5061,78.51,245300,1116,23.0
2023,13105,Elbert County,13,Georgia,19725,42.4,49727,28743,9370,5655,2590,68.59,114600,849,27.5
2023,13107,Emanuel County,13,Georgia,22961,38.6,50053,24356,9990,4944,3323,59.80,88200,742,23.1
2023,13109,Evans County,13,Georgia,10740,36.9,53908,26995,4676,2482,1394,64.04,139700,720,23.8
2023,13111,Fannin County,13,Georgia,25605,54.0,58073,38719,18128,8885,2476,78.21,274600,876,28.5
2023,13113,Fayette County,13,Georgia,120689,43.3,108986,52188,45896,35369,8300,80.99,405600,1787,32.8
2023,13115,Floyd County,13,Georgia,98985,37.8,62540,32628,40763,22773,13915,62.07,194100,971,30.1
2023,13117,Forsyth County,13,Georgia,260062,39.4,138000,55936,90537,73661,13027,84.97,493800,1937,27.5
2023,13119,Franklin County,13,Georgia,23840,40.2,52264,29576,10767,6678,2096,76.11,160600,778,25.4
2023,13121,Fulton County,13,Georgia,1068507,36.2,91490,61438,500404,247837,209954,54.14,431200,1635,30.1
2023,13123,Gilmer County,13,Georgia,31976,50.0,72542,34175,18159,10184,2428,80.75,278900,955,26.2
2023,13125,Glascock County,13,Georgia,2913,43.2,55250,26537,1412,773,269,74.18,122800,813,18.6
2023,13127,Glynn County,13,Georgia,84987,43.3,68546,41042,42928,23214,11411,67.04,268300,1060,27.8
2023,13129,Gordon County,13,Georgia,58336,38.8,61997,31642,23210,15128,5713,72.59,205600,872,28.4
2023,13131,Grady County,13,Georgia,26056,39.4,54312,28055,11601,6453,3620,64.06,136500,789,28.5
2023,13133,Greene County,13,Georgia,19586,52.3,84530,56767,10503,6209,1637,79.14,342200,936,22.3
2023,13135,Gwinnett County,13,Georgia,966972,35.9,84823,37588,336078,215307,107545,66.69,345700,1713,34.6
2023,13137,Habersham County,13,Georgia,46948,39.6,65622,30661,18774,11985,4063,74.68,212000,939,27.4
2023,13139,Hall County,13,Georgia,208395,38.2,77430,37271,79233,49081,22182,68.87,313600,1247,30.5
2023,13141,Hancock County,13,Georgia,8630,47.3,33182,19305,4945,2210,642,77.49,87400,671,51.0
2023,13143,Haralson County,13,Georgia,30720,38.8,65016,32715,12573,8186,3324,71.12,210400,884,24.4
2023,13145,Harris County,13,Georgia,35509,43.3,89184,42883,14506,11160,1477,88.31,278700,941,24.0
2023,13147,Hart County,13,Georgia,26484,44.7,57241,31280,13019,7916,2627,75.08,206500,814,26.8
2023,13149,Heard County,13,Georgia,11616,41.2,62907,32800,4797,3127,1215,72.02,161000,855,25.0
2023,13151,Henry County,13,Georgia,245417,37.0,81612,36051,89281,61297,23201,72.54,277400,1538,30.6
2023,13153,Houston County,13,Georgia,166902,36.2,80743,36079,68336,41709,20449,67.10,205600,1143,28.5
2023,13155,Irwin County,13,Georgia,9385,40.4,53915,27128,4185,2653,1072,71.22,105300,824,23.9
2023,13157,Jackson County,13,Georgia,80640,38.1,85012,35704,29389,21524,5452,79.79,312700,1048,25.8
2023,13159,Jasper County,13,Georgia,15345,43.1,59574,31661,6452,4893,919,84.19,219700,983,24.8
2023,13161,Jeff Davis County,13,Georgia,14838,40.5,40879,23844,6379,3671,1697,68.39,109300,674,25.5
2023,13163,Jefferson County,13,Georgia,15468,40.7,46561,25591,7165,3962,1876,67.87,93100,723,24.2
2023,13165,Jenkins County,13,Georgia,8674,42.3,36906,21473,4427,2680,387,87.38,81100,544,22.6
2023,13167,Johnson County,13,Georgia,9192,44.1,54183,24652,3571,2433,802,75.21,91200,661,30.1
2023,13169,Jones County,13,Georgia,28526,41.4,68259,33522,11759,9201,1570,85.42,174600,917,29.4
2023,13171,Lamar County,13,Georgia,19098,38.7,68457,33389,7738,5336,1664,76.23,201400,913,25.2
2023,13173,Lanier County,13,Georgia,10094,36.7,44361,25150,4134,2471,971,71.79,161100,878,30.9
2023,13175,Laurens County,13,Georgia,49619,39.9,49705,29642,22008,11835,6298,65.27,137400,769,28.6
2023,13177,Lee County,13,Georgia,33337,37.2,88024,37641,12862,8796,3164,73.55,226900,1147,23.8
2023,13179,Liberty County,13,Georgia,66826,28.7,59013,27648,27228,11690,11716,49.94,180200,1203,29.4
2023,13181,Lincoln County,13,Georgia,7773,48.3,50688,28988,4487,2355,621,79.13,163600,732,31.2
2023,13183,Long County,13,Georgia,17512,33.6,64747,26766,6605,3692,2144,63.26,196500,931,30.8
2023,13185,Lowndes County,13,Georgia,119055,31.3,55887,29757,50323,25201,19727,56.09,197900,1002,31.3
2023,13187,Lumpkin County,13,Georgia,33931,36.9,72388,36037,13325,8914,2460,78.37,277200,1090,36.6
2023,13189,McDuffie County,13,Georgia,21687,39.1,54058,28071,9466,5412,2886,65.22,155100,813,30.0
2023,13191,McIntosh County,13,Georgia,11187,52.1,50348,29599,6796,3838,946,80.23,173900,781,32.5
2023,13193,Macon County,13,Georgia,11953,39.9,37177,26030,5148,2426,1544,61.11,87000,624,29.4
2023,13195,Madison County,13,Georgia,30914,39.8,58784,28436,12371,8240,2655,75.63,198800,951,31.6
2023,13197,Marion County,13,Georgia,7474,43.9,50484,27096,3541,2273,677,77.05,122100,717,24.3
2023,13199,Meriwether County,13,Georgia,20757,43.6,56458,27400,9642,5757,2413,70.47,154600,899,29.2
2023,13201,Miller County,13,Georgia,5873,42.8,58407,32027,2851,1692,790,68.17,118300,699,26.9
2023,13205,Mitchell County,13,Georgia,21441,39.9,51908,25820,9042,5227,2768,65.38,105500,776,31.7
2023,13207,Monroe County,13,Georgia,28919,42.5,82863,43106,11354,8653,1770,83.02,243200,881,24.6
2023,13209,Montgomery County,13,Georgia,8675,38.2,51188,27633,3776,2297,724,76.03,118200,732,30.4
2023,13211,Morgan County,13,Georgia,20614,42.3,85692,40661,8699,5828,1965,74.79,323100,1090,19.2
2023,13213,Murray County,13,Georgia,40282,39.3,67880,30205,16163,11191,4067,73.35,173300,828,23.0
2023,13215,Muscogee County,13,Georgia,204383,35.1,56622,32811,91288,40491,40109,50.24,182300,1072,29.5
2023,13217,Newton County,13,Georgia,115530,36.4,73732,31537,42836,29962,10569,73.92,233300,1331,34.7
2023,13219,Oconee County,13,Georgia,42788,40.7,115925,55741,15384,12012,2709,81.60,425100,1347,21.9
2023,13221,Oglethorpe County,13,Georgia,15221,42.6,69784,32062,6450,4273,969,81.51,198700,832,30.6
2023,13223,Paulding County,13,Georgia,174292,36.7,94557,36776,61504,47042,11566,80.27,289000,1622,27.2
2023,13225,Peach County,13,Georgia,28269,37.8,68365,33624,12114,7252,3032,70.52,186100,901,29.6
2023,13227,Pickens County,13,Georgia,34197,46.1,75293,38359,15245,10166,2888,77.88,289600,1079,29.9
2023,13229,Pierce County,13,Georgia,19996,40.3,56691,29266,8459,5853,1643,78.08,132100,794,28.2
2023,13231,Pike County,13,Georgia,19540,39.9,84184,36105,7262,5517,988,84.81,265700,1056,26.3
2023,13233,Polk County,13,Georgia,43365,38.5,55308,27807,17301,10053,5535,64.49,163500,870,31.1
2023,13235,Pulaski County,13,Georgia,9893,43.7,47688,24849,4240,2220,1064,67.60,144300,789,35.3
2023,13237,Putnam County,13,Georgia,22524,47.4,64163,42671,13341,8364,1770,82.53,222000,1063,33.0
2023,13239,Quitman County,13,Georgia,2092,59.4,36838,24325,1715,736,199,78.72,103000,734,17.3
2023,13241,Rabun County,13,Georgia,17107,49.9,61466,38315,12142,5504,1609,77.38,272600,1016,26.8
2023,13243,Randolph County,13,Georgia,6270,37.6,25425,21280,3573,1310,1334,49.55,90900,554,33.6
2023,13245,Richmond County,13,Georgia,206040,35.0,53197,30209,92652,38575,36448,51.42,163300,1087,33.6
2023,13247,Rockdale County,13,Georgia,94293,39.2,72349,34548,35822,22338,11621,65.78,256600,1341,34.2
2023,13249,Schley County,13,Georgia,4539,41.6,59647,30176,1985,1288,339,79.16,152900,746,29.6
2023,13251,Screven County,13,Georgia,14057,42.7,53017,29121,6545,3399,1364,71.36,122300,629,23.0
2023,13253,Seminole County,13,Georgia,9117,45.7,49559,29184,5061,2736,936,74.51,111600,819,25.6
2023,13255,Spalding County,13,Georgia,68215,39.2,60217,36803,28338,16916,9619,63.75,196600,1053,30.9
2023,13257,Stephens County,13,Georgia,26842,41.2,52264,27521,12344,7411,2865,72.12,168200,817,26.9
2023,13259,Stewart County,13,Georgia,4978,36.7,35000,21024,2113,1025,731,58.37,53000,588,26.7
2023,13261,Sumter County,13,Georgia,29174,37.0,41877,24439,13499,5961,4887,54.95,122300,847,29.6
2023,13263,Talbot County,13,Georgia,5753,50.5,45098,28737,3069,2125,407,83.93,127200,950,36.0
2023,13265,Taliaferro County,13,Georgia,1740,44.8,48036,24228,984,509,135,79.04,73100,715,24.1
2023,13267,Tattnall County,13,Georgia,24215,38.1,52351,21462,9378,5464,2087,72.36,122400,660,23.3
2023,13269,Taylor County,13,Georgia,7786,42.9,41743,25791,3932,1887,1174,61.65,82900,665,35.8
2023,13271,Telfair County,13,Georgia,12174,39.4,44948,17226,4756,2219,904,71.05,108200,614,40.5
2023,13273,Terrell County,13,Georgia,8941,41.4,43812,24665,4241,1895,1460,56.48,111500,727,29.7
2023,13275,Thomas County,13,Georgia,45696,39.9,60140,33284,20957,11373,6996,61.91,185300,996,28.8
2023,13277,Tift County,13,Georgia,41322,37.3,53165,29381,17564,9483,6058,61.02,143100,799,27.3
2023,13279,Toombs County,13,Georgia,26943,37.2,54130,27940,12081,6652,3475,65.69,127100,714,23.9
2023,13281,Towns County,13,Georgia,12739,56.9,58400,39773,8719,4657,1162,80.03,311900,822,28.8
2023,13283,Treutlen County,13,Georgia,6387,39.6,43750,25728,2652,1388,919,60.16,98400,668,25.4
2023,13285,Troup County,13,Georgia,69821,37.2,54905,31830,29255,15191,11031,57.93,187800,1044,33.9
2023,13287,Turner County,13,Georgia,8915,37.4,39565,23275,3921,2109,1189,63.95,95200,655,24.5
2023,13289,Twiggs County,13,Georgia,7869,47.2,55439,32037,4053,2555,294,89.68,104500,618,25.7
2023,13291,Union County,13,Georgia,25598,55.9,65697,40312,14952,9107,1905,82.70,272600,842,24.9
2023,13293,Upson County,13,Georgia,27856,41.4,50904,29772,12373,6507,3870,62.71,149500,779,31.2
2023,13295,Walker County,13,Georgia,68449,41.8,55887,30482,29452,19808,6373,75.66,173900,867,29.2
2023,13297,Walton County,13,Georgia,100361,39.7,82381,36752,36613,27674,7277,79.18,300500,1231,32.5
2023,13299,Ware County,13,Georgia,35958,38.0,44833,23550,15926,7911,4955,61.49,106500,786,32.4
2023,13301,Warren County,13,Georgia,5175,45.3,46776,24793,2572,1500,499,75.04,78000,676,31.3
2023,13303,Washington County,13,Georgia,19893,40.6,44009,24825,8696,4867,2405,66.93,115600,836,32.1
2023,13305,Wayne County,13,Georgia,30519,38.9,49562,25077,12590,7280,3765,65.91,149800,839,24.2
2023,13307,Webster County,13,Georgia,2348,42.8,40764,25407,1163,701,148,82.57,92200,663,15.0
2023,13309,Wheeler County,13,Georgia,7434,39.5,45262,19272,2434,1063,482,68.80,74600,551,25.8
2023,13311,White County,13,Georgia,28454,45.4,69747,34519,13822,8107,2315,77.79,262200,1015,26.1
2023,13313,Whitfield County,13,Georgia,103118,36.6,64262,30593,39454,24548,11553,68.00,198900,907,26.7
2023,13315,Wilcox County,13,Georgia,8784,41.3,48036,21028,3457,1828,676,73.00,71200,612,28.6
2023,13317,Wilkes County,13,Georgia,9553,46.3,52542,30123,5210,2740,1368,66.70,105000,759,21.5
2023,13319,Wilkinson County,13,Georgia,8795,43.2,46673,25742,4298,2779,568,83.03,90800,766,26.7
2023,13321,Worth County,13,Georgia,20575,43.0,57201,28059,9296,5714,2162,72.55,112400,855,29.6
2023,15001,Hawaii County,15,Hawaii,203684,44.1,77215,38406,89786,53333,19625,73.10,486400,1411,30.2
2023,15003,Honolulu County,15,Hawaii,1003666,39.4,104264,46361,372329,200686,136375,59.54,873000,2054,33.7
2023,15005,Kalawao County,15,Hawaii,43,39.9,86250,39742,95,0,22,0.00,-666666666,1300,25.0
2023,15007,Kauai County,15,Hawaii,73610,42.7,93612,42553,30392,15788,7677,67.28,817900,1810,29.9
2023,15009,Maui County,15,Hawaii,164632,42.9,95076,44403,72303,36062,19423,64.99,858600,1863,32.6
2023,16001,Ada County,16,Idaho,508052,38.3,88907,47768,205068,140354,56346,71.35,476000,1465,28.8
2023,16003,Adams County,16,Idaho,4599,54.3,59286,36308,2666,1456,296,83.11,327300,823,27.9
2023,16005,Bannock County,16,Idaho,88457,35.0,64080,32268,35683,22882,10458,68.63,267200,879,28.5
2023,16007,Bear Lake County,16,Idaho,6552,40.2,67304,32301,3943,1962,346,85.01,234200,687,30.9
2023,16009,Benewah County,16,Idaho,9913,46.0,56553,31054,4706,3012,966,75.72,255800,853,27.5
2023,16011,Bingham County,16,Idaho,48993,34.8,76842,31676,17268,12909,3100,80.64,258000,845,26.3
2023,16013,Blaine County,16,Idaho,24579,45.5,84470,51123,15769,7414,2408,75.48,663800,1217,26.7
2023,16015,Boise County,16,Idaho,8045,53.5,77349,38398,5592,3101,423,88.00,424100,854,25.2
2023,16017,Bonner County,16,Idaho,49456,48.2,65168,37755,26623,15218,4381,77.65,433400,1059,27.5
2023,16019,Bonneville County,16,Idaho,127056,33.3,76646,34508,46425,31062,12316,71.61,327000,1054,26.9
2023,16021,Boundary County,16,Idaho,12695,42.8,62438,29672,5535,3770,1065,77.97,344100,867,27.5
2023,16023,Butte County,16,Idaho,2654,39.2,43281,25940,1275,787,230,77.38,195800,525,14.7
2023,16025,Camas County,16,Idaho,1155,34.9,55536,29735,694,257,82,75.81,248900,992,33.3
2023,16027,Canyon County,16,Idaho,242405,34.8,72355,30761,85583,62221,20643,75.09,350300,1259,29.1
2023,16029,Caribou County,16,Idaho,7118,38.0,66653,30255,3137,1993,437,82.02,220200,800,26.4
2023,16031,Cassia County,16,Idaho,25165,33.1,67042,30688,8992,5766,2472,69.99,257300,920,26.6
2023,16033,Clark County,16,Idaho,776,33.4,52083,22917,442,161,91,63.89,203000,771,30.6
2023,16035,Clearwater County,16,Idaho,8921,52.0,57961,31608,4603,2907,654,81.63,240800,847,29.1
2023,16037,Custer County,16,Idaho,4411,59.5,56957,29993,3164,1501,432,77.65,295600,744,27.0
2023,16039,Elmore County,16,Idaho,29046,32.5,58976,30146,12168,7087,3761,65.33,278300,1111,26.9
2023,16041,Franklin County,16,Idaho,14715,32.5,65991,30698,5122,3662,1208,75.20,304000,831,22.3
2023,16043,Fremont County,16,Idaho,13701,39.9,72767,32085,8669,3793,713,84.18,281800,803,23.8
2023,16045,Gem County,16,Idaho,19854,42.8,66245,34695,7788,5672,1734,76.59,367300,887,24.8
2023,16047,Gooding County,16,Idaho,15740,38.4,62395,29647,6100,3933,1579,71.35,231800,859,27.6
2023,16049,Idaho County,16,Idaho,17120,49.6,60975,32073,8881,5260,1307,80.10,284600,797,27.0
2023,16051,Jefferson County,16,Idaho,32234,32.3,82952,30733,10499,8154,1745,82.37,335000,1098,23.9
2023,16053,Jerome County,16,Idaho,24788,33.6,69338,29033,8725,6187,2011,75.47,254000,862,22.9
2023,16055,Kootenai County,16,Idaho,177736,40.8,77034,38797,78013,49901,19203,72.21,467400,1330,30.4
2023,16057,Latah County,16,Idaho,40315,30.7,65179,35157,17429,9737,6321,60.64,342500,905,29.7
2023,16059,Lemhi County,16,Idaho,8166,53.1,52057,33896,4636,2725,625,81.34,282100,721,35.4
2023,16061,Lewis County,16,Idaho,3649,48.9,49643,29737,1823,1147,399,74.19,202400,708,24.8
2023,16063,Lincoln County,16,Idaho,5276,37.2,66038,28597,1973,1412,424,76.91,206700,860,23.7
2023,16065,Madison County,16,Idaho,53578,21.4,58259,23024,14769,5141,7637,40.23,365000,965,30.5
2023,16067,Minidoka County,16,Idaho,21922,34.5,70060,31693,8478,5689,2125,72.81,235300,909,25.1
2023,16069,Nez Perce County,16,Idaho,42477,40.9,71466,37859,18496,12451,4799,72.18,291300,936,29.3
2023,16071,Oneida County,16,Idaho,4681,40.2,72563,30895,2062,1685,247,87.22,228100,1009,24.3
2023,16073,Owyhee County,16,Idaho,12284,38.3,59773,26059,4803,3011,1237,70.88,281600,771,23.3
2023,16075,Payette County,16,Idaho,26190,38.8,65723,30362,9950,7063,2418,74.50,310700,874,24.9
2023,16077,Power County,16,Idaho,8018,33.9,59760,25083,2960,2019,689,74.56,191200,729,17.0
2023,16079,Shoshone County,16,Idaho,13580,45.1,49975,27965,7036,4193,1486,73.83,222700,880,26.6
2023,16081,Teton County,16,Idaho,12101,39.8,90740,46968,6199,3649,924,79.79,595900,1196,29.3
2023,16083,Twin Falls County,16,Idaho,92121,35.8,65338,33505,35749,23600,10312,69.59,292700,1011,29.3
2023,16085,Valley County,16,Idaho,12136,49.0,76125,38932,12601,3240,538,85.76,599500,1011,27.5
2023,16087,Washington County,16,Idaho,10866,44.6,53608,27769,4586,2996,1093,73.27,250300,919,29.5
2023,17001,Adams County,17,Illinois,65166,41.1,64962,36317,30283,20132,7638,72.50,155900,826,26.3
2023,17003,Alexander County,17,Illinois,5042,45.8,43523,25261,2964,1418,408,77.66,58700,540,25.0
2023,17005,Bond County,17,Illinois,16627,40.4,61603,32665,6892,4626,1630,73.95,133100,735,21.6
2023,17007,Boone County,17,Illinois,53316,39.5,81638,38437,20238,15907,3248,83.04,198600,1011,28.6
2023,17009,Brown County,17,Illinois,6320,40.9,72288,26527,2321,1488,533,73.63,142200,724,24.4
2023,17011,Bureau County,17,Illinois,33027,44.1,65894,36625,15646,10673,3338,76.18,121900,838,25.7
2023,17013,Calhoun County,17,Illinois,4406,48.5,92095,33749,2298,1089,133,89.12,174000,479,23.4
2023,17015,Carroll County,17,Illinois,15621,44.9,60871,32921,8190,5037,1441,77.76,113500,784,24.3
2023,17017,Cass County,17,Illinois,12826,38.1,64907,32047,5665,3847,1288,74.92,95500,723,22.1
2023,17019,Champaign County,17,Illinois,206098,30.9,63091,37366,94351,44778,38999,53.45,205100,1018,31.9
2023,17021,Christian County,17,Illinois,33684,42.7,59253,31989,15190,10052,3482,74.27,112100,729,26.4
2023,17023,Clark County,17,Illinois,15328,42.0,70625,35425,7333,5390,1207,81.70,123100,828,29.1
2023,17025,Clay County,17,Illinois,13173,41.5,57266,33212,6147,4383,1048,80.70,94300,709,21.1
2023,17027,Clinton County,17,Illinois,36899,41.4,82314,41334,15677,11475,2988,79.34,180500,934,26.9
2023,17029,Coles County,17,Illinois,46689,38.2,56040,33965,22717,12279,8056,60.38,121900,793,26.6
2023,17031,Cook County,17,Illinois,5185812,37.8,81797,47801,2270349,1198834,885744,57.51,305200,1381,29.1
2023,17033,Crawford County,17,Illinois,18588,42.4,67614,34276,8461,5959,1452,80.41,113700,761,20.5
2023,17035,Cumberland County,17,Illinois,10378,42.3,69826,36270,4720,3489,691,83.47,117700,756,22.2
2023,17037,DeKalb County,17,Illinois,100512,32.6,69022,35054,41499,23927,15387,60.86,231900,1041,33.1
2023,17039,De Witt County,17,Illinois,15461,44.0,64802,36977,7312,5104,1538,76.84,124200,857,22.0
2023,17041,Douglas County,17,Illinois,19686,38.9,74186,34630,8492,6186,1635,79.09,142600,818,24.0
2023,17043,DuPage County,17,Illinois,927263,40.0,110502,57051,366099,255581,93916,73.13,374100,1628,27.7
2023,17045,Edgar County,17,Illinois,16637,46.4,56909,33566,8236,5531,2081,72.66,95700,757,21.8
2023,17047,Edwards County,17,Illinois,6118,44.6,59386,31314,3045,2100,553,79.16,97500,746,24.6
2023,17049,Effingham County,17,Illinois,34505,39.5,75380,38582,15336,10954,3076,78.08,179800,734,21.5
2023,17051,Fayette County,17,Illinois,21380,41.7,57113,30865,8849,6282,1550,80.21,114700,740,25.5
2023,17053,Ford County,17,Illinois,13396,42.5,60782,32674,6263,4245,1483,74.11,118100,836,27.4
2023,17055,Franklin County,17,Illinois,37541,43.4,53471,29659,18468,12060,4070,74.77,87700,771,29.3
2023,17057,Fulton County,17,Illinois,33259,43.7,58617,33706,15883,10831,3071,77.91,102500,808,26.6
2023,17059,Gallatin County,17,Illinois,4857,47.3,54626,39976,2506,1685,411,80.39,84700,500,19.8
2023,17061,Greene County,17,Illinois,11837,43.1,60976,33174,5801,3468,1046,76.83,94400,800,22.3
2023,17063,Grundy County,17,Illinois,52920,38.6,93060,43744,21324,15555,4963,75.81,259200,1137,26.6
2023,17065,Hamilton County,17,Illinois,7972,43.5,61520,35585,3809,2622,728,78.27,108800,566,19.5
2023,17067,Hancock County,17,Illinois,17434,46.3,65044,36671,8959,6108,1407,81.28,108400,755,23.2
2023,17069,Hardin County,17,Illinois,3623,55.0,57155,30158,2285,1198,286,80.73,91700,342,20.5
2023,17071,Henderson County,17,Illinois,6284,49.8,65651,32763,3374,2277,385,85.54,101600,834,22.3
2023,17073,Henry County,17,Illinois,48948,43.4,69912,38767,22208,16287,3974,80.39,145300,837,25.1
2023,17075,Iroquois County,17,Illinois,26746,44.4,62439,34719,12818,8901,2432,78.54,125400,793,28.1
2023,17077,Jackson County,17,Illinois,52706,32.9,45572,30227,27750,11388,11700,49.32,125000,746,30.9
2023,17079,Jasper County,17,Illinois,9233,44.2,71094,36847,4227,3119,647,82.82,122900,766,19.1
2023,17081,Jefferson County,17,Illinois,36808,41.1,61102,31541,16650,10638,4167,71.85,118400,862,24.8
2023,17083,Jersey County,17,Illinois,21336,43.2,79104,38238,9884,6221,1763,77.92,168800,794,26.6
2023,17085,Jo Daviess County,17,Illinois,21918,50.9,74954,42797,13425,8495,1890,81.80,193900,795,29.2
2023,17087,Johnson County,17,Illinois,13350,42.7,65203,28028,5538,3499,634,84.66,148200,634,27.9
2023,17089,Kane County,17,Illinois,516097,38.6,100678,46013,189918,138755,44441,75.74,303000,1404,29.8
2023,17091,Kankakee County,17,Illinois,106833,39.0,68325,35005,45396,28124,12771,68.77,185700,1075,29.5
2023,17093,Kendall County,17,Illinois,135053,36.0,110474,43127,45775,37480,7046,84.18,298900,1763,31.6
2023,17095,Knox County,17,Illinois,49294,42.4,53291,29614,23788,14490,6275,69.78,104900,725,32.2
2023,17097,Lake County,17,Illinois,711885,38.9,108917,55756,270083,190963,65697,74.40,326600,1434,28.9
2023,17099,LaSalle County,17,Illinois,109049,42.1,72281,38079,49838,33328,11764,73.91,154900,906,26.3
2023,17101,Lawrence County,17,Illinois,15137,40.6,53438,30702,6358,4062,1352,75.03,95500,810,24.0
2023,17103,Lee County,17,Illinois,34058,43.0,68459,35065,14993,9804,3578,73.26,155100,853,24.5
2023,17105,Livingston County,17,Illinois,35659,41.9,70796,36002,15930,10801,3813,73.91,131500,855,23.4
2023,17107,Logan County,17,Illinois,27870,40.5,64188,34109,11984,7707,3415,69.30,125900,804,27.7
2023,17109,McDonough County,17,Illinois,27102,35.1,50434,30785,13598,7304,4456,62.11,103500,730,30.5
2023,17111,McHenry County,17,Illinois,311366,40.4,102836,48275,120605,96063,20266,82.58,286900,1358,30.1
2023,17113,McLean County,17,Illinois,170882,34.2,78329,42362,75120,45046,24026,65.22,198300,992,26.9
2023,17115,Macon County,17,Illinois,102591,40.9,62449,35850,49699,30267,13067,69.85,121800,797,25.7
2023,17117,Macoupin County,17,Illinois,44566,44.3,68518,35389,21108,13546,3885,77.71,126100,789,23.9
2023,17119,Madison County,17,Illinois,264631,40.2,74800,40869,118942,80521,28864,73.61,167900,969,28.5
2023,17121,Marion County,17,Illinois,37294,41.3,60839,32199,17379,11514,3951,74.45,100100,771,26.6
2023,17123,Marshall County,17,Illinois,11715,45.9,69818,36065,5824,3957,1007,79.71,137800,767,23.1
2023,17125,Mason County,17,Illinois,12878,45.5,62127,34783,6615,4603,1111,80.56,106100,760,26.2
2023,17127,Massac County,17,Illinois,13958,45.0,62584,31578,6824,4332,1150,79.02,118000,793,31.8
2023,17129,Menard County,17,Illinois,12169,42.8,81334,41888,5602,4126,1069,79.42,179300,780,30.2
2023,17131,Mercer County,17,Illinois,15619,44.5,71710,36295,7279,5305,1108,82.72,139300,757,25.8
2023,17133,Monroe County,17,Illinois,34969,42.5,101635,49438,14665,11589,2241,83.80,265600,996,26.3
2023,17135,Montgomery County,17,Illinois,28078,42.6,61863,32463,12528,8591,2674,76.26,102200,715,28.5
2023,17137,Morgan County,17,Illinois,32621,41.5,65175,35840,15033,9404,3721,71.65,128700,710,23.9
2023,17139,Moultrie County,17,Illinois,14469,40.4,71676,35896,6205,4508,1314,77.43,121500,773,22.2
2023,17141,Ogle County,17,Illinois,51536,42.0,79244,38251,22625,15420,5275,74.51,184100,901,24.4
2023,17143,Peoria County,17,Illinois,179831,38.1,64938,39756,84992,51630,25444,66.99,152600,946,29.4
2023,17145,Perry County,17,Illinois,20810,42.2,59286,29720,9166,6310,1684,78.93,105200,714,32.2
2023,17147,Piatt County,17,Illinois,16702,42.5,87516,43547,7380,5851,1000,85.40,173200,950,24.4
2023,17149,Pike County,17,Illinois,14625,42.9,58029,30438,7296,4562,1253,78.45,100100,659,27.0
2023,17151,Pope County,17,Illinois,3757,50.8,62500,31016,2273,1174,190,86.07,165300,438,17.2
2023,17153,Pulaski County,17,Illinois,5074,42.7,43227,24463,2845,1257,605,67.51,81000,625,24.1
2023,17155,Putnam County,17,Illinois,5600,47.2,77526,40036,3069,1996,477,80.71,167800,804,23.1
2023,17157,Randolph County,17,Illinois,30142,43.0,68870,31900,13400,8967,2704,76.83,134100,760,24.7
2023,17159,Richland County,17,Illinois,15675,42.5,60404,32156,7366,4709,1692,73.57,106600,754,23.8
2023,17161,Rock Island County,17,Illinois,142995,40.3,66768,35753,66742,41997,19195,68.63,144700,863,29.1
2023,17163,St. Clair County,17,Illinois,254777,39.5,70178,37824,115348,68653,32620,67.79,168800,1032,28.8
2023,17165,Saline County,17,Illinois,23387,43.2,54945,35665,11578,7509,2523,74.85,92900,711,27.7
2023,17167,Sangamon County,17,Illinois,195217,40.8,74114,42851,93151,59521,24769,70.61,170300,954,27.9
2023,17169,Schuyler County,17,Illinois,6826,48.8,66059,33077,3317,2173,559,79.54,106200,836,23.4
2023,17171,Scott County,17,Illinois,4847,44.3,73013,36508,2393,1607,425,79.08,101700,669,17.0
2023,17173,Shelby County,17,Illinois,20867,45.5,68457,33372,10054,6907,1888,78.53,130400,762,21.7
2023,17175,Stark County,17,Illinois,5324,44.6,62284,34270,2584,1777,512,77.63,103500,765,27.4
2023,17177,Stephenson County,17,Illinois,44042,45.2,61943,34672,21375,13824,5645,71.01,127500,764,27.4
2023,17179,Tazewell County,17,Illinois,130555,41.7,76704,40072,58664,41718,12094,77.53,164500,898,26.4
2023,17181,Union County,17,Illinois,16972,44.3,56420,31962,7861,5312,1602,76.83,131700,658,28.6
2023,17183,Vermilion County,17,Illinois,73179,41.2,54537,30447,34390,20899,9286,69.24,92900,802,27.1
2023,17185,Wabash County,17,Illinois,11199,43.0,53650,36323,5416,3606,1178,75.38,103900,774,24.1
2023,17187,Warren County,17,Illinois,16576,38.7,64650,33620,7598,5251,1471,78.12,101300,694,19.4
2023,17189,Washington County,17,Illinois,13682,44.2,75652,38507,6402,4645,1077,81.18,149800,776,21.8
2023,17191,Wayne County,17,Illinois,15994,43.1,53107,31073,7699,5410,1443,78.94,109400,632,25.5
2023,17193,White County,17,Illinois,13708,44.4,53097,30769,6751,4324,1345,76.27,100100,706,27.4
2023,17195,Whiteside County,17,Illinois,55192,43.4,64536,36788,25850,17519,5696,75.46,125800,808,29.4
2023,17197,Will County,17,Illinois,698450,38.9,107799,46216,252684,199128,42182,82.52,298000,1413,29.9
2023,17199,Williamson County,17,Illinois,66902,41.4,65521,37096,31957,20467,8307,71.13,145600,897,28.2
2023,17201,Winnebago County,17,Illinois,283289,39.7,64363,34775,124959,75319,40130,65.24,155100,986,29.6
2023,17203,Woodford County,17,Illinois,38348,40.5,85629,43032,15745,12284,2420,83.54,193800,907,26.4
2023,18001,Adams County,18,Indiana,35995,33.2,63128,27765,13250,10147,2198,82.20,173100,799,26.0
2023,18003,Allen County,18,Indiana,388791,36.2,68839,36432,164456,106582,47601,69.13,194300,976,27.6
2023,18005,Bartholomew County,18,Indiana,82881,37.7,80365,41174,35517,23063,9921,69.92,221100,1110,27.0
2023,18007,Benton County,18,Indiana,8708,40.3,61811,33363,3778,2794,675,80.54,135400,834,27.4
2023,18009,Blackford County,18,Indiana,12007,44.0,47560,28774,5863,3726,1334,73.64,96700,635,30.3
2023,18011,Boone County,18,Indiana,72827,38.3,104865,58340,29019,22165,5783,79.31,341800,1283,25.0
2023,18013,Brown County,18,Indiana,15543,50.9,72644,42450,8540,5754,941,85.94,242500,960,37.6
2023,18015,Carroll County,18,Indiana,20443,42.9,64003,34366,9539,6476,1548,80.71,167700,874,22.7
2023,18017,Cass County,18,Indiana,37703,41.1,56525,29370,16389,11245,3679,75.35,118700,778,25.2
2023,18019,Clark County,18,Indiana,122800,39.8,72298,36386,53854,36874,12310,74.97,212400,1058,29.1
2023,18021,Clay County,18,Indiana,26431,41.2,67676,36588,11648,8165,2376,77.46,128900,837,23.8
2023,18023,Clinton County,18,Indiana,32967,36.5,63690,30108,13496,9144,3252,73.77,157300,915,25.6
2023,18025,Crawford County,18,Indiana,10494,45.6,48993,28760,5890,3711,862,81.15,115400,629,25.2
2023,18027,Daviess County,18,Indiana,33442,34.7,68561,29952,12781,8274,3294,71.52,187500,837,24.8
2023,18029,Dearborn County,18,Indiana,50828,41.8,82693,38711,20965,17073,3075,84.74,227100,848,27.3
2023,18031,Decatur County,18,Indiana,26411,40.4,74228,36726,11619,7909,2609,75.19,189900,828,21.9
2023,18033,DeKalb County,18,Indiana,43584,38.4,70080,34026,18280,13994,3014,82.28,177900,828,25.4
2023,18035,Delaware County,18,Indiana,112109,35.7,56932,30037,51611,30682,15464,66.49,127600,874,31.2
2023,18037,Dubois County,18,Indiana,43563,40.1,71918,37126,18715,13366,4222,75.99,212500,801,22.8
2023,18039,Elkhart County,18,Indiana,206868,35.5,65617,31850,80102,51126,20634,71.25,194400,1023,30.2
2023,18041,Fayette County,18,Indiana,23390,43.9,56659,29274,10900,6688,2791,70.56,114800,779,31.5
2023,18043,Floyd County,18,Indiana,80512,40.1,78179,40196,34603,22788,8385,73.10,235100,990,28.2
2023,18045,Fountain County,18,Indiana,16546,42.8,62526,31232,7823,5123,1731,74.74,133200,837,23.3
2023,18047,Franklin County,18,Indiana,22929,42.3,79702,38014,9749,7440,1691,81.48,236700,803,26.0
2023,18049,Fulton County,18,Indiana,20411,42.2,62878,32867,9564,6194,1733,78.14,144700,861,24.0
2023,18051,Gibson County,18,Indiana,32986,40.8,67763,33358,14762,9968,3188,75.77,170500,914,24.4
2023,18053,Grant County,18,Indiana,66377,39.3,54007,29023,29878,19203,7554,71.77,116000,799,26.3
2023,18055,Greene County,18,Indiana,30954,43.1,59753,32807,14366,9621,3160,75.28,129900,788,25.3
2023,18057,Hamilton County,18,Indiana,357176,38.0,117957,58929,140389,101589,31582,76.28,379100,1468,26.1
2023,18059,Hancock County,18,Indiana,82013,40.2,91326,45781,33398,25664,6582,79.59,258100,1121,25.4
2023,18061,Harrison County,18,Indiana,39785,43.0,72468,35333,16842,12786,2368,84.37,219200,861,25.3
2023,18063,Hendricks County,18,Indiana,179379,38.6,99988,44903,68433,51255,14584,77.85,281500,1364,27.5
2023,18065,Henry County,18,Indiana,48896,42.1,60144,31084,20968,14018,4442,75.94,140200,807,24.9
2023,18067,Howard County,18,Indiana,83610,41.0,62496,34785,39795,25247,9882,71.87,151500,915,30.0
2023,18069,Huntington County,18,Indiana,36757,40.8,62734,34479,16275,11599,3628,76.17,146400,866,26.7
2023,18071,Jackson County,18,Indiana,46319,38.8,70208,33127,19231,13038,4707,73.47,174500,946,25.9
2023,18073,Jasper County,18,Indiana,33198,41.4,79634,36426,13708,10469,2117,83.18,204400,926,28.1
2023,18075,Jay County,18,Indiana,20281,39.6,54114,27105,8908,6211,1748,78.04,110100,766,26.3
2023,18077,Jefferson County,18,Indiana,33074,41.6,59987,32420,14446,8816,3883,69.42,180600,865,27.3
2023,18079,Jennings County,18,Indiana,27584,40.1,68476,31077,11691,8504,2256,79.03,154600,906,28.9
2023,18081,Johnson County,18,Indiana,163983,38.1,87227,42884,64800,45483,16030,73.94,260400,1208,26.8
2023,18083,Knox County,18,Indiana,36108,39.1,58863,33762,16965,9955,5155,65.88,123500,782,26.1
2023,18085,Kosciusko County,18,Indiana,80357,39.0,73922,36316,38587,24438,7309,76.98,200300,995,27.7
2023,18087,LaGrange County,18,Indiana,40596,32.5,83741,32928,15023,10478,2326,81.83,249500,816,20.2
2023,18089,Lake County,18,Indiana,498990,39.6,68985,35973,216330,137105,56369,70.86,214700,1094,30.7
2023,18091,LaPorte County,18,Indiana,112141,40.8,70452,34650,49878,32570,11111,74.56,180700,926,27.5
2023,18093,Lawrence County,18,Indiana,45077,43.5,65551,33401,20530,15321,3835,79.98,164500,800,27.7
2023,18095,Madison County,18,Indiana,130949,40.8,62632,33425,59075,36975,15868,69.97,147700,926,28.3
2023,18097,Marion County,18,Indiana,971822,34.3,63450,36355,439034,221837,174825,55.93,207000,1107,30.4
2023,18099,Marshall County,18,Indiana,46225,39.6,68041,33134,19959,13302,4075,76.55,184500,936,26.8
2023,18101,Martin County,18,Indiana,9854,41.8,65345,32250,4583,3073,855,78.23,150400,643,21.1
2023,18103,Miami County,18,Indiana,35772,41.0,61130,29185,14927,9957,3313,75.03,118000,794,25.0
2023,18105,Monroe County,18,Indiana,139822,31.4,63372,36836,64850,31949,26315,54.83,261700,1151,35.7
2023,18107,Montgomery County,18,Indiana,38155,40.0,66571,34462,16534,12079,3445,77.81,166300,827,28.0
2023,18109,Morgan County,18,Indiana,72202,41.6,79088,39777,29749,22982,4731,82.93,220100,988,29.0
2023,18111,Newton County,18,Indiana,13859,43.0,68596,32318,6059,4486,1105,80.24,159300,927,24.2
2023,18113,Noble County,18,Indiana,47417,39.5,70908,33516,20212,13700,4271,76.23,183400,776,26.4
2023,18115,Ohio County,18,Indiana,5993,46.0,67942,36210,2755,1978,589,77.05,193500,852,34.8
2023,18117,Orange County,18,Indiana,19746,43.0,64758,33475,9083,6296,1698,78.76,143900,838,28.4
2023,18119,Owen County,18,Indiana,21434,45.3,59586,33451,9868,6951,1647,80.84,162400,912,24.0
2023,18121,Parke County,18,Indiana,16346,42.5,66776,31264,7625,4885,1100,81.62,139300,731,28.5
2023,18123,Perry County,18,Indiana,19218,41.1,61099,30366,8544,5808,1943,74.93,146000,676,24.8
2023,18125,Pike County,18,Indiana,12187,43.5,66250,33085,5592,4268,726,85.46,128400,676,27.0
2023,18127,Porter County,18,Indiana,174150,40.6,85828,42814,72102,52543,15506,77.21,261900,1146,29.7
2023,18129,Posey County,18,Indiana,25163,43.1,79124,38398,11081,8430,1840,82.08,218000,744,23.9
2023,18131,Pulaski County,18,Indiana,12441,42.4,59956,31336,5830,3673,1221,75.05,134600,715,24.4
2023,18133,Putnam County,18,Indiana,37091,38.4,76182,34050,15148,10283,3697,73.56,205800,883,27.6
2023,18135,Randolph County,18,Indiana,24425,42.1,61121,31036,11407,7890,2292,77.49,106000,741,29.5
2023,18137,Ripley County,18,Indiana,29039,40.9,71084,34364,12398,8837,2519,77.82,205300,799,28.6
2023,18139,Rush County,18,Indiana,16734,42.7,64393,30233,7364,4878,1772,73.35,155900,831,25.4
2023,18141,St. Joseph County,18,Indiana,272574,36.7,64885,35714,118329,73649,33356,68.83,179800,1030,30.3
2023,18143,Scott County,18,Indiana,24468,41.2,54583,29123,10774,6947,2690,72.09,145400,790,28.4
2023,18145,Shelby County,18,Indiana,45104,41.2,71301,35637,19576,13392,4753,73.81,188300,956,24.8
2023,18147,Spencer County,18,Indiana,19871,44.2,70890,36718,8685,6482,1497,81.24,180200,697,27.1
2023,18149,Starke County,18,Indiana,23300,41.9,62933,28895,11214,7334,1424,83.74,148400,690,24.5
2023,18151,Steuben County,18,Indiana,34648,43.6,71483,37126,19055,11037,2728,80.18,204300,921,24.0
2023,18153,Sullivan County,18,Indiana,20766,41.3,54985,29424,8798,5820,1877,75.61,122200,813,27.4
2023,18155,Switzerland County,18,Indiana,9914,42.1,65148,31238,4399,3111,786,79.83,183200,720,23.9
2023,18157,Tippecanoe County,18,Indiana,187399,28.8,58622,32271,79327,40112,34303,53.90,217600,1088,33.7
2023,18159,Tipton County,18,Indiana,15329,44.5,78309,37924,6836,5126,1139,81.82,166000,854,18.8
2023,18161,Union County,18,Indiana,7028,43.7,79500,37356,3250,2356,496,82.61,162200,792,26.2
2023,18163,Vanderburgh County,18,Indiana,179908,38.9,60938,35369,84809,49772,27426,64.47,172300,964,28.5
2023,18165,Vermillion County,18,Indiana,15452,42.5,59363,30418,7326,4867,1693,74.19,109500,785,28.1
2023,18167,Vigo County,18,Indiana,106201,36.4,52525,30829,46937,26984,15611,63.35,140400,879,33.4
2023,18169,Wabash County,18,Indiana,30901,42.6,68414,33907,14053,10094,2460,80.40,143600,752,27.0
2023,18171,Warren County,18,Indiana,8469,43.4,74635,36746,3687,2722,637,81.04,160000,815,28.2
2023,18173,Warrick County,18,Indiana,64650,41.3,95027,47232,26567,20381,4316,82.52,228900,1008,23.4
2023,18175,Washington County,18,Indiana,28167,41.4,61358,29451,12162,9048,1946,82.30,162400,760,26.7
2023,18177,Wayne County,18,Indiana,66377,40.9,56652,31990,30758,18696,8122,69.71,126100,813,29.4
2023,18179,Wells County,18,Indiana,28261,40.2,69741,35280,12003,8656,2704,76.20,180000,837,23.7
2023,18181,White County,18,Indiana,24709,42.5,66143,33178,12926,7826,2039,79.33,163000,853,27.5
2023,18183,Whitley County,18,Indiana,34388,41.8,75790,37540,14940,11172,2757,80.21,205200,867,24.7
2023,19001,Adair County,19,Iowa,7471,42.6,66176,39526,3595,2399,861,73.59,140600,730,24.3
2023,19003,Adams County,19,Iowa,3641,46.6,68828,41778,1892,1174,356,76.73,116900,909,21.2
2023,19005,Allamakee County,19,Iowa,14038,43.1,66000,34692,7730,4749,1275,78.83,171900,717,19.6
2023,19007,Appanoose County,19,Iowa,12242,45.5,51146,28911,6314,3460,1546,69.12,119800,779,27.8
2023,19009,Audubon County,19,Iowa,5622,47.4,54152,34615,2786,1930,595,76.44,110400,707,29.3
2023,19011,Benton County,19,Iowa,25698,43.3,84742,40995,11095,8520,1591,84.26,198400,815,25.4
2023,19013,Black Hawk County,19,Iowa,130693,35.7,64581,37409,58748,35102,18638,65.32,182400,962,29.1
2023,19015,Boone County,19,Iowa,26669,42.2,79741,41075,12005,8863,2072,81.05,191200,826,23.6
2023,19017,Bremer County,19,Iowa,25118,38.6,83343,41192,10542,7832,1861,80.80,207200,844,23.0
2023,19019,Buchanan County,19,Iowa,20645,39.9,78430,37392,8946,6609,1541,81.09,171400,802,25.0
2023,19021,Buena Vista County,19,Iowa,20684,35.7,66564,33083,8241,5465,2078,72.45,146900,835,21.2
2023,19023,Butler County,19,Iowa,14301,43.7,69651,35364,6569,4710,1177,80.01,156500,780,23.2
2023,19025,Calhoun County,19,Iowa,9858,42.7,66875,36086,4794,3144,742,80.91,114400,690,22.2
2023,19027,Carroll County,19,Iowa,20677,41.8,68528,37672,9508,6563,2187,75.01,175700,722,26.0
2023,19029,Cass County,19,Iowa,13115,44.0,61657,36881,6397,4184,1605,72.28,133300,769,29.7
2023,19031,Cedar County,19,Iowa,18427,43.8,79080,38775,8238,6092,1447,80.81,199700,860,27.5
2023,19033,Cerro Gordo County,19,Iowa,42785,43.9,65537,40345,22730,13915,5506,71.65,154100,840,23.6
2023,19035,Cherokee County,19,Iowa,11587,44.5,64478,37174,5555,3726,1356,73.32,145100,711,28.6
2023,19037,Chickasaw County,19,Iowa,11868,43.5,73421,37093,5545,4058,927,81.40,164400,779,19.7
2023,19039,Clarke County,19,Iowa,9690,38.4,66821,35360,4401,2779,1222,69.46,160200,836,27.6
2023,19041,Clay County,19,Iowa,16446,41.8,64082,37963,8141,5270,1979,72.70,171500,798,25.8
2023,19043,Clayton County,19,Iowa,17069,46.4,62326,35661,8791,5672,1734,76.59,155700,764,26.4
2023,19045,Clinton County,19,Iowa,46383,42.5,65177,36093,21590,14212,5222,73.13,153800,825,28.3
2023,19047,Crawford County,19,Iowa,16289,37.9,65039,32731,6852,4901,1328,78.68,136300,727,23.8
2023,19049,Dallas County,19,Iowa,104136,35.8,102349,52722,43195,28397,12471,69.48,333400,1239,24.6
2023,19051,Davis County,19,Iowa,9127,36.2,79505,33836,3602,2663,506,84.03,146000,878,23.6
2023,19053,Decatur County,19,Iowa,7669,36.2,57146,27508,3651,2073,976,67.99,109500,663,19.6
2023,19055,Delaware County,19,Iowa,17549,44.0,76205,40940,8142,5911,1265,82.37,168700,743,27.2
2023,19057,Des Moines County,19,Iowa,38597,42.2,60662,36246,18778,12495,4693,72.70,137000,908,33.4
2023,19059,Dickinson County,19,Iowa,17844,48.1,74570,47165,14060,6631,2019,76.66,251600,930,25.1
2023,19061,Dubuque County,19,Iowa,98948,38.8,75919,40624,43003,29695,10890,73.17,226100,944,27.3
2023,19063,Emmet County,19,Iowa,9316,43.3,65181,36957,4517,3049,873,77.74,106200,731,21.7
2023,19065,Fayette County,19,Iowa,19393,43.7,58764,32982,9324,6315,1888,76.98,130800,813,28.3
2023,19067,Floyd County,19,Iowa,15502,44.2,64500,36221,7308,4922,1698,74.35,133300,672,25.7
2023,19069,Franklin County,19,Iowa,9977,41.9,63648,32451,4657,2961,1123,72.50,118500,649,19.7
2023,19071,Fremont County,19,Iowa,6570,46.4,73750,39761,3130,2229,531,80.76,147500,753,20.9
2023,19073,Greene County,19,Iowa,8722,44.8,59159,36237,4316,2917,1011,74.26,140500,774,25.7
2023,19075,Grundy County,19,Iowa,12352,41.5,83617,39565,5489,4270,815,83.97,180500,777,23.6
2023,19077,Guthrie County,19,Iowa,10646,46.5,79981,42898,5782,3828,759,83.45,163900,823,26.0
2023,19079,Hamilton County,19,Iowa,14893,42.2,71750,38075,7056,4659,1658,73.75,132300,853,22.2
2023,19081,Hancock County,19,Iowa,10718,44.6,70212,36756,5120,3782,832,81.97,129300,784,25.1
2023,19083,Hardin County,19,Iowa,16729,45.2,64906,33765,8028,5139,1871,73.31,113000,814,27.7
2023,19085,Harrison County,19,Iowa,14645,41.9,77027,39369,6679,4618,1386,76.92,165300,854,24.0
2023,19087,Henry County,19,Iowa,20228,40.5,64604,31084,8442,5640,1977,74.04,148600,770,27.1
2023,19089,Howard County,19,Iowa,9459,39.3,67336,33190,4314,2813,859,76.61,133900,699,19.1
2023,19091,Humboldt County,19,Iowa,9573,41.8,66994,38775,4600,3177,1059,75.00,146900,731,20.3
2023,19093,Ida County,19,Iowa,6944,42.3,62841,35471,3365,2322,672,77.56,108800,669,22.2
2023,19095,Iowa County,19,Iowa,16547,42.2,72185,39363,7355,5211,1638,76.08,189800,722,23.0
2023,19097,Jackson County,19,Iowa,19429,44.2,71605,38325,9272,6523,1780,78.56,170000,800,26.3
2023,19099,Jasper County,19,Iowa,37864,41.4,70128,37380,16208,11035,3713,74.82,176800,822,28.3
2023,19101,Jefferson County,19,Iowa,15676,43.5,56824,35800,7707,4481,2397,65.15,161200,881,34.3
2023,19103,Johnson County,19,Iowa,154881,30.8,74721,44699,67211,36606,25608,58.84,293100,1104,33.6
2023,19105,Jones County,19,Iowa,20799,43.0,73071,35376,8882,6543,1566,80.69,183400,759,24.6
2023,19107,Keokuk County,19,Iowa,9964,42.8,60856,33181,4650,3206,859,78.87,112200,822,26.0
2023,19109,Kossuth County,19,Iowa,14610,45.0,65656,37180,7220,4899,1603,75.35,135100,859,26.0
2023,19111,Lee County,19,Iowa,33175,43.7,59803,32537,15808,10800,3505,75.50,123600,814,28.6
2023,19113,Linn County,19,Iowa,229463,38.5,76421,42497,101989,69685,25366,73.31,204400,915,27.6
2023,19115,Louisa County,19,Iowa,10710,41.8,80223,35747,4736,3319,824,80.11,137600,797,19.3
2023,19117,Lucas County,19,Iowa,8685,43.3,67921,32962,4077,2979,693,81.13,117000,738,26.5
2023,19119,Lyon County,19,Iowa,12087,38.1,72881,33727,4857,3704,740,83.35,215600,802,23.2
2023,19121,Madison County,19,Iowa,16760,41.0,89542,41878,7031,5384,1241,81.27,236900,938,25.2
2023,19123,Mahaska County,19,Iowa,22045,39.1,69019,35035,9708,6031,2860,67.83,140900,821,21.9
2023,19125,Marion County,19,Iowa,33551,39.7,78059,40540,14268,10425,2984,77.75,211100,880,24.9
2023,19127,Marshall County,19,Iowa,39971,38.7,72785,32737,16860,11400,4146,73.33,134100,860,23.4
2023,19129,Mills County,19,Iowa,14563,42.6,87810,43081,6119,4503,846,84.18,228700,888,24.9
2023,19131,Mitchell County,19,Iowa,10548,42.2,68704,38824,4902,3580,897,79.96,164100,739,23.0
2023,19133,Monona County,19,Iowa,8619,44.7,62944,34565,4390,2974,917,76.43,122600,795,27.3
2023,19135,Monroe County,19,Iowa,7546,42.1,72518,35430,3648,2507,484,83.82,135900,787,32.8
2023,19137,Montgomery County,19,Iowa,10254,43.8,63190,37388,5011,3300,1309,71.60,109900,782,24.6
2023,19139,Muscatine County,19,Iowa,42735,39.1,69512,35228,18429,12854,4316,74.86,172400,966,26.2
2023,19141,O'Brien County,19,Iowa,14103,39.8,68216,34346,6544,4477,1314,77.31,158900,770,21.3
2023,19143,Osceola County,19,Iowa,6114,43.5,69138,37142,2867,2032,574,77.97,123800,796,29.5
2023,19145,Page County,19,Iowa,15168,45.0,57752,32567,6996,4313,1848,70.00,120000,731,27.1
2023,19147,Palo Alto County,19,Iowa,8902,41.5,68963,35518,4517,2831,908,75.72,119300,599,22.6
2023,19149,Plymouth County,19,Iowa,25699,41.1,81600,42241,10863,7587,2710,73.68,218600,865,17.7
2023,19151,Pocahontas County,19,Iowa,7040,43.9,63423,35956,3658,2424,660,78.60,93300,743,19.9
2023,19153,Polk County,19,Iowa,497441,36.2,81621,44008,215016,135757,66647,67.07,248400,1113,27.5
2023,19155,Pottawattamie County,19,Iowa,93407,40.1,71446,36853,40022,26403,11128,70.35,183600,970,27.6
2023,19157,Poweshiek County,19,Iowa,18582,40.8,64837,37173,8946,5507,2284,70.68,184200,864,25.1
2023,19159,Ringgold County,19,Iowa,4664,44.6,69821,37108,2676,1473,396,78.81,150300,745,28.9
2023,19161,Sac County,19,Iowa,9759,45.3,70991,40261,5122,3317,934,78.03,138400,643,17.5
2023,19163,Scott County,19,Iowa,174302,39.0,76363,42754,78130,50582,22093,69.60,212500,958,28.8
2023,19165,Shelby County,19,Iowa,11757,45.1,67690,38805,5429,3776,1207,75.78,156200,810,28.4
2023,19167,Sioux County,19,Iowa,35984,34.0,84736,36175,13175,9787,2789,77.82,235600,888,25.8
2023,19169,Story County,19,Iowa,98592,27.0,69006,37933,41642,21668,17040,55.98,243600,1019,30.7
2023,19171,Tama County,19,Iowa,16982,41.8,67955,34094,7595,5146,1585,76.45,139900,865,26.0
2023,19173,Taylor County,19,Iowa,5901,43.6,67279,35070,2890,1921,550,77.74,109700,707,19.3
2023,19175,Union County,19,Iowa,12038,40.6,56813,31843,5790,3645,1410,72.11,117800,683,25.4
2023,19177,Van Buren County,19,Iowa,7236,44.8,60183,31538,3506,2407,491,83.06,118800,686,28.0
2023,19179,Wapello County,19,Iowa,35265,39.9,60034,33337,15740,9501,4587,67.44,112900,950,28.5
2023,19181,Warren County,19,Iowa,53484,38.7,92990,43239,21473,16786,3433,83.02,252800,975,26.9
2023,19183,Washington County,19,Iowa,22539,40.3,71339,37686,9638,6530,2518,72.17,199600,862,24.0
2023,19185,Wayne County,19,Iowa,6518,42.0,59118,34623,3021,2045,509,80.07,102300,660,23.6
2023,19187,Webster County,19,Iowa,36848,39.8,68054,35172,17053,10962,4679,70.09,138500,762,25.4
2023,19189,Winnebago County,19,Iowa,10648,41.7,63719,36877,5080,3414,1177,74.36,132300,712,25.0
2023,19191,Winneshiek County,19,Iowa,19972,42.2,75652,40595,9011,6259,1938,76.36,239000,800,25.1
2023,19193,Woodbury County,19,Iowa,105760,36.2,70147,34330,43121,27718,12785,68.43,172000,946,25.9
2023,19195,Worth County,19,Iowa,7380,44.3,76875,38232,3487,2595,600,81.22,142300,703,18.9
2023,19197,Wright County,19,Iowa,12817,39.8,64033,37066,6266,3971,1381,74.20,109800,788,25.2
2023,20001,Allen County,20,Kansas,12491,41.3,57618,29176,6077,3736,1278,74.51,100400,685,24.4
2023,20003,Anderson County,20,Kansas,7819,40.4,64925,30213,3569,2665,622,81.08,147900,792,30.9
2023,20005,Atchison County,20,Kansas,16211,36.4,62164,29910,6811,4315,1561,73.43,147900,756,24.4
2023,20007,Barber County,20,Kansas,4153,42.6,57615,34620,2461,1469,337,81.34,92700,743,26.1
2023,20009,Barton County,20,Kansas,25275,38.8,56733,31835,12373,6768,3451,66.23,117200,742,24.9
2023,20011,Bourbon County,20,Kansas,14384,38.8,67555,31717,6768,4205,1565,72.88,107600,784,26.2
2023,20013,Brown County,20,Kansas,9415,42.0,58886,31355,4489,2805,914,75.42,111100,675,24.4
2023,20015,Butler County,20,Kansas,67916,38.3,80375,37381,27175,19571,5454,78.21,199600,984,28.5
2023,20017,Chase County,20,Kansas,2579,44.5,54518,31554,1397,823,322,71.88,106200,758,20.5
2023,20019,Chautauqua County,20,Kansas,3370,45.3,54592,30782,1971,1095,220,83.27,63300,713,25.7
2023,20021,Cherokee County,20,Kansas,19236,42.0,58274,30180,9140,5596,2131,72.42,99400,801,27.7
2023,20023,Cheyenne County,20,Kansas,2628,39.8,55765,32883,1465,944,242,79.60,119300,703,18.4
2023,20025,Clark County,20,Kansas,1987,46.5,65515,35022,1066,615,198,75.65,78400,771,18.9
2023,20027,Clay County,20,Kansas,8071,43.1,63136,35913,3940,2656,973,73.19,149600,911,30.3
2023,20029,Cloud County,20,Kansas,8973,39.4,57333,29325,4490,2741,929,74.69,96300,689,22.2
2023,20031,Coffey County,20,Kansas,8304,44.0,67377,37275,3985,2692,855,75.90,139500,842,23.8
2023,20033,Comanche County,20,Kansas,1685,50.8,49417,31710,1050,601,220,73.20,59900,672,28.1
2023,20035,Cowley County,20,Kansas,34487,38.1,58263,31072,15647,9400,3939,70.47,111600,779,29.3
2023,20037,Crawford County,20,Kansas,38963,33.8,50311,29188,18088,9560,6337,60.14,122400,837,30.6
2023,20039,Decatur County,20,Kansas,2746,52.1,52030,36280,1643,1090,283,79.39,78500,695,22.8
2023,20041,Dickinson County,20,Kansas,18423,42.1,67982,36242,8793,6291,1667,79.05,148500,809,26.5
2023,20043,Doniphan County,20,Kansas,7492,41.3,72833,33462,3375,2184,486,81.80,121200,801,22.3
2023,20045,Douglas County,20,Kansas,119547,31.3,68756,39321,53308,24725,25214,49.51,281600,1066,30.4
2023,20047,Edwards County,20,Kansas,2817,44.3,53792,32481,1551,974,213,82.06,70500,732,25.6
2023,20049,Elk County,20,Kansas,2464,49.6,56087,29323,1502,835,241,77.60,60900,534,22.5
2023,20051,Ellis County,20,Kansas,28870,32.5,59889,37575,13247,7608,4578,62.43,211100,899,31.1
2023,20053,Ellsworth County,20,Kansas,6366,43.7,66792,33604,3110,1899,430,81.54,116300,705,22.8
2023,20055,Finney County,20,Kansas,38001,32.1,72437,31556,14279,8449,4749,64.02,191100,991,19.5
2023,20057,Ford County,20,Kansas,34133,31.9,70495,28834,12638,7588,4180,64.48,132700,960,20.6
2023,20059,Franklin County,20,Kansas,25994,40.1,72142,34403,11239,7558,2731,73.46,187400,949,28.0
2023,20061,Geary County,20,Kansas,35895,27.1,57344,27532,15917,5903,7884,42.82,165000,1119,26.6
2023,20063,Gove County,20,Kansas,2796,41.7,63203,35590,1332,926,245,79.08,119000,730,24.2
2023,20065,Graham County,20,Kansas,2406,46.1,52909,33129,1428,953,228,80.69,88800,726,28.8
2023,20067,Grant County,20,Kansas,7284,32.9,72484,39635,2932,1778,599,74.80,146200,696,16.2
2023,20069,Gray County,20,Kansas,5696,36.6,77885,35990,2339,1667,411,80.22,174700,833,21.5
2023,20071,Greeley County,20,Kansas,1296,39.9,78819,37662,622,411,113,78.44,108900,915,18.3
2023,20073,Greenwood County,20,Kansas,5956,48.4,58276,35792,3682,2070,534,79.49,82600,710,22.8
2023,20075,Hamilton County,20,Kansas,2485,36.4,61929,29409,1030,625,145,81.17,119700,778,18.5
2023,20077,Harper County,20,Kansas,5446,40.8,55417,28555,3026,1622,583,73.56,77300,693,24.2
2023,20079,Harvey County,20,Kansas,33823,40.2,73269,34973,14621,9371,4107,69.53,173300,891,24.1
2023,20081,Haskell County,20,Kansas,3695,38.0,69138,32616,1545,1066,318,77.02,154800,776,18.1
2023,20083,Hodgeman County,20,Kansas,1676,45.9,63125,36823,814,540,126,81.08,92700,900,26.7
2023,20085,Jackson County,20,Kansas,13277,41.0,72703,34051,5615,3986,1114,78.16,193600,856,28.4
2023,20087,Jefferson County,20,Kansas,18391,43.8,77393,39516,8004,6282,1108,85.01,200800,844,23.5
2023,20089,Jewell County,20,Kansas,2909,50.3,52344,32993,1760,1023,245,80.68,62100,591,26.3
2023,20091,Johnson County,20,Kansas,614764,38.3,107261,58292,255320,167810,76967,68.56,366000,1385,26.3
2023,20093,Kearny County,20,Kansas,3910,37.5,74135,31556,1579,999,366,73.19,152500,1137,22.4
2023,20095,Kingman County,20,Kansas,7284,43.4,59819,32969,3673,2147,941,69.53,107400,807,21.1
2023,20097,Kiowa County,20,Kansas,2422,41.2,73214,38482,1150,708,240,74.68,152400,728,20.8
2023,20099,Labette County,20,Kansas,19949,41.4,55439,29602,9508,5938,2119,73.70,92100,729,25.5
2023,20101,Lane County,20,Kansas,1497,48.9,53042,39322,885,574,151,79.17,119000,497,22.5
2023,20103,Leavenworth County,20,Kansas,82493,38.3,86906,38843,31589,20475,9279,68.81,260600,1138,25.9
2023,20105,Lincoln County,20,Kansas,2924,44.1,53546,32595,1667,966,255,79.12,92600,604,27.3
2023,20107,Linn County,20,Kansas,9723,45.5,59200,36213,5180,3420,879,79.55,164500,682,22.7
2023,20109,Logan County,20,Kansas,2720,41.1,71389,40940,1372,757,481,61.15,116600,796,26.2
2023,20111,Lyon County,20,Kansas,32145,33.1,59078,29881,14998,7749,5573,58.17,142200,796,26.4
2023,20113,McPherson County,20,Kansas,30130,39.1,77701,35857,13128,9211,2940,75.80,198400,889,25.1
2023,20115,Marion County,20,Kansas,11795,43.7,63438,35423,5673,3793,899,80.84,114400,727,23.9
2023,20117,Marshall County,20,Kansas,10001,42.6,70828,36220,4758,3385,716,82.54,119500,670,30.4
2023,20119,Meade County,20,Kansas,3949,37.5,74868,44359,1869,1087,409,72.66,122000,799,20.6
2023,20121,Miami County,20,Kansas,34625,41.8,88000,41736,14090,10503,3029,77.62,277700,1101,28.1
2023,20123,Mitchell County,20,Kansas,5767,43.3,58233,36913,3124,1797,770,70.00,109600,653,22.1
2023,20125,Montgomery County,20,Kansas,31143,40.3,53242,28959,15566,9342,3529,72.58,92100,759,27.6
2023,20127,Morris County,20,Kansas,5388,48.7,56716,36341,2991,1978,521,79.15,120900,711,19.1
2023,20129,Morton County,20,Kansas,2647,43.7,65625,29023,1316,745,205,78.42,95600,637,19.6
2023,20131,Nemaha County,20,Kansas,10213,40.0,77375,38996,4501,3189,858,78.80,196100,726,24.2
2023,20133,Neosho County,20,Kansas,15715,40.3,55704,30510,7227,4841,1481,76.57,101200,650,31.1
2023,20135,Ness County,20,Kansas,2659,46.1,66107,45430,1475,922,241,79.28,85400,653,13.2
2023,20137,Norton County,20,Kansas,5392,40.2,50305,26220,2454,1561,356,81.43,106300,642,37.5
2023,20139,Osage County,20,Kansas,15780,42.8,70216,33617,7293,5099,1263,80.15,142800,810,28.0
2023,20141,Osborne County,20,Kansas,3473,46.8,59408,36655,2027,1230,379,76.44,84700,591,26.0
2023,20143,Ottawa County,20,Kansas,5782,42.5,76755,36223,2684,1855,522,78.04,164100,738,23.0
2023,20145,Pawnee County,20,Kansas,6220,44.9,63625,39318,3045,1549,866,64.14,102400,806,27.3
2023,20147,Phillips County,20,Kansas,4874,44.6,61235,34887,2797,1635,547,74.93,94700,621,25.3
2023,20149,Pottawatomie County,20,Kansas,25808,36.2,87694,37341,10077,7490,1594,82.45,223000,1011,23.2
2023,20151,Pratt County,20,Kansas,9120,38.2,64348,33584,4375,2489,1032,70.69,114500,810,26.5
2023,20153,Rawlins County,20,Kansas,2533,47.0,65000,34231,1363,800,366,68.61,99400,823,17.0
2023,20155,Reno County,20,Kansas,61693,40.7,60498,32203,28309,17540,7804,69.21,125000,857,27.1
2023,20157,Republic County,20,Kansas,4662,46.0,53611,30465,2672,1519,475,76.18,76000,638,21.2
2023,20159,Rice County,20,Kansas,9389,39.0,63947,32742,4384,2849,845,77.13,105500,717,17.1
2023,20161,Riley County,20,Kansas,71710,25.2,59560,34583,30674,12172,14965,44.85,231200,1065,31.4
2023,20163,Rooks County,20,Kansas,4869,46.0,61596,34675,2643,1592,550,74.32,90000,679,18.8
2023,20165,Rush County,20,Kansas,2957,46.0,60288,45168,1701,1100,282,79.59,79300,700,26.0
2023,20167,Russell County,20,Kansas,6717,45.3,53902,32255,3687,2369,730,76.44,106400,722,20.6
2023,20169,Saline County,20,Kansas,53801,39.8,63316,34403,24146,14894,7405,66.79,171900,915,27.6
2023,20171,Scott County,20,Kansas,5071,39.3,67788,35206,2271,1154,1036,52.69,170100,861,19.1
2023,20173,Sedgwick County,20,Kansas,524810,35.9,67675,36699,225795,127693,77331,62.28,190700,977,27.4
2023,20175,Seward County,20,Kansas,21640,31.0,62269,29053,8299,4414,2794,61.24,134000,924,24.0
2023,20177,Shawnee County,20,Kansas,178315,39.6,66043,37072,80884,49921,24607,66.98,170400,970,26.8
2023,20179,Sheridan County,20,Kansas,2442,43.4,70000,44743,1156,771,251,75.44,152000,663,21.4
2023,20181,Sherman County,20,Kansas,5919,38.9,64444,46410,2938,1568,790,66.50,126300,852,27.0
2023,20183,Smith County,20,Kansas,3579,50.0,57024,35983,2023,1310,268,83.02,91000,601,24.2
2023,20185,Stafford County,20,Kansas,4004,42.1,63786,34864,2104,1314,284,82.23,96700,613,27.2
2023,20187,Stanton County,20,Kansas,2018,36.5,70361,35970,1014,665,157,80.90,64200,691,14.3
2023,20189,Stevens County,20,Kansas,5212,38.0,61909,31270,2244,1306,483,73.00,124500,930,24.3
2023,20191,Sumner County,20,Kansas,22386,41.2,60348,32318,10395,6676,2298,74.39,118700,829,25.2
2023,20193,Thomas County,20,Kansas,7913,35.3,73575,39637,3580,2373,728,76.52,165900,753,31.1
2023,20195,Trego County,20,Kansas,2778,47.7,73375,43336,1673,1049,297,77.93,115400,694,27.1
2023,20197,Wabaunsee County,20,Kansas,6961,43.2,70536,33885,3135,2086,530,79.74,178200,771,20.6
2023,20199,Wallace County,20,Kansas,1459,47.2,60263,35831,757,478,182,72.42,94200,578,16.2
2023,20201,Washington County,20,Kansas,5519,43.9,62452,34654,2731,1852,519,78.11,106100,547,19.7
2023,20203,Wichita County,20,Kansas,2115,38.7,71282,35838,990,714,164,81.32,98700,738,16.7
2023,20205,Wilson County,20,Kansas,8559,42.3,57056,32771,4492,2610,905,74.25,93900,727,23.9
2023,20207,Woodson County,20,Kansas,3118,49.9,48152,29024,1842,1024,202,83.52,77100,597,29.4
2023,20209,Wyandotte County,20,Kansas,167277,34.2,60582,28523,68614,37573,23668,61.35,152700,1070,29.5
2023,21001,Adair County,21,Kentucky,19016,40.1,50316,27705,8632,5325,1661,76.22,134800,775,28.2
2023,21003,Allen County,21,Kentucky,21029,40.7,59029,30206,9261,6026,1826,76.74,176300,750,28.9
2023,21005,Anderson County,21,Kentucky,24098,42.1,71747,35161,10196,7402,2094,77.95,213200,870,32.5
2023,21007,Ballard County,21,Kentucky,7678,44.2,64740,34469,3707,2488,633,79.72,132900,826,21.8
2023,21009,Barren County,21,Kentucky,44670,40.1,49171,28422,20107,11711,6261,65.16,166900,784,28.8
2023,21011,Bath County,21,Kentucky,12812,39.0,54128,28809,5479,3453,1290,72.80,111800,600,21.9
2023,21013,Bell County,21,Kentucky,23878,41.2,32403,20463,11608,5817,3709,61.06,83000,617,32.8
2023,21015,Boone County,21,Kentucky,137676,37.7,94752,43436,52476,38593,11748,76.66,253200,1253,26.8
2023,21017,Bourbon County,21,Kentucky,20174,42.0,56322,32619,9148,5269,2859,64.83,211600,745,27.0
2023,21019,Boyd County,21,Kentucky,48043,42.4,60659,31192,21731,13006,6010,68.40,126300,839,28.0
2023,21021,Boyle County,21,Kentucky,30708,39.5,61635,32238,12969,8200,3606,69.46,200700,770,27.1
2023,21023,Bracken County,21,Kentucky,8427,42.0,59521,30198,3847,2533,730,77.63,116400,748,25.5
2023,21025,Breathitt County,21,Kentucky,13438,43.0,41101,23544,6559,4112,1420,74.33,61800,543,28.4
2023,21027,Breckinridge County,21,Kentucky,20722,42.2,53673,29163,10760,6272,1375,82.02,141400,730,24.6
2023,21029,Bullitt County,21,Kentucky,83209,41.3,77640,36758,33222,26367,5058,83.90,233700,973,27.0
2023,21031,Butler County,21,Kentucky,12373,41.1,52003,25198,5453,3336,1225,73.14,105500,688,27.0
2023,21033,Caldwell County,21,Kentucky,12631,42.3,57618,31544,6085,3723,1464,71.78,113500,724,26.7
2023,21035,Calloway County,21,Kentucky,37882,35.4,51854,29862,18034,9608,5478,63.69,181200,828,28.8
2023,21037,Campbell County,21,Kentucky,93193,39.0,77271,45113,41784,27867,11365,71.03,234500,1079,29.0
2023,21039,Carlisle County,21,Kentucky,4763,43.6,62019,33860,2315,1527,349,81.40,104700,792,26.9
2023,21041,Carroll County,21,Kentucky,10878,38.5,57753,29904,4682,2624,1463,64.20,129800,853,23.4
2023,21043,Carter County,21,Kentucky,26515,41.8,50389,27184,12283,8136,2235,78.45,126100,701,27.5
2023,21045,Casey County,21,Kentucky,15951,41.5,41689,23916,7401,4885,1332,78.57,135700,645,32.9
2023,21047,Christian County,21,Kentucky,72599,28.6,54190,26445,29307,13394,12282,52.17,149200,999,29.0
2023,21049,Clark County,21,Kentucky,37004,40.8,67824,39131,16279,10675,4259,71.48,197900,883,28.1
2023,21051,Clay County,21,Kentucky,20105,40.6,39607,21888,8642,5567,1611,77.56,87300,698,34.1
2023,21053,Clinton County,21,Kentucky,9240,42.5,42168,23829,4864,2726,1036,72.46,114000,629,24.2
2023,21055,Crittenden County,21,Kentucky,8972,42.8,47003,28751,4351,2756,797,77.57,115700,618,18.7
2023,21057,Cumberland County,21,Kentucky,5948,45.1,39662,21857,3399,1756,674,72.26,128600,553,23.3
2023,21059,Daviess County,21,Kentucky,103195,38.7,65323,35121,44199,27479,13678,66.77,185800,906,26.9
2023,21061,Edmonson County,21,Kentucky,12243,45.3,54512,27643,6418,4106,849,82.87,136600,739,23.0
2023,21063,Elliott County,21,Kentucky,7336,44.4,40074,18287,3065,1907,382,83.31,97400,427,35.4
2023,21065,Estill County,21,Kentucky,14079,44.3,43905,24142,6847,4269,1631,72.36,111900,689,25.6
2023,21067,Fayette County,21,Kentucky,321122,35.2,67631,42272,147720,73881,63922,53.61,272100,1101,29.9
2023,21069,Fleming County,21,Kentucky,15221,41.0,49663,26611,6776,4369,1410,75.60,115200,677,29.2
2023,21071,Floyd County,21,Kentucky,35342,43.1,41582,26142,17475,10429,4031,72.12,93300,713,28.1
2023,21073,Franklin County,21,Kentucky,51563,40.6,66470,40031,24082,14514,8034,64.37,198700,946,26.8
2023,21075,Fulton County,21,Kentucky,6440,41.2,36834,20202,3174,1598,896,64.07,78100,542,32.1
2023,21077,Gallatin County,21,Kentucky,8749,39.7,62247,30216,3763,2386,864,73.42,169400,858,26.5
2023,21079,Garrard County,21,Kentucky,17346,42.9,62572,30619,7272,5284,1341,79.76,186800,793,30.1
2023,21081,Grant County,21,Kentucky,25238,36.4,67940,30603,10182,6813,2422,73.77,185500,855,24.7
2023,21083,Graves County,21,Kentucky,36612,40.0,50576,29608,16437,10810,3342,76.38,139000,713,29.3
2023,21085,Grayson County,21,Kentucky,26586,40.3,49893,27601,13336,7448,2324,76.22,160100,653,23.4
2023,21087,Green County,21,Kentucky,11278,45.2,41087,24639,5292,3364,1030,76.56,118900,612,26.7
2023,21089,Greenup County,21,Kentucky,35639,43.9,59613,32864,16247,11754,2846,80.51,135300,836,25.1
2023,21091,Hancock County,21,Kentucky,9032,41.5,66836,31417,3911,2773,764,78.40,137600,752,26.7
2023,21093,Hardin County,21,Kentucky,111452,37.4,67608,36836,47370,27100,16385,62.32,205900,947,23.7
2023,21095,Harlan County,21,Kentucky,26185,41.2,37198,21681,13012,7437,3063,70.83,73100,651,29.5
2023,21097,Harrison County,21,Kentucky,18971,42.4,63205,31696,8136,5095,2144,70.38,188900,755,26.0
2023,21099,Hart County,21,Kentucky,19470,40.6,49653,25506,8888,5323,1899,73.71,124600,692,21.9
2023,21101,Henderson County,21,Kentucky,44493,41.0,58239,32803,20109,11872,6586,64.32,165700,794,28.7
2023,21103,Henry County,21,Kentucky,15774,41.6,60736,30492,6678,4660,1487,75.81,181300,871,32.9
2023,21105,Hickman County,21,Kentucky,4470,46.4,63750,30587,2160,1226,414,74.76,92300,717,20.3
2023,21107,Hopkins County,21,Kentucky,45143,41.3,57610,28979,20965,13037,5132,71.75,128800,841,25.0
2023,21109,Jackson County,21,Kentucky,13003,40.6,41410,22069,5999,3998,1017,79.72,107000,758,25.5
2023,21111,Jefferson County,21,Kentucky,777392,38.4,67849,41267,357923,203618,125774,61.82,237200,1097,28.3
2023,21113,Jessamine County,21,Kentucky,53792,38.7,74886,40444,20936,13607,6038,69.26,245100,994,25.8
2023,21115,Johnson County,21,Kentucky,22464,42.0,43014,24579,10530,5872,2971,66.40,125300,698,29.8
2023,21117,Kenton County,21,Kentucky,169817,37.8,79421,42623,72896,47340,20253,70.04,227500,1018,27.0
2023,21119,Knott County,21,Kentucky,14046,44.4,37736,21353,6695,3858,1590,70.81,74600,731,32.4
2023,21121,Knox County,21,Kentucky,30034,39.8,33153,21277,13824,7425,3901,65.56,109200,631,28.5
2023,21123,Larue County,21,Kentucky,15028,41.3,67770,30533,6542,4514,1452,75.66,177500,816,23.8
2023,21125,Laurel County,21,Kentucky,62731,39.9,56999,27944,26705,17041,6794,71.50,143400,789,27.5
2023,21127,Lawrence County,21,Kentucky,16171,42.0,45584,24027,7575,4690,1460,76.26,108100,729,30.3
2023,21129,Lee County,21,Kentucky,7375,43.4,34182,19697,3227,1955,651,75.02,82100,593,32.6
2023,21131,Leslie County,21,Kentucky,10261,42.2,40176,22942,4913,3228,681,82.58,74100,520,31.3
2023,21133,Letcher County,21,Kentucky,21146,43.3,40501,24260,10594,6075,2292,72.61,70500,651,28.5
2023,21135,Lewis County,21,Kentucky,13028,42.1,41632,23486,6072,3875,1030,79.00,86100,757,25.4
2023,21137,Lincoln County,21,Kentucky,24415,41.9,50862,27267,10869,7530,2154,77.76,139300,730,27.9
2023,21139,Livingston County,21,Kentucky,8941,45.7,59713,29831,4617,2829,673,80.78,116300,912,28.5
2023,21141,Logan County,21,Kentucky,27731,40.6,61535,29251,12459,8235,2687,75.40,151500,719,25.4
2023,21143,Lyon County,21,Kentucky,8831,47.8,64464,32837,4806,2704,611,81.57,183600,809,22.8
2023,21145,McCracken County,21,Kentucky,67584,42.4,62385,38598,32155,18397,8890,67.42,182900,861,27.6
2023,21147,McCreary County,21,Kentucky,16905,38.7,37355,16972,6919,4164,1431,74.42,77000,588,28.0
2023,21149,McLean County,21,Kentucky,9127,43.2,70549,34206,4171,2929,679,81.18,145600,602,23.8
2023,21151,Madison County,21,Kentucky,94064,34.7,62407,32382,39920,22915,13807,62.40,220700,851,27.9
2023,21153,Magoffin County,21,Kentucky,11495,41.9,33632,20024,5466,3539,1025,77.54,88300,633,30.0
2023,21155,Marion County,21,Kentucky,19680,39.6,55404,27866,8427,5866,1724,77.29,158700,731,28.5
2023,21157,Marshall County,21,Kentucky,31728,44.9,63611,33532,16461,10792,2358,82.07,173700,773,31.9
2023,21159,Martin County,21,Kentucky,11181,40.3,46185,29000,4847,3154,781,80.15,84900,441,49.7
2023,21161,Mason County,21,Kentucky,16995,42.3,51473,33031,8186,4751,2176,68.59,157500,724,24.5
2023,21163,Meade County,21,Kentucky,30032,39.3,70163,35010,12111,7902,2896,73.18,195000,976,24.5
2023,21165,Menifee County,21,Kentucky,6203,45.1,44672,25987,3387,1734,653,72.64,111500,634,28.4
2023,21167,Mercer County,21,Kentucky,22824,42.8,63115,32851,10410,7048,2089,77.14,189700,802,23.9
2023,21169,Metcalfe County,21,Kentucky,10372,41.9,48572,24031,4719,3195,1050,75.27,103100,549,23.1
2023,21171,Monroe County,21,Kentucky,11318,41.3,49430,26755,5240,3174,1412,69.21,116300,629,26.8
2023,21173,Montgomery County,21,Kentucky,28271,40.6,57468,28562,12204,7258,3692,66.28,163800,796,22.2
2023,21175,Morgan County,21,Kentucky,13938,41.8,47493,25456,5650,3714,1033,78.24,106000,670,26.3
2023,21177,Muhlenberg County,21,Kentucky,30712,42.8,52672,31065,13533,9781,2156,81.94,121300,712,28.5
2023,21179,Nelson County,21,Kentucky,47102,39.7,67888,33257,20062,14517,4270,77.27,224100,932,26.6
2023,21181,Nicholas County,21,Kentucky,7655,38.9,53616,24672,3333,1964,781,71.55,119600,654,21.9
2023,21183,Ohio County,21,Kentucky,23704,40.9,54369,27179,10199,7193,1962,78.57,113400,774,20.7
2023,21185,Oldham County,21,Kentucky,68600,39.7,121491,52773,23512,19774,2683,88.05,375000,1142,25.7
2023,21187,Owen County,21,Kentucky,11270,42.5,59706,30071,5378,3743,518,87.84,165000,775,23.9
2023,21189,Owsley County,21,Kentucky,4021,47.9,31064,21285,2024,1028,478,68.26,79900,551,27.9
2023,21191,Pendleton County,21,Kentucky,14683,41.7,66601,30460,6285,3946,1387,73.99,160800,800,22.0
2023,21193,Perry County,21,Kentucky,27847,41.4,45261,30062,13256,8152,3141,72.19,90700,795,30.2
2023,21195,Pike County,21,Kentucky,57466,42.9,42179,26111,28955,18372,6077,75.14,104200,837,34.6
2023,21197,Powell County,21,Kentucky,13057,39.3,39811,23947,5619,3204,1425,69.22,142400,743,34.1
2023,21199,Pulaski County,21,Kentucky,65503,42.2,50943,31140,31673,18627,7293,71.86,156300,835,29.4
2023,21201,Robertson County,21,Kentucky,2239,39.7,52337,24243,996,596,195,75.35,123400,543,13.9
2023,21203,Rockcastle County,21,Kentucky,16144,42.8,48367,28133,7377,4911,1517,76.40,119300,678,23.6
2023,21205,Rowan County,21,Kentucky,24525,31.2,53657,30257,10577,5895,3450,63.08,155900,815,28.8
2023,21207,Russell County,21,Kentucky,18117,42.2,50520,28231,10146,5300,1910,73.51,148200,660,29.0
2023,21209,Scott County,21,Kentucky,58269,36.4,83660,40096,23335,15958,6161,72.15,264200,1181,26.8
2023,21211,Shelby County,21,Kentucky,48599,40.9,82671,38834,19216,13218,4632,74.05,277500,998,24.3
2023,21213,Simpson County,21,Kentucky,19786,39.0,57392,28786,8456,5097,2592,66.29,195700,1011,28.1
2023,21215,Spencer County,21,Kentucky,19875,43.3,98333,40963,7599,6117,945,86.62,297600,954,27.5
2023,21217,Taylor County,21,Kentucky,26205,37.7,61871,28714,11206,6787,3258,67.57,163700,691,24.7
2023,21219,Todd County,21,Kentucky,12330,36.3,57759,29483,5160,3286,1148,74.11,157400,841,23.5
2023,21221,Trigg County,21,Kentucky,14211,46.6,54630,31732,7625,4462,1550,74.22,192000,802,26.4
2023,21223,Trimble County,21,Kentucky,8531,40.9,67813,31542,3870,2687,590,82.00,172700,935,20.3
2023,21225,Union County,21,Kentucky,13379,41.3,60989,30328,5868,3679,1449,71.74,109000,787,23.0
2023,21227,Warren County,21,Kentucky,137549,33.4,64801,34999,58563,30740,23468,56.71,242600,963,28.6
2023,21229,Washington County,21,Kentucky,12091,42.2,59762,30810,5222,3634,1016,78.15,168300,696,30.1
2023,21231,Wayne County,21,Kentucky,19592,43.4,41933,27424,10144,5779,2249,71.99,121700,666,26.4
2023,21233,Webster County,21,Kentucky,12873,39.6,58786,27404,5728,3592,1328,73.01,97600,774,17.3
2023,21235,Whitley County,21,Kentucky,36755,35.4,41719,23077,15558,9055,4515,66.73,120600,720,26.5
2023,21237,Wolfe County,21,Kentucky,6484,41.5,29052,15253,3043,1778,767,69.86,66400,507,39.6
2023,21239,Woodford County,21,Kentucky,27017,42.3,80006,42152,11587,7688,3055,71.56,270400,1000,28.5
2023,22001,Acadia Parish,22,Louisiana,57218,37.0,45266,26103,25036,14629,6900,67.95,146900,725,31.1
2023,22003,Allen Parish,22,Louisiana,22552,38.9,51138,24402,9543,5885,1774,76.84,110800,739,28.5
2023,22005,Ascension Parish,22,Louisiana,128593,36.4,92266,41453,50971,38755,8018,82.86,265300,1283,29.2
2023,22007,Assumption Parish,22,Louisiana,20720,42.0,52546,30471,10039,7201,1219,85.52,141200,801,45.8
2023,22009,Avoyelles Parish,22,Louisiana,39176,38.2,39439,23854,18323,9991,4549,68.71,120200,739,34.3
2023,22011,Beauregard Parish,22,Louisiana,36646,36.9,64995,33294,15968,11387,2304,83.17,164500,882,28.3
2023,22013,Bienville Parish,22,Louisiana,12769,42.5,34992,25567,6874,3831,1594,70.62,93600,600,30.9
2023,22015,Bossier Parish,22,Louisiana,129134,36.2,66336,36233,56122,32813,16848,66.07,215100,1168,29.6
2023,22017,Caddo Parish,22,Louisiana,232973,39.2,50067,33008,112568,57563,37354,60.65,175900,962,33.6
2023,22019,Calcasieu Parish,22,Louisiana,208668,37.2,67849,35568,94462,55624,21371,72.24,208500,1096,30.5
2023,22021,Caldwell Parish,22,Louisiana,9563,40.7,44957,29643,4644,2544,1142,69.02,106000,756,42.3
2023,22023,Cameron Parish,22,Louisiana,5222,43.0,72500,33846,3447,1971,63,96.90,183300,-666666666,-666666666.0
2023,22025,Catahoula Parish,22,Louisiana,8738,38.8,47753,22927,4447,2337,739,75.98,88000,724,42.1
2023,22027,Claiborne Parish,22,Louisiana,14019,41.9,31784,19675,6821,3538,1481,70.49,82400,619,41.6
2023,22029,Concordia Parish,22,Louisiana,18325,37.7,37349,23119,9026,4627,1948,70.37,102400,774,33.8
2023,22031,De Soto Parish,22,Louisiana,26897,40.1,46077,29925,12560,7745,2548,75.25,150700,719,31.6
2023,22033,East Baton Rouge Parish,22,Louisiana,452821,34.2,63075,38131,205518,103597,71811,59.06,241800,1121,33.6
2023,22035,East Carroll Parish,22,Louisiana,7195,35.7,28321,16689,3408,1504,1004,59.97,87400,767,51.0
2023,22037,East Feliciana Parish,22,Louisiana,19378,44.6,72899,34994,8171,5480,1056,83.84,213700,745,19.2
2023,22039,Evangeline Parish,22,Louisiana,32162,37.7,42273,24765,14523,7935,4305,64.83,118500,663,31.6
2023,22041,Franklin Parish,22,Louisiana,19590,39.1,44103,25511,8937,5418,1933,73.70,117200,719,28.8
2023,22043,Grant Parish,22,Louisiana,22123,38.5,61112,26307,9054,5907,1288,82.10,135900,806,27.7
2023,22045,Iberia Parish,22,Louisiana,69194,37.8,57811,29664,31215,18267,8602,67.99,156000,891,30.2
2023,22047,Iberville Parish,22,Louisiana,29950,40.3,57459,29293,13419,8355,2677,75.73,177100,817,26.5
2023,22049,Jackson Parish,22,Louisiana,14939,41.5,43345,24255,7223,3943,1659,70.39,107400,719,28.6
2023,22051,Jefferson Parish,22,Louisiana,432484,39.9,65246,37062,194109,110285,66701,62.31,243500,1162,31.4
2023,22053,Jefferson Davis Parish,22,Louisiana,32083,37.4,56500,30377,14107,8934,2770,76.33,145000,847,29.3
2023,22055,Lafayette Parish,22,Louisiana,245075,36.4,67660,39092,110400,65678,33679,66.10,234200,1022,30.2
2023,22057,Lafourche Parish,22,Louisiana,96670,39.0,63439,32900,41164,29285,8112,78.31,190800,933,30.6
2023,22059,LaSalle Parish,22,Louisiana,14804,38.6,67077,31297,6203,4046,837,82.86,137200,576,28.9
2023,22061,Lincoln Parish,22,Louisiana,48160,28.6,38035,25193,20650,9814,8527,53.51,195500,821,39.5
2023,22063,Livingston Parish,22,Louisiana,145583,36.4,78617,33883,58899,41743,9619,81.27,218900,1102,28.0
2023,22065,Madison Parish,22,Louisiana,9757,34.6,37267,19086,4388,1703,1317,56.39,90600,625,29.7
2023,22067,Morehouse Parish,22,Louisiana,24967,40.3,36981,24038,11895,6514,3265,66.61,108700,795,37.2
2023,22069,Natchitoches Parish,22,Louisiana,37047,33.3,46798,26602,18663,8785,5323,62.27,163000,767,35.0
2023,22071,Orleans Parish,22,Louisiana,376035,38.4,55339,39698,194758,78376,76684,50.55,296400,1211,35.4
2023,22073,Ouachita Parish,22,Louisiana,158916,36.6,51241,30656,70667,36178,24626,59.50,183000,923,35.6
2023,22075,Plaquemines Parish,22,Louisiana,23070,36.8,82874,36570,9625,6057,2143,73.87,275800,1611,29.8
2023,22077,Pointe Coupee Parish,22,Louisiana,20438,43.2,59351,32852,11044,6353,1849,77.46,174500,794,36.7
2023,22079,Rapides Parish,22,Louisiana,128470,37.8,55946,31688,58321,31771,16889,65.29,179100,942,31.1
2023,22081,Red River Parish,22,Louisiana,7529,40.4,44539,25081,3599,2302,700,76.68,103200,731,31.6
2023,22083,Richland Parish,22,Louisiana,19908,39.8,52960,26762,8698,4861,2390,67.04,124500,836,25.9
2023,22085,Sabine Parish,22,Louisiana,22085,41.3,52047,27968,13618,6815,1670,80.32,129400,664,30.9
2023,22087,St. Bernard Parish,22,Louisiana,44172,35.8,57638,29478,18004,11084,4719,70.14,192100,1083,35.3
2023,22089,St. Charles Parish,22,Louisiana,51863,39.1,82172,39716,20595,15397,3225,82.68,256800,1144,35.0
2023,22091,St. Helena Parish,22,Louisiana,10849,42.4,50193,24848,5310,3055,1046,74.49,106400,802,27.3
2023,22093,St. James Parish,22,Louisiana,19797,40.8,64536,35832,8651,6355,1081,85.46,197800,821,28.1
2023,22095,St. John the Baptist Parish,22,Louisiana,41342,38.5,67418,30337,17790,11890,3032,79.68,184000,1118,26.1
2023,22097,St. Landry Parish,22,Louisiana,82128,37.5,45637,25018,37001,22159,9479,70.04,142900,742,30.1
2023,22099,St. Martin Parish,22,Louisiana,51559,39.7,53394,29983,23704,15744,4219,78.87,151000,865,34.1
2023,22101,St. Mary Parish,22,Louisiana,48455,39.7,51768,28157,22510,13064,5641,69.84,128000,839,30.6
2023,22103,St. Tammany Parish,22,Louisiana,269331,40.4,79277,41854,112414,81413,21873,78.82,272200,1305,31.2
2023,22105,Tangipahoa Parish,22,Louisiana,135218,35.7,57256,30992,58663,35896,14295,71.52,204600,974,33.5
2023,22107,Tensas Parish,22,Louisiana,3992,47.4,36074,21878,2804,1134,495,69.61,80300,613,29.3
2023,22109,Terrebonne Parish,22,Louisiana,107362,37.3,64819,33217,47236,30806,11035,73.63,189100,1010,28.0
2023,22111,Union Parish,22,Louisiana,20914,43.5,45743,27835,10416,6274,1973,76.08,115400,758,32.3
2023,22113,Vermilion Parish,22,Louisiana,57031,39.4,57537,29760,25924,16272,5642,74.25,159700,802,30.6
2023,22115,Vernon Parish,22,Louisiana,47764,32.1,58281,29550,22073,9901,7853,55.77,143500,1038,25.7
2023,22117,Washington Parish,22,Louisiana,45238,41.0,42776,25520,21422,12247,5404,69.38,139400,772,34.2
2023,22119,Webster Parish,22,Louisiana,36189,41.2,37396,24115,18341,10067,4694,68.20,105600,777,43.8
2023,22121,West Baton Rouge Parish,22,Louisiana,27666,36.6,87320,38107,11827,7889,2511,75.86,225900,1021,27.2
2023,22123,West Carroll Parish,22,Louisiana,9622,41.4,48514,28876,4691,2858,1017,73.75,97600,692,25.1
2023,22125,West Feliciana Parish,22,Louisiana,15381,42.2,74277,29175,5127,3081,830,78.78,263200,998,47.7
2023,22127,Winn Parish,22,Louisiana,13506,41.6,46368,27165,6372,3474,1409,71.14,102600,640,26.2
2023,23001,Androscoggin County,23,Maine,112323,40.8,67298,35885,50202,31410,15222,67.36,232000,966,28.7
2023,23003,Aroostook County,23,Maine,67227,48.4,54254,33136,38444,22080,7604,74.38,131700,736,28.9
2023,23005,Cumberland County,23,Maine,305940,42.1,92983,54238,151519,91485,38518,70.37,411400,1492,29.2
2023,23007,Franklin County,23,Maine,30145,46.1,58522,34456,21089,9592,2865,77.00,176700,759,28.1
2023,23009,Hancock County,23,Maine,56084,49.1,69630,41576,40514,19691,5301,78.79,278400,1000,30.2
2023,23011,Kennebec County,23,Maine,125614,44.0,65062,37344,63140,39242,14694,72.76,219900,952,29.0
2023,23013,Knox County,23,Maine,40860,49.2,71903,42729,24428,14120,3859,78.54,290800,1079,30.5
2023,23015,Lincoln County,23,Maine,35840,51.1,72026,44739,23810,13582,2619,83.83,306200,1003,26.1
2023,23017,Oxford County,23,Maine,58728,48.3,57933,33545,36558,19148,4546,80.81,192300,807,31.4
2023,23019,Penobscot County,23,Maine,153571,42.5,63248,36736,75405,45520,19249,70.28,193800,997,29.2
2023,23021,Piscataquis County,23,Maine,17125,51.4,55234,34592,14651,6239,1872,76.92,153300,807,26.0
2023,23023,Sagadahoc County,23,Maine,37093,47.3,82080,45131,19109,12579,3596,77.77,300200,1050,30.4
2023,23025,Somerset County,23,Maine,50852,46.9,56199,32452,30009,17567,5170,77.26,155200,887,26.5
2023,23027,Waldo County,23,Maine,40006,46.9,68441,38183,22118,14141,3335,80.92,239100,969,28.6
2023,23029,Washington County,23,Maine,31261,48.6,52237,32459,21703,10919,3070,78.05,147100,768,31.1
2023,23031,York County,23,Maine,214731,45.3,82904,44548,113853,68714,21536,76.14,357200,1239,28.1
2023,24001,Allegany County,24,Maryland,67762,41.7,57393,30046,32810,19294,8142,70.32,149200,786,29.8
2023,24003,Anne Arundel County,24,Maryland,590936,39.0,120324,58462,234843,167618,55984,74.96,450300,1990,29.1
2023,24005,Baltimore County,24,Maryland,849586,39.5,90904,48196,350296,218994,111157,66.33,330000,1566,31.1
2023,24009,Calvert County,24,Maryland,93791,40.5,132059,56411,35960,29184,4301,87.16,440200,1701,30.2
2023,24011,Caroline County,24,Maryland,33406,39.8,66368,33898,13516,8753,3428,71.86,272400,1070,32.3
2023,24013,Carroll County,24,Maryland,174318,41.3,115876,51465,66167,53237,10250,83.85,406400,1370,29.2
2023,24015,Cecil County,24,Maryland,104366,40.8,91146,42560,44159,30252,9920,75.31,311800,1367,30.4
2023,24017,Charles County,24,Maryland,168710,38.8,120592,50540,63053,48900,11299,81.23,402300,1897,28.1
2023,24019,Dorchester County,24,Maryland,32612,43.9,60495,34780,16416,8837,4487,66.32,252300,959,30.3
2023,24021,Frederick County,24,Maryland,280341,38.9,120458,53316,106480,78429,23378,77.04,437700,1706,29.1
2023,24023,Garrett County,24,Maryland,28713,48.1,69031,42328,18567,10180,2385,81.02,217000,710,23.2
2023,24025,Harford County,24,Maryland,262509,40.5,111317,50861,104409,79927,20344,79.71,367300,1557,29.2
2023,24027,Howard County,24,Maryland,333916,39.4,146982,65860,124489,86100,33966,71.71,576700,2038,29.1
2023,24029,Kent County,24,Maryland,19265,48.4,74402,45817,10326,6147,2383,72.06,307100,1144,32.7
2023,24031,Montgomery County,24,Maryland,1057586,40.1,128733,66124,405127,253448,134433,65.34,615200,2030,30.9
2023,24033,Prince George's County,24,Maryland,955584,38.5,100708,45287,362440,214809,129777,62.34,404300,1761,31.4
2023,24035,Queen Anne's County,24,Maryland,50951,44.8,113347,54824,21703,15972,3665,81.34,441800,1611,31.0
2023,24037,St. Mary's County,24,Maryland,114372,37.0,114580,51358,46078,30325,11418,72.65,390900,1692,27.6
2023,24039,Somerset County,24,Maryland,24685,38.1,52462,26031,10916,5710,2586,68.83,164300,938,34.9
2023,24041,Talbot County,24,Maryland,37707,51.1,84378,53527,19671,11784,4427,72.69,398300,1248,30.3
2023,24043,Washington County,24,Maryland,155033,41.0,74157,37391,63965,39145,20266,65.89,275900,1100,29.1
2023,24045,Wicomico County,24,Maryland,104117,36.2,72861,36856,43925,24294,15740,60.68,238900,1238,30.3
2023,24047,Worcester County,24,Maryland,53279,50.7,81455,51620,56585,18286,5541,76.74,348100,1180,31.4
2023,24510,Baltimore city,24,Maryland,577193,36.1,59623,39195,293631,119077,131531,47.52,219300,1290,32.1
2023,25001,Barnstable County,25,Massachusetts,230073,55.1,94452,60325,165661,82954,20027,80.55,575900,1596,34.5
2023,25003,Berkshire County,25,Massachusetts,128047,47.8,72565,47668,69861,39542,16975,69.96,283800,1042,32.4
2023,25005,Bristol County,25,Massachusetts,578436,40.9,84198,43752,244166,144543,87659,62.25,421800,1181,30.2
2023,25007,Dukes County,25,Massachusetts,20751,50.4,102348,71014,17713,5495,1867,74.64,1104100,1371,31.0
2023,25009,Essex County,25,Massachusetts,807258,41.1,99431,53210,328460,199350,112326,63.96,584000,1673,33.1
2023,25011,Franklin County,25,Massachusetts,70922,47.3,72584,41366,34424,21650,9848,68.73,303400,1169,33.8
2023,25013,Hampden County,25,Massachusetts,462853,39.8,70535,37810,197210,114621,69596,62.22,276300,1105,31.6
2023,25015,Hampshire County,25,Massachusetts,156595,38.7,86391,45006,66490,42489,19281,68.79,363400,1332,31.4
2023,25017,Middlesex County,25,Massachusetts,1622896,38.9,126779,67471,660814,388864,242075,61.63,687200,2126,28.6
2023,25019,Nantucket County,25,Massachusetts,14299,40.8,119750,72733,12449,3861,1187,76.49,1387000,2070,28.6
2023,25021,Norfolk County,25,Massachusetts,724540,40.9,126497,69508,293420,192815,88593,68.52,649400,2072,30.6
2023,25023,Plymouth County,25,Massachusetts,531889,42.9,109698,55965,216654,156015,44980,77.62,513000,1655,32.9
2023,25025,Suffolk County,25,Massachusetts,782172,33.8,92859,56920,353930,117938,204246,36.61,680700,2069,30.6
2023,25027,Worcester County,25,Massachusetts,861664,40.3,93561,47780,353405,218849,114424,65.67,390700,1347,29.9
2023,26001,Alcona County,26,Michigan,10310,59.7,53568,34595,10353,4586,530,89.64,157500,790,28.6
2023,26003,Alger County,26,Michigan,8813,48.8,59406,28250,6205,2941,549,84.27,165700,712,22.8
2023,26005,Allegan County,26,Michigan,120913,40.8,80255,37565,52262,38711,6273,86.06,247000,1065,28.7
2023,26007,Alpena County,26,Michigan,28908,47.6,51909,33093,15674,10114,2620,79.43,137800,660,28.8
2023,26009,Antrim County,26,Michigan,23876,51.8,71421,41548,17613,9600,1434,87.00,222500,920,25.2
2023,26011,Arenac County,26,Michigan,15054,50.1,56989,31061,9536,5502,919,85.69,129000,741,28.7
2023,26013,Baraga County,26,Michigan,8249,46.2,55117,28904,5071,2568,769,76.96,124400,557,20.4
2023,26015,Barry County,26,Michigan,62982,42.0,77873,39955,27617,21017,3392,86.10,243700,955,26.6
2023,26017,Bay County,26,Michigan,103235,43.8,60523,34858,48620,34299,10618,76.36,135100,809,27.9
2023,26019,Benzie County,26,Michigan,18177,50.6,72603,40984,12231,6557,909,87.82,254400,974,27.6
2023,26021,Berrien County,26,Michigan,153411,42.6,63152,37747,77127,46311,17340,72.76,211400,923,29.4
2023,26023,Branch County,26,Michigan,44914,40.8,61958,30685,20879,13113,3809,77.49,147500,900,25.3
2023,26025,Calhoun County,26,Michigan,133846,40.2,60385,33239,59626,38691,14740,72.41,151500,937,29.1
2023,26027,Cass County,26,Michigan,51606,45.5,68011,38544,25543,16986,4103,80.54,205200,870,28.8
2023,26029,Charlevoix County,26,Michigan,26143,50.0,76495,47337,17578,10130,2117,82.71,242800,929,28.5
2023,26031,Cheboygan County,26,Michigan,25778,51.9,61619,34750,17742,9145,1612,85.01,175200,822,30.3
2023,26033,Chippewa County,26,Michigan,36448,41.3,60631,30609,20340,10223,3644,73.72,153100,793,28.9
2023,26035,Clare County,26,Michigan,31109,48.3,49805,27619,21953,10473,1677,86.20,117400,743,29.5
2023,26037,Clinton County,26,Michigan,79419,41.8,85928,44380,33123,25927,5387,82.80,243700,1039,26.6
2023,26039,Crawford County,26,Michigan,13271,51.5,58614,31449,10268,4898,1111,81.51,149900,825,28.9
2023,26041,Delta County,26,Michigan,36829,47.8,54829,34716,19841,12502,3398,78.63,146800,698,26.3
2023,26043,Dickinson County,26,Michigan,25940,47.4,61882,36181,13941,9681,2156,81.79,130300,744,27.8
2023,26045,Eaton County,26,Michigan,109000,41.2,78025,40259,47650,33492,11623,74.24,206700,1042,25.5
2023,26047,Emmet County,26,Michigan,34159,46.4,73724,45122,21886,11214,3390,76.79,275300,1033,26.0
2023,26049,Genesee County,26,Michigan,404087,40.6,60673,34587,183729,117865,48510,70.84,172900,936,31.1
2023,26051,Gladwin County,26,Michigan,25543,50.8,55576,32413,17003,9634,1426,87.11,153200,689,28.4
2023,26053,Gogebic County,26,Michigan,14348,51.3,49672,34085,10400,5689,1349,80.83,99700,577,29.9
2023,26055,Grand Traverse County,26,Michigan,95757,43.1,79486,43501,46435,30302,9294,76.53,296200,1215,30.5
2023,26057,Gratiot County,26,Michigan,41478,39.7,61128,29558,16051,11442,3069,78.85,136800,808,30.2
2023,26059,Hillsdale County,26,Michigan,45658,42.8,60869,31996,21490,14468,3390,81.02,170500,801,27.2
2023,26061,Houghton County,26,Michigan,37428,32.3,56573,31441,18781,10147,4104,71.20,140300,767,32.4
2023,26063,Huron County,26,Michigan,31258,49.4,56963,33855,20372,11357,2479,82.08,141300,743,25.6
2023,26065,Ingham County,26,Michigan,282015,33.3,64354,37347,125812,69412,47154,59.55,187500,1058,31.3
2023,26067,Ionia County,26,Michigan,66706,38.8,73436,31593,24746,17762,5232,77.25,189400,840,28.3
2023,26069,Iosco County,26,Michigan,25333,53.5,47777,29934,19978,9491,1958,82.90,122900,659,27.1
2023,26071,Iron County,26,Michigan,11650,53.2,53614,33488,9046,4566,788,85.28,101500,510,30.2
2023,26073,Isabella County,26,Michigan,64475,29.8,53759,29626,28600,15283,9659,61.27,165100,863,32.6
2023,26075,Jackson County,26,Michigan,160187,41.2,65004,34834,69188,46556,15478,75.05,182900,958,29.0
2023,26077,Kalamazoo County,26,Michigan,261437,34.9,70525,39915,114463,67948,38303,63.95,227500,1049,29.9
2023,26079,Kalkaska County,26,Michigan,18116,44.0,60365,32904,11655,6748,968,87.45,174300,767,29.0
2023,26081,Kent County,26,Michigan,658844,35.7,80390,41504,267071,179313,75547,70.36,265700,1176,29.5
2023,26083,Keweenaw County,26,Michigan,2106,56.7,53893,46593,2292,1000,90,91.74,181400,679,23.5
2023,26085,Lake County,26,Michigan,12393,50.3,49680,27369,13432,4003,928,81.18,122900,863,32.2
2023,26087,Lapeer County,26,Michigan,88703,44.6,76228,38273,36980,29644,4835,85.98,229100,959,30.3
2023,26089,Leelanau County,26,Michigan,22607,55.3,91943,53601,15630,8548,891,90.56,406900,1223,25.8
2023,26091,Lenawee County,26,Michigan,98823,42.2,67013,33914,43747,30517,8290,78.64,181100,965,29.4
2023,26093,Livingston County,26,Michigan,195143,43.8,101315,49962,79520,65589,10133,86.62,331100,1236,28.7
2023,26095,Luce County,26,Michigan,6325,44.6,54338,27631,4081,1891,513,78.66,110400,799,31.0
2023,26097,Mackinac County,26,Michigan,10865,53.3,58598,34862,10575,3970,1158,77.42,165600,761,22.7
2023,26099,Macomb County,26,Michigan,877624,41.1,76399,39467,371723,267161,89265,74.96,231400,1175,30.1
2023,26101,Manistee County,26,Michigan,25247,50.3,60879,34636,15631,8865,1459,85.87,166600,820,33.8
2023,26103,Marquette County,26,Michigan,66430,39.2,64675,34471,33553,19863,8024,71.23,202000,923,31.4
2023,26105,Mason County,26,Michigan,29177,47.2,62296,34751,17499,9699,2727,78.05,199300,840,28.1
2023,26107,Mecosta County,26,Michigan,40321,40.6,57774,28744,21045,12383,3929,75.91,169900,867,31.6
2023,26109,Menominee County,26,Michigan,23295,49.9,55688,32264,13261,8049,1962,80.40,142700,675,26.1
2023,26111,Midland County,26,Michigan,83641,41.8,77538,42734,37048,27079,7529,78.24,184300,974,30.3
2023,26113,Missaukee County,26,Michigan,15156,42.7,61868,30435,8676,4811,939,83.67,163700,838,30.0
2023,26115,Monroe County,26,Michigan,155001,42.6,75272,39303,66300,50732,11777,81.16,215700,1017,31.6
2023,26117,Montcalm County,26,Michigan,67174,40.1,64892,29442,28046,19849,4304,82.18,172100,867,27.6
2023,26119,Montmorency County,26,Michigan,9372,56.7,47803,30306,8926,4177,592,87.59,142000,811,39.1
2023,26121,Muskegon County,26,Michigan,175378,39.9,63495,32307,74969,52525,14587,78.26,180900,960,29.8
2023,26123,Newaygo County,26,Michigan,50414,42.8,61931,30694,24781,16787,2641,86.41,178300,882,28.1
2023,26125,Oakland County,26,Michigan,1272294,41.2,95296,55114,557978,382057,146624,72.27,320400,1319,27.4
2023,26127,Oceana County,26,Michigan,26788,43.9,63624,31577,15645,8723,1524,85.13,167600,768,26.7
2023,26129,Ogemaw County,26,Michigan,20853,50.8,51983,30529,15326,7528,1594,82.53,138600,828,37.6
2023,26131,Ontonagon County,26,Michigan,5870,59.4,51844,32741,5256,2599,379,87.27,101000,571,27.5
2023,26133,Osceola County,26,Michigan,23122,43.8,57050,29129,12634,7594,1478,83.71,139600,764,26.7
2023,26135,Oscoda County,26,Michigan,8338,52.1,50581,27858,7705,3162,486,86.68,126000,675,24.8
2023,26137,Otsego County,26,Michigan,25352,44.5,67285,36269,14893,8577,2419,78.00,196500,880,31.4
2023,26139,Ottawa County,26,Michigan,298614,36.3,87144,40682,116173,86362,23657,78.50,291200,1148,28.5
2023,26141,Presque Isle County,26,Michigan,13142,56.2,56713,36235,9856,5665,651,89.69,135200,625,28.5
2023,26143,Roscommon County,26,Michigan,23639,57.4,54106,37099,23170,9679,1796,84.35,148000,789,31.1
2023,26145,Saginaw County,26,Michigan,189210,41.1,58347,33992,86134,57042,20544,73.52,139400,921,32.1
2023,26147,St. Clair County,26,Michigan,160089,44.3,69349,37100,72467,53655,12963,80.54,213900,999,32.3
2023,26149,St. Joseph County,26,Michigan,60870,39.8,64707,31170,27248,17743,5867,75.15,167600,825,24.5
2023,26151,Sanilac County,26,Michigan,40574,45.3,59074,32523,21751,14249,3202,81.65,162200,814,28.0
2023,26153,Schoolcraft County,26,Michigan,8093,52.1,57708,35744,5947,3262,559,85.37,123500,654,32.9
2023,26155,Shiawassee County,26,Michigan,68061,43.1,64464,34107,30272,21905,5713,79.31,164600,876,29.0
2023,26157,Tuscola County,26,Michigan,53071,44.6,62847,31511,24005,18296,3176,85.21,136900,796,26.9
2023,26159,Van Buren County,26,Michigan,75681,41.2,66902,33243,37243,24218,5883,80.46,189900,845,29.6
2023,26161,Washtenaw County,26,Michigan,368394,34.8,87156,51746,158115,91988,57268,61.63,353000,1400,32.5
2023,26163,Wayne County,26,Michigan,1773767,37.8,59521,33956,796119,447120,246326,64.48,170200,1087,32.0
2023,26165,Wexford County,26,Michigan,33868,42.2,63123,32302,16532,10927,2501,81.37,160300,877,29.0
2023,27001,Aitkin County,27,Minnesota,15930,56.5,59498,35185,14203,5916,1019,85.31,235100,912,29.1
2023,27003,Anoka County,27,Minnesota,367095,38.8,98764,44418,140246,108888,27283,79.96,325800,1396,30.5
2023,27005,Becker County,27,Minnesota,35260,43.2,71117,40834,19869,11207,3197,77.80,266900,899,28.4
2023,27007,Beltrami County,27,Minnesota,46421,35.1,67257,34429,21583,12441,5467,69.47,222300,991,26.2
2023,27009,Benton County,27,Minnesota,41458,36.7,71480,36935,17484,11192,5302,67.85,247100,917,24.4
2023,27011,Big Stone County,27,Minnesota,5152,47.4,65475,36923,2984,1730,449,79.39,135700,718,27.1
2023,27013,Blue Earth County,27,Minnesota,69386,31.5,72623,36299,29544,16787,10396,61.76,252800,1076,28.8
2023,27015,Brown County,27,Minnesota,25826,42.4,68690,36580,11802,8695,2251,79.44,181700,931,28.0
2023,27017,Carlton County,27,Minnesota,36457,41.7,80042,37608,15830,11087,2885,79.35,232000,967,26.8
2023,27019,Carver County,27,Minnesota,108622,38.9,123144,58254,41395,32874,7357,81.71,426900,1444,26.3
2023,27021,Cass County,27,Minnesota,30688,49.7,64937,36470,24294,10840,1928,84.90,262300,889,26.8
2023,27023,Chippewa County,27,Minnesota,12388,41.8,69192,35205,5649,3712,1484,71.44,149000,846,27.4
2023,27025,Chisago County,27,Minnesota,57434,40.8,98260,43265,22711,18200,3052,85.64,326600,1112,30.9
2023,27027,Clay County,27,Minnesota,65628,33.5,77664,38791,27241,17285,8654,66.64,256000,1000,31.9
2023,27029,Clearwater County,27,Minnesota,8579,41.8,64934,32682,4449,2633,612,81.14,177100,740,26.9
2023,27031,Cook County,27,Minnesota,5633,52.3,71643,45390,6024,2150,550,79.63,294000,886,23.3
2023,27033,Cottonwood County,27,Minnesota,11458,41.3,68239,34105,5163,3544,1115,76.07,154000,765,22.5
2023,27035,Crow Wing County,27,Minnesota,67113,45.4,71343,40308,42191,22266,6512,77.37,274400,962,27.8
2023,27037,Dakota County,27,Minnesota,442204,38.4,105212,50901,176447,129327,42303,75.35,362100,1497,29.7
2023,27039,Dodge County,27,Minnesota,20962,38.5,92943,43903,8399,7029,989,87.67,267500,1007,25.7
2023,27041,Douglas County,27,Minnesota,39354,44.3,77264,43543,22087,13312,4104,76.44,291700,896,24.6
2023,27043,Faribault County,27,Minnesota,13909,44.6,64391,36782,6921,4814,1356,78.02,120200,837,25.8
2023,27045,Fillmore County,27,Minnesota,21346,42.3,75225,37134,9669,7105,1521,82.37,204000,763,25.9
2023,27047,Freeborn County,27,Minnesota,30752,43.9,69012,38696,14116,10221,2664,79.32,164900,837,26.9
2023,27049,Goodhue County,27,Minnesota,47844,42.3,82749,42254,21071,15312,4319,78.00,269400,939,29.3
2023,27051,Grant County,27,Minnesota,6108,43.7,72957,38893,3146,1991,530,78.98,178600,779,26.3
2023,27053,Hennepin County,27,Minnesota,1268903,37.4,96339,57633,564441,336521,198052,62.95,376500,1439,28.6
2023,27055,Houston County,27,Minnesota,18768,45.0,77087,41820,8755,6792,1282,84.12,226300,881,27.2
2023,27057,Hubbard County,27,Minnesota,21700,48.3,70622,38262,14760,7340,1545,82.61,255900,923,29.8
2023,27059,Isanti County,27,Minnesota,41934,40.1,86573,40123,16976,13300,2575,83.78,283200,1241,29.7
2023,27061,Itasca County,27,Minnesota,45141,46.9,66380,36315,25589,15168,3342,81.94,212000,944,33.5
2023,27063,Jackson County,27,Minnesota,9964,44.5,69955,39494,4914,3595,826,81.32,145400,736,22.2
2023,27065,Kanabec County,27,Minnesota,16261,44.5,71915,35290,7793,5426,1049,83.80,221100,1003,25.8
2023,27067,Kandiyohi County,27,Minnesota,43757,39.8,75097,37618,20212,12590,4860,72.15,230500,843,24.9
2023,27069,Kittson County,27,Minnesota,4163,48.4,69615,37697,2279,1449,309,82.42,134400,728,22.9
2023,27071,Koochiching County,27,Minnesota,11950,50.5,69115,40221,7418,4683,1027,82.01,143700,774,23.9
2023,27073,Lac qui Parle County,27,Minnesota,6694,47.7,71639,40282,3474,2390,491,82.96,143400,809,22.9
2023,27075,Lake County,27,Minnesota,10911,49.6,75621,40666,7405,4225,805,84.00,222900,1026,23.5
2023,27077,Lake of the Woods County,27,Minnesota,3800,50.8,70091,39814,3457,1403,262,84.26,215000,867,31.8
2023,27079,Le Sueur County,27,Minnesota,28936,41.4,90218,43236,12978,9309,2190,80.95,287700,885,29.5
2023,27081,Lincoln County,27,Minnesota,5594,45.0,67715,38390,3061,1998,437,82.05,152200,688,24.8
2023,27083,Lyon County,27,Minnesota,25498,37.3,72761,37201,11252,7057,2946,70.55,193100,742,26.8
2023,27085,McLeod County,27,Minnesota,36771,41.5,78468,41336,15936,11645,3326,77.78,233400,906,24.6
2023,27087,Mahnomen County,27,Minnesota,5371,35.2,53925,25533,2552,1356,515,72.47,146500,685,24.0
2023,27089,Marshall County,27,Minnesota,8961,43.2,71701,36889,4416,3188,552,85.24,153300,737,24.5
2023,27091,Martin County,27,Minnesota,19864,44.5,62969,37466,9715,6399,2441,72.39,158800,735,29.4
2023,27093,Meeker County,27,Minnesota,23422,42.3,75037,37014,10671,7404,1737,81.00,228900,894,25.9
2023,27095,Mille Lacs County,27,Minnesota,26912,41.2,71455,35500,12958,8346,2393,77.72,237500,909,28.0
2023,27097,Morrison County,27,Minnesota,34131,42.2,68640,36378,16204,11216,2644,80.92,237000,782,23.2
2023,27099,Mower County,27,Minnesota,40069,38.9,71495,35609,16963,11840,3730,76.04,172000,848,27.2
2023,27101,Murray County,27,Minnesota,8119,46.6,74475,40277,4401,2947,654,81.84,179400,768,20.4
2023,27103,Nicollet County,27,Minnesota,34350,37.8,80362,43268,13530,9381,3603,72.25,258500,931,26.6
2023,27105,Nobles County,27,Minnesota,22067,36.3,65509,30310,8398,5530,2159,71.92,179200,863,22.3
2023,27107,Norman County,27,Minnesota,6411,43.9,69833,37681,3228,2183,493,81.58,135700,752,23.5
2023,27109,Olmsted County,27,Minnesota,163425,37.8,93494,52059,70255,47115,19514,70.71,304500,1283,29.4
2023,27111,Otter Tail County,27,Minnesota,60281,46.3,70912,38723,36669,19934,5247,79.16,252500,805,28.0
2023,27113,Pennington County,27,Minnesota,13877,40.2,72561,39863,6755,4402,1768,71.35,188900,900,23.4
2023,27115,Pine County,27,Minnesota,29411,45.8,69666,34104,17148,9848,2065,82.67,225600,873,29.4
2023,27117,Pipestone County,27,Minnesota,9352,39.8,66073,36551,4316,3235,736,81.47,126700,731,29.0
2023,27119,Polk County,27,Minnesota,30905,39.5,69136,36332,14670,8977,3471,72.12,211100,843,34.0
2023,27121,Pope County,27,Minnesota,11363,45.6,72205,40027,6411,4122,865,82.65,242800,851,32.4
2023,27123,Ramsey County,27,Minnesota,544438,35.9,81004,45193,231606,133704,85371,61.03,304900,1298,30.2
2023,27125,Red Lake County,27,Minnesota,3922,42.8,77500,36616,1884,1382,268,83.76,157200,628,20.6
2023,27127,Redwood County,27,Minnesota,15383,41.1,67024,33771,7103,4905,1251,79.68,150400,767,25.9
2023,27129,Renville County,27,Minnesota,14587,42.1,69086,36131,6911,4738,1227,79.43,151900,760,29.0
2023,27131,Rice County,27,Minnesota,67389,37.1,82792,38276,25173,17714,5631,75.88,298500,1046,28.9
2023,27133,Rock County,27,Minnesota,9628,41.1,70698,38201,4236,3005,951,75.96,201600,745,26.1
2023,27135,Roseau County,27,Minnesota,15301,42.3,73611,36987,7188,4897,1161,80.84,177100,886,25.1
2023,27137,St. Louis County,27,Minnesota,200056,41.3,69455,39778,103924,62085,24179,71.97,208500,970,31.8
2023,27139,Scott County,27,Minnesota,152957,37.3,120247,53499,55687,45724,8514,84.30,393500,1485,29.1
2023,27141,Sherburne County,27,Minnesota,99178,36.9,102965,44241,36581,29445,5506,84.25,332700,1151,27.8
2023,27143,Sibley County,27,Minnesota,14933,42.2,76082,38862,6482,4782,1102,81.27,215000,858,24.8
2023,27145,Stearns County,27,Minnesota,159358,35.0,76447,37806,66211,41324,19613,67.81,256500,1057,28.5
2023,27147,Steele County,27,Minnesota,37413,40.2,83448,41392,15878,11986,3015,79.90,234200,1006,33.4
2023,27149,Stevens County,27,Minnesota,9686,33.6,71060,40441,4201,2558,1277,66.70,180800,833,25.2
2023,27151,Swift County,27,Minnesota,9787,43.4,62601,36519,4697,3072,1062,74.31,147100,900,32.1
2023,27153,Todd County,27,Minnesota,25402,42.8,63039,32283,12929,8347,1702,83.06,188400,850,27.6
2023,27155,Traverse County,27,Minnesota,3279,45.5,65931,38451,1896,1125,285,79.79,110100,617,27.0
2023,27157,Wabasha County,27,Minnesota,21519,44.8,80133,42262,10229,7450,1679,81.61,245800,798,27.9
2023,27159,Wadena County,27,Minnesota,14135,40.1,56882,30037,6990,4270,1619,72.51,170500,706,25.3
2023,27161,Waseca County,27,Minnesota,18958,40.4,75052,37199,7910,5950,1555,79.28,213200,819,26.2
2023,27163,Washington County,27,Minnesota,272298,39.9,114457,56650,107035,83919,19492,81.15,400900,1637,29.9
2023,27165,Watonwan County,27,Minnesota,11169,40.6,70593,35659,4904,3373,941,78.19,151600,807,25.0
2023,27167,Wilkin County,27,Minnesota,6413,42.0,69635,36057,2977,2144,547,79.67,172300,561,25.5
2023,27169,Winona County,27,Minnesota,49705,36.1,70198,37447,21763,13948,6340,68.75,222900,866,28.1
2023,27171,Wright County,27,Minnesota,145270,37.4,106666,44946,56153,44451,8306,84.26,332800,1246,27.4
2023,27173,Yellow Medicine County,27,Minnesota,9509,42.0,71573,38668,4512,3364,629,84.25,148200,688,22.0
2023,28001,Adams County,28,Mississippi,29098,42.1,40250,24717,14920,7691,3882,66.46,106300,720,28.7
2023,28003,Alcorn County,28,Mississippi,34500,40.6,49404,29456,16242,9340,4941,65.40,132300,728,26.5
2023,28005,Amite County,28,Mississippi,12611,48.8,35385,24941,7289,4880,982,83.25,89800,689,30.8
2023,28007,Attala County,28,Mississippi,17685,39.6,48098,28061,8341,4953,1514,76.59,107600,774,36.5
2023,28009,Benton County,28,Mississippi,7592,43.9,42139,23870,4100,2521,506,83.28,109300,729,22.6
2023,28011,Bolivar County,28,Mississippi,30163,36.6,37315,25359,13679,7258,4649,60.96,123600,671,33.9
2023,28013,Calhoun County,28,Mississippi,13029,43.1,43942,25398,6744,4161,1535,73.05,82900,674,26.3
2023,28015,Carroll County,28,Mississippi,9828,47.7,55275,32822,4950,3357,848,79.83,105500,621,23.4
2023,28017,Chickasaw County,28,Mississippi,16994,39.0,43041,22365,7817,4492,2189,67.24,100400,702,24.9
2023,28019,Choctaw County,28,Mississippi,8172,43.0,48321,28282,4363,2770,680,80.29,104500,661,20.0
2023,28021,Claiborne County,28,Mississippi,8908,33.8,34371,18619,3949,2132,704,75.18,80800,651,29.5
2023,28023,Clarke County,28,Mississippi,15424,42.6,46054,26974,7635,5250,996,84.05,114300,803,32.3
2023,28025,Clay County,28,Mississippi,18462,40.1,39904,24734,9035,5465,2263,70.72,115600,718,28.7
2023,28027,Coahoma County,28,Mississippi,20808,35.7,36259,23098,10188,4399,4064,51.98,86400,719,32.0
2023,28029,Copiah County,28,Mississippi,27994,39.8,47994,28574,12457,7337,2569,74.07,105600,682,27.2
2023,28031,Covington County,28,Mississippi,18226,37.7,47001,26323,8360,5379,1700,75.99,98500,639,24.7
2023,28033,DeSoto County,28,Mississippi,188598,37.0,82980,36569,74066,53934,15393,77.80,248700,1341,28.4
2023,28035,Forrest County,28,Mississippi,78027,31.8,52821,29525,33672,16964,12758,57.08,152900,960,32.1
2023,28037,Franklin County,28,Mississippi,7655,42.7,45618,27379,4303,2360,589,80.03,95100,706,24.1
2023,28039,George County,28,Mississippi,24870,36.2,54822,26798,10316,7688,1507,83.61,168100,868,23.2
2023,28041,Greene County,28,Mississippi,13595,40.5,55838,19275,5137,2979,839,78.03,94200,811,32.3
2023,28043,Grenada County,28,Mississippi,21342,38.9,47998,27886,10418,5370,3165,62.92,123400,823,25.4
2023,28045,Hancock County,28,Mississippi,46057,45.7,67728,38730,23277,15678,4233,78.74,206600,999,27.6
2023,28047,Harrison County,28,Mississippi,209443,38.1,57233,31586,93505,49207,32007,60.59,199300,1074,30.1
2023,28049,Hinds County,28,Mississippi,222494,36.6,49966,29336,106225,51934,37786,57.88,151200,1032,33.2
2023,28051,Holmes County,28,Mississippi,16491,35.8,29434,22044,7573,3635,2368,60.55,76500,589,32.3
2023,28053,Humphreys County,28,Mississippi,7570,38.4,32976,24442,3529,1792,1211,59.67,88800,643,29.3
2023,28055,Issaquena County,28,Mississippi,1095,49.5,29271,13843,438,238,138,63.30,90700,253,22.3
2023,28057,Itawamba County,28,Mississippi,23942,39.4,59508,39701,10515,7318,1906,79.34,122400,832,20.4
2023,28059,Jackson County,28,Mississippi,144437,39.7,64756,34116,62994,41043,15984,71.97,181700,1087,29.7
2023,28061,Jasper County,28,Mississippi,16211,42.4,47157,24538,8097,5316,1074,83.19,118600,809,25.6
2023,28063,Jefferson County,28,Mississippi,7127,43.0,36207,20430,3383,1870,502,78.84,81400,444,33.8
2023,28065,Jefferson Davis County,28,Mississippi,11183,45.7,37183,24065,5665,3582,801,81.72,87100,695,40.8
2023,28067,Jones County,28,Mississippi,66839,37.6,51143,27896,28710,18150,6450,73.78,126800,810,32.1
2023,28069,Kemper County,28,Mississippi,8855,40.7,43595,22637,3937,2489,720,77.56,90200,470,17.9
2023,28071,Lafayette County,28,Mississippi,56920,30.9,64334,34960,28418,11704,6806,63.23,260500,1091,32.8
2023,28073,Lamar County,28,Mississippi,65081,37.5,69106,38615,27523,17068,7985,68.13,218700,1061,28.1
2023,28075,Lauderdale County,28,Mississippi,71984,39.5,50033,28464,33558,18053,10500,63.23,124500,897,31.1
2023,28077,Lawrence County,28,Mississippi,11883,40.7,43368,26276,5766,3530,793,81.66,104600,835,35.2
2023,28079,Leake County,28,Mississippi,21288,40.0,48418,26895,9054,5601,1783,75.85,114600,757,27.4
2023,28081,Lee County,28,Mississippi,83138,37.7,67144,33713,37507,22347,9476,70.22,187800,929,29.3
2023,28083,Leflore County,28,Mississippi,27432,34.5,33188,22303,12643,5391,4582,54.06,98200,701,31.0
2023,28085,Lincoln County,28,Mississippi,34830,41.2,48316,26925,15885,9614,3412,73.81,131800,754,27.6
2023,28087,Lowndes County,28,Mississippi,58187,37.0,54460,30771,27044,14224,8605,62.31,157400,909,29.5
2023,28089,Madison County,28,Mississippi,110303,38.5,78794,47771,46798,30774,12323,71.41,286300,1097,31.0
2023,28091,Marion County,28,Mississippi,24303,40.7,42320,26281,11165,7192,2007,78.18,117000,700,28.0
2023,28093,Marshall County,28,Mississippi,33899,41.8,51875,27639,15308,9817,2981,76.71,172200,926,31.9
2023,28095,Monroe County,28,Mississippi,33928,41.6,51231,28411,16790,10482,3191,76.66,115200,721,26.7
2023,28097,Montgomery County,28,Mississippi,9708,42.4,45057,26387,5349,2732,1055,72.14,110700,682,41.8
2023,28099,Neshoba County,28,Mississippi,28927,37.7,53087,24950,12086,7745,2540,75.30,96600,759,29.8
2023,28101,Newton County,28,Mississippi,21151,37.8,50426,29039,9145,6073,1624,78.90,102700,722,23.6
2023,28103,Noxubee County,28,Mississippi,10136,39.9,38814,19838,4728,2869,917,75.78,85200,590,45.6
2023,28105,Oktibbeha County,28,Mississippi,51473,25.5,43482,28906,25426,10125,11175,47.54,219500,873,38.8
2023,28107,Panola County,28,Mississippi,32965,39.7,43990,24616,14691,8525,3857,68.85,121500,859,32.2
2023,28109,Pearl River County,28,Mississippi,56781,41.1,56535,28399,25137,17804,3685,82.85,174500,887,28.9
2023,28111,Perry County,28,Mississippi,11459,42.9,50435,25950,5463,3644,908,80.05,126000,650,31.7
2023,28113,Pike County,28,Mississippi,39930,37.1,41578,23094,19109,10187,5039,66.91,110500,879,29.0
2023,28115,Pontotoc County,28,Mississippi,31312,35.7,52741,27217,14076,8242,3440,70.55,141700,848,26.0
2023,28117,Prentiss County,28,Mississippi,24999,37.9,51466,28978,11029,7388,1975,78.91,116500,620,24.2
2023,28119,Quitman County,28,Mississippi,5908,41.0,32131,20438,3045,1641,1012,61.85,68600,650,26.0
2023,28121,Rankin County,28,Mississippi,158218,39.4,77454,37662,64076,46278,13346,77.62,223400,1210,31.7
2023,28123,Scott County,28,Mississippi,27754,37.2,48492,23915,11423,6953,2715,71.92,89900,888,26.5
2023,28125,Sharkey County,28,Mississippi,3848,36.6,35741,23081,1673,881,519,62.93,108000,622,30.2
2023,28127,Simpson County,28,Mississippi,25817,41.0,54111,29599,11661,7704,1869,80.48,111600,819,29.2
2023,28129,Smith County,28,Mississippi,14193,42.9,51396,25965,6684,4660,737,86.34,114000,664,24.9
2023,28131,Stone County,28,Mississippi,18515,39.3,59307,27173,7595,5295,1321,80.03,163300,839,26.3
2023,28133,Sunflower County,28,Mississippi,25328,37.6,40265,19429,9415,4536,3522,56.29,103400,670,31.7
2023,28135,Tallahatchie County,28,Mississippi,12363,38.4,37383,22998,5488,2892,1430,66.91,82200,695,25.9
2023,28137,Tate County,28,Mississippi,28135,38.5,63995,29748,11532,7819,2901,72.94,173000,897,33.1
2023,28139,Tippah County,28,Mississippi,21621,39.7,51141,29459,9942,6013,1883,76.15,128400,720,24.7
2023,28141,Tishomingo County,28,Mississippi,18738,43.5,46257,28582,10549,6702,1931,77.63,132500,703,29.3
2023,28143,Tunica County,28,Mississippi,9586,34.7,38402,22574,4712,1468,2132,40.78,154500,938,37.6
2023,28145,Union County,28,Mississippi,28009,38.4,56807,28173,12195,7477,2523,74.77,159100,910,25.9
2023,28147,Walthall County,28,Mississippi,13864,41.4,45444,28082,6883,4278,1122,79.22,120600,718,22.3
2023,28149,Warren County,28,Mississippi,43623,40.3,56648,33217,21542,11974,4842,71.21,144400,889,28.6
2023,28151,Washington County,28,Mississippi,43674,38.3,40117,24162,20894,9777,7450,56.75,99300,786,31.9
2023,28153,Wayne County,28,Mississippi,19699,39.1,36791,26336,9101,6576,870,88.32,88000,786,43.2
2023,28155,Webster County,28,Mississippi,9942,40.3,59964,28447,5094,3199,902,78.01,109500,618,28.2
2023,28157,Wilkinson County,28,Mississippi,8376,39.1,35930,22017,4600,2713,723,78.96,80200,674,35.9
2023,28159,Winston County,28,Mississippi,17609,42.3,49071,28856,8231,4929,2141,69.72,121200,654,29.2
2023,28161,Yalobusha County,28,Mississippi,12439,42.4,49171,24974,6476,3541,1496,70.30,97200,810,22.8
2023,28163,Yazoo County,28,Mississippi,26837,38.4,40974,19469,10473,4920,3972,55.33,129200,804,37.0
2023,29001,Adair County,29,Missouri,25224,29.8,56583,33713,11380,5399,3512,60.59,159500,782,26.4
2023,29003,Andrew County,29,Missouri,18086,42.1,74007,36351,7551,5368,1607,76.96,196200,944,24.9
2023,29005,Atchison County,29,Missouri,5216,47.7,59260,33891,2726,1690,605,73.64,100600,595,18.2
2023,29007,Audrain County,29,Missouri,24688,40.3,56232,28068,10566,6540,2451,72.74,121600,698,27.8
2023,29009,Barry County,29,Missouri,34831,43.0,56611,31473,17028,10007,3353,74.90,172900,750,26.4
2023,29011,Barton County,29,Missouri,11685,40.6,49503,25518,5295,3081,1344,69.63,136000,777,28.5
2023,29013,Bates County,29,Missouri,16121,40.8,57914,28444,7192,4322,1653,72.33,154800,760,29.4
2023,29015,Benton County,29,Missouri,19887,54.4,52200,30994,13579,6837,1329,83.73,164700,823,29.6
2023,29017,Bollinger County,29,Missouri,10591,44.3,57286,26681,5047,3113,774,80.09,142400,677,24.6
2023,29019,Boone County,29,Missouri,185874,32.2,69913,38945,80912,43636,31448,58.12,254100,1060,30.0
2023,29021,Buchanan County,29,Missouri,83855,38.9,59423,32930,38415,21674,11724,64.90,156600,889,30.0
2023,29023,Butler County,29,Missouri,42166,40.5,49213,27108,19296,10717,5773,64.99,138800,768,28.4
2023,29025,Caldwell County,29,Missouri,8890,42.7,62520,31963,4269,2907,684,80.95,156700,628,22.7
2023,29027,Callaway County,29,Missouri,44541,39.3,72645,32920,18596,12370,3833,76.34,196200,850,23.9
2023,29029,Camden County,29,Missouri,43416,53.0,62927,37111,39839,14271,2899,83.12,270700,838,26.4
2023,29031,Cape Girardeau County,29,Missouri,82180,37.0,68912,35924,35892,21463,11081,65.95,208300,881,28.3
2023,29033,Carroll County,29,Missouri,8459,43.7,61712,33666,4380,2499,944,72.58,110500,785,25.3
2023,29035,Carter County,29,Missouri,5269,39.6,45083,27115,2692,1259,706,64.07,147600,661,32.0
2023,29037,Cass County,29,Missouri,109393,40.1,87413,41075,44928,32111,10200,75.89,269000,1147,27.9
2023,29039,Cedar County,29,Missouri,14440,44.5,45577,30047,6964,4167,1469,73.94,162500,783,27.1
2023,29041,Chariton County,29,Missouri,7406,45.2,63307,29562,3797,2148,507,80.90,118900,540,21.8
2023,29043,Christian County,29,Missouri,91229,39.3,81245,38535,35972,26030,8226,75.99,249700,979,26.6
2023,29045,Clark County,29,Missouri,6680,43.5,51458,26904,3233,1778,487,78.50,117600,589,25.5
2023,29047,Clay County,29,Missouri,255566,37.6,86150,42336,106689,69570,31438,68.88,256400,1220,27.4
2023,29049,Clinton County,29,Missouri,21259,42.1,70625,36216,9019,6273,1965,76.15,204300,985,22.5
2023,29051,Cole County,29,Missouri,76924,39.7,73273,37325,33385,20710,10036,67.36,214400,804,22.3
2023,29053,Cooper County,29,Missouri,16835,39.9,67548,29695,7276,4824,1345,78.20,197100,763,25.2
2023,29055,Crawford County,29,Missouri,22890,42.3,56345,31502,11423,6856,2612,72.41,166000,807,26.0
2023,29057,Dade County,29,Missouri,7627,46.7,49899,29523,3790,2321,717,76.40,157200,650,24.2
2023,29059,Dallas County,29,Missouri,17344,42.5,53177,27078,7610,5041,1580,76.14,151200,685,28.3
2023,29061,Daviess County,29,Missouri,8449,40.6,60665,30925,4140,2385,686,77.66,149200,731,24.2
2023,29063,DeKalb County,29,Missouri,11176,42.3,69093,27229,4277,2717,1058,71.97,167500,796,20.1
2023,29065,Dent County,29,Missouri,14506,43.8,54306,27470,6834,4360,1315,76.83,149700,615,26.6
2023,29067,Douglas County,29,Missouri,11850,46.6,49828,29926,5397,3718,970,79.31,164400,687,24.8
2023,29069,Dunklin County,29,Missouri,27795,39.5,47368,26121,13451,6899,4266,61.79,93800,632,27.7
2023,29071,Franklin County,29,Missouri,105316,41.4,71973,36524,45843,32290,9977,76.40,214900,874,25.1
2023,29073,Gasconade County,29,Missouri,14774,46.3,65096,35247,7597,4893,1144,81.05,168900,671,21.2
2023,29075,Gentry County,29,Missouri,6224,40.5,57458,29984,2928,1797,605,74.81,123000,620,19.7
2023,29077,Greene County,29,Missouri,301121,36.4,57488,35189,137930,74888,56820,56.86,203500,940,29.5
2023,29079,Grundy County,29,Missouri,9822,39.7,53839,30705,4851,2652,1176,69.28,107000,679,25.1
2023,29081,Harrison County,29,Missouri,8198,40.9,53364,25701,4023,2241,823,73.14,107400,666,30.0
2023,29083,Henry County,29,Missouri,22194,44.1,56621,32566,10708,6830,2418,73.85,153500,740,30.8
2023,29085,Hickory County,29,Missouri,8501,55.2,35084,21208,5502,2932,525,84.81,123200,699,34.6
2023,29087,Holt County,29,Missouri,4254,47.8,58516,34933,2420,1350,372,78.40,122300,702,18.6
2023,29089,Howard County,29,Missouri,10141,38.3,62628,30241,4381,2785,684,80.28,145300,807,28.1
2023,29091,Howell County,29,Missouri,40168,40.1,49814,26493,18104,10982,5015,68.65,161000,722,26.7
2023,29093,Iron County,29,Missouri,9482,45.3,51161,26755,4704,2903,900,76.33,113000,671,31.3
2023,29095,Jackson County,29,Missouri,717021,36.9,67178,38344,333385,178151,124575,58.85,213300,1151,29.6
2023,29097,Jasper County,29,Missouri,123532,36.6,57525,29914,53749,30577,17790,63.22,158500,904,30.3
2023,29099,Jefferson County,29,Missouri,228227,40.2,80522,37869,93276,70872,16153,81.44,218800,972,25.1
2023,29101,Johnson County,29,Missouri,54331,31.3,67123,32093,22663,13207,7473,63.86,221400,905,27.8
2023,29103,Knox County,29,Missouri,3760,39.8,53333,26225,1940,1043,171,85.91,97200,661,20.2
2023,29105,Laclede County,29,Missouri,36245,39.6,50825,28202,15951,10132,4321,70.10,158000,796,27.2
2023,29107,Lafayette County,29,Missouri,32974,40.9,79091,35510,14183,9510,2928,76.46,200300,848,25.1
2023,29109,Lawrence County,29,Missouri,38392,39.0,55849,27516,16280,10697,3997,72.80,159800,785,26.0
2023,29111,Lewis County,29,Missouri,9945,38.2,52340,26018,4315,2476,740,76.99,118900,627,24.6
2023,29113,Lincoln County,29,Missouri,61636,37.5,85276,35401,23600,17563,4857,78.34,224800,972,24.1
2023,29115,Linn County,29,Missouri,11850,42.4,61975,33769,6007,3779,1025,78.66,117300,612,24.7
2023,29117,Livingston County,29,Missouri,14330,39.9,60148,31414,6376,3783,1740,68.50,138300,747,22.6
2023,29119,McDonald County,29,Missouri,23492,38.1,48145,24491,9807,5774,2738,67.83,134100,764,25.4
2023,29121,Macon County,29,Missouri,15163,42.9,58318,29099,7425,4523,1424,76.06,127000,719,27.7
2023,29123,Madison County,29,Missouri,12665,41.4,58435,30380,5853,3470,1134,75.37,155900,817,24.9
2023,29125,Maries County,29,Missouri,8435,45.4,61359,31622,4269,2753,783,77.86,193100,594,17.7
2023,29127,Marion County,29,Missouri,28493,39.4,63908,30958,12886,7856,3397,69.81,158100,813,24.5
2023,29129,Mercer County,29,Missouri,3501,40.8,60357,26940,1908,1019,269,79.11,95300,548,20.1
2023,29131,Miller County,29,Missouri,25081,40.8,55172,30290,12508,7632,2402,76.06,169800,724,24.5
2023,29133,Mississippi County,29,Missouri,12079,42.2,46258,22547,5282,2775,1784,60.87,100300,782,30.4
2023,29135,Moniteau County,29,Missouri,15303,38.0,65161,29379,6177,4491,1283,77.78,168300,766,21.6
2023,29137,Monroe County,29,Missouri,8672,45.8,48299,27776,4476,2596,865,75.01,147400,667,22.6
2023,29139,Montgomery County,29,Missouri,11422,43.8,61042,29876,5797,3363,1226,73.28,171300,767,22.0
2023,29141,Morgan County,29,Missouri,21430,45.4,49663,30589,15161,6536,1662,79.73,180400,692,26.6
2023,29143,New Madrid County,29,Missouri,16041,41.8,49237,28435,7886,4324,2472,63.63,105500,734,27.5
2023,29145,Newton County,29,Missouri,59490,40.2,64583,32855,24762,16971,5113,76.85,175300,777,23.5
2023,29147,Nodaway County,29,Missouri,20959,33.9,55970,28894,9478,5224,3165,62.27,165100,754,27.6
2023,29149,Oregon County,29,Missouri,8704,44.6,44259,23220,4332,2578,782,76.73,117700,735,32.6
2023,29151,Osage County,29,Missouri,13379,40.8,75355,41107,6490,4203,970,81.25,205700,644,24.3
2023,29153,Ozark County,29,Missouri,8773,51.9,42329,29824,5046,2879,704,80.35,156400,626,23.3
2023,29155,Pemiscot County,29,Missouri,15232,38.9,40748,26073,7509,3595,2636,57.70,95900,708,33.4
2023,29157,Perry County,29,Missouri,18947,41.6,63356,32616,8507,5684,1639,77.62,189400,923,32.5
2023,29159,Pettis County,29,Missouri,43205,37.9,60232,30954,18608,11876,5061,70.12,161500,863,26.7
2023,29161,Phelps County,29,Missouri,44948,36.2,55427,29191,20246,10923,6721,61.91,194900,801,32.0
2023,29163,Pike County,29,Missouri,17623,39.7,57572,27443,7629,4728,1723,73.29,129400,742,24.2
2023,29165,Platte County,29,Missouri,108751,38.7,95748,49273,46045,29031,14285,67.02,317600,1247,24.5
2023,29167,Polk County,29,Missouri,32109,38.9,56686,28199,13434,8523,3434,71.28,189600,792,29.9
2023,29169,Pulaski County,29,Missouri,53850,27.5,66435,29250,19374,9763,6671,59.41,189700,1072,23.3
2023,29171,Putnam County,29,Missouri,4675,45.6,56875,33208,2845,1521,353,81.16,111600,575,36.8
2023,29173,Ralls County,29,Missouri,10394,45.8,62054,31075,5036,3408,551,86.08,153400,765,21.5
2023,29175,Randolph County,29,Missouri,24524,40.1,55310,27268,10811,6510,2742,70.36,141900,742,29.7
2023,29177,Ray County,29,Missouri,23149,42.2,72152,38179,9901,7007,2039,77.46,187400,808,24.1
2023,29179,Reynolds County,29,Missouri,6058,46.1,44357,26576,3468,1865,447,80.67,119900,627,21.7
2023,29181,Ripley County,29,Missouri,10755,41.4,43898,23691,5191,3179,851,78.88,110800,666,32.3
2023,29183,St. Charles County,29,Missouri,409830,39.6,102912,49859,164594,128045,30637,80.69,296800,1312,25.8
2023,29185,St. Clair County,29,Missouri,9451,47.2,46731,26548,5295,3096,994,75.70,142500,607,27.5
2023,29186,Ste. Genevieve County,29,Missouri,18551,43.2,61310,34056,8323,5801,1312,81.55,215600,774,22.5
2023,29187,St. Francois County,29,Missouri,66864,39.2,54813,27266,28815,16670,7443,69.13,155100,786,27.5
2023,29189,St. Louis County,29,Missouri,996618,40.2,81340,51085,445472,286352,128387,69.04,260700,1164,29.1
2023,29195,Saline County,29,Missouri,23177,35.4,56566,28530,9833,5670,2338,70.80,139600,733,30.8
2023,29197,Schuyler County,29,Missouri,4044,38.8,56023,23774,1906,988,263,78.98,118200,382,18.5
2023,29199,Scotland County,29,Missouri,4698,36.3,67568,30417,2215,1281,262,83.02,141100,516,22.9
2023,29201,Scott County,29,Missouri,37967,39.4,58847,32341,16833,10426,4737,68.76,143700,809,26.9
2023,29203,Shannon County,29,Missouri,7137,45.5,59000,25451,3522,2331,471,83.19,151000,509,26.4
2023,29205,Shelby County,29,Missouri,6011,43.6,52127,28270,2952,1780,594,74.98,86200,570,22.2
2023,29207,Stoddard County,29,Missouri,28547,41.9,54067,27411,13398,8058,3335,70.73,135400,737,24.8
2023,29209,Stone County,29,Missouri,31697,54.4,61323,33582,20267,11011,2150,83.66,236500,892,26.7
2023,29211,Sullivan County,29,Missouri,5903,44.2,55500,27916,3032,1505,535,73.77,103300,692,18.3
2023,29213,Taney County,29,Missouri,56382,42.0,58258,31125,29875,14816,7329,66.90,203800,925,26.7
2023,29215,Texas County,29,Missouri,24956,42.8,48055,24570,11034,7294,2238,76.52,123300,647,27.7
2023,29217,Vernon County,29,Missouri,19713,41.7,54519,26360,8949,5674,2141,72.60,136700,722,23.5
2023,29219,Warren County,29,Missouri,36467,40.8,77989,36403,15834,11048,2366,82.36,241200,913,28.1
2023,29221,Washington County,29,Missouri,23483,40.2,51886,28855,10736,6766,2098,76.33,118400,680,30.5
2023,29223,Wayne County,29,Missouri,10942,48.2,43393,24091,6148,3422,1081,75.99,113100,632,29.0
2023,29225,Webster County,29,Missouri,39868,36.9,69731,29530,15360,10531,3220,76.58,219100,777,22.5
2023,29227,Worth County,29,Missouri,1956,49.0,46167,32793,1115,621,177,77.82,94600,353,19.6
2023,29229,Wright County,29,Missouri,18722,41.2,47304,23682,8370,5401,1563,77.56,152300,558,29.2
2023,29510,St. Louis city,29,Missouri,293109,36.6,55279,38947,173920,65511,78939,45.35,185100,978,27.9
2023,30001,Beaverhead County,30,Montana,9590,43.4,58072,34683,4973,2774,1347,67.31,282000,800,28.5
2023,30003,Big Horn County,30,Montana,12963,32.3,56680,22453,4533,2519,1172,68.25,148200,686,19.5
2023,30005,Blaine County,30,Montana,6997,33.9,65050,27817,2824,1451,846,63.17,124900,689,17.9
2023,30007,Broadwater County,30,Montana,7310,46.2,63636,38093,3164,2373,515,82.17,364800,978,36.0
2023,30009,Carbon County,30,Montana,10877,50.5,71017,42734,6431,3493,1223,74.07,379300,882,24.0
2023,30011,Carter County,30,Montana,1361,56.7,52171,29865,799,369,230,61.60,176600,731,29.4
2023,30013,Cascade County,30,Montana,84601,38.3,66203,36562,39248,24490,10419,70.15,243300,902,27.5
2023,30015,Chouteau County,30,Montana,5888,42.9,56927,31978,2868,1458,754,65.91,185100,485,16.9
2023,30017,Custer County,30,Montana,11938,42.6,63585,35864,5770,3455,1589,68.50,204200,918,25.7
2023,30019,Daniels County,30,Montana,1524,48.7,58000,35113,1130,576,140,80.45,177800,588,20.4
2023,30021,Dawson County,30,Montana,8874,43.5,70953,36998,4377,2687,1023,72.43,187400,823,19.9
2023,30023,Deer Lodge County,30,Montana,9512,49.6,49533,32758,5506,3168,1392,69.47,209700,661,27.4
2023,30025,Fallon County,30,Montana,2817,37.2,72284,42214,1451,799,346,69.78,237000,772,20.8
2023,30027,Fergus County,30,Montana,11581,45.3,59731,34970,6008,3433,1767,66.02,202700,868,23.2
2023,30029,Flathead County,30,Montana,108445,42.1,71327,39403,50948,32259,11309,74.04,467700,1094,30.7
2023,30031,Gallatin County,30,Montana,122194,33.8,87454,51148,55589,30780,19251,61.52,604900,1574,29.4
2023,30033,Garfield County,30,Montana,938,43.9,61750,35206,746,286,121,70.27,178300,802,23.8
2023,30035,Glacier County,30,Montana,13713,34.2,45129,22605,5346,2708,1466,64.88,153400,553,23.0
2023,30037,Golden Valley County,30,Montana,840,54.8,57353,33523,473,292,70,80.66,203900,769,16.3
2023,30039,Granite County,30,Montana,3419,53.9,54646,36922,2605,1051,324,76.44,339500,734,27.3
2023,30041,Hill County,30,Montana,16260,34.0,55313,29497,7232,4160,2066,66.82,187600,752,24.9
2023,30043,Jefferson County,30,Montana,12501,47.3,76576,43037,5388,4065,825,83.13,408000,886,20.0
2023,30045,Judith Basin County,30,Montana,2053,50.9,55417,38715,1233,683,224,75.30,214200,502,16.2
2023,30047,Lake County,30,Montana,32073,43.8,61965,33786,16457,8985,3190,73.80,369200,884,25.7
2023,30049,Lewis and Clark County,30,Montana,72580,41.3,74543,43263,33837,21363,9292,69.69,358200,1062,26.7
2023,30051,Liberty County,30,Montana,1968,37.5,53264,32500,832,440,245,64.23,116800,668,24.6
2023,30053,Lincoln County,30,Montana,20656,52.6,47018,29864,10991,6999,1859,79.01,258700,810,28.3
2023,30055,McCone County,30,Montana,1818,52.4,71842,38749,1082,704,114,86.06,197400,543,15.5
2023,30057,Madison County,30,Montana,8975,54.1,67420,39413,6405,2986,717,80.64,440500,1159,24.9
2023,30059,Meagher County,30,Montana,1979,59.9,56215,34766,1460,739,158,82.39,244400,871,20.7
2023,30061,Mineral County,30,Montana,4796,50.1,61117,37583,2569,1712,420,80.30,313600,746,30.4
2023,30063,Missoula County,30,Montana,119639,37.0,71246,43142,56008,30808,20834,59.66,423100,1125,29.2
2023,30065,Musselshell County,30,Montana,5068,51.3,59010,35879,2677,1759,372,82.54,221200,865,24.9
2023,30067,Park County,30,Montana,17484,46.2,66607,45894,9597,5748,2509,69.61,429700,927,29.7
2023,30069,Petroleum County,30,Montana,401,51.5,59318,39877,295,154,46,77.00,173700,769,19.2
2023,30071,Phillips County,30,Montana,4224,44.9,58156,34241,2235,1324,445,74.84,175000,623,24.0
2023,30073,Pondera County,30,Montana,6012,41.2,53500,28921,2753,1493,747,66.65,179200,806,21.0
2023,30075,Powder River County,30,Montana,1762,48.6,68009,41750,997,553,160,77.56,149400,609,16.6
2023,30077,Powell County,30,Montana,7029,43.3,63432,30316,2969,1631,717,69.46,255700,770,22.2
2023,30079,Prairie County,30,Montana,1251,49.1,45192,29068,667,397,123,76.35,167100,827,23.9
2023,30081,Ravalli County,30,Montana,45807,48.9,71323,39767,21098,14757,4022,78.58,435000,1054,28.2
2023,30083,Richland County,30,Montana,11329,38.0,69578,37672,5590,3141,1359,69.80,259000,866,22.6
2023,30085,Roosevelt County,30,Montana,10665,30.5,53125,21143,4058,2049,939,68.57,119400,707,19.7
2023,30087,Rosebud County,30,Montana,8236,36.7,56430,28291,3785,2036,1033,66.34,188900,644,19.3
2023,30089,Sanders County,30,Montana,12936,54.6,54035,31554,6789,4361,1092,79.97,323800,774,39.9
2023,30091,Sheridan County,30,Montana,3677,44.7,63654,41202,2049,1126,344,76.60,111600,749,30.5
2023,30093,Silver Bow County,30,Montana,35589,40.3,57504,34925,17396,10818,4529,70.49,223500,810,29.8
2023,30095,Stillwater County,30,Montana,9052,47.4,81503,48923,4657,3125,744,80.77,355600,968,26.4
2023,30097,Sweet Grass County,30,Montana,3713,44.0,69426,39756,1929,1140,357,76.15,295500,1073,23.9
2023,30099,Teton County,30,Montana,6291,43.0,67766,31794,2942,1837,615,74.92,235500,750,26.6
2023,30101,Toole County,30,Montana,5028,38.8,53693,29977,2323,1177,646,64.56,187400,753,21.6
2023,30103,Treasure County,30,Montana,761,53.4,73036,45882,479,254,128,66.49,215300,992,15.8
2023,30105,Valley County,30,Montana,7540,43.2,64515,31869,4253,2297,661,77.65,198600,769,29.1
2023,30107,Wheatland County,30,Montana,2049,47.3,47054,27719,1159,659,206,76.18,172700,741,18.8
2023,30109,Wibaux County,30,Montana,1148,44.2,64792,34671,596,351,117,75.00,92300,964,12.7
2023,30111,Yellowstone County,30,Montana,167340,38.7,74400,42894,73363,48014,21258,69.31,317600,1084,28.9
2023,31001,Adams County,31,Nebraska,31034,38.8,65680,36480,13856,8859,4041,68.67,185800,853,29.3
2023,31003,Antelope County,31,Nebraska,6302,42.7,63750,34013,3144,2032,655,75.62,116900,746,19.2
2023,31005,Arthur County,31,Nebraska,540,40.5,67500,31870,230,137,47,74.46,188800,850,29.5
2023,31007,Banner County,31,Nebraska,657,56.6,71250,36650,351,195,63,75.58,166300,975,26.3
2023,31009,Blaine County,31,Nebraska,385,56.8,61250,41319,295,137,55,71.35,102100,786,15.0
2023,31011,Boone County,31,Nebraska,5366,43.2,71367,36659,2545,1745,457,79.25,164700,734,19.0
2023,31013,Box Butte County,31,Nebraska,10754,40.7,68778,33834,5222,3424,1113,75.47,161100,771,19.7
2023,31015,Boyd County,31,Nebraska,1704,54.9,58984,36652,1199,651,133,83.04,104000,650,27.2
2023,31017,Brown County,31,Nebraska,2739,45.9,51538,37034,1645,892,316,73.84,100200,932,38.1
2023,31019,Buffalo County,31,Nebraska,50323,34.6,74570,37873,21181,12812,6850,65.16,236800,911,25.4
2023,31021,Burt County,31,Nebraska,6730,44.8,57303,35034,3338,2213,654,77.19,125400,688,26.3
2023,31023,Butler County,31,Nebraska,8413,42.7,82603,44445,4031,2841,697,80.30,165700,753,23.8
2023,31025,Cass County,31,Nebraska,26963,41.0,88255,43087,11780,8854,1707,83.84,247200,987,24.7
2023,31027,Cedar County,31,Nebraska,8344,41.9,73977,37749,3904,2692,727,78.74,175500,683,19.3
2023,31029,Chase County,31,Nebraska,3639,41.8,62782,36913,1870,1114,323,77.52,178700,749,24.0
2023,31031,Cherry County,31,Nebraska,5468,43.5,63750,33287,3004,1382,847,62.00,136000,873,25.8
2023,31033,Cheyenne County,31,Nebraska,9478,42.0,57594,34946,4886,2912,1439,66.93,129100,912,27.9
2023,31035,Clay County,31,Nebraska,6084,40.1,75938,38344,2816,1996,479,80.65,146300,701,23.1
2023,31037,Colfax County,31,Nebraska,10541,35.0,79720,32757,3996,2768,871,76.06,128800,902,18.5
2023,31039,Cuming County,31,Nebraska,8976,40.8,70708,37753,4150,2695,1087,71.26,174900,800,23.1
2023,31041,Custer County,31,Nebraska,10544,42.3,66310,37311,5331,3159,1297,70.89,160500,794,21.6
2023,31043,Dakota County,31,Nebraska,21331,32.1,71655,29781,7795,4712,2587,64.56,168100,1053,26.3
2023,31045,Dawes County,31,Nebraska,8212,35.2,54381,29623,4013,2222,1159,65.72,146500,1014,29.4
2023,31047,Dawson County,31,Nebraska,24020,35.8,65383,37634,9905,5808,3174,64.66,157800,861,23.1
2023,31049,Deuel County,31,Nebraska,1865,50.7,61438,40271,1000,682,143,82.67,97200,827,21.7
2023,31051,Dixon County,31,Nebraska,5561,42.1,69156,39214,2528,1729,508,77.29,141400,661,26.1
2023,31053,Dodge County,31,Nebraska,37146,38.9,71294,34866,16553,9924,4939,66.77,188100,985,25.5
2023,31055,Douglas County,31,Nebraska,585461,35.5,79081,45178,248692,145152,89928,61.75,245800,1162,29.3
2023,31057,Dundy County,31,Nebraska,1811,45.6,56563,37387,1002,618,186,76.87,118200,588,26.6
2023,31059,Fillmore County,31,Nebraska,5551,46.3,76354,43413,2733,1909,473,80.14,131200,667,22.1
2023,31061,Franklin County,31,Nebraska,2868,49.0,57692,37400,1543,1025,265,79.46,99100,613,21.7
2023,31063,Frontier County,31,Nebraska,2562,42.8,68207,32184,1372,757,296,71.89,138800,605,22.1
2023,31065,Furnas County,31,Nebraska,4605,46.4,60625,33112,2514,1543,463,76.92,91800,805,25.1
2023,31067,Gage County,31,Nebraska,21646,42.8,64426,35827,10390,6622,2540,72.28,167100,770,25.7
2023,31069,Garden County,31,Nebraska,1620,54.1,44777,31288,1163,648,179,78.36,95500,675,22.0
2023,31071,Garfield County,31,Nebraska,1797,45.0,68611,35332,977,558,192,74.40,144900,519,30.0
2023,31073,Gosper County,31,Nebraska,1929,49.2,79145,38340,1209,638,139,82.11,202700,797,15.1
2023,31075,Grant County,31,Nebraska,695,37.8,69063,34449,418,202,93,68.47,113900,883,19.2
2023,31077,Greeley County,31,Nebraska,2211,44.5,58894,31028,1202,774,167,82.25,87800,643,21.2
2023,31079,Hall County,31,Nebraska,62431,36.0,67549,34636,25377,15435,8971,63.24,207900,911,27.9
2023,31081,Hamilton County,31,Nebraska,9438,41.3,79884,37482,4122,2903,596,82.97,238700,776,24.5
2023,31083,Harlan County,31,Nebraska,3006,47.1,70536,39947,1890,1018,182,84.83,147200,708,19.9
2023,31085,Hayes County,31,Nebraska,854,48.7,60313,36639,479,254,103,71.15,112800,419,14.7
2023,31087,Hitchcock County,31,Nebraska,2601,44.7,52016,31032,1566,890,235,79.11,88800,715,25.5
2023,31089,Holt County,31,Nebraska,10093,41.8,67225,36251,4905,2960,1104,72.83,152000,724,19.1
2023,31091,Hooker County,31,Nebraska,613,44.8,45854,33363,415,188,126,59.87,85400,581,15.3
2023,31093,Howard County,31,Nebraska,6492,42.3,74508,35045,2893,1847,647,74.06,205200,811,23.2
2023,31095,Jefferson County,31,Nebraska,7155,44.7,60568,31576,3664,2247,867,72.16,117600,659,26.8
2023,31097,Johnson County,31,Nebraska,5263,40.1,59457,25942,2090,1198,552,68.46,131500,777,24.0
2023,31099,Kearney County,31,Nebraska,6697,40.3,79167,41967,2985,2140,590,78.39,218300,787,21.2
2023,31101,Keith County,31,Nebraska,8239,49.0,58132,35660,5395,2793,1153,70.78,157000,772,27.1
2023,31103,Keya Paha County,31,Nebraska,939,49.0,60313,33388,495,262,65,80.12,108800,867,22.5
2023,31105,Kimball County,31,Nebraska,3348,48.5,59438,33603,1812,1101,430,71.91,109900,853,27.8
2023,31107,Knox County,31,Nebraska,8362,44.5,64821,32687,4527,2542,693,78.58,116900,692,21.1
2023,31109,Lancaster County,31,Nebraska,323673,34.3,72625,40663,138232,77767,54395,58.84,258900,1045,28.2
2023,31111,Lincoln County,31,Nebraska,34122,42.4,64342,34117,16581,9357,5228,64.15,183100,867,26.4
2023,31113,Logan County,31,Nebraska,812,44.8,71650,38059,356,244,67,78.46,160000,725,25.4
2023,31115,Loup County,31,Nebraska,564,47.1,60156,32676,429,165,84,66.27,120700,650,14.2
2023,31117,McPherson County,31,Nebraska,463,46.6,61316,34279,259,143,53,72.96,124200,653,19.7
2023,31119,Madison County,31,Nebraska,35535,37.1,64637,35734,15371,9559,4593,67.55,196000,851,25.1
2023,31121,Merrick County,31,Nebraska,7696,42.8,62849,34539,3584,2587,623,80.59,168000,772,25.3
2023,31123,Morrill County,31,Nebraska,4544,41.3,59773,33101,2276,1474,416,77.99,112000,744,27.5
2023,31125,Nance County,31,Nebraska,3342,43.6,65438,32738,1622,1059,287,78.68,122800,776,23.4
2023,31127,Nemaha County,31,Nebraska,7035,39.0,60132,36578,3317,1985,827,70.59,125100,727,26.0
2023,31129,Nuckolls County,31,Nebraska,4089,50.5,70201,40215,2218,1482,337,81.47,90900,616,17.9
2023,31131,Otoe County,31,Nebraska,16075,41.8,81430,41885,6987,5149,1274,80.17,185000,905,18.4
2023,31133,Pawnee County,31,Nebraska,2539,47.1,54926,29935,1410,871,206,80.87,74800,616,19.4
2023,31135,Perkins County,31,Nebraska,2835,41.0,67500,36539,1353,903,259,77.71,149200,783,22.2
2023,31137,Phelps County,31,Nebraska,8983,40.7,65988,39646,4154,2668,1151,69.86,173300,724,27.7
2023,31139,Pierce County,31,Nebraska,7312,39.7,75938,35469,3137,2245,614,78.52,182700,850,25.2
2023,31141,Platte County,31,Nebraska,34358,38.4,72335,37137,14210,9714,3684,72.50,207800,867,24.1
2023,31143,Polk County,31,Nebraska,5209,43.7,71771,36569,2524,1680,378,81.63,177800,692,19.2
2023,31145,Red Willow County,31,Nebraska,10611,41.2,60000,36390,5164,3250,1192,73.17,143500,778,30.1
2023,31147,Richardson County,31,Nebraska,7797,45.9,55578,35481,4084,2655,908,74.52,96500,692,22.6
2023,31149,Rock County,31,Nebraska,1335,45.2,57500,35740,829,441,141,75.77,124400,608,25.5
2023,31151,Saline County,31,Nebraska,14642,37.4,77027,33299,5774,3804,1362,73.64,180700,833,25.1
2023,31153,Sarpy County,31,Nebraska,194051,35.5,101402,46140,75293,51311,21350,70.62,287600,1284,26.8
2023,31155,Saunders County,31,Nebraska,22761,40.4,89395,41922,10154,7203,1617,81.67,241100,930,22.8
2023,31157,Scotts Bluff County,31,Nebraska,35937,39.8,60960,34209,16474,10314,4779,68.34,161400,889,30.0
2023,31159,Seward County,31,Nebraska,17636,37.6,81122,38045,7138,4790,1855,72.08,232400,969,25.7
2023,31161,Sheridan County,31,Nebraska,5058,46.6,56900,37162,2704,1482,640,69.84,102900,771,23.6
2023,31163,Sherman County,31,Nebraska,2974,47.9,61935,32460,1797,988,306,76.35,135000,866,21.4
2023,31165,Sioux County,31,Nebraska,1197,41.5,54076,29650,682,258,199,56.46,141700,743,14.7
2023,31167,Stanton County,31,Nebraska,5835,42.0,78275,38981,2475,1769,520,77.28,184300,817,16.9
2023,31169,Thayer County,31,Nebraska,4938,46.2,63095,34314,2518,1575,507,75.65,106200,738,19.2
2023,31171,Thomas County,31,Nebraska,626,45.1,72708,42157,367,222,96,69.81,113000,685,13.7
2023,31173,Thurston County,31,Nebraska,6666,28.7,64838,25128,2290,1211,772,61.07,105100,698,19.1
2023,31175,Valley County,31,Nebraska,4094,45.4,58902,38033,2116,1328,494,72.89,122200,616,18.7
2023,31177,Washington County,31,Nebraska,20989,42.6,90188,46114,8665,6897,1494,82.20,278300,958,27.4
2023,31179,Wayne County,31,Nebraska,9786,31.6,67687,31864,3973,2558,1204,68.00,203700,732,31.2
2023,31181,Webster County,31,Nebraska,3385,44.6,65197,35259,1767,1222,281,81.30,102000,673,25.5
2023,31183,Wheeler County,31,Nebraska,785,59.9,55893,39076,603,290,69,80.78,135900,525,13.1
2023,31185,York County,31,Nebraska,14231,39.0,74058,36571,6346,4172,1417,74.65,175900,885,22.0
2023,32001,Churchill County,32,Nevada,25614,39.8,73268,37304,10924,6620,3108,68.05,298000,1203,27.0
2023,32003,Clark County,32,Nevada,2293764,38.3,73845,38654,935960,483415,363963,57.05,400800,1518,33.2
2023,32005,Douglas County,32,Nevada,49624,54.2,88018,52915,24599,16532,4564,78.37,587400,1545,32.0
2023,32007,Elko County,32,Nevada,53852,35.4,83427,39474,22033,13770,5776,70.45,282400,1126,22.9
2023,32009,Esmeralda County,32,Nevada,962,55.8,-666666666,31096,727,235,258,47.67,102500,1319,51.0
2023,32011,Eureka County,32,Nevada,1660,50.1,73095,32518,1020,538,92,85.40,-666666666,940,51.0
2023,32013,Humboldt County,32,Nevada,17299,37.6,79946,37798,7714,5147,1850,73.56,256800,998,23.5
2023,32015,Lander County,32,Nevada,5745,37.3,84474,38889,2797,1537,759,66.94,210500,1066,29.8
2023,32017,Lincoln County,32,Nevada,4452,43.6,69496,35524,2322,1199,427,73.74,208900,754,27.5
2023,32019,Lyon County,32,Nevada,60630,42.9,73460,37349,24998,17938,5485,76.58,342600,1259,29.0
2023,32021,Mineral County,32,Nevada,4557,41.9,50584,26359,2202,1281,451,73.96,175000,1130,21.6
2023,32023,Nye County,32,Nevada,53207,52.4,55975,32336,25186,16508,5435,75.23,266000,1013,28.3
2023,32027,Pershing County,32,Nevada,6505,40.9,72007,26884,2293,1372,475,74.28,166200,667,25.1
2023,32029,Storey County,32,Nevada,4139,56.8,96000,50554,2112,1825,49,97.39,393100,1007,19.0
2023,32031,Washoe County,32,Nevada,491770,38.9,85600,46857,213392,116406,79319,59.47,496600,1507,30.2
2023,32033,White Pine County,32,Nevada,8856,41.7,72294,30635,4157,2641,766,77.52,196700,933,14.8
2023,32510,Carson City,32,Nevada,58364,42.1,71809,38222,24902,14950,8702,63.21,426700,1172,29.8
2023,33001,Belknap County,33,New Hampshire,64300,48.3,87983,47000,38718,20553,5565,78.69,340000,1184,30.4
2023,33003,Carroll County,33,New Hampshire,51259,54.2,82961,49562,40110,17940,4156,81.19,348900,1179,24.0
2023,33005,Cheshire County,33,New Hampshire,76945,43.5,81001,41683,35777,21452,9067,70.29,257200,1220,28.4
2023,33007,Coos County,33,New Hampshire,31386,49.9,58439,36850,20589,10225,3593,74.00,169600,843,28.9
2023,33009,Grafton County,33,New Hampshire,91759,44.0,84021,49835,51478,25623,10484,70.96,298500,1292,28.7
2023,33011,Hillsborough County,33,New Hampshire,424732,41.0,100436,52243,176753,113275,54457,67.53,385500,1532,29.6
2023,33013,Merrimack County,33,New Hampshire,155018,42.6,93944,47056,66080,44426,16019,73.50,330600,1293,28.0
2023,33015,Rockingham County,33,New Hampshire,317163,44.8,113927,59710,136681,99519,27069,78.62,461400,1619,29.3
2023,33017,Strafford County,33,New Hampshire,131743,37.9,86564,44406,56162,34619,17065,66.98,332400,1413,29.5
2023,33019,Sullivan County,33,New Hampshire,43529,47.3,75929,41921,21905,12031,4048,74.82,236300,1159,32.2
2023,34001,Atlantic County,34,New Jersey,274704,42.2,76819,41448,132102,73746,34966,67.84,272700,1325,32.8
2023,34003,Bergen County,34,New Jersey,954717,42.1,123715,62986,368535,230923,122384,65.36,593200,1863,29.8
2023,34005,Burlington County,34,New Jersey,464226,41.7,105271,53077,185617,133325,42721,75.73,326700,1669,30.6
2023,34007,Camden County,34,New Jersey,524042,38.8,86384,44380,213188,130430,70139,65.03,262200,1346,32.0
2023,34009,Cape May County,34,New Jersey,95236,51.4,88046,54325,99625,35180,9189,79.29,395000,1345,33.4
2023,34011,Cumberland County,34,New Jersey,152915,37.6,64499,33587,57203,34966,18375,65.55,205600,1254,34.0
2023,34013,Essex County,34,New Jersey,854130,37.7,76712,48021,335550,141377,176096,44.53,494400,1459,32.5
2023,34015,Gloucester County,34,New Jersey,304504,40.1,102807,47760,117530,88794,23002,79.43,283500,1480,30.9
2023,34017,Hudson County,34,New Jersey,710478,35.8,90032,53998,317032,92160,203392,31.18,508600,1811,28.2
2023,34019,Hunterdon County,34,New Jersey,129448,46.2,139453,71070,51908,42670,7652,84.79,498800,1707,28.4
2023,34021,Mercer County,34,New Jersey,383286,39.2,96333,52101,150600,87554,53910,61.89,351000,1515,30.4
2023,34023,Middlesex County,34,New Jersey,861535,39.4,109028,49417,316633,193963,111647,63.47,439300,1810,28.4
2023,34025,Monmouth County,34,New Jersey,643615,43.2,122727,65545,269728,188578,61617,75.37,566500,1771,31.8
2023,34027,Morris County,34,New Jersey,510375,42.7,134929,69226,198611,141771,50069,73.90,557000,1860,27.6
2023,34029,Ocean County,34,New Jersey,646434,41.4,86411,43900,295201,193630,47891,80.17,366600,1702,35.4
2023,34031,Passaic County,34,New Jersey,518289,38.1,87137,40241,185439,94011,83953,52.83,439400,1553,33.1
2023,34033,Salem County,34,New Jersey,64973,41.9,78412,39397,27740,17738,7143,71.29,223000,1185,32.9
2023,34035,Somerset County,34,New Jersey,346203,41.9,135960,70321,132831,96414,33045,74.47,523900,1921,29.1
2023,34037,Sussex County,34,New Jersey,145117,44.1,114316,56471,62825,48678,8650,84.91,342800,1503,31.2
2023,34039,Union County,34,New Jersey,572549,39.1,100117,51850,211269,116188,85475,57.61,488800,1664,30.4
2023,34041,Warren County,34,New Jersey,110238,43.9,99596,48232,46675,33386,11557,74.29,323100,1368,28.9
2023,35001,Bernalillo County,35,New Mexico,674357,39.3,66514,39234,301278,182272,101337,64.27,268500,1087,30.9
2023,35003,Catron County,35,New Mexico,3685,62.6,46439,29980,3333,1443,202,87.72,171800,740,17.1
2023,35005,Chaves County,35,New Mexico,64446,36.9,52029,28273,26794,16214,7391,68.69,141900,838,27.8
2023,35006,Cibola County,35,New Mexico,27059,38.4,51765,25032,11171,5886,2467,70.47,120000,724,30.6
2023,35007,Colfax County,35,New Mexico,12336,49.1,52690,31126,9578,3898,1515,72.01,161000,704,23.6
2023,35009,Curry County,35,New Mexico,47932,31.9,56259,28959,21266,11315,7156,61.26,160800,987,29.8
2023,35011,De Baca County,35,New Mexico,1580,35.1,40804,29840,1165,502,225,69.05,158000,727,37.5
2023,35013,Doña Ana County,35,New Mexico,221665,34.0,55663,28726,91402,54542,28988,65.30,205400,903,33.0
2023,35015,Eddy County,35,New Mexico,61114,35.9,79605,37698,26633,17354,5891,74.66,199400,1183,25.0
2023,35017,Grant County,35,New Mexico,27856,49.0,45921,30395,14664,8107,2962,73.24,164400,810,30.7
2023,35019,Guadalupe County,35,New Mexico,4379,41.6,40149,30367,2156,1137,314,78.36,107200,515,25.8
2023,35021,Harding County,35,New Mexico,748,43.1,41250,55520,489,221,61,78.37,86500,700,11.0
2023,35023,Hidalgo County,35,New Mexico,4097,42.3,49076,25587,2219,1131,370,75.35,114000,803,34.4
2023,35025,Lea County,35,New Mexico,73154,32.5,68750,31554,28125,17072,7496,69.49,176000,1119,28.4
2023,35027,Lincoln County,35,New Mexico,20227,52.7,51643,36086,17768,7455,1921,79.51,212200,883,33.3
2023,35028,Los Alamos County,35,New Mexico,19374,41.1,143188,72684,8660,6121,2090,74.55,452500,1308,16.8
2023,35029,Luna County,35,New Mexico,25420,36.6,37917,21871,11567,6282,2800,69.17,112500,685,30.7
2023,35031,McKinley County,35,New Mexico,71172,34.1,44496,19580,25213,14509,6579,68.80,72100,810,22.9
2023,35033,Mora County,35,New Mexico,4176,58.5,50178,34616,2938,1775,216,89.15,119900,785,25.0
2023,35035,Otero County,35,New Mexico,68235,36.3,52717,28186,32400,15794,8491,65.04,149500,926,28.4
2023,35037,Quay County,35,New Mexico,8616,48.1,43698,27087,5513,2984,1118,72.75,82200,752,24.5
2023,35039,Rio Arriba County,35,New Mexico,40165,42.4,53901,30548,19703,11697,3283,78.08,230900,760,22.4
2023,35041,Roosevelt County,35,New Mexico,19002,32.0,52445,26105,8525,4469,2742,61.97,136000,863,29.0
2023,35043,Sandoval County,35,New Mexico,151538,41.1,84053,39698,59759,46606,9135,83.61,282300,1408,30.0
2023,35045,San Juan County,35,New Mexico,121178,38.0,53020,26583,48085,28811,12242,70.18,185100,917,28.6
2023,35047,San Miguel County,35,New Mexico,27036,46.8,47400,28140,14837,8735,3189,73.26,177600,774,32.7
2023,35049,Santa Fe County,35,New Mexico,155175,48.5,74689,48908,77686,48973,20375,70.62,416900,1318,29.5
2023,35051,Sierra County,35,New Mexico,11511,57.3,37840,24882,8139,3806,1613,70.23,144800,695,30.3
2023,35053,Socorro County,35,New Mexico,16308,39.7,47556,25898,7642,3839,1383,73.52,143200,653,32.4
2023,35055,Taos County,35,New Mexico,34516,51.9,58908,40018,21091,11399,3060,78.84,354000,1069,34.2
2023,35057,Torrance County,35,New Mexico,15290,42.5,46250,24922,7238,4715,1059,81.66,145100,845,24.4
2023,35059,Union County,35,New Mexico,4039,40.3,45319,37697,2091,1025,479,68.15,135900,650,26.6
2023,35061,Valencia County,35,New Mexico,77382,39.0,58333,30066,30396,21975,4807,82.05,206800,970,30.9
2023,36001,Albany County,36,New York,315374,38.3,83149,46231,146959,75285,57443,56.72,277400,1252,27.8
2023,36003,Allegany County,36,New York,47027,38.9,61233,30016,23538,13698,3359,80.31,97900,754,28.4
2023,36005,Bronx County,36,New York,1419250,35.6,49036,26956,553231,107439,422628,20.27,517000,1436,35.3
2023,36007,Broome County,36,New York,197738,39.4,61059,35116,92889,52810,28971,64.57,145100,914,30.6
2023,36009,Cattaraugus County,36,New York,76479,42.5,58248,31173,40279,23732,8090,74.58,109400,759,28.9
2023,36011,Cayuga County,36,New York,75464,43.7,66583,36547,36768,22533,8801,71.91,164200,895,29.4
2023,36013,Chautauqua County,36,New York,126329,42.7,56507,31951,66328,37020,16582,69.06,119300,797,30.6
2023,36015,Chemung County,36,New York,82805,41.9,63469,35624,39143,24384,10532,69.84,132100,1020,31.4
2023,36017,Chenango County,36,New York,46685,44.9,62093,32986,24460,15112,4688,76.32,128100,819,27.5
2023,36019,Clinton County,36,New York,78961,41.5,69208,37388,37461,22911,10365,68.85,175100,956,28.5
2023,36021,Columbia County,36,New York,61245,49.5,83619,53325,33331,19668,6430,75.36,309800,1199,31.8
2023,36023,Cortland County,36,New York,46401,36.5,67527,33818,20842,12460,6308,66.39,158100,911,27.8
2023,36025,Delaware County,36,New York,44551,48.8,60226,35996,30038,14530,4417,76.69,176200,848,29.5
2023,36027,Dutchess County,36,New York,297144,42.6,97273,51784,122636,79284,35900,68.83,368100,1522,31.0
2023,36029,Erie County,36,New York,950044,40.3,71175,41560,439987,267519,141192,65.45,217400,1037,30.1
2023,36031,Essex County,36,New York,37077,49.5,70215,40807,25318,12520,3519,78.06,200000,890,30.0
2023,36033,Franklin County,36,New York,47066,41.8,63747,31801,25442,13692,5542,71.19,128600,819,25.5
2023,36035,Fulton County,36,New York,52787,44.1,62615,34843,28169,15645,6962,69.20,156100,883,26.9
2023,36037,Genesee County,36,New York,57943,42.4,72055,36737,26090,18381,6388,74.21,157800,909,27.3
2023,36039,Greene County,36,New York,47554,47.4,74011,41292,29037,14107,4081,77.56,248300,993,28.4
2023,36041,Hamilton County,36,New York,5102,57.2,68950,41820,7893,1741,370,82.47,242000,860,27.2
2023,36043,Herkimer County,36,New York,59932,44.6,68858,35959,32449,19296,6130,75.89,135000,811,26.6
2023,36045,Jefferson County,36,New York,116130,33.2,64978,34603,61721,25278,21423,54.13,181000,1214,28.3
2023,36047,Kings County,36,New York,2646306,36.3,78548,46057,1090187,300026,709570,29.72,889700,1784,30.5
2023,36049,Lewis County,36,New York,26618,42.0,68329,32690,15572,8812,2146,80.42,158000,821,25.7
2023,36051,Livingston County,36,New York,61588,41.4,72464,37479,27198,18759,5570,77.11,169600,912,31.4
2023,36053,Madison County,36,New York,67572,42.6,73141,39904,30676,20047,5516,78.42,176800,891,27.7
2023,36055,Monroe County,36,New York,754068,39.5,74409,43137,337688,201032,115474,63.52,197100,1126,30.4
2023,36057,Montgomery County,36,New York,49461,40.1,62923,31975,22944,13336,5898,69.34,141600,921,30.0
2023,36059,Nassau County,36,New York,1388138,41.8,143408,62743,477860,373665,82411,81.93,658700,2195,32.7
2023,36061,New York County,36,New York,1627788,38.9,104553,94922,918806,191643,583733,24.72,1108900,2132,28.4
2023,36063,Niagara County,36,New York,211341,43.2,67809,37898,100335,64870,26623,70.90,177400,870,29.4
2023,36065,Oneida County,36,New York,229645,40.8,68819,36865,105285,63966,30395,67.79,171100,917,27.8
2023,36067,Onondaga County,36,New York,471611,39.5,74740,41538,211683,128013,66950,65.66,185300,1067,30.0
2023,36069,Ontario County,36,New York,112405,43.9,79814,44500,53001,34718,12966,72.81,202900,1126,27.9
2023,36071,Orange County,36,New York,403840,36.9,96497,42019,148460,93959,43352,68.43,361100,1602,33.4
2023,36073,Orleans County,36,New York,39686,43.6,63838,34352,18275,12539,3669,77.36,126200,877,26.2
2023,36075,Oswego County,36,New York,117945,40.6,68461,35222,54697,34837,12295,73.91,139600,943,29.5
2023,36077,Otsego County,36,New York,59738,40.4,67086,36506,30011,16807,5801,74.34,175900,942,26.8
2023,36079,Putnam County,36,New York,97988,44.2,127405,54914,38369,29105,5949,83.03,448000,1824,35.3
2023,36081,Queens County,36,New York,2330124,40.4,84961,41160,903598,371778,456452,44.89,699200,1915,31.3
2023,36083,Rensselaer County,36,New York,160341,40.2,86663,45113,74388,42452,23781,64.09,244300,1182,28.6
2023,36085,Richmond County,36,New York,492734,40.4,98290,44368,184074,115534,54513,67.94,658500,1689,33.2
2023,36087,Rockland County,36,New York,338936,35.1,110631,45538,108576,70496,32788,68.25,564200,1826,34.6
2023,36089,St. Lawrence County,36,New York,107796,39.0,61900,31574,51884,29840,11892,71.50,119800,799,30.9
2023,36091,Saratoga County,36,New York,237075,43.4,99653,54698,111127,72048,27787,72.17,324800,1347,26.5
2023,36093,Schenectady County,36,New York,159603,39.6,76989,41529,71051,42327,23997,63.82,223100,1159,31.0
2023,36095,Schoharie County,36,New York,29979,45.7,71188,38100,16544,9662,2777,77.68,182000,916,26.9
2023,36097,Schuyler County,36,New York,17749,47.4,65625,36356,9691,5780,1625,78.06,163300,858,28.5
2023,36099,Seneca County,36,New York,33125,42.8,66007,36170,16148,9848,3831,71.99,142700,925,27.4
2023,36101,Steuben County,36,New York,93034,43.1,64740,36754,47565,28614,10302,73.53,128600,878,27.7
2023,36103,Suffolk County,36,New York,1525680,41.7,128329,56341,579790,419631,92649,81.91,539500,2190,34.5
2023,36105,Sullivan County,36,New York,79147,41.7,69826,40474,49667,20934,9281,69.28,234800,999,29.2
2023,36107,Tioga County,36,New York,48106,44.8,71791,41155,21966,15811,4403,78.22,153200,914,28.8
2023,36109,Tompkins County,36,New York,102879,32.8,73012,42505,47362,23291,19978,53.83,271500,1374,36.1
2023,36111,Ulster County,36,New York,182109,44.2,81804,45702,86178,51163,21942,69.99,315100,1335,34.2
2023,36113,Warren County,36,New York,65560,46.8,78239,46191,40177,21470,8571,71.47,247600,1089,29.2
2023,36115,Washington County,36,New York,60883,45.0,72342,35496,29111,18568,5686,76.56,185000,1000,28.1
2023,36117,Wayne County,36,New York,91128,43.6,73914,37916,42375,30531,7691,79.88,163400,929,28.0
2023,36119,Westchester County,36,New York,996888,41.5,118411,70607,391861,230294,139962,62.20,638400,1876,31.5
2023,36121,Wyoming County,36,New York,39980,43.1,68913,37185,18204,12518,3745,76.97,154700,782,25.4
2023,36123,Yates County,36,New York,24637,41.6,67521,34262,13143,7024,2071,77.23,178000,802,25.9
2023,37001,Alamance County,37,North Carolina,174286,38.7,64445,33281,75456,44903,23538,65.61,221200,1007,28.1
2023,37003,Alexander County,37,North Carolina,36440,43.8,65268,32565,16126,11348,2547,81.67,190000,745,21.0
2023,37005,Alleghany County,37,North Carolina,11075,51.4,44272,33059,7752,3891,1158,77.06,199000,755,28.3
2023,37007,Anson County,37,North Carolina,21903,42.4,44245,23702,9932,5455,2859,65.61,119300,849,27.2
2023,37009,Ashe County,37,North Carolina,26831,49.8,50827,31486,17111,9405,2594,78.38,221900,774,28.1
2023,37011,Avery County,37,North Carolina,17643,46.5,57657,33899,14051,5245,1314,79.97,233200,791,24.6
2023,37013,Beaufort County,37,North Carolina,44597,47.1,57997,33912,24385,13391,5712,70.10,181200,859,29.9
2023,37015,Bertie County,37,North Carolina,17482,45.9,45931,27082,8988,5232,1792,74.49,95800,824,28.0
2023,37017,Bladen County,37,North Carolina,29591,44.8,44528,28970,15272,8127,3508,69.85,125800,752,29.6
2023,37019,Brunswick County,37,North Carolina,145889,56.1,74034,44565,93977,54023,10413,83.84,314700,1267,30.3
2023,37021,Buncombe County,37,North Carolina,271790,42.4,70578,40879,132191,66159,36513,64.44,360000,1281,31.5
2023,37023,Burke County,37,North Carolina,87863,44.9,55684,31184,40058,26823,9050,74.77,170500,805,25.6
2023,37025,Cabarrus County,37,North Carolina,231262,37.7,86084,40652,91339,57973,22397,72.13,318600,1303,30.4
2023,37027,Caldwell County,37,North Carolina,80618,45.5,55401,30811,37231,24251,8515,74.01,174000,735,24.6
2023,37029,Camden County,37,North Carolina,10743,40.9,87781,38350,4226,3307,641,83.76,289800,1220,23.0
2023,37031,Carteret County,37,North Carolina,68652,50.1,70235,42707,51615,22932,8266,73.50,304200,1062,33.9
2023,37033,Caswell County,37,North Carolina,22689,46.2,59407,28281,10490,6600,2077,76.06,151200,699,28.5
2023,37035,Catawba County,37,North Carolina,162051,41.8,64544,36025,72028,47414,17787,72.72,218100,891,25.3
2023,37037,Chatham County,37,North Carolina,78319,47.6,88534,56724,35013,25936,6317,80.41,397800,1066,29.1
2023,37039,Cherokee County,37,North Carolina,29197,53.3,51496,30800,18182,10905,2137,83.61,208700,800,30.0
2023,37041,Chowan County,37,North Carolina,13814,47.9,56982,33974,7169,4173,1816,69.68,204400,766,27.9
2023,37043,Clay County,37,North Carolina,11391,54.5,53645,35326,7410,4024,1017,79.83,263300,791,33.6
2023,37045,Cleveland County,37,North Carolina,100170,41.2,55769,29849,43999,26296,10922,70.65,180200,835,29.8
2023,37047,Columbus County,37,North Carolina,50453,42.4,48184,26755,23560,13893,5334,72.26,128300,775,29.5
2023,37049,Craven County,37,North Carolina,101074,39.2,64635,36745,47404,29008,12464,69.95,206200,1100,28.6
2023,37051,Cumberland County,37,North Carolina,336749,31.8,58780,31206,143184,68742,59376,53.66,183700,1156,30.3
2023,37053,Currituck County,37,North Carolina,29612,41.7,91548,44165,16636,10061,1436,87.51,351200,1126,24.0
2023,37055,Dare County,37,North Carolina,37534,48.5,81214,46784,34839,12821,3662,77.78,425400,1307,31.9
2023,37057,Davidson County,37,North Carolina,171063,42.3,62426,32759,75615,50376,18136,73.53,200100,863,26.8
2023,37059,Davie County,37,North Carolina,43526,45.0,73234,39128,19079,14070,2803,83.39,235300,889,25.5
2023,37061,Duplin County,37,North Carolina,49053,40.7,51880,27599,23823,14075,6021,70.04,123200,815,27.6
2023,37063,Durham County,37,North Carolina,329405,35.8,79501,46931,149150,76206,62296,55.02,351700,1415,28.8
2023,37065,Edgecombe County,37,North Carolina,48777,41.7,48480,27235,23258,11600,7933,59.39,116800,818,29.2
2023,37067,Forsyth County,37,North Carolina,386740,38.3,65541,37375,173220,97629,58114,62.69,227800,1046,28.5
2023,37069,Franklin County,37,North Carolina,71962,40.9,71386,33957,30790,21438,6004,78.12,240900,988,31.0
2023,37071,Gaston County,37,North Carolina,231485,39.5,65472,35557,100109,60745,31542,65.82,235000,1085,29.4
2023,37073,Gates County,37,North Carolina,10437,47.7,61612,31342,4809,3472,747,82.29,163900,940,19.2
2023,37075,Graham County,37,North Carolina,8041,45.5,49038,28875,5244,2677,635,80.83,155800,581,30.3
2023,37077,Granville County,37,North Carolina,61439,42.5,70975,33166,24582,16988,5188,76.61,235700,1008,28.3
2023,37079,Greene County,37,North Carolina,20421,39.6,50904,22474,7909,4462,2369,65.32,114000,845,24.5
2023,37081,Guilford County,37,North Carolina,542987,37.4,66027,37845,235833,129397,86410,59.96,234900,1108,30.2
2023,37083,Halifax County,37,North Carolina,48219,43.8,45071,26951,24849,12866,7403,63.48,102500,776,31.1
2023,37085,Harnett County,37,North Carolina,136503,35.4,69012,31382,54051,33801,14838,69.49,220700,1080,26.9
2023,37087,Haywood County,37,North Carolina,62432,47.8,61001,35580,35307,20083,6689,75.01,254900,1052,29.8
2023,37089,Henderson County,37,North Carolina,117387,47.2,67623,38976,57338,37421,13002,74.21,317800,1120,28.9
2023,37091,Hertford County,37,North Carolina,20492,42.3,47472,27562,9831,5529,2800,66.38,111100,806,34.1
2023,37093,Hoke County,37,North Carolina,53102,33.7,60095,29575,20583,13450,5313,71.68,196000,1047,29.9
2023,37095,Hyde County,37,North Carolina,4625,48.5,47338,22370,3168,1513,602,71.54,119600,1237,37.1
2023,37097,Iredell County,37,North Carolina,191800,40.9,78678,43261,81785,52829,21084,71.47,292300,1183,26.3
2023,37099,Jackson County,37,North Carolina,43089,38.9,53479,32937,27385,11370,6794,62.60,253900,855,28.6
2023,37101,Johnston County,37,North Carolina,226623,38.3,79838,36673,88314,63448,18845,77.10,267600,1007,28.7
2023,37103,Jones County,37,North Carolina,9245,48.1,55659,28699,4675,2961,954,75.63,122600,725,29.9
2023,37105,Lee County,37,North Carolina,64565,39.9,63060,31394,26854,16263,8396,65.95,213800,962,27.2
2023,37107,Lenoir County,37,North Carolina,54917,42.2,44795,28409,26767,13588,9342,59.26,111400,814,27.7
2023,37109,Lincoln County,37,North Carolina,90359,44.3,78490,42170,38589,27998,7683,78.47,279500,977,26.5
2023,37111,McDowell County,37,North Carolina,44679,44.3,55527,29555,21475,13657,4788,74.04,168300,741,23.8
2023,37113,Macon County,37,North Carolina,37533,50.1,53298,35682,27070,13811,4279,76.35,229000,791,29.9
2023,37115,Madison County,37,North Carolina,21640,44.5,58628,33738,11201,6546,1853,77.94,263500,764,27.6
2023,37117,Martin County,37,North Carolina,21773,46.7,46793,27007,11100,6411,2950,68.49,109900,729,25.0
2023,37119,Mecklenburg County,37,North Carolina,1130906,35.4,83765,51490,491721,252815,202679,55.50,371200,1521,29.3
2023,37121,Mitchell County,37,North Carolina,14973,48.0,58089,32713,8673,4973,1438,77.57,202100,744,26.7
2023,37123,Montgomery County,37,North Carolina,25874,43.6,55849,30192,14930,7368,2707,73.13,150300,753,23.9
2023,37125,Moore County,37,North Carolina,102840,42.8,82837,44318,49419,32681,10133,76.33,315300,1181,29.0
2023,37127,Nash County,37,North Carolina,95451,41.6,60704,33336,43537,24286,13837,63.70,171100,924,25.9
2023,37129,New Hanover County,37,North Carolina,231214,40.1,72892,46083,117236,62143,40233,60.70,353700,1343,31.9
2023,37131,Northampton County,37,North Carolina,17212,51.6,47935,31883,10620,5562,2035,73.21,102200,749,30.1
2023,37133,Onslow County,37,North Carolina,208537,27.1,64568,30998,85917,44208,28308,60.96,219500,1198,29.8
2023,37135,Orange County,37,North Carolina,147292,36.2,88553,51856,62127,36269,20187,64.24,428500,1387,32.5
2023,37137,Pamlico County,37,North Carolina,12315,54.1,61624,35042,7239,4356,872,83.32,209800,909,29.0
2023,37139,Pasquotank County,37,North Carolina,40830,39.0,63912,32707,17565,10018,5376,65.08,223300,1146,31.2
2023,37141,Pender County,37,North Carolina,63475,41.8,76838,38296,31007,19761,4391,81.82,267100,1072,30.7
2023,37143,Perquimans County,37,North Carolina,13146,50.5,61224,33626,6918,4058,1522,72.72,211600,1061,24.2
2023,37145,Person County,37,North Carolina,39275,43.9,64927,37616,18482,12302,3909,75.89,192800,796,32.4
2023,37147,Pitt County,37,North Carolina,172279,33.6,58851,34229,81656,37384,36020,50.93,194300,971,28.8
2023,37149,Polk County,37,North Carolina,19689,54.4,61005,38444,10949,6689,2038,76.65,281100,1089,31.4
2023,37151,Randolph County,37,North Carolina,145322,41.4,59047,29706,62544,41402,15568,72.67,171600,857,26.8
2023,37153,Richmond County,37,North Carolina,42818,40.3,43626,24752,19840,10909,5954,64.69,120800,744,32.2
2023,37155,Robeson County,37,North Carolina,116858,36.5,40318,22925,48874,28049,14695,65.62,88600,784,29.9
2023,37157,Rockingham County,37,North Carolina,91585,44.7,55796,31380,43685,28230,10788,72.35,156000,789,28.0
2023,37159,Rowan County,37,North Carolina,148487,40.5,63196,32675,64263,41152,16610,71.24,216100,990,28.3
2023,37161,Rutherford County,37,North Carolina,64850,45.3,49771,29217,32682,19699,6890,74.09,180800,748,27.1
2023,37163,Sampson County,37,North Carolina,59245,39.7,53159,26978,25739,15519,5802,72.79,128400,811,27.2
2023,37165,Scotland County,37,North Carolina,34353,38.3,43500,27678,14421,7288,5088,58.89,109900,766,30.5
2023,37167,Stanly County,37,North Carolina,63557,40.6,61631,31623,28292,17997,6439,73.65,214300,830,25.1
2023,37169,Stokes County,37,North Carolina,44889,47.6,60039,32721,21353,15187,4187,78.39,186800,766,24.5
2023,37171,Surry County,37,North Carolina,71407,43.7,56095,31947,33609,21534,7832,73.33,166400,741,27.7
2023,37173,Swain County,37,North Carolina,14065,42.6,55429,31040,8529,4276,1561,73.26,209800,715,23.6
2023,37175,Transylvania County,37,North Carolina,33243,51.9,64523,38899,19147,10961,3629,75.13,336100,909,28.8
2023,37177,Tyrrell County,37,North Carolina,3376,46.0,43952,22294,2004,1121,305,78.61,138400,612,37.7
2023,37179,Union County,37,North Carolina,244975,39.1,99243,45355,86730,67303,14928,81.85,374400,1390,26.8
2023,37181,Vance County,37,North Carolina,42361,39.9,46943,27223,19423,9224,6857,57.36,146300,860,30.8
2023,37183,Wake County,37,North Carolina,1151009,37.2,101763,52949,481999,287109,158527,64.43,422800,1508,28.9
2023,37185,Warren County,37,North Carolina,18751,48.6,45279,31482,11543,5531,2399,69.75,124700,771,31.4
2023,37187,Washington County,37,North Carolina,10905,49.3,41750,28150,6045,3320,1512,68.71,107000,829,31.8
2023,37189,Watauga County,37,North Carolina,54607,32.2,51367,32631,33028,12962,8225,61.18,321500,1066,47.1
2023,37191,Wayne County,37,North Carolina,117606,37.4,58082,31216,53134,28846,18042,61.52,162700,932,28.0
2023,37193,Wilkes County,37,North Carolina,65983,45.3,50438,27866,31744,19941,7034,73.92,161400,715,26.9
2023,37195,Wilson County,37,North Carolina,78648,40.7,51381,30057,36702,19417,13443,59.09,171800,915,28.7
2023,37197,Yadkin County,37,North Carolina,37419,44.3,60321,33789,17165,11480,3413,77.08,176400,734,29.9
2023,37199,Yancey County,37,North Carolina,18676,47.9,54961,34699,11317,6324,1864,77.23,222300,807,20.2
2023,38001,Adams County,38,North Dakota,2179,50.0,55417,34409,1336,752,267,73.80,108300,545,22.5
2023,38003,Barnes County,38,North Dakota,10794,42.9,70230,41622,5706,3562,1290,73.41,168100,779,24.8
2023,38005,Benson County,38,North Dakota,5861,32.4,68049,27568,2544,1426,496,74.19,83100,616,16.9
2023,38007,Billings County,38,North Dakota,948,44.7,81250,42078,527,302,70,81.18,322500,630,12.5
2023,38009,Bottineau County,38,North Dakota,6390,43.8,83460,48356,3972,2139,556,79.37,190900,763,20.3
2023,38011,Bowman County,38,North Dakota,2935,42.7,83773,40067,1637,1027,210,83.02,176400,869,19.8
2023,38013,Burke County,38,North Dakota,2163,41.1,96339,53659,1403,727,204,78.09,141900,725,15.8
2023,38015,Burleigh County,38,North Dakota,98986,38.0,84948,44873,43387,28885,11476,71.57,314700,996,24.9
2023,38017,Cass County,38,North Dakota,189286,32.9,75023,44593,87497,42465,39203,52.00,284700,930,25.8
2023,38019,Cavalier County,38,North Dakota,3663,47.1,67064,45550,2115,1274,265,82.78,122300,859,28.8
2023,38021,Dickey County,38,North Dakota,4959,38.6,63125,40260,2386,1525,428,78.08,167100,749,25.0
2023,38023,Divide County,38,North Dakota,2174,47.3,89297,47458,1373,726,209,77.65,173100,1064,13.8
2023,38025,Dunn County,38,North Dakota,4043,40.8,94688,51754,2116,1087,426,71.84,244000,941,17.5
2023,38027,Eddy County,38,North Dakota,2319,48.7,55389,38264,1338,822,320,71.98,115500,615,17.7
2023,38029,Emmons County,38,North Dakota,3269,51.5,67368,39671,2049,1234,282,81.40,112400,551,30.9
2023,38031,Foster County,38,North Dakota,3372,43.3,83412,43724,1782,1173,342,77.43,162800,756,31.3
2023,38033,Golden Valley County,38,North Dakota,1679,45.7,76528,36292,906,498,165,75.11,119200,856,20.7
2023,38035,Grand Forks County,38,North Dakota,72764,30.6,68450,39597,33736,16162,14883,52.06,244200,971,27.5
2023,38037,Grant County,38,North Dakota,2276,48.8,56750,36921,1642,900,172,83.96,85800,650,32.1
2023,38039,Griggs County,38,North Dakota,2340,50.6,64737,47183,1353,751,195,79.39,128200,606,17.6
2023,38041,Hettinger County,38,North Dakota,2453,42.6,70827,43990,1438,882,225,79.67,110900,830,21.2
2023,38043,Kidder County,38,North Dakota,2374,47.8,61850,35003,1651,858,271,76.00,138500,847,24.4
2023,38045,LaMoure County,38,North Dakota,4107,46.7,70263,41792,2074,1454,258,84.93,118000,607,22.2
2023,38047,Logan County,38,North Dakota,1848,49.9,61339,33030,1068,639,134,82.66,101800,847,29.0
2023,38049,McHenry County,38,North Dakota,5264,43.4,80614,41087,2832,1819,446,80.31,143200,737,17.5
2023,38051,McIntosh County,38,North Dakota,2512,53.8,64236,36646,1701,944,247,79.26,80300,600,25.3
2023,38053,McKenzie County,38,North Dakota,14280,31.2,88289,48665,7691,3257,2653,55.11,357300,1153,19.8
2023,38055,McLean County,38,North Dakota,9807,47.4,81847,42526,5794,3555,706,83.43,233100,768,21.7
2023,38057,Mercer County,38,North Dakota,8341,42.8,79405,40062,4657,2894,700,80.52,196200,1043,29.8
2023,38059,Morton County,38,North Dakota,33479,37.7,79483,45337,15334,10155,3374,75.06,249600,1036,25.4
2023,38061,Mountrail County,38,North Dakota,9567,35.1,81292,41281,5073,2304,1535,60.02,222200,864,18.3
2023,38063,Nelson County,38,North Dakota,3015,50.4,68051,38484,1798,996,299,76.91,114500,593,17.4
2023,38065,Oliver County,38,North Dakota,1821,46.1,76953,41155,912,679,48,93.40,217000,725,21.3
2023,38067,Pembina County,38,North Dakota,6787,45.5,66884,41314,3517,2205,754,74.52,116600,692,22.5
2023,38069,Pierce County,38,North Dakota,3961,44.3,63214,40194,2077,1452,388,78.91,143400,807,26.6
2023,38071,Ramsey County,38,North Dakota,11563,40.2,61319,37577,5875,3042,2143,58.67,197400,687,24.6
2023,38073,Ransom County,38,North Dakota,5662,41.1,74521,38775,2538,1744,561,75.66,174800,710,22.6
2023,38075,Renville County,38,North Dakota,2277,42.5,76311,38289,1312,751,171,81.45,163400,846,24.8
2023,38077,Richland County,38,North Dakota,16550,38.0,72524,40184,7552,4673,2091,69.09,177600,751,23.0
2023,38079,Rolette County,38,North Dakota,12065,32.1,57355,25606,4601,2403,1283,65.19,93000,479,17.7
2023,38081,Sargent County,38,North Dakota,3822,44.1,77697,44694,1997,1282,452,73.93,149600,835,21.3
2023,38083,Sheridan County,38,North Dakota,1327,50.8,67361,41246,824,558,118,82.54,107700,373,17.6
2023,38085,Sioux County,38,North Dakota,3789,28.7,41676,19102,1276,491,576,46.02,87400,466,21.9
2023,38087,Slope County,38,North Dakota,795,54.2,62500,44034,458,297,43,87.35,121300,719,26.3
2023,38089,Stark County,38,North Dakota,33116,34.5,80744,40640,15455,8584,4633,64.95,260400,966,26.2
2023,38091,Steele County,38,North Dakota,1731,46.4,80313,41390,1120,569,162,77.84,120400,630,17.5
2023,38093,Stutsman County,38,North Dakota,21525,40.6,60172,40216,10397,5915,3380,63.64,200300,742,26.5
2023,38095,Towner County,38,North Dakota,2113,50.3,63017,36218,1263,740,218,77.24,122800,719,22.1
2023,38097,Traill County,38,North Dakota,7980,40.7,88289,43803,3656,2473,843,74.58,193200,758,21.6
2023,38099,Walsh County,38,North Dakota,10488,43.8,69976,37524,5207,3462,988,77.80,125700,766,22.2
2023,38101,Ward County,38,North Dakota,69232,33.3,79273,42299,32372,17518,10772,61.92,259100,1000,23.6
2023,38103,Wells County,38,North Dakota,3942,47.9,61346,42252,2250,1329,479,73.51,106400,630,27.3
2023,38105,Williams County,38,North Dakota,39368,32.3,90224,45793,20291,8762,6546,57.24,267800,1108,23.0
2023,39001,Adams County,39,Ohio,27510,42.3,49521,25484,12737,7263,2967,71.00,157500,700,31.2
2023,39003,Allen County,39,Ohio,101685,39.7,62001,33382,44697,27960,12968,68.32,158400,898,26.9
2023,39005,Ashland County,39,Ohio,52296,41.4,64991,32097,22517,16291,4363,78.88,175900,841,24.6
2023,39007,Ashtabula County,39,Ohio,97343,42.7,55507,30768,46362,28788,10171,73.89,149600,816,31.0
2023,39009,Athens County,39,Ohio,61573,32.8,53837,29474,26466,14071,8651,61.93,173800,903,33.9
2023,39011,Auglaize County,39,Ohio,46209,40.6,76454,37573,20034,14380,4571,75.88,182000,853,22.8
2023,39013,Belmont County,39,Ohio,65982,44.1,58411,31496,31599,19563,6887,73.96,143000,769,28.8
2023,39015,Brown County,39,Ohio,43710,42.1,69990,33717,19460,13055,4090,76.14,181100,822,26.9
2023,39017,Butler County,39,Ohio,389910,37.1,81194,39425,154777,101469,43763,69.87,243000,1098,28.3
2023,39019,Carroll County,39,Ohio,26731,45.5,64675,35429,13391,8947,2529,77.96,174500,780,24.1
2023,39021,Champaign County,39,Ohio,38772,41.6,74239,35326,16904,11891,3621,76.66,186300,884,23.8
2023,39023,Clark County,39,Ohio,135445,41.2,60846,32421,61092,38262,17063,69.16,155900,840,27.6
2023,39025,Clermont County,39,Ohio,209862,40.8,83178,43473,87534,61885,22449,73.38,245600,1040,25.7
2023,39027,Clinton County,39,Ohio,42014,41.0,68125,34046,17966,11662,4872,70.53,192800,893,24.9
2023,39029,Columbiana County,39,Ohio,101203,44.7,58474,32265,46133,30255,11120,73.12,139100,736,26.1
2023,39031,Coshocton County,39,Ohio,36679,41.0,54687,28306,16321,10776,4084,72.52,142300,723,28.8
2023,39033,Crawford County,39,Ohio,41767,43.3,55477,31729,19844,12864,5256,70.99,123600,761,27.6
2023,39035,Cuyahoga County,39,Ohio,1249418,40.5,62823,41559,615513,327256,226917,59.05,183200,1005,29.0
2023,39037,Darke County,39,Ohio,51655,42.0,64654,34446,22643,15359,5973,72.00,169100,747,24.0
2023,39039,Defiance County,39,Ohio,38258,40.8,73615,35076,16570,12084,3292,78.59,150900,826,25.4
2023,39041,Delaware County,39,Ohio,221160,39.9,130088,59581,84215,62906,17549,78.19,419500,1433,24.7
2023,39043,Erie County,39,Ohio,74938,45.2,68431,39579,38400,22838,9284,71.10,183900,882,26.4
2023,39045,Fairfield County,39,Ohio,161289,39.5,87069,40561,63397,44519,15460,74.22,272200,1114,29.1
2023,39047,Fayette County,39,Ohio,28880,40.8,60047,31573,12694,7335,4300,63.04,162200,807,24.7
2023,39049,Franklin County,39,Ohio,1321635,34.7,73795,42855,588892,290219,257703,52.97,265700,1233,28.0
2023,39051,Fulton County,39,Ohio,42434,41.6,72866,37936,17708,13732,3149,81.35,176000,832,22.3
2023,39053,Gallia County,39,Ohio,29162,41.3,56455,30683,13454,8632,2673,76.36,135000,798,25.9
2023,39055,Geauga County,39,Ohio,95479,45.0,100783,50431,37617,30958,4629,86.99,305100,1018,25.3
2023,39057,Greene County,39,Ohio,168531,38.7,85218,44385,71925,45599,21879,67.58,238000,1089,26.3
2023,39059,Guernsey County,39,Ohio,38283,42.7,55756,32089,19024,11639,4608,71.64,154100,803,30.2
2023,39061,Hamilton County,39,Ohio,827878,36.9,70816,44328,380414,207763,144418,58.99,225700,1005,29.0
2023,39063,Hancock County,39,Ohio,74885,39.6,69699,39313,33871,21877,9741,69.19,196500,926,25.9
2023,39065,Hardin County,39,Ohio,30527,35.3,58001,29509,12921,8583,3128,73.29,134800,733,24.3
2023,39067,Harrison County,39,Ohio,14408,46.1,53851,31219,7397,4540,1381,76.68,118000,753,27.3
2023,39069,Henry County,39,Ohio,27581,41.7,79267,40050,12053,9154,2072,81.54,166000,866,21.2
2023,39071,Highland County,39,Ohio,43403,40.8,62008,29794,19005,12316,4498,73.25,157000,757,25.7
2023,39073,Hocking County,39,Ohio,27938,42.6,61366,32104,13014,9113,2452,78.80,172300,806,29.2
2023,39075,Holmes County,39,Ohio,44312,32.5,74774,30501,14560,10595,2731,79.51,251800,773,23.8
2023,39077,Huron County,39,Ohio,58412,40.4,65972,32660,25575,17242,6190,73.58,158900,824,23.7
2023,39079,Jackson County,39,Ohio,32588,40.2,58409,29773,14490,9298,3374,73.37,140400,773,27.1
2023,39081,Jefferson County,39,Ohio,64855,44.2,56983,31646,31118,19477,7650,71.80,120600,792,28.6
2023,39083,Knox County,39,Ohio,62888,39.4,73988,34636,26038,17588,5847,75.05,218300,925,29.1
2023,39085,Lake County,39,Ohio,232101,44.0,77952,43197,105877,75305,25014,75.07,199900,1073,28.3
2023,39087,Lawrence County,39,Ohio,57385,41.9,54842,29610,26538,16315,6186,72.51,135600,830,27.7
2023,39089,Licking County,39,Ohio,180311,40.2,81033,41543,73021,50358,17947,73.73,250700,999,26.4
2023,39091,Logan County,39,Ohio,46140,42.1,69183,37613,23797,15193,4365,77.68,186200,832,24.4
2023,39093,Lorain County,39,Ohio,314588,42.1,70693,39638,135584,92762,33094,73.70,207200,916,28.3
2023,39095,Lucas County,39,Ohio,428748,38.3,60095,36289,200764,112307,69839,61.66,155200,911,27.8
2023,39097,Madison County,39,Ohio,44126,41.5,83229,36265,16361,11666,3695,75.95,231400,944,26.6
2023,39099,Mahoning County,39,Ohio,227063,43.4,55576,33850,108077,69012,29178,70.28,141100,775,29.6
2023,39101,Marion County,39,Ohio,65145,40.5,57306,30491,27381,16630,7894,67.81,146200,850,29.4
2023,39103,Medina County,39,Ohio,183049,43.1,92660,46652,75705,58016,14484,80.02,268000,1090,27.3
2023,39105,Meigs County,39,Ohio,22072,43.8,46701,25684,10669,6694,2181,75.43,113400,704,29.7
2023,39107,Mercer County,39,Ohio,42438,39.1,78036,35087,18023,12965,3313,79.65,208600,812,23.4
2023,39109,Miami County,39,Ohio,109549,41.1,74175,39046,47028,32710,11852,73.40,209200,942,26.5
2023,39111,Monroe County,39,Ohio,13308,46.0,58962,33856,7147,4539,971,82.38,132000,626,28.6
2023,39113,Montgomery County,39,Ohio,535528,38.8,64403,37320,252475,143441,86708,62.33,167400,968,28.1
2023,39115,Morgan County,39,Ohio,13758,44.4,55971,29431,7311,4347,1286,77.17,134200,713,30.1
2023,39117,Morrow County,39,Ohio,35214,43.3,71047,34777,14615,10997,2452,81.77,200800,942,25.8
2023,39119,Muskingum County,39,Ohio,86382,40.5,59203,31418,38343,23537,10706,68.74,170100,811,29.2
2023,39121,Noble County,39,Ohio,14252,51.3,55360,30514,5797,3757,830,81.91,149300,730,22.3
2023,39123,Ottawa County,39,Ohio,40161,50.3,75728,47629,28762,15123,2968,83.59,200700,909,26.6
2023,39125,Paulding County,39,Ohio,18800,41.7,68167,35657,8533,6047,1496,80.17,126800,750,27.5
2023,39127,Perry County,39,Ohio,35474,41.1,64737,30185,15021,10215,3134,76.52,178300,727,25.9
2023,39129,Pickaway County,39,Ohio,59407,39.5,72927,34645,22591,15439,5973,72.10,235700,965,27.0
2023,39131,Pike County,39,Ohio,27080,41.1,49552,31082,12071,7116,3700,65.79,148500,833,27.9
2023,39133,Portage County,39,Ohio,161421,39.3,72822,39041,71040,45284,19276,70.14,210500,1036,33.7
2023,39135,Preble County,39,Ohio,40802,43.2,71237,35232,18106,13289,3453,79.38,171100,803,24.0
2023,39137,Putnam County,39,Ohio,34352,40.0,82785,38660,13870,11300,1873,85.78,191600,857,21.4
2023,39139,Richland County,39,Ohio,125138,40.9,57649,30380,54616,34280,15788,68.47,154000,791,27.9
2023,39141,Ross County,39,Ohio,76748,41.0,59819,31013,32042,20779,8650,70.61,158500,858,30.5
2023,39143,Sandusky County,39,Ohio,58770,42.5,62500,34573,26475,18167,6285,74.30,152500,786,26.3
2023,39145,Scioto County,39,Ohio,73118,40.6,49571,27362,33153,19764,8873,69.02,132300,749,31.8
2023,39147,Seneca County,39,Ohio,54861,40.5,65020,32716,23968,16225,5874,73.42,136200,814,26.2
2023,39149,Shelby County,39,Ohio,48007,40.1,72822,36711,20113,13854,4932,73.75,190300,904,25.7
2023,39151,Stark County,39,Ohio,373764,41.9,65740,35802,167525,106535,48831,68.57,177700,877,26.8
2023,39153,Summit County,39,Ohio,538087,41.2,71016,42749,247239,154431,75072,67.29,195700,998,28.5
2023,39155,Trumbull County,39,Ohio,201367,43.8,55088,31807,94510,61587,24548,71.50,128100,783,27.9
2023,39157,Tuscarawas County,39,Ohio,92585,41.2,64494,32489,40840,26185,11942,68.68,176800,876,28.0
2023,39159,Union County,39,Ohio,65293,38.1,109506,49946,24298,18647,4848,79.37,306600,1188,23.2
2023,39161,Van Wert County,39,Ohio,28824,41.4,65344,33106,12574,9392,2259,80.61,137300,792,21.9
2023,39163,Vinton County,39,Ohio,12686,43.5,53813,29354,5937,3925,1297,75.16,131700,663,25.9
2023,39165,Warren County,39,Ohio,246364,39.8,107843,52477,94910,71866,18422,79.60,319700,1293,25.2
2023,39167,Washington County,39,Ohio,59318,44.1,61355,35444,27979,18619,6268,74.81,174100,828,30.0
2023,39169,Wayne County,39,Ohio,116618,38.9,71769,33874,46804,33612,10580,76.06,204600,849,23.6
2023,39171,Williams County,39,Ohio,36862,41.8,61834,32421,16574,11686,3769,75.61,140000,805,26.2
2023,39173,Wood County,39,Ohio,131795,35.7,73124,41929,57282,34961,19195,64.56,214400,950,26.4
2023,39175,Wyandot County,39,Ohio,21699,41.6,71878,35197,9885,6685,2379,73.75,159500,785,18.8
2023,40001,Adair County,40,Oklahoma,19595,38.1,48028,22115,8123,4709,2217,67.99,111500,650,25.2
2023,40003,Alfalfa County,40,Oklahoma,5685,44.4,67870,29173,2480,1488,402,78.73,103000,614,21.8
2023,40005,Atoka County,40,Oklahoma,14255,40.2,52034,25392,6015,3688,1179,75.78,138000,708,28.5
2023,40007,Beaver County,40,Oklahoma,5041,41.1,64266,30136,2467,1351,344,79.71,117900,782,17.6
2023,40009,Beckham County,40,Oklahoma,22202,37.1,52323,26675,10120,5437,2755,66.37,153400,821,28.7
2023,40011,Blaine County,40,Oklahoma,8603,41.6,59304,30319,4590,2422,971,71.38,126200,842,21.8
2023,40013,Bryan County,40,Oklahoma,47237,36.8,54280,28998,20605,11590,6644,63.56,163700,914,28.3
2023,40015,Caddo County,40,Oklahoma,26626,37.8,52817,25741,11577,6407,2701,70.34,109900,715,24.5
2023,40017,Canadian County,40,Oklahoma,162621,36.1,85427,37984,60990,42958,14506,74.76,230300,1208,26.8
2023,40019,Carter County,40,Oklahoma,48255,38.3,58856,32628,21619,12779,6108,67.66,153500,945,24.9
2023,40021,Cherokee County,40,Oklahoma,47621,37.3,53668,30080,22273,12110,6293,65.80,160300,803,25.4
2023,40023,Choctaw County,40,Oklahoma,14299,42.1,45456,26272,7115,3851,2007,65.74,119700,676,28.8
2023,40025,Cimarron County,40,Oklahoma,2247,38.3,57204,35550,1368,542,160,77.21,94500,682,19.6
2023,40027,Cleveland County,40,Oklahoma,297545,35.1,74446,38544,123193,73882,41411,64.08,222800,1128,28.9
2023,40029,Coal County,40,Oklahoma,5275,40.3,48162,27073,2581,1466,604,70.82,92500,679,23.0
2023,40031,Comanche County,40,Oklahoma,121699,33.7,59000,30670,52647,24582,20136,54.97,154300,940,27.1
2023,40033,Cotton County,40,Oklahoma,5475,43.2,60313,32744,2707,1632,419,79.57,113200,742,21.9
2023,40035,Craig County,40,Oklahoma,14215,40.8,50182,26443,6382,3842,1406,73.21,132900,826,26.4
2023,40037,Creek County,40,Oklahoma,72353,40.6,61849,31986,31387,20726,7104,74.47,170900,910,26.4
2023,40039,Custer County,40,Oklahoma,28332,32.8,57562,31487,12946,6918,3866,64.15,177000,779,31.3
2023,40041,Delaware County,40,Oklahoma,41017,47.0,55114,35376,24282,12850,4080,75.90,164900,868,26.6
2023,40043,Dewey County,40,Oklahoma,4433,38.0,60550,30044,2195,1191,404,74.67,118200,900,22.6
2023,40045,Ellis County,40,Oklahoma,3717,43.4,56992,31354,2125,1191,256,82.31,122500,728,24.3
2023,40047,Garfield County,40,Oklahoma,62322,35.7,67302,33818,27782,15440,8470,64.58,149800,915,24.6
2023,40049,Garvin County,40,Oklahoma,25779,38.8,57127,30253,12073,6813,3187,68.13,132600,828,24.1
2023,40051,Grady County,40,Oklahoma,55868,39.9,75730,36380,23332,15463,5077,75.28,187900,874,23.3
2023,40053,Grant County,40,Oklahoma,4137,42.9,61824,33181,2175,1168,387,75.11,79500,856,18.9
2023,40055,Greer County,40,Oklahoma,5498,40.6,60183,25141,2614,1579,451,77.78,103600,624,23.9
2023,40057,Harmon County,40,Oklahoma,2452,40.3,54286,31601,1358,684,266,72.00,75700,663,20.2
2023,40059,Harper County,40,Oklahoma,3231,41.3,59191,27360,1714,1008,247,80.32,99300,791,18.2
2023,40061,Haskell County,40,Oklahoma,11667,41.4,49930,27045,5675,3526,1042,77.19,122300,757,28.2
2023,40063,Hughes County,40,Oklahoma,13411,39.2,47923,20300,5782,2915,1088,72.82,94900,615,27.5
2023,40065,Jackson County,40,Oklahoma,24730,35.0,61497,32371,12046,5992,3786,61.28,145000,865,23.7
2023,40067,Jefferson County,40,Oklahoma,5377,41.2,48750,30984,2742,1563,597,72.36,77500,588,26.9
2023,40069,Johnston County,40,Oklahoma,10334,39.5,50911,25352,4710,2749,1166,70.22,110700,732,24.5
2023,40071,Kay County,40,Oklahoma,43731,38.3,56673,31190,20923,11322,5394,67.73,116800,830,24.9
2023,40073,Kingfisher County,40,Oklahoma,15288,38.5,70617,37251,6426,4059,1580,71.98,206400,915,23.6
2023,40075,Kiowa County,40,Oklahoma,8458,42.0,42063,24928,4684,2385,960,71.30,90300,675,33.8
2023,40077,Latimer County,40,Oklahoma,9495,41.5,41048,24934,4682,2714,1138,70.46,103300,720,30.8
2023,40079,Le Flore County,40,Oklahoma,48728,38.8,50027,24847,21168,12772,4968,72.00,121600,773,27.3
2023,40081,Lincoln County,40,Oklahoma,33917,41.3,59425,31303,14516,10411,2561,80.26,152000,760,26.9
2023,40083,Logan County,40,Oklahoma,50905,40.2,82735,39863,19362,15051,2485,85.83,234300,895,30.3
2023,40085,Love County,40,Oklahoma,10196,38.6,62940,31136,4724,2748,1019,72.95,167500,903,24.5
2023,40087,McClain County,40,Oklahoma,43779,38.9,84778,39352,17125,12578,3447,78.49,233900,964,29.3
2023,40089,McCurtain County,40,Oklahoma,30825,37.9,50175,25818,14019,8120,3184,71.83,126100,705,25.8
2023,40091,McIntosh County,40,Oklahoma,19237,47.3,46203,27068,11877,5882,1736,77.21,135800,763,30.0
2023,40093,Major County,40,Oklahoma,7656,42.0,69229,34641,3713,2554,647,79.79,134700,619,25.1
2023,40095,Marshall County,40,Oklahoma,15628,42.0,56495,27759,8817,4573,1174,79.57,139700,819,24.4
2023,40097,Mayes County,40,Oklahoma,39406,40.5,57279,30528,18365,11338,3929,74.26,171900,846,26.1
2023,40099,Murray County,40,Oklahoma,13807,41.5,61904,33997,6546,3565,1409,71.67,154900,859,24.0
2023,40101,Muskogee County,40,Oklahoma,66471,38.2,51999,27090,29363,17123,8669,66.39,138800,824,28.7
2023,40103,Noble County,40,Oklahoma,10909,41.7,70071,33482,5067,3358,845,79.90,142600,758,25.9
2023,40105,Nowata County,40,Oklahoma,9392,41.6,52679,30575,4383,2721,994,73.24,121900,776,27.1
2023,40107,Okfuskee County,40,Oklahoma,11304,40.3,45441,24325,4779,2778,1130,71.08,110800,689,23.0
2023,40109,Oklahoma County,40,Oklahoma,800487,35.1,65374,38438,356997,189374,133728,58.61,207800,1073,29.4
2023,40111,Okmulgee County,40,Oklahoma,36922,39.4,53123,28980,16708,9917,4260,69.95,114600,811,28.4
2023,40113,Osage County,40,Oklahoma,45963,43.3,60482,32096,19801,13362,3712,78.26,172300,786,28.0
2023,40115,Ottawa County,40,Oklahoma,30360,37.3,48656,24911,13695,7907,3848,67.26,114300,764,27.2
2023,40117,Pawnee County,40,Oklahoma,15689,41.7,57551,28961,7337,4691,1311,78.16,125700,872,27.8
2023,40119,Payne County,40,Oklahoma,82290,27.7,48937,28980,36900,16466,15875,50.91,217700,922,34.7
2023,40121,Pittsburg County,40,Oklahoma,43629,40.3,54787,29823,22204,12608,5041,71.44,146300,857,30.7
2023,40123,Pontotoc County,40,Oklahoma,38158,37.5,62564,32176,17483,9949,5025,66.44,170500,880,24.6
2023,40125,Pottawatomie County,40,Oklahoma,73011,38.0,60828,29013,30163,18578,8003,69.89,155700,869,26.5
2023,40127,Pushmataha County,40,Oklahoma,10787,43.8,44634,25596,5694,3317,1059,75.80,116800,620,29.4
2023,40129,Roger Mills County,40,Oklahoma,3378,42.0,62721,44404,1850,1155,268,81.17,152600,708,20.7
2023,40131,Rogers County,40,Oklahoma,97235,39.3,77688,38122,38706,27786,7936,77.78,222200,1018,26.8
2023,40133,Seminole County,40,Oklahoma,23550,39.2,46191,24102,10789,6056,2645,69.60,91200,730,28.0
2023,40135,Sequoyah County,40,Oklahoma,39676,40.6,49795,25683,18254,10780,4404,71.00,127500,796,25.4
2023,40137,Stephens County,40,Oklahoma,43314,40.9,60236,34244,20311,12834,4394,74.50,135100,865,26.2
2023,40139,Texas County,40,Oklahoma,20880,33.4,59275,25716,8462,4769,2101,69.42,155600,939,26.5
2023,40141,Tillman County,40,Oklahoma,6967,39.6,47445,26396,3776,1988,667,74.88,71900,704,27.2
2023,40143,Tulsa County,40,Oklahoma,673708,36.0,67317,39673,295318,160407,108123,59.74,213500,1060,28.0
2023,40145,Wagoner County,40,Oklahoma,84339,38.8,78520,36851,33531,24752,5813,80.98,216000,1050,28.1
2023,40147,Washington County,40,Oklahoma,52895,39.4,61205,34969,23745,14793,5803,71.82,160900,903,30.0
2023,40149,Washita County,40,Oklahoma,10857,40.7,61980,32254,5131,3074,1027,74.96,113300,775,22.7
2023,40151,Woods County,40,Oklahoma,8619,33.9,50512,29460,4463,2246,1242,64.39,141900,806,33.3
2023,40153,Woodward County,40,Oklahoma,20260,36.5,65060,35404,9389,5834,2282,71.88,178000,847,22.0
2023,41001,Baker County,41,Oregon,16796,47.6,57844,35829,8687,5286,1977,72.78,247700,814,26.1
2023,41003,Benton County,41,Oregon,96359,33.8,76011,42112,40565,21452,16834,56.03,481700,1359,38.1
2023,41005,Clackamas County,41,Oregon,422308,42.1,100360,51666,172599,116115,46647,71.34,577900,1693,33.0
2023,41007,Clatsop County,41,Oregon,41343,45.2,68705,40991,23251,11160,6935,61.67,437800,1130,29.7
2023,41009,Columbia County,41,Oregon,53178,43.2,86359,39526,21980,15680,5030,75.71,390600,1221,31.3
2023,41011,Coos County,41,Oregon,64832,48.6,60313,35153,31698,20093,8324,70.71,302800,992,30.3
2023,41013,Crook County,41,Oregon,25651,47.7,81675,41804,11524,8052,2595,75.63,423300,1224,32.0
2023,41015,Curry County,41,Oregon,23463,57.2,64769,40421,13123,8443,2837,74.85,366700,1156,30.9
2023,41017,Deschutes County,41,Oregon,203026,42.6,87640,50150,97064,58856,24341,70.74,596000,1674,29.9
2023,41019,Douglas County,41,Oregon,111807,46.6,58983,33510,50257,33496,13181,71.76,283200,995,29.1
2023,41021,Gilliam County,41,Oregon,2002,50.3,64219,34999,1111,657,212,75.60,158400,1084,25.9
2023,41023,Grant County,41,Oregon,7238,50.8,59800,34924,4147,2703,649,80.64,225100,840,20.2
2023,41025,Harney County,41,Oregon,7515,45.8,48338,27919,3718,2110,1031,67.18,190600,675,27.4
2023,41027,Hood River County,41,Oregon,23958,40.2,82095,46105,10210,6142,2879,68.09,571200,1381,29.0
2023,41029,Jackson County,41,Oregon,222563,42.7,71443,38797,97083,58922,31757,64.98,400200,1310,32.1
2023,41031,Jefferson County,41,Oregon,24973,41.3,73051,32299,10455,6185,2474,71.43,339200,957,27.4
2023,41033,Josephine County,41,Oregon,88069,47.5,59097,34176,39217,26049,10287,71.69,383100,1157,33.4
2023,41035,Klamath County,41,Oregon,69812,41.3,59353,32939,33004,19822,9018,68.73,255700,973,31.2
2023,41037,Lake County,41,Oregon,8254,45.9,61222,32783,4223,2106,1316,61.54,219400,861,22.9
2023,41039,Lane County,41,Oregon,382628,40.2,69311,38563,168316,94723,64786,59.38,395800,1287,32.0
2023,41041,Lincoln County,41,Oregon,50632,52.5,61314,37265,32373,16292,6537,71.37,387700,1150,31.6
2023,41043,Linn County,41,Oregon,129794,40.2,73396,34422,52740,33881,16653,67.05,344600,1273,29.8
2023,41045,Malheur County,41,Oregon,31701,36.2,49902,23814,11678,6365,3674,63.40,221300,819,27.1
2023,41047,Marion County,41,Oregon,346532,37.2,74624,35452,130600,78061,47352,62.24,383300,1333,31.7
2023,41049,Morrow County,41,Oregon,12249,36.2,70217,30787,4813,3065,1257,70.92,229800,910,19.9
2023,41051,Multnomah County,41,Oregon,803863,38.5,86247,52354,367704,187953,159439,54.10,528000,1582,31.2
2023,41053,Polk County,41,Oregon,88553,37.6,81318,39423,34446,21040,11534,64.59,419500,1270,30.7
2023,41055,Sherman County,41,Oregon,1908,45.8,59500,33190,979,526,258,67.09,206700,945,18.2
2023,41057,Tillamook County,41,Oregon,27471,48.9,66551,37336,19093,8646,3171,73.17,408600,1169,26.8
2023,41059,Umatilla County,41,Oregon,80087,36.7,68958,31371,31693,18930,9264,67.14,256100,962,26.3
2023,41061,Union County,41,Oregon,26192,40.1,64212,34745,11786,7011,3845,64.58,260500,982,26.9
2023,41063,Wallowa County,41,Oregon,7532,50.2,65559,37963,4334,2564,792,76.40,371900,858,26.5
2023,41065,Wasco County,41,Oregon,26603,40.5,63602,36582,12102,6894,3517,66.22,332500,978,26.5
2023,41067,Washington County,41,Oregon,600266,37.8,104434,52136,240409,141441,90925,60.87,558500,1773,29.4
2023,41069,Wheeler County,41,Oregon,1434,57.3,51250,33337,905,459,204,69.23,259000,782,21.6
2023,41071,Yamhill County,41,Oregon,108122,39.5,87084,40615,40744,27163,11673,69.94,442700,1377,32.6
2023,42001,Adams County,42,Pennsylvania,105183,43.8,81071,39339,43377,31948,8463,79.06,256100,1084,27.4
2023,42003,Allegheny County,42,Pennsylvania,1240476,40.6,76393,48208,604558,354840,191667,64.93,216700,1111,27.8
2023,42005,Armstrong County,42,Pennsylvania,65069,47.2,64295,35313,32164,22024,5983,78.64,146300,802,25.1
2023,42007,Beaver County,42,Pennsylvania,166993,44.7,70156,39805,79159,53642,18333,74.53,185500,867,26.4
2023,42009,Bedford County,42,Pennsylvania,47503,47.5,60302,32550,23568,15435,4328,78.10,172900,771,29.0
2023,42011,Berks County,42,Pennsylvania,429989,39.9,77684,39012,171147,114882,46819,71.05,239700,1143,29.8
2023,42013,Blair County,42,Pennsylvania,121854,42.9,60594,34593,55788,36621,13927,72.45,156700,854,29.5
2023,42015,Bradford County,42,Pennsylvania,59971,43.7,62482,35298,29421,17696,6791,72.27,182300,868,25.5
2023,42017,Bucks County,42,Pennsylvania,645993,44.1,111951,56824,256416,193222,54452,78.01,421700,1537,29.2
2023,42019,Butler County,42,Pennsylvania,195870,43.3,86775,47658,86399,61287,18958,76.37,275600,1018,26.2
2023,42021,Cambria County,42,Pennsylvania,132355,45.7,56292,33863,64494,42220,13472,75.81,115900,733,27.9
2023,42023,Cameron County,42,Pennsylvania,4475,52.5,47681,29242,3933,1535,694,68.86,88200,699,30.7
2023,42025,Carbon County,42,Pennsylvania,65191,46.3,67877,36380,34299,20926,6167,77.24,193700,975,26.2
2023,42027,Centre County,42,Pennsylvania,158041,33.8,72748,38732,66023,36440,22566,61.76,308100,1181,34.4
2023,42029,Chester County,42,Pennsylvania,540896,40.7,123041,63089,210730,151694,50711,74.95,461800,1691,28.9
2023,42031,Clarion County,42,Pennsylvania,37297,41.6,60668,32498,18878,10703,4279,71.44,152100,785,27.0
2023,42033,Clearfield County,42,Pennsylvania,78902,45.6,60181,32502,38160,25135,6954,78.33,125000,788,27.3
2023,42035,Clinton County,42,Pennsylvania,37707,39.8,58842,31762,18640,10931,4327,71.64,179100,815,28.4
2023,42037,Columbia County,42,Pennsylvania,65055,41.4,61992,32432,29775,18222,7652,70.43,199200,904,27.8
2023,42039,Crawford County,42,Pennsylvania,83189,43.9,60254,31919,42188,24765,8851,73.67,143400,800,26.7
2023,42041,Cumberland County,42,Pennsylvania,264422,40.3,85634,45365,110265,75073,30114,71.37,261900,1184,26.6
2023,42043,Dauphin County,42,Pennsylvania,287484,39.4,74159,41055,127259,75838,43925,63.32,222300,1153,27.2
2023,42045,Delaware County,42,Pennsylvania,576195,39.0,88576,48676,229390,150888,65772,69.64,302400,1315,32.4
2023,42047,Elk County,42,Pennsylvania,30703,48.5,64103,35683,16876,10631,2850,78.86,128600,720,27.5
2023,42049,Erie County,42,Pennsylvania,269544,40.1,61476,34285,120019,75241,34865,68.34,169500,876,29.9
2023,42051,Fayette County,42,Pennsylvania,126967,45.4,56093,32278,62060,39828,15134,72.46,126900,771,27.5
2023,42053,Forest County,42,Pennsylvania,6785,48.6,50061,23033,6969,1495,449,76.90,111900,808,24.6
2023,42055,Franklin County,42,Pennsylvania,156626,42.2,74946,39149,66787,46146,16882,73.22,236300,1071,25.7
2023,42057,Fulton County,42,Pennsylvania,14545,45.9,64798,36413,7129,4779,1377,77.63,206000,781,19.9
2023,42059,Greene County,42,Pennsylvania,35265,43.0,66870,33316,16182,11028,3098,78.07,146200,754,25.5
2023,42061,Huntingdon County,42,Pennsylvania,43844,43.5,65429,32158,20932,12601,3437,78.57,180300,795,24.3
2023,42063,Indiana County,42,Pennsylvania,83213,39.5,58739,31524,37672,22964,9327,71.12,145400,786,28.5
2023,42065,Jefferson County,42,Pennsylvania,44099,43.7,56898,31091,22053,13503,4704,74.16,126700,746,27.8
2023,42067,Juniata County,42,Pennsylvania,23419,43.1,63923,32025,10502,6531,2397,73.15,206300,730,21.4
2023,42069,Lackawanna County,42,Pennsylvania,215834,41.9,64691,36217,100013,57698,30568,65.37,189900,973,28.8
2023,42071,Lancaster County,42,Pennsylvania,555151,39.1,83703,41319,217863,147259,63277,69.94,279400,1289,28.4
2023,42073,Lawrence County,42,Pennsylvania,85423,44.9,60779,34283,39597,27159,8846,75.43,136700,778,30.4
2023,42075,Lebanon County,42,Pennsylvania,143592,41.3,76350,37701,59582,39792,16054,71.25,227300,1087,28.8
2023,42077,Lehigh County,42,Pennsylvania,375408,39.3,77493,41804,150547,93539,49906,65.21,276100,1326,32.0
2023,42079,Luzerne County,42,Pennsylvania,325978,42.1,62321,34857,151012,90408,43026,67.75,163800,958,28.2
2023,42081,Lycoming County,42,Pennsylvania,113570,41.3,64412,34853,52692,31970,14231,69.20,195600,887,29.4
2023,42083,McKean County,42,Pennsylvania,40149,43.8,61705,32353,19493,12753,3451,78.70,98700,769,26.8
2023,42085,Mercer County,42,Pennsylvania,109852,45.2,60614,33320,50884,33450,12673,72.52,153600,808,27.7
2023,42087,Mifflin County,42,Pennsylvania,46074,43.1,61415,30357,21425,13221,5281,71.46,142900,792,25.1
2023,42089,Monroe County,42,Pennsylvania,167784,43.9,82374,37512,79458,48164,12398,79.53,241200,1347,32.2
2023,42091,Montgomery County,42,Pennsylvania,861225,41.1,111521,60507,348696,239246,94268,71.73,409900,1612,29.1
2023,42093,Montour County,42,Pennsylvania,18079,43.0,72926,45274,8117,5157,2532,67.07,240300,1057,27.0
2023,42095,Northampton County,42,Pennsylvania,315927,42.0,86687,44837,128612,86409,35087,71.12,285000,1335,30.2
2023,42097,Northumberland County,42,Pennsylvania,90925,44.4,57948,32241,43395,28129,9452,74.85,151600,777,25.1
2023,42099,Perry County,42,Pennsylvania,45988,43.8,78824,38594,20010,14715,3517,80.71,222800,838,26.1
2023,42101,Philadelphia County,42,Pennsylvania,1582432,35.1,60698,37669,739725,350141,319081,52.32,232400,1323,31.2
2023,42103,Pike County,42,Pennsylvania,59691,49.4,79318,42243,39948,20685,3324,86.16,250900,1383,31.4
2023,42105,Potter County,42,Pennsylvania,16276,48.2,59840,31841,12375,5421,1336,80.23,146200,767,24.7
2023,42107,Schuylkill County,42,Pennsylvania,143259,43.9,66901,33769,67292,43821,13644,76.26,140400,842,25.9
2023,42109,Snyder County,42,Pennsylvania,39711,40.5,68435,32361,16033,10806,3743,74.27,205500,890,26.6
2023,42111,Somerset County,42,Pennsylvania,73255,47.0,59378,31736,37800,23335,5736,80.27,130600,749,26.3
2023,42113,Sullivan County,42,Pennsylvania,5849,56.1,64758,38338,5601,2111,425,83.24,186400,781,25.7
2023,42115,Susquehanna County,42,Pennsylvania,38349,48.6,66930,39044,21335,12251,3388,78.34,206700,913,26.5
2023,42117,Tioga County,42,Pennsylvania,41078,45.0,62932,32785,21542,12756,3883,76.66,176000,850,27.4
2023,42119,Union County,42,Pennsylvania,42570,40.5,72894,36765,16158,10218,4083,71.45,222900,944,29.1
2023,42121,Venango County,42,Pennsylvania,50096,47.6,61626,33044,26203,16144,5198,75.64,114500,774,25.7
2023,42123,Warren County,42,Pennsylvania,38174,47.4,59013,33333,21641,12684,3587,77.95,121800,756,24.1
2023,42125,Washington County,42,Pennsylvania,209778,44.2,77487,44392,97476,67009,20656,76.44,220600,922,24.6
2023,42127,Wayne County,42,Pennsylvania,51189,48.9,62182,33735,32054,16628,3686,81.85,228200,979,29.3
2023,42129,Westmoreland County,42,Pennsylvania,353345,47.1,72468,42132,168406,120811,33574,78.25,193100,843,26.9
2023,42131,Wyoming County,42,Pennsylvania,26075,45.2,70268,39484,12858,8365,2527,76.80,205600,897,24.1
2023,42133,York County,42,Pennsylvania,459312,40.9,82238,40530,188608,136655,43552,75.83,235000,1150,28.9
2023,44001,Bristol County,44,Rhode Island,50568,44.1,110926,58817,21557,14228,5192,73.26,468000,1348,27.5
2023,44003,Kent County,44,Rhode Island,170658,43.6,91278,49243,76319,52483,20260,72.15,333900,1264,30.2
2023,44005,Newport County,44,Rhode Island,85095,46.4,100859,60920,43554,24405,11781,67.44,559700,1652,30.7
2023,44007,Providence County,44,Rhode Island,658977,37.9,78204,40689,277117,145239,111266,56.62,339100,1242,28.5
2023,44009,Washington County,44,Rhode Island,130073,45.3,102478,53226,66068,39989,12059,76.83,469800,1303,30.4
2023,45001,Abbeville County,45,South Carolina,24352,44.3,52112,30650,11718,7338,2198,76.95,147200,634,26.3
2023,45003,Aiken County,45,South Carolina,171949,41.6,67940,36627,78715,52603,16003,76.67,199500,1031,29.1
2023,45005,Allendale County,45,South Carolina,7738,42.5,31603,23057,4055,2045,1118,64.65,61600,691,26.7
2023,45007,Anderson County,45,South Carolina,207218,40.5,64683,34923,91008,61959,20175,75.44,212500,952,28.0
2023,45009,Bamberg County,45,South Carolina,13164,41.7,43206,22182,6598,3408,1184,74.22,96000,794,31.6
2023,45011,Barnwell County,45,South Carolina,20565,40.7,41800,26141,9901,5758,2349,71.03,97200,695,30.1
2023,45013,Beaufort County,45,South Carolina,192123,47.2,84819,51657,101177,59671,19123,75.73,407600,1484,30.4
2023,45015,Berkeley County,45,South Carolina,238723,36.7,82327,39727,97512,66951,23397,74.10,280300,1518,29.3
2023,45017,Calhoun County,45,South Carolina,14150,47.4,56690,32567,7061,5127,997,83.72,148800,994,30.1
2023,45019,Charleston County,45,South Carolina,414711,39.0,84320,54769,206299,111425,64074,63.49,450800,1506,31.4
2023,45021,Cherokee County,45,South Carolina,56299,40.3,49047,27175,24945,16025,5839,73.29,135200,813,29.0
2023,45023,Chester County,45,South Carolina,32177,42.2,51216,27656,14717,10068,2858,77.89,143800,918,29.3
2023,45025,Chesterfield County,45,South Carolina,43575,42.4,47620,28363,20655,12577,4804,72.36,101400,776,28.8
2023,45027,Clarendon County,45,South Carolina,31037,45.9,48887,28289,16009,8718,3231,72.96,147300,728,32.2
2023,45029,Colleton County,45,South Carolina,38623,42.2,48779,27859,19994,11667,4301,73.06,145900,905,31.1
2023,45031,Darlington County,45,South Carolina,62754,41.5,47419,30281,29645,17710,7364,70.63,141400,876,35.2
2023,45033,Dillon County,45,South Carolina,28031,37.5,44038,23016,12879,6385,4202,60.31,84400,692,30.5
2023,45035,Dorchester County,45,South Carolina,164322,37.9,76896,37279,66435,46442,15131,75.43,294400,1381,31.8
2023,45037,Edgefield County,45,South Carolina,26508,42.0,67092,32802,11317,7591,1917,79.84,194300,854,31.9
2023,45039,Fairfield County,45,South Carolina,20741,46.7,46972,32111,10957,6668,2105,76.01,129100,910,34.2
2023,45041,Florence County,45,South Carolina,136921,39.2,56650,31803,61418,33897,18625,64.54,165500,908,29.8
2023,45043,Georgetown County,45,South Carolina,64200,51.6,66734,43928,36704,22099,4494,83.10,262300,1166,29.3
2023,45045,Greenville County,45,South Carolina,537575,38.5,74624,42299,233254,148365,67409,68.76,273900,1198,30.3
2023,45047,Greenwood County,45,South Carolina,69329,39.6,50635,31018,31549,18370,9400,66.15,166400,880,29.4
2023,45049,Hampton County,45,South Carolina,18555,40.9,43059,25082,8622,5230,1874,73.62,102400,815,31.5
2023,45051,Horry County,45,South Carolina,368937,48.2,64623,36572,211686,114026,36316,75.84,260500,1181,31.0
2023,45053,Jasper County,45,South Carolina,30658,44.3,63503,32505,13868,9438,2982,75.99,269400,1307,27.6
2023,45055,Kershaw County,45,South Carolina,66924,40.3,64343,34250,29623,21129,4748,81.65,191900,872,33.7
2023,45057,Lancaster County,45,South Carolina,100905,42.2,74751,41492,42696,32646,6558,83.27,298100,892,31.9
2023,45059,Laurens County,45,South Carolina,67904,40.9,55517,28728,31695,18576,7715,70.66,153500,847,26.9
2023,45061,Lee County,45,South Carolina,16330,41.8,44145,24133,7587,4623,1671,73.45,101900,806,29.0
2023,45063,Lexington County,45,South Carolina,300370,39.7,75014,38807,130874,92829,27960,76.85,217700,1115,28.7
2023,45065,McCormick County,45,South Carolina,9701,58.7,55344,33437,5563,3445,662,83.88,159000,666,25.0
2023,45067,Marion County,45,South Carolina,28900,43.0,34501,22676,14418,7329,4459,62.17,86800,663,23.9
2023,45069,Marlboro County,45,South Carolina,26285,41.2,36293,22016,12059,6129,3600,63.00,74500,686,26.5
2023,45071,Newberry County,45,South Carolina,38121,42.0,59670,33073,18398,11172,4048,73.40,158200,854,29.3
2023,45073,Oconee County,45,South Carolina,79566,46.7,60193,37575,41514,25380,8273,75.42,217200,876,30.3
2023,45075,Orangeburg County,45,South Carolina,83531,40.8,43214,25682,41420,21670,11210,65.91,109700,804,33.8
2023,45077,Pickens County,45,South Carolina,132604,36.2,59411,33075,57695,36250,15154,70.52,216000,936,32.6
2023,45079,Richland County,45,South Carolina,418725,34.2,61699,37190,185196,99798,65510,60.37,224200,1185,33.9
2023,45081,Saluda County,45,South Carolina,18958,43.0,52957,29590,9420,5862,1645,78.09,123200,814,27.8
2023,45083,Spartanburg County,45,South Carolina,338096,37.9,64195,33427,141086,93795,34811,72.93,216000,1019,29.8
2023,45085,Sumter County,45,South Carolina,104853,37.3,55990,29372,47288,27489,13692,66.75,159500,1006,29.5
2023,45087,Union County,45,South Carolina,26990,44.3,41200,26723,13508,8131,3607,69.27,100000,770,27.1
2023,45089,Williamsburg County,45,South Carolina,30517,44.0,43471,24533,14837,9075,3085,74.63,95100,769,32.6
2023,45091,York County,45,South Carolina,288559,39.4,83060,43442,118063,81969,29654,73.43,322700,1304,29.7
2023,46003,Aurora County,46,South Dakota,2573,42.4,74130,43275,1227,796,246,76.39,129000,739,17.9
2023,46005,Beadle County,46,South Dakota,19279,36.9,63082,31506,8453,5257,2228,70.23,178400,834,27.1
2023,46007,Bennett County,46,South Dakota,3354,28.8,44569,21005,1232,591,433,57.71,138600,616,19.3
2023,46009,Bon Homme County,46,South Dakota,7024,41.8,61275,28003,2823,1902,524,78.40,120300,620,21.8
2023,46011,Brookings County,46,South Dakota,34968,28.0,67341,34769,15025,7941,5549,58.87,246300,874,24.0
2023,46013,Brown County,46,South Dakota,38079,37.8,70239,39599,18009,10753,5611,65.71,212900,794,23.1
2023,46015,Brule County,46,South Dakota,5261,41.4,74043,36063,2371,1401,531,72.52,205500,700,22.3
2023,46017,Buffalo County,46,South Dakota,1757,26.2,47000,17408,577,261,235,52.62,108000,535,19.1
2023,46019,Butte County,46,South Dakota,10538,39.3,67692,36097,4737,3405,825,80.50,207700,940,27.3
2023,46021,Campbell County,46,South Dakota,1481,52.4,65000,42435,921,550,154,78.13,87900,635,26.5
2023,46023,Charles Mix County,46,South Dakota,9281,36.1,64850,29095,3664,2221,785,73.89,169200,727,22.3
2023,46025,Clark County,46,South Dakota,3876,40.6,62885,34133,1609,1088,234,82.30,141900,709,20.0
2023,46027,Clay County,46,South Dakota,15133,24.5,58794,29412,6243,2878,2683,51.75,221800,736,25.2
2023,46029,Codington County,46,South Dakota,28556,39.9,65080,37308,13388,8332,4029,67.41,218000,901,24.7
2023,46031,Corson County,46,South Dakota,3859,29.9,43750,20743,1360,673,439,60.52,73800,473,18.1
2023,46033,Custer County,46,South Dakota,8686,57.2,81958,50278,5126,3451,582,85.57,327200,1117,21.2
2023,46035,Davison County,46,South Dakota,19936,39.8,61401,36524,9550,5493,3221,63.04,190000,750,25.6
2023,46037,Day County,46,South Dakota,5460,47.1,62270,37817,3434,1776,567,75.80,155100,623,23.4
2023,46039,Deuel County,46,South Dakota,4318,42.0,79556,37556,2147,1451,349,80.61,180100,668,18.8
2023,46041,Dewey County,46,South Dakota,5230,27.6,57928,21940,1927,1033,648,61.45,75400,714,22.8
2023,46043,Douglas County,46,South Dakota,2823,41.9,78125,37172,1354,868,249,77.71,125000,864,17.7
2023,46045,Edmunds County,46,South Dakota,4033,43.6,77266,43546,1892,1286,303,80.93,163600,881,15.5
2023,46047,Fall River County,46,South Dakota,7179,54.5,61056,36268,4101,2591,852,75.25,176300,866,38.9
2023,46049,Faulk County,46,South Dakota,2137,43.2,58000,36556,1080,685,151,81.94,124100,692,17.8
2023,46051,Grant County,46,South Dakota,7544,43.7,73818,38497,3441,2439,550,81.60,179400,668,24.4
2023,46053,Gregory County,46,South Dakota,3993,45.7,52432,32510,2199,1281,354,78.35,129000,614,24.3
2023,46055,Haakon County,46,South Dakota,1708,47.1,59231,35643,872,553,121,82.05,153200,688,17.0
2023,46057,Hamlin County,46,South Dakota,6288,32.5,83194,35757,2831,1778,403,81.52,207700,769,20.3
2023,46059,Hand County,46,South Dakota,3045,43.8,72054,43377,1698,881,492,64.17,152100,553,23.5
2023,46061,Hanson County,46,South Dakota,3473,37.9,86375,36246,1289,1005,129,88.62,192400,733,17.2
2023,46063,Harding County,46,South Dakota,1092,48.9,74766,48974,702,380,113,77.08,156400,478,9.0
2023,46065,Hughes County,46,South Dakota,17732,39.3,78981,38880,7957,5500,1816,75.18,221100,930,24.8
2023,46067,Hutchinson County,46,South Dakota,7393,41.6,74459,38061,3227,2304,640,78.26,160500,714,22.9
2023,46069,Hyde County,46,South Dakota,1305,50.9,74279,35789,632,440,95,82.24,134500,921,30.1
2023,46071,Jackson County,46,South Dakota,2826,33.2,26686,17120,1018,450,290,60.81,111500,460,26.8
2023,46073,Jerauld County,46,South Dakota,1845,46.5,75417,47339,1001,702,125,84.89,127000,565,18.8
2023,46075,Jones County,46,South Dakota,1030,33.6,64688,29059,478,261,94,73.52,117100,544,14.7
2023,46077,Kingsbury County,46,South Dakota,5210,41.9,70221,37976,2647,1653,378,81.39,159600,725,34.0
2023,46079,Lake County,46,South Dakota,11052,43.7,73792,43820,5747,3309,1323,71.44,231000,868,26.5
2023,46081,Lawrence County,46,South Dakota,26574,43.8,66766,42663,14545,7545,4267,63.88,310800,923,26.3
2023,46083,Lincoln County,46,South Dakota,68286,35.8,96552,50843,27552,19180,7465,71.98,323500,1237,26.1
2023,46085,Lyman County,46,South Dakota,3717,36.0,61169,29144,1561,856,329,72.24,156500,603,17.8
2023,46087,McCook County,46,South Dakota,5732,39.9,80847,37131,2467,1814,404,81.79,217300,750,21.9
2023,46089,McPherson County,46,South Dakota,2278,48.8,62024,40645,1247,726,170,81.03,78400,580,23.8
2023,46091,Marshall County,46,South Dakota,4355,42.8,72500,42601,2430,1319,327,80.13,147200,743,18.4
2023,46093,Meade County,46,South Dakota,30297,37.0,74161,36301,12648,8581,3220,72.71,274800,1150,26.0
2023,46095,Mellette County,46,South Dakota,2043,31.0,51364,18423,779,369,247,59.90,63000,737,20.0
2023,46097,Miner County,46,South Dakota,2299,48.9,72589,34056,1210,754,162,82.31,114100,563,15.9
2023,46099,Minnehaha County,46,South Dakota,200689,35.7,76074,41644,87043,52328,30066,63.51,266600,954,25.3
2023,46101,Moody County,46,South Dakota,6371,40.5,77500,36544,2752,1776,728,70.93,206300,723,21.6
2023,46102,Oglala Lakota County,46,South Dakota,13587,27.0,34769,11650,3461,1461,1270,53.50,45600,563,20.8
2023,46103,Pennington County,46,South Dakota,112081,39.7,70768,40527,50655,31568,14130,69.08,270400,1066,29.1
2023,46105,Perkins County,46,South Dakota,3058,43.6,65455,41539,1729,990,264,78.95,105900,703,24.1
2023,46107,Potter County,46,South Dakota,2430,44.9,71726,37661,1569,805,216,78.84,121300,869,24.7
2023,46109,Roberts County,46,South Dakota,10219,37.9,63691,31216,4823,2539,1118,69.43,139100,656,22.4
2023,46111,Sanborn County,46,South Dakota,2370,38.6,69870,34851,1134,721,208,77.61,138500,717,27.3
2023,46115,Spink County,46,South Dakota,6283,45.1,73011,37347,2989,1842,611,75.09,117400,691,17.9
2023,46117,Stanley County,46,South Dakota,3012,43.7,77000,48110,1541,1009,263,79.32,169900,896,24.9
2023,46119,Sully County,46,South Dakota,1481,51.4,70250,47550,908,475,149,76.12,198700,913,26.4
2023,46121,Todd County,46,South Dakota,9293,25.4,39148,13849,2885,1111,1363,44.91,45200,537,20.4
2023,46123,Tripp County,46,South Dakota,5607,45.1,58854,31961,2777,1604,661,70.82,137100,809,37.0
2023,46125,Turner County,46,South Dakota,8772,41.3,75283,36569,3899,2791,744,78.95,199000,745,23.2
2023,46127,Union County,46,South Dakota,16916,40.4,84137,49563,7438,5077,2047,71.27,269500,1055,24.3
2023,46129,Walworth County,46,South Dakota,5298,41.6,62722,37717,2941,1779,617,74.25,130000,962,26.1
2023,46135,Yankton County,46,South Dakota,23379,42.2,73855,39880,10497,7076,2716,72.26,208200,777,22.7
2023,46137,Ziebach County,46,South Dakota,2410,36.6,47333,26500,895,390,334,53.87,101700,715,28.2
2023,47001,Anderson County,47,Tennessee,78175,42.0,63171,35460,35570,22785,9284,71.05,215800,960,27.8
2023,47003,Bedford County,47,Tennessee,51291,37.6,62197,29468,20129,13301,5652,70.18,255300,917,28.5
2023,47005,Benton County,47,Tennessee,15948,47.5,50435,28169,8544,5172,1756,74.65,123400,788,26.3
2023,47007,Bledsoe County,47,Tennessee,14905,44.9,49655,23547,5895,3808,1004,79.14,165400,779,24.9
2023,47009,Blount County,47,Tennessee,137747,43.9,74607,38705,60912,41900,12549,76.95,275700,1042,25.4
2023,47011,Bradley County,47,Tennessee,109743,39.3,63789,32249,45411,28300,13609,67.53,230800,959,28.5
2023,47013,Campbell County,47,Tennessee,39568,44.2,50260,28414,20370,11252,5457,67.34,169500,715,26.1
2023,47015,Cannon County,47,Tennessee,14661,40.8,58092,29745,6384,4389,1297,77.19,227600,781,27.1
2023,47017,Carroll County,47,Tennessee,28461,41.6,50391,27126,13107,8422,2836,74.81,122100,757,26.1
2023,47019,Carter County,47,Tennessee,56462,45.8,48435,29232,27982,17916,6272,74.07,157200,738,25.4
2023,47021,Cheatham County,47,Tennessee,41500,41.4,82015,38581,17171,13036,2872,81.95,291400,1274,25.6
2023,47023,Chester County,47,Tennessee,17452,37.8,60543,27480,7251,4853,1480,76.63,155200,714,24.2
2023,47025,Claiborne County,47,Tennessee,32221,42.5,46587,27552,15437,9635,3821,71.60,148000,736,27.0
2023,47027,Clay County,47,Tennessee,7621,48.8,44712,23401,3987,2483,718,77.57,136900,546,24.9
2023,47029,Cocke County,47,Tennessee,36503,45.4,48416,27442,17883,10762,4361,71.16,141800,787,24.8
2023,47031,Coffee County,47,Tennessee,58940,39.2,60656,29543,25187,16012,6782,70.25,227300,885,27.3
2023,47033,Crockett County,47,Tennessee,13937,40.2,59049,32495,6114,3784,1710,68.88,134100,854,24.0
2023,47035,Cumberland County,47,Tennessee,62529,53.0,58475,32517,31037,22023,5424,80.24,228000,829,23.9
2023,47037,Davidson County,47,Tennessee,709846,34.6,75664,48394,345026,168040,146538,53.42,386600,1485,30.8
2023,47039,Decatur County,47,Tennessee,11499,45.9,46190,26073,6588,3328,1111,74.97,133900,716,23.3
2023,47041,DeKalb County,47,Tennessee,20551,42.2,48484,28137,10033,5850,2645,68.86,206600,773,31.6
2023,47043,Dickson County,47,Tennessee,55197,39.0,73223,37163,23198,16933,4159,80.28,272700,972,23.2
2023,47045,Dyer County,47,Tennessee,36681,40.0,54973,37628,16296,9285,5599,62.38,159500,760,25.4
2023,47047,Fayette County,47,Tennessee,42653,47.2,84764,42294,18087,13509,3221,80.75,316000,883,28.3
2023,47049,Fentress County,47,Tennessee,18948,47.0,50865,24283,9228,6208,1498,80.56,151800,614,29.2
2023,47051,Franklin County,47,Tennessee,43478,42.7,61553,32926,19815,13059,4038,76.38,215700,863,26.9
2023,47053,Gibson County,47,Tennessee,50610,39.8,59009,29139,22500,13422,6676,66.78,149700,797,27.6
2023,47055,Giles County,47,Tennessee,30442,43.6,61476,34348,14104,8664,3046,73.99,204100,836,23.9
2023,47057,Grainger County,47,Tennessee,23929,45.7,51351,28789,11746,7525,2041,78.66,172000,726,29.8
2023,47059,Greene County,47,Tennessee,70919,44.6,54071,30170,32470,21325,6768,75.91,186400,713,24.1
2023,47061,Grundy County,47,Tennessee,13665,42.9,45573,24411,6213,4249,857,83.22,133400,723,27.9
2023,47063,Hamblen County,47,Tennessee,64930,40.8,52794,30120,27805,17602,8156,68.34,188800,838,29.2
2023,47065,Hamilton County,47,Tennessee,370913,39.5,72568,43484,165605,97369,53947,64.35,282100,1163,28.5
2023,47067,Hancock County,47,Tennessee,6790,41.9,31995,24037,3667,2015,758,72.66,118000,592,31.2
2023,47069,Hardeman County,47,Tennessee,25477,40.4,46173,22580,10708,6439,2610,71.16,116800,818,31.9
2023,47071,Hardin County,47,Tennessee,26939,45.4,49149,27876,15096,8450,2383,78.00,154000,770,26.4
2023,47073,Hawkins County,47,Tennessee,57446,45.9,55278,29206,27299,18350,4740,79.47,166900,744,25.2
2023,47075,Haywood County,47,Tennessee,17672,43.1,43513,25554,8247,4109,3057,57.34,119600,725,29.8
2023,47077,Henderson County,47,Tennessee,27906,40.3,53471,27722,12944,7814,3114,71.50,156000,812,25.8
2023,47079,Henry County,47,Tennessee,32345,45.8,48540,29136,17044,9982,3223,75.59,145200,741,24.2
2023,47081,Hickman County,47,Tennessee,25229,41.7,57223,29512,10588,7130,2050,77.67,192000,877,27.7
2023,47083,Houston County,47,Tennessee,8293,44.2,54475,30169,3960,2589,601,81.16,150100,685,22.5
2023,47085,Humphreys County,47,Tennessee,19074,43.7,59333,30868,8868,5457,1407,79.50,186900,830,26.1
2023,47087,Jackson County,47,Tennessee,11882,48.0,41475,27572,5832,3913,782,83.34,135200,804,35.4
2023,47089,Jefferson County,47,Tennessee,55835,44.1,63084,34953,25223,15807,5544,74.03,210000,880,24.3
2023,47091,Johnson County,47,Tennessee,18073,46.4,52152,28786,8755,5637,1535,78.60,175500,639,27.3
2023,47093,Knox County,47,Tennessee,487401,37.3,71662,41957,214606,128142,69156,64.95,279700,1180,29.9
2023,47095,Lake County,47,Tennessee,6691,41.6,30500,16275,2497,915,1107,45.25,107000,472,28.5
2023,47097,Lauderdale County,47,Tennessee,24933,39.4,49205,25716,10697,5759,3455,62.50,122100,729,28.3
2023,47099,Lawrence County,47,Tennessee,44901,39.0,53233,27208,18699,12718,3986,76.14,176700,736,27.5
2023,47101,Lewis County,47,Tennessee,12784,42.2,49477,29149,5746,4147,1006,80.48,157800,735,26.3
2023,47103,Lincoln County,47,Tennessee,35617,43.0,63115,34761,16124,11238,3351,77.03,209100,782,22.6
2023,47105,Loudon County,47,Tennessee,56996,48.7,80296,42817,25415,18972,4466,80.95,292600,995,24.9
2023,47107,McMinn County,47,Tennessee,54135,42.5,59674,30669,24027,16046,5425,74.73,190400,792,26.0
2023,47109,McNairy County,47,Tennessee,25933,43.1,50714,26747,12278,7719,2087,78.72,151100,706,23.4
2023,47111,Macon County,47,Tennessee,25793,38.3,56269,27065,10845,6610,2590,71.85,211200,805,26.9
2023,47113,Madison County,47,Tennessee,98845,38.3,58189,32221,43919,24705,14829,62.49,189700,1076,33.2
2023,47115,Marion County,47,Tennessee,29010,43.7,58103,29313,13837,9199,2330,79.79,173600,840,26.6
2023,47117,Marshall County,47,Tennessee,35276,39.6,70829,35984,14521,10275,2993,77.44,246100,924,26.0
2023,47119,Maury County,47,Tennessee,104855,39.2,74162,37158,44841,29410,11850,71.28,307500,1206,28.0
2023,47121,Meigs County,47,Tennessee,13076,45.5,58395,30197,6164,4062,1217,76.95,185500,845,27.4
2023,47123,Monroe County,47,Tennessee,47054,44.8,56648,29107,21555,13927,5356,72.22,199700,699,28.9
2023,47125,Montgomery County,47,Tennessee,227957,31.7,72365,33645,90226,53073,31248,62.94,248300,1219,28.2
2023,47127,Moore County,47,Tennessee,6611,46.2,66687,37193,2996,2171,467,82.30,259300,746,26.7
2023,47129,Morgan County,47,Tennessee,21193,42.5,57408,30576,8550,6060,1128,84.31,144000,742,28.6
2023,47131,Obion County,47,Tennessee,30570,41.9,53102,29891,14343,8402,4114,67.13,122700,770,25.1
2023,47133,Overton County,47,Tennessee,22807,43.1,46159,30191,10368,6970,2022,77.51,171700,833,27.3
2023,47135,Perry County,47,Tennessee,8561,41.6,50489,25563,4830,2281,759,75.03,113800,747,24.5
2023,47137,Pickett County,47,Tennessee,5062,51.7,44591,28784,3362,1734,372,82.34,162200,755,23.5
2023,47139,Polk County,47,Tennessee,17702,46.2,60227,33714,8856,6011,1133,84.14,136400,668,30.2
2023,47141,Putnam County,47,Tennessee,81366,36.1,56537,30508,35991,20058,12999,60.68,246800,881,29.5
2023,47143,Rhea County,47,Tennessee,33299,41.0,58133,28160,15311,9661,3582,72.95,178500,796,25.9
2023,47145,Roane County,47,Tennessee,54403,47.4,66218,36357,25560,17492,5047,77.61,212300,767,28.2
2023,47147,Robertson County,47,Tennessee,74291,39.1,78439,36135,29263,21431,6324,77.21,296700,1176,26.9
2023,47149,Rutherford County,47,Tennessee,351591,34.0,82588,37294,135336,81828,44033,65.01,346400,1405,30.0
2023,47151,Scott County,47,Tennessee,21969,40.7,42679,23544,9851,6201,2437,71.79,116800,691,26.6
2023,47153,Sequatchie County,47,Tennessee,16409,44.7,52260,26368,6951,4572,1549,74.69,217800,842,39.1
2023,47155,Sevier County,47,Tennessee,98802,43.6,63829,33686,57809,28230,10991,71.98,259500,1013,25.2
2023,47157,Shelby County,47,Tennessee,922195,35.8,62337,37666,403144,196804,163786,54.58,229700,1170,31.9
2023,47159,Smith County,47,Tennessee,20196,40.7,62799,32720,8649,5749,1870,75.46,224500,877,23.3
2023,47161,Stewart County,47,Tennessee,13859,44.6,62052,29881,6698,4323,850,83.57,182700,837,19.9
2023,47163,Sullivan County,47,Tennessee,159693,45.0,56802,35143,75917,49889,18519,72.93,190800,850,27.2
2023,47165,Sumner County,47,Tennessee,200553,39.7,86005,42482,81376,55400,21306,72.22,364000,1339,29.0
2023,47167,Tipton County,47,Tennessee,61339,38.7,71736,33312,24204,17401,5143,77.19,220100,1007,26.3
2023,47169,Trousdale County,47,Tennessee,11805,34.6,63190,26692,3866,2725,933,74.49,284100,805,24.6
2023,47171,Unicoi County,47,Tennessee,17779,47.4,50381,29087,8740,5678,2125,72.77,168200,665,30.5
2023,47173,Union County,47,Tennessee,20141,42.4,61858,29725,9719,6245,1526,80.36,186300,849,26.3
2023,47175,Van Buren County,47,Tennessee,6293,47.2,60281,27404,2915,2086,376,84.73,149200,705,23.9
2023,47177,Warren County,47,Tennessee,41587,40.0,54088,28619,18343,11433,4699,70.87,173900,775,28.4
2023,47179,Washington County,47,Tennessee,134693,40.3,61051,36493,61426,36241,19993,64.45,231700,951,29.4
2023,47181,Wayne County,47,Tennessee,16251,44.3,52824,29526,7205,4674,1060,81.51,126600,619,36.5
2023,47183,Weakley County,47,Tennessee,32959,37.9,49502,26807,15028,8816,4458,66.42,136300,760,26.4
2023,47185,White County,47,Tennessee,27764,43.3,52206,28427,12158,8553,2448,77.75,190200,838,26.0
2023,47187,Williamson County,47,Tennessee,254609,40.3,131202,64632,94418,72370,18346,79.78,673700,1895,28.7
2023,47189,Wilson County,47,Tennessee,153587,39.9,94048,45461,60976,43494,13115,76.83,397000,1370,28.9
2023,48001,Anderson County,48,Texas,57825,39.5,58846,25793,20474,12006,5136,70.04,173400,1006,33.2
2023,48003,Andrews County,48,Texas,18518,33.1,76902,36935,7063,5173,1607,76.30,188200,1364,21.3
2023,48005,Angelina County,48,Texas,86791,37.8,58847,28858,36798,20695,11488,64.30,149800,1056,30.7
2023,48007,Aransas County,48,Texas,24449,51.0,61754,41138,15795,9117,2621,77.67,236800,1052,29.2
2023,48009,Archer County,48,Texas,8734,43.1,71958,39715,3920,2922,517,84.97,175300,766,21.8
2023,48011,Armstrong County,48,Texas,1883,43.0,68462,33883,888,617,137,81.83,185700,1010,25.0
2023,48013,Atascosa County,48,Texas,50058,36.1,69413,28648,19005,12874,3761,77.39,157400,997,26.3
2023,48015,Austin County,48,Texas,30712,41.6,75994,37915,14086,9434,2740,77.49,270900,1111,29.9
2023,48017,Bailey County,48,Texas,7044,35.1,70625,30860,2786,1776,474,78.93,104400,744,22.0
2023,48019,Bandera County,48,Texas,21589,53.4,69703,39552,11507,7711,1232,86.22,249800,998,23.4
2023,48021,Bastrop County,48,Texas,102370,37.5,82730,34363,38269,26625,8539,75.72,269500,1342,25.4
2023,48023,Baylor County,48,Texas,3464,47.5,42313,28579,2170,1034,514,66.80,93300,685,27.1
2023,48025,Bee County,48,Texas,31000,35.8,56075,22771,10607,6188,2393,72.11,102800,1028,30.5
2023,48027,Bell County,48,Texas,379811,32.1,66051,33558,151858,77808,60749,56.16,221100,1168,30.5
2023,48029,Bexar County,48,Texas,2037344,34.6,70571,35795,807160,437637,302765,59.11,244100,1290,31.3
2023,48031,Blanco County,48,Texas,12008,50.3,87564,47358,6099,3713,1288,74.25,396200,920,27.8
2023,48033,Borden County,48,Texas,723,30.0,64250,36074,352,152,87,63.60,105400,-666666666,9.0
2023,48035,Bosque County,48,Texas,18546,46.3,69339,35879,9344,5667,1800,75.89,184500,926,23.3
2023,48037,Bowie County,48,Texas,92321,38.4,59295,31100,39791,21818,12983,62.69,161300,966,30.0
2023,48039,Brazoria County,48,Texas,381650,36.5,95155,41681,146587,97080,34104,74.00,276800,1410,29.7
2023,48041,Brazos County,48,Texas,237980,26.8,58388,33928,99118,41372,47043,46.79,279700,1160,36.2
2023,48043,Brewster County,48,Texas,9464,42.2,52612,36716,5955,2819,2110,57.19,216000,768,23.9
2023,48045,Briscoe County,48,Texas,1223,50.8,41188,40723,901,434,121,78.20,82900,692,16.7
2023,48047,Brooks County,48,Texas,6987,38.1,31310,25010,3856,1533,1351,53.16,82700,487,23.1
2023,48049,Brown County,48,Texas,38294,41.4,55305,31827,19087,10209,4770,68.16,149900,887,31.9
2023,48051,Burleson County,48,Texas,18327,44.3,72888,39545,9485,6267,1482,80.87,174000,909,25.8
2023,48053,Burnet County,48,Texas,51064,44.9,77158,43180,24577,15139,4458,77.25,310500,1324,27.0
2023,48055,Caldwell County,48,Texas,47184,38.2,68503,30497,17013,11518,4223,73.17,215600,1145,27.1
2023,48057,Calhoun County,48,Texas,19921,39.9,71870,38539,10743,6415,1983,76.39,150000,1121,24.5
2023,48059,Callahan County,48,Texas,14017,43.8,68455,33609,6523,4292,945,81.96,144800,881,30.5
2023,48061,Cameron County,48,Texas,423192,32.4,51334,23142,157565,88354,47081,65.24,120000,899,30.1
2023,48063,Camp County,48,Texas,12652,38.7,55061,28347,5795,3582,1095,76.59,159900,774,32.4
2023,48065,Carson County,48,Texas,5802,42.3,84583,41529,2792,1815,487,78.84,140600,933,20.5
2023,48067,Cass County,48,Texas,28582,43.8,54328,29362,13963,9124,2651,77.49,133500,821,30.5
2023,48069,Castro County,48,Texas,7328,34.9,63485,27587,3026,1679,748,69.18,94900,910,21.5
2023,48071,Chambers County,48,Texas,49178,35.3,108114,40487,18144,13651,2907,82.44,289900,1548,23.9
2023,48073,Cherokee County,48,Texas,51143,38.2,59830,27825,20964,13155,4930,72.74,160300,880,26.5
2023,48075,Childress County,48,Texas,6772,33.6,60333,30197,2935,1382,792,63.57,115100,934,18.0
2023,48077,Clay County,48,Texas,10402,47.8,77355,37126,5154,3404,823,80.53,161300,825,23.0
2023,48079,Cochran County,48,Texas,2520,38.7,42137,23292,1260,620,329,65.33,57700,738,22.3
2023,48081,Coke County,48,Texas,3315,47.2,46431,30384,2147,1051,438,70.58,112900,687,27.4
2023,48083,Coleman County,48,Texas,7765,48.5,52364,32880,4902,2485,745,76.93,91200,714,25.0
2023,48085,Collin County,48,Texas,1116601,37.3,117588,55057,421938,256431,143751,64.08,447600,1792,28.7
2023,48087,Collingsworth County,48,Texas,2733,38.1,60165,31033,1471,706,241,74.55,108400,619,14.7
2023,48089,Colorado County,48,Texas,20736,43.8,68554,37885,10066,6139,1438,81.02,194000,1002,25.3
2023,48091,Comal County,48,Texas,174552,42.0,99015,51472,74484,51991,15660,76.85,398800,1460,29.7
2023,48093,Comanche County,48,Texas,13786,43.7,59946,31183,6940,4318,1077,80.04,137800,823,27.4
2023,48095,Concho County,48,Texas,3301,45.3,59632,26200,1420,660,189,77.74,105800,919,20.4
2023,48097,Cooke County,48,Texas,42473,40.3,72472,38518,17841,11727,4525,72.16,224600,1088,27.9
2023,48099,Coryell County,48,Texas,83772,32.4,68904,29059,29180,15493,10606,59.36,177400,1120,26.7
2023,48101,Cottle County,48,Texas,1302,44.3,58819,33973,972,449,122,78.63,54100,323,21.9
2023,48103,Crane County,48,Texas,4623,36.7,59915,30862,1829,1355,310,81.38,119900,883,25.1
2023,48105,Crockett County,48,Texas,2881,42.9,81739,36215,1739,879,297,74.74,140000,585,13.6
2023,48107,Crosby County,48,Texas,5072,39.3,52197,30845,2668,1419,555,71.88,75500,637,30.4
2023,48109,Culberson County,48,Texas,2181,48.1,42672,22621,959,520,182,74.07,84500,971,13.2
2023,48111,Dallam County,48,Texas,7180,30.4,72332,27774,3053,1616,757,68.10,140500,1074,18.8
2023,48113,Dallas County,48,Texas,2603816,34.0,74149,41272,1053471,493453,478237,50.78,277900,1469,30.3
2023,48115,Dawson County,48,Texas,12311,34.6,55789,26182,4892,2904,1250,69.91,90800,873,29.4
2023,48117,Deaf Smith County,48,Texas,18487,31.4,54114,24087,6993,3938,2035,65.93,116000,919,21.9
2023,48119,Delta County,48,Texas,5345,40.7,62855,31640,2441,1741,354,83.10,149400,857,30.3
2023,48121,Denton County,48,Texas,945644,36.8,108185,52909,364120,226694,120115,65.37,403400,1642,29.9
2023,48123,DeWitt County,48,Texas,19853,41.8,64014,30723,9222,4722,1961,70.66,167200,955,25.6
2023,48125,Dickens County,48,Texas,1641,45.7,50417,31451,1107,557,127,81.43,65000,753,34.4
2023,48127,Dimmit County,48,Texas,8507,36.3,33409,20919,4012,1830,1180,60.80,80300,753,24.6
2023,48129,Donley County,48,Texas,3276,45.4,56648,27623,1950,907,296,75.39,90500,686,19.3
2023,48131,Duval County,48,Texas,9824,35.9,50081,23379,4430,2124,868,70.99,86400,737,18.6
2023,48133,Eastland County,48,Texas,17846,42.6,51741,31650,9391,5099,2069,71.14,121700,803,26.4
2023,48135,Ector County,48,Texas,163206,31.3,71031,34459,67542,40217,22205,64.43,190500,1284,30.8
2023,48137,Edwards County,48,Texas,1392,39.6,38500,25240,903,448,26,94.51,78300,714,16.4
2023,48139,Ellis County,48,Texas,203927,36.3,95898,39646,72541,52500,16352,76.25,306400,1449,31.5
2023,48141,El Paso County,48,Texas,866275,33.3,58859,27541,320812,188705,107636,63.68,167300,1045,31.2
2023,48143,Erath County,48,Texas,43244,31.9,65351,33116,18515,10450,5929,63.80,251900,1134,31.9
2023,48145,Falls County,48,Texas,17063,41.5,55372,29535,7449,4714,1295,78.45,97300,747,31.4
2023,48147,Fannin County,48,Texas,36525,40.7,68377,34865,14743,9658,3135,75.49,213500,994,25.2
2023,48149,Fayette County,48,Texas,24783,48.6,76541,41964,13210,7859,1996,79.75,271100,909,24.4
2023,48151,Fisher County,48,Texas,3661,42.6,64700,35440,2041,1300,290,81.76,77600,629,19.3
2023,48153,Floyd County,48,Texas,5294,38.5,55461,31438,2601,1459,480,75.24,101000,587,26.7
2023,48155,Foard County,48,Texas,1079,45.7,42212,27873,602,281,140,66.75,71400,577,28.8
2023,48157,Fort Bend County,48,Texas,859721,37.1,113409,46693,293694,217921,63338,77.48,350300,1770,31.0
2023,48159,Franklin County,48,Texas,10522,43.5,66800,39633,5121,3129,813,79.38,213200,948,24.6
2023,48161,Freestone County,48,Texas,19813,41.8,58460,29170,9101,5138,1729,74.82,164400,844,32.1
2023,48163,Frio County,48,Texas,18019,31.8,60098,22170,6378,3243,1901,63.04,110100,1006,32.1
2023,48165,Gaines County,48,Texas,21904,29.3,76605,30786,7661,5407,1650,76.62,185300,788,26.0
2023,48167,Galveston County,48,Texas,354721,38.5,85348,44123,159379,93591,45075,67.49,284900,1360,31.3
2023,48169,Garza County,48,Texas,5435,38.4,50545,20328,2094,982,451,68.53,79300,797,19.8
2023,48171,Gillespie County,48,Texas,27202,50.5,67799,43555,14255,8004,3268,71.01,432300,1331,29.8
2023,48173,Glasscock County,48,Texas,1070,40.6,106806,53801,463,293,148,66.44,248600,-666666666,-666666666.0
2023,48175,Goliad County,48,Texas,7096,44.8,59556,38705,3541,2317,483,82.75,182800,724,29.1
2023,48177,Gonzales County,48,Texas,19764,38.8,59355,31773,8976,5355,2301,69.95,158900,837,25.9
2023,48179,Gray County,48,Texas,21131,36.8,56082,30893,9975,5824,2102,73.48,100400,898,30.7
2023,48181,Grayson County,48,Texas,139988,39.4,70455,36711,60366,35904,17421,67.33,228300,1178,28.8
2023,48183,Gregg County,48,Texas,124860,35.9,64809,33578,53590,28155,19175,59.49,185800,1072,28.9
2023,48185,Grimes County,48,Texas,30385,40.5,67080,31961,12188,8022,2267,77.97,226600,985,33.0
2023,48187,Guadalupe County,48,Texas,178368,37.5,93776,39766,67366,49402,13551,78.47,285900,1439,26.6
2023,48189,Hale County,48,Texas,32247,34.1,52788,24606,13399,6628,4406,60.07,106100,798,26.6
2023,48191,Hall County,48,Texas,2827,44.9,46728,24649,1748,869,289,75.04,80200,610,19.7
2023,48193,Hamilton County,48,Texas,8320,43.8,55339,36865,4356,2427,707,77.44,124800,847,29.0
2023,48195,Hansford County,48,Texas,5182,35.9,68299,34184,2284,1402,425,76.74,132100,770,27.0
2023,48197,Hardeman County,48,Texas,3529,44.3,61179,29505,1866,904,394,69.65,76500,688,20.8
2023,48199,Hardin County,48,Texas,57126,39.3,72532,36761,24686,17944,3806,82.50,188200,1011,29.4
2023,48201,Harris County,48,Texas,4758579,34.4,73104,39978,1884607,946389,781714,54.76,255000,1349,31.6
2023,48203,Harrison County,48,Texas,69584,38.9,66040,31547,29530,19180,6419,74.92,178200,977,30.6
2023,48205,Hartley County,48,Texas,5307,39.5,82122,30181,1808,1254,381,76.70,213200,1023,22.5
2023,48207,Haskell County,48,Texas,5390,44.3,54044,37896,3084,1563,545,74.15,92000,824,23.4
2023,48209,Hays County,48,Texas,256429,33.9,85827,41931,99775,60587,33912,64.11,371400,1417,34.7
2023,48211,Hemphill County,48,Texas,3311,41.3,72052,45325,1694,1045,323,76.39,214900,946,32.4
2023,48213,Henderson County,48,Texas,83658,43.8,63955,33734,41352,24939,7658,76.51,189600,978,30.4
2023,48215,Hidalgo County,48,Texas,880921,30.3,52281,22005,302173,178475,85653,67.57,124000,925,29.7
2023,48217,Hill County,48,Texas,36664,40.8,63147,31410,16314,10281,3176,76.40,163100,929,29.5
2023,48219,Hockley County,48,Texas,21455,35.8,54810,30131,9209,5848,2210,72.57,112700,813,26.1
2023,48221,Hood County,48,Texas,64198,46.3,86802,44564,28796,20320,4668,81.32,281300,1414,30.4
2023,48223,Hopkins County,48,Texas,37351,39.6,64725,32536,15793,9704,4174,69.92,193200,1038,25.2
2023,48225,Houston County,48,Texas,22042,44.0,54563,27784,10833,5365,2430,68.83,155100,873,29.6
2023,48227,Howard County,48,Texas,33127,37.0,71457,34587,13999,8186,3741,68.63,150300,993,25.8
2023,48229,Hudspeth County,48,Texas,3331,33.2,39336,19142,1130,618,229,72.96,57400,664,21.9
2023,48231,Hunt County,48,Texas,104917,37.2,70112,32446,41973,26580,10969,70.79,210900,1184,27.5
2023,48233,Hutchinson County,48,Texas,20413,38.1,65470,31917,10175,5618,1326,80.90,102200,852,26.0
2023,48235,Irion County,48,Texas,1432,50.5,58125,32883,795,537,69,88.61,152600,1028,40.4
2023,48237,Jack County,48,Texas,8623,41.3,65693,31398,3799,2090,825,71.70,174800,968,28.1
2023,48239,Jackson County,48,Texas,15081,42.1,61752,32146,7021,3803,1621,70.11,175500,1011,27.9
2023,48241,Jasper County,48,Texas,32807,42.5,49919,32261,16558,10619,3048,77.70,125900,790,31.1
2023,48243,Jeff Davis County,48,Texas,1740,58.7,32625,35662,1483,761,86,89.85,234400,1314,51.0
2023,48245,Jefferson County,48,Texas,253939,37.1,59934,31855,109351,57912,35734,61.84,159600,1079,30.1
2023,48247,Jim Hogg County,48,Texas,4797,25.0,42230,17049,1931,751,470,61.51,125600,820,29.9
2023,48249,Jim Wells County,48,Texas,38863,35.5,47492,25529,16207,8971,4327,67.46,104800,885,34.0
2023,48251,Johnson County,48,Texas,188820,37.2,81826,34302,68594,47274,16203,74.47,254600,1343,30.0
2023,48253,Jones County,48,Texas,19968,39.0,63472,23851,7060,4874,1154,80.86,92700,938,27.2
2023,48255,Karnes County,48,Texas,14819,37.1,59103,28251,5892,3033,1610,65.32,136900,872,23.8
2023,48257,Kaufman County,48,Texas,160718,34.2,88606,34131,52744,39062,10641,78.59,290800,1408,31.4
2023,48259,Kendall County,48,Texas,46971,43.1,110498,57181,18797,13435,3814,77.89,489800,1576,32.8
2023,48261,Kenedy County,48,Texas,52,65.5,-666666666,31183,69,6,11,35.29,-666666666,-666666666,-666666666.0
2023,48263,Kent County,48,Texas,727,57.6,71420,35087,484,211,63,77.01,108900,856,13.1
2023,48265,Kerr County,48,Texas,53166,48.6,67927,39822,25439,15673,6594,70.39,285100,1079,28.2
2023,48267,Kimble County,48,Texas,4355,50.3,65703,37812,2825,1460,398,78.58,173100,795,24.6
2023,48269,King County,48,Texas,189,49.1,70192,30890,148,38,52,42.22,-666666666,-666666666,-666666666.0
2023,48271,Kinney County,48,Texas,3140,50.4,66341,34491,1548,904,276,76.61,88500,771,27.3
2023,48273,Kleberg County,48,Texas,30629,29.3,57612,26301,13984,6360,5434,53.93,152200,1022,30.2
2023,48275,Knox County,48,Texas,3322,40.5,56304,26698,1802,981,275,78.11,66800,661,19.4
2023,48277,Lamar County,48,Texas,50421,40.0,61122,31430,22744,13202,6854,65.83,175500,897,28.5
2023,48279,Lamb County,48,Texas,12919,36.6,56997,26993,5893,3346,1298,72.05,76600,900,28.2
2023,48281,Lampasas County,48,Texas,22267,43.9,76919,36318,9802,6544,1603,80.32,236000,961,28.9
2023,48283,La Salle County,48,Texas,6946,38.8,55469,16317,2307,1327,356,78.85,101000,-666666666,9.0
2023,48285,Lavaca County,48,Texas,20479,43.1,61768,35549,10499,6390,1980,76.34,220900,879,25.0
2023,48287,Lee County,48,Texas,17758,41.4,66000,31961,7924,5248,1472,78.10,247500,1050,31.0
2023,48289,Leon County,48,Texas,16067,44.3,59975,32596,9018,5042,1504,77.02,177400,798,21.2
2023,48291,Liberty County,48,Texas,97993,33.3,64773,26368,34765,24240,5769,80.78,167100,1038,35.3
2023,48293,Limestone County,48,Texas,22185,42.0,58109,27878,10430,6166,2152,74.13,154400,835,28.5
2023,48295,Lipscomb County,48,Texas,2964,37.4,71442,34127,1505,883,218,80.20,128400,807,16.8
2023,48297,Live Oak County,48,Texas,11444,38.6,53869,27757,5971,3071,1139,72.95,142300,949,21.5
2023,48299,Llano County,48,Texas,22011,57.5,65636,52514,15583,7889,2329,77.21,322300,995,30.3
2023,48301,Loving County,48,Texas,54,68.9,51087,86035,47,4,32,11.11,-666666666,-666666666,-666666666.0
2023,48303,Lubbock County,48,Texas,314633,31.7,63367,35170,136468,68591,55454,55.30,199600,1134,31.5
2023,48305,Lynn County,48,Texas,5667,37.2,57411,33044,2527,1584,482,76.67,130800,933,31.1
2023,48307,McCulloch County,48,Texas,7565,47.1,51919,30468,4216,2150,922,69.99,104400,838,25.7
2023,48309,McLennan County,48,Texas,263608,34.0,63888,33019,107194,58703,37263,61.17,219200,1106,33.0
2023,48311,McMullen County,48,Texas,623,32.6,45833,23859,326,129,39,76.79,108800,-666666666,-666666666.0
2023,48313,Madison County,48,Texas,13574,35.8,67128,26453,5095,2932,1208,70.82,149100,832,19.5
2023,48315,Marion County,48,Texas,9631,50.6,47447,29117,5609,3250,951,77.36,110500,854,34.1
2023,48317,Martin County,48,Texas,5230,37.2,77083,46701,2207,1361,672,66.95,162200,1175,26.1
2023,48319,Mason County,48,Texas,3951,46.5,68750,36189,2411,1176,374,75.87,274600,751,28.8
2023,48321,Matagorda County,48,Texas,36274,37.5,55174,30189,18871,10191,4633,68.75,162200,998,33.8
2023,48323,Maverick County,48,Texas,57770,30.2,51270,21952,20258,12588,5732,68.71,151500,789,29.4
2023,48325,Medina County,48,Texas,52419,39.6,73462,32091,19758,14449,3030,82.66,220000,1091,28.9
2023,48327,Menard County,48,Texas,1964,58.0,48191,32986,1309,634,199,76.11,105300,810,19.5
2023,48329,Midland County,48,Texas,171496,32.6,93984,48908,71565,45735,21322,68.20,293000,1383,28.9
2023,48331,Milam County,48,Texas,25268,41.6,59076,33760,11581,7781,2268,77.43,168900,948,30.5
2023,48333,Mills County,48,Texas,4499,52.2,64494,36334,2614,1559,286,84.50,200200,713,20.5
2023,48335,Mitchell County,48,Texas,8989,36.9,56033,28277,3697,2037,524,79.54,85700,481,30.9
2023,48337,Montague County,48,Texas,20599,44.0,62818,30689,10313,6414,1728,78.78,189400,957,26.5
2023,48339,Montgomery County,48,Texas,654722,37.2,97266,48550,253801,168894,66580,71.73,317500,1471,28.3
2023,48341,Moore County,48,Texas,21234,30.6,61325,27472,8221,4507,2768,61.95,135400,894,21.6
2023,48343,Morris County,48,Texas,12014,42.4,55082,27503,5812,3801,1237,75.45,110200,824,29.0
2023,48345,Motley County,48,Texas,1267,51.4,62857,29882,746,366,110,76.89,81100,725,11.4
2023,48347,Nacogdoches County,48,Texas,64897,31.8,51528,28856,28995,14573,10541,58.03,158200,923,34.6
2023,48349,Navarro County,48,Texas,53735,37.4,59310,27846,21790,12575,5909,68.03,159900,1039,28.9
2023,48351,Newton County,48,Texas,12193,45.8,41044,25045,6460,3994,904,81.54,83100,877,29.3
2023,48353,Nolan County,48,Texas,14565,36.5,50160,31045,7129,3859,1975,66.15,98300,866,28.6
2023,48355,Nueces County,48,Texas,352829,36.8,66021,33560,153109,78303,52467,59.88,194700,1224,31.1
2023,48357,Ochiltree County,48,Texas,9852,33.3,64988,33106,4340,2598,1160,69.13,137200,905,23.6
2023,48359,Oldham County,48,Texas,2097,32.5,76402,31637,791,449,182,71.16,144800,1125,36.0
2023,48361,Orange County,48,Texas,84993,37.9,73372,36408,37681,23892,7955,75.02,163400,1018,28.7
2023,48363,Palo Pinto County,48,Texas,28920,41.1,64972,32196,15147,7575,3376,69.17,167300,1024,30.9
2023,48365,Panola County,48,Texas,22624,40.5,62593,35020,10818,6732,1754,79.33,146000,810,28.7
2023,48367,Parker County,48,Texas,158079,39.3,102099,45471,58786,44518,9719,82.08,343600,1440,30.0
2023,48369,Parmer County,48,Texas,9752,36.2,68164,29776,3753,2178,1005,68.43,127300,1015,21.8
2023,48371,Pecos County,48,Texas,14983,37.3,67689,29690,5853,3713,1395,72.69,142900,973,24.0
2023,48373,Polk County,48,Texas,51780,43.9,59066,28346,25677,14395,4180,77.50,154000,1009,27.8
2023,48375,Potter County,48,Texas,116634,35.1,50448,27406,49133,23949,18414,56.53,134900,989,29.0
2023,48377,Presidio County,48,Texas,6043,42.0,29014,22463,3380,1742,598,74.44,123100,445,25.3
2023,48379,Rains County,48,Texas,12505,46.2,64874,38483,5858,3916,807,82.91,214900,895,26.4
2023,48381,Randall County,48,Texas,143791,36.8,80905,41758,61137,38257,17501,68.61,227500,1119,26.9
2023,48383,Reagan County,48,Texas,3259,29.4,70288,27477,1379,795,251,76.00,163700,806,21.5
2023,48385,Real County,48,Texas,2821,56.5,45417,23000,1829,772,249,75.61,-666666666,877,32.5
2023,48387,Red River County,48,Texas,11621,49.1,46912,28337,6186,3515,1478,70.40,133800,902,39.5
2023,48389,Reeves County,48,Texas,13219,34.4,56056,24438,5118,3276,869,79.03,113700,988,28.9
2023,48391,Refugio County,48,Texas,6693,43.9,58016,26972,3328,1850,522,77.99,94400,842,33.7
2023,48393,Roberts County,48,Texas,785,39.4,66118,31522,392,259,44,85.48,176800,769,11.8
2023,48395,Robertson County,48,Texas,16973,40.9,66250,31209,8559,4749,1731,73.29,172700,773,28.2
2023,48397,Rockwall County,48,Texas,116931,37.6,124917,54098,41426,32623,6890,82.56,386000,1899,28.9
2023,48399,Runnels County,48,Texas,9880,41.8,63490,31419,4989,2837,963,74.66,103700,894,19.4
2023,48401,Rusk County,48,Texas,52613,38.8,67506,33420,21258,14373,3590,80.01,166900,997,28.0
2023,48403,Sabine County,48,Texas,9998,54.3,59924,38367,7665,3823,646,85.54,131900,738,24.2
2023,48405,San Augustine County,48,Texas,7889,48.8,46338,25902,4799,2256,761,74.78,83500,741,38.0
2023,48407,San Jacinto County,48,Texas,27983,45.0,59526,30234,14487,8822,1658,84.18,183100,1018,24.9
2023,48409,San Patricio County,48,Texas,69519,37.1,67512,31692,29954,16252,8244,66.35,180400,1239,30.6
2023,48411,San Saba County,48,Texas,5802,40.1,54855,29823,2848,1444,651,68.93,161800,894,22.7
2023,48413,Schleicher County,48,Texas,2426,39.8,90141,33900,1290,805,114,87.60,113400,627,14.2
2023,48415,Scurry County,48,Texas,16633,36.4,62689,30274,6896,4571,1360,77.07,110800,913,22.8
2023,48417,Shackelford County,48,Texas,3169,43.9,64659,34010,1572,1088,241,81.87,176900,485,29.6
2023,48419,Shelby County,48,Texas,24108,40.0,50436,28183,11530,6882,2295,74.99,111700,832,24.0
2023,48421,Sherman County,48,Texas,2434,36.5,74167,52788,1117,627,215,74.47,125500,881,16.4
2023,48423,Smith County,48,Texas,238014,37.4,71923,34785,98672,56616,25074,69.31,220800,1197,28.7
2023,48425,Somervell County,48,Texas,9510,44.0,83382,40711,3967,2917,645,81.89,253600,927,26.7
2023,48427,Starr County,48,Texas,65809,29.1,38182,18063,23008,13383,5309,71.60,93300,715,34.6
2023,48429,Stephens County,48,Texas,9278,41.6,54695,30030,4669,2798,762,78.60,105700,802,26.7
2023,48431,Sterling County,48,Texas,1389,31.4,78750,33497,508,335,67,83.33,143200,968,40.7
2023,48433,Stonewall County,48,Texas,1244,46.5,61250,41521,733,409,67,85.92,54700,620,16.3
2023,48435,Sutton County,48,Texas,3306,34.9,75000,30353,1740,828,408,66.99,140600,770,18.4
2023,48437,Swisher County,48,Texas,6981,36.5,39031,23065,3038,1620,833,66.04,89200,729,28.9
2023,48439,Tarrant County,48,Texas,2135743,35.1,81905,41364,827874,456632,312653,59.36,294100,1447,32.1
2023,48441,Taylor County,48,Texas,144259,33.0,66406,33332,61581,32504,21886,59.76,190300,1111,29.6
2023,48443,Terrell County,48,Texas,851,60.9,46989,35603,663,402,51,88.74,152200,-666666666,-666666666.0
2023,48445,Terry County,48,Texas,11699,35.7,45905,24987,4796,2767,1504,64.79,111200,813,35.0
2023,48447,Throckmorton County,48,Texas,1589,42.7,58864,33147,960,502,184,73.18,84200,548,19.5
2023,48449,Titus County,48,Texas,31284,34.7,59220,26514,12110,7597,3414,68.99,157900,817,25.5
2023,48451,Tom Green County,48,Texas,119398,35.8,66254,34888,51949,30807,15287,66.84,186700,1125,30.1
2023,48453,Travis County,48,Texas,1307625,35.5,97169,59289,594638,297755,263736,53.03,487600,1669,29.0
2023,48455,Trinity County,48,Texas,13850,49.8,51663,31706,8261,4682,1351,77.61,110100,823,30.4
2023,48457,Tyler County,48,Texas,20084,42.5,50647,32501,9499,5574,1499,78.81,138400,951,28.9
2023,48459,Upshur County,48,Texas,41864,40.3,62794,32748,17444,12185,3187,79.27,171200,1015,26.3
2023,48461,Upton County,48,Texas,3227,41.1,52321,30320,1629,997,328,75.25,106300,689,16.8
2023,48463,Uvalde County,48,Texas,24810,34.6,57849,26437,10092,5601,2821,66.50,144400,966,26.7
2023,48465,Val Verde County,48,Texas,47647,32.3,59673,27114,18631,11168,5538,66.85,151500,956,25.5
2023,48467,Van Zandt County,48,Texas,61323,42.1,68274,34078,25708,18238,4317,80.86,199500,1010,29.1
2023,48469,Victoria County,48,Texas,91281,36.6,70101,33305,39238,23076,11066,67.59,197600,1151,29.0
2023,48471,Walker County,48,Texas,78292,37.1,49862,24983,29626,14387,10793,57.14,207900,986,36.3
2023,48473,Waller County,48,Texas,59455,30.8,76135,33960,19946,12685,5296,70.55,292000,1210,28.2
2023,48475,Ward County,48,Texas,11255,34.9,71719,35376,5137,3408,937,78.43,138800,939,19.3
2023,48477,Washington County,48,Texas,36156,40.9,75085,41902,17371,11171,4106,73.12,270100,1091,28.5
2023,48479,Webb County,48,Texas,267731,29.8,62506,24408,86727,50841,28731,63.89,178900,997,31.4
2023,48481,Wharton County,48,Texas,41651,38.4,66100,32579,17546,10885,4537,70.58,182700,986,27.1
2023,48483,Wheeler County,48,Texas,4902,40.6,67964,30869,2595,1451,398,78.47,97600,995,31.4
2023,48485,Wichita County,48,Texas,129842,35.0,62168,32762,55664,30093,18842,61.50,141600,972,27.7
2023,48487,Wilbarger County,48,Texas,12712,39.5,51626,28997,5848,2967,1770,62.63,98800,862,20.0
2023,48489,Willacy County,48,Texas,20218,33.7,45645,22607,6854,4104,1567,72.37,60800,868,29.1
2023,48491,Williamson County,48,Texas,643889,37.2,108309,51260,251600,162175,79579,67.08,414600,1720,29.1
2023,48493,Wilson County,48,Texas,51501,40.1,92461,41249,19259,15240,2545,85.69,286300,1069,26.6
2023,48495,Winkler County,48,Texas,7540,35.3,91898,34666,3209,2406,375,86.52,121200,900,16.5
2023,48497,Wise County,48,Texas,72359,40.0,89897,37908,27196,20289,4292,82.54,277200,1239,27.7
2023,48499,Wood County,48,Texas,46094,48.4,62524,35322,22267,14552,3669,79.86,195100,851,28.9
2023,48501,Yoakum County,48,Texas,7589,33.0,82261,35856,3015,1973,643,75.42,183000,931,22.7
2023,48503,Young County,48,Texas,17963,40.7,63723,36613,8550,5647,2116,72.74,165300,849,27.2
2023,48505,Zapata County,48,Texas,13855,31.5,36527,19131,6218,3442,1170,74.63,88800,569,27.4
2023,48507,Zavala County,48,Texas,9532,32.5,41887,20605,3951,2421,990,70.98,88100,544,27.7
2023,49001,Beaver County,49,Utah,7172,34.4,85603,29979,2928,1965,421,82.36,287600,1034,21.7
2023,49003,Box Elder County,49,Utah,59725,32.9,77865,31738,20280,14499,4651,75.71,357400,1028,26.5
2023,49005,Cache County,49,Utah,137031,25.9,78292,32080,45454,27431,15687,63.62,392800,1137,28.0
2023,49007,Carbon County,49,Utah,20446,38.8,53673,28462,9629,5465,2558,68.12,200700,828,31.0
2023,49009,Daggett County,49,Utah,747,45.0,58750,29882,1155,217,45,82.82,242100,775,13.2
2023,49011,Davis County,49,Utah,366742,32.3,108058,41451,118581,88759,25915,77.40,470500,1516,27.8
2023,49013,Duchesne County,49,Utah,19932,33.8,74738,30966,8943,5324,1390,79.30,253600,934,24.3
2023,49015,Emery County,49,Utah,9968,39.1,69956,29645,4099,2727,701,79.55,197100,696,29.7
2023,49017,Garfield County,49,Utah,5170,41.0,61688,31935,3589,1490,537,73.51,285800,781,20.8
2023,49019,Grand County,49,Utah,9697,39.6,62521,41443,5333,3116,1350,69.77,480900,1021,27.8
2023,49021,Iron County,49,Utah,60201,29.9,65527,28886,22824,13255,6403,67.43,342900,1008,28.7
2023,49023,Juab County,49,Utah,12273,30.5,89803,32467,3972,3044,712,81.04,369800,917,20.4
2023,49025,Kane County,49,Utah,7996,43.7,75000,38369,6264,2607,585,81.67,350900,1120,29.0
2023,49027,Millard County,49,Utah,13179,33.4,70877,27109,4990,3346,921,78.42,246400,897,25.5
2023,49029,Morgan County,49,Utah,12585,32.5,126092,43194,3833,3251,354,90.18,600900,1493,19.7
2023,49031,Piute County,49,Utah,1705,47.1,44650,23171,892,525,42,92.59,235400,792,19.2
2023,49033,Rich County,49,Utah,2588,37.2,76875,29074,3217,657,160,80.42,291200,743,24.9
2023,49035,Salt Lake County,49,Utah,1184689,33.8,94658,43393,440166,279101,137488,67.00,484500,1493,29.0
2023,49037,San Juan County,49,Utah,14466,34.6,54890,24634,5612,3712,938,79.83,189900,805,23.0
2023,49039,Sanpete County,49,Utah,29209,33.8,67459,26663,10442,6691,2057,76.49,300400,911,28.1
2023,49041,Sevier County,49,Utah,21854,36.7,73765,30447,8705,5906,1487,79.89,274100,878,24.1
2023,49043,Summit County,49,Utah,42709,41.0,137058,74755,26206,11635,2842,80.37,1000400,1969,25.0
2023,49045,Tooele County,49,Utah,76648,32.0,101846,37365,24138,19048,4002,82.64,391300,1134,24.7
2023,49047,Uintah County,49,Utah,36458,33.0,69861,30586,13775,8602,3338,72.04,270200,914,21.5
2023,49049,Utah County,49,Utah,683622,25.5,96877,35091,203308,133266,62336,68.13,489200,1441,28.6
2023,49051,Wasatch County,49,Utah,35808,36.1,115146,54096,15446,9457,2528,78.91,724400,1905,30.5
2023,49053,Washington County,49,Utah,189827,39.0,76411,37962,78993,48574,18340,72.59,465600,1464,32.3
2023,49055,Wayne County,49,Utah,2557,43.1,70074,34710,1713,822,263,75.76,364800,1018,19.2
2023,49057,Weber County,49,Utah,266183,33.5,87083,37055,98595,68853,23500,74.55,389200,1269,28.0
2023,50001,Addison County,50,Vermont,37497,44.0,88478,43524,17521,11708,2930,79.98,333700,1201,28.1
2023,50003,Bennington County,50,Vermont,37312,46.6,71494,43214,20877,11074,3562,75.66,257400,1063,35.7
2023,50005,Caledonia County,50,Vermont,30425,45.6,66075,38153,16084,10066,2811,78.17,215900,904,29.4
2023,50007,Chittenden County,50,Vermont,168831,37.0,94310,50552,74025,44771,25672,63.56,404500,1590,31.6
2023,50009,Essex County,50,Vermont,5972,51.4,58985,34221,4914,2270,459,83.18,167500,915,28.0
2023,50011,Franklin County,50,Vermont,50379,40.9,79078,38447,22850,15288,4317,77.98,285500,1164,30.5
2023,50013,Grand Isle County,50,Vermont,7393,48.7,90625,53254,5301,2798,280,90.90,363500,1436,28.4
2023,50015,Lamoille County,50,Vermont,26036,41.2,69897,45885,14138,8309,3115,72.73,285200,1123,28.0
2023,50017,Orange County,50,Vermont,29594,46.9,77328,41343,15021,10421,2369,81.48,251000,1145,30.7
2023,50019,Orleans County,50,Vermont,27492,45.4,66426,36459,16630,9426,2365,79.94,213300,897,29.5
2023,50021,Rutland County,50,Vermont,60484,47.7,64778,38902,33974,18496,6952,72.68,218400,965,30.9
2023,50023,Washington County,50,Vermont,59958,43.7,79853,45017,30860,18611,6863,73.06,293900,1094,28.3
2023,50025,Windham County,50,Vermont,45913,47.3,68021,42142,30104,14306,5354,72.77,265100,1056,29.9
2023,50027,Windsor County,50,Vermont,57968,47.8,75247,47344,34773,18618,6255,74.85,267400,1089,27.5
2023,51001,Accomack County,51,Virginia,33326,47.5,57500,33213,21897,10081,4221,70.49,193100,973,27.1
2023,51003,Albemarle County,51,Virginia,113683,39.8,102617,57490,48360,29720,15344,65.95,471000,1623,29.0
2023,51005,Alleghany County,51,Virginia,14962,48.1,55160,30925,7916,5070,1222,80.58,122300,774,28.6
2023,51007,Amelia County,51,Virginia,13342,44.8,66339,33626,5770,4289,996,81.15,239700,972,26.6
2023,51009,Amherst County,51,Virginia,31385,43.3,67298,36275,14301,9959,2743,78.40,197200,842,29.5
2023,51011,Appomattox County,51,Virginia,16424,43.3,62337,33468,7380,5092,1471,77.59,189200,883,21.6
2023,51013,Arlington County,51,Virginia,235463,35.5,140160,88024,120746,46670,64860,41.85,864800,2275,26.1
2023,51015,Augusta County,51,Virginia,77713,44.9,79972,37781,32890,24192,6452,78.95,281400,1057,26.1
2023,51017,Bath County,51,Virginia,4123,52.3,61709,36110,3336,1343,438,75.41,206000,825,24.4
2023,51019,Bedford County,51,Virginia,80254,47.1,77644,42095,37383,27536,5162,84.21,276600,955,27.6
2023,51021,Bland County,51,Virginia,6211,47.1,61375,29128,3205,1896,449,80.85,157100,683,19.7
2023,51023,Botetourt County,51,Virginia,33875,48.1,80467,41322,15010,11245,1860,85.81,268900,951,21.9
2023,51025,Brunswick County,51,Virginia,15868,44.4,52978,29171,7935,4635,1755,72.54,132700,864,25.5
2023,51027,Buchanan County,51,Virginia,19857,47.3,42216,26203,10340,6038,1313,82.14,91400,712,36.9
2023,51029,Buckingham County,51,Virginia,16914,43.7,59199,28353,7233,4633,1429,76.43,167800,874,27.7
2023,51031,Campbell County,51,Virginia,55398,43.2,62608,33847,25363,16677,5403,75.53,199200,853,26.0
2023,51033,Caroline County,51,Virginia,31541,39.4,86267,38847,12693,9548,2132,81.75,283100,1201,28.9
2023,51035,Carroll County,51,Virginia,29158,49.0,52575,29946,16645,9724,2769,77.84,144200,687,20.0
2023,51036,Charles City County,51,Virginia,6686,52.6,70339,41266,3269,2527,420,85.75,224100,1076,30.6
2023,51037,Charlotte County,51,Virginia,11475,45.2,48892,28682,5973,3287,1334,71.13,144000,682,34.6
2023,51041,Chesterfield County,51,Virginia,371610,38.9,98910,46772,142572,105903,31093,77.30,336700,1542,30.7
2023,51043,Clarke County,51,Virginia,15060,48.3,114185,54763,6478,4638,1013,82.07,538900,1360,34.0
2023,51045,Craig County,51,Virginia,4881,46.1,67778,34122,2397,1455,297,83.05,210500,728,19.9
2023,51047,Culpeper County,51,Virginia,53563,39.3,96098,40304,19529,13848,4736,74.52,386400,1417,29.4
2023,51049,Cumberland County,51,Virginia,9745,45.2,57057,36142,4695,3150,1025,75.45,220100,847,22.7
2023,51051,Dickenson County,51,Virginia,13920,45.9,43831,26070,7352,4265,1452,74.60,101100,733,32.9
2023,51053,Dinwiddie County,51,Virginia,28083,43.4,83898,37955,11896,8159,2268,78.25,246100,1242,22.2
2023,51057,Essex County,51,Virginia,10604,47.1,56481,32839,5785,3031,1365,68.95,228600,967,30.8
2023,51059,Fairfax County,51,Virginia,1144474,38.9,150113,69971,428352,282039,130624,68.35,699700,2230,28.3
2023,51061,Fauquier County,51,Virginia,73935,40.8,129495,55864,28454,20522,5744,78.13,543700,1561,23.9
2023,51063,Floyd County,51,Virginia,15560,48.0,61401,36681,7946,5582,1067,83.95,215500,826,23.7
2023,51065,Fluvanna County,51,Virginia,27764,43.3,91959,42987,11329,9063,1188,88.41,281700,1173,24.4
2023,51067,Franklin County,51,Virginia,54958,48.5,68348,38202,28344,17922,4562,79.71,222800,797,21.9
2023,51069,Frederick County,51,Virginia,93355,40.6,95603,45248,36617,26791,7547,78.02,355000,1402,27.0
2023,51071,Giles County,51,Virginia,16610,45.8,64819,33792,8316,5339,1430,78.87,143500,780,23.0
2023,51073,Gloucester County,51,Virginia,39228,44.6,83689,40924,17204,12064,3047,79.84,289200,1144,26.6
2023,51075,Goochland County,51,Virginia,25613,49.4,118695,68258,10913,8646,1367,86.35,483700,1567,24.4
2023,51077,Grayson County,51,Virginia,15323,48.5,42864,27087,8961,5080,1122,81.91,132300,712,31.7
2023,51079,Greene County,51,Virginia,20850,40.8,85268,41541,8687,6296,1616,79.58,315300,1502,27.1
2023,51081,Greensville County,51,Virginia,11304,39.9,56759,23125,4012,2132,960,68.95,159200,960,32.4
2023,51083,Halifax County,51,Virginia,33811,46.7,49244,27115,17382,9648,4025,70.56,148900,769,31.4
2023,51085,Hanover County,51,Virginia,111652,42.3,109504,51509,43983,34790,7222,82.81,372700,1496,27.9
2023,51087,Henrico County,51,Virginia,334434,39.4,86397,50277,142964,87622,47977,64.62,333600,1474,30.9
2023,51089,Henry County,51,Virginia,50365,47.9,48445,28644,25445,15601,4902,76.09,120300,705,27.0
2023,51091,Highland County,51,Virginia,2265,57.1,62946,35262,1839,884,119,88.14,195700,859,37.3
2023,51093,Isle of Wight County,51,Virginia,39444,44.2,96118,47674,16827,12545,2881,81.32,333600,1313,26.2
2023,51095,James City County,51,Virginia,80046,47.2,107046,53887,34400,24720,6631,78.85,419200,1491,32.7
2023,51097,King and Queen County,51,Virginia,6676,49.0,72851,39622,3485,2178,636,77.40,240900,982,24.8
2023,51099,King George County,51,Virginia,27468,38.3,110517,47046,10540,7517,2360,76.11,395900,1426,29.4
2023,51101,King William County,51,Virginia,18232,40.5,85212,38965,7605,6318,797,88.80,276500,1246,31.4
2023,51103,Lancaster County,51,Virginia,10876,59.1,67169,49384,7483,4364,1104,79.81,307600,978,31.3
2023,51105,Lee County,51,Virginia,22042,45.4,42269,25439,10857,6242,2204,73.90,98700,725,38.1
2023,51107,Loudoun County,51,Virginia,427082,37.8,178707,70133,144804,109723,31100,77.92,701000,2317,27.3
2023,51109,Louisa County,51,Virginia,39012,44.8,80343,42793,18047,12355,2856,81.22,275600,1208,33.2
2023,51111,Lunenburg County,51,Virginia,11990,44.8,54460,26539,5903,3358,1311,71.92,145500,780,27.0
2023,51113,Madison County,51,Virginia,13931,46.2,82972,40022,6110,4290,1102,79.56,331400,1048,29.0
2023,51115,Mathews County,51,Virginia,8517,53.8,75487,45767,5486,3225,542,85.61,348800,1108,19.8
2023,51117,Mecklenburg County,51,Virginia,30431,48.8,51691,33014,19184,9635,3760,71.93,169400,804,29.5
2023,51119,Middlesex County,51,Virginia,10774,55.5,74154,40661,7140,4056,677,85.70,299800,1071,29.1
2023,51121,Montgomery County,51,Virginia,99159,30.2,70769,36009,42229,20105,16626,54.74,283600,1206,30.8
2023,51125,Nelson County,51,Virginia,14777,51.3,68525,45251,9947,5124,1346,79.20,283000,950,26.9
2023,51127,New Kent County,51,Virginia,24139,43.4,120125,51609,9495,8321,713,92.11,371500,1653,32.6
2023,51131,Northampton County,51,Virginia,12115,51.6,55933,38934,7456,3481,1857,65.21,279100,780,28.2
2023,51133,Northumberland County,51,Virginia,12085,59.5,69500,47191,9009,4854,582,89.29,333100,1053,20.4
2023,51135,Nottoway County,51,Virginia,15597,41.2,62161,25832,6683,3803,1689,69.25,179800,1009,26.1
2023,51137,Orange County,51,Virginia,37208,42.0,94175,45021,15895,11411,3256,77.80,337300,1145,26.9
2023,51139,Page County,51,Virginia,23750,45.4,59396,31006,11878,6926,2583,72.84,221800,851,26.8
2023,51141,Patrick County,51,Virginia,17606,51.0,50938,32864,10006,6018,1779,77.18,146500,721,27.2
2023,51143,Pittsylvania County,51,Virginia,60148,48.3,54115,30209,29468,19397,5236,78.74,153000,856,29.1
2023,51145,Powhatan County,51,Virginia,31074,45.3,110667,48796,11841,10387,764,93.15,381300,1107,28.2
2023,51147,Prince Edward County,51,Virginia,21932,32.4,55082,25782,9171,4532,3028,59.95,203700,898,30.4
2023,51149,Prince George County,51,Virginia,42873,33.4,88225,33937,13444,9402,3316,73.93,268300,1563,29.0
2023,51153,Prince William County,51,Virginia,484625,36.0,128873,50883,160256,115001,39608,74.38,500600,2002,29.9
2023,51155,Pulaski County,51,Virginia,33771,46.9,60767,35650,17039,10380,4006,72.15,182500,815,25.8
2023,51157,Rappahannock County,51,Virginia,7409,50.1,98125,57136,3848,2228,633,77.87,490200,1384,22.7
2023,51159,Richmond County,51,Virginia,9047,46.1,64184,27687,3959,2067,864,70.52,214200,1011,21.8
2023,51161,Roanoke County,51,Virginia,96793,43.7,82931,44817,42251,29919,9312,76.26,267300,1148,26.4
2023,51163,Rockbridge County,51,Virginia,22578,49.7,63975,37739,11315,7492,2060,78.43,238700,956,27.0
2023,51165,Rockingham County,51,Virginia,84739,40.3,78468,39011,36095,24093,7955,75.18,287900,1125,26.3
2023,51167,Russell County,51,Virginia,25635,46.5,49020,28484,12772,7936,2534,75.80,119600,682,26.9
2023,51169,Scott County,51,Virginia,21504,47.6,45136,28009,11776,7011,1940,78.33,122300,665,26.1
2023,51171,Shenandoah County,51,Virginia,44630,42.9,64437,35360,21319,12877,4905,72.42,265800,968,27.2
2023,51173,Smyth County,51,Virginia,29585,46.2,46859,29369,15080,8880,3650,70.87,125800,692,27.8
2023,51175,Southampton County,51,Virginia,17988,46.9,68465,32981,7774,5152,1735,74.81,208800,930,30.4
2023,51177,Spotsylvania County,51,Virginia,143876,38.3,109576,46837,54020,40850,10439,79.65,375000,1733,30.8
2023,51179,Stafford County,51,Virginia,160520,36.3,133792,51999,53864,41472,9837,80.83,458800,1925,29.1
2023,51181,Surry County,51,Virginia,6552,50.7,71458,38105,3438,2210,545,80.22,235200,858,27.7
2023,51183,Sussex County,51,Virginia,10793,41.0,62821,30457,4672,2567,1138,69.28,178500,952,28.8
2023,51185,Tazewell County,51,Virginia,39933,45.0,45788,28604,19804,11652,4299,73.05,116100,738,27.7
2023,51187,Warren County,51,Virginia,41104,40.5,84331,39834,16936,11699,3658,76.18,315800,1199,26.9
2023,51191,Washington County,51,Virginia,53913,46.9,62774,38582,25505,16770,5348,75.82,201800,832,23.2
2023,51193,Westmoreland County,51,Virginia,18683,48.0,59766,37305,11300,6348,1681,79.06,244000,991,34.1
2023,51195,Wise County,51,Virginia,35727,42.1,50740,24622,16659,10419,3636,74.13,116500,770,24.6
2023,51197,Wythe County,51,Virginia,28219,45.9,55359,33564,14016,9493,2903,76.58,172100,718,27.8
2023,51199,York County,51,Virginia,70590,39.8,108326,51183,28211,18824,7621,71.18,411200,1777,28.5
2023,51510,Alexandria city,51,Virginia,156788,37.5,113638,77935,80570,31674,43675,42.04,696800,2031,28.3
2023,51520,Bristol city,51,Virginia,17024,42.6,44706,29646,8654,4627,2700,63.15,168700,775,27.7
2023,51530,Buena Vista city,51,Virginia,6612,36.2,54458,33175,2944,1493,1118,57.18,153500,1067,30.2
2023,51540,Charlottesville city,51,Virginia,45863,32.9,69829,48395,21559,8614,11085,43.73,448400,1453,33.9
2023,51550,Chesapeake city,51,Virginia,251153,37.7,94189,43819,95997,68140,24221,73.78,359100,1523,33.0
2023,51570,Colonial Heights city,51,Virginia,18210,38.5,76250,38272,8126,5136,2409,68.07,231700,1162,31.3
2023,51580,Covington city,51,Virginia,5671,41.5,42724,24067,3038,1781,712,71.44,80200,822,28.8
2023,51590,Danville city,51,Virginia,42239,40.8,42778,27537,22309,9137,9495,49.04,110200,808,27.4
2023,51595,Emporia city,51,Virginia,5633,39.5,49375,25570,2824,852,1367,38.40,131100,1060,28.4
2023,51600,Fairfax city,51,Virginia,24478,37.3,132774,62800,9317,6350,2808,69.34,677400,2122,29.8
2023,51610,Falls Church city,51,Virginia,14593,39.4,154734,85077,6360,3039,3014,50.21,1005400,2205,25.8
2023,51620,Franklin city,51,Virginia,8212,40.5,65125,31838,3897,1809,1579,53.39,227200,995,26.4
2023,51630,Fredericksburg city,51,Virginia,28383,31.0,85368,46503,12308,4756,6687,41.56,461500,1521,28.7
2023,51640,Galax city,51,Virginia,6698,41.9,41438,31429,3213,1682,1047,61.63,126800,692,23.8
2023,51650,Hampton city,51,Virginia,137334,36.5,67758,36787,62503,32118,25622,55.63,234100,1346,32.5
2023,51660,Harrisonburg city,51,Virginia,51492,25.4,59752,27957,18654,6922,10409,39.94,278200,1120,27.9
2023,51670,Hopewell city,51,Virginia,22944,36.4,48681,26626,10434,5230,4188,55.53,165100,1085,37.4
2023,51678,Lexington city,51,Virginia,7420,22.5,89598,30839,2644,1065,996,51.67,275300,985,28.4
2023,51680,Lynchburg city,51,Virginia,79255,28.4,59808,30004,34009,14076,14611,49.07,211800,1043,28.9
2023,51683,Manassas city,51,Virginia,42674,34.7,117919,44939,14426,10134,3907,72.17,434700,1835,29.1
2023,51685,Manassas Park city,51,Virginia,16923,35.3,100668,43662,5525,3490,1675,67.57,381200,2175,30.3
2023,51690,Martinsville city,51,Virginia,13584,40.2,42434,28834,7031,3184,2435,56.66,92500,784,26.6
2023,51700,Newport News city,51,Virginia,184774,34.2,66718,37475,81850,36452,39346,48.09,243300,1285,30.5
2023,51710,Norfolk city,51,Virginia,235037,32.4,64017,37433,102542,43159,51298,45.69,271900,1246,31.7
2023,51720,Norton city,51,Virginia,3620,41.1,38497,27033,1748,812,741,52.29,100700,670,27.7
2023,51730,Petersburg city,51,Virginia,33365,35.8,50741,29590,18026,5682,9172,38.25,157900,1132,30.0
2023,51735,Poquoson city,51,Virginia,12556,41.4,120919,49935,4945,3967,690,85.18,403000,1634,33.4
2023,51740,Portsmouth city,51,Virginia,97299,35.8,58972,32915,43233,22557,17121,56.85,229400,1266,34.5
2023,51750,Radford city,51,Virginia,16505,23.0,52791,25220,6457,2347,3153,42.67,211700,966,35.7
2023,51760,Richmond city,51,Virginia,227595,34.5,62671,44249,112848,44386,57759,43.45,328100,1314,31.4
2023,51770,Roanoke city,51,Virginia,98677,38.0,52671,34792,48931,22452,20977,51.70,180500,964,28.8
2023,51775,Salem city,51,Virginia,25477,40.3,66716,38127,11096,6441,3699,63.52,244800,1046,29.6
2023,51790,Staunton city,51,Virginia,25765,41.0,62586,35941,12352,6756,4600,59.49,239300,993,26.5
2023,51800,Suffolk city,51,Virginia,96638,38.7,90089,45135,39651,26127,11006,70.36,329600,1484,33.4
2023,51810,Virginia Beach city,51,Virginia,457066,37.4,90685,47372,190734,116729,63071,64.92,366300,1649,31.1
2023,51820,Waynesboro city,51,Virginia,22574,38.9,56364,32036,10395,5731,3889,59.57,236600,972,29.2
2023,51830,Williamsburg city,51,Virginia,15564,24.0,70206,35732,5767,2615,2358,52.58,393200,1361,34.9
2023,51840,Winchester city,51,Virginia,27981,36.7,64648,36073,12468,4711,6544,41.86,325900,1298,30.6
2023,53001,Adams County,53,Washington,20690,29.2,65042,25934,6844,4351,1950,69.05,251300,901,29.5
2023,53003,Asotin County,53,Washington,22424,45.5,69107,38991,10165,6946,2492,73.60,286200,994,28.3
2023,53005,Benton County,53,Washington,210224,36.2,87316,41588,81792,52533,24163,68.50,369400,1256,29.0
2023,53007,Chelan County,53,Washington,79518,40.4,78306,42092,38129,19521,11304,63.33,454900,1182,26.6
2023,53009,Clallam County,53,Washington,77593,51.8,67999,40133,38295,25013,9364,72.76,385600,1110,30.5
2023,53011,Clark County,53,Washington,510516,38.9,94948,46391,201114,128039,65348,66.21,487900,1668,30.2
2023,53013,Columbia County,53,Washington,3996,52.1,71528,42143,2218,1473,419,77.85,256100,944,25.9
2023,53015,Cowlitz County,53,Washington,111539,41.1,72932,36520,45884,28716,14693,66.15,367400,1169,29.8
2023,53017,Douglas County,53,Washington,43733,38.4,80374,40039,17721,10746,4962,68.41,402900,1234,26.4
2023,53019,Ferry County,53,Washington,7326,52.8,54650,33322,4105,2373,765,75.62,274500,703,23.9
2023,53021,Franklin County,53,Washington,97676,30.8,82755,32752,30488,20405,8713,70.08,345700,1171,28.8
2023,53023,Garfield County,53,Washington,2326,52.6,62411,34685,1223,809,243,76.90,214200,768,30.0
2023,53025,Grant County,53,Washington,100428,33.5,71115,32241,39496,22649,11853,65.65,275700,1059,25.6
2023,53027,Grays Harbor County,53,Washington,76397,44.7,63539,33763,36568,21770,8212,72.61,279500,1018,28.1
2023,53029,Island County,53,Washington,86747,44.5,88358,46226,42398,26521,9008,74.65,535300,1631,31.7
2023,53031,Jefferson County,53,Washington,33313,59.5,71143,49853,19359,12875,3281,79.69,495100,1291,28.6
2023,53033,King County,53,Washington,2262713,37.3,122148,71062,988330,520391,407426,56.09,811200,2035,28.5
2023,53035,Kitsap County,53,Washington,276581,39.9,98546,50367,115329,75245,32019,70.15,505700,1741,31.1
2023,53037,Kittitas County,53,Washington,44736,37.9,69928,41356,24326,12221,7380,62.35,459900,1253,32.6
2023,53039,Klickitat County,53,Washington,23082,47.5,70400,42193,10722,7383,2391,75.54,388700,1119,31.0
2023,53041,Lewis County,53,Washington,83925,42.4,69690,33972,36037,23965,8349,74.16,341500,1044,29.6
2023,53043,Lincoln County,53,Washington,11271,46.9,71227,38719,5840,3658,1001,78.51,272300,872,21.0
2023,53045,Mason County,53,Washington,66968,44.8,78359,38685,33751,20582,4791,81.12,377400,1205,27.8
2023,53047,Okanogan County,53,Washington,42811,43.4,60293,31905,22015,12341,4867,71.72,284200,868,22.1
2023,53049,Pacific County,53,Washington,23750,54.9,62350,40128,16220,8736,2021,81.21,274000,962,29.0
2023,53051,Pend Oreille County,53,Washington,13811,50.0,63750,35660,8036,4502,1327,77.23,307800,786,24.7
2023,53053,Pierce County,53,Washington,924106,36.8,96632,45885,365748,224645,122063,64.79,484400,1722,31.0
2023,53055,San Juan County,53,Washington,18266,56.7,83682,63173,13951,6951,1983,77.80,726500,1413,27.5
2023,53057,Skagit County,53,Washington,130407,41.9,85474,43158,56472,36394,15124,70.64,486200,1439,31.4
2023,53059,Skamania County,53,Washington,12276,48.6,90085,44514,5899,4001,964,80.58,472600,1024,28.4
2023,53061,Snohomish County,53,Washington,834648,38.4,107982,51836,327893,213259,98566,68.39,644600,1866,31.3
2023,53063,Spokane County,53,Washington,544323,38.2,73513,39879,228156,137926,77953,63.89,370500,1200,30.9
2023,53065,Stevens County,53,Washington,47470,46.8,67405,35577,22577,15035,3948,79.20,308000,864,27.4
2023,53067,Thurston County,53,Washington,296640,39.8,93985,44646,123333,79392,37780,67.76,451500,1634,31.9
2023,53069,Wahkiakum County,53,Washington,4573,54.8,57091,32879,2207,1718,308,84.80,344500,1086,40.8
2023,53071,Walla Walla County,53,Washington,62102,38.3,72212,37562,25219,15424,7966,65.94,375600,1113,31.0
2023,53073,Whatcom County,53,Washington,228432,38.2,80989,43463,101928,58708,33703,63.53,536100,1465,34.6
2023,53075,Whitman County,53,Washington,47042,26.1,52893,31884,21232,8365,9587,46.60,323300,1002,39.2
2023,53077,Yakima County,53,Washington,256605,33.2,68015,29309,91647,54112,32577,62.42,281100,1068,27.9
2023,54001,Barbour County,54,West Virginia,15454,42.4,48347,26055,7131,4656,1215,79.31,126000,803,24.1
2023,54003,Berkeley County,54,West Virginia,126165,38.7,77329,37533,52511,37234,12150,75.40,248000,1238,29.3
2023,54005,Boone County,54,West Virginia,21312,45.0,56152,26984,10167,6245,1649,79.11,90300,823,29.7
2023,54007,Braxton County,54,West Virginia,12345,46.7,44449,23349,6278,3751,982,79.25,106400,578,22.7
2023,54009,Brooke County,54,West Virginia,22053,46.6,52116,32157,10700,6924,2513,73.37,127700,603,26.3
2023,54011,Cabell County,54,West Virginia,93300,39.3,52828,32399,46084,24855,14283,63.51,156100,877,34.5
2023,54013,Calhoun County,54,West Virginia,6158,48.1,41421,24520,3199,1969,422,82.35,111200,483,20.6
2023,54015,Clay County,54,West Virginia,7946,45.3,42790,23748,3945,2337,623,78.95,107100,589,39.9
2023,54017,Doddridge County,54,West Virginia,7767,45.3,61164,32472,3248,2137,278,88.49,160000,827,26.2
2023,54019,Fayette County,54,West Virginia,39987,44.5,52672,27091,19134,12194,3915,75.70,104200,777,30.8
2023,54021,Gilmer County,54,West Virginia,7376,40.7,50991,20325,3118,1703,525,76.44,83300,764,25.1
2023,54023,Grant County,54,West Virginia,10972,46.9,61530,31018,5660,3466,818,80.91,167500,612,33.0
2023,54025,Greenbrier County,54,West Virginia,32688,46.5,48662,31699,17883,10879,3831,73.96,136300,834,32.0
2023,54027,Hampshire County,54,West Virginia,23340,48.1,60299,31143,12581,6876,1478,82.31,204600,732,22.7
2023,54029,Hancock County,54,West Virginia,28658,46.8,61017,35452,14218,9623,3268,74.65,119600,766,26.6
2023,54031,Hardy County,54,West Virginia,14236,47.3,49302,29876,8217,4700,1209,79.54,159700,820,23.2
2023,54033,Harrison County,54,West Virginia,65407,42.3,58326,34054,30537,19160,6860,73.64,158500,848,28.6
2023,54035,Jackson County,54,West Virginia,27753,43.3,55671,35107,12882,8730,2587,77.14,154600,720,25.9
2023,54037,Jefferson County,54,West Virginia,58546,41.0,95523,44503,24276,17416,4562,79.24,324500,1103,27.2
2023,54039,Kanawha County,54,West Virginia,178198,43.7,58887,36168,90388,53893,22913,70.17,135000,879,27.8
2023,54041,Lewis County,54,West Virginia,16808,43.2,52279,31004,8188,4906,2034,70.69,135800,737,27.0
2023,54043,Lincoln County,54,West Virginia,20170,44.0,48593,26046,9581,5837,1974,74.73,103400,727,23.7
2023,54045,Logan County,54,West Virginia,31826,44.1,47237,28762,14806,9512,2884,76.73,101500,704,25.5
2023,54047,McDowell County,54,West Virginia,18413,43.6,29980,16599,9380,4906,1578,75.66,49200,686,29.8
2023,54049,Marion County,54,West Virginia,56042,40.4,67537,33719,26283,17411,5554,75.82,164300,901,27.3
2023,54051,Marshall County,54,West Virginia,30129,46.2,60329,34639,14736,9867,2622,79.01,139800,823,29.4
2023,54053,Mason County,54,West Virginia,25214,44.2,53454,31615,12192,8445,1836,82.14,127400,654,25.1
2023,54055,Mercer County,54,West Virginia,59062,43.3,47799,28201,29358,17025,7388,69.74,118600,813,31.0
2023,54057,Mineral County,54,West Virginia,26922,44.6,68049,36399,12526,8514,2184,79.58,180400,684,27.1
2023,54059,Mingo County,54,West Virginia,22979,44.3,39527,22073,11554,6503,2510,72.15,85600,604,22.2
2023,54061,Monongalia County,54,West Virginia,106520,32.5,62704,40258,49795,25547,18814,57.59,254200,943,33.5
2023,54063,Monroe County,54,West Virginia,12401,46.7,54508,27648,6263,3914,822,82.64,146100,677,24.7
2023,54065,Morgan County,54,West Virginia,17327,49.3,63805,34803,9182,5994,1217,83.12,223100,832,27.8
2023,54067,Nicholas County,54,West Virginia,24446,46.0,49280,29257,12540,7894,1701,82.27,114200,669,26.2
2023,54069,Ohio County,54,West Virginia,41904,42.8,57867,38225,21179,12215,5917,67.37,165300,823,31.9
2023,54071,Pendleton County,54,West Virginia,6111,50.8,61738,28783,3708,1896,403,82.47,178600,754,24.6
2023,54073,Pleasants County,54,West Virginia,7572,43.4,61038,40318,3218,2288,491,82.33,129300,700,28.7
2023,54075,Pocahontas County,54,West Virginia,7855,49.8,41200,23387,6846,2569,523,83.09,139400,688,24.8
2023,54077,Preston County,54,West Virginia,34204,43.2,61373,28645,15215,10310,2487,80.57,157700,753,28.6
2023,54079,Putnam County,54,West Virginia,57250,42.3,77871,40046,24891,18824,3941,82.69,214200,975,26.8
2023,54081,Raleigh County,54,West Virginia,73666,42.8,52055,28661,34637,21694,7368,74.65,142600,847,31.1
2023,54083,Randolph County,54,West Virginia,27782,44.2,55057,28277,13090,8009,2376,77.12,137800,807,27.9
2023,54085,Ritchie County,54,West Virginia,8372,47.2,50256,26336,4187,2803,524,84.25,107800,583,25.5
2023,54087,Roane County,54,West Virginia,13921,46.5,45194,26492,7157,4264,1269,77.06,121100,590,29.3
2023,54089,Summers County,54,West Virginia,11833,50.4,42544,25384,6556,3892,921,80.86,126100,922,23.6
2023,54091,Taylor County,54,West Virginia,16543,44.2,56807,31241,7440,5495,1137,82.86,144000,672,27.7
2023,54093,Tucker County,54,West Virginia,6698,51.2,53475,34982,4665,2325,530,81.44,144700,689,28.3
2023,54095,Tyler County,54,West Virginia,8181,48.4,58293,31842,4144,2733,418,86.73,112100,707,27.5
2023,54097,Upshur County,54,West Virginia,23758,42.0,51859,30616,11237,7640,1948,79.68,160700,799,30.8
2023,54099,Wayne County,54,West Virginia,38498,44.5,55539,32003,18238,12046,3504,77.47,124900,883,25.2
2023,54101,Webster County,54,West Virginia,8253,47.1,42061,23343,4408,2201,637,77.55,78000,687,34.1
2023,54103,Wetzel County,54,West Virginia,14233,45.6,53341,28398,7302,4881,1044,82.38,102800,703,26.8
2023,54105,Wirt County,54,West Virginia,5131,46.2,54688,26792,2723,1787,284,86.29,112800,575,29.5
2023,54107,Wood County,54,West Virginia,83829,43.9,56193,33324,40296,26572,9134,74.42,153700,789,30.4
2023,54109,Wyoming County,54,West Virginia,20948,45.3,48038,24665,9975,6615,1311,83.46,78400,737,31.5
2023,55001,Adams County,55,Wisconsin,20928,55.5,59153,35145,16873,8080,1271,86.41,184500,789,24.5
2023,55003,Ashland County,55,Wisconsin,16050,43.1,57645,31803,9402,4956,1891,72.38,160500,665,25.7
2023,55005,Barron County,55,Wisconsin,46741,44.8,64619,36937,23966,15058,4555,76.78,198300,859,27.3
2023,55007,Bayfield County,55,Wisconsin,16410,54.1,69609,40846,13285,6309,1153,84.55,228100,789,22.1
2023,55009,Brown County,55,Wisconsin,269425,37.9,77490,40907,114123,71240,39008,64.62,245900,973,25.4
2023,55011,Buffalo County,55,Wisconsin,13341,46.4,68722,36164,6546,4458,1234,78.32,197600,822,24.7
2023,55013,Burnett County,55,Wisconsin,16741,55.2,61664,37790,15328,6045,1042,85.30,215500,758,26.9
2023,55015,Calumet County,55,Wisconsin,52626,41.7,87700,43814,22163,16922,4053,80.68,252100,1002,24.9
2023,55017,Chippewa County,55,Wisconsin,66558,41.7,74009,38212,29017,19823,6744,74.62,237700,963,25.3
2023,55019,Clark County,55,Wisconsin,34736,37.0,66250,31744,14842,9889,2803,77.92,163800,786,22.6
2023,55021,Columbia County,55,Wisconsin,58322,43.3,82792,41515,26826,18634,5597,76.90,258700,926,23.4
2023,55023,Crawford County,55,Wisconsin,16064,47.3,63496,34130,8705,5056,1609,75.86,175100,809,22.8
2023,55025,Dane County,55,Wisconsin,564777,35.6,88108,51486,254880,141699,104037,57.66,366100,1345,28.5
2023,55027,Dodge County,55,Wisconsin,88818,42.9,73992,37295,38290,25456,10267,71.26,218400,963,23.0
2023,55029,Door County,55,Wisconsin,30279,54.1,71785,48630,23996,11407,2970,79.34,305800,995,26.9
2023,55031,Douglas County,55,Wisconsin,44197,42.8,72579,38308,22997,13669,5278,72.14,190400,903,27.3
2023,55033,Dunn County,55,Wisconsin,45349,35.8,71785,36207,18812,11554,5815,66.52,226200,942,25.4
2023,55035,Eau Claire County,55,Wisconsin,106328,35.8,71834,40845,45818,27183,16078,62.83,242400,977,24.8
2023,55037,Florence County,55,Wisconsin,4617,54.8,62786,37845,4659,1898,212,89.95,170000,871,22.5
2023,55039,Fond du Lac County,55,Wisconsin,104053,41.9,73154,38436,45908,30260,12756,70.35,209800,926,24.8
2023,55041,Forest County,55,Wisconsin,9261,49.1,59727,31994,8696,3255,697,82.36,170000,585,19.6
2023,55043,Grant County,55,Wisconsin,51678,36.9,64349,33079,22192,13757,6156,69.09,186300,812,27.1
2023,55045,Green County,55,Wisconsin,37036,43.1,80248,42505,16382,11727,3882,75.13,236900,851,22.7
2023,55047,Green Lake County,55,Wisconsin,19165,45.5,66917,37510,10731,6108,2035,75.01,206300,806,25.0
2023,55049,Iowa County,55,Wisconsin,23832,43.7,83372,41421,11007,7677,2274,77.15,248100,941,23.4
2023,55051,Iron County,55,Wisconsin,6164,55.9,59058,35462,5572,2563,386,86.91,155200,640,29.3
2023,55053,Jackson County,55,Wisconsin,20971,42.6,65508,33387,9693,6349,1849,77.45,186900,789,25.3
2023,55055,Jefferson County,55,Wisconsin,85867,41.3,80604,40640,36649,25124,9331,72.92,253800,1012,25.0
2023,55057,Juneau County,55,Wisconsin,26695,45.9,65150,32116,14639,8388,2405,77.72,165200,847,24.8
2023,55059,Kenosha County,55,Wisconsin,168413,39.2,79412,40540,72897,45743,21888,67.64,247800,1175,28.6
2023,55061,Kewaunee County,55,Wisconsin,20621,44.4,80085,39364,9325,7080,1219,85.31,208900,839,23.3
2023,55063,La Crosse County,55,Wisconsin,120262,37.1,70704,40841,53234,31582,18961,62.49,243200,1023,28.1
2023,55065,Lafayette County,55,Wisconsin,16788,40.9,72091,34686,7193,5300,1384,79.29,182100,835,25.1
2023,55067,Langlade County,55,Wisconsin,19473,49.0,57258,34160,12202,6709,1897,77.96,145800,737,26.5
2023,55069,Lincoln County,55,Wisconsin,28403,49.2,67726,38296,16233,9862,2716,78.41,177700,768,31.0
2023,55071,Manitowoc County,55,Wisconsin,81314,45.0,68611,37639,37960,26730,8303,76.30,172900,777,22.9
2023,55073,Marathon County,55,Wisconsin,138067,41.2,76185,39970,60296,41754,15119,73.42,205500,950,25.5
2023,55075,Marinette County,55,Wisconsin,41907,48.8,63401,36123,29372,14987,3653,80.40,154600,749,22.4
2023,55077,Marquette County,55,Wisconsin,15706,50.5,63471,35090,9841,5565,1316,80.87,201100,800,25.4
2023,55078,Menominee County,55,Wisconsin,4256,33.8,59528,22834,2148,982,354,73.50,97000,624,23.3
2023,55079,Milwaukee County,55,Wisconsin,927656,35.4,62118,36955,423838,193761,195285,49.80,216500,1069,29.2
2023,55081,Monroe County,55,Wisconsin,46169,39.6,68213,34501,19918,13233,5046,72.39,197200,920,25.1
2023,55083,Oconto County,55,Wisconsin,39329,47.4,75886,39196,23998,14047,2571,84.53,212000,796,24.7
2023,55085,Oneida County,55,Wisconsin,38007,52.2,69621,41160,30746,14090,2682,84.01,227500,868,26.8
2023,55087,Outagamie County,55,Wisconsin,191537,38.7,82857,45323,79900,55411,21828,71.74,244100,998,23.6
2023,55089,Ozaukee County,55,Wisconsin,92345,44.0,96734,57651,39415,27486,10280,72.78,368900,1112,23.8
2023,55091,Pepin County,55,Wisconsin,7372,46.3,74536,40261,3603,2548,502,83.54,196100,860,24.5
2023,55093,Pierce County,55,Wisconsin,42351,38.4,88802,42456,17052,11946,3819,75.78,308600,1025,28.6
2023,55095,Polk County,55,Wisconsin,45327,46.5,76208,39402,24377,15279,3550,81.15,241200,958,23.6
2023,55097,Portage County,55,Wisconsin,70375,38.1,73284,39476,31496,20543,9093,69.32,230400,903,26.1
2023,55099,Price County,55,Wisconsin,14077,52.5,58720,35095,10799,5353,1214,81.51,146000,801,24.1
2023,55101,Racine County,55,Wisconsin,196888,40.5,75331,39704,84558,56283,22826,71.15,239400,1017,26.5
2023,55103,Richland County,55,Wisconsin,17229,46.4,62649,34011,8542,5446,1673,76.50,182800,786,25.2
2023,55105,Rock County,55,Wisconsin,163944,40.1,74390,37428,70694,47086,19566,70.64,215900,1019,26.7
2023,55107,Rusk County,55,Wisconsin,14146,49.1,58322,32642,8679,4852,1407,77.52,152000,816,26.5
2023,55109,St. Croix County,55,Wisconsin,94819,39.8,102482,48851,38185,28992,7737,78.93,349700,1238,24.5
2023,55111,Sauk County,55,Wisconsin,65759,41.3,77648,39770,31091,20054,7371,73.12,242400,970,26.1
2023,55113,Sawyer County,55,Wisconsin,18243,52.2,59055,37653,16114,6593,1929,77.36,223300,683,25.5
2023,55115,Shawano County,55,Wisconsin,40927,45.5,67032,36172,20430,13270,3611,78.61,179100,777,25.6
2023,55117,Sheboygan County,55,Wisconsin,117783,41.8,71898,39338,52549,35225,14201,71.27,218400,889,23.2
2023,55119,Taylor County,55,Wisconsin,19972,44.1,63142,34053,9453,6288,1655,79.16,186500,786,25.3
2023,55121,Trempealeau County,55,Wisconsin,30786,39.8,71295,36001,13373,9185,3263,73.79,203300,887,23.8
2023,55123,Vernon County,55,Wisconsin,30915,41.5,69556,34551,13939,9880,2306,81.08,210600,826,21.5
2023,55125,Vilas County,55,Wisconsin,23410,55.5,67132,42822,24783,9076,1797,83.47,270700,810,21.6
2023,55127,Walworth County,55,Wisconsin,105447,41.1,77359,42771,53508,29942,12483,70.58,275900,1090,26.9
2023,55129,Washburn County,55,Wisconsin,16749,52.4,61270,36411,12823,6090,1439,80.89,207900,815,28.6
2023,55131,Washington County,55,Wisconsin,137320,43.5,95851,48255,58766,44115,12367,78.10,316200,1126,26.8
2023,55133,Waukesha County,55,Wisconsin,409040,43.3,104100,57291,173567,127473,39317,76.43,373600,1300,27.6
2023,55135,Waupaca County,55,Wisconsin,51714,45.4,71189,40581,25620,16760,5634,74.84,192800,834,24.4
2023,55137,Waushara County,55,Wisconsin,24752,49.9,64968,39624,14804,8578,1755,83.02,186000,789,25.2
2023,55139,Winnebago County,55,Wisconsin,171357,38.4,72873,40072,76770,47341,24617,65.79,208600,924,25.7
2023,55141,Wood County,55,Wisconsin,74039,43.9,66417,37954,34662,23441,8501,73.39,168100,831,25.4
2023,56001,Albany County,56,Wyoming,37713,28.7,59881,37277,18735,8198,8411,49.36,322100,936,32.8
2023,56003,Big Horn County,56,Wyoming,11737,41.5,60547,31066,5370,3364,993,77.21,198200,876,23.0
2023,56005,Campbell County,56,Wyoming,47018,35.8,95253,40983,19952,14019,3860,78.41,266400,952,30.8
2023,56007,Carbon County,56,Wyoming,14549,40.4,66721,35421,8220,4518,1367,76.77,214500,894,25.5
2023,56009,Converse County,56,Wyoming,13759,41.3,79164,38337,6643,4469,1238,78.31,269700,930,27.6
2023,56011,Crook County,56,Wyoming,7339,44.3,71209,35109,3673,2196,695,75.96,276800,881,17.9
2023,56013,Fremont County,56,Wyoming,39472,39.4,64646,32717,17471,10469,4341,70.69,252700,858,25.6
2023,56015,Goshen County,56,Wyoming,12587,43.4,64882,34997,5860,3742,1311,74.06,234600,759,26.9
2023,56017,Hot Springs County,56,Wyoming,4618,45.4,64375,33942,2490,1510,569,72.63,214400,976,26.2
2023,56019,Johnson County,56,Wyoming,8602,47.0,63905,39367,4635,3119,800,79.59,296000,1081,24.8
2023,56021,Laramie County,56,Wyoming,100661,38.2,77884,42449,45032,30093,12410,70.80,324900,1080,28.9
2023,56023,Lincoln County,56,Wyoming,20158,41.2,86092,40375,9763,6304,1568,80.08,334500,868,21.4
2023,56025,Natrona County,56,Wyoming,79735,38.2,71247,40978,37101,24487,8798,73.57,260400,973,27.9
2023,56027,Niobrara County,56,Wyoming,2415,49.6,48987,36676,1378,744,397,65.21,194200,775,24.2
2023,56029,Park County,56,Wyoming,30109,44.8,70533,41425,14813,9842,3337,74.68,374200,933,26.5
2023,56031,Platte County,56,Wyoming,8606,47.8,66299,37237,4656,2810,1067,72.48,248900,745,21.9
2023,56033,Sheridan County,56,Wyoming,31585,42.9,70855,40533,15236,9442,4073,69.86,352200,950,28.4
2023,56035,Sublette County,56,Wyoming,8806,42.8,82791,57348,5239,3015,704,81.07,350100,1116,29.4
2023,56037,Sweetwater County,56,Wyoming,41786,37.4,76464,40988,19226,12476,4387,73.98,242900,913,24.6
2023,56039,Teton County,56,Wyoming,23358,40.1,112681,75541,13503,5773,3610,61.53,1371900,1758,22.5
2023,56041,Uinta County,56,Wyoming,20605,36.7,82672,34568,8868,5724,1755,76.53,255400,882,20.2
2023,56043,Washakie County,56,Wyoming,7708,44.2,62648,36030,3850,2535,882,74.19,188600,725,22.0
2023,56045,Weston County,56,Wyoming,6835,43.1,87545,41745,3417,2450,304,88.96,214000,694,17.2
2023,01001,Autauga County,01,Alabama,59285,39.2,69841,36227,24731,16872,5651,74.91,197900,1200,25.4
2023,01003,Baldwin County,01,Alabama,239945,43.7,75019,40775,128518,73381,21261,77.54,287000,1211,27.7
2023,01005,Barbour County,01,Alabama,24757,40.7,44290,25439,11702,6128,2952,67.49,109900,644,25.2
2023,01007,Bibb County,01,Alabama,22152,41.3,51215,26022,9090,5843,1728,77.18,132600,802,33.5
2023,01009,Blount County,01,Alabama,59292,40.9,61096,30656,24793,17473,4504,79.51,169700,743,30.2
2023,01011,Bullock County,01,Alabama,10157,40.4,36723,21462,4554,2193,1260,63.51,79400,635,42.8
2023,01013,Butler County,01,Alabama,18807,42.2,44881,28306,9841,4968,2294,68.41,99700,722,28.8
2023,01015,Calhoun County,01,Alabama,116141,39.0,55826,29571,53271,31762,13363,70.39,149500,804,27.9
2023,01017,Chambers County,01,Alabama,34450,41.5,49295,27868,16427,9526,3893,70.99,129700,850,22.6
2023,01019,Cherokee County,01,Alabama,25224,47.4,50769,31360,14663,8324,2153,79.45,165900,750,26.5
2023,01021,Chilton County,01,Alabama,45500,39.5,61873,30032,19702,13487,4067,76.83,142300,855,21.6
2023,01023,Choctaw County,01,Alabama,12525,47.0,44483,26781,7164,4254,920,82.22,111800,653,24.9
2023,01025,Clarke County,01,Alabama,22802,42.5,49167,31101,11727,5994,2458,70.92,126400,785,32.8
2023,01027,Clay County,01,Alabama,14188,43.8,51852,29268,7072,4479,1286,77.69,144700,624,22.9
2023,01029,Cleburne County,01,Alabama,15254,42.3,53319,29569,6853,4682,1167,80.05,144200,792,27.9
2023,01031,Coffee County,01,Alabama,54231,38.8,64672,32757,24399,14442,6418,69.23,180300,970,25.8
2023,01033,Colbert County,01,Alabama,57648,42.3,56736,32685,27887,17146,7071,70.80,161600,838,28.4
2023,01035,Conecuh County,01,Alabama,11411,46.3,42266,26323,6444,3393,1135,74.93,101300,781,34.1
2023,01037,Coosa County,01,Alabama,10323,50.3,57063,29035,6042,3416,785,81.31,111800,682,35.5
2023,01039,Covington County,01,Alabama,37647,42.8,50886,30151,18676,10975,3520,75.72,142500,736,29.7
2023,01041,Crenshaw County,01,Alabama,13144,42.4,49040,30321,6562,3766,1309,74.21,108400,664,23.1
2023,01043,Cullman County,01,Alabama,89463,41.1,60916,30977,39538,26376,8167,76.36,180500,883,24.7
2023,01045,Dale County,01,Alabama,49516,38.0,53955,29344,22910,12127,7642,61.34,129100,863,24.7
2023,01047,Dallas County,01,Alabama,37536,40.3,36810,24368,18949,9406,6010,61.01,97400,749,36.3
2023,01049,DeKalb County,01,Alabama,71946,39.6,51149,25274,30853,19916,6030,76.76,135500,683,26.9
2023,01051,Elmore County,01,Alabama,88669,38.9,75553,36616,37085,25003,7526,76.86,213600,1014,27.3
2023,01053,Escambia County,01,Alabama,36695,40.5,44447,22916,16759,8779,4002,68.69,122700,709,29.0
2023,01055,Etowah County,01,Alabama,103208,41.8,53070,29553,47487,28881,10279,73.75,160600,807,30.0
2023,01057,Fayette County,01,Alabama,16173,42.8,50733,27734,7798,4731,1320,78.19,121200,622,26.7
2023,01059,Franklin County,01,Alabama,31978,38.6,51493,26036,13965,8319,3274,71.76,128000,667,22.4
2023,01061,Geneva County,01,Alabama,26726,44.0,50951,26880,12555,8258,2292,78.27,120200,757,27.3
2023,01063,Greene County,01,Alabama,7589,44.4,31495,20372,4258,2118,919,69.74,86400,429,25.4
2023,01065,Hale County,01,Alabama,14749,41.0,41325,26024,7514,4267,1274,77.01,126300,723,31.0
2023,01067,Henry County,01,Alabama,17450,45.0,60135,31809,9151,5407,1277,80.89,147800,770,28.7
2023,01069,Houston County,01,Alabama,107628,40.3,57531,33053,49774,27216,15365,63.92,178000,905,27.9
2023,01071,Jackson County,01,Alabama,52839,43.4,49454,28452,24797,15898,5288,75.04,145800,762,27.4
2023,01073,Jefferson County,01,Alabama,669744,37.8,64589,39826,309542,171343,97568,63.72,224900,1132,31.8
2023,01075,Lamar County,01,Alabama,13809,44.5,47447,24169,7107,3692,1295,74.03,112700,548,31.9
2023,01077,Lauderdale County,01,Alabama,95037,40.7,59082,33595,44801,26304,12473,67.83,185800,799,26.3
2023,01079,Lawrence County,01,Alabama,33182,42.8,60040,31189,15317,10702,2443,81.41,150700,708,21.8
2023,01081,Lee County,01,Alabama,177663,33.6,61123,34504,77509,44659,23285,65.73,238700,999,34.9
2023,01083,Limestone County,01,Alabama,107577,40.5,83534,39587,43487,31015,9006,77.50,255100,908,24.0
2023,01085,Lowndes County,01,Alabama,10008,42.7,35160,24965,4827,3217,944,77.31,80600,663,35.4
2023,01087,Macon County,01,Alabama,18951,37.8,45951,24595,9664,4634,2517,64.80,95700,709,33.4
2023,01089,Madison County,01,Alabama,397135,38.2,83528,46784,174709,111741,50728,68.78,267800,1116,27.6
2023,01091,Marengo County,01,Alabama,19027,41.1,44205,27957,9837,5258,2357,69.05,103400,722,32.7
2023,01093,Marion County,01,Alabama,29190,43.8,50714,26555,14156,8180,2694,75.23,104300,583,27.9
2023,01095,Marshall County,01,Alabama,98712,38.6,60946,31025,41531,27144,8819,75.48,183400,765,27.1
2023,01097,Mobile County,01,Alabama,413162,38.4,58119,32032,185413,104128,56379,64.87,176600,1021,32.2
2023,01099,Monroe County,01,Alabama,19580,43.9,40225,23470,10193,5193,2203,70.21,114900,721,28.0
2023,01101,Montgomery County,01,Alabama,227197,36.9,58153,33404,105799,52387,38398,57.70,160100,1061,30.9
2023,01103,Morgan County,01,Alabama,123742,40.3,64858,34510,53569,35348,13404,72.51,193000,835,27.7
2023,01105,Perry County,01,Alabama,8231,42.5,34368,16960,3961,2215,980,69.33,87700,610,26.9
2023,01107,Pickens County,01,Alabama,18843,42.5,47014,26328,8726,5240,1706,75.44,123300,600,30.4
2023,01109,Pike County,01,Alabama,32953,31.7,47961,27762,16124,7925,4680,62.87,149000,855,33.0
2023,01111,Randolph County,01,Alabama,22310,44.0,51551,29488,12461,7183,1944,78.70,184000,646,28.2
2023,01113,Russell County,01,Alabama,58858,37.2,50046,27383,27531,14402,9382,60.55,152300,898,30.8
2023,01115,St. Clair County,01,Alabama,92903,41.0,78993,34937,38667,28434,6043,82.47,218500,1077,26.4
2023,01117,Shelby County,01,Alabama,226955,40.0,93543,47914,90805,69407,16007,81.26,298700,1348,29.5
2023,01119,Sumter County,01,Alabama,12020,34.9,37981,19854,6329,3317,1448,69.61,84100,841,41.6
2023,01121,Talladega County,01,Alabama,81170,42.2,56249,29774,38285,23865,9024,72.56,137900,772,26.6
2023,01123,Tallapoosa County,01,Alabama,41070,45.4,57185,31718,22967,12511,4037,75.60,144800,734,25.4
2023,01125,Tuscaloosa County,01,Alabama,234036,33.0,63947,33674,102935,54257,33032,62.16,233700,997,31.9
2023,01127,Walker County,01,Alabama,64886,41.3,54509,28706,30230,19253,5590,77.50,131100,743,26.8
2023,01129,Washington County,01,Alabama,15270,44.1,60503,31555,7774,4877,801,85.89,152800,628,25.1
2023,01131,Wilcox County,01,Alabama,10347,42.0,42236,23366,5314,2877,816,77.90,84200,699,30.6
2023,01133,Winston County,01,Alabama,23637,45.3,48032,27258,13111,7148,2180,76.63,110500,744,28.0
2023,02013,Aleutians East Borough,02,Alaska,3423,41.8,72692,46293,1174,569,429,57.01,144300,1040,21.0
2023,02016,Aleutians West Census Area,02,Alaska,5178,39.1,107344,52596,1391,288,689,29.48,419100,1886,21.4
2023,02020,Anchorage Municipality,02,Alaska,289069,34.9,98152,49338,119717,68751,39117,63.74,375900,1453,29.1
2023,02050,Bethel Census Area,02,Alaska,18487,28.7,70616,24976,6009,2820,1841,60.50,120600,1454,19.2
2023,02060,Bristol Bay Borough,02,Alaska,878,39.3,100625,59725,831,147,136,51.94,269800,1318,12.4
2023,02063,Chugach Census Area,02,Alaska,6964,38.4,88565,45898,3745,1680,999,62.71,330900,1397,27.6
2023,02066,Copper River Census Area,02,Alaska,2626,45.5,75053,38788,2597,776,370,67.71,246700,973,17.9
2023,02068,Denali Borough,02,Alaska,2029,44.1,88935,73423,1306,417,116,78.24,262000,938,26.9
2023,02070,Dillingham Census Area,02,Alaska,4780,30.9,74250,34097,2416,873,510,63.12,163800,1085,22.3
2023,02090,Fairbanks North Star Borough,02,Alaska,95555,32.4,84722,44666,42695,22318,13858,61.69,282500,1424,29.1
2023,02100,Haines Borough,02,Alaska,2077,52.4,72607,38529,1401,687,212,76.42,318900,914,27.0
2023,02105,Hoonah-Angoon Census Area,02,Alaska,2313,51.4,62500,38180,1741,666,256,72.23,278300,986,23.6
2023,02110,Juneau City and Borough,02,Alaska,31969,39.8,100513,51146,14170,8462,4676,64.41,432500,1462,24.8
2023,02122,Kenai Peninsula Borough,02,Alaska,59843,41.5,77722,42899,32707,18351,5551,76.78,297500,1163,29.2
2023,02130,Ketchikan Gateway Borough,02,Alaska,13870,40.8,89155,46608,6659,3785,1836,67.34,379000,1388,29.8
2023,02150,Kodiak Island Borough,02,Alaska,12878,35.4,83716,40615,5840,2797,1811,60.70,382700,1669,25.7
2023,02158,Kusilvak Census Area,02,Alaska,8277,23.6,48233,16657,2341,1313,578,69.43,72700,832,17.0
2023,02164,Lake and Peninsula Borough,02,Alaska,1007,33.4,64000,45228,1355,195,127,60.56,166100,933,18.3
2023,02170,Matanuska-Susitna Borough,02,Alaska,110677,36.6,90625,40945,50922,30411,9271,76.64,319200,1258,31.3
2023,02180,Nome Census Area,02,Alaska,9925,29.4,76643,30047,4109,1765,1021,63.35,201000,1328,19.7
2023,02185,North Slope Borough,02,Alaska,10891,35.2,86313,60295,2640,1092,1113,49.52,219600,1167,18.5
2023,02188,Northwest Arctic Borough,02,Alaska,7611,28.3,81298,28467,2744,1099,718,60.48,162500,1336,19.1
2023,02195,Petersburg Borough,02,Alaska,3394,45.7,77026,42380,1871,936,383,70.96,301300,1208,29.3
2023,02198,Prince of Wales-Hyder Census Area,02,Alaska,5730,43.7,59079,35162,3237,1681,667,71.59,221800,915,23.8
2023,02220,Sitka City and Borough,02,Alaska,8393,39.6,101207,45532,4167,2160,1343,61.66,442100,1350,29.9
2023,02230,Skagway Municipality,02,Alaska,1308,42.5,78594,53798,656,296,155,65.63,430000,1228,19.5
2023,02240,Southeast Fairbanks Census Area,02,Alaska,6936,37.9,74223,38918,3520,1754,557,75.90,262800,1304,22.9
2023,02275,Wrangell City and Borough,02,Alaska,2106,44.3,64545,37017,1300,516,396,56.58,289700,1047,24.6
2023,02282,Yakutat City and Borough,02,Alaska,506,53.2,80625,50644,391,126,81,60.87,185000,1276,14.3
2023,02290,Yukon-Koyukuk Census Area,02,Alaska,5271,37.3,52642,32096,3958,1638,679,70.69,87800,893,17.1
2023,04001,Apache County,04,Arizona,65680,36.2,40338,20100,29001,16174,4265,79.13,68500,647,16.5
2023,04003,Cochise County,04,Arizona,125458,42.9,58970,32708,59312,35586,14890,70.50,207400,939,28.4
2023,04005,Coconino County,04,Arizona,144643,32.4,69748,35810,69907,31565,22077,58.84,413200,1406,31.3
2023,04007,Gila County,04,Arizona,53610,51.4,59089,32645,32614,17944,5309,77.17,247000,1001,27.7
2023,04009,Graham County,04,Arizona,38860,34.4,67326,26094,13941,9163,3297,73.54,202700,890,23.0
2023,04011,Greenlee County,04,Arizona,9452,36.1,75239,32028,4422,1922,1522,55.81,136300,570,9.0
2023,04012,La Paz County,04,Arizona,16605,59.7,49506,33413,13653,6259,2628,70.43,117600,735,18.7
2023,04013,Maricopa County,04,Arizona,4491987,37.5,85518,44210,1850862,1103493,593849,65.01,414700,1587,30.6
2023,04015,Mohave County,04,Arizona,217420,53.2,55799,34178,119593,71347,25552,73.63,253200,1047,29.7
2023,04017,Navajo County,04,Arizona,107744,39.4,52752,24347,56946,28494,10677,72.74,186100,832,22.5
2023,04019,Pima County,04,Arizona,1049947,39.7,67929,38564,475378,279304,151661,64.81,286900,1154,31.2
2023,04021,Pinal County,04,Arizona,449219,40.3,77588,35245,179861,126578,30615,80.52,312100,1417,28.4
2023,04023,Santa Cruz County,04,Arizona,48209,37.9,53614,25634,18997,11498,5318,68.38,216100,781,27.8
2023,04025,Yavapai County,04,Arizona,241656,55.0,66106,39890,124032,80054,28846,73.51,392900,1258,28.4
2023,04027,Yuma County,04,Arizona,207685,35.8,60417,28918,93924,53850,23053,70.02,195700,983,28.3
2023,05001,Arkansas County,05,Arkansas,16773,41.0,60831,30130,8697,4443,2144,67.45,129400,799,26.7
2023,05003,Ashley County,05,Arkansas,18722,42.7,44481,24754,9401,5193,2006,72.14,88800,640,28.3
2023,05005,Baxter County,05,Arkansas,42150,51.9,48427,30900,22836,14459,4830,74.96,165400,866,30.5
2023,05007,Benton County,05,Arkansas,294541,35.8,89879,45335,118496,72356,35311,67.20,285100,1193,22.8
2023,05009,Boone County,05,Arkansas,37896,41.3,54195,29583,17395,10707,4525,70.29,169300,715,24.8
2023,05011,Bradley County,05,Arkansas,10354,38.5,39565,25607,5082,2407,1193,66.86,97000,638,25.8
2023,05013,Calhoun County,05,Arkansas,4717,44.8,63654,26261,2468,1368,216,86.36,97300,822,21.2
2023,05015,Carroll County,05,Arkansas,28526,44.7,55187,29107,13916,8627,2479,77.68,186300,818,28.5
2023,05017,Chicot County,05,Arkansas,9997,42.9,39683,24003,5114,2641,1278,67.39,90500,661,23.5
2023,05019,Clark County,05,Arkansas,21378,31.9,50985,26153,10012,5014,3133,61.54,147100,734,27.7
2023,05021,Clay County,05,Arkansas,14399,42.6,48500,27614,7499,4371,1745,71.47,88100,696,23.5
2023,05023,Cleburne County,05,Arkansas,25048,49.5,55979,32380,15641,8214,2244,78.54,174600,853,26.7
2023,05025,Cleveland County,05,Arkansas,7491,43.7,50509,27496,3598,2212,581,79.20,123400,635,30.7
2023,05027,Columbia County,05,Arkansas,22527,34.5,47363,25947,11032,5781,2580,69.14,141700,631,26.1
2023,05029,Conway County,05,Arkansas,20872,42.6,51212,28521,9681,5934,2369,71.47,137000,721,33.3
2023,05031,Craighead County,05,Arkansas,112097,34.5,57615,32319,47983,25668,17689,59.20,198700,930,31.0
2023,05033,Crawford County,05,Arkansas,60792,39.1,60362,28935,25509,17071,5923,74.24,170000,828,27.3
2023,05035,Crittenden County,05,Arkansas,47609,36.0,54271,28221,21367,10382,7956,56.61,155100,883,30.5
2023,05037,Cross County,05,Arkansas,16681,40.6,47012,28569,7581,4310,2214,66.06,104000,797,28.6
2023,05039,Dallas County,05,Arkansas,6351,44.5,44694,27474,3490,1726,699,71.18,98200,626,22.8
2023,05041,Desha County,05,Arkansas,11041,41.2,36064,22848,5812,2874,1876,60.51,89100,689,28.8
2023,05043,Drew County,05,Arkansas,17143,37.7,41071,26563,8292,4474,2530,63.88,127800,712,26.4
2023,05045,Faulkner County,05,Arkansas,126001,34.0,65071,33465,52862,30094,18772,61.58,211300,980,28.3
2023,05047,Franklin County,05,Arkansas,17220,42.4,51919,27137,7751,5092,1786,74.03,118800,717,24.6
2023,05049,Fulton County,05,Arkansas,12239,48.6,38941,23128,6218,4072,736,84.69,107200,596,35.4
2023,05051,Garland County,05,Arkansas,100062,45.3,55409,32793,52570,30297,13465,69.23,176400,942,26.8
2023,05053,Grant County,05,Arkansas,18111,40.2,72512,36832,7907,5531,1424,79.53,154500,779,30.9
2023,05055,Greene County,05,Arkansas,46182,37.8,56793,27650,19420,11678,6248,65.15,162200,852,28.8
2023,05057,Hempstead County,05,Arkansas,19778,41.1,47654,26620,9638,5190,2264,69.63,100200,781,30.7
2023,05059,Hot Spring County,05,Arkansas,33142,43.0,52644,26304,14259,9363,2738,77.37,127900,763,24.9
2023,05061,Howard County,05,Arkansas,12701,39.4,44492,25639,6162,3680,1489,71.19,135400,702,31.8
2023,05063,Independence County,05,Arkansas,38120,39.0,56009,30007,16740,9816,4699,67.63,120500,814,26.3
2023,05065,Izard County,05,Arkansas,13866,47.5,47728,24443,6749,3754,1273,74.68,122100,626,27.1
2023,05067,Jackson County,05,Arkansas,16775,40.4,41215,24194,7106,3978,2116,65.28,87300,662,28.2
2023,05069,Jefferson County,05,Arkansas,65780,39.5,48552,25317,30710,15382,8952,63.21,106000,849,29.2
2023,05071,Johnson County,05,Arkansas,25932,39.4,44808,24865,11523,7199,2848,71.65,124800,714,29.4
2023,05073,Lafayette County,05,Arkansas,6211,48.5,37237,22393,3940,1979,585,77.18,74600,711,28.5
2023,05075,Lawrence County,05,Arkansas,16265,39.8,44164,26104,7585,4388,2049,68.17,91100,715,27.4
2023,05077,Lee County,05,Arkansas,8511,41.9,36860,21687,3707,1617,1024,61.23,77900,638,39.8
2023,05079,Lincoln County,05,Arkansas,12966,40.1,51667,18302,4398,2758,760,78.40,106100,672,21.5
2023,05081,Little River County,05,Arkansas,11959,42.2,52241,28791,6071,3832,958,80.00,113400,812,31.5
2023,05083,Logan County,05,Arkansas,21240,43.8,54237,29471,9762,6506,1978,76.69,126900,721,21.3
2023,05085,Lonoke County,05,Arkansas,74747,37.3,71449,34081,30566,20702,7115,74.42,184100,961,24.3
2023,05087,Madison County,05,Arkansas,17032,41.2,53888,28869,7699,5044,1337,79.05,157800,727,23.4
2023,05089,Marion County,05,Arkansas,17076,51.9,46953,26461,9623,6090,1206,83.47,158400,792,24.9
2023,05091,Miller County,05,Arkansas,42588,39.0,49983,28025,19810,10657,5654,65.34,148200,882,31.4
2023,05093,Mississippi County,05,Arkansas,39749,36.9,53428,30350,19126,9140,6241,59.42,115800,797,25.0
2023,05095,Monroe County,05,Arkansas,6681,45.5,43955,25956,3843,1851,968,65.66,82200,603,28.0
2023,05097,Montgomery County,05,Arkansas,8571,50.8,49015,28786,5469,2959,793,78.86,136000,734,30.1
2023,05099,Nevada County,05,Arkansas,8228,44.2,41761,23002,4318,2242,1160,65.90,85700,841,40.9
2023,05101,Newton County,05,Arkansas,7175,48.9,47395,27063,4107,2208,841,72.42,178800,629,30.7
2023,05103,Ouachita County,05,Arkansas,22317,44.0,49838,26339,11870,6117,2473,71.21,99600,714,28.5
2023,05105,Perry County,05,Arkansas,10073,44.1,60078,29441,4952,2971,869,77.37,129300,734,25.9
2023,05107,Phillips County,05,Arkansas,15910,39.9,38874,22360,8386,3334,2845,53.96,76200,756,37.9
2023,05109,Pike County,05,Arkansas,10182,42.8,51000,29522,5319,3126,994,75.87,115400,671,33.2
2023,05111,Poinsett County,05,Arkansas,22740,39.8,47188,25587,10418,5750,3281,63.67,101200,647,28.5
2023,05113,Polk County,05,Arkansas,19348,44.4,49252,32243,9647,6477,1407,82.15,122600,699,24.9
2023,05115,Pope County,05,Arkansas,63830,36.7,54606,29516,27033,17148,6925,71.23,161700,855,28.7
2023,05117,Prairie County,05,Arkansas,8162,45.8,51094,31979,4093,2480,781,76.05,87500,637,24.7
2023,05119,Pulaski County,05,Arkansas,398949,37.5,60385,39780,192085,97857,71596,57.75,199600,1036,29.1
2023,05121,Randolph County,05,Arkansas,18733,39.3,52838,27416,8620,5178,1893,73.23,118100,671,26.6
2023,05123,St. Francis County,05,Arkansas,22740,39.7,41784,22296,9583,4353,3528,55.23,87700,791,31.9
2023,05125,Saline County,05,Arkansas,125724,40.4,76534,38149,52468,37905,11684,76.44,211700,980,25.5
2023,05127,Scott County,05,Arkansas,9839,42.4,45955,23837,4873,2902,1025,73.90,110900,736,27.6
2023,05129,Searcy County,05,Arkansas,7861,48.5,41978,22545,4721,2293,759,75.13,108100,596,29.8
2023,05131,Sebastian County,05,Arkansas,128448,38.0,56450,34275,57197,31802,20149,61.22,166000,854,25.5
2023,05133,Sevier County,05,Arkansas,15797,34.8,51641,25685,6768,3720,1977,65.30,111700,725,23.8
2023,05135,Sharp County,05,Arkansas,17597,47.5,42950,26959,9515,5418,1392,79.56,94600,648,24.6
2023,05137,Stone County,05,Arkansas,12474,49.2,38531,23196,6820,3749,1213,75.55,149400,717,28.1
2023,05139,Union County,05,Arkansas,38368,41.5,50221,30968,18663,11031,4094,72.93,114700,825,27.9
2023,05141,Van Buren County,05,Arkansas,15936,49.6,47266,27284,9724,5551,1564,78.02,122300,727,32.3
2023,05143,Washington County,05,Arkansas,251863,32.5,66426,36545,103174,53043,42424,55.56,266000,1005,27.2
2023,05145,White County,05,Arkansas,77395,38.4,53435,28459,33622,19751,9194,68.24,159600,806,30.0
2023,05147,Woodruff County,05,Arkansas,6157,44.9,49982,29471,3272,1810,943,65.75,96800,595,24.2
2023,05149,Yell County,05,Arkansas,20195,39.9,58870,26871,9300,5437,2616,67.52,131300,653,24.3
2023,06001,Alameda County,06,California,1651949,38.7,126240,63442,630726,320712,272405,54.07,1057400,2318,29.9
2023,06003,Alpine County,06,California,1695,41.1,110781,53247,1587,383,90,80.97,466100,-666666666,20.0
2023,06005,Amador County,06,California,41029,49.9,81526,42602,18919,12863,3203,80.06,422800,1380,29.6
2023,06007,Butte County,06,California,209470,36.3,68574,37965,91176,47987,34358,58.28,408700,1369,35.1
2023,06009,Calaveras County,06,California,45995,52.0,79877,41078,27579,15099,2798,84.37,441800,1615,33.1
2023,06011,Colusa County,06,California,21895,35.7,75149,32776,8157,4646,2820,62.23,375100,1139,27.3
2023,06013,Contra Costa County,06,California,1161458,40.3,125727,61727,426585,278509,133153,67.65,830800,2322,32.7
2023,06015,Del Norte County,06,California,27293,40.8,66780,31008,11156,6851,2770,71.21,319600,1182,30.7
2023,06017,El Dorado County,06,California,192299,46.1,106190,57916,94258,57838,17881,76.39,640500,1626,33.0
2023,06019,Fresno County,06,California,1012152,33.2,71434,31777,342003,178533,143630,55.42,362600,1300,32.7
2023,06021,Glenn County,06,California,28623,35.9,70487,30697,10973,6157,3606,63.06,338400,1103,27.8
2023,06023,Humboldt County,06,California,135418,39.6,61135,36082,62625,30879,23999,56.27,418800,1249,36.6
2023,06025,Imperial County,06,California,179319,33.0,56393,22702,57511,27732,21112,56.78,279500,1012,31.2
2023,06027,Inyo County,06,California,18803,45.6,72432,40569,9500,5316,2607,67.10,338400,1140,22.5
2023,06029,Kern County,06,California,910433,32.4,67660,29238,304481,168321,113095,59.81,310600,1220,33.2
2023,06031,Kings County,06,California,152830,32.3,68750,26420,46695,23976,19760,54.82,305700,1228,29.8
2023,06033,Lake County,06,California,68139,44.2,58738,34768,34271,18701,7663,70.93,316800,1292,33.6
2023,06035,Lassen County,06,California,31177,37.8,64395,25852,12232,6180,2880,68.21,259500,1043,26.8
2023,06037,Los Angeles County,06,California,9848406,37.9,87760,44319,3624084,1562207,1828047,46.08,783300,1893,33.9
2023,06039,Madera County,06,California,158790,34.6,75496,29698,50368,29168,15345,65.53,367700,1307,32.3
2023,06041,Marin County,06,California,258765,47.3,142785,90408,111860,65927,37274,63.88,1390000,2584,32.9
2023,06043,Mariposa County,06,California,17060,51.6,65378,39798,9796,5616,1899,74.73,358000,1268,29.5
2023,06045,Mendocino County,06,California,90709,43.9,64688,37230,41495,21044,13526,60.87,486000,1325,32.8
2023,06047,Merced County,06,California,285597,31.8,65044,27711,89610,45097,39508,53.30,368400,1284,30.0
2023,06049,Modoc County,06,California,8646,49.0,56648,30660,4774,2524,740,77.33,212000,818,33.3
2023,06051,Mono County,06,California,13169,40.3,86953,49271,13632,3819,1702,69.17,514300,1593,26.6
2023,06053,Monterey County,06,California,435834,35.3,94486,39523,144659,69033,63013,52.28,723100,1995,32.7
2023,06055,Napa County,06,California,136070,42.8,108970,57795,55601,31985,17678,64.40,838800,2141,31.6
2023,06057,Nevada County,06,California,102452,50.3,84905,49935,53981,31170,10703,74.44,602800,1635,35.4
2023,06059,Orange County,06,California,3164063,39.1,113702,52816,1138473,606605,468049,56.45,915500,2352,33.2
2023,06061,Placer County,06,California,412435,42.4,114678,56902,176233,115446,39976,74.28,658800,1991,33.2
2023,06063,Plumas County,06,California,19607,52.1,64946,41604,15037,6024,2031,74.79,327400,1034,24.8
2023,06065,Riverside County,06,California,2449909,36.7,89672,37162,860042,524872,237362,68.86,510300,1814,34.1
2023,06067,Sacramento County,06,California,1584047,37.2,88724,41989,593616,333143,235080,58.63,498900,1702,32.7
2023,06069,San Benito County,06,California,66056,35.9,108289,43524,20937,13613,6575,67.43,751500,1922,29.9
2023,06071,San Bernardino County,06,California,2187816,34.4,82184,33180,738535,411081,256923,61.54,475000,1706,34.2
2023,06073,San Diego County,06,California,3282782,37.1,102285,49891,1240607,632194,527628,54.51,791600,2154,33.7
2023,06075,San Francisco County,06,California,836321,39.7,141446,90285,411542,139610,223040,38.50,1380500,2419,24.4
2023,06077,San Joaquin County,06,California,787416,35.2,88531,36192,256826,148522,92851,61.53,494500,1633,31.3
2023,06079,San Luis Obispo County,06,California,281486,40.2,93398,49581,124871,67403,41494,61.90,777200,1899,33.8
2023,06081,San Mateo County,06,California,745100,40.6,156000,81980,285558,156244,108180,59.09,1494500,2893,29.4
2023,06083,Santa Barbara County,06,California,443975,34.5,95977,46679,159766,78754,70206,52.87,735700,2050,33.7
2023,06085,Santa Clara County,06,California,1903297,37.9,159674,77018,694209,361910,292557,55.30,1382800,2814,27.6
2023,06087,Santa Cruz County,06,California,266021,39.6,109266,55717,106635,58102,38771,59.98,1015200,2172,30.8
2023,06089,Shasta County,06,California,181554,41.7,71931,38746,79748,46711,24762,65.35,347200,1267,30.5
2023,06091,Sierra County,06,California,2731,56.0,60000,40612,2099,944,262,78.28,334100,1181,28.1
2023,06093,Siskiyou County,06,California,43834,47.4,55499,34074,23066,13179,5728,69.70,284500,1043,34.8
2023,06095,Solano County,06,California,450824,39.1,99994,44139,163455,98510,57290,63.23,589600,2088,33.3
2023,06097,Sonoma County,06,California,485642,42.7,102840,54941,206319,118489,72009,62.20,779000,2093,32.0
2023,06099,Stanislaus County,06,California,552250,34.8,79661,33653,184240,107644,68813,61.00,426600,1528,31.4
2023,06101,Sutter County,06,California,98971,36.4,75450,34330,34681,19672,13568,59.18,399400,1364,31.4
2023,06103,Tehama County,06,California,65520,40.1,61834,35527,27456,16574,7952,67.58,315600,1159,31.8
2023,06105,Trinity County,06,California,15886,54.8,53498,32271,8122,3924,1449,73.03,329000,922,23.8
2023,06107,Tulare County,06,California,475774,31.9,69489,27550,152542,83253,58773,58.62,303000,1206,29.9
2023,06109,Tuolumne County,06,California,54873,48.8,72259,41372,31491,16912,5897,74.15,406200,1247,34.7
2023,06111,Ventura County,06,California,838259,39.4,107327,48416,294651,178388,99657,64.16,768400,2248,34.4
2023,06113,Yolo County,06,California,217782,32.3,88818,43607,81543,41046,35594,53.56,593800,1757,33.9
2023,06115,Yuba County,06,California,83079,33.9,73313,32854,30089,17769,10294,63.32,380000,1209,31.1
2023,08001,Adams County,08,Colorado,524408,34.6,91387,40167,191765,127392,57572,68.87,458400,1713,33.0
2023,08003,Alamosa County,08,Colorado,16515,33.1,51445,29622,7148,3705,2865,56.39,218800,904,28.1
2023,08005,Arapahoe County,08,Colorado,655709,37.3,97215,51942,265980,165343,88547,65.12,526000,1812,32.5
2023,08007,Archuleta County,08,Colorado,13730,52.2,76524,43049,9710,4573,1331,77.46,451400,1409,28.5
2023,08009,Baca County,08,Colorado,3460,43.0,40380,28598,1986,1145,448,71.88,122000,490,21.5
2023,08011,Bent County,08,Colorado,5524,41.7,49194,20360,2163,1239,636,66.08,137900,854,31.6
2023,08013,Boulder County,08,Colorado,328317,37.5,102772,60272,142809,84461,50769,62.46,713900,1893,34.8
2023,08014,Broomfield County,08,Colorado,75110,38.8,121025,62948,32261,19353,11568,62.59,631600,2074,28.2
2023,08015,Chaffee County,08,Colorado,19876,47.6,70909,43357,11315,6707,2488,72.94,598500,1514,30.2
2023,08017,Cheyenne County,08,Colorado,1732,43.0,67768,38468,965,546,205,72.70,187100,862,20.0
2023,08019,Clear Creek County,08,Colorado,9358,49.2,96667,65848,5768,3725,787,82.56,572800,1230,32.6
2023,08021,Conejos County,08,Colorado,7536,38.8,47209,28155,4058,2319,793,74.52,162100,724,27.8
2023,08023,Costilla County,08,Colorado,3571,50.7,36519,27976,2418,1236,338,78.53,171300,857,40.2
2023,08025,Crowley County,08,Colorado,5734,39.6,47563,19316,1535,877,456,65.79,106700,976,36.3
2023,08027,Custer County,08,Colorado,5073,58.6,72700,43529,4349,2097,351,85.66,358800,1021,26.6
2023,08029,Delta County,08,Colorado,31353,48.4,58330,35746,14931,9663,2985,76.40,318000,1080,32.4
2023,08031,Denver County,08,Colorado,713734,35.2,91681,61202,352593,161908,167670,49.13,586700,1770,29.0
2023,08033,Dolores County,08,Colorado,2385,57.2,70490,42092,1640,1041,197,84.09,231900,1688,16.8
2023,08035,Douglas County,08,Colorado,368283,39.5,145737,66810,140542,105865,30265,77.77,674000,2095,30.1
2023,08037,Eagle County,08,Colorado,55374,39.3,103174,62607,33455,14130,6781,67.57,814700,2032,36.6
2023,08039,Elbert County,08,Colorado,27152,44.8,129477,57481,10193,9119,538,94.43,664600,1436,29.2
2023,08041,El Paso County,08,Colorado,736008,35.0,87470,44250,296753,187976,95198,66.38,431000,1609,31.7
2023,08043,Fremont County,08,Colorado,49394,44.9,61027,30201,20449,13475,4220,76.15,282100,1036,26.4
2023,08045,Garfield County,08,Colorado,62034,37.2,86172,42253,24640,16084,6987,69.72,490600,1515,30.3
2023,08047,Gilpin County,08,Colorado,5877,48.7,88654,58842,3706,2448,628,79.58,512600,1340,40.7
2023,08049,Grand County,08,Colorado,15794,45.5,84558,49770,17037,4934,1526,76.38,507200,1451,31.2
2023,08051,Gunnison County,08,Colorado,17158,37.0,77358,47042,12348,5290,2613,66.94,597200,1191,31.1
2023,08053,Hinsdale County,08,Colorado,939,54.8,64327,46490,1384,377,96,79.70,438800,1099,23.8
2023,08055,Huerfano County,08,Colorado,6946,55.1,52139,36275,4750,2192,644,77.29,256700,739,29.2
2023,08057,Jackson County,08,Colorado,1422,51.5,41809,34068,1155,464,170,73.19,250000,1484,29.7
2023,08059,Jefferson County,08,Colorado,579715,40.4,107800,58142,251183,169486,70545,70.61,604400,1792,31.4
2023,08061,Kiowa County,08,Colorado,1356,43.9,56389,31339,704,400,174,69.69,148600,869,24.2
2023,08063,Kit Carson County,08,Colorado,7015,39.0,59810,37807,3426,1990,924,68.29,221400,916,28.0
2023,08065,Lake County,08,Colorado,7411,36.9,93655,49180,4033,2250,709,76.04,401300,1599,33.0
2023,08067,La Plata County,08,Colorado,56088,42.3,85296,45717,28613,16462,6738,70.96,549100,1409,30.9
2023,08069,Larimer County,08,Colorado,363561,36.6,91364,49323,161882,97491,54080,64.32,532200,1677,32.4
2023,08071,Las Animas County,08,Colorado,14392,46.5,50408,30623,8134,4698,2003,70.11,214500,875,30.7
2023,08073,Lincoln County,08,Colorado,5561,40.7,54257,29350,2385,1400,570,71.07,232100,854,26.1
2023,08075,Logan County,08,Colorado,21067,39.1,55074,29538,8709,5565,2583,68.30,228100,1027,27.6
2023,08077,Mesa County,08,Colorado,157316,40.8,71485,38589,68861,46413,18146,71.89,349400,1154,29.6
2023,08079,Mineral County,08,Colorado,799,53.7,52455,41950,1251,320,114,73.73,413000,903,31.8
2023,08081,Moffat County,08,Colorado,13258,37.9,70975,35380,6114,3824,1479,72.11,262500,1051,24.7
2023,08083,Montezuma County,08,Colorado,26204,44.5,63005,34667,12314,8168,2747,74.83,308100,974,32.3
2023,08085,Montrose County,08,Colorado,43272,45.7,66072,36936,19429,13085,4444,74.65,357900,1120,29.9
2023,08087,Morgan County,08,Colorado,29186,36.9,75407,31867,11670,7183,3850,65.10,299300,1092,27.0
2023,08089,Otero County,08,Colorado,18460,40.9,54897,28634,8725,5264,2379,68.87,160700,796,29.7
2023,08091,Ouray County,08,Colorado,5024,55.6,84556,53914,3466,1961,553,78.00,670100,1398,27.2
2023,08093,Park County,08,Colorado,17739,51.7,95450,53396,14362,7382,1065,87.39,489300,1942,29.0
2023,08095,Phillips County,08,Colorado,4491,40.3,60372,43285,2085,1393,466,74.93,255300,947,26.8
2023,08097,Pitkin County,08,Colorado,17119,47.3,100318,105096,13350,6096,2935,67.50,1131200,1880,29.8
2023,08099,Prowers County,08,Colorado,11931,38.5,57601,32128,5466,3209,1355,70.31,150900,741,32.4
2023,08101,Pueblo County,08,Colorado,168726,40.4,62250,33716,73031,46329,21487,68.32,271800,1059,31.6
2023,08103,Rio Blanco County,08,Colorado,6518,39.1,72620,33375,3288,1963,624,75.88,243400,924,27.0
2023,08105,Rio Grande County,08,Colorado,11394,43.2,62166,40132,6574,3442,1590,68.40,215400,782,25.5
2023,08107,Routt County,08,Colorado,24990,42.6,104803,65003,16913,8058,2561,75.88,756200,1845,31.3
2023,08109,Saguache County,08,Colorado,6511,49.8,54283,39711,3838,2448,813,75.07,200000,746,27.4
2023,08111,San Juan County,08,Colorado,690,42.2,73889,46192,720,201,161,55.52,406900,1076,22.1
2023,08113,San Miguel County,08,Colorado,8026,42.7,80117,64164,6606,2607,1391,65.21,613100,1173,26.2
2023,08115,Sedgwick County,08,Colorado,2346,42.9,52833,34866,1184,723,277,72.30,142700,728,35.8
2023,08117,Summit County,08,Colorado,30857,39.2,106255,58219,31849,8546,3801,69.22,850700,1851,26.2
2023,08119,Teller County,08,Colorado,24774,52.0,80666,46242,13516,9251,2002,82.21,445000,1746,32.8
2023,08121,Washington County,08,Colorado,4839,41.2,65164,36138,2280,1485,585,71.74,218300,991,20.7
2023,08123,Weld County,08,Colorado,340711,35.2,93287,41661,125033,90674,29345,75.55,444500,1469,33.1
2023,08125,Yuma County,08,Colorado,9921,39.6,60051,34352,4324,2764,1193,69.85,215600,897,24.6
2023,09110,Capitol Planning Region,09,Connecticut,969029,40.2,91541,49924,415269,254424,134662,65.39,298200,1351,29.9
2023,09120,Greater Bridgeport Planning Region,09,Connecticut,326296,40.0,87135,50592,125678,77362,40973,65.38,397000,1482,34.9
2023,09130,Lower Connecticut River Valley Planning Region,09,Connecticut,174983,45.8,101117,56906,82771,55387,18237,75.23,359000,1399,30.5
2023,09140,Naugatuck Valley Planning Region,09,Connecticut,452303,41.9,86365,46063,191984,120630,57710,67.64,290800,1288,31.4
2023,09150,Northeastern Connecticut Planning Region,09,Connecticut,95829,43.9,87564,44393,41629,29835,9320,76.20,281300,1153,27.5
2023,09160,Northwest Hills Planning Region,09,Connecticut,112848,47.1,91035,55526,55665,35683,11352,75.86,311700,1169,27.5
2023,09170,South Central Connecticut Planning Region,09,Connecticut,566803,40.2,86266,48264,247217,137908,89831,60.56,328300,1463,31.6
2023,09180,Southeastern Connecticut Planning Region,09,Connecticut,279025,41.0,84185,45691,125728,74923,39654,65.39,293900,1316,29.9
2023,09190,Western Connecticut Planning Region,09,Connecticut,621232,41.5,124553,79648,250108,153760,78519,66.20,625400,2060,30.7
2022,10001,Kent County,10,Delaware,182400,38.5,69278,33191,73600,48353,20352,70.38,272300,1224,31.9
2022,10003,New Castle County,10,Delaware,570567,39.0,85309,44725,233746,150245,70192,68.16,312000,1327,28.5
2022,10005,Sussex County,10,Delaware,240668,51.3,75406,42958,144210,81325,18533,81.44,324400,1162,32.2
2022,11001,District of Columbia,11,District of Columbia,670587,34.8,101722,71297,350372,130865,184920,41.44,705000,1817,28.5
2022,12001,Alachua County,12,Florida,279729,31.7,57566,35684,123751,59226,49371,54.54,245600,1191,36.5
2022,12003,Baker County,12,Florida,27969,37.7,67872,28612,9890,7186,1818,79.81,198900,959,30.7
2022,12005,Bay County,12,Florida,181055,41.2,65999,36868,104428,51208,23470,68.57,246800,1311,31.9
2022,12007,Bradford County,12,Florida,27816,39.9,54759,25276,10771,6168,2899,68.03,153900,902,32.0
2022,12009,Brevard County,12,Florida,610723,47.0,71308,40111,290314,189103,57547,76.67,278000,1327,32.1
2022,12011,Broward County,12,Florida,1940907,41.0,70331,39753,859621,466131,275842,62.82,348600,1683,37.0
2022,12013,Calhoun County,12,Florida,13753,41.9,41526,21324,5680,3406,1042,76.57,118100,610,33.2
2022,12015,Charlotte County,12,Florida,189900,59.9,62164,38466,111330,69787,14884,82.42,265800,1206,35.4
2022,12017,Citrus County,12,Florida,155173,56.9,52569,33514,82142,57661,9890,85.36,190800,1000,33.0
2022,12019,Clay County,12,Florida,219650,39.9,82242,37334,85593,61040,18664,76.58,254500,1372,29.3
2022,12021,Collier County,12,Florida,380221,52.2,82011,56666,229814,117362,39406,74.86,443700,1599,35.9
2022,12023,Columbia County,12,Florida,69832,40.7,53501,28317,29835,18850,7541,71.43,165300,905,28.5
2022,12027,DeSoto County,12,Florida,34258,41.7,45000,21726,15567,8784,3556,71.18,139500,861,30.0
2022,12029,Dixie County,12,Florida,16737,45.8,45057,20508,9304,5117,1047,83.01,93200,805,24.8
2022,12031,Duval County,12,Florida,995708,36.6,65579,37376,437330,228080,168052,57.58,251300,1293,31.2
2022,12033,Escambia County,12,Florida,321296,38.1,61642,33656,146123,79891,46646,63.14,206400,1170,30.9
2022,12035,Flagler County,12,Florida,117515,52.4,69251,40463,56326,37680,9869,79.24,293700,1561,32.9
2022,12037,Franklin County,12,Florida,12276,48.7,58107,31433,8415,3840,921,80.66,236100,1045,33.5
2022,12039,Gadsden County,12,Florida,43746,41.9,45721,23898,18946,11728,4157,73.83,137300,781,30.1
2022,12041,Gilchrist County,12,Florida,18070,42.7,56823,31477,7579,5684,1188,82.71,165500,801,19.8
2022,12043,Glades County,12,Florida,12179,47.4,37221,23296,6554,3637,1000,78.43,91300,832,32.0
2022,12045,Gulf County,12,Florida,15002,46.5,56250,30011,8984,4438,1210,78.58,197700,1143,39.8
2022,12047,Hamilton County,12,Florida,13492,41.8,47668,17331,5630,3233,1067,75.19,100800,778,30.7
2022,12049,Hardee County,12,Florida,25528,35.2,44665,23380,9837,5413,2714,66.61,118700,904,33.6
2022,12051,Hendry County,12,Florida,39902,35.1,49259,24825,15227,9269,4020,69.75,153200,892,34.8
2022,12053,Hernando County,12,Florida,196621,48.5,59202,31516,89635,63451,15718,80.15,214700,1155,31.5
2022,12055,Highlands County,12,Florida,102339,54.1,53679,31864,57605,35026,9659,78.38,155900,919,29.9
2022,12057,Hillsborough County,12,Florida,1468560,37.6,70612,39509,606334,338533,221437,60.46,294900,1413,32.4
2022,12059,Holmes County,12,Florida,19529,41.0,46063,22860,8635,5409,1660,76.52,94900,792,27.0
2022,12061,Indian River County,12,Florida,160986,54.8,67543,44102,83801,52704,13031,80.18,284400,1183,34.4
2022,12063,Jackson County,12,Florida,47704,42.9,46144,23210,20022,12498,4382,74.04,113300,756,32.5
2022,12065,Jefferson County,12,Florida,14458,47.8,51573,29189,6741,4136,1383,74.94,167600,727,27.4
2022,12067,Lafayette County,12,Florida,8107,40.6,57852,20073,3403,2057,498,80.51,118600,853,26.8
2022,12069,Lake County,12,Florida,386829,46.9,66239,35150,178098,117522,36295,76.40,262500,1323,32.0
2022,12071,Lee County,12,Florida,772902,49.1,69368,41332,419916,228142,83206,73.28,290900,1466,33.5
2022,12073,Leon County,12,Florida,294128,31.4,61317,36823,134107,61897,56858,52.12,256900,1157,34.5
2022,12075,Levy County,12,Florida,43268,47.3,49933,29042,20972,14207,3636,79.62,151800,798,29.2
2022,12077,Liberty County,12,Florida,7704,39.6,51723,24080,3118,1973,474,80.63,113300,884,24.4
2022,12079,Madison County,12,Florida,17986,44.5,43386,22760,8362,4748,1945,70.94,92400,832,34.6
2022,12081,Manatee County,12,Florida,405069,49.4,71385,41760,208358,121011,40645,74.86,323900,1418,33.3
2022,12083,Marion County,12,Florida,378225,48.5,55265,31086,179079,118521,36475,76.47,194900,1092,30.0
2022,12085,Martin County,12,Florida,159399,53.2,77894,50748,81593,53652,13072,80.41,359200,1374,33.6
2022,12086,Miami-Dade County,12,Florida,2688237,40.6,64215,35563,1075278,494141,458539,51.87,387000,1623,37.3
2022,12087,Monroe County,12,Florida,82044,48.3,80111,54630,54034,21391,12997,62.20,696900,1919,34.3
2022,12089,Nassau County,12,Florida,91538,46.3,84085,44483,42121,30031,6305,82.65,306800,1171,29.1
2022,12091,Okaloosa County,12,Florida,212021,37.1,73988,40002,101408,56031,27303,67.24,295400,1382,31.4
2022,12093,Okeechobee County,12,Florida,39870,40.8,50476,26904,18496,11101,3818,74.41,158500,963,28.5
2022,12095,Orange County,12,Florida,1427403,35.9,72629,37330,565109,279925,211453,56.97,329000,1553,33.7
2022,12097,Osceola County,12,Florida,393745,36.6,64312,28690,156976,78747,41070,65.72,285200,1537,37.7
2022,12099,Palm Beach County,12,Florida,1494805,45.2,76066,48121,708303,409975,179619,69.54,368300,1700,35.5
2022,12101,Pasco County,12,Florida,569211,43.9,63187,35201,259083,166566,56819,74.56,233600,1282,31.8
2022,12103,Pinellas County,12,Florida,959918,48.8,66406,44020,516276,289090,129626,69.04,284300,1389,32.9
2022,12105,Polk County,12,Florida,736229,39.8,60901,30262,320023,184335,79810,69.79,215700,1192,30.8
2022,12107,Putnam County,12,Florida,73604,45.1,44852,25966,36183,21737,8045,72.99,125700,844,30.7
2022,12109,St. Johns County,12,Florida,278722,44.0,100020,52096,120920,84061,17995,82.37,416100,1601,31.3
2022,12111,St. Lucie County,12,Florida,334682,45.3,66154,33847,150054,97475,28968,77.09,275900,1363,33.8
2022,12113,Santa Rosa County,12,Florida,188994,40.0,84715,39143,76585,54478,15046,78.36,272500,1386,27.5
2022,12115,Sarasota County,12,Florida,439392,57.1,77213,53149,254601,151538,47807,76.02,338500,1590,32.4
2022,12117,Seminole County,12,Florida,471321,39.6,79490,42281,194744,120506,62981,65.68,329300,1545,32.3
2022,12119,Sumter County,12,Florida,131832,68.3,70105,44431,76923,56048,8257,87.16,324400,1185,37.6
2022,12121,Suwannee County,12,Florida,43881,42.8,49729,24991,18948,11626,3827,75.23,136500,760,22.3
2022,12123,Taylor County,12,Florida,21421,44.3,46239,26859,11110,5779,1686,77.41,89300,909,31.8
2022,12125,Union County,12,Florida,15524,39.7,64043,24293,4716,2855,1239,69.74,146200,785,22.5
2022,12127,Volusia County,12,Florida,558520,46.5,63075,35364,273835,167784,64889,72.11,251400,1271,33.4
2022,12129,Wakulla County,12,Florida,33732,42.3,72035,31683,13843,9687,2245,81.19,198600,1041,31.4
2022,12131,Walton County,12,Florida,76618,44.4,74832,45348,56744,24482,7009,77.74,327000,1463,31.8
2022,12133,Washington County,12,Florida,25014,41.6,47536,23984,10874,7126,1969,78.35,137600,853,31.5
2022,13001,Appling County,13,Georgia,18441,39.6,43268,23940,8524,4990,1900,72.42,88500,683,27.4
2022,13003,Atkinson County,13,Georgia,8265,35.5,38007,23066,3494,2049,1014,66.90,77100,566,24.9
2022,13005,Bacon County,13,Georgia,11138,38.1,43938,24654,4807,2814,1095,71.99,95600,685,27.3
2022,13007,Baker County,13,Georgia,2878,47.0,45417,23731,1421,821,276,74.84,121600,596,19.6
2022,13009,Baldwin County,13,Georgia,43778,36.1,54699,31681,20092,9974,5879,62.92,154400,832,33.9
2022,13011,Banks County,13,Georgia,18381,42.3,69096,30024,7308,4984,1683,74.76,229900,776,25.3
2022,13013,Barrow County,13,Georgia,84399,36.2,75053,30899,30357,22667,6114,78.76,228400,1137,28.7
2022,13015,Bartow County,13,Georgia,109410,38.2,74812,32102,42731,27974,10455,72.79,237000,1090,27.0
2022,13017,Ben Hill County,13,Georgia,17169,38.7,38255,22625,8122,4123,3003,57.86,100000,668,24.9
2022,13019,Berrien County,13,Georgia,18187,39.8,48670,25100,8059,4677,2096,69.05,108300,718,23.9
2022,13021,Bibb County,13,Georgia,156554,36.5,48897,30115,71828,31315,28165,52.65,155200,967,34.0
2022,13023,Bleckley County,13,Georgia,12413,37.7,56021,28207,5215,3163,1060,74.90,121600,757,32.9
2022,13025,Brantley County,13,Georgia,18105,40.2,40166,22767,8173,5029,1620,75.64,91900,728,28.9
2022,13027,Brooks County,13,Georgia,16275,42.6,42263,28004,7324,4068,1889,68.29,128400,738,37.4
2022,13029,Bryan County,13,Georgia,44995,34.4,90627,39829,16753,11598,3657,76.03,276100,1390,28.8
2022,13031,Bulloch County,13,Georgia,79829,29.7,53675,28484,33086,15337,14297,51.75,172500,931,29.4
2022,13033,Burke County,13,Georgia,24337,38.8,50321,29735,11106,6469,2444,72.58,98300,747,30.7
2022,13035,Butts County,13,Georgia,25522,38.7,60076,27875,9509,6290,2193,74.15,200000,961,26.5
2022,13037,Calhoun County,13,Georgia,5594,39.2,48663,18074,2044,980,517,65.46,77100,676,26.3
2022,13039,Camden County,13,Georgia,55105,34.0,68104,32712,22774,13222,7123,64.99,213400,1136,31.3
2022,13043,Candler County,13,Georgia,10946,41.6,45519,24477,4640,2499,1604,60.91,141500,682,25.9
2022,13045,Carroll County,13,Georgia,120060,35.2,66895,30827,46510,29339,13657,68.24,196900,1055,31.2
2022,13047,Catoosa County,13,Georgia,68052,40.8,68896,33515,28027,19308,6467,74.91,191200,921,27.2
2022,13049,Charlton County,13,Georgia,12547,39.4,45770,22742,4673,2989,1054,73.93,107500,704,31.4
2022,13051,Chatham County,13,Georgia,296266,36.7,66171,37637,134190,66733,50650,56.85,256400,1284,31.2
2022,13053,Chattahoochee County,13,Georgia,9402,23.9,52943,23574,2971,634,1397,31.22,129300,1260,26.6
2022,13055,Chattooga County,13,Georgia,24902,40.2,43556,21576,10864,6286,3006,67.65,86400,753,29.3
2022,13057,Cherokee County,13,Georgia,268567,39.7,100824,45334,101159,75148,21875,77.45,358400,1580,31.9
2022,13059,Clarke County,13,Georgia,128864,28.9,48692,30138,55905,21980,31356,41.21,242600,1045,35.8
2022,13061,Clay County,13,Georgia,2855,42.7,43264,22191,1882,781,362,68.33,81200,383,28.6
2022,13063,Clayton County,13,Georgia,296312,33.0,56207,25549,113826,55466,49354,52.92,167200,1216,33.0
2022,13065,Clinch County,13,Georgia,6713,38.4,53350,20294,3022,1735,650,72.75,73900,547,23.4
2022,13067,Cobb County,13,Georgia,765813,37.2,94244,48510,308949,193617,97554,66.50,346000,1535,29.4
2022,13069,Coffee County,13,Georgia,43056,36.4,48398,23839,17370,9846,5048,66.11,122500,702,26.0
2022,13071,Colquitt County,13,Georgia,45813,37.1,47235,25766,19143,10714,5825,64.78,113900,747,28.9
2022,13073,Columbia County,13,Georgia,156921,37.4,92571,40677,59195,39501,10555,78.91,259000,1295,28.1
2022,13075,Cook County,13,Georgia,17242,37.3,46706,24060,7318,3881,2235,63.46,113600,887,31.6
2022,13077,Coweta County,13,Georgia,147449,39.1,90031,41373,57067,41273,12904,76.18,291900,1326,30.9
2022,13079,Crawford County,13,Georgia,12156,45.8,56948,31240,5187,3501,831,80.82,149400,677,19.7
2022,13081,Crisp County,13,Georgia,20255,40.4,47463,28063,9926,4292,3659,53.98,106900,735,28.5
2022,13083,Dade County,13,Georgia,16239,42.5,59531,30078,7385,4639,1435,76.37,157900,861,19.9
2022,13085,Dawson County,13,Georgia,27355,43.9,84516,41096,12118,8295,2048,80.20,312600,1360,30.8
2022,13087,Decatur County,13,Georgia,29063,38.3,47383,24974,13018,6243,4052,60.64,140800,796,26.5
2022,13089,DeKalb County,13,Georgia,761209,36.3,76044,43958,325979,164725,120005,57.85,301100,1464,32.8
2022,13091,Dodge County,13,Georgia,19977,42.0,46091,23137,8617,4579,2029,69.29,104600,695,27.6
2022,13093,Dooly County,13,Georgia,11236,45.1,54109,27232,4848,2661,1126,70.27,94500,717,21.0
2022,13095,Dougherty County,13,Georgia,85038,36.2,45640,26563,40591,15852,18189,46.57,119100,898,31.8
2022,13097,Douglas County,13,Georgia,144735,36.7,76930,34010,54382,33302,17250,65.88,227800,1326,29.7
2022,13099,Early County,13,Georgia,10753,40.4,48355,25929,4919,2714,1302,67.58,126500,803,29.1
2022,13101,Echols County,13,Georgia,3707,34.7,61184,24751,1546,936,291,76.28,114900,789,25.9
2022,13103,Effingham County,13,Georgia,65314,36.4,79474,36506,24567,17578,5242,77.03,219000,1098,23.7
2022,13105,Elbert County,13,Georgia,19570,42.8,48190,27848,9316,5537,2336,70.33,104500,828,27.6
2022,13107,Emanuel County,13,Georgia,22907,37.4,47905,24696,9982,4705,3616,56.54,87500,724,21.7
2022,13109,Evans County,13,Georgia,10759,36.6,55222,25580,4664,2434,1480,62.19,130500,715,25.7
2022,13111,Fannin County,13,Georgia,25436,53.8,54857,36058,17812,8809,2518,77.77,260100,813,29.3
2022,13113,Fayette County,13,Georgia,119259,43.2,105910,51004,45307,35025,7863,81.67,369700,1693,31.0
2022,13115,Floyd County,13,Georgia,98541,38.0,57868,30523,40568,22717,13279,63.11,174000,890,29.5
2022,13117,Forsyth County,13,Georgia,253225,39.2,131660,54002,88181,71824,12838,84.84,451100,1779,27.5
2022,13119,Franklin County,13,Georgia,23480,40.9,52597,27671,10655,6313,2226,73.93,146700,751,26.2
2022,13121,Fulton County,13,Georgia,1061944,36.1,86267,58314,493587,242049,208807,53.69,398300,1529,29.6
2022,13123,Gilmer County,13,Georgia,31519,49.6,70334,34412,17850,9791,3077,76.09,259700,907,26.9
2022,13125,Glascock County,13,Georgia,2903,43.2,60469,28733,1411,746,306,70.91,117300,779,21.0
2022,13127,Glynn County,13,Georgia,84566,43.3,65970,39221,42418,22725,11266,66.86,238000,1031,28.2
2022,13129,Gordon County,13,Georgia,57785,39.1,57555,29787,22876,14702,5853,71.53,179100,830,27.8
2022,13131,Grady County,13,Georgia,26075,39.8,51929,26887,11506,6412,3380,65.48,147000,806,30.3
2022,13133,Greene County,13,Georgia,19020,51.2,77527,51577,10142,6036,1581,79.24,308000,825,27.7
2022,13135,Gwinnett County,13,Georgia,957977,35.7,82296,36778,331184,211863,106108,66.63,307300,1594,33.4
2022,13137,Habersham County,13,Georgia,46326,39.0,61292,29069,18491,11754,3852,75.32,188800,861,26.8
2022,13139,Hall County,13,Georgia,204953,37.8,74153,35624,77473,48570,20817,70.00,277900,1179,30.1
2022,13141,Hancock County,13,Georgia,8588,46.0,31767,19730,4940,2093,692,75.15,93500,576,37.4
2022,13143,Haralson County,13,Georgia,30178,39.2,65940,31342,12385,8239,3118,72.55,187700,837,23.1
2022,13145,Harris County,13,Georgia,34914,43.2,85936,39851,14306,10890,1314,89.23,273200,869,24.6
2022,13147,Hart County,13,Georgia,26110,45.1,61765,30636,12878,7748,2546,75.27,180500,782,26.7
2022,13149,Heard County,13,Georgia,11489,40.7,62965,32386,4790,3143,1262,71.35,134900,815,21.6
2022,13151,Henry County,13,Georgia,240853,36.9,79663,35065,87142,59397,22835,72.23,245200,1411,29.3
2022,13153,Houston County,13,Georgia,164117,36.1,76968,35223,66889,40563,20044,66.93,189500,1094,27.5
2022,13155,Irwin County,13,Georgia,9487,39.8,46383,23794,4168,2571,995,72.10,94700,772,24.3
2022,13157,Jackson County,13,Georgia,77033,37.9,82056,34703,28209,20562,5178,79.88,280600,1007,26.0
2022,13159,Jasper County,13,Georgia,14882,42.2,57374,31026,6334,4562,968,82.50,184000,1009,26.6
2022,13161,Jeff Davis County,13,Georgia,14791,39.1,41780,22065,6372,3623,1742,67.53,106800,626,22.7
2022,13163,Jefferson County,13,Georgia,15591,40.7,46865,25820,7167,3904,1922,67.01,90900,701,25.9
2022,13165,Jenkins County,13,Georgia,8704,44.0,31463,19360,4451,2729,568,82.77,81800,665,25.6
2022,13167,Johnson County,13,Georgia,9225,42.7,47796,23878,3587,2401,889,72.98,81300,590,30.7
2022,13169,Jones County,13,Georgia,28382,41.3,66288,31934,11662,8756,1825,82.75,159500,850,29.4
2022,13171,Lamar County,13,Georgia,18676,37.6,64966,30978,7635,5263,1655,76.08,177000,888,26.9
2022,13173,Lanier County,13,Georgia,9964,36.5,39971,22128,4119,2386,1158,67.33,150200,813,30.4
2022,13175,Laurens County,13,Georgia,49407,39.2,46776,27565,21943,11326,6487,63.58,132000,722,29.4
2022,13177,Lee County,13,Georgia,32968,37.0,83632,34074,12697,8833,2973,74.82,208800,1144,22.0
2022,13179,Liberty County,13,Georgia,65550,28.6,55149,26121,26877,11057,11918,48.13,158400,1178,29.1
2022,13181,Lincoln County,13,Georgia,7726,47.1,50754,28414,4446,2289,726,75.92,164300,724,32.5
2022,13183,Long County,13,Georgia,16804,34.4,56819,26995,6383,3374,2173,60.83,159900,846,29.9
2022,13185,Lowndes County,13,Georgia,118257,30.9,52821,27553,49247,23792,19928,54.42,177800,951,31.5
2022,13187,Lumpkin County,13,Georgia,33405,35.9,67592,33322,13183,8798,2652,76.84,249400,1055,43.4
2022,13189,McDuffie County,13,Georgia,21715,38.5,54752,28259,9423,5408,2804,65.85,140900,834,30.7
2022,13191,McIntosh County,13,Georgia,11183,51.8,51262,28773,6814,3925,861,82.01,157600,760,31.2
2022,13193,Macon County,13,Georgia,12099,40.1,33960,22681,5169,2482,1503,62.28,78100,627,28.5
2022,13195,Madison County,13,Georgia,30378,40.2,53626,27769,12253,7856,3027,72.19,170600,884,32.3
2022,13197,Marion County,13,Georgia,7508,43.8,48836,24727,3550,2209,663,76.92,111300,663,23.5
2022,13199,Meriwether County,13,Georgia,20679,43.6,52392,25784,9522,5426,2680,66.94,147200,864,30.0
2022,13201,Miller County,13,Georgia,5923,43.2,52132,29135,2849,1689,842,66.73,119400,698,31.8
2022,13205,Mitchell County,13,Georgia,21634,39.5,45966,24705,9044,5040,2884,63.60,98400,725,27.2
2022,13207,Monroe County,13,Georgia,28287,42.6,74867,40063,11179,8526,1722,83.20,204100,872,25.8
2022,13209,Montgomery County,13,Georgia,8687,37.5,49138,27994,3773,2268,698,76.47,105300,684,35.0
2022,13211,Morgan County,13,Georgia,20171,43.1,81524,38932,8474,5640,1947,74.34,293300,1003,19.7
2022,13213,Murray County,13,Georgia,40063,39.7,60617,27383,16080,10944,3915,73.65,153700,800,24.4
2022,13215,Muscogee County,13,Georgia,204572,34.9,54561,30980,90488,39535,40321,49.51,168400,1038,29.2
2022,13217,Newton County,13,Georgia,113298,36.4,70732,30101,42037,28958,10948,72.57,200300,1264,32.7
2022,13219,Oconee County,13,Georgia,41978,41.2,116221,53848,15073,11977,2353,83.58,389200,1391,21.5
2022,13221,Oglethorpe County,13,Georgia,14974,42.2,66672,30225,6395,4129,1144,78.30,176300,789,23.2
2022,13223,Paulding County,13,Georgia,169898,36.6,89237,35242,59896,45544,11171,80.30,251100,1464,26.3
2022,13225,Peach County,13,Georgia,28054,38.1,60940,31349,12023,7012,3152,68.99,170500,817,28.7
2022,13227,Pickens County,13,Georgia,33439,46.3,72558,37686,14979,10292,2750,78.91,263200,990,27.6
2022,13229,Pierce County,13,Georgia,19822,39.8,54861,26392,8389,5734,1726,76.86,116800,764,27.5
2022,13231,Pike County,13,Georgia,19145,40.2,83866,35993,7132,5391,1054,83.65,234700,989,24.6
2022,13233,Polk County,13,Georgia,43019,37.9,51956,26843,17235,10098,5419,65.08,151400,814,32.6
2022,13235,Pulaski County,13,Georgia,9887,42.2,42545,23007,4078,2011,1106,64.52,120500,863,35.2
2022,13237,Putnam County,13,Georgia,22206,48.6,60825,42468,13171,7847,2005,79.65,203300,934,27.3
2022,13239,Quitman County,13,Georgia,2180,59.1,38889,22189,1715,773,185,80.69,85800,740,18.4
2022,13241,Rabun County,13,Georgia,16915,49.4,57261,35889,12078,5385,1635,76.71,236900,945,32.3
2022,13243,Randolph County,13,Georgia,6365,39.0,24638,18208,3493,1228,1325,48.10,83800,557,28.1
2022,13245,Richmond County,13,Georgia,206153,34.8,50605,28480,92108,38018,36010,51.36,142100,1024,33.1
2022,13247,Rockdale County,13,Georgia,93641,39.0,68999,33481,35398,21813,11427,65.62,221800,1263,32.9
2022,13249,Schley County,13,Georgia,4565,38.4,53274,24255,1950,1186,392,75.16,154300,775,33.0
2022,13251,Screven County,13,Georgia,14026,41.9,49941,28356,6528,3506,1221,74.17,107800,632,23.2
2022,13253,Seminole County,13,Georgia,9117,45.0,46063,36184,5046,2699,954,73.88,110300,813,26.5
2022,13255,Spalding County,13,Georgia,67415,38.9,57367,35823,27957,17011,9292,64.67,178800,1024,31.3
2022,13257,Stephens County,13,Georgia,26732,41.9,52901,26620,12342,7493,2720,73.37,154200,797,24.5
2022,13259,Stewart County,13,Georgia,5121,37.4,43094,21096,2115,1050,688,60.41,72500,588,27.3
2022,13261,Sumter County,13,Georgia,29378,36.9,38899,23891,13493,6027,4612,56.65,130000,812,30.4
2022,13263,Talbot County,13,Georgia,5793,49.9,48065,28528,3066,2083,455,82.07,119400,864,23.6
2022,13265,Taliaferro County,13,Georgia,1635,47.2,45881,24766,1013,483,160,75.12,69200,693,26.6
2022,13267,Tattnall County,13,Georgia,24309,38.1,51868,21842,9366,5296,2256,70.13,115600,609,23.4
2022,13269,Taylor County,13,Georgia,7799,43.2,40727,24453,3946,1901,1147,62.37,90100,730,35.9
2022,13271,Telfair County,13,Georgia,12619,40.1,41801,17162,4836,2174,774,73.74,90000,644,40.0
2022,13273,Terrell County,13,Georgia,9004,40.5,43507,24200,4245,1941,1359,58.82,97000,709,31.9
2022,13275,Thomas County,13,Georgia,45665,39.9,55958,32414,20796,11315,6853,62.28,178900,974,29.4
2022,13277,Tift County,13,Georgia,41247,36.5,52561,27987,17392,9452,5876,61.66,140700,760,26.5
2022,13279,Toombs County,13,Georgia,26946,37.5,47310,27912,12062,6246,3508,64.04,124800,661,27.7
2022,13281,Towns County,13,Georgia,12546,56.3,55574,33443,8618,4320,1144,79.06,278700,839,29.7
2022,13283,Treutlen County,13,Georgia,6411,43.2,38641,27309,2858,1418,877,61.79,98500,653,25.4
2022,13285,Troup County,13,Georgia,69527,37.2,53599,29562,28939,15218,10369,59.48,166700,956,34.6
2022,13287,Turner County,13,Georgia,8894,38.9,39666,21771,3916,2134,987,68.38,85600,617,25.2
2022,13289,Twiggs County,13,Georgia,7955,45.9,50446,32105,4047,2582,318,89.03,89300,727,23.8
2022,13291,Union County,13,Georgia,24880,55.9,59783,37709,14755,8755,2004,81.37,252100,781,23.8
2022,13293,Upson County,13,Georgia,27638,41.5,48740,27906,12331,6729,3683,64.63,136500,778,34.5
2022,13295,Walker County,13,Georgia,68065,42.0,52276,28554,29339,19379,6708,74.29,149600,847,29.6
2022,13297,Walton County,13,Georgia,97752,39.4,79425,34295,35783,26413,7657,77.53,267400,1192,29.9
2022,13299,Ware County,13,Georgia,35917,37.9,44138,23319,15921,7952,4804,62.34,94600,760,30.5
2022,13301,Warren County,13,Georgia,5197,45.3,45091,24249,2558,1393,552,71.62,82700,674,30.3
2022,13303,Washington County,13,Georgia,19975,40.8,43810,23687,8651,4921,2335,67.82,113700,777,30.2
2022,13305,Wayne County,13,Georgia,30277,38.7,49847,24838,12487,6923,3831,64.38,142200,805,26.1
2022,13307,Webster County,13,Georgia,2354,42.6,35000,22246,1207,714,162,81.51,77100,652,37.0
2022,13309,Wheeler County,13,Georgia,7550,33.9,36354,17980,2434,1092,505,68.38,82600,414,26.6
2022,13311,White County,13,Georgia,28165,45.3,66256,32311,13798,7819,2525,75.59,232000,950,26.1
2022,13313,Whitfield County,13,Georgia,103033,36.4,59659,28594,39213,24307,11490,67.90,175000,849,26.7
2022,13315,Wilcox County,13,Georgia,8839,41.4,46759,19237,3453,1840,659,73.63,65300,611,27.8
2022,13317,Wilkes County,13,Georgia,9610,45.5,51780,29042,5182,2650,1382,65.72,92500,777,20.5
2022,13319,Wilkinson County,13,Georgia,8852,42.2,40757,24070,4307,2661,652,80.32,87600,715,32.6
2022,13321,Worth County,13,Georgia,20706,41.6,56496,28119,9258,5734,2162,72.62,98000,875,30.8
2022,15001,Hawaii County,15,Hawaii,202163,43.3,74238,37236,88965,51778,20690,71.45,454900,1352,29.9
2022,15003,Honolulu County,15,Hawaii,1010100,38.8,99816,44026,369775,196384,137316,58.85,832200,1976,33.7
2022,15005,Kalawao County,15,Hawaii,50,43.3,87813,54390,96,0,32,0.00,-666666666,1297,18.6
2022,15007,Kauai County,15,Hawaii,73511,42.3,88869,39372,30236,14896,8082,64.83,742900,1686,28.6
2022,15009,Maui County,15,Hawaii,164765,42.2,95379,42607,71801,35758,18970,65.34,800100,1805,31.7
2022,16001,Ada County,16,Idaho,497494,38.1,83881,44645,198516,136018,54623,71.35,423500,1320,28.2
2022,16003,Adams County,16,Idaho,4464,54.4,55891,35844,2648,1414,273,83.82,284300,763,25.2
2022,16005,Bannock County,16,Idaho,87434,34.7,60998,30257,35186,22320,10384,68.25,233500,823,26.0
2022,16007,Bear Lake County,16,Idaho,6436,40.0,63244,30266,3895,1873,450,80.63,194700,636,31.0
2022,16009,Benewah County,16,Idaho,9731,45.9,54191,28420,4666,2818,1008,73.65,241700,812,28.1
2022,16011,Bingham County,16,Idaho,48253,34.3,69433,29421,17028,12512,3115,80.07,230500,787,25.5
2022,16013,Blaine County,16,Idaho,24248,44.5,81794,47151,15562,6981,2317,75.08,558600,1238,26.3
2022,16015,Boise County,16,Idaho,7809,53.7,70776,36518,5497,2922,474,86.04,369300,837,25.4
2022,16017,Bonner County,16,Idaho,47976,48.3,61816,35275,26374,15044,4184,78.24,378200,995,27.5
2022,16019,Bonneville County,16,Idaho,124490,33.2,73103,33008,45510,30105,12297,71.00,288300,971,26.4
2022,16021,Boundary County,16,Idaho,12335,43.6,58810,27287,5456,3651,1059,77.52,318600,802,19.8
2022,16023,Butte County,16,Idaho,2605,43.1,37358,26987,1285,808,216,78.91,194700,573,26.7
2022,16025,Camas County,16,Idaho,1133,36.5,63750,34790,678,246,77,76.16,225000,950,23.8
2022,16027,Canyon County,16,Idaho,235006,34.4,68473,28569,82374,59609,20119,74.77,306200,1138,28.8
2022,16029,Caribou County,16,Idaho,7058,37.9,65380,29819,3130,1967,560,77.84,204400,709,29.5
2022,16031,Cassia County,16,Idaho,24859,33.1,63525,28986,8904,5669,2511,69.30,227100,874,26.0
2022,16033,Clark County,16,Idaho,756,37.6,53500,24370,449,182,76,70.54,172500,727,31.3
2022,16035,Clearwater County,16,Idaho,8810,52.3,55885,29925,4573,2808,703,79.98,213000,838,27.6
2022,16037,Custer County,16,Idaho,4344,55.5,60357,28913,3130,1408,400,77.88,282000,771,26.8
2022,16039,Elmore County,16,Idaho,28752,32.3,55000,28599,12119,6728,4032,62.53,235200,1030,27.9
2022,16041,Franklin County,16,Idaho,14376,32.6,61679,27316,5027,3616,1056,77.40,269100,792,24.7
2022,16043,Fremont County,16,Idaho,13519,39.0,67015,27427,8564,3625,695,83.91,243700,750,24.3
2022,16045,Gem County,16,Idaho,19250,44.0,65204,33032,7640,5429,1767,75.44,324700,827,24.0
2022,16047,Gooding County,16,Idaho,15520,38.3,60938,29147,6077,3905,1508,72.14,197800,841,28.3
2022,16049,Idaho County,16,Idaho,16787,49.5,54745,29657,8880,5170,1433,78.30,258900,766,26.4
2022,16051,Jefferson County,16,Idaho,31383,31.7,77491,29028,10241,7925,1698,82.35,284700,971,20.7
2022,16053,Jerome County,16,Idaho,24474,33.0,67347,28266,8624,5910,2182,73.04,234300,834,23.0
2022,16055,Kootenai County,16,Idaho,173396,40.7,71949,36718,75686,48458,18544,72.32,407000,1216,30.8
2022,16057,Latah County,16,Idaho,39872,30.3,62258,33342,17301,9545,6384,59.92,309300,869,28.9
2022,16059,Lemhi County,16,Idaho,8043,53.2,49216,32446,4609,2781,547,83.56,254800,725,35.2
2022,16061,Lewis County,16,Idaho,3630,49.1,46484,27519,1811,1149,417,73.37,184800,662,25.3
2022,16063,Lincoln County,16,Idaho,5203,37.3,62250,27335,1952,1357,489,73.51,183400,804,23.8
2022,16065,Madison County,16,Idaho,52487,21.6,53025,21394,14328,4793,7186,40.01,324300,916,32.3
2022,16067,Minidoka County,16,Idaho,21626,34.9,63594,29561,8330,5390,2084,72.12,198400,871,24.0
2022,16069,Nez Perce County,16,Idaho,42200,40.7,65023,35387,18382,12256,4868,71.57,259600,888,29.7
2022,16071,Oneida County,16,Idaho,4572,39.7,67383,28592,2032,1623,218,88.16,226000,884,25.8
2022,16073,Owyhee County,16,Idaho,12043,38.9,58440,25106,4760,3005,1222,71.09,247200,734,21.2
2022,16075,Payette County,16,Idaho,25571,40.0,62721,30102,9802,6625,2727,70.84,265500,823,24.2
2022,16077,Power County,16,Idaho,7918,35.3,56671,24069,2948,1898,773,71.06,174200,720,18.7
2022,16079,Shoshone County,16,Idaho,13399,46.1,44807,26176,7021,4000,1478,73.02,183200,823,27.0
2022,16081,Teton County,16,Idaho,11813,38.6,88906,43396,5958,3384,933,78.39,479800,1071,30.5
2022,16083,Twin Falls County,16,Idaho,90592,35.5,61183,32393,35014,23154,10206,69.41,262200,951,29.9
2022,16085,Valley County,16,Idaho,11830,48.9,72878,34544,12359,3225,581,84.73,471000,962,36.8
2022,16087,Washington County,16,Idaho,10612,44.7,50046,26213,4551,2973,1170,71.76,212000,881,40.7
2022,17001,Adams County,17,Illinois,65583,41.3,63767,34934,30226,19845,7645,72.19,151300,782,26.6
2022,17003,Alexander County,17,Illinois,5261,44.9,40365,21922,3000,1346,381,77.94,58600,652,26.4
2022,17005,Bond County,17,Illinois,16750,40.0,58617,29944,6895,4478,1742,71.99,130300,698,24.7
2022,17007,Boone County,17,Illinois,53459,39.0,80502,37055,20183,15968,3056,83.94,181700,938,28.6
2022,17009,Brown County,17,Illinois,6334,38.5,64760,25951,2342,1463,603,70.81,122100,625,22.0
2022,17011,Bureau County,17,Illinois,33203,44.0,64165,34873,15640,10557,3344,75.94,120200,787,27.1
2022,17013,Calhoun County,17,Illinois,4472,48.1,88059,33062,2322,1073,132,89.05,160900,448,29.1
2022,17015,Carroll County,17,Illinois,15594,45.0,61539,31882,8197,4876,1441,77.19,109900,751,22.9
2022,17017,Cass County,17,Illinois,12955,38.8,64826,29842,5684,3861,1143,77.16,92000,681,22.0
2022,17019,Champaign County,17,Illinois,206525,30.8,61090,35810,93444,44154,38313,53.54,192600,977,31.2
2022,17021,Christian County,17,Illinois,33893,42.2,56933,29960,15210,10351,3122,76.83,108800,705,25.6
2022,17023,Clark County,17,Illinois,15467,41.4,65874,33341,7365,5204,1243,80.72,112400,816,30.1
2022,17025,Clay County,17,Illinois,13248,41.8,58028,32495,6171,4203,1274,76.74,103600,706,19.5
2022,17027,Clinton County,17,Illinois,36998,41.0,78054,39409,15628,11530,2963,79.56,171500,888,25.8
2022,17029,Coles County,17,Illinois,47076,37.4,53732,32395,22786,12238,8147,60.03,114000,778,24.7
2022,17031,Cook County,17,Illinois,5225367,37.5,78304,45646,2261319,1188945,877303,57.54,293700,1318,29.2
2022,17033,Crawford County,17,Illinois,18729,42.2,64163,32786,8481,5911,1570,79.01,108200,763,21.1
2022,17035,Cumberland County,17,Illinois,10447,42.6,71274,34338,4734,3360,782,81.12,116000,683,19.6
2022,17037,DeKalb County,17,Illinois,100686,31.8,68617,34196,41399,23489,15650,60.01,218600,1024,32.1
2022,17039,De Witt County,17,Illinois,15535,44.0,61823,35630,7333,5075,1569,76.38,121100,801,25.5
2022,17041,Douglas County,17,Illinois,19714,38.6,67177,32351,8484,6002,1638,78.56,137100,748,26.0
2022,17043,DuPage County,17,Illinois,930559,39.9,107035,55107,365347,255186,93684,73.15,361700,1551,27.6
2022,17045,Edgar County,17,Illinois,16852,46.0,56687,31634,8265,5598,2000,73.68,94100,716,21.8
2022,17047,Edwards County,17,Illinois,6182,44.2,60784,31081,3055,2078,547,79.16,92700,710,24.0
2022,17049,Effingham County,17,Illinois,34594,39.3,73181,37844,15313,10969,3129,77.81,166500,697,21.7
2022,17051,Fayette County,17,Illinois,21464,42.1,51962,28392,8839,6116,1562,79.66,111500,716,26.2
2022,17053,Ford County,17,Illinois,13484,42.0,58930,31754,6266,4339,1350,76.27,113400,708,27.3
2022,17055,Franklin County,17,Illinois,37810,43.2,51031,28310,18478,12083,4012,75.07,87500,725,28.4
2022,17057,Fulton County,17,Illinois,33691,43.6,57223,32378,15895,10862,3093,77.84,99800,782,26.5
2022,17059,Gallatin County,17,Illinois,4967,46.9,51868,36928,2512,1653,502,76.71,81000,532,19.4
2022,17061,Greene County,17,Illinois,12015,42.7,58900,31536,5820,3495,1048,76.93,92400,741,25.9
2022,17063,Grundy County,17,Illinois,52624,38.8,89993,42192,21195,15440,4936,75.78,245400,1126,24.7
2022,17065,Hamilton County,17,Illinois,8008,43.0,60574,29785,3821,2523,748,77.13,100300,690,22.1
2022,17067,Hancock County,17,Illinois,17582,45.9,61026,35154,8956,6134,1376,81.68,104200,736,25.1
2022,17069,Hardin County,17,Illinois,3665,53.9,53026,31928,2263,1186,294,80.14,90600,318,22.2
2022,17071,Henderson County,17,Illinois,6374,49.6,64946,34734,3387,2369,376,86.30,99800,732,24.4
2022,17073,Henry County,17,Illinois,49157,43.5,66313,37212,22213,16103,4084,79.77,138900,814,25.4
2022,17075,Iroquois County,17,Illinois,27043,44.5,62866,33347,12815,8880,2337,79.17,120900,773,27.1
2022,17077,Jackson County,17,Illinois,53176,32.6,44847,29687,27835,11208,11925,48.45,123400,757,32.7
2022,17079,Jasper County,17,Illinois,9295,44.0,67429,33353,4225,3033,677,81.75,117900,770,18.1
2022,17081,Jefferson County,17,Illinois,37043,41.2,58384,30167,16659,10638,4140,71.99,115000,838,25.5
2022,17083,Jersey County,17,Illinois,21462,42.8,77607,37352,9834,6272,1463,81.09,161800,778,25.4
2022,17085,Jo Daviess County,17,Illinois,21942,50.8,67729,39477,13439,8045,2029,79.86,179300,768,29.4
2022,17087,Johnson County,17,Illinois,13313,42.3,63295,27096,5536,3501,605,85.27,141200,630,28.5
2022,17089,Kane County,17,Illinois,517254,38.3,96400,44523,188854,137062,45257,75.18,290100,1335,29.7
2022,17091,Kankakee County,17,Illinois,107421,38.9,65489,32941,45312,27634,12957,68.08,176800,1025,30.6
2022,17093,Kendall County,17,Illinois,132795,36.1,106358,40761,45078,36899,6979,84.09,288100,1695,31.1
2022,17095,Knox County,17,Illinois,49751,42.3,50263,28840,23809,14246,6488,68.71,96800,694,32.1
2022,17097,Lake County,17,Illinois,713159,38.7,104553,53677,269416,188048,66746,73.80,313700,1382,28.6
2022,17099,LaSalle County,17,Illinois,109495,41.9,67942,36060,49796,33103,12027,73.35,147400,874,27.1
2022,17101,Lawrence County,17,Illinois,15302,40.9,55811,30393,6355,4063,1363,74.88,93900,781,25.7
2022,17103,Lee County,17,Illinois,34221,42.8,64588,33491,14993,9681,3988,70.82,147100,806,26.9
2022,17105,Livingston County,17,Illinois,35771,41.9,68175,34996,15909,10602,4063,72.29,128100,836,23.9
2022,17107,Logan County,17,Illinois,28027,40.3,62547,33280,11985,7841,3260,70.63,118200,761,26.6
2022,17109,McDonough County,17,Illinois,27370,34.9,48904,29658,13655,7106,4494,61.26,100400,688,34.7
2022,17111,McHenry County,17,Illinois,311133,40.5,100101,46322,119985,94946,20521,82.23,270600,1310,30.3
2022,17113,McLean County,17,Illinois,171284,34.0,75356,40252,74822,44512,23979,64.99,191300,941,26.8
2022,17115,Macon County,17,Illinois,103542,40.7,59622,34644,49757,29890,13472,68.93,119800,774,27.0
2022,17117,Macoupin County,17,Illinois,44907,44.0,64706,33665,21091,13660,3907,77.76,121300,796,25.3
2022,17119,Madison County,17,Illinois,265512,39.9,71759,38828,118715,79667,29247,73.15,159400,938,29.1
2022,17121,Marion County,17,Illinois,37543,41.9,59099,30360,17431,11244,3992,73.80,96200,734,26.3
2022,17123,Marshall County,17,Illinois,11740,46.2,64940,34369,5828,3908,1059,78.68,124600,746,23.4
2022,17125,Mason County,17,Illinois,13074,45.4,58479,34223,6646,4656,1132,80.44,97000,747,25.6
2022,17127,Massac County,17,Illinois,14135,44.1,57365,28817,6832,4227,1186,78.09,115200,738,30.6
2022,17129,Menard County,17,Illinois,12284,42.8,84846,41497,5605,4050,1035,79.65,177100,748,26.6
2022,17131,Mercer County,17,Illinois,15692,44.7,67028,34455,7311,5115,1320,79.49,131000,759,26.5
2022,17133,Monroe County,17,Illinois,34905,42.5,100685,47248,14560,11409,2156,84.11,254100,956,29.0
2022,17135,Montgomery County,17,Illinois,28352,42.7,61796,30918,12539,8494,2765,75.44,102000,684,27.5
2022,17137,Morgan County,17,Illinois,32882,41.4,61188,34098,15072,9439,3854,71.01,122000,700,24.9
2022,17139,Moultrie County,17,Illinois,14531,40.5,72833,34849,6196,4542,1282,77.99,116400,767,22.9
2022,17141,Ogle County,17,Illinois,51672,42.3,75782,36436,22640,15232,5575,73.21,172900,841,24.1
2022,17143,Peoria County,17,Illinois,181186,38.1,63409,38581,84963,50062,26352,65.51,150400,909,28.6
2022,17145,Perry County,17,Illinois,20996,42.2,56338,27880,9170,6262,1885,76.86,102000,656,30.1
2022,17147,Piatt County,17,Illinois,16698,41.8,81151,41429,7377,5651,1132,83.31,168300,917,27.1
2022,17149,Pike County,17,Illinois,14776,42.8,55514,28895,7308,4527,1207,78.95,97000,641,26.1
2022,17151,Pope County,17,Illinois,3799,49.7,57582,26251,2317,1115,234,82.65,137500,393,19.3
2022,17153,Pulaski County,17,Illinois,5177,43.9,41038,22947,2862,1352,534,71.69,81600,599,26.0
2022,17155,Putnam County,17,Illinois,5628,47.4,75726,37218,3071,1974,426,82.25,161500,766,23.3
2022,17157,Randolph County,17,Illinois,30413,43.0,63860,29832,13412,8853,2797,75.99,129400,740,25.2
2022,17159,Richland County,17,Illinois,15716,42.2,61607,30975,7364,4740,1745,73.09,106400,724,22.3
2022,17161,Rock Island County,17,Illinois,143819,40.2,64435,34233,66731,41853,19161,68.60,139800,846,28.4
2022,17163,St. Clair County,17,Illinois,256791,39.4,68915,36010,115165,68404,32297,67.93,158500,1002,28.8
2022,17165,Saline County,17,Illinois,23662,43.2,51710,34340,11579,7542,2623,74.20,87900,720,32.3
2022,17167,Sangamon County,17,Illinois,196122,40.6,71653,41387,92938,58870,25147,70.07,162400,927,28.3
2022,17169,Schuyler County,17,Illinois,6879,48.2,63737,31679,3316,2199,526,80.70,100500,817,23.1
2022,17171,Scott County,17,Illinois,4899,44.7,70500,32891,2389,1601,351,82.02,95000,619,18.1
2022,17173,Shelby County,17,Illinois,21042,44.9,65585,32085,10053,6941,1821,79.22,125200,768,22.2
2022,17175,Stark County,17,Illinois,5395,44.8,58125,32618,2588,1767,559,75.97,95900,758,28.4
2022,17177,Stephenson County,17,Illinois,44482,45.6,57527,32900,21402,13448,5889,69.55,122000,755,29.2
2022,17179,Tazewell County,17,Illinois,131276,41.6,74606,38573,58634,41480,12196,77.28,159100,850,27.0
2022,17181,Union County,17,Illinois,17122,44.7,54090,30171,7869,5306,1457,78.46,129300,710,30.4
2022,17183,Vermilion County,17,Illinois,74113,40.8,52787,28933,34496,20781,9123,69.49,91000,769,26.8
2022,17185,Wabash County,17,Illinois,11321,43.8,54074,33137,5411,3668,1110,76.77,94100,728,24.3
2022,17187,Warren County,17,Illinois,16760,40.1,62700,32304,7602,5228,1608,76.48,98200,697,20.3
2022,17189,Washington County,17,Illinois,13781,44.0,75111,38112,6415,4737,1010,82.43,147100,801,23.3
2022,17191,Wayne County,17,Illinois,16127,42.9,53522,29124,7694,5385,1463,78.64,107900,607,24.3
2022,17193,White County,17,Illinois,13834,44.7,54605,29977,6778,4338,1338,76.43,101000,672,25.3
2022,17195,Whiteside County,17,Illinois,55569,43.5,62828,35366,25860,17241,5923,74.43,122200,785,28.9
2022,17197,Will County,17,Illinois,696774,38.7,103678,44356,251029,196571,42493,82.23,283600,1342,30.4
2022,17199,Williamson County,17,Illinois,67120,41.2,60325,34810,31811,20237,8284,70.95,139500,824,28.1
2022,17201,Winnebago County,17,Illinois,284591,39.5,61738,33474,125039,75642,39572,65.65,146800,941,29.3
2022,17203,Woodford County,17,Illinois,38414,40.1,80093,41400,15711,12118,2607,82.30,186100,938,28.1
2022,18001,Adams County,18,Indiana,35827,33.4,61731,26489,13212,10152,2197,82.21,164500,762,25.5
2022,18003,Allen County,18,Indiana,385456,36.1,66222,35389,162764,105530,46347,69.48,173600,924,27.2
2022,18005,Bartholomew County,18,Indiana,82371,38.0,76912,38950,35328,22991,9782,70.15,197500,1063,24.6
2022,18007,Benton County,18,Indiana,8709,40.4,58620,30372,3795,2682,741,78.35,122600,805,28.0
2022,18009,Blackford County,18,Indiana,12074,44.0,51108,29751,5864,3768,1212,75.66,90200,701,33.4
2022,18011,Boone County,18,Indiana,71235,38.3,103038,54866,28372,21549,5410,79.93,320000,1190,25.0
2022,18013,Brown County,18,Indiana,15513,50.7,73933,40792,8484,5633,947,85.61,227600,902,33.1
2022,18015,Carroll County,18,Indiana,20397,43.1,61464,33222,9525,6329,1638,79.44,152900,846,23.0
2022,18017,Cass County,18,Indiana,37820,41.3,55862,28391,16387,11189,3781,74.74,110600,747,24.1
2022,18019,Clark County,18,Indiana,121484,39.6,69005,34946,52750,35643,12201,74.50,195100,1002,30.3
2022,18021,Clay County,18,Indiana,26396,41.1,68364,33430,11651,8088,2334,77.61,130000,788,24.1
2022,18023,Clinton County,18,Indiana,33020,36.7,59515,28063,13481,9001,3381,72.69,140100,844,25.7
2022,18025,Crawford County,18,Indiana,10511,44.6,46706,29114,5863,3442,894,79.38,105500,624,27.9
2022,18027,Daviess County,18,Indiana,33337,34.9,64113,28886,12739,8161,3445,70.32,174000,820,25.4
2022,18029,Dearborn County,18,Indiana,50709,42.3,80352,36005,20884,16561,3354,83.16,210800,863,27.4
2022,18031,Decatur County,18,Indiana,26432,39.7,71566,34430,11554,7586,2715,73.64,174400,815,20.8
2022,18033,DeKalb County,18,Indiana,43312,38.1,68110,33164,18157,13844,3139,81.52,157700,783,24.6
2022,18035,Delaware County,18,Indiana,112156,35.6,53377,28874,51613,30270,15889,65.58,120500,841,32.0
2022,18037,Dubois County,18,Indiana,43584,40.0,68945,35226,18595,13508,3929,77.47,187000,771,23.8
2022,18039,Elkhart County,18,Indiana,206841,35.6,63978,30708,79808,51118,20633,71.24,181800,945,29.1
2022,18041,Fayette County,18,Indiana,23391,43.0,52219,27435,10896,6723,2949,69.51,99100,763,28.7
2022,18043,Floyd County,18,Indiana,80191,39.8,75686,38949,34358,22987,7924,74.37,214800,943,28.2
2022,18045,Fountain County,18,Indiana,16468,43.1,60559,30562,7795,5062,1758,74.22,123400,793,22.4
2022,18047,Franklin County,18,Indiana,22850,41.8,75985,36246,9687,7304,1672,81.37,200700,743,24.4
2022,18049,Fulton County,18,Indiana,20420,40.9,62644,32479,9540,6078,1716,77.98,143400,795,26.4
2022,18051,Gibson County,18,Indiana,33006,40.4,64153,31602,14658,9871,3107,76.06,159700,818,23.8
2022,18053,Grant County,18,Indiana,66560,40.1,53033,27725,29856,19124,7426,72.03,109300,774,27.3
2022,18055,Greene County,18,Indiana,30900,43.0,57771,31155,14385,9536,3107,75.43,116400,740,27.2
2022,18057,Hamilton County,18,Indiana,349527,37.8,114866,56943,136401,99007,30742,76.31,350900,1412,25.5
2022,18059,Hancock County,18,Indiana,80170,39.6,85262,42666,32477,25272,6152,80.42,235500,1058,25.1
2022,18061,Harrison County,18,Indiana,39684,42.5,71302,33773,16752,12269,2474,83.22,202900,847,24.4
2022,18063,Hendricks County,18,Indiana,175639,38.4,95261,43651,67177,49994,14409,77.63,257700,1271,26.8
2022,18065,Henry County,18,Indiana,48913,42.2,57632,29421,20978,13967,4582,75.30,124900,787,26.0
2022,18067,Howard County,18,Indiana,83452,41.2,62014,33391,39613,25052,9905,71.67,143100,855,27.7
2022,18069,Huntington County,18,Indiana,36699,41.4,59894,32046,16241,11462,3703,75.58,134000,802,27.3
2022,18071,Jackson County,18,Indiana,46212,39.5,65609,31743,19144,12850,4724,73.12,161300,905,26.4
2022,18073,Jasper County,18,Indiana,33045,41.4,77777,35793,13579,10185,2369,81.13,190700,906,25.6
2022,18075,Jay County,18,Indiana,20451,39.6,52231,27794,8919,6197,1894,76.59,101500,771,25.0
2022,18077,Jefferson County,18,Indiana,33057,41.0,57801,30450,14414,9018,3872,69.96,168100,798,27.6
2022,18079,Jennings County,18,Indiana,27610,39.6,66892,30254,11646,8469,1992,80.96,133200,873,28.2
2022,18081,Johnson County,18,Indiana,161952,37.9,82730,40055,63818,44610,15664,74.01,240700,1155,26.8
2022,18083,Knox County,18,Indiana,36148,38.9,58173,33052,16938,9787,5156,65.50,122100,746,25.7
2022,18085,Kosciusko County,18,Indiana,80442,39.0,70945,35297,38312,23852,7473,76.14,183300,946,26.1
2022,18087,LaGrange County,18,Indiana,40364,31.9,81658,31404,14882,10489,2152,82.98,230300,817,22.1
2022,18089,Lake County,18,Indiana,497682,39.3,66375,34458,215277,136080,55792,70.92,195100,1039,30.7
2022,18091,LaPorte County,18,Indiana,112215,40.5,66854,33048,49763,32049,11186,74.13,166200,860,28.1
2022,18093,Lawrence County,18,Indiana,45113,43.5,64210,32149,20538,14974,3899,79.34,146700,776,28.4
2022,18095,Madison County,18,Indiana,130545,40.7,60060,31556,58913,36342,15446,70.17,135100,888,29.2
2022,18097,Marion County,18,Indiana,971737,34.4,59504,34796,436859,217864,174973,55.46,184100,1042,30.5
2022,18099,Marshall County,18,Indiana,46208,39.9,66016,32218,19828,12939,3976,76.49,170800,882,26.0
2022,18101,Martin County,18,Indiana,9863,42.0,65489,31921,4593,3121,842,78.75,142400,603,25.4
2022,18103,Miami County,18,Indiana,35952,41.1,59551,28221,14901,9862,3207,75.46,112800,776,26.1
2022,18105,Monroe County,18,Indiana,140065,30.8,60308,34750,64009,31770,25696,55.28,240600,1105,36.9
2022,18107,Montgomery County,18,Indiana,38018,40.4,62937,32975,16504,11599,3805,75.30,156400,787,27.9
2022,18109,Morgan County,18,Indiana,71757,41.5,79134,37861,29442,22372,4766,82.44,200600,952,27.1
2022,18111,Newton County,18,Indiana,13829,42.7,63673,30168,6037,4512,957,82.50,147900,811,24.3
2022,18113,Noble County,18,Indiana,47431,39.4,70286,31953,20127,13546,4142,76.58,168100,774,24.8
2022,18115,Ohio County,18,Indiana,5974,47.2,66333,35310,2736,1976,576,77.43,189600,852,30.5
2022,18117,Orange County,18,Indiana,19768,42.6,60775,30435,9074,6183,1768,77.76,125100,767,30.1
2022,18119,Owen County,18,Indiana,21361,44.9,57947,31541,9833,6749,1717,79.72,151400,843,24.0
2022,18121,Parke County,18,Indiana,16327,42.5,63393,29961,7604,4680,1045,81.75,121500,780,23.8
2022,18123,Perry County,18,Indiana,19186,41.1,58936,29144,8533,5702,1884,75.16,136700,632,23.3
2022,18125,Pike County,18,Indiana,12227,43.9,64182,31321,5590,4308,723,85.63,127000,648,27.3
2022,18127,Porter County,18,Indiana,173355,40.1,82915,40792,71572,52320,15625,77.00,242300,1092,29.0
2022,18129,Posey County,18,Indiana,25226,43.0,75594,37102,11068,8215,1964,80.71,200900,735,25.4
2022,18131,Pulaski County,18,Indiana,12498,41.9,56823,30068,5837,3680,1115,76.75,131500,702,25.5
2022,18133,Putnam County,18,Indiana,36942,38.4,70609,31015,14994,10211,3597,73.95,175600,866,25.6
2022,18135,Randolph County,18,Indiana,24586,42.8,59674,30253,11399,7778,2413,76.32,97600,758,28.6
2022,18137,Ripley County,18,Indiana,28990,40.8,70285,34578,12301,8577,2537,77.17,188400,750,24.6
2022,18139,Rush County,18,Indiana,16716,42.5,62386,29735,7357,4783,1936,71.19,147200,802,24.0
2022,18141,St. Joseph County,18,Indiana,272388,36.7,61877,34266,118075,73223,34243,68.14,165700,969,29.5
2022,18143,Scott County,18,Indiana,24403,41.3,49343,26506,10734,6782,2911,69.97,137200,813,28.9
2022,18145,Shelby County,18,Indiana,44940,40.5,66449,33909,19458,13097,4937,72.62,170000,910,24.7
2022,18147,Spencer County,18,Indiana,19935,44.3,66168,34874,8646,6291,1567,80.06,168200,715,28.3
2022,18149,Starke County,18,Indiana,23308,41.7,59916,28788,11157,7256,1391,83.91,145600,656,26.6
2022,18151,Steuben County,18,Indiana,34507,43.5,68837,36648,18982,11021,2773,79.90,187500,896,24.8
2022,18153,Sullivan County,18,Indiana,20791,40.9,54556,27792,8787,5853,1856,75.92,115200,797,27.5
2022,18155,Switzerland County,18,Indiana,9896,40.8,66525,29202,4392,3003,780,79.38,162000,697,23.7
2022,18157,Tippecanoe County,18,Indiana,186955,28.4,55728,30608,78105,38817,34510,52.94,199300,1020,33.2
2022,18159,Tipton County,18,Indiana,15328,44.4,71947,34595,6817,4986,1184,80.81,150700,842,18.3
2022,18161,Union County,18,Indiana,7041,44.5,68514,33377,3237,2305,607,79.16,149500,809,27.7
2022,18163,Vanderburgh County,18,Indiana,179900,38.9,58839,33614,84426,49786,27071,64.78,162800,930,28.8
2022,18165,Vermillion County,18,Indiana,15488,42.4,59567,30071,7301,5009,1497,76.99,99400,783,28.2
2022,18167,Vigo County,18,Indiana,106355,36.4,52789,30240,46946,26975,15781,63.09,130300,853,32.8
2022,18169,Wabash County,18,Indiana,31032,42.8,66194,32763,14053,9906,2565,79.43,135800,731,26.4
2022,18171,Warren County,18,Indiana,8454,43.7,72833,38792,3671,2668,644,80.56,151400,841,26.5
2022,18173,Warrick County,18,Indiana,64065,41.7,91105,46734,26274,20183,4357,82.25,215600,964,22.3
2022,18175,Washington County,18,Indiana,28133,40.9,60695,28963,12149,8836,2046,81.20,158200,714,27.7
2022,18177,Wayne County,18,Indiana,66522,40.9,54854,29848,30782,18574,8585,68.39,119400,793,27.4
2022,18179,Wells County,18,Indiana,28167,40.6,68074,33020,11961,8622,2533,77.29,161300,803,22.9
2022,18181,White County,18,Indiana,24630,42.6,65345,32001,12908,7739,2120,78.50,153200,819,27.0
2022,18183,Whitley County,18,Indiana,34259,41.6,73636,36515,14868,11232,2594,81.24,189800,902,24.0
2022,19001,Adair County,19,Iowa,7479,43.0,63172,36118,3606,2278,946,70.66,131600,723,23.4
2022,19003,Adams County,19,Iowa,3680,46.3,64750,39402,1893,1232,291,80.89,109400,787,23.6
2022,19005,Allamakee County,19,Iowa,14046,43.1,64049,33214,7696,4778,1192,80.03,156900,721,20.0
2022,19007,Appanoose County,19,Iowa,12279,45.0,50684,28109,6321,3484,1544,69.29,113900,757,28.8
2022,19009,Audubon County,19,Iowa,5651,48.2,54973,33125,2805,1981,554,78.15,99900,735,26.7
2022,19011,Benton County,19,Iowa,25652,43.0,79444,37926,11074,8471,1643,83.76,189000,766,23.6
2022,19013,Black Hawk County,19,Iowa,131041,35.5,62329,35400,58599,35056,18635,65.29,172500,932,30.0
2022,19015,Boone County,19,Iowa,26700,42.0,75759,38479,11950,8676,2217,79.65,171600,852,24.9
2022,19017,Bremer County,19,Iowa,25012,38.9,84727,40912,10493,8092,1592,83.56,202600,783,24.1
2022,19019,Buchanan County,19,Iowa,20631,39.5,73493,34579,8911,6468,1552,80.65,166200,788,24.4
2022,19021,Buena Vista County,19,Iowa,20687,35.6,62662,31985,8197,5280,2258,70.05,138100,781,22.2
2022,19023,Butler County,19,Iowa,14376,43.6,65743,33943,6545,4691,1148,80.34,146300,749,24.1
2022,19025,Calhoun County,19,Iowa,9893,42.4,65614,34490,4794,3032,820,78.71,104900,696,22.8
2022,19027,Carroll County,19,Iowa,20728,42.4,68041,36599,9515,6617,2079,76.09,162000,697,28.4
2022,19029,Cass County,19,Iowa,13116,44.8,60815,36219,6403,4208,1563,72.92,127400,699,30.6
2022,19031,Cedar County,19,Iowa,18479,43.3,76959,36808,8213,6052,1456,80.61,180700,830,27.1
2022,19033,Cerro Gordo County,19,Iowa,42979,44.3,63149,38377,22651,13931,5519,71.62,145200,812,23.6
2022,19035,Cherokee County,19,Iowa,11601,44.8,63638,35939,5553,3810,1333,74.08,145300,655,27.1
2022,19037,Chickasaw County,19,Iowa,11957,44.0,72734,35432,5540,4021,899,81.73,151700,745,18.6
2022,19039,Clarke County,19,Iowa,9737,39.3,63120,32003,4321,2810,1069,72.44,127200,701,32.3
2022,19041,Clay County,19,Iowa,16423,41.5,61756,35787,8098,5253,1972,72.71,151400,752,26.2
2022,19043,Clayton County,19,Iowa,17123,46.9,60441,34394,8779,5486,1800,75.30,149500,738,25.2
2022,19045,Clinton County,19,Iowa,46488,42.5,61080,33979,21575,14056,5118,73.31,144900,795,27.7
2022,19047,Crawford County,19,Iowa,16450,37.3,61188,30781,6860,4581,1633,73.72,118400,732,23.0
2022,19049,Dallas County,19,Iowa,100367,35.6,99533,51347,41753,27728,11658,70.40,314900,1198,25.1
2022,19051,Davis County,19,Iowa,9093,36.3,77176,32889,3588,2693,479,84.90,140300,835,24.3
2022,19053,Decatur County,19,Iowa,7684,36.6,56068,26334,3662,2055,1003,67.20,97000,621,19.1
2022,19055,Delaware County,19,Iowa,17523,43.5,75896,40709,8107,5839,1229,82.61,154600,732,24.8
2022,19057,Des Moines County,19,Iowa,38824,42.1,58084,35689,18791,12067,5184,69.95,135300,882,37.1
2022,19059,Dickinson County,19,Iowa,17692,47.9,72446,45523,13841,6494,1785,78.44,236100,902,28.5
2022,19061,Dubuque County,19,Iowa,98812,38.7,73495,38705,42707,29312,10673,73.31,210300,912,27.9
2022,19063,Emmet County,19,Iowa,9349,44.8,64461,34657,4513,3013,868,77.63,102700,724,23.7
2022,19065,Fayette County,19,Iowa,19519,43.4,56043,31566,9323,6270,1958,76.20,123000,780,28.1
2022,19067,Floyd County,19,Iowa,15601,44.0,62356,34900,7337,5040,1560,76.36,128800,627,25.9
2022,19069,Franklin County,19,Iowa,10015,42.8,62214,30733,4668,2980,1122,72.65,108200,707,19.6
2022,19071,Fremont County,19,Iowa,6639,46.2,69375,37236,3144,2136,600,78.07,140400,709,19.8
2022,19073,Greene County,19,Iowa,8801,44.6,56884,32340,4325,2894,943,75.42,119100,828,24.6
2022,19075,Grundy County,19,Iowa,12351,41.6,80701,38265,5457,4215,847,83.27,166300,742,22.7
2022,19077,Guthrie County,19,Iowa,10619,45.9,75795,39571,5783,3781,737,83.69,153100,788,26.8
2022,19079,Hamilton County,19,Iowa,14979,41.9,66685,35822,7042,4430,1773,71.42,116000,830,21.1
2022,19081,Hancock County,19,Iowa,10790,44.4,67865,35033,5127,3728,854,81.36,116000,782,22.2
2022,19083,Hardin County,19,Iowa,16861,45.3,64656,32181,8031,5215,1814,74.19,109300,752,26.4
2022,19085,Harrison County,19,Iowa,14623,42.0,75830,36998,6684,4512,1451,75.67,152000,819,23.5
2022,19087,Henry County,19,Iowa,20436,40.4,62365,30151,8412,5698,1944,74.56,145200,727,25.4
2022,19089,Howard County,19,Iowa,9479,39.5,63947,32033,4307,2770,866,76.18,125100,708,22.9
2022,19091,Humboldt County,19,Iowa,9606,41.9,66617,35837,4571,3126,1087,74.20,134300,662,19.9
2022,19093,Ida County,19,Iowa,6969,42.8,63125,35708,3365,2348,668,77.85,108000,646,23.2
2022,19095,Iowa County,19,Iowa,16575,42.2,69787,40182,7342,5281,1517,77.68,175600,732,20.5
2022,19097,Jackson County,19,Iowa,19470,44.4,69709,34739,9260,6466,1643,79.74,162100,726,27.9
2022,19099,Jasper County,19,Iowa,37808,41.0,67784,35346,16183,11165,3465,76.32,163800,812,28.0
2022,19101,Jefferson County,19,Iowa,15785,44.2,52210,36111,7685,4466,2360,65.43,141500,838,32.5
2022,19103,Johnson County,19,Iowa,153360,30.6,72977,42175,66163,36319,25095,59.14,277800,1086,33.9
2022,19105,Jones County,19,Iowa,20733,43.4,68781,33996,8893,6494,1568,80.55,165200,693,23.3
2022,19107,Keokuk County,19,Iowa,10026,42.7,60016,32747,4668,3206,879,78.48,105500,744,27.6
2022,19109,Kossuth County,19,Iowa,14718,45.1,62553,34723,7227,4739,1682,73.80,118800,818,25.7
2022,19111,Lee County,19,Iowa,33442,43.5,58094,32465,15869,10783,3463,75.69,121000,782,27.8
2022,19113,Linn County,19,Iowa,229308,38.2,75457,41446,101214,69894,24397,74.13,188800,878,27.4
2022,19115,Louisa County,19,Iowa,10823,42.2,72500,33296,4743,3202,910,77.87,125500,747,18.8
2022,19117,Lucas County,19,Iowa,8666,42.9,63405,32575,4080,2888,733,79.76,111000,773,25.3
2022,19119,Lyon County,19,Iowa,12023,38.3,73735,33428,4853,3700,712,83.86,190800,776,20.8
2022,19121,Madison County,19,Iowa,16609,40.9,88110,39442,6953,5337,1138,82.42,230500,932,25.0
2022,19123,Mahaska County,19,Iowa,22059,39.6,65200,33812,9700,6006,2867,67.69,135100,773,20.0
2022,19125,Marion County,19,Iowa,33487,39.8,74193,38168,14179,10262,3048,77.10,192300,845,25.3
2022,19127,Marshall County,19,Iowa,40049,38.5,70828,31486,16795,11237,4051,73.50,125900,832,24.7
2022,19129,Mills County,19,Iowa,14605,42.7,81907,40709,6121,4275,986,81.26,225500,843,26.7
2022,19131,Mitchell County,19,Iowa,10537,41.8,66056,36006,4885,3584,921,79.56,149200,720,22.9
2022,19133,Monona County,19,Iowa,8671,45.9,59897,33080,4403,3013,839,78.22,108700,761,27.6
2022,19135,Monroe County,19,Iowa,7574,41.5,76324,35392,3660,2500,532,82.45,128000,723,33.7
2022,19137,Montgomery County,19,Iowa,10285,43.3,61261,36122,5030,3184,1309,70.87,99300,718,21.8
2022,19139,Muscatine County,19,Iowa,42968,38.6,67427,34055,18386,12872,4203,75.39,159000,936,26.7
2022,19141,O'Brien County,19,Iowa,14138,40.4,65076,32460,6546,4333,1367,76.02,141900,691,23.7
2022,19143,Osceola County,19,Iowa,6149,44.0,67561,35657,2885,1996,635,75.86,114800,801,24.1
2022,19145,Page County,19,Iowa,15225,45.2,58264,32886,6997,4303,1834,70.12,112400,742,28.3
2022,19147,Palo Alto County,19,Iowa,8938,41.3,67306,33517,4509,2767,868,76.12,117000,631,23.0
2022,19149,Plymouth County,19,Iowa,25621,40.9,79963,40150,10819,7694,2520,75.33,199800,816,17.5
2022,19151,Pocahontas County,19,Iowa,7061,45.4,61434,33918,3663,2418,665,78.43,90400,735,23.1
2022,19153,Polk County,19,Iowa,493378,36.1,78827,41894,211392,133444,65569,67.05,232000,1060,27.1
2022,19155,Pottawattamie County,19,Iowa,93543,39.7,68718,34701,39914,25868,11294,69.61,169400,956,29.2
2022,19157,Poweshiek County,19,Iowa,18608,40.7,61192,37527,8942,5472,2289,70.51,173600,850,24.9
2022,19159,Ringgold County,19,Iowa,4690,43.8,67898,34138,2673,1435,409,77.82,143100,699,28.4
2022,19161,Sac County,19,Iowa,9778,45.2,68778,38596,5143,3403,807,80.83,119500,622,17.5
2022,19163,Scott County,19,Iowa,174315,38.7,72792,40926,77613,49363,22073,69.10,198000,919,28.3
2022,19165,Shelby County,19,Iowa,11737,45.5,70295,38664,5422,3749,1184,76.00,152900,879,30.6
2022,19167,Sioux County,19,Iowa,35815,34.4,81914,34914,13046,9870,2592,79.20,220700,795,26.2
2022,19169,Story County,19,Iowa,98573,26.5,66197,35704,41347,21395,17017,55.70,229100,991,30.8
2022,19171,Tama County,19,Iowa,17017,41.0,65483,33046,7589,5064,1639,75.55,129400,829,25.2
2022,19173,Taylor County,19,Iowa,5916,44.1,65926,33092,2908,1925,517,78.83,104500,636,18.2
2022,19175,Union County,19,Iowa,12107,40.0,56495,30966,5791,3711,1268,74.53,113800,712,24.1
2022,19177,Van Buren County,19,Iowa,7207,45.0,58417,32188,3509,2370,472,83.39,107700,661,27.5
2022,19179,Wapello County,19,Iowa,35292,39.4,56209,30025,15754,9413,4780,66.32,105800,909,29.2
2022,19181,Warren County,19,Iowa,52709,38.5,89741,41279,21083,16256,3650,81.66,234300,943,27.1
2022,19183,Washington County,19,Iowa,22534,40.1,71122,35451,9606,6386,2536,71.58,182400,849,24.2
2022,19185,Wayne County,19,Iowa,6484,41.9,58257,32524,3032,2021,510,79.85,98700,627,24.6
2022,19187,Webster County,19,Iowa,36986,39.8,65335,33836,16981,10858,4724,69.68,130400,747,25.1
2022,19189,Winnebago County,19,Iowa,10704,41.5,62853,34966,5089,3400,1111,75.37,121700,669,21.9
2022,19191,Winneshiek County,19,Iowa,20050,42.6,67770,37561,8958,6282,1936,76.44,225400,763,25.2
2022,19193,Woodbury County,19,Iowa,105526,35.9,68399,33080,42864,27480,12819,68.19,158000,913,26.0
2022,19195,Worth County,19,Iowa,7417,43.9,69897,36585,3486,2466,724,77.30,130600,685,20.0
2022,19197,Wright County,19,Iowa,12897,41.5,58240,33964,6281,3981,1392,74.09,105400,731,24.4
2022,20001,Allen County,20,Kansas,12554,41.1,55059,27155,6067,3626,1355,72.80,95700,703,27.7
2022,20003,Anderson County,20,Kansas,7799,39.7,67651,29665,3568,2478,687,78.29,141700,778,28.9
2022,20005,Atchison County,20,Kansas,16309,36.1,55281,27644,6817,4099,1741,70.19,123400,771,24.7
2022,20007,Barber County,20,Kansas,4081,42.8,53774,32879,2496,1430,341,80.75,83300,695,20.2
2022,20009,Barton County,20,Kansas,25477,39.2,54634,31516,12396,6773,3282,67.36,113200,738,24.9
2022,20011,Bourbon County,20,Kansas,14405,38.1,55826,29328,6779,4174,1701,71.05,95600,774,27.1
2022,20013,Brown County,20,Kansas,9486,41.8,55876,29646,4507,2659,1005,72.57,108700,662,23.8
2022,20015,Butler County,20,Kansas,67618,38.2,77724,35209,27019,19351,5409,78.15,181700,963,27.5
2022,20017,Chase County,20,Kansas,2570,44.1,52481,32022,1407,773,292,72.58,108300,602,23.9
2022,20019,Chautauqua County,20,Kansas,3389,45.9,51210,28267,1983,1076,247,81.33,58400,740,26.4
2022,20021,Cherokee County,20,Kansas,19380,42.4,53382,26832,9168,5386,2147,71.50,91800,743,28.2
2022,20023,Cheyenne County,20,Kansas,2619,43.0,52730,34829,1453,955,252,79.12,114700,673,21.1
2022,20025,Clark County,20,Kansas,1977,46.3,58287,30253,1044,595,212,73.73,78500,798,16.9
2022,20027,Clay County,20,Kansas,8088,43.1,57765,32628,3935,2549,1021,71.40,136600,750,31.4
2022,20029,Cloud County,20,Kansas,9008,38.8,51197,28318,4520,2598,1079,70.66,91100,713,25.8
2022,20031,Coffey County,20,Kansas,8334,43.9,67645,35984,3976,2676,867,75.53,131200,813,22.8
2022,20033,Comanche County,20,Kansas,1825,46.8,49754,30989,1035,609,218,73.64,63800,635,30.5
2022,20035,Cowley County,20,Kansas,34661,38.1,55726,29977,15626,9274,3817,70.84,104000,776,27.6
2022,20037,Crawford County,20,Kansas,39012,32.9,49779,28530,18029,9276,6530,58.69,114100,821,30.5
2022,20039,Decatur County,20,Kansas,2771,50.6,49412,33767,1646,1066,258,80.51,76100,700,26.3
2022,20041,Dickinson County,20,Kansas,18492,41.8,62971,35615,8785,5941,1962,75.17,137000,755,27.1
2022,20043,Doniphan County,20,Kansas,7501,41.9,66358,31314,3386,2190,545,80.07,116400,733,24.5
2022,20045,Douglas County,20,Kansas,119094,30.7,66153,37261,52818,25004,24601,50.41,259500,1041,30.8
2022,20047,Edwards County,20,Kansas,2849,43.8,52750,31368,1549,963,262,78.61,65500,715,19.5
2022,20049,Elk County,20,Kansas,2453,50.4,50000,28159,1511,799,229,77.72,57100,554,22.3
2022,20051,Ellis County,20,Kansas,28921,32.9,59665,37217,13214,7335,4623,61.34,199100,864,30.4
2022,20053,Ellsworth County,20,Kansas,6374,43.1,59844,29968,3102,1877,428,81.43,109400,675,26.0
2022,20055,Finney County,20,Kansas,38187,31.9,68481,29805,14174,8474,4547,65.08,183900,964,19.7
2022,20057,Ford County,20,Kansas,34212,32.6,67997,28502,12568,7511,4165,64.33,121500,948,21.2
2022,20059,Franklin County,20,Kansas,25968,40.2,68217,32997,11180,7479,2706,73.43,175500,882,29.0
2022,20061,Geary County,20,Kansas,36247,26.6,57992,27030,15893,5813,7699,43.02,162400,1132,26.9
2022,20063,Gove County,20,Kansas,2758,42.1,59417,33295,1336,924,258,78.17,112800,726,25.1
2022,20065,Graham County,20,Kansas,2430,47.2,47071,30222,1432,977,223,81.42,87400,696,29.0
2022,20067,Grant County,20,Kansas,7336,32.9,84808,36280,2932,1846,574,76.28,147800,676,16.8
2022,20069,Gray County,20,Kansas,5719,36.1,74500,34339,2334,1651,403,80.38,162400,802,20.4
2022,20071,Greeley County,20,Kansas,1279,40.6,69948,36078,633,412,141,74.50,115700,749,20.9
2022,20073,Greenwood County,20,Kansas,6001,48.4,51812,34862,3671,2056,528,79.57,64900,663,24.9
2022,20075,Hamilton County,20,Kansas,2520,35.4,58750,28145,967,555,161,77.51,116800,900,19.2
2022,20077,Harper County,20,Kansas,5457,41.5,53032,26970,3045,1609,577,73.60,81000,654,22.9
2022,20079,Harvey County,20,Kansas,33959,40.5,70685,33965,14585,9464,3782,71.45,160100,857,24.0
2022,20081,Haskell County,20,Kansas,3735,38.0,66458,32908,1551,1031,323,76.14,132500,713,17.5
2022,20083,Hodgeman County,20,Kansas,1770,46.0,63125,33911,851,577,133,81.27,86100,854,20.6
2022,20085,Jackson County,20,Kansas,13274,40.7,70385,32499,5612,4001,1181,77.21,169100,821,24.7
2022,20087,Jefferson County,20,Kansas,18387,43.2,74562,38535,7967,6215,1101,84.95,193000,832,23.7
2022,20089,Jewell County,20,Kansas,2929,51.1,47109,32759,1774,1025,253,80.20,58400,570,27.4
2022,20091,Johnson County,20,Kansas,610742,38.1,103644,56364,252108,166087,75104,68.86,343300,1312,26.1
2022,20093,Kearny County,20,Kansas,3964,34.9,68750,29465,1582,926,426,68.49,143200,996,23.2
2022,20095,Kingman County,20,Kansas,7369,43.6,59640,33453,3671,2231,873,71.88,97500,832,20.8
2022,20097,Kiowa County,20,Kansas,2445,41.5,70347,35199,1158,699,228,75.40,121600,706,26.3
2022,20099,Labette County,20,Kansas,20096,40.6,56143,29585,9542,5994,1962,75.34,94600,723,24.3
2022,20101,Lane County,20,Kansas,1528,47.9,52222,35779,887,522,150,77.68,82300,575,21.8
2022,20103,Leavenworth County,20,Kansas,82050,38.0,84307,37482,31280,19837,9389,67.87,240800,1102,25.8
2022,20105,Lincoln County,20,Kansas,2929,44.6,52540,31383,1679,970,253,79.31,94100,532,23.5
2022,20107,Linn County,20,Kansas,9696,45.0,56697,34053,5144,3338,755,81.55,148200,763,24.5
2022,20109,Logan County,20,Kansas,2752,39.9,70382,38363,1372,774,435,64.02,116100,793,25.7
2022,20111,Lyon County,20,Kansas,32182,32.9,56415,29425,14998,7684,5539,58.11,136100,763,26.0
2022,20113,McPherson County,20,Kansas,30085,39.8,71250,34116,13082,9040,3100,74.46,180900,871,28.2
2022,20115,Marion County,20,Kansas,11867,43.4,60011,33087,5699,3719,858,81.25,114700,680,22.9
2022,20117,Marshall County,20,Kansas,10014,42.3,64306,36854,4766,3346,733,82.03,112300,671,29.6
2022,20119,Meade County,20,Kansas,4019,37.7,74063,47644,1912,1129,473,70.47,137500,736,17.5
2022,20121,Miami County,20,Kansas,34312,42.5,85564,40169,13939,10508,2731,79.37,253100,1034,26.1
2022,20123,Mitchell County,20,Kansas,5829,41.9,63008,35258,3128,1852,593,75.75,100700,668,21.3
2022,20125,Montgomery County,20,Kansas,31448,40.2,51513,28270,15625,9204,3478,72.58,90200,747,28.0
2022,20127,Morris County,20,Kansas,5385,46.5,52866,32462,3003,1876,412,81.99,111700,706,18.8
2022,20129,Morton County,20,Kansas,2688,39.5,57943,27423,1321,687,252,73.16,96000,653,19.0
2022,20131,Nemaha County,20,Kansas,10219,40.0,72788,36959,4507,3069,917,76.99,174500,780,26.5
2022,20133,Neosho County,20,Kansas,15826,40.3,54894,29850,7239,4694,1513,75.62,99400,623,27.1
2022,20135,Ness County,20,Kansas,2677,48.4,64907,39978,1500,927,217,81.03,80400,606,13.3
2022,20137,Norton County,20,Kansas,5431,40.4,52710,28514,2463,1432,449,76.13,109800,722,29.7
2022,20139,Osage County,20,Kansas,15787,42.6,66155,32120,7273,4932,1348,78.54,138400,781,27.8
2022,20141,Osborne County,20,Kansas,3493,46.4,58750,34669,2050,1216,388,75.81,80600,618,26.7
2022,20143,Ottawa County,20,Kansas,5768,42.3,74551,34893,2680,1845,529,77.72,157800,717,24.7
2022,20145,Pawnee County,20,Kansas,6288,46.1,54141,32542,3065,1478,918,61.69,93800,769,26.4
2022,20147,Phillips County,20,Kansas,4960,44.9,57611,34396,2816,1591,600,72.62,95400,601,22.1
2022,20149,Pottawatomie County,20,Kansas,25482,35.8,85241,35715,9938,7217,1837,79.71,221600,1009,25.9
2022,20151,Pratt County,20,Kansas,9175,37.6,61685,31949,4390,2506,1074,70.00,111100,763,26.4
2022,20153,Rawlins County,20,Kansas,2544,46.2,61827,33003,1372,803,362,68.93,108500,695,16.8
2022,20155,Reno County,20,Kansas,61881,40.5,57390,31695,28309,17690,7467,70.32,119200,828,27.2
2022,20157,Republic County,20,Kansas,4686,47.5,54531,31626,2682,1469,560,72.40,71000,656,20.7
2022,20159,Rice County,20,Kansas,9441,39.0,58523,32074,4395,2847,916,75.66,87700,711,19.0
2022,20161,Riley County,20,Kansas,72105,24.9,56327,33147,30595,11789,14976,44.05,231000,1016,32.8
2022,20163,Rooks County,20,Kansas,4925,44.9,60821,33751,2637,1604,523,75.41,88200,676,19.4
2022,20165,Rush County,20,Kansas,2939,46.4,53523,37166,1683,1035,309,77.01,74900,724,29.6
2022,20167,Russell County,20,Kansas,6702,45.3,49929,30680,3693,2281,714,76.16,103500,757,25.1
2022,20169,Saline County,20,Kansas,54160,39.9,59887,32504,24116,15055,7303,67.34,161900,869,29.0
2022,20171,Scott County,20,Kansas,5128,38.7,53365,29999,2262,1317,826,61.46,166100,642,25.7
2022,20173,Sedgwick County,20,Kansas,522700,35.8,65372,35338,224058,126637,75848,62.54,175700,937,27.4
2022,20175,Seward County,20,Kansas,21942,30.5,57131,25391,8268,4615,2456,65.27,126000,827,24.8
2022,20177,Shawnee County,20,Kansas,178625,39.4,63463,36011,80673,49740,24654,66.86,159900,942,28.1
2022,20179,Sheridan County,20,Kansas,2450,42.5,66719,41462,1160,743,266,73.64,134900,622,23.3
2022,20181,Sherman County,20,Kansas,5940,38.0,61404,37930,2951,1509,808,65.13,123900,827,27.0
2022,20183,Smith County,20,Kansas,3561,50.0,50943,33881,2041,1309,251,83.91,83900,564,24.1
2022,20185,Stafford County,20,Kansas,4054,42.2,60000,32921,2113,1292,318,80.25,96100,598,20.0
2022,20187,Stanton County,20,Kansas,2060,39.6,66000,39063,1081,708,180,79.73,74000,825,18.4
2022,20189,Stevens County,20,Kansas,5275,36.3,67950,25674,2247,1198,517,69.85,133800,899,23.3
2022,20191,Sumner County,20,Kansas,22517,42.0,59397,31072,10390,6676,2301,74.37,116400,838,25.2
2022,20193,Thomas County,20,Kansas,7907,35.2,72417,37610,3576,2264,865,72.36,165300,742,26.3
2022,20195,Trego County,20,Kansas,2798,47.8,77500,42029,1657,1073,235,82.03,114900,646,28.8
2022,20197,Wabaunsee County,20,Kansas,6922,43.7,70000,34243,3128,2105,465,81.91,169600,790,19.3
2022,20199,Wallace County,20,Kansas,1489,43.1,57708,34406,742,467,196,70.44,96200,564,17.4
2022,20201,Washington County,20,Kansas,5529,44.9,59432,32781,2736,1801,543,76.83,106100,540,18.6
2022,20203,Wichita County,20,Kansas,2131,43.1,69551,36589,1002,742,138,84.32,96700,683,26.9
2022,20205,Wilson County,20,Kansas,8667,42.4,55439,32008,4498,2534,958,72.57,91700,725,26.0
2022,20207,Woodson County,20,Kansas,3134,46.6,50670,28380,1843,993,220,81.86,85300,584,28.4
2022,20209,Wyandotte County,20,Kansas,167989,34.3,57771,27534,68482,37097,24185,60.53,139800,1043,29.4
2022,21001,Adair County,21,Kentucky,18887,40.3,49690,26098,8629,5202,1601,76.47,126900,725,26.7
2022,21003,Allen County,21,Kentucky,20773,40.5,57159,28307,9237,6014,1802,76.94,160200,831,32.4
2022,21005,Anderson County,21,Kentucky,23839,41.9,69885,33513,10055,7236,1944,78.82,198800,839,31.7
2022,21007,Ballard County,21,Kentucky,7742,44.7,57111,31315,3710,2379,580,80.40,102000,758,23.2
2022,21009,Barren County,21,Kentucky,44511,40.2,48141,27732,19929,11654,5938,66.25,156800,745,28.5
2022,21011,Bath County,21,Kentucky,12739,39.5,51471,27018,5463,3501,1343,72.27,101300,566,19.2
2022,21013,Bell County,21,Kentucky,24248,41.5,33658,19262,11634,5966,3490,63.09,76700,608,32.4
2022,21015,Boone County,21,Kentucky,136150,38.0,91697,41281,51773,37766,11821,76.16,237600,1177,25.4
2022,21017,Bourbon County,21,Kentucky,20228,41.8,54580,30123,9134,5219,2848,64.70,187700,761,26.9
2022,21019,Boyd County,21,Kentucky,48242,42.1,58327,30993,21745,12777,5756,68.94,129000,796,27.6
2022,21021,Boyle County,21,Kentucky,30613,40.0,56568,29955,12933,8020,3629,68.85,179800,762,28.5
2022,21023,Bracken County,21,Kentucky,8420,41.7,59911,29164,3844,2526,612,80.50,115100,744,23.1
2022,21025,Breathitt County,21,Kentucky,13580,42.7,38209,21985,6563,4031,1498,72.91,58800,501,30.0
2022,21027,Breckinridge County,21,Kentucky,20528,42.3,51756,27733,10725,6215,1327,82.41,124800,697,23.6
2022,21029,Bullitt County,21,Kentucky,82482,41.1,73900,34362,32854,25665,5403,82.61,214000,947,25.5
2022,21031,Butler County,21,Kentucky,12365,41.4,47589,23862,5465,3248,1253,72.16,102200,650,25.3
2022,21033,Caldwell County,21,Kentucky,12635,42.4,52488,31255,6092,3749,1379,73.11,103200,706,26.3
2022,21035,Calloway County,21,Kentucky,37345,35.6,48276,27850,17983,9539,5266,64.43,169100,770,27.6
2022,21037,Campbell County,21,Kentucky,93122,38.9,71979,42846,41465,27670,11014,71.53,214400,979,31.5
2022,21039,Carlisle County,21,Kentucky,4782,42.9,53065,31403,2305,1458,447,76.54,90100,764,28.3
2022,21041,Carroll County,21,Kentucky,10842,38.5,50625,27858,4675,2744,1295,67.94,128100,806,26.8
2022,21043,Carter County,21,Kentucky,26671,41.9,47004,24949,12249,7769,2009,79.45,122300,708,25.7
2022,21045,Casey County,21,Kentucky,15942,41.9,42190,22970,7388,4568,1461,75.77,124300,618,29.2
2022,21047,Christian County,21,Kentucky,72766,28.4,48920,25973,29273,12771,12831,49.88,142000,984,29.6
2022,21049,Clark County,21,Kentucky,36897,40.9,61878,36028,16165,10565,4197,71.57,183200,858,27.6
2022,21051,Clay County,21,Kentucky,20322,40.4,37888,19579,8630,5314,1796,74.74,73500,642,32.2
2022,21053,Clinton County,21,Kentucky,9295,42.4,41180,23905,4872,2674,998,72.82,90600,605,22.3
2022,21055,Crittenden County,21,Kentucky,8979,43.4,45810,28035,4344,2810,685,80.40,105300,670,20.3
2022,21057,Cumberland County,21,Kentucky,5974,45.4,40515,22668,3408,1909,610,75.78,126100,516,24.3
2022,21059,Daviess County,21,Kentucky,102916,38.7,64021,33599,43927,27646,13076,67.89,171100,890,26.6
2022,21061,Edmonson County,21,Kentucky,12179,45.0,53029,26781,6389,3960,800,83.19,116000,672,23.2
2022,21063,Elliott County,21,Kentucky,7378,43.6,39469,17242,3056,1735,528,76.67,90400,625,19.6
2022,21065,Estill County,21,Kentucky,14138,43.7,39980,21880,6839,4239,1501,73.85,100600,665,31.1
2022,21067,Fayette County,21,Kentucky,321276,35.2,66087,40953,146345,73941,62163,54.33,247900,1065,29.7
2022,21069,Fleming County,21,Kentucky,15111,40.8,46885,26230,6753,4279,1468,74.46,109300,684,27.0
2022,21071,Floyd County,21,Kentucky,35780,42.9,38723,22179,17446,10176,4106,71.25,89900,740,29.1
2022,21073,Franklin County,21,Kentucky,51475,40.0,62929,38104,23983,14267,8286,63.26,184000,902,26.1
2022,21075,Fulton County,21,Kentucky,6480,39.2,35449,19960,3195,1525,853,64.13,75000,622,33.7
2022,21077,Gallatin County,21,Kentucky,8720,38.7,58641,27398,3726,2192,916,70.53,154600,815,27.1
2022,21079,Garrard County,21,Kentucky,17175,43.5,58263,30728,7284,5248,1240,80.89,170800,825,28.2
2022,21081,Grant County,21,Kentucky,25085,36.5,65461,29113,10099,6602,2544,72.18,173600,835,23.1
2022,21083,Graves County,21,Kentucky,36701,39.9,52526,28978,16526,10699,3605,74.80,134900,662,28.4
2022,21085,Grayson County,21,Kentucky,26465,40.0,47024,25565,13346,7464,2241,76.91,141500,636,26.3
2022,21087,Green County,21,Kentucky,11198,45.1,38595,24090,5278,3275,1124,74.45,97100,610,26.6
2022,21089,Greenup County,21,Kentucky,35853,43.8,58562,32070,16248,11421,3057,78.89,132200,824,27.2
2022,21091,Hancock County,21,Kentucky,9058,41.2,68102,30579,3902,2748,718,79.28,116800,785,27.1
2022,21093,Hardin County,21,Kentucky,111005,37.2,64136,35226,46920,26458,16180,62.05,186500,909,23.1
2022,21095,Harlan County,21,Kentucky,26589,41.2,35128,20511,13016,7230,3268,68.87,71300,625,29.7
2022,21097,Harrison County,21,Kentucky,18803,42.6,58840,29748,8101,5149,2142,70.62,170600,710,22.7
2022,21099,Hart County,21,Kentucky,19345,40.3,45561,23837,8841,5306,1893,73.70,115500,658,22.4
2022,21101,Henderson County,21,Kentucky,44770,41.0,56912,30949,20098,11745,6540,64.23,156200,775,29.1
2022,21103,Henry County,21,Kentucky,15731,41.4,58294,28842,6634,4472,1545,74.32,161600,863,31.3
2022,21105,Hickman County,21,Kentucky,4491,46.6,68589,38895,2163,1245,376,76.80,112700,755,21.9
2022,21107,Hopkins County,21,Kentucky,45223,41.4,54466,27878,20949,12829,5516,69.93,125800,815,25.8
2022,21109,Jackson County,21,Kentucky,13002,40.9,38516,21876,6007,4075,1079,79.06,101900,652,28.2
2022,21111,Jefferson County,21,Kentucky,779232,38.5,66296,39994,356155,202118,125093,61.77,222200,1045,27.9
2022,21113,Jessamine County,21,Kentucky,53381,38.4,69905,37703,20733,13251,6000,68.83,226900,972,25.6
2022,21115,Johnson County,21,Kentucky,22631,41.7,44231,22931,10526,5911,2623,69.26,130900,714,29.7
2022,21117,Kenton County,21,Kentucky,169066,37.7,76016,40780,72564,46532,20821,69.09,207700,961,26.6
2022,21119,Knott County,21,Kentucky,14282,44.2,38336,20536,6718,4037,1526,72.57,66600,635,32.6
2022,21121,Knox County,21,Kentucky,30207,40.1,34254,20658,13817,7181,4048,63.95,109200,623,27.9
2022,21123,Larue County,21,Kentucky,14902,41.3,57867,28038,6485,4466,1501,74.84,164000,816,23.1
2022,21125,Laurel County,21,Kentucky,62442,39.8,53693,26829,26569,16678,6746,71.20,141300,772,26.2
2022,21127,Lawrence County,21,Kentucky,16228,41.2,42488,21163,7534,4255,1466,74.38,100300,735,32.4
2022,21129,Lee County,21,Kentucky,7338,41.8,31682,18651,3226,1835,802,69.59,77400,567,31.8
2022,21131,Leslie County,21,Kentucky,10468,43.2,37019,18739,4909,3209,489,86.78,77900,550,28.2
2022,21133,Letcher County,21,Kentucky,21490,42.7,38466,23522,10614,6231,2184,74.05,66000,625,32.2
2022,21135,Lewis County,21,Kentucky,13063,42.5,36662,20579,6058,3761,996,79.06,83400,690,29.0
2022,21137,Lincoln County,21,Kentucky,24320,41.4,49487,25972,10832,7615,2077,78.57,130100,678,28.1
2022,21139,Livingston County,21,Kentucky,8980,46.0,56125,31024,4624,2898,639,81.93,108100,849,33.4
2022,21141,Logan County,21,Kentucky,27498,40.8,58869,27741,12462,8018,2832,73.90,134200,683,23.4
2022,21143,Lyon County,21,Kentucky,8721,47.9,64081,30441,4788,2646,583,81.94,164100,689,26.1
2022,21145,McCracken County,21,Kentucky,67573,42.5,58490,36401,32093,18030,8970,66.78,172300,849,28.0
2022,21147,McCreary County,21,Kentucky,16892,39.2,35000,17450,6933,3859,1651,70.04,85300,580,26.9
2022,21149,McLean County,21,Kentucky,9173,43.2,64020,32382,4180,2902,707,80.41,139400,534,24.5
2022,21151,Madison County,21,Kentucky,92955,34.4,59797,31290,39382,22166,13982,61.32,200600,826,28.1
2022,21153,Magoffin County,21,Kentucky,11647,41.4,31927,19582,5462,3424,1130,75.19,83400,623,25.8
2022,21155,Marion County,21,Kentucky,19627,39.8,49627,25133,8381,5597,1991,73.76,141000,687,28.9
2022,21157,Marshall County,21,Kentucky,31706,44.6,64597,32853,16391,10727,2271,82.53,160600,742,30.0
2022,21159,Martin County,21,Kentucky,11298,39.8,45265,21276,4831,2965,791,78.94,91800,695,39.6
2022,21161,Mason County,21,Kentucky,17068,42.1,48460,33842,8181,4596,2099,68.65,156600,697,24.3
2022,21163,Meade County,21,Kentucky,29964,39.2,68518,34781,12043,7828,2726,74.17,187400,929,23.3
2022,21165,Menifee County,21,Kentucky,6174,43.4,43797,22682,3437,1675,587,74.05,104600,646,22.3
2022,21167,Mercer County,21,Kentucky,22662,43.1,60728,30424,10355,6756,2323,74.41,181400,720,21.2
2022,21169,Metcalfe County,21,Kentucky,10313,42.6,46932,23380,4704,3238,922,77.84,95100,585,21.6
2022,21171,Monroe County,21,Kentucky,11331,41.2,47252,26549,5239,3224,1320,70.95,113900,654,26.5
2022,21173,Montgomery County,21,Kentucky,28188,40.5,53436,26423,12122,7074,3631,66.08,142300,775,22.6
2022,21175,Morgan County,21,Kentucky,13840,42.3,46018,23257,5633,3666,999,78.59,90800,681,24.2
2022,21177,Muhlenberg County,21,Kentucky,30735,43.0,50935,31621,13518,9763,2084,82.41,115900,658,28.4
2022,21179,Nelson County,21,Kentucky,46779,39.9,66212,33585,19799,14120,4337,76.50,204000,913,26.2
2022,21181,Nicholas County,21,Kentucky,7613,38.9,57539,24714,3318,1867,747,71.42,111300,661,21.2
2022,21183,Ohio County,21,Kentucky,23782,41.0,52474,26712,10196,7038,2003,77.85,114900,760,22.0
2022,21185,Oldham County,21,Kentucky,67997,39.5,117334,50534,23195,19220,2908,86.86,357500,1113,25.7
2022,21187,Owen County,21,Kentucky,11229,42.9,56485,28446,5370,3546,600,85.53,151300,827,25.6
2022,21189,Owsley County,21,Kentucky,4054,48.0,32844,19405,1948,875,508,63.27,78500,-666666666,28.4
2022,21191,Pendleton County,21,Kentucky,14638,41.7,58723,28919,6278,3880,1390,73.62,152000,838,29.5
2022,21193,Perry County,21,Kentucky,28136,41.3,45330,27913,13226,8541,2738,75.72,92800,735,30.4
2022,21195,Pike County,21,Kentucky,58196,42.5,41271,25153,28918,17783,6184,74.20,96900,826,31.8
2022,21197,Powell County,21,Kentucky,13089,39.5,38415,23336,5599,3172,1486,68.10,123400,693,35.0
2022,21199,Pulaski County,21,Kentucky,65145,41.8,48768,29215,31615,18576,7135,72.25,140400,810,29.3
2022,21201,Robertson County,21,Kentucky,2207,39.0,53798,24146,1044,591,206,74.15,143500,625,14.6
2022,21203,Rockcastle County,21,Kentucky,16171,42.9,45693,26640,7353,4851,1529,76.03,100300,685,21.0
2022,21205,Rowan County,21,Kentucky,24551,30.6,50038,28578,10539,5501,3451,61.45,149900,759,29.1
2022,21207,Russell County,21,Kentucky,18021,42.4,48220,25790,10102,5213,1794,74.40,121400,611,27.1
2022,21209,Scott County,21,Kentucky,57286,36.1,80782,38391,22930,15863,5740,73.43,240800,1098,26.1
2022,21211,Shelby County,21,Kentucky,48105,40.6,81012,37918,18944,12819,4771,72.88,247500,939,24.6
2022,21213,Simpson County,21,Kentucky,19574,39.2,55907,27951,8302,4946,2584,65.68,178600,968,27.5
2022,21215,Spencer County,21,Kentucky,19549,42.9,101118,39997,7480,5961,955,86.19,288200,927,26.2
2022,21217,Taylor County,21,Kentucky,26056,37.3,63211,29899,11201,6646,3197,67.52,156800,708,24.5
2022,21219,Todd County,21,Kentucky,12281,36.6,57891,30252,5143,3346,1130,74.75,126600,789,22.6
2022,21221,Trigg County,21,Kentucky,14154,45.8,55864,30172,7596,4575,1243,78.64,173900,639,26.2
2022,21223,Trimble County,21,Kentucky,8510,42.0,66492,28958,3864,2660,613,81.27,152600,894,21.1
2022,21225,Union County,21,Kentucky,13495,41.3,58260,28196,5884,3703,1364,73.08,109100,735,26.1
2022,21227,Warren County,21,Kentucky,135307,33.3,63074,34201,57080,29838,22707,56.79,227300,942,28.3
2022,21229,Washington County,21,Kentucky,12025,42.3,65456,30217,5206,3682,953,79.44,158700,782,27.5
2022,21231,Wayne County,21,Kentucky,19666,43.4,41583,27016,10169,5821,2076,73.71,112800,676,25.8
2022,21233,Webster County,21,Kentucky,12951,39.7,55451,25177,5731,3454,1365,71.67,86700,710,16.9
2022,21235,Whitley County,21,Kentucky,36648,36.1,44332,22310,15492,8718,4358,66.67,114300,692,25.5
2022,21237,Wolfe County,21,Kentucky,6573,41.0,28666,14727,3067,1709,797,68.20,62200,440,35.3
2022,21239,Woodford County,21,Kentucky,26886,42.5,78295,38567,11501,7535,2958,71.81,259100,936,28.1
2022,22001,Acadia Parish,22,Louisiana,57674,36.7,44977,25731,25030,14627,6761,68.39,145100,719,33.1
2022,22003,Allen Parish,22,Louisiana,22798,38.5,52755,23971,9532,5804,1832,76.01,113400,734,25.1
2022,22005,Ascension Parish,22,Louisiana,126973,36.2,93800,41355,49998,38337,7703,83.27,255600,1230,29.5
2022,22007,Assumption Parish,22,Louisiana,21067,41.9,47023,28758,10032,6938,1430,82.91,130600,766,34.6
2022,22009,Avoyelles Parish,22,Louisiana,39529,38.6,38696,23597,18261,10251,4349,70.21,123600,749,34.8
2022,22011,Beauregard Parish,22,Louisiana,36553,37.3,68525,33582,15802,11181,2406,82.29,150200,867,26.2
2022,22013,Bienville Parish,22,Louisiana,12958,42.1,34268,22269,6907,3962,1413,73.71,85800,541,30.7
2022,22015,Bossier Parish,22,Louisiana,128877,36.0,64598,33873,55638,31834,16817,65.43,206600,1101,30.1
2022,22017,Caddo Parish,22,Louisiana,236259,38.7,47572,31612,112469,57182,37293,60.53,166700,927,34.8
2022,22019,Calcasieu Parish,22,Louisiana,210770,36.7,64370,33486,93431,54406,22447,70.79,196900,1025,28.4
2022,22021,Caldwell Parish,22,Louisiana,9658,40.2,45707,28491,4634,2452,1069,69.64,103500,801,39.2
2022,22023,Cameron Parish,22,Louisiana,5447,43.3,69847,33858,3556,1939,227,89.52,177600,-666666666,37.5
2022,22025,Catahoula Parish,22,Louisiana,8895,38.8,48259,24910,4461,2355,675,77.72,91300,712,34.9
2022,22027,Claiborne Parish,22,Louisiana,14203,42.3,32034,18721,6858,3646,1414,72.06,79100,626,47.6
2022,22029,Concordia Parish,22,Louisiana,18677,37.8,38929,21941,9003,4585,1717,72.75,94600,772,37.7
2022,22031,De Soto Parish,22,Louisiana,26821,39.3,49807,28772,12463,7663,2572,74.87,144100,660,29.8
2022,22033,East Baton Rouge Parish,22,Louisiana,454369,34.0,62083,37540,204246,103930,69862,59.80,232800,1081,33.1
2022,22035,East Carroll Parish,22,Louisiana,7371,33.9,30856,19646,3319,1462,919,61.40,72600,724,51.0
2022,22037,East Feliciana Parish,22,Louisiana,19452,44.3,64709,32720,8124,5449,1164,82.40,204800,678,21.9
2022,22039,Evangeline Parish,22,Louisiana,32335,36.9,34526,21877,14494,7834,4294,64.59,101000,667,32.3
2022,22041,Franklin Parish,22,Louisiana,19752,39.0,41129,23658,8936,5464,1844,74.77,99200,701,32.0
2022,22043,Grant Parish,22,Louisiana,22185,37.9,57362,25077,9023,5499,1220,81.84,128100,816,28.3
2022,22045,Iberia Parish,22,Louisiana,69958,37.4,55190,28315,31102,18474,8480,68.54,152400,846,30.0
2022,22047,Iberville Parish,22,Louisiana,30210,39.9,59410,28538,13302,8228,2814,74.52,161400,803,25.7
2022,22049,Jackson Parish,22,Louisiana,15093,41.4,40406,22804,7237,3743,1718,68.54,105700,703,30.8
2022,22051,Jefferson Parish,22,Louisiana,436171,39.8,63257,35720,193740,110430,65735,62.69,231700,1121,31.5
2022,22053,Jefferson Davis Parish,22,Louisiana,32277,37.9,52470,30081,14007,9071,2611,77.65,149800,787,31.6
2022,22055,Lafayette Parish,22,Louisiana,243175,36.2,66617,38161,108681,64768,32926,66.30,222400,986,30.3
2022,22057,Lafourche Parish,22,Louisiana,97220,38.8,61381,32716,41108,28826,8002,78.27,177200,873,32.0
2022,22059,LaSalle Parish,22,Louisiana,14764,38.3,59926,29769,6195,3875,790,83.07,120500,646,27.0
2022,22061,Lincoln Parish,22,Louisiana,48323,28.3,37001,24411,20491,9367,8676,51.91,184300,817,36.1
2022,22063,Livingston Parish,22,Louisiana,143425,36.6,77978,34237,57984,40937,8833,82.25,210100,1130,27.6
2022,22065,Madison Parish,22,Louisiana,10028,36.2,34508,18314,4391,1713,1379,55.40,88200,603,31.8
2022,22067,Morehouse Parish,22,Louisiana,25438,40.0,37875,22534,11913,6323,3151,66.74,104300,714,35.6
2022,22069,Natchitoches Parish,22,Louisiana,37478,33.3,41310,25302,18605,7928,5938,57.18,155700,786,35.9
2022,22071,Orleans Parish,22,Louisiana,380408,37.9,51116,37013,193999,76725,78944,49.29,281500,1162,35.8
2022,22073,Ouachita Parish,22,Louisiana,159585,36.5,49261,29670,70178,35465,24130,59.51,172800,886,34.4
2022,22075,Plaquemines Parish,22,Louisiana,23305,36.4,77996,35413,9560,5866,2306,71.78,253300,1559,29.7
2022,22077,Pointe Coupee Parish,22,Louisiana,20652,43.4,53045,31595,11020,6346,1857,77.36,172500,843,36.1
2022,22079,Rapides Parish,22,Louisiana,129536,37.7,55407,31010,58076,31989,16555,65.90,171400,925,30.7
2022,22081,Red River Parish,22,Louisiana,7631,37.8,43821,23162,3603,2206,728,75.19,99100,710,29.2
2022,22083,Richland Parish,22,Louisiana,20028,39.5,48125,25285,8668,4654,2641,63.80,121800,772,26.7
2022,22085,Sabine Parish,22,Louisiana,22209,41.1,40777,24911,13558,6110,2229,73.27,112300,659,33.0
2022,22087,St. Bernard Parish,22,Louisiana,44038,35.6,55857,28451,17778,11312,4420,71.90,184000,1037,37.7
2022,22089,St. Charles Parish,22,Louisiana,52191,38.8,79191,38220,20531,15349,3242,82.56,248600,1122,34.3
2022,22091,St. Helena Parish,22,Louisiana,10872,42.2,46402,24660,5284,3064,940,76.52,104700,761,26.9
2022,22093,St. James Parish,22,Louisiana,20090,40.4,62946,33616,8604,6315,1183,84.22,185200,801,34.2
2022,22095,St. John the Baptist Parish,22,Louisiana,41986,37.9,65114,30643,17799,11808,3424,77.52,173200,1139,27.0
2022,22097,St. Landry Parish,22,Louisiana,82574,37.3,44478,24413,36840,21194,9694,68.62,148400,739,29.9
2022,22099,St. Martin Parish,22,Louisiana,51856,39.5,50806,28679,23563,15540,4334,78.19,139900,773,31.4
2022,22101,St. Mary Parish,22,Louisiana,49114,39.5,47322,26949,22516,12946,5682,69.50,128000,829,33.7
2022,22103,St. Tammany Parish,22,Louisiana,266168,40.6,76914,40393,110680,80039,21173,79.08,262400,1247,31.4
2022,22105,Tangipahoa Parish,22,Louisiana,133953,35.7,55274,29192,57354,35378,13280,72.71,193300,930,33.5
2022,22107,Tensas Parish,22,Louisiana,4127,47.4,35653,21019,2815,1091,502,68.49,78300,622,27.1
2022,22109,Terrebonne Parish,22,Louisiana,108862,36.9,63088,32143,47314,30798,10707,74.20,174400,956,28.3
2022,22111,Union Parish,22,Louisiana,21049,42.5,47068,28575,10458,6327,1845,77.42,117300,698,29.1
2022,22113,Vermilion Parish,22,Louisiana,57202,38.6,56194,29293,25735,16603,5101,76.50,154000,745,29.8
2022,22115,Vernon Parish,22,Louisiana,48452,31.5,56547,28797,21996,9809,7917,55.34,141900,1020,25.9
2022,22117,Washington Parish,22,Louisiana,45514,40.6,41803,24287,21420,11586,5576,67.51,133200,731,33.2
2022,22119,Webster Parish,22,Louisiana,36761,41.5,34263,22706,18325,9926,4875,67.06,100100,735,45.6
2022,22121,West Baton Rouge Parish,22,Louisiana,27377,36.4,80510,33445,11536,7582,2498,75.22,223900,976,28.3
2022,22123,West Carroll Parish,22,Louisiana,9800,41.0,45035,25949,4702,2854,931,75.40,100600,673,26.5
2022,22125,West Feliciana Parish,22,Louisiana,15358,42.6,71985,30055,5086,2777,1045,72.66,239700,1034,51.0
2022,22127,Winn Parish,22,Louisiana,13665,40.7,44922,25617,6400,3491,1391,71.51,98100,624,24.0
2022,23001,Androscoggin County,23,Maine,111532,40.8,64500,34273,49923,30450,15375,66.45,211800,916,28.2
2022,23003,Aroostook County,23,Maine,67237,48.5,50843,31001,38440,21495,7742,73.52,125400,681,28.8
2022,23005,Cumberland County,23,Maine,303357,42.1,87710,51405,149869,89627,38557,69.92,372900,1389,28.8
2022,23007,Franklin County,23,Maine,29839,46.3,56890,33161,21014,9290,2986,75.68,170600,752,28.5
2022,23009,Hancock County,23,Maine,55851,48.9,64149,38785,40298,19411,5249,78.71,250900,949,31.5
2022,23011,Kennebec County,23,Maine,124003,44.3,62118,36009,62778,38739,14713,72.47,198300,900,28.8
2022,23013,Knox County,23,Maine,40729,49.0,68904,39379,24331,14084,3696,79.21,260800,1027,30.5
2022,23015,Lincoln County,23,Maine,35466,51.3,69638,43436,23698,13122,2726,82.80,276400,930,26.5
2022,23017,Oxford County,23,Maine,58276,48.2,54780,30884,36355,18627,4556,80.35,176800,781,31.9
2022,23019,Penobscot County,23,Maine,152640,42.4,59438,34423,75119,44498,19189,69.87,176700,932,29.3
2022,23021,Piscataquis County,23,Maine,16936,51.2,51805,32843,14655,5909,1745,77.20,137800,792,26.2
2022,23023,Sagadahoc County,23,Maine,36868,46.7,77591,40950,18999,12319,3741,76.71,268600,991,30.6
2022,23025,Somerset County,23,Maine,50656,47.0,53527,31348,29929,16954,5120,76.81,150500,849,27.5
2022,23027,Waldo County,23,Maine,39772,47.0,62694,35677,22012,13911,3352,80.58,210600,886,27.9
2022,23029,Washington County,23,Maine,31096,48.6,51669,30731,21723,10645,2940,78.36,135400,687,30.5
2022,23031,York County,23,Maine,212691,45.2,79743,42053,112660,67158,22246,75.12,323500,1166,28.4
2022,24001,Allegany County,24,Maryland,68161,41.9,55248,29343,32882,19252,8210,70.10,143300,743,30.4
2022,24003,Anne Arundel County,24,Maryland,588109,38.8,116009,56187,233163,166367,55337,75.04,432000,1908,29.0
2022,24005,Baltimore County,24,Maryland,850737,39.5,88157,46603,349471,218610,110001,66.53,310800,1479,31.3
2022,24009,Calvert County,24,Maryland,93244,40.4,128078,54038,35749,28671,4613,86.14,418900,1589,28.7
2022,24011,Caroline County,24,Maryland,33320,39.5,65326,34655,13473,8658,3355,72.07,258800,1074,31.8
2022,24013,Carroll County,24,Maryland,173225,41.5,111672,49434,65804,52580,10738,83.04,390200,1283,28.5
2022,24015,Cecil County,24,Maryland,103876,41.0,86869,40520,43957,29560,9778,75.14,292500,1322,30.8
2022,24017,Charles County,24,Maryland,167035,38.8,116882,47977,62362,47245,11960,79.80,382800,1839,28.7
2022,24019,Dorchester County,24,Maryland,32557,43.8,57490,33950,16400,9046,4170,68.45,226000,968,32.3
2022,24021,Frederick County,24,Maryland,273829,38.9,115724,51169,104217,76338,23553,76.42,412500,1633,28.9
2022,24023,Garrett County,24,Maryland,28856,47.6,64447,41130,18501,9977,2471,80.15,220100,681,23.3
2022,24025,Harford County,24,Maryland,261059,40.4,106417,48615,103552,79011,19811,79.95,351100,1475,28.8
2022,24027,Howard County,24,Maryland,332011,39.2,140971,63441,123428,85941,33289,72.08,551300,1920,28.2
2022,24029,Kent County,24,Maryland,19289,48.5,71635,44283,10320,5847,2528,69.81,291900,1072,32.8
2022,24031,Montgomery County,24,Maryland,1056910,39.8,125583,64126,403643,252457,132827,65.52,588900,1957,30.2
2022,24033,Prince George's County,24,Maryland,957189,38.2,97935,43833,359176,212888,128169,62.42,380500,1713,31.2
2022,24035,Queen Anne's County,24,Maryland,50316,44.6,108332,52652,21405,15760,3591,81.44,421900,1600,31.6
2022,24037,St. Mary's County,24,Maryland,113814,37.0,113668,49755,45665,29865,11346,72.47,376900,1595,26.3
2022,24039,Somerset County,24,Maryland,24672,38.0,52149,24176,10938,5642,2713,67.53,157200,934,36.3
2022,24041,Talbot County,24,Maryland,37663,51.4,81667,52555,19606,11868,4402,72.94,382000,1204,29.0
2022,24043,Washington County,24,Maryland,154645,40.9,73017,36528,63701,38615,20436,65.39,262400,1049,28.4
2022,24045,Wicomico County,24,Maryland,103815,36.1,69421,35658,43708,23825,16114,59.65,226900,1190,30.3
2022,24047,Worcester County,24,Maryland,52827,50.6,76689,48769,56399,17961,5496,76.57,310300,1144,31.9
2022,24510,Baltimore city,24,Maryland,584548,36.0,58349,37845,293555,118072,129160,47.76,202900,1235,31.2
2022,25001,Barnstable County,25,Massachusetts,229436,54.5,90447,55940,165068,81334,18635,81.36,519100,1536,33.7
2022,25003,Berkshire County,25,Massachusetts,128763,47.5,69744,45300,69762,39380,16698,70.22,266400,1003,30.8
2022,25005,Bristol County,25,Massachusetts,576699,41.0,80628,42006,243297,142186,87675,61.86,385000,1116,29.4
2022,25007,Dukes County,25,Massachusetts,20543,49.2,93225,60845,17621,5285,1614,76.61,998100,1636,34.1
2022,25009,Essex County,25,Massachusetts,806103,40.9,94378,50932,326936,197371,112688,63.66,535300,1580,33.0
2022,25011,Franklin County,25,Massachusetts,70980,47.1,70383,40282,34395,21737,9497,69.59,284100,1109,32.6
2022,25013,Hampden County,25,Massachusetts,464575,39.5,66619,35884,196957,113182,70198,61.72,258100,1051,31.5
2022,25015,Hampshire County,25,Massachusetts,153931,39.3,84025,43639,66174,42301,19113,68.88,344200,1263,31.6
2022,25017,Middlesex County,25,Massachusetts,1623109,38.8,121304,64197,658555,387309,242466,61.50,654300,2004,28.3
2022,25019,Nantucket County,25,Massachusetts,14065,40.5,135590,62153,12287,3313,1346,71.11,1265600,2052,25.7
2022,25021,Norfolk County,25,Massachusetts,722112,40.7,120621,66685,291316,190649,88455,68.31,612100,1933,30.2
2022,25023,Plymouth County,25,Massachusetts,529548,42.7,105387,53423,215021,153841,45096,77.33,475500,1550,31.9
2022,25025,Suffolk County,25,Massachusetts,785443,33.6,87669,53173,350419,115640,203667,36.22,650900,1953,30.4
2022,25027,Worcester County,25,Massachusetts,858898,40.2,88524,45433,351506,217813,112506,65.94,363200,1263,29.5
2022,26001,Alcona County,26,Michigan,10238,59.3,50295,31167,10320,4333,499,89.67,148200,801,33.0
2022,26003,Alger County,26,Michigan,8866,47.2,55528,25099,6208,2683,591,81.95,156500,716,29.3
2022,26005,Allegan County,26,Michigan,120189,40.4,75543,35220,51880,37991,6630,85.14,225000,1004,27.8
2022,26007,Alpena County,26,Michigan,28911,47.6,49133,30893,15685,10056,2665,79.05,128000,638,28.6
2022,26009,Antrim County,26,Michigan,23662,51.5,68850,39166,17596,9348,1393,87.03,199800,919,24.5
2022,26011,Arenac County,26,Michigan,15031,50.0,53487,29246,9554,5406,949,85.07,118200,665,27.0
2022,26013,Baraga County,26,Michigan,8245,46.5,51911,28665,5079,2491,750,76.86,121700,562,22.8
2022,26015,Barry County,26,Michigan,62581,42.2,75182,38843,27466,20942,3344,86.23,223600,966,26.1
2022,26017,Bay County,26,Michigan,103752,43.6,57887,33331,48598,34029,10970,75.62,125000,786,28.0
2022,26019,Benzie County,26,Michigan,18058,50.4,71327,38875,12173,6317,856,88.07,243600,970,28.2
2022,26021,Berrien County,26,Michigan,153938,42.5,60379,36764,76948,46359,17153,72.99,193600,885,29.5
2022,26023,Branch County,26,Michigan,44795,40.9,60600,29824,20776,12985,3784,77.43,140200,899,25.5
2022,26025,Calhoun County,26,Michigan,134011,40.0,58191,32047,59634,38018,15032,71.66,138700,897,28.5
2022,26027,Cass County,26,Michigan,51604,45.3,65183,36851,25458,16943,3836,81.54,181100,835,28.4
2022,26029,Charlevoix County,26,Michigan,26174,49.5,69764,43782,17487,9990,2242,81.67,220000,894,30.2
2022,26031,Cheboygan County,26,Michigan,25709,52.0,59557,32679,17727,9040,1610,84.88,167400,787,28.5
2022,26033,Chippewa County,26,Michigan,36670,40.8,58408,31167,20349,10120,3627,73.62,142000,785,29.7
2022,26035,Clare County,26,Michigan,30998,48.2,47816,27147,21959,10151,1784,85.05,112400,750,31.4
2022,26037,Clinton County,26,Michigan,79249,41.4,82594,41790,32897,25474,5586,82.02,226000,1022,27.6
2022,26039,Crawford County,26,Michigan,13197,51.4,57998,30379,10243,4789,1044,82.10,135400,834,29.8
2022,26041,Delta County,26,Michigan,36839,47.6,53852,32311,19815,12425,3426,78.39,139200,655,26.5
2022,26043,Dickinson County,26,Michigan,25937,47.2,59651,35722,13942,9617,1943,83.19,122600,710,29.5
2022,26045,Eaton County,26,Michigan,109072,41.2,77158,39207,47562,33258,11742,73.91,194500,1013,24.9
2022,26047,Emmet County,26,Michigan,34072,45.8,69690,42373,21791,11039,3491,75.97,246300,985,24.1
2022,26049,Genesee County,26,Michigan,405280,40.5,58594,33562,183775,116882,49178,70.39,158400,893,31.0
2022,26051,Gladwin County,26,Michigan,25461,50.7,53717,30893,17001,9523,1336,87.70,140600,680,28.9
2022,26053,Gogebic County,26,Michigan,14597,50.6,47913,33516,10405,5732,1205,82.63,87800,503,29.2
2022,26055,Grand Traverse County,26,Michigan,95315,42.8,75553,40644,45840,29292,9280,75.94,273300,1147,31.5
2022,26057,Gratiot County,26,Michigan,41534,39.6,57934,28123,16060,11497,3208,78.18,126500,757,30.3
2022,26059,Hillsdale County,26,Michigan,45698,42.8,59425,30409,21440,14063,3543,79.88,159000,770,27.1
2022,26061,Houghton County,26,Michigan,37414,31.9,52736,29173,18687,9778,4395,68.99,129200,743,32.5
2022,26063,Huron County,26,Michigan,31461,49.3,54475,32069,20402,11143,2474,81.83,129500,710,25.4
2022,26065,Ingham County,26,Michigan,282540,33.0,62548,36077,125391,67988,47660,58.79,173600,1027,31.3
2022,26067,Ionia County,26,Michigan,66663,39.1,71720,29736,24674,17552,5213,77.10,169600,870,26.2
2022,26069,Iosco County,26,Michigan,25319,53.1,46224,28301,19943,9368,2190,81.05,118400,696,26.8
2022,26071,Iron County,26,Michigan,11585,53.4,52241,31990,8981,4366,824,84.12,95800,627,23.4
2022,26073,Isabella County,26,Michigan,64938,28.9,52638,28809,28580,15340,9535,61.67,159500,840,32.7
2022,26075,Jackson County,26,Michigan,160637,41.1,62581,33065,69095,46194,15865,74.44,166700,920,28.6
2022,26077,Kalamazoo County,26,Michigan,261426,34.6,67905,37852,114093,67729,38068,64.02,209700,994,29.7
2022,26079,Kalkaska County,26,Michigan,17934,43.3,56380,31074,11656,6362,1015,86.24,152800,791,28.8
2022,26081,Kent County,26,Michigan,657321,35.6,76247,39342,264944,176905,75789,70.01,242200,1111,29.3
2022,26083,Keweenaw County,26,Michigan,2088,57.2,55560,41795,2286,994,71,93.33,155900,638,23.4
2022,26085,Lake County,26,Michigan,12285,51.8,45946,25695,13460,3832,717,84.24,117100,764,33.8
2022,26087,Lapeer County,26,Michigan,88687,44.5,75402,37419,36839,29288,4951,85.54,219300,908,31.0
2022,26089,Leelanau County,26,Michigan,22426,55.2,82345,48491,15474,8311,935,89.89,371200,1157,28.4
2022,26091,Lenawee County,26,Michigan,99263,42.0,65484,32976,43634,30376,8250,78.64,168100,924,28.7
2022,26093,Livingston County,26,Michigan,194302,43.6,96135,47253,78706,64270,10571,85.88,311800,1207,28.1
2022,26095,Luce County,26,Michigan,5442,47.7,51015,23599,3852,1701,364,82.37,104600,746,40.0
2022,26097,Mackinac County,26,Michigan,10843,52.7,60620,35512,10572,3973,1253,76.02,157000,749,22.5
2022,26099,Macomb County,26,Michigan,878453,41.0,73876,38015,369998,264921,89330,74.78,216200,1124,29.8
2022,26101,Manistee County,26,Michigan,25058,50.0,59467,33818,15562,8547,1380,86.10,157800,801,31.6
2022,26103,Marquette County,26,Michigan,66376,39.1,63115,32711,33584,19473,7872,71.21,184300,904,32.4
2022,26105,Mason County,26,Michigan,29178,46.7,60744,34386,17451,9609,2687,78.15,181200,846,29.2
2022,26107,Mecosta County,26,Michigan,40128,40.6,54132,27692,20986,12230,3873,75.95,153000,844,31.5
2022,26109,Menominee County,26,Michigan,23433,49.6,54074,31313,13305,8035,1936,80.58,132200,663,25.7
2022,26111,Midland County,26,Michigan,83503,41.7,73643,41594,36927,26769,7567,77.96,171600,931,28.7
2022,26113,Missaukee County,26,Michigan,15089,42.6,57667,29386,8665,4710,1106,80.98,153300,808,28.6
2022,26115,Monroe County,26,Michigan,154823,42.6,72573,37704,65946,50266,11974,80.76,202200,996,30.3
2022,26117,Montcalm County,26,Michigan,66901,40.6,61250,28370,27949,19565,4419,81.58,154900,823,28.2
2022,26119,Montmorency County,26,Michigan,9261,56.2,46345,28394,8952,3941,737,84.25,125600,802,36.9
2022,26121,Muskegon County,26,Michigan,175947,39.4,61347,30812,74639,51460,15135,77.27,162300,915,30.2
2022,26123,Newaygo County,26,Michigan,50130,42.4,59065,29687,24689,16297,2750,85.56,165000,854,26.9
2022,26125,Oakland County,26,Michigan,1272264,41.1,92620,53157,555313,377364,147398,71.91,302800,1243,26.8
2022,26127,Oceana County,26,Michigan,26707,43.8,60691,28786,15612,8418,1518,84.72,151700,796,27.0
2022,26129,Ogemaw County,26,Michigan,20820,50.6,50377,28837,15346,7476,1613,82.25,125300,782,36.9
2022,26131,Ontonagon County,26,Michigan,5862,59.2,48316,30182,5271,2538,334,88.37,89700,545,31.3
2022,26133,Osceola County,26,Michigan,23022,43.5,54875,27211,12619,7398,1479,83.34,128200,739,26.6
2022,26135,Oscoda County,26,Michigan,8264,52.0,48692,26129,7749,3056,444,87.31,122500,736,26.7
2022,26137,Otsego County,26,Michigan,25221,44.6,62865,34190,14881,8196,2570,76.13,178400,865,29.9
2022,26139,Ottawa County,26,Michigan,296183,35.8,83932,39116,114701,84698,23664,78.16,269200,1080,28.0
2022,26141,Presque Isle County,26,Michigan,13083,56.1,55986,34698,9851,5462,648,89.39,124800,633,29.1
2022,26143,Roscommon County,26,Michigan,23556,57.0,49898,34587,23182,9440,1918,83.11,133400,776,32.0
2022,26145,Saginaw County,26,Michigan,189821,41.0,56579,32839,86101,56740,21260,72.74,131100,876,32.0
2022,26147,St. Clair County,26,Michigan,160257,44.1,66887,35483,72234,52974,13015,80.28,197300,982,31.7
2022,26149,St. Joseph County,26,Michigan,60887,39.8,62281,30171,27198,17494,5984,74.51,152800,811,24.1
2022,26151,Sanilac County,26,Michigan,40759,45.2,55740,30904,21779,13787,3509,79.71,149300,770,27.7
2022,26153,Schoolcraft County,26,Michigan,8062,51.8,55071,33805,5987,3190,595,84.28,129100,572,32.8
2022,26155,Shiawassee County,26,Michigan,68124,43.2,62498,33328,30230,21756,6169,77.91,151900,851,28.9
2022,26157,Tuscola County,26,Michigan,53218,44.7,59815,30698,23977,18275,3243,84.93,127200,782,25.7
2022,26159,Van Buren County,26,Michigan,75636,40.8,65531,32361,37076,23731,5878,80.15,172100,843,29.6
2022,26161,Washtenaw County,26,Michigan,370231,34.4,84245,49568,157103,91057,57647,61.23,336300,1335,31.9
2022,26163,Wayne County,26,Michigan,1781641,37.7,57223,32643,792169,440701,247760,64.01,158600,1043,31.8
2022,26165,Wexford County,26,Michigan,33766,42.2,58652,29617,16478,10633,2534,80.75,146100,831,29.3
2022,27001,Aitkin County,27,Minnesota,15859,56.2,56406,32980,14197,5751,1046,84.61,222100,815,29.7
2022,27003,Anoka County,27,Minnesota,363985,38.8,95782,43106,138533,107811,26579,80.22,302300,1356,29.6
2022,27005,Becker County,27,Minnesota,35202,42.5,68683,38444,19673,11049,3085,78.17,249600,854,27.8
2022,27007,Beltrami County,27,Minnesota,46274,35.0,62173,32055,21403,12114,5756,67.79,203900,935,27.3
2022,27009,Benton County,27,Minnesota,41300,36.2,70346,35885,17318,10842,5470,66.47,229300,907,23.4
2022,27011,Big Stone County,27,Minnesota,5161,47.7,63024,35797,2980,1698,544,75.74,115000,707,26.3
2022,27013,Blue Earth County,27,Minnesota,69022,31.4,70906,35182,29264,16635,10475,61.36,239200,1007,29.0
2022,27015,Brown County,27,Minnesota,25880,42.0,67038,35340,11765,8593,2333,78.65,165200,825,24.0
2022,27017,Carlton County,27,Minnesota,36362,41.6,74660,35642,15739,10979,2816,79.59,218000,955,28.1
2022,27019,Carver County,27,Minnesota,107216,38.5,116308,55216,40570,32215,7078,81.99,400500,1384,27.6
2022,27021,Cass County,27,Minnesota,30288,49.0,61970,34505,24136,10496,1986,84.09,241000,874,27.3
2022,27023,Chippewa County,27,Minnesota,12466,41.8,62112,32772,5640,3685,1521,70.78,138900,788,25.6
2022,27025,Chisago County,27,Minnesota,56927,40.8,97446,41814,22443,18085,2826,86.49,299800,1095,31.5
2022,27027,Clay County,27,Minnesota,65307,32.8,75006,36586,26987,16854,8658,66.06,241400,972,32.7
2022,27029,Clearwater County,27,Minnesota,8541,41.6,62723,31879,4464,2617,579,81.88,161800,753,27.6
2022,27031,Cook County,27,Minnesota,5611,52.2,71937,44316,5982,2086,586,78.07,289500,874,24.1
2022,27033,Cottonwood County,27,Minnesota,11481,41.4,63586,32818,5157,3537,1076,76.67,141600,755,23.3
2022,27035,Crow Wing County,27,Minnesota,66558,45.0,65975,36878,41796,21746,6395,77.28,245200,888,27.8
2022,27037,Dakota County,27,Minnesota,439179,38.4,101360,48894,174164,128582,40822,75.90,341200,1410,29.5
2022,27039,Dodge County,27,Minnesota,20893,38.3,92890,42838,8334,6823,1004,87.17,245800,901,25.2
2022,27041,Douglas County,27,Minnesota,39081,44.2,72472,41889,21881,13060,4192,75.70,277800,847,24.6
2022,27043,Faribault County,27,Minnesota,13931,44.6,64000,35307,6915,4830,1176,80.42,116000,697,24.8
2022,27045,Fillmore County,27,Minnesota,21251,42.1,73234,35645,9609,6948,1512,82.13,196200,724,25.6
2022,27047,Freeborn County,27,Minnesota,30857,44.1,65679,36751,14150,10100,2790,78.36,154700,803,24.9
2022,27049,Goodhue County,27,Minnesota,47697,42.0,78338,40087,20905,15221,4412,77.53,254500,895,29.2
2022,27051,Grant County,27,Minnesota,6091,44.3,67600,36750,3166,2030,510,79.92,161100,778,28.7
2022,27053,Hennepin County,27,Minnesota,1270787,37.2,92595,55199,556973,333104,195925,62.97,358000,1373,28.4
2022,27055,Houston County,27,Minnesota,18826,44.6,71580,39340,8725,6653,1375,82.87,216400,870,27.1
2022,27057,Hubbard County,27,Minnesota,21479,48.1,67197,36944,14729,7179,1599,81.78,245500,827,29.4
2022,27059,Isanti County,27,Minnesota,41257,40.2,84063,38609,16682,13084,2488,84.02,262500,1161,29.5
2022,27061,Itasca County,27,Minnesota,45054,46.8,63962,34528,25595,14942,3179,82.46,198500,896,34.1
2022,27063,Jackson County,27,Minnesota,9990,44.4,68368,37818,4912,3550,841,80.85,140500,764,24.2
2022,27065,Kanabec County,27,Minnesota,16145,44.8,68995,33805,7770,5519,999,84.67,205400,863,24.8
2022,27067,Kandiyohi County,27,Minnesota,43686,40.0,73285,35814,20032,12660,4468,73.91,214600,800,25.9
2022,27069,Kittson County,27,Minnesota,4191,48.0,66000,35565,2282,1396,326,81.07,122100,649,19.9
2022,27071,Koochiching County,27,Minnesota,12072,50.6,59779,36515,7440,4601,1102,80.68,132200,686,26.1
2022,27073,Lac qui Parle County,27,Minnesota,6736,48.7,66967,37520,3483,2364,474,83.30,127300,750,20.5
2022,27075,Lake County,27,Minnesota,10915,49.7,73860,39930,7379,4182,854,83.04,200900,837,22.0
2022,27077,Lake of the Woods County,27,Minnesota,3786,51.2,61667,35308,3436,1349,283,82.66,204300,821,29.7
2022,27079,Le Sueur County,27,Minnesota,28795,41.3,87180,41400,12889,9228,2112,81.38,271900,878,27.5
2022,27081,Lincoln County,27,Minnesota,5630,44.6,64750,35638,3062,1996,437,82.04,139500,677,22.7
2022,27083,Lyon County,27,Minnesota,25352,36.8,68919,35256,11188,6954,2970,70.07,177600,718,28.2
2022,27085,McLeod County,27,Minnesota,36727,41.3,73296,39361,15869,11391,3434,76.84,214300,831,24.2
2022,27087,Mahnomen County,27,Minnesota,5389,35.1,52739,24710,2569,1331,548,70.84,132900,693,25.1
2022,27089,Marshall County,27,Minnesota,9017,42.8,69396,35920,4430,3196,550,85.32,140900,694,27.3
2022,27091,Martin County,27,Minnesota,19960,44.8,61674,35152,9737,6437,2433,72.57,148100,767,27.3
2022,27093,Meeker County,27,Minnesota,23352,42.3,75926,37233,10618,7358,1617,81.98,216800,860,25.3
2022,27095,Mille Lacs County,27,Minnesota,26680,40.8,68088,33933,12875,8036,2510,76.20,221300,874,28.6
2022,27097,Morrison County,27,Minnesota,34023,42.2,66264,34269,16130,10989,2729,80.11,220600,779,23.7
2022,27099,Mower County,27,Minnesota,40082,39.1,66972,33921,16933,11744,3909,75.03,158000,818,27.3
2022,27101,Murray County,27,Minnesota,8170,46.7,71500,38783,4418,2911,621,82.42,163500,697,20.8
2022,27103,Nicollet County,27,Minnesota,34380,37.1,79113,41658,13461,9585,3328,74.23,240700,901,24.6
2022,27105,Nobles County,27,Minnesota,22194,36.4,62973,29786,8424,5726,1963,74.47,161000,852,22.9
2022,27107,Norman County,27,Minnesota,6457,43.7,65278,36245,3213,2156,504,81.05,129300,717,27.1
2022,27109,Olmsted County,27,Minnesota,162307,37.6,90420,49799,69216,46702,19268,70.79,285600,1193,29.2
2022,27111,Otter Tail County,27,Minnesota,60072,46.1,67990,37202,36513,19963,4947,80.14,234200,769,26.8
2022,27113,Pennington County,27,Minnesota,13995,39.8,71504,37342,6673,4467,1683,72.63,173800,935,23.3
2022,27115,Pine County,27,Minnesota,29090,45.6,65059,32335,17017,9518,1862,83.64,207100,863,30.8
2022,27117,Pipestone County,27,Minnesota,9380,40.0,68341,34973,4339,3153,812,79.52,126500,677,24.4
2022,27119,Polk County,27,Minnesota,31128,39.3,69540,34273,14672,8925,3547,71.56,204600,822,29.9
2022,27121,Pope County,27,Minnesota,11312,46.2,71212,38905,6375,3944,953,80.54,225900,779,30.1
2022,27123,Ramsey County,27,Minnesota,547202,35.7,78108,43203,229364,132415,84554,61.03,289300,1214,30.1
2022,27125,Red Lake County,27,Minnesota,3912,42.9,73889,35198,1872,1349,289,82.36,150700,631,25.3
2022,27127,Redwood County,27,Minnesota,15428,40.4,65617,33175,7110,4864,1211,80.07,138700,759,25.1
2022,27129,Renville County,27,Minnesota,14707,42.3,66313,34554,6950,4631,1245,78.81,138200,746,27.5
2022,27131,Rice County,27,Minnesota,67152,37.1,78214,37050,25064,17566,5699,75.50,279700,1021,28.8
2022,27133,Rock County,27,Minnesota,9659,40.9,75060,38472,4236,3025,898,77.11,189100,788,30.3
2022,27135,Roseau County,27,Minnesota,15294,42.1,70122,36125,7159,4688,1145,80.37,164200,794,25.8
2022,27137,St. Louis County,27,Minnesota,200122,41.2,66491,37850,103719,61629,24097,71.89,192900,927,31.4
2022,27139,Scott County,27,Minnesota,151347,37.3,118268,51259,54650,44244,8770,83.46,376000,1419,29.5
2022,27141,Sherburne County,27,Minnesota,97820,36.6,99431,41412,36034,28655,5724,83.35,306000,1166,27.2
2022,27143,Sibley County,27,Minnesota,14950,41.9,74781,37919,6462,4782,1100,81.30,196600,818,22.9
2022,27145,Stearns County,27,Minnesota,158622,34.9,73105,36087,65786,40819,19690,67.46,241100,975,28.2
2022,27147,Steele County,27,Minnesota,37396,39.9,79722,40146,15731,11624,3387,77.44,217100,914,33.4
2022,27149,Stevens County,27,Minnesota,9682,33.8,69737,38425,4202,2575,1223,67.80,170700,821,26.3
2022,27151,Swift County,27,Minnesota,9806,43.8,58362,35595,4683,3063,1091,73.74,132400,823,30.0
2022,27153,Todd County,27,Minnesota,25277,43.3,63216,30812,12841,8154,1613,83.49,173200,785,25.7
2022,27155,Traverse County,27,Minnesota,3345,45.3,63456,36023,1889,1139,294,79.48,109300,589,24.1
2022,27157,Wabasha County,27,Minnesota,21460,45.4,75063,40471,10183,7517,1712,81.45,230400,800,28.3
2022,27159,Wadena County,27,Minnesota,14108,40.0,54747,28011,6971,4144,1590,72.27,163400,694,27.8
2022,27161,Waseca County,27,Minnesota,18953,40.2,71856,35814,7899,6100,1393,81.41,191800,831,30.9
2022,27163,Washington County,27,Minnesota,268651,39.8,110828,54418,104880,82419,18758,81.46,379300,1577,29.5
2022,27165,Watonwan County,27,Minnesota,11205,41.0,65197,34363,4879,3439,862,79.96,119200,736,23.7
2022,27167,Wilkin County,27,Minnesota,6454,41.9,67114,38317,2992,2143,524,80.35,169100,549,23.0
2022,27169,Winona County,27,Minnesota,49792,35.6,66162,34889,21702,13891,6324,68.72,203500,803,28.2
2022,27171,Wright County,27,Minnesota,142543,37.4,102980,43067,54942,42848,8675,83.16,310900,1149,27.4
2022,27173,Yellow Medicine County,27,Minnesota,9569,42.3,70605,36737,4526,3298,680,82.91,145400,640,22.1
2022,28001,Adams County,28,Mississippi,29425,41.5,37271,22924,14893,7552,4066,65.00,99300,695,29.1
2022,28003,Alcorn County,28,Mississippi,34717,40.1,47716,27320,16256,9211,4764,65.91,125800,700,26.1
2022,28005,Amite County,28,Mississippi,12683,48.2,34866,24135,7231,4722,1112,80.94,91400,677,29.9
2022,28007,Attala County,28,Mississippi,17842,39.1,42680,27625,8354,4746,1565,75.20,99100,693,39.8
2022,28009,Benton County,28,Mississippi,7637,41.7,38750,24690,4080,2499,587,80.98,96200,675,24.4
2022,28011,Bolivar County,28,Mississippi,30688,36.6,37845,25440,13685,6976,4728,59.60,118200,698,34.0
2022,28013,Calhoun County,28,Mississippi,13193,42.8,44505,24192,6743,4015,1626,71.18,82900,617,26.2
2022,28015,Carroll County,28,Mississippi,9930,45.5,42285,29588,4946,3323,714,82.31,103700,563,33.4
2022,28017,Chickasaw County,28,Mississippi,17024,39.3,40224,21968,7794,4590,2177,67.83,88000,709,26.9
2022,28019,Choctaw County,28,Mississippi,8208,43.0,41887,27628,4350,2692,840,76.22,104200,649,29.6
2022,28021,Claiborne County,28,Mississippi,9044,33.9,34282,17250,3948,1980,644,75.46,78500,584,26.7
2022,28023,Clarke County,28,Mississippi,15553,42.1,46329,26435,7631,5242,875,85.70,99300,752,45.0
2022,28025,Clay County,28,Mississippi,18598,39.5,37412,24702,9018,5178,2404,68.29,110600,731,30.1
2022,28027,Coahoma County,28,Mississippi,21264,35.7,36075,22701,10200,4479,3908,53.40,84400,706,31.4
2022,28029,Copiah County,28,Mississippi,28210,39.6,46889,28072,12411,7505,2336,76.26,93600,696,26.2
2022,28031,Covington County,28,Mississippi,18323,37.8,40164,24147,8335,5241,1713,75.37,76700,711,30.4
2022,28033,DeSoto County,28,Mississippi,186214,37.1,79666,34989,72572,52255,16098,76.45,227600,1252,28.0
2022,28035,Forrest County,28,Mississippi,77917,31.9,49340,28197,33542,16406,12945,55.90,144000,911,32.5
2022,28037,Franklin County,28,Mississippi,7690,42.7,43942,26844,4287,2257,717,75.89,96200,697,24.3
2022,28039,George County,28,Mississippi,24547,36.4,51349,24756,10256,7354,1624,81.91,157200,796,25.8
2022,28041,Greene County,28,Mississippi,13672,39.7,50000,18257,5124,2978,932,76.16,97500,753,31.7
2022,28043,Grenada County,28,Mississippi,21474,38.4,45745,27128,10408,5757,2677,68.26,130100,773,29.5
2022,28045,Hancock County,28,Mississippi,46010,45.4,63623,36883,22895,15644,3742,80.70,197400,956,28.2
2022,28047,Harrison County,28,Mississippi,208748,37.6,55211,30120,92309,47827,32364,59.64,185000,1034,30.9
2022,28049,Hinds County,28,Mississippi,226541,36.1,48596,27943,106047,51765,37820,57.78,141600,1004,32.9
2022,28051,Holmes County,28,Mississippi,16848,35.5,28818,20132,7569,3621,2177,62.45,73900,610,32.6
2022,28053,Humphreys County,28,Mississippi,7744,38.4,31907,24506,3551,1793,1198,59.95,79900,669,32.9
2022,28055,Issaquena County,28,Mississippi,1206,43.1,17900,13539,449,199,193,50.77,96300,297,21.7
2022,28057,Itawamba County,28,Mississippi,23888,39.9,57252,33243,10462,7160,1816,79.77,114300,789,21.2
2022,28059,Jackson County,28,Mississippi,143721,39.4,60045,31509,62473,39390,15983,71.14,161700,1001,30.5
2022,28061,Jasper County,28,Mississippi,16320,41.5,43914,24068,8068,5437,1010,84.33,110400,804,26.3
2022,28063,Jefferson County,28,Mississippi,7207,41.3,31544,19366,3381,1828,702,72.25,76400,411,35.7
2022,28065,Jefferson Davis County,28,Mississippi,11291,44.5,36473,22693,5659,3648,805,81.92,87800,644,40.9
2022,28067,Jones County,28,Mississippi,67152,37.7,49451,26063,28620,18156,6167,74.65,120100,779,30.9
2022,28069,Kemper County,28,Mississippi,8980,39.7,42947,22046,3958,2413,730,76.77,89300,475,22.3
2022,28071,Lafayette County,28,Mississippi,56172,30.7,59748,32536,28147,12041,6661,64.38,242800,1092,33.0
2022,28073,Lamar County,28,Mississippi,64425,37.3,67972,37681,27319,16717,8179,67.15,209700,1034,26.9
2022,28075,Lauderdale County,28,Mississippi,72741,38.5,45649,26590,33586,17766,10583,62.67,121900,865,31.9
2022,28077,Lawrence County,28,Mississippi,11933,41.1,41096,24809,5770,3519,954,78.67,104300,785,32.1
2022,28079,Leake County,28,Mississippi,21335,40.5,46669,25662,9044,5601,1768,76.01,98800,771,26.0
2022,28081,Lee County,28,Mississippi,83343,37.4,64479,33209,37310,22383,9618,69.94,172900,898,29.0
2022,28083,Leflore County,28,Mississippi,27920,34.4,33115,23281,12666,5299,4357,54.88,95100,688,32.3
2022,28085,Lincoln County,28,Mississippi,34855,40.7,47069,25775,15817,9866,3204,75.49,128100,705,27.8
2022,28087,Lowndes County,28,Mississippi,58547,37.1,53687,29750,26973,14011,8640,61.86,155300,903,30.2
2022,28089,Madison County,28,Mississippi,109257,38.4,79105,46538,46174,30571,11611,72.47,264700,1062,29.7
2022,28091,Marion County,28,Mississippi,24362,40.3,38399,23055,11164,7224,1878,79.37,104100,625,29.3
2022,28093,Marshall County,28,Mississippi,33980,41.9,51431,27680,15156,9910,2887,77.44,150400,887,30.0
2022,28095,Monroe County,28,Mississippi,34168,41.4,51190,27619,16739,10135,3275,75.58,109500,724,23.6
2022,28097,Montgomery County,28,Mississippi,9803,42.0,36845,24126,5281,2552,1278,66.63,97100,656,33.5
2022,28099,Neshoba County,28,Mississippi,28970,37.0,47400,23538,12081,7348,2851,72.05,94300,756,28.8
2022,28101,Newton County,28,Mississippi,21275,38.2,49160,28364,9113,6135,1571,79.61,100800,684,25.4
2022,28103,Noxubee County,28,Mississippi,10261,40.4,42298,19804,4745,2759,937,74.65,85000,582,34.9
2022,28105,Oktibbeha County,28,Mississippi,51388,25.4,42953,28221,25185,10052,11113,47.49,211200,880,40.8
2022,28107,Panola County,28,Mississippi,33157,39.4,47894,25822,14647,8788,3604,70.92,115800,830,31.9
2022,28109,Pearl River County,28,Mississippi,56351,40.8,54220,27549,24869,17007,4181,80.27,167700,909,29.2
2022,28111,Perry County,28,Mississippi,11511,42.3,48333,24935,5453,3573,889,80.08,126400,732,28.0
2022,28113,Pike County,28,Mississippi,40098,37.3,40131,23013,19014,9597,5148,65.09,115900,831,29.9
2022,28115,Pontotoc County,28,Mississippi,31202,35.7,54414,26359,13915,8391,3239,72.15,136700,820,25.1
2022,28117,Prentiss County,28,Mississippi,24945,38.0,51578,27979,11008,7213,2083,77.59,112200,656,24.2
2022,28119,Quitman County,28,Mississippi,6113,40.1,31192,18546,3065,1523,1133,57.34,65500,634,28.5
2022,28121,Rankin County,28,Mississippi,157185,38.9,76460,36605,63629,45381,13601,76.94,203300,1177,28.6
2022,28123,Scott County,28,Mississippi,27943,36.7,44968,23043,11377,7114,2582,73.37,81300,775,26.5
2022,28125,Sharkey County,28,Mississippi,3910,37.0,41000,22203,1705,796,578,57.93,88100,628,28.8
2022,28127,Simpson County,28,Mississippi,25889,40.4,50867,27920,11643,7769,1765,81.49,104600,793,31.5
2022,28129,Smith County,28,Mississippi,14310,42.8,51983,25394,6690,4746,704,87.08,120200,649,21.6
2022,28131,Stone County,28,Mississippi,18360,39.4,55894,25768,7536,5079,1438,77.93,164400,772,31.1
2022,28133,Sunflower County,28,Mississippi,25867,36.7,37403,18851,9426,4556,3580,56.00,103800,650,29.7
2022,28135,Tallahatchie County,28,Mississippi,12621,37.7,35428,20348,5486,2740,1561,63.71,83400,682,25.0
2022,28137,Tate County,28,Mississippi,28094,38.3,61286,28306,11397,7735,2761,73.69,163700,876,34.5
2022,28139,Tippah County,28,Mississippi,21769,39.6,47968,27762,9891,5879,2212,72.66,117100,703,26.6
2022,28141,Tishomingo County,28,Mississippi,18837,43.6,45545,26896,10522,6230,2233,73.61,123100,677,31.6
2022,28143,Tunica County,28,Mississippi,9787,33.2,41676,20086,4637,1571,2024,43.70,150800,901,29.6
2022,28145,Union County,28,Mississippi,27880,38.6,55970,27373,12132,7626,2601,74.57,144900,855,23.0
2022,28147,Walthall County,28,Mississippi,13888,40.0,37145,25673,6882,4339,951,82.02,113800,708,22.5
2022,28149,Warren County,28,Mississippi,44341,39.9,54117,31701,21533,12074,4749,71.77,142100,874,29.2
2022,28151,Washington County,28,Mississippi,44604,37.9,38394,23190,20927,9986,7304,57.76,93000,756,32.7
2022,28153,Wayne County,28,Mississippi,19760,38.8,34875,24479,9086,6468,942,87.29,89100,771,40.8
2022,28155,Webster County,28,Mississippi,9942,40.1,55657,27836,5064,3166,899,77.88,107700,626,31.7
2022,28157,Wilkinson County,28,Mississippi,8531,38.9,34928,22479,4600,2680,584,82.11,78500,497,19.1
2022,28159,Winston County,28,Mississippi,17741,41.9,45516,27743,8228,5096,2035,71.46,110100,622,28.9
2022,28161,Yalobusha County,28,Mississippi,12499,41.8,47006,24719,6437,3557,1549,69.66,94100,683,22.4
2022,28163,Yazoo County,28,Mississippi,27467,36.8,41867,19836,10418,5057,3750,57.42,117800,829,32.6
2022,29001,Adair County,29,Missouri,25299,29.0,51020,28976,11354,5483,3381,61.86,146700,758,29.5
2022,29003,Andrew County,29,Missouri,18069,41.5,68774,33722,7532,5383,1482,78.41,175300,872,24.9
2022,29005,Atchison County,29,Missouri,5270,48.1,58521,32549,2746,1693,658,72.01,96100,608,18.2
2022,29007,Audrain County,29,Missouri,24873,40.4,51745,27133,10563,6459,2509,72.02,112300,707,27.0
2022,29009,Barry County,29,Missouri,34701,43.2,55592,30932,17030,9820,3595,73.20,159000,710,27.1
2022,29011,Barton County,29,Missouri,11683,40.7,48105,25637,5311,3144,1333,70.23,115600,681,34.0
2022,29013,Bates County,29,Missouri,16101,40.7,54122,27333,7225,4335,1594,73.12,151300,736,28.1
2022,29015,Benton County,29,Missouri,19616,54.1,50229,31484,13591,6732,1414,82.64,154700,825,30.7
2022,29017,Bollinger County,29,Missouri,10658,44.7,52306,24647,5079,3052,739,80.51,123500,752,24.5
2022,29019,Boone County,29,Missouri,184043,31.8,66564,37393,80187,42753,31516,57.57,237600,994,30.3
2022,29021,Buchanan County,29,Missouri,84544,38.6,58303,31886,38368,21148,12215,63.39,149600,856,28.7
2022,29023,Butler County,29,Missouri,42280,40.7,47245,25242,19336,10636,5633,65.38,132600,729,29.9
2022,29025,Caldwell County,29,Missouri,8876,42.7,58269,29673,4260,2784,696,80.00,143300,632,23.0
2022,29027,Callaway County,29,Missouri,44517,39.6,70599,31874,18573,12352,3629,77.29,184300,807,22.0
2022,29029,Camden County,29,Missouri,43227,52.6,59834,35927,39729,13508,2986,81.90,248700,799,25.2
2022,29031,Cape Girardeau County,29,Missouri,81703,36.9,65070,32619,35506,21205,10373,67.15,194200,854,28.9
2022,29033,Carroll County,29,Missouri,8513,43.7,59101,30403,4381,2394,973,71.10,105500,754,25.7
2022,29035,Carter County,29,Missouri,5299,42.0,45737,27150,2705,1335,590,69.35,181100,625,31.6
2022,29037,Cass County,29,Missouri,108205,39.9,82473,38766,44013,31622,9902,76.15,242300,1097,26.8
2022,29039,Cedar County,29,Missouri,14314,44.8,43589,27243,6953,4028,1448,73.56,152700,759,27.4
2022,29041,Chariton County,29,Missouri,7417,45.7,61910,28616,3819,2116,475,81.67,121000,525,21.8
2022,29043,Christian County,29,Missouri,89568,39.1,75787,35587,35348,25368,8043,75.93,229200,937,26.7
2022,29045,Clark County,29,Missouri,6693,42.8,53362,26417,3237,1804,496,78.43,124600,580,24.5
2022,29047,Clay County,29,Missouri,253085,37.5,82264,40278,105571,67850,31651,68.19,237200,1133,27.4
2022,29049,Clinton County,29,Missouri,21155,40.9,66494,31924,8955,6111,1936,75.94,187200,938,23.7
2022,29051,Cole County,29,Missouri,76890,39.6,70667,35519,33304,20279,9872,67.26,198900,783,23.2
2022,29053,Cooper County,29,Missouri,16893,38.8,62239,27471,7305,4708,1417,76.87,168200,724,25.5
2022,29055,Crawford County,29,Missouri,23023,42.3,52367,29581,11435,6794,2491,73.17,156500,784,25.0
2022,29057,Dade County,29,Missouri,7598,46.5,46806,28731,3792,2304,716,76.29,137400,641,25.5
2022,29059,Dallas County,29,Missouri,17158,41.7,46547,24646,7597,4994,1610,75.62,139400,635,30.3
2022,29061,Daviess County,29,Missouri,8418,40.4,59706,29497,4125,2353,663,78.02,133400,689,24.8
2022,29063,DeKalb County,29,Missouri,11838,41.7,67910,25591,4255,2595,1120,69.85,160300,745,21.4
2022,29065,Dent County,29,Missouri,14509,43.7,51410,27342,6849,4360,1465,74.85,123300,648,28.8
2022,29067,Douglas County,29,Missouri,11803,47.0,47848,27762,5419,3752,864,81.28,148900,704,29.6
2022,29069,Dunklin County,29,Missouri,28174,39.4,44868,26123,13492,6959,4175,62.50,93300,629,28.3
2022,29071,Franklin County,29,Missouri,104858,40.9,70111,35679,45420,32206,9306,77.58,201700,831,25.5
2022,29073,Gasconade County,29,Missouri,14801,46.3,62638,34414,7615,4818,1152,80.70,159100,661,22.4
2022,29075,Gentry County,29,Missouri,6219,40.2,53799,28968,2934,1775,572,75.63,115400,595,18.9
2022,29077,Greene County,29,Missouri,299188,36.3,54968,33275,136889,74398,56711,56.75,182800,895,29.6
2022,29079,Grundy County,29,Missouri,9878,40.2,51045,27809,4848,2598,1208,68.26,111300,676,25.1
2022,29081,Harrison County,29,Missouri,8190,42.2,51809,24530,4041,2150,863,71.36,95900,638,28.3
2022,29083,Henry County,29,Missouri,22064,44.2,54903,31801,10704,6669,2572,72.17,153600,732,30.2
2022,29085,Hickory County,29,Missouri,8452,55.7,33302,21476,5547,2889,615,82.45,108900,692,35.6
2022,29087,Holt County,29,Missouri,4274,47.8,55153,33121,2440,1371,373,78.61,115500,658,18.2
2022,29089,Howard County,29,Missouri,10142,38.3,59023,27474,4387,2737,613,81.70,140900,823,30.2
2022,29091,Howell County,29,Missouri,39960,40.7,46401,24389,18081,10624,4809,68.84,141600,686,28.6
2022,29093,Iron County,29,Missouri,9538,45.1,53401,26798,4730,2984,837,78.09,109400,662,35.5
2022,29095,Jackson County,29,Missouri,715526,37.0,65169,36890,330584,174963,123945,58.53,196900,1096,29.4
2022,29097,Jasper County,29,Missouri,122788,36.6,54963,28371,53018,30014,17467,63.21,147500,878,29.4
2022,29099,Jefferson County,29,Missouri,226984,39.9,77217,36184,92590,69779,16676,80.71,202500,957,25.8
2022,29101,Johnson County,29,Missouri,54025,31.0,62503,30639,22605,13015,7598,63.14,206600,912,28.0
2022,29103,Knox County,29,Missouri,3772,41.9,49167,22902,1952,981,173,85.01,89000,639,21.5
2022,29105,Laclede County,29,Missouri,36060,39.5,49202,27790,15935,10061,4284,70.14,151800,791,24.3
2022,29107,Lafayette County,29,Missouri,32858,41.4,78397,34166,14151,9194,2971,75.58,187000,834,24.0
2022,29109,Lawrence County,29,Missouri,38231,38.7,52225,26407,16267,10358,4271,70.80,145800,783,27.1
2022,29111,Lewis County,29,Missouri,9987,39.1,49779,24407,4334,2551,778,76.63,104500,606,23.9
2022,29113,Lincoln County,29,Missouri,60172,37.1,82543,33925,23363,17382,4579,79.15,206800,958,24.5
2022,29115,Linn County,29,Missouri,11892,42.0,58435,32065,6011,3672,1101,76.93,107600,648,21.1
2022,29117,Livingston County,29,Missouri,14402,39.2,58772,31495,6394,3799,1664,69.54,139700,755,19.3
2022,29119,McDonald County,29,Missouri,23381,38.2,46494,23210,9782,5598,2801,66.65,117200,737,26.0
2022,29121,Macon County,29,Missouri,15173,43.0,54113,27227,7442,4496,1352,76.88,115900,699,25.2
2022,29123,Madison County,29,Missouri,12649,41.4,54042,31299,5854,3630,1003,78.35,127300,825,27.2
2022,29125,Maries County,29,Missouri,8454,45.2,56491,30095,4290,2689,913,74.65,197400,583,21.9
2022,29127,Marion County,29,Missouri,28525,39.0,62492,30455,12874,7779,3516,68.87,150900,757,24.6
2022,29129,Mercer County,29,Missouri,3517,41.7,55592,26850,1929,994,259,79.33,104800,496,18.5
2022,29131,Miller County,29,Missouri,24855,41.1,53490,29347,12501,7619,2497,75.32,164900,726,23.8
2022,29133,Mississippi County,29,Missouri,12305,42.1,40833,21070,5303,2763,1849,59.91,92600,686,31.1
2022,29135,Moniteau County,29,Missouri,15401,37.6,66792,28546,6178,4369,1322,76.77,162100,747,25.1
2022,29137,Monroe County,29,Missouri,8668,45.8,50245,28787,4493,2598,827,75.85,136600,693,21.8
2022,29139,Montgomery County,29,Missouri,11421,43.8,58660,29570,5798,3452,1192,74.33,162200,769,24.1
2022,29141,Morgan County,29,Missouri,21169,46.0,48841,27836,15171,6242,1578,79.82,174500,687,26.7
2022,29143,New Madrid County,29,Missouri,16341,41.8,44092,26357,7919,4389,2380,64.84,93400,708,27.3
2022,29145,Newton County,29,Missouri,59019,40.2,60313,32893,24636,16342,5649,74.31,162900,781,24.8
2022,29147,Nodaway County,29,Missouri,21140,33.5,53917,28136,9465,5239,3022,63.42,157200,739,28.3
2022,29149,Oregon County,29,Missouri,8783,44.7,41365,21405,4380,2399,984,70.91,115700,789,31.9
2022,29151,Osage County,29,Missouri,13374,41.4,70313,38553,6503,4342,878,83.18,183000,592,24.5
2022,29153,Ozark County,29,Missouri,8688,52.6,39125,26638,5059,2895,759,79.23,142600,636,25.5
2022,29155,Pemiscot County,29,Missouri,15555,39.2,37426,24295,7542,3530,2745,56.25,94900,722,34.2
2022,29157,Perry County,29,Missouri,18970,41.4,61486,30731,8491,5693,1636,77.68,179900,877,32.5
2022,29159,Pettis County,29,Missouri,43059,38.0,57581,30991,18562,11684,5012,69.98,150000,838,27.5
2022,29161,Phelps County,29,Missouri,44843,36.0,53242,28335,20194,10657,7073,60.11,174100,770,32.4
2022,29163,Pike County,29,Missouri,17719,39.9,53363,26206,7623,4648,1659,73.70,114100,724,25.4
2022,29165,Platte County,29,Missouri,107033,38.7,92543,47440,45378,28301,14305,66.42,288100,1210,24.6
2022,29167,Polk County,29,Missouri,31877,38.9,54487,26804,13410,8461,3342,71.69,171700,752,29.4
2022,29169,Pulaski County,29,Missouri,53726,27.7,62541,27098,19325,8954,6699,57.20,177400,1032,24.2
2022,29171,Putnam County,29,Missouri,4698,46.1,50950,33176,2845,1437,331,81.28,99600,609,26.9
2022,29173,Ralls County,29,Missouri,10356,45.5,62615,29625,5050,3491,523,86.97,144300,777,23.9
2022,29175,Randolph County,29,Missouri,24652,39.8,51480,25496,10801,6209,2892,68.22,131200,735,29.0
2022,29177,Ray County,29,Missouri,23122,42.0,69779,35601,9878,6889,1884,78.53,169200,840,24.1
2022,29179,Reynolds County,29,Missouri,6102,46.2,43856,25204,3498,1856,453,80.38,105300,643,23.7
2022,29181,Ripley County,29,Missouri,10839,41.1,42541,22076,5236,3135,801,79.65,103700,699,28.2
2022,29183,St. Charles County,29,Missouri,406262,39.4,99596,47746,161979,126256,30125,80.74,278300,1209,25.0
2022,29185,St. Clair County,29,Missouri,9330,48.2,43483,24845,5309,3023,932,76.43,126500,572,27.0
2022,29186,Ste. Genevieve County,29,Missouri,18494,44.0,61215,33060,8319,5790,1331,81.31,197600,744,24.9
2022,29187,St. Francois County,29,Missouri,66814,39.4,53083,25304,28780,16575,7398,69.14,141700,748,26.4
2022,29189,St. Louis County,29,Missouri,999703,40.2,78067,49009,444860,283007,130240,68.48,249400,1119,28.7
2022,29195,Saline County,29,Missouri,23219,35.5,55396,26704,9872,5655,2153,72.43,129600,718,30.0
2022,29197,Schuyler County,29,Missouri,4066,39.4,53728,22625,1900,937,327,74.13,106200,414,20.1
2022,29199,Scotland County,29,Missouri,4720,36.0,58656,27808,2219,1224,303,80.16,136500,471,28.1
2022,29201,Scott County,29,Missouri,38055,39.4,54621,29687,16803,10399,4761,68.59,132800,798,27.9
2022,29203,Shannon County,29,Missouri,7132,46.9,46767,23661,3542,2250,503,81.73,141600,556,26.8
2022,29205,Shelby County,29,Missouri,6049,42.9,50387,27547,2966,1742,620,73.75,85900,630,22.8
2022,29207,Stoddard County,29,Missouri,28656,41.3,51703,26614,13416,8173,3299,71.24,123000,712,25.1
2022,29209,Stone County,29,Missouri,31314,54.6,58392,31865,20102,10793,1933,84.81,220400,867,24.8
2022,29211,Sullivan County,29,Missouri,5983,43.9,53438,25882,3057,1478,513,74.23,91400,719,18.0
2022,29213,Taney County,29,Missouri,56202,42.3,54467,28267,29643,14401,7194,66.69,175100,873,27.8
2022,29215,Texas County,29,Missouri,24828,42.6,42870,23621,11042,7121,2214,76.28,120800,631,28.1
2022,29217,Vernon County,29,Missouri,19777,41.8,53318,26515,8965,5526,2250,71.06,127800,706,24.4
2022,29219,Warren County,29,Missouri,35729,41.3,75531,34909,15530,10502,2565,80.37,227000,956,30.4
2022,29221,Washington County,29,Missouri,23580,39.8,49364,28191,10740,7097,1935,78.58,112300,694,30.6
2022,29223,Wayne County,29,Missouri,11081,49.2,42758,23041,6215,3337,1153,74.32,110000,626,25.9
2022,29225,Webster County,29,Missouri,39265,36.8,65103,27611,15290,10512,3205,76.63,185100,713,21.0
2022,29227,Worth County,29,Missouri,1982,48.7,43536,30800,1120,618,155,79.95,88100,355,19.9
2022,29229,Wright County,29,Missouri,18475,41.1,43573,22602,8374,5284,1541,77.42,141600,593,29.7
2022,29510,St. Louis city,29,Missouri,298018,36.5,52941,36722,173792,64173,78886,44.86,174100,938,28.5
2022,30001,Beaverhead County,30,Montana,9469,42.3,55867,34640,4964,2728,1379,66.42,278300,839,30.6
2022,30003,Big Horn County,30,Montana,13090,31.6,52463,21849,4531,2412,1210,66.59,159700,707,19.9
2022,30005,Blaine County,30,Montana,7030,33.6,58507,24353,2825,1426,845,62.79,119400,597,17.8
2022,30007,Broadwater County,30,Montana,6977,47.4,61679,34956,3137,2385,487,83.04,335700,846,26.6
2022,30009,Carbon County,30,Montana,10645,50.7,66780,40838,6399,3432,1218,73.81,355600,900,29.1
2022,30011,Carter County,30,Montana,1332,56.8,46486,28824,784,380,218,63.55,140900,754,31.5
2022,30013,Cascade County,30,Montana,84423,37.9,61351,34481,39022,23517,11060,68.01,227600,866,27.3
2022,30015,Chouteau County,30,Montana,5897,42.4,51791,28980,2847,1495,689,68.45,172000,428,17.8
2022,30017,Custer County,30,Montana,11957,42.8,61114,34830,5770,3362,1634,67.29,201000,872,24.6
2022,30019,Daniels County,30,Montana,1535,52.4,47378,33757,1129,576,138,80.67,162300,530,19.9
2022,30021,Dawson County,30,Montana,8915,42.8,68168,37705,4381,2722,1048,72.20,197100,791,22.3
2022,30023,Deer Lodge County,30,Montana,9435,49.6,46436,30185,5485,2858,1478,65.91,175700,650,30.6
2022,30025,Fallon County,30,Montana,2941,37.2,79750,42516,1457,839,325,72.08,231300,812,14.8
2022,30027,Fergus County,30,Montana,11496,46.7,58321,34932,6009,3492,1694,67.34,175800,815,23.5
2022,30029,Flathead County,30,Montana,105950,42.3,68025,37984,50252,31328,10826,74.32,414200,1029,30.8
2022,30031,Gallatin County,30,Montana,119685,33.5,83434,47269,53605,29372,18502,61.35,526700,1405,28.4
2022,30033,Garfield County,30,Montana,976,42.0,61786,33745,752,286,126,69.42,164900,635,28.3
2022,30035,Glacier County,30,Montana,13781,34.2,41078,21438,5342,2655,1520,63.59,139400,599,22.8
2022,30037,Golden Valley County,30,Montana,841,54.9,54792,31204,472,304,51,85.63,138900,725,15.0
2022,30039,Granite County,30,Montana,3368,54.7,53917,33776,2615,1028,315,76.55,283300,735,24.1
2022,30041,Hill County,30,Montana,16238,33.4,58427,27996,7236,4098,2120,65.91,183300,729,25.9
2022,30043,Jefferson County,30,Montana,12273,47.4,73875,39963,5359,3890,791,83.10,354700,869,21.0
2022,30045,Judith Basin County,30,Montana,2039,50.2,58750,36713,1291,690,208,76.84,206000,443,18.2
2022,30047,Lake County,30,Montana,31509,43.7,58009,31177,16436,8669,3381,71.94,337700,851,27.6
2022,30049,Lewis and Clark County,30,Montana,71487,41.2,71967,41274,33589,21354,8927,70.52,332000,1006,26.5
2022,30051,Liberty County,30,Montana,1993,36.9,48047,34682,877,445,268,62.41,118300,670,37.0
2022,30053,Lincoln County,30,Montana,20157,52.5,44593,29387,10993,6731,2151,75.78,233400,769,27.3
2022,30055,McCone County,30,Montana,1746,54.0,79022,39284,1093,697,85,89.13,186700,474,12.8
2022,30057,Madison County,30,Montana,8742,54.3,61226,40358,6424,2762,797,77.61,375200,1101,25.7
2022,30059,Meagher County,30,Montana,1948,57.6,55753,37498,1421,712,122,85.37,205900,848,22.1
2022,30061,Mineral County,30,Montana,4652,50.3,56098,32940,2565,1668,410,80.27,274700,761,22.4
2022,30063,Missoula County,30,Montana,118541,36.7,66840,40311,55084,29672,20774,58.82,382400,1068,28.9
2022,30065,Musselshell County,30,Montana,4924,52.0,54875,32506,2677,1727,410,80.81,222200,1035,22.2
2022,30067,Park County,30,Montana,17320,46.2,67602,44273,9564,5658,2397,70.24,399900,896,26.8
2022,30069,Petroleum County,30,Montana,416,49.6,57981,32590,292,133,56,70.37,152600,713,25.3
2022,30071,Phillips County,30,Montana,4233,45.9,61250,32450,2239,1400,349,80.05,178100,523,20.8
2022,30073,Pondera County,30,Montana,5987,41.6,59861,30424,2751,1436,717,66.70,172000,785,23.0
2022,30075,Powder River County,30,Montana,1773,49.9,60313,38588,1015,588,158,78.82,167500,680,17.8
2022,30077,Powell County,30,Montana,6998,45.5,60994,29675,2930,1606,692,69.89,226600,752,23.6
2022,30079,Prairie County,30,Montana,1283,47.2,44107,28287,650,364,121,75.05,140600,866,26.1
2022,30081,Ravalli County,30,Montana,44876,49.0,67424,38555,21007,14591,4256,77.42,378400,935,27.8
2022,30083,Richland County,30,Montana,11366,38.3,67515,34169,5559,3132,1397,69.15,245900,797,22.2
2022,30085,Roosevelt County,30,Montana,10799,30.4,51038,20564,4076,2002,1048,65.64,112800,650,18.8
2022,30087,Rosebud County,30,Montana,8310,36.4,57656,27655,3807,1958,1085,64.34,159900,641,16.4
2022,30089,Sanders County,30,Montana,12615,54.7,47110,29707,6813,4233,1192,78.03,285300,731,39.7
2022,30091,Sheridan County,30,Montana,3700,43.8,67457,42653,2051,1112,327,77.28,121800,789,24.7
2022,30093,Silver Bow County,30,Montana,35306,40.3,56297,35047,17303,10578,4502,70.15,195800,793,28.5
2022,30095,Stillwater County,30,Montana,8978,48.0,78380,45245,4657,3182,619,83.71,316200,855,26.3
2022,30097,Sweet Grass County,30,Montana,3697,43.6,64872,35495,1870,1103,343,76.28,271100,876,22.8
2022,30099,Teton County,30,Montana,6238,42.4,65224,30874,2938,1873,591,76.01,217200,890,31.5
2022,30101,Toole County,30,Montana,5018,40.4,54040,28621,2329,1165,630,64.90,166200,741,22.1
2022,30103,Treasure County,30,Montana,680,54.3,70096,37349,456,227,106,68.17,210700,950,26.1
2022,30105,Valley County,30,Montana,7552,43.2,59725,30941,4274,2145,688,75.71,183200,675,24.3
2022,30107,Wheatland County,30,Montana,2060,49.1,48272,28410,1175,677,198,77.37,163200,685,13.3
2022,30109,Wibaux County,30,Montana,1119,46.4,58750,31089,599,347,119,74.46,101800,964,14.1
2022,30111,Yellowstone County,30,Montana,165524,38.4,72300,40978,72252,47210,20687,69.53,289300,1055,28.8
2022,31001,Adams County,31,Nebraska,31143,38.0,61502,34688,13804,8691,4026,68.34,166300,812,27.4
2022,31003,Antelope County,31,Nebraska,6302,42.5,61924,32172,3142,1962,645,75.26,104500,732,21.5
2022,31005,Arthur County,31,Nebraska,485,44.1,66667,31210,234,132,46,74.16,164300,933,38.3
2022,31007,Banner County,31,Nebraska,670,54.1,62375,38474,359,173,76,69.48,174200,1042,22.5
2022,31009,Blaine County,31,Nebraska,384,57.7,52083,40093,294,156,45,77.61,85700,788,21.3
2022,31011,Boone County,31,Nebraska,5397,43.6,66800,36583,2559,1807,433,80.67,165400,687,18.1
2022,31013,Box Butte County,31,Nebraska,10778,40.9,67893,32141,5226,3340,1233,73.04,161600,748,18.6
2022,31015,Boyd County,31,Nebraska,1767,55.6,57120,35198,1210,669,138,82.90,95200,656,27.5
2022,31017,Brown County,31,Nebraska,2691,46.9,44267,31772,1656,915,302,75.18,89700,926,27.8
2022,31019,Buffalo County,31,Nebraska,50103,34.2,70093,36327,21019,12955,6589,66.29,218600,885,26.3
2022,31021,Burt County,31,Nebraska,6717,44.9,54950,33457,3340,2148,642,76.99,123100,666,26.8
2022,31023,Butler County,31,Nebraska,8373,43.0,75690,39639,4032,2843,665,81.04,150400,740,22.8
2022,31025,Cass County,31,Nebraska,26749,40.8,87673,40941,11693,8557,1782,82.76,234300,970,28.7
2022,31027,Cedar County,31,Nebraska,8375,41.7,72035,35820,3915,2670,684,79.61,160700,681,20.1
2022,31029,Chase County,31,Nebraska,3704,43.2,57313,34477,1876,1094,384,74.02,176900,748,21.7
2022,31031,Cherry County,31,Nebraska,5473,41.5,62373,31424,2998,1213,897,57.49,137300,832,26.7
2022,31033,Cheyenne County,31,Nebraska,9489,41.4,54038,30467,4892,2800,1511,64.95,117300,857,26.5
2022,31035,Clay County,31,Nebraska,6088,39.5,73933,36425,2834,1990,485,80.40,129600,668,25.2
2022,31037,Colfax County,31,Nebraska,10563,36.4,71205,29436,3996,2831,785,78.29,103400,907,18.6
2022,31039,Cuming County,31,Nebraska,9000,41.8,68917,34825,4133,2636,1075,71.03,160000,782,21.3
2022,31041,Custer County,31,Nebraska,10566,42.1,62288,35562,5341,3160,1383,69.56,133400,765,25.0
2022,31043,Dakota County,31,Nebraska,21308,31.7,66112,29584,7767,4670,2511,65.03,158700,959,26.1
2022,31045,Dawes County,31,Nebraska,8279,35.3,53760,27256,4024,2202,1282,63.20,142100,887,28.5
2022,31047,Dawson County,31,Nebraska,24037,35.9,67462,34648,9856,5908,2902,67.06,136900,857,22.3
2022,31049,Deuel County,31,Nebraska,1858,51.0,58875,38667,1058,715,146,83.04,91900,778,22.3
2022,31051,Dixon County,31,Nebraska,5579,41.4,60568,36911,2518,1665,550,75.17,123500,676,26.3
2022,31053,Dodge County,31,Nebraska,37175,39.4,66793,33674,16348,9613,5011,65.73,168900,890,25.4
2022,31055,Douglas County,31,Nebraska,582638,35.3,76083,42802,245839,143139,88330,61.84,227400,1109,29.1
2022,31057,Dundy County,31,Nebraska,1825,42.4,58977,36436,999,614,174,77.92,109900,503,27.2
2022,31059,Fillmore County,31,Nebraska,5557,46.4,72335,41909,2742,1921,462,80.61,122700,643,23.5
2022,31061,Franklin County,31,Nebraska,2901,49.8,55625,34650,1546,1047,208,83.43,95400,605,20.2
2022,31063,Frontier County,31,Nebraska,2491,43.3,62928,30189,1367,696,337,67.38,124500,614,23.3
2022,31065,Furnas County,31,Nebraska,4630,47.0,58895,32494,2531,1564,439,78.08,85600,870,23.2
2022,31067,Gage County,31,Nebraska,21654,42.9,60035,33435,10364,6469,2685,70.67,155600,725,27.7
2022,31069,Garden County,31,Nebraska,1778,47.3,47139,28787,1139,660,169,79.61,91700,733,22.4
2022,31071,Garfield County,31,Nebraska,1833,46.5,64957,31710,1006,600,175,77.42,123500,680,23.6
2022,31073,Gosper County,31,Nebraska,1873,48.9,76583,38057,1193,621,130,82.69,192100,789,17.8
2022,31075,Grant County,31,Nebraska,649,40.2,65139,32905,396,196,85,69.75,104200,917,17.1
2022,31077,Greeley County,31,Nebraska,2212,43.6,52813,28736,1198,748,159,82.47,85300,603,21.3
2022,31079,Hall County,31,Nebraska,62575,36.0,63553,32671,25256,14948,9078,62.22,190800,886,27.4
2022,31081,Hamilton County,31,Nebraska,9400,41.3,73254,34813,4105,2897,680,80.99,201200,822,24.3
2022,31083,Harlan County,31,Nebraska,3094,47.5,64583,38129,1923,1013,208,82.96,135800,689,17.5
2022,31085,Hayes County,31,Nebraska,919,48.9,59405,35135,484,266,108,71.12,104800,488,13.9
2022,31087,Hitchcock County,31,Nebraska,2620,43.3,49456,30595,1580,856,253,77.19,85500,734,24.8
2022,31089,Holt County,31,Nebraska,10149,42.3,66325,34952,4903,2883,1113,72.15,148900,741,20.7
2022,31091,Hooker County,31,Nebraska,659,40.9,43333,29390,414,131,161,44.86,78300,589,14.8
2022,31093,Howard County,31,Nebraska,6476,42.6,70766,33509,2893,1925,619,75.67,181600,816,27.0
2022,31095,Jefferson County,31,Nebraska,7185,45.8,54494,30363,3683,2188,934,70.08,116700,681,26.5
2022,31097,Johnson County,31,Nebraska,5294,40.3,64352,28046,2088,1234,488,71.66,117300,777,24.3
2022,31099,Kearney County,31,Nebraska,6655,38.3,74276,37233,2970,2066,617,77.00,203200,784,20.5
2022,31101,Keith County,31,Nebraska,8303,49.1,59511,34905,5370,2797,984,73.98,158900,727,26.4
2022,31103,Keya Paha County,31,Nebraska,987,46.4,63977,33995,493,255,68,78.95,109000,830,17.7
2022,31105,Kimball County,31,Nebraska,3395,47.8,53151,31290,1807,1085,416,72.29,92500,807,31.0
2022,31107,Knox County,31,Nebraska,8415,43.9,61250,31269,4532,2482,787,75.93,112700,666,19.1
2022,31109,Lancaster County,31,Nebraska,322063,34.1,70387,38509,136167,77025,52844,59.31,239900,997,27.8
2022,31111,Lincoln County,31,Nebraska,34532,42.2,63019,33437,16573,9703,4782,66.99,167900,854,29.3
2022,31113,Logan County,31,Nebraska,839,44.8,69250,35645,371,258,49,84.04,123600,715,15.8
2022,31115,Loup County,31,Nebraska,629,43.4,50000,28251,434,185,87,68.01,116500,525,16.3
2022,31117,McPherson County,31,Nebraska,456,56.3,58250,32675,240,148,45,76.68,105300,636,17.8
2022,31119,Madison County,31,Nebraska,35538,36.8,61139,34690,15213,9328,4674,66.62,187100,800,24.9
2022,31121,Merrick County,31,Nebraska,7675,43.0,57873,31349,3567,2501,674,78.77,159300,707,27.0
2022,31123,Morrill County,31,Nebraska,4562,40.3,57325,29741,2281,1460,354,80.49,107700,725,29.3
2022,31125,Nance County,31,Nebraska,3366,44.0,60054,32568,1622,1081,226,82.71,108000,710,19.8
2022,31127,Nemaha County,31,Nebraska,7019,38.6,57196,36367,3312,1987,864,69.69,118300,657,25.5
2022,31129,Nuckolls County,31,Nebraska,4092,49.4,66000,39201,2228,1426,322,81.58,88500,614,17.5
2022,31131,Otoe County,31,Nebraska,15995,42.0,73031,36817,6971,4919,1489,76.76,172500,881,22.0
2022,31133,Pawnee County,31,Nebraska,2553,47.3,55833,29091,1418,883,187,82.52,74000,586,18.7
2022,31135,Perkins County,31,Nebraska,2860,41.5,61786,34696,1368,898,256,77.82,143300,756,23.5
2022,31137,Phelps County,31,Nebraska,8966,40.4,65114,38930,4163,2666,1139,70.07,161300,713,27.8
2022,31139,Pierce County,31,Nebraska,7301,40.2,65603,33513,3141,2245,631,78.06,167400,788,23.6
2022,31141,Platte County,31,Nebraska,34219,38.3,69943,35991,14085,9937,3355,74.76,195800,872,26.0
2022,31143,Polk County,31,Nebraska,5182,43.4,67695,34344,2537,1638,381,81.13,152700,636,19.8
2022,31145,Red Willow County,31,Nebraska,10690,41.5,58344,34401,5175,3075,1240,71.26,144700,785,26.9
2022,31147,Richardson County,31,Nebraska,7850,47.1,50321,32336,4099,2640,947,73.60,89500,700,21.5
2022,31149,Rock County,31,Nebraska,1312,43.5,57566,34660,829,446,131,77.30,87300,554,21.3
2022,31151,Saline County,31,Nebraska,14275,38.6,71104,32563,5734,3789,1348,73.76,155800,763,25.3
2022,31153,Sarpy County,31,Nebraska,191272,35.3,95911,43845,73715,49735,21407,69.91,263000,1203,26.7
2022,31155,Saunders County,31,Nebraska,22374,40.4,84474,41364,10032,7082,1707,80.58,220600,892,22.7
2022,31157,Scotts Bluff County,31,Nebraska,36048,39.2,60137,33158,16486,10258,4861,67.85,150600,876,28.5
2022,31159,Seward County,31,Nebraska,17644,37.5,79677,36054,7099,4785,1791,72.76,208700,916,24.2
2022,31161,Sheridan County,31,Nebraska,5102,45.8,53609,31699,2724,1462,639,69.59,96900,756,22.9
2022,31163,Sherman County,31,Nebraska,2970,49.1,60194,31023,1800,978,325,75.06,112500,808,21.0
2022,31165,Sioux County,31,Nebraska,1162,41.3,50833,26748,691,281,169,62.44,157800,754,17.5
2022,31167,Stanton County,31,Nebraska,5828,41.4,76035,36737,2478,1774,463,79.30,170900,829,20.0
2022,31169,Thayer County,31,Nebraska,5006,45.9,60305,32028,2520,1592,464,77.43,91600,719,16.7
2022,31171,Thomas County,31,Nebraska,592,46.7,70069,42187,370,207,99,67.65,140600,657,13.6
2022,31173,Thurston County,31,Nebraska,6716,28.1,63459,23785,2294,1214,779,60.91,90000,724,18.0
2022,31175,Valley County,31,Nebraska,4053,46.3,62321,34637,2112,1355,395,77.43,125800,526,17.8
2022,31177,Washington County,31,Nebraska,20884,41.6,89671,44206,8608,6666,1568,80.96,265800,926,27.4
2022,31179,Wayne County,31,Nebraska,9701,31.8,64951,29985,3956,2564,1167,68.72,176200,764,34.4
2022,31181,Webster County,31,Nebraska,3410,44.6,62571,34652,1783,1210,270,81.76,92800,604,23.2
2022,31183,Wheeler County,31,Nebraska,771,57.8,59167,35158,574,267,79,77.17,101400,500,14.6
2022,31185,York County,31,Nebraska,14212,39.5,72914,39507,6308,4167,1425,74.52,160500,842,20.1
2022,32001,Churchill County,32,Nevada,25409,39.7,69922,35869,10829,6419,3176,66.90,255200,1142,25.6
2022,32003,Clark County,32,Nevada,2265926,37.8,69911,36615,923275,467708,364659,56.19,368800,1406,32.5
2022,32005,Douglas County,32,Nevada,49476,53.5,84262,49115,24417,16113,4888,76.72,529600,1360,29.6
2022,32007,Elko County,32,Nevada,53600,34.9,87755,39001,21838,13012,6020,68.37,274200,1077,20.1
2022,32009,Esmeralda County,32,Nevada,980,55.0,40694,31776,732,251,234,51.75,95500,1312,51.0
2022,32011,Eureka County,32,Nevada,1622,48.4,73929,32187,997,433,137,75.96,177400,875,20.6
2022,32013,Humboldt County,32,Nevada,17266,37.0,75574,35979,7671,4900,2086,70.14,242200,927,23.5
2022,32015,Lander County,32,Nevada,5728,40.0,92388,41561,2802,1705,551,75.58,198000,869,26.8
2022,32017,Lincoln County,32,Nevada,4507,40.6,67412,32459,2292,1212,433,73.68,171800,739,25.6
2022,32019,Lyon County,32,Nevada,59435,43.2,70026,36330,24582,17790,5500,76.38,314200,1196,28.5
2022,32021,Mineral County,32,Nevada,4568,39.8,46625,26662,2403,1390,491,73.90,153400,868,21.9
2022,32023,Nye County,32,Nevada,51698,52.9,53602,30751,25017,16407,5440,75.10,235500,1004,28.7
2022,32027,Pershing County,32,Nevada,6587,40.4,66304,25896,2297,1377,509,73.01,164400,652,21.3
2022,32029,Storey County,32,Nevada,4095,55.7,86932,44539,1934,1641,51,96.99,297800,913,35.8
2022,32031,Washoe County,32,Nevada,486674,38.6,81531,44448,208480,112671,79749,58.55,460000,1401,29.9
2022,32033,White Pine County,32,Nevada,8997,41.4,71297,30668,4158,2481,882,73.77,197600,983,17.7
2022,32510,Carson City,32,Nevada,58249,42.1,67465,37677,24633,14450,8905,61.87,390800,1127,28.5
2022,33001,Belknap County,33,New Hampshire,63914,47.8,80719,43670,38478,20011,5945,77.10,295900,1153,28.3
2022,33003,Carroll County,33,New Hampshire,50679,53.8,77049,48199,39889,17650,3994,81.55,315800,1138,28.5
2022,33005,Cheshire County,33,New Hampshire,76610,43.5,76551,40196,35706,21422,8885,70.68,238800,1139,28.3
2022,33007,Coos County,33,New Hampshire,31430,49.7,55247,32570,20570,9962,3658,73.14,157900,825,28.8
2022,33009,Grafton County,33,New Hampshire,90836,44.1,79949,47080,51191,24776,10308,70.62,273100,1197,28.1
2022,33011,Hillsborough County,33,New Hampshire,422733,40.9,95112,49675,175630,111661,54683,67.13,356200,1444,29.3
2022,33013,Merrimack County,33,New Hampshire,153918,42.8,88806,44391,65744,44153,15698,73.77,297600,1199,28.0
2022,33015,Rockingham County,33,New Hampshire,315169,44.7,110225,56321,135585,98479,26985,78.49,424100,1518,28.8
2022,33017,Strafford County,33,New Hampshire,130965,37.7,83212,43338,55672,34187,16766,67.10,300200,1308,28.6
2022,33019,Sullivan County,33,New Hampshire,43356,47.0,70788,39087,21870,11644,4249,73.26,211400,1118,32.1
2022,34001,Atlantic County,34,New Jersey,274339,42.0,73113,39699,131786,72378,34262,67.87,254100,1268,34.2
2022,34003,Bergen County,34,New Jersey,953243,42.0,118714,60222,367059,228445,122398,65.11,561500,1782,29.4
2022,34005,Burlington County,34,New Jersey,461853,41.7,102615,51549,184859,132314,42140,75.84,304600,1575,29.9
2022,34007,Camden County,34,New Jersey,522581,38.7,82005,42398,212477,130036,68721,65.42,241300,1264,32.7
2022,34009,Cape May County,34,New Jersey,95456,50.9,83870,51344,99525,33950,9327,78.45,372300,1285,35.5
2022,34011,Cumberland County,34,New Jersey,153588,37.9,62310,32551,57143,34720,17864,66.03,192900,1202,35.9
2022,34013,Essex County,34,New Jersey,853374,37.6,73785,45946,334136,139811,173131,44.68,466500,1404,32.4
2022,34015,Gloucester County,34,New Jersey,302621,40.2,99668,45933,117041,87641,22355,79.68,265200,1435,31.2
2022,34017,Hudson County,34,New Jersey,712029,35.6,86854,51277,311964,93531,196523,32.25,486900,1722,28.0
2022,34019,Hunterdon County,34,New Jersey,129099,46.4,133534,68112,51684,41967,7709,84.48,478600,1627,28.7
2022,34021,Mercer County,34,New Jersey,383732,39.3,92697,50053,150035,87635,51914,62.80,327600,1454,30.4
2022,34023,Middlesex County,34,New Jersey,860147,39.1,105206,47196,314752,192805,109162,63.85,411900,1739,28.2
2022,34025,Monmouth County,34,New Jersey,643064,43.3,118527,62998,268751,187471,60646,75.56,519300,1683,31.4
2022,34027,Morris County,34,New Jersey,508816,42.7,130808,67555,197541,140016,49591,73.85,531800,1814,27.2
2022,34029,Ocean County,34,New Jersey,638691,41.8,82379,42497,293899,191328,48138,79.90,343500,1639,35.9
2022,34031,Passaic County,34,New Jersey,519986,37.8,84465,38932,184830,92827,84382,52.38,413500,1484,32.7
2022,34033,Salem County,34,New Jersey,64840,41.8,73378,37904,27739,17474,7270,70.62,208200,1165,34.0
2022,34035,Somerset County,34,New Jersey,344978,42.0,131948,67554,131989,96103,31463,75.34,489500,1846,28.8
2022,34037,Sussex County,34,New Jersey,144808,44.5,111094,54124,62709,47761,8587,84.76,322300,1501,31.0
2022,34039,Union County,34,New Jersey,572079,39.0,95000,49666,209928,115331,84665,57.67,458000,1570,30.8
2022,34041,Warren County,34,New Jersey,109739,44.0,92620,45517,46493,32287,12083,72.77,302300,1292,29.1
2022,35001,Bernalillo County,35,New Mexico,674692,38.6,62220,36996,299693,178141,102954,63.37,247300,1017,31.0
2022,35003,Catron County,35,New Mexico,3635,59.5,44777,26678,3205,1405,204,87.32,156400,847,17.5
2022,35005,Chaves County,35,New Mexico,64701,36.2,49673,26568,26727,15688,7592,67.39,133200,850,27.6
2022,35006,Cibola County,35,New Mexico,27211,38.0,49866,22394,11141,5773,2351,71.06,101900,753,25.3
2022,35007,Colfax County,35,New Mexico,12370,49.2,46286,28275,9554,3979,1570,71.71,138400,656,25.9
2022,35009,Curry County,35,New Mexico,48327,31.7,55427,28045,21155,10999,7536,59.34,151300,956,28.8
2022,35011,De Baca County,35,New Mexico,1695,28.5,34702,27710,1154,502,239,67.75,219200,688,37.8
2022,35013,Doña Ana County,35,New Mexico,219870,33.2,51232,26900,90294,52513,29456,64.06,187400,858,33.5
2022,35015,Eddy County,35,New Mexico,61264,35.7,77458,36274,26261,16667,6036,73.41,188400,1095,23.4
2022,35017,Grant County,35,New Mexico,28006,48.1,44895,29123,14625,8072,3220,71.48,153900,802,29.6
2022,35019,Guadalupe County,35,New Mexico,4413,43.0,38713,27526,2162,1013,282,78.22,116400,412,28.8
2022,35021,Harding County,35,New Mexico,671,42.2,39489,68690,457,163,80,67.08,95500,1018,9.0
2022,35023,Hidalgo County,35,New Mexico,4160,42.1,53651,25476,2215,1100,457,70.65,102500,668,30.9
2022,35025,Lea County,35,New Mexico,73103,32.2,65855,29635,27854,16679,7700,68.42,162000,1031,26.3
2022,35027,Lincoln County,35,New Mexico,20222,51.7,47919,31332,17698,7000,2031,77.51,195800,831,35.9
2022,35028,Los Alamos County,35,New Mexico,19253,41.2,135801,71527,8631,5929,2220,72.76,412700,1235,17.5
2022,35029,Luna County,35,New Mexico,25393,36.5,38241,20799,11514,5962,2989,66.61,100900,572,29.3
2022,35031,McKinley County,35,New Mexico,72073,33.6,44029,19188,25180,15034,5879,71.89,70200,806,23.3
2022,35033,Mora County,35,New Mexico,4208,59.4,40231,28356,3092,1887,204,90.24,105600,560,17.5
2022,35035,Otero County,35,New Mexico,67850,35.9,50833,26319,32244,15649,8183,65.66,139100,882,27.9
2022,35037,Quay County,35,New Mexico,8641,46.6,38998,25348,5491,2565,1192,68.27,76800,710,24.9
2022,35039,Rio Arriba County,35,New Mexico,40285,41.7,52031,27878,19616,11102,2974,78.87,212700,704,21.5
2022,35041,Roosevelt County,35,New Mexico,19142,31.3,52644,24954,8511,4183,2778,60.09,128100,795,27.2
2022,35043,Sandoval County,35,New Mexico,149460,40.8,76424,36603,58915,44502,10409,81.04,258100,1280,30.0
2022,35045,San Juan County,35,New Mexico,121798,36.8,50734,25008,48050,28878,12171,70.35,170700,894,27.9
2022,35047,San Miguel County,35,New Mexico,27215,45.0,43490,26314,14860,8297,3289,71.61,150400,727,32.2
2022,35049,Santa Fe County,35,New Mexico,154481,47.7,70522,45402,76714,48530,19336,71.51,374200,1252,30.2
2022,35051,Sierra County,35,New Mexico,11506,55.4,35256,26396,8115,3870,1415,73.23,138400,729,29.8
2022,35053,Socorro County,35,New Mexico,16453,39.6,40699,21792,7621,3712,1241,74.94,132700,702,32.4
2022,35055,Taos County,35,New Mexico,34475,49.8,55145,36361,20950,11060,2676,80.52,313400,982,30.9
2022,35057,Torrance County,35,New Mexico,15203,43.0,50727,24657,7230,4658,941,83.19,132600,731,25.7
2022,35059,Union County,35,New Mexico,4074,39.4,41714,20779,2091,952,511,65.07,126900,587,25.7
2022,35061,Valencia County,35,New Mexico,76613,38.8,56246,28817,30129,21715,4557,82.65,184400,873,29.6
2022,36001,Albany County,36,New York,315041,38.1,78829,44101,146137,74707,57468,56.52,263800,1196,28.0
2022,36003,Allegany County,36,New York,47222,38.9,58725,28506,23636,13584,3229,80.79,93200,735,28.6
2022,36005,Bronx County,36,New York,1443229,35.0,47036,25845,547816,104887,420500,19.96,501400,1401,35.2
2022,36007,Broome County,36,New York,198365,39.7,58317,33674,92596,52748,28591,64.85,139200,882,31.7
2022,36009,Cattaraugus County,36,New York,77000,42.5,56889,30286,40254,23220,8271,73.74,105100,745,28.0
2022,36011,Cayuga County,36,New York,76171,43.4,63227,35579,36701,21643,9267,70.02,158900,868,29.5
2022,36013,Chautauqua County,36,New York,127440,42.8,54625,30718,66350,36891,16514,69.08,110900,759,31.2
2022,36015,Chemung County,36,New York,83584,41.7,61358,34304,39035,23801,10978,68.43,128200,991,31.0
2022,36017,Chenango County,36,New York,47096,44.9,61741,32708,24384,15170,4716,76.28,121100,798,26.7
2022,36019,Clinton County,36,New York,79839,40.9,67097,34834,37309,22542,10109,69.04,165200,944,27.9
2022,36021,Columbia County,36,New York,61469,49.3,81741,49093,33292,18868,6432,74.58,283700,1114,30.5
2022,36023,Cortland County,36,New York,46755,36.3,65029,31594,20803,12213,6301,65.97,148200,884,28.3
2022,36025,Delaware County,36,New York,44637,48.9,58338,33332,30092,14490,4290,77.16,160400,785,28.1
2022,36027,Dutchess County,36,New York,296467,42.9,94578,49379,122129,78430,35542,68.82,348700,1425,31.3
2022,36029,Erie County,36,New York,951232,40.1,68014,39703,438630,264980,141567,65.18,197400,984,29.8
2022,36031,Essex County,36,New York,37314,49.2,68090,39049,25262,12129,3621,77.01,189500,875,29.4
2022,36033,Franklin County,36,New York,47459,41.9,60270,30411,25352,13423,5510,70.90,131600,788,27.7
2022,36035,Fulton County,36,New York,53280,44.2,60557,33282,28164,15265,6838,69.06,142000,855,28.3
2022,36037,Genesee County,36,New York,58204,42.7,68178,35053,26039,17919,6497,73.39,148600,866,27.9
2022,36039,Greene County,36,New York,48067,47.0,70294,38587,29007,13589,4314,75.90,229500,1013,29.0
2022,36041,Hamilton County,36,New York,5090,56.4,66891,37326,7920,1465,260,84.93,204900,902,24.8
2022,36043,Herkimer County,36,New York,60293,44.3,68104,34394,32445,18744,5920,76.00,130900,776,25.7
2022,36045,Jefferson County,36,New York,117445,32.8,62782,32775,61573,25123,20976,54.50,169600,1143,28.8
2022,36047,Kings County,36,New York,2679620,35.9,74692,43165,1079551,302505,695452,30.31,865300,1715,31.0
2022,36049,Lewis County,36,New York,26690,42.0,64401,31127,15501,8620,2052,80.77,146100,768,25.5
2022,36051,Livingston County,36,New York,61980,41.7,70443,35673,27150,18546,5525,77.05,159900,919,31.5
2022,36053,Madison County,36,New York,68020,42.5,68869,37666,30671,19606,5612,77.75,162800,867,27.3
2022,36055,Monroe County,36,New York,756406,39.3,71450,40937,336324,200332,114395,63.65,182700,1085,31.0
2022,36057,Montgomery County,36,New York,49624,40.6,58033,29961,22924,13001,5917,68.72,132300,867,31.2
2022,36059,Nassau County,36,New York,1389160,41.7,137709,60456,476982,372021,82750,81.80,633800,2131,32.8
2022,36061,New York County,36,New York,1645867,38.5,99880,89702,913058,187921,584680,24.32,1104000,2024,28.4
2022,36063,Niagara County,36,New York,212230,43.1,65882,36556,100182,64550,26432,70.95,163100,823,29.0
2022,36065,Oneida County,36,New York,231055,40.9,66402,35284,105054,63158,29786,67.95,157600,889,28.0
2022,36067,Onondaga County,36,New York,472637,39.4,71479,39371,211312,125899,66886,65.31,172800,1002,29.8
2022,36069,Ontario County,36,New York,112288,43.8,76603,43046,52636,34133,12947,72.50,192800,1061,27.9
2022,36071,Orange County,36,New York,401237,36.8,91806,40410,147158,91917,43223,68.02,337800,1494,33.4
2022,36073,Orleans County,36,New York,40148,43.2,61069,33054,18244,12348,3853,76.22,122200,840,27.0
2022,36075,Oswego County,36,New York,118037,40.3,65054,33904,54570,34694,12509,73.50,131800,899,30.4
2022,36077,Otsego County,36,New York,59678,40.8,65778,34573,29965,16534,5771,74.13,166500,927,27.0
2022,36079,Putnam County,36,New York,97942,44.1,120970,53105,38323,29299,5604,83.94,421800,1691,32.1
2022,36081,Queens County,36,New York,2360826,39.9,82431,39201,896825,369150,447709,45.19,677700,1847,31.3
2022,36083,Rensselaer County,36,New York,160943,40.0,83734,42728,74186,41507,24581,62.81,230800,1141,28.2
2022,36085,Richmond County,36,New York,492925,40.3,96185,43199,183524,116662,53338,68.62,637100,1602,32.1
2022,36087,Rockland County,36,New York,337326,35.3,106173,44212,108165,70035,32544,68.27,528900,1755,34.7
2022,36089,St. Lawrence County,36,New York,108670,38.8,58339,29827,51780,29521,11878,71.31,114700,788,29.3
2022,36091,Saratoga County,36,New York,236328,43.3,97038,51931,110095,70909,27500,72.06,306000,1305,25.6
2022,36093,Schenectady County,36,New York,159447,39.7,75056,39791,70843,40880,23084,63.91,204400,1092,29.9
2022,36095,Schoharie County,36,New York,29970,45.7,71479,37280,16517,9510,2773,77.42,169400,883,25.7
2022,36097,Schuyler County,36,New York,17855,47.3,61316,35062,9671,5724,1722,76.87,151100,808,26.7
2022,36099,Seneca County,36,New York,33651,43.0,64050,34212,16116,9882,3740,72.54,132000,871,28.8
2022,36101,Steuben County,36,New York,93584,42.8,62506,35282,47507,28480,10685,72.72,121000,832,27.1
2022,36103,Suffolk County,36,New York,1524486,41.7,122498,54127,578977,417769,92917,81.81,490800,2113,34.2
2022,36105,Sullivan County,36,New York,78725,41.9,67841,37854,49390,20660,9235,69.11,220200,996,29.2
2022,36107,Tioga County,36,New York,48344,44.7,70427,37691,21909,15821,4491,77.89,144200,894,29.2
2022,36109,Tompkins County,36,New York,102555,32.6,69995,40781,46728,23328,19656,54.27,264300,1320,35.9
2022,36111,Ulster County,36,New York,182153,44.2,77197,43168,85916,49975,22290,69.16,288400,1269,33.2
2022,36113,Warren County,36,New York,65684,46.7,74531,44183,40039,21036,8746,70.63,240600,1062,28.9
2022,36115,Washington County,36,New York,61310,44.6,68703,34233,29063,17916,6319,73.93,176900,964,28.0
2022,36117,Wayne County,36,New York,91324,43.6,71007,36834,42274,30116,7640,79.76,151900,877,28.9
2022,36119,Westchester County,36,New York,997904,41.3,114651,67776,389146,229004,138736,62.27,619000,1796,31.8
2022,36121,Wyoming County,36,New York,40338,42.9,65066,35228,18137,12457,3695,77.12,143000,787,26.7
2022,36123,Yates County,36,New York,24713,41.7,63974,32291,13113,6862,2020,77.26,159800,773,26.3
2022,37001,Alamance County,37,North Carolina,171779,39.1,60866,32105,74055,44487,22883,66.03,197700,959,28.4
2022,37003,Alexander County,37,North Carolina,36505,43.9,62764,30510,16035,11180,2581,81.24,169300,735,22.8
2022,37005,Alleghany County,37,North Carolina,10989,50.6,42115,32330,7726,3975,962,80.51,171800,708,28.7
2022,37007,Anson County,37,North Carolina,22200,41.1,42000,22854,9963,5572,2694,67.41,116300,818,28.3
2022,37009,Ashe County,37,North Carolina,26759,49.6,49176,29683,17026,9431,2392,79.77,199200,730,28.0
2022,37011,Avery County,37,North Carolina,17679,46.5,53513,30578,13915,5091,1390,78.55,215900,811,25.6
2022,37013,Beaufort County,37,North Carolina,44711,46.9,56081,32936,24299,13428,5544,70.78,159900,835,30.5
2022,37015,Bertie County,37,North Carolina,17818,45.9,41652,27311,9008,5233,1751,74.93,87500,823,30.5
2022,37017,Bladen County,37,North Carolina,29807,45.0,40476,26544,15348,7933,3453,69.67,115900,731,29.3
2022,37019,Brunswick County,37,North Carolina,139721,55.7,71193,42263,90454,51008,9907,83.74,284100,1187,29.7
2022,37021,Buncombe County,37,North Carolina,269449,42.3,66531,39495,130081,66276,36645,64.40,328900,1209,31.5
2022,37023,Burke County,37,North Carolina,87799,45.1,53732,30633,39773,26786,8409,76.11,155500,768,25.8
2022,37025,Cabarrus County,37,North Carolina,226396,37.6,83828,38690,88031,56113,20767,72.99,281600,1185,29.7
2022,37027,Caldwell County,37,North Carolina,80716,45.1,52362,29125,37125,23947,8173,74.55,158300,717,25.7
2022,37029,Camden County,37,North Carolina,10547,41.1,79120,34117,4170,3254,617,84.06,261000,1151,23.7
2022,37031,Carteret County,37,North Carolina,68353,49.9,66965,39817,51096,22174,8240,72.91,277400,1009,32.4
2022,37033,Caswell County,37,North Carolina,22747,46.4,56999,27503,10493,6426,2081,75.54,138600,678,30.2
2022,37035,Catawba County,37,North Carolina,161011,41.5,62070,34369,71047,45783,18659,71.05,194000,866,24.3
2022,37037,Chatham County,37,North Carolina,76754,47.6,84222,53291,34190,24849,6282,79.82,373300,995,27.6
2022,37039,Cherokee County,37,North Carolina,28868,52.9,49254,28752,18006,10369,2389,81.27,193500,819,30.6
2022,37041,Chowan County,37,North Carolina,13835,48.7,51188,32479,7162,4000,2216,64.35,181400,814,26.1
2022,37043,Clay County,37,North Carolina,11186,54.1,57065,34382,7320,3900,992,79.72,251900,793,30.3
2022,37045,Cleveland County,37,North Carolina,99527,41.4,50723,27522,43782,25481,11086,69.68,155000,794,30.1
2022,37047,Columbus County,37,North Carolina,50827,41.8,43206,24236,23641,13577,5608,70.77,119800,738,31.4
2022,37049,Craven County,37,North Carolina,101098,38.5,61676,33963,47051,27848,13156,67.92,194100,1056,28.5
2022,37051,Cumberland County,37,North Carolina,335207,31.7,55551,29681,142702,66720,60025,52.64,166600,1098,30.8
2022,37053,Currituck County,37,North Carolina,28616,42.5,82793,40352,16219,9720,1388,87.50,314100,1217,34.9
2022,37055,Dare County,37,North Carolina,37160,48.1,79742,45669,34493,12513,3568,77.81,386600,1259,31.8
2022,37057,Davidson County,37,North Carolina,169498,42.6,58473,31024,74958,49105,18579,72.55,184300,822,28.6
2022,37059,Davie County,37,North Carolina,43030,45.2,69105,36570,18845,13556,2912,82.32,219400,838,27.7
2022,37061,Duplin County,37,North Carolina,49312,40.6,49376,25428,23865,14077,6212,69.38,112400,765,27.7
2022,37063,Durham County,37,North Carolina,325101,35.8,74927,43945,145518,75033,60436,55.39,311300,1301,28.6
2022,37065,Edgecombe County,37,North Carolina,49067,41.6,46370,25813,23229,11978,7372,61.90,106200,779,27.9
2022,37067,Forsyth County,37,North Carolina,383739,38.4,61229,35600,171040,94800,58296,61.92,205700,969,28.7
2022,37069,Franklin County,37,North Carolina,69680,41.0,70493,33313,29764,20441,6032,77.21,209500,971,28.4
2022,37071,Gaston County,37,North Carolina,228972,39.9,62628,33806,98616,60619,29808,67.04,206700,1005,28.9
2022,37073,Gates County,37,North Carolina,10509,47.3,55750,28091,4819,3301,843,79.66,153000,921,19.5
2022,37075,Graham County,37,North Carolina,8047,45.3,46010,25835,5272,2541,638,79.93,134000,580,24.6
2022,37077,Granville County,37,North Carolina,61161,42.5,68079,31604,24344,16449,5056,76.49,208600,937,28.9
2022,37079,Greene County,37,North Carolina,20407,40.0,50320,21972,7889,4555,2238,67.05,108300,826,29.4
2022,37081,Guilford County,37,North Carolina,539557,37.2,62880,36563,233332,126702,86123,59.53,215700,1049,30.0
2022,37083,Halifax County,37,North Carolina,48772,43.6,41629,25504,24847,12788,7351,63.50,98700,760,32.3
2022,37085,Harnett County,37,North Carolina,134718,35.2,64992,29678,53252,32728,15142,68.37,195900,1022,26.9
2022,37087,Haywood County,37,North Carolina,62152,47.7,56596,34609,35051,19807,6674,74.80,227500,954,31.4
2022,37089,Henderson County,37,North Carolina,116469,47.7,65508,37457,56744,36832,12662,74.42,291500,1032,27.3
2022,37091,Hertford County,37,North Carolina,21633,41.7,46196,25313,9864,5462,2891,65.39,103600,846,34.2
2022,37093,Hoke County,37,North Carolina,52612,33.5,57141,27991,20322,12921,5560,69.92,177500,1036,29.6
2022,37095,Hyde County,37,North Carolina,4636,46.8,43724,19258,2939,1418,584,70.83,105300,917,51.0
2022,37097,Iredell County,37,North Carolina,187839,40.8,73103,40959,79853,51820,20476,71.68,261200,1105,26.7
2022,37099,Jackson County,37,North Carolina,42388,39.2,51482,31384,26967,11006,6731,62.05,240500,804,30.2
2022,37101,Johnston County,37,North Carolina,219042,38.4,75288,35078,85278,60831,18556,76.63,240100,970,28.4
2022,37103,Jones County,37,North Carolina,9263,47.9,53053,28373,4669,2898,917,75.96,115400,680,29.3
2022,37105,Lee County,37,North Carolina,63560,39.6,60941,30083,26560,15706,8344,65.31,186000,923,26.6
2022,37107,Lenoir County,37,North Carolina,55071,42.7,43063,26697,26681,13332,9333,58.82,101600,792,28.0
2022,37109,Lincoln County,37,North Carolina,87933,44.3,75672,40574,37715,27431,7479,78.58,241200,928,27.2
2022,37111,McDowell County,37,North Carolina,44629,44.3,53532,29047,21328,13351,4833,73.42,153300,725,23.1
2022,37113,Macon County,37,North Carolina,37088,50.6,51042,32623,26929,12835,4551,73.82,210900,818,28.7
2022,37115,Madison County,37,North Carolina,21414,44.6,56664,33821,11092,6488,1959,76.81,236300,760,29.3
2022,37117,Martin County,37,North Carolina,21992,46.7,44799,25769,11108,6212,3120,66.57,99200,758,26.9
2022,37119,Mecklenburg County,37,North Carolina,1115403,35.4,79265,48625,481307,249519,197065,55.87,334700,1413,28.9
2022,37121,Mitchell County,37,North Carolina,14989,47.4,55534,31696,8665,5148,1331,79.46,191400,701,27.0
2022,37123,Montgomery County,37,North Carolina,25839,43.7,55523,29346,14926,6818,2687,71.73,139900,710,23.6
2022,37125,Moore County,37,North Carolina,100759,43.0,77981,42094,48595,32227,9555,77.13,284000,1084,26.8
2022,37127,Nash County,37,North Carolina,95015,41.7,56770,31987,43320,24538,13255,64.93,162100,879,27.7
2022,37129,New Hanover County,37,North Carolina,228134,40.2,67515,43378,114625,59524,40451,59.54,320000,1249,31.7
2022,37131,Northampton County,37,North Carolina,17528,51.3,45698,29047,10652,5360,2103,71.82,96000,764,29.3
2022,37133,Onslow County,37,North Carolina,203686,26.9,59976,29214,84531,41845,29164,58.93,196800,1132,29.7
2022,37135,Orange County,37,North Carolina,145919,36.2,85785,50449,61213,35939,19595,64.72,395600,1316,32.4
2022,37137,Pamlico County,37,North Carolina,12317,54.2,55867,32677,7206,4185,945,81.58,198600,830,30.6
2022,37139,Pasquotank County,37,North Carolina,40454,39.0,61411,31762,17445,9902,5520,64.21,201500,1039,29.8
2022,37141,Pender County,37,North Carolina,61592,42.6,74538,36352,30283,19143,4115,82.31,240800,1039,29.7
2022,37143,Perquimans County,37,North Carolina,13053,49.8,59401,31919,6906,4265,1303,76.60,211100,1033,29.1
2022,37145,Person County,37,North Carolina,39131,43.7,60688,33456,18372,12527,3612,77.62,173200,777,33.7
2022,37147,Pitt County,37,North Carolina,171196,33.2,54915,32224,80763,36960,35193,51.22,178700,911,29.0
2022,37149,Polk County,37,North Carolina,19538,54.2,60465,35916,10881,6537,2004,76.54,255000,984,25.4
2022,37151,Randolph County,37,North Carolina,144403,41.4,56423,29131,62249,41237,14657,73.78,158300,813,27.4
2022,37153,Richmond County,37,North Carolina,43149,40.1,42354,24416,19768,10829,5776,65.22,111900,720,30.4
2022,37155,Robeson County,37,North Carolina,117573,36.8,39393,21998,48811,27881,14628,65.59,87700,741,29.3
2022,37157,Rockingham County,37,North Carolina,91209,45.1,50737,29239,43586,27615,11095,71.34,142900,743,29.3
2022,37159,Rowan County,37,North Carolina,147067,40.7,59717,31108,63508,40056,16562,70.75,187300,925,27.5
2022,37161,Rutherford County,37,North Carolina,64680,44.9,50512,28873,32640,19271,7002,73.35,158200,729,28.2
2022,37163,Sampson County,37,North Carolina,59317,39.6,49963,25969,25685,15663,5732,73.21,116600,752,26.6
2022,37165,Scotland County,37,North Carolina,34222,39.0,41948,24464,14422,7309,4915,59.79,99900,736,29.0
2022,37167,Stanly County,37,North Carolina,62723,41.4,60634,30857,27802,17797,5976,74.86,190700,816,25.8
2022,37169,Stokes County,37,North Carolina,44696,47.4,57539,32601,21285,14780,4213,77.82,168600,784,25.3
2022,37171,Surry County,37,North Carolina,71429,43.8,52743,30274,33549,21105,7885,72.80,153700,706,27.6
2022,37173,Swain County,37,North Carolina,14130,41.6,52818,28624,8451,4135,1549,72.75,178900,690,22.8
2022,37175,Transylvania County,37,North Carolina,33131,52.4,62056,36660,19072,10927,3426,76.13,298600,861,28.9
2022,37177,Tyrrell County,37,North Carolina,3389,45.3,55341,22403,1845,1011,340,74.83,140500,722,27.3
2022,37179,Union County,37,North Carolina,240109,38.9,95533,43957,84798,66252,14019,82.54,336600,1274,25.8
2022,37181,Vance County,37,North Carolina,42492,40.7,48340,26771,19392,9518,6605,59.03,133000,830,30.7
2022,37183,Wake County,37,North Carolina,1132103,37.0,96734,50188,466760,276942,153555,64.33,385700,1412,28.4
2022,37185,Warren County,37,North Carolina,18803,48.6,42282,29771,11438,5414,2272,70.44,121300,726,32.0
2022,37187,Washington County,37,North Carolina,11051,48.0,38927,26209,6061,3360,1537,68.61,97800,755,33.8
2022,37189,Watauga County,37,North Carolina,54540,32.1,50034,30807,32783,12922,8272,60.97,283000,1067,45.7
2022,37191,Wayne County,37,North Carolina,117480,37.5,54323,30540,52882,28798,18151,61.34,152300,899,29.0
2022,37193,Wilkes County,37,North Carolina,66125,45.3,49119,27592,31743,19892,7357,73.00,146200,712,28.9
2022,37195,Wilson County,37,North Carolina,78667,40.9,49827,28715,36429,19206,13081,59.49,153800,853,28.7
2022,37197,Yadkin County,37,North Carolina,37280,44.5,57486,32680,17065,11345,3505,76.40,160500,711,30.8
2022,37199,Yancey County,37,North Carolina,18538,48.0,53103,31037,11266,6162,1697,78.41,206100,757,21.6
2022,38001,Adams County,38,North Dakota,2190,46.9,57950,35830,1337,734,263,73.62,109600,589,22.8
2022,38003,Barnes County,38,North Dakota,10826,43.6,64447,38626,5693,3643,1249,74.47,157800,773,24.5
2022,38005,Benson County,38,North Dakota,5960,31.0,63220,24490,2574,1341,528,71.75,79300,563,18.0
2022,38007,Billings County,38,North Dakota,839,40.6,74000,36923,493,237,83,74.06,237500,650,13.4
2022,38009,Bottineau County,38,North Dakota,6411,44.3,80113,45506,3976,2112,501,80.83,188500,670,21.5
2022,38011,Bowman County,38,North Dakota,2975,41.6,79709,38585,1645,939,249,79.04,168200,862,17.4
2022,38013,Burke County,38,North Dakota,2184,44.8,94583,50714,1413,782,168,82.32,135100,669,15.6
2022,38015,Burleigh County,38,North Dakota,98443,37.7,82141,43615,42968,28486,11399,71.42,302300,975,24.2
2022,38017,Cass County,38,North Dakota,186328,32.7,73249,43474,85944,41610,37895,52.34,270300,909,25.1
2022,38019,Cavalier County,38,North Dakota,3691,47.8,61174,44346,2114,1257,262,82.75,122900,731,35.0
2022,38021,Dickey County,38,North Dakota,5003,38.1,60250,35649,2398,1490,426,77.77,164700,759,25.8
2022,38023,Divide County,38,North Dakota,2195,44.0,95938,43850,1375,646,259,71.38,162900,1032,14.5
2022,38025,Dunn County,38,North Dakota,4049,42.7,91758,50132,2178,1063,430,71.20,251700,906,17.8
2022,38027,Eddy County,38,North Dakota,2345,46.4,50375,34852,1274,748,329,69.45,108400,555,23.7
2022,38029,Emmons County,38,North Dakota,3297,50.5,63750,38027,2046,1201,289,80.60,110200,585,30.5
2022,38031,Foster County,38,North Dakota,3388,45.1,78426,41796,1773,1168,324,78.28,160300,710,27.7
2022,38033,Golden Valley County,38,North Dakota,1734,45.7,84750,35953,930,503,170,74.74,142500,838,20.0
2022,38035,Grand Forks County,38,North Dakota,72927,30.3,64698,37159,33567,15720,15015,51.15,235400,941,27.7
2022,38037,Grant County,38,North Dakota,2320,49.4,57069,37252,1675,914,146,86.23,88800,629,27.8
2022,38039,Griggs County,38,North Dakota,2309,51.9,66688,43383,1377,759,168,81.88,119500,499,17.2
2022,38041,Hettinger County,38,North Dakota,2477,41.3,66797,40931,1423,819,236,77.63,111100,852,22.8
2022,38043,Kidder County,38,North Dakota,2391,48.4,57240,32974,1648,826,285,74.35,140300,740,23.7
2022,38045,LaMoure County,38,North Dakota,4135,45.8,70227,37453,2077,1433,265,84.39,116900,571,21.6
2022,38047,Logan County,38,North Dakota,1849,49.2,59750,33240,1078,640,130,83.12,94400,771,23.8
2022,38049,McHenry County,38,North Dakota,5326,43.0,78071,39973,2837,1893,419,81.88,136600,753,18.0
2022,38051,McIntosh County,38,North Dakota,2529,53.6,64375,37236,1701,930,263,77.95,83300,605,18.0
2022,38053,McKenzie County,38,North Dakota,14081,30.5,83813,44409,7639,3021,2329,56.47,330200,1192,21.9
2022,38055,McLean County,38,North Dakota,9781,46.3,80556,40448,5759,3463,713,82.93,222100,766,23.3
2022,38057,Mercer County,38,North Dakota,8366,44.0,82155,39783,4667,2963,573,83.80,192000,1039,26.7
2022,38059,Morton County,38,North Dakota,33192,36.7,79555,42603,15184,9671,3506,73.39,247200,973,24.0
2022,38061,Mountrail County,38,North Dakota,9648,34.7,81886,39603,5045,2145,1394,60.61,205000,929,19.2
2022,38063,Nelson County,38,North Dakota,3025,50.0,62219,37130,1803,974,323,75.10,107400,539,19.7
2022,38065,Oliver County,38,North Dakota,1832,48.1,69722,36532,908,610,88,87.39,226900,594,32.7
2022,38067,Pembina County,38,North Dakota,6853,45.6,64243,39230,3526,2202,759,74.37,112700,658,23.0
2022,38069,Pierce County,38,North Dakota,3999,44.6,59583,35931,2033,1354,335,80.17,154400,757,35.6
2022,38071,Ramsey County,38,North Dakota,11613,40.0,61490,35624,5857,3137,1912,62.13,193300,663,26.4
2022,38073,Ransom County,38,North Dakota,5663,42.7,71462,36706,2552,1746,601,74.39,145900,840,21.8
2022,38075,Renville County,38,North Dakota,2282,38.2,77067,37370,1253,718,141,83.59,165500,885,24.3
2022,38077,Richland County,38,North Dakota,16548,37.3,67089,38265,7537,4695,2086,69.24,164500,725,25.7
2022,38079,Rolette County,38,North Dakota,12292,31.1,53806,23160,4650,2424,1244,66.09,90200,482,18.1
2022,38081,Sargent County,38,North Dakota,3828,44.2,75648,42970,2006,1273,459,73.50,134900,837,19.3
2022,38083,Sheridan County,38,North Dakota,1338,52.3,68684,40365,817,534,110,82.92,108500,439,24.5
2022,38085,Sioux County,38,North Dakota,3896,27.1,41201,17185,1275,455,592,43.46,97200,430,21.1
2022,38087,Slope County,38,North Dakota,837,54.1,70625,40987,464,317,34,90.31,109900,531,17.5
2022,38089,Stark County,38,North Dakota,32989,34.3,78734,40025,15366,8483,4717,64.27,255200,988,22.5
2022,38091,Steele County,38,North Dakota,1774,45.3,85750,40435,1114,554,162,77.37,119900,594,18.8
2022,38093,Stutsman County,38,North Dakota,21609,40.3,59167,37288,10389,5897,3213,64.73,191000,746,26.6
2022,38095,Towner County,38,North Dakota,2152,49.1,61250,37116,1319,730,234,75.73,127600,622,21.2
2022,38097,Traill County,38,North Dakota,8004,40.6,81157,40942,3674,2399,886,73.03,172700,709,21.1
2022,38099,Walsh County,38,North Dakota,10553,44.6,68082,37344,5219,3491,976,78.15,111700,695,22.7
2022,38101,Ward County,38,North Dakota,69532,33.0,78143,40896,32297,17350,11001,61.20,249800,1005,24.0
2022,38103,Wells County,38,North Dakota,3990,49.7,59732,41957,2324,1338,462,74.33,104200,594,28.4
2022,38105,Williams County,38,North Dakota,39076,31.9,86139,44076,20185,8375,7224,53.69,255000,1097,22.3
2022,39001,Adams County,39,Ohio,27509,42.2,46234,25428,12716,7271,2904,71.46,138700,667,30.6
2022,39003,Allen County,39,Ohio,102087,39.8,58976,31523,44692,27494,13241,67.49,147000,844,26.5
2022,39005,Ashland County,39,Ohio,52522,41.5,62254,30303,22491,15954,4524,77.91,163600,815,24.8
2022,39007,Ashtabula County,39,Ohio,97666,42.6,53663,29586,46291,28278,10271,73.36,139000,811,32.0
2022,39009,Athens County,39,Ohio,61276,32.2,48750,27366,26420,13698,8884,60.66,161700,907,34.5
2022,39011,Auglaize County,39,Ohio,46263,40.7,75231,36849,19961,14575,4283,77.29,168200,815,22.3
2022,39013,Belmont County,39,Ohio,66554,44.1,56943,30563,31636,19357,6617,74.52,130200,754,27.7
2022,39015,Brown County,39,Ohio,43715,41.9,66677,31823,19374,12647,4311,74.58,164500,785,28.9
2022,39017,Butler County,39,Ohio,388327,37.2,77062,37650,154056,100443,44093,69.49,224300,1048,27.6
2022,39019,Carroll County,39,Ohio,26761,45.9,59872,33798,13407,8695,2660,76.57,157500,756,25.9
2022,39021,Champaign County,39,Ohio,38715,41.7,70486,33377,16870,11914,3698,76.31,166900,856,24.1
2022,39023,Clark County,39,Ohio,135877,41.4,58954,31099,61040,37991,17438,68.54,144900,820,26.2
2022,39025,Clermont County,39,Ohio,208851,40.5,79573,41566,86713,61021,21691,73.78,224800,984,25.7
2022,39027,Clinton County,39,Ohio,42077,40.5,64210,32533,17938,11590,4800,70.71,172800,837,25.7
2022,39029,Columbiana County,39,Ohio,101723,44.5,55473,30553,46164,30192,11059,73.19,124400,696,25.8
2022,39031,Coshocton County,39,Ohio,36629,40.6,52048,27280,16337,10562,4177,71.66,128600,694,25.8
2022,39033,Crawford County,39,Ohio,41861,42.9,52486,29566,19868,12614,5554,69.43,117000,746,27.6
2022,39035,Cuyahoga County,39,Ohio,1256620,40.4,60074,39807,615881,322866,229555,58.45,168700,952,28.9
2022,39037,Darke County,39,Ohio,51751,41.7,60237,32732,22619,15091,5935,71.77,157800,731,23.3
2022,39039,Defiance County,39,Ohio,38300,40.8,69302,33533,16563,11814,3448,77.41,147600,808,25.2
2022,39041,Delaware County,39,Ohio,216074,39.8,123995,56963,82131,61885,16571,78.88,393000,1338,23.9
2022,39043,Erie County,39,Ohio,75299,44.8,65171,38158,38298,22916,9187,71.38,169400,884,24.9
2022,39045,Fairfield County,39,Ohio,159371,39.5,82969,38783,62743,43974,14749,74.88,247800,1042,29.4
2022,39047,Fayette County,39,Ohio,28901,41.2,56773,30666,12685,7495,4125,64.50,151400,772,25.0
2022,39049,Franklin County,39,Ohio,1318149,34.6,71070,41148,582701,289959,252407,53.46,243100,1169,27.5
2022,39051,Fulton County,39,Ohio,42602,41.4,71453,35230,17701,13781,3088,81.69,163100,807,22.1
2022,39053,Gallia County,39,Ohio,29276,40.2,55533,28943,13462,8578,2725,75.89,134000,803,25.0
2022,39055,Geauga County,39,Ohio,95455,44.6,97162,48582,37465,30754,4567,87.07,288000,1009,26.1
2022,39057,Greene County,39,Ohio,167567,38.6,81243,42862,71471,44819,22037,67.04,222300,1027,26.8
2022,39059,Guernsey County,39,Ohio,38409,42.6,53901,29642,19051,11737,4428,72.61,145800,801,30.1
2022,39061,Hamilton County,39,Ohio,827671,36.8,68249,42555,379583,206192,142299,59.17,205000,961,28.7
2022,39063,Hancock County,39,Ohio,75072,39.4,67006,37479,33733,21580,9763,68.85,179600,877,25.8
2022,39065,Hardin County,39,Ohio,30622,35.6,55876,27566,12920,8660,2980,74.40,125600,755,24.6
2022,39067,Harrison County,39,Ohio,14528,46.1,54056,30163,7403,4509,1290,77.75,112500,682,26.7
2022,39069,Henry County,39,Ohio,27601,41.8,71616,36504,12045,8843,2336,79.10,157500,846,22.7
2022,39071,Highland County,39,Ohio,43285,40.8,60522,27971,19010,12150,4538,72.81,146300,736,25.3
2022,39073,Hocking County,39,Ohio,28104,42.6,59007,29490,13020,8899,2380,78.90,164100,773,30.0
2022,39075,Holmes County,39,Ohio,44273,32.2,72987,29238,14527,10389,2925,78.03,245800,749,21.9
2022,39077,Huron County,39,Ohio,58518,40.1,64144,30792,25519,16952,6144,73.40,151600,805,24.5
2022,39079,Jackson County,39,Ohio,32563,40.1,56549,28570,14453,9261,3192,74.37,127500,744,26.8
2022,39081,Jefferson County,39,Ohio,65280,44.3,53124,30501,31246,19179,7794,71.10,115100,760,28.3
2022,39083,Knox County,39,Ohio,62657,39.4,71246,32543,25865,16884,6233,73.04,197400,878,28.6
2022,39085,Lake County,39,Ohio,232236,43.9,76835,41195,105399,74229,25095,74.73,189600,1027,27.0
2022,39087,Lawrence County,39,Ohio,57994,41.9,51846,29226,26579,16374,6081,72.92,127900,806,28.2
2022,39089,Licking County,39,Ohio,178844,40.2,78505,39760,72722,49402,17837,73.47,232200,960,26.7
2022,39091,Logan County,39,Ohio,46098,41.8,69125,36215,23711,14684,4484,76.61,168300,802,23.7
2022,39093,Lorain County,39,Ohio,313101,41.9,67272,37171,134591,90707,33803,72.85,191900,886,27.9
2022,39095,Lucas County,39,Ohio,430014,38.1,57265,34399,200495,111632,69751,61.54,144200,879,28.0
2022,39097,Madison County,39,Ohio,43961,41.4,77062,33512,16255,11579,3685,75.86,201200,899,25.3
2022,39099,Mahoning County,39,Ohio,227979,43.3,54279,32591,108203,68136,29519,69.77,132000,753,28.9
2022,39101,Marion County,39,Ohio,65366,40.7,55106,29257,27405,16334,7972,67.20,135900,837,29.9
2022,39103,Medina County,39,Ohio,182347,42.7,89968,45038,75138,57548,14549,79.82,249700,1053,27.2
2022,39105,Meigs County,39,Ohio,22242,43.2,46255,26103,10679,6629,2204,75.05,104400,689,29.5
2022,39107,Mercer County,39,Ohio,42321,39.4,73278,33892,17898,12623,3399,78.79,192800,749,25.0
2022,39109,Miami County,39,Ohio,108818,41.1,71440,37701,46770,32423,11729,73.43,190900,906,25.6
2022,39111,Monroe County,39,Ohio,13401,46.1,55381,33127,7160,4462,1112,80.05,122800,668,29.4
2022,39113,Montgomery County,39,Ohio,536121,39.0,61942,35767,252061,142075,85987,62.30,154300,925,27.8
2022,39115,Morgan County,39,Ohio,13851,44.6,51056,25973,7295,4275,1382,75.57,121200,689,30.6
2022,39117,Morrow County,39,Ohio,35049,42.7,70412,32987,14507,10804,2418,81.71,185800,895,26.0
2022,39119,Muskingum County,39,Ohio,86393,40.5,56810,31436,38348,23828,10771,68.87,156100,776,28.7
2022,39121,Noble County,39,Ohio,14216,51.9,51547,28676,5787,3624,921,79.74,137500,716,22.0
2022,39123,Ottawa County,39,Ohio,40367,49.8,69515,44479,28626,14824,3171,82.38,179100,846,27.5
2022,39125,Paulding County,39,Ohio,18827,41.4,65331,34050,8524,6173,1417,81.33,122200,718,25.0
2022,39127,Perry County,39,Ohio,35451,41.1,62899,29675,15003,10127,3244,75.74,161300,695,25.3
2022,39129,Pickaway County,39,Ohio,58809,39.5,67600,32689,22384,15350,5724,72.84,219900,906,29.1
2022,39131,Pike County,39,Ohio,27151,40.9,50832,29273,12047,6889,3606,65.64,131300,817,25.4
2022,39133,Portage County,39,Ohio,161217,39.1,69796,37771,70692,44931,18657,70.66,197100,990,33.8
2022,39135,Preble County,39,Ohio,40929,43.0,66355,33627,18088,13260,3346,79.85,158700,803,23.5
2022,39137,Putnam County,39,Ohio,34400,40.3,79453,36877,13846,11380,1811,86.27,176200,807,22.2
2022,39139,Richland County,39,Ohio,125008,40.9,56557,29570,54581,33797,15876,68.04,140500,768,27.9
2022,39141,Ross County,39,Ohio,76957,41.3,58048,29718,32051,20949,8616,70.86,153500,827,31.4
2022,39143,Sandusky County,39,Ohio,58885,42.3,60814,32788,26500,17822,6216,74.14,142300,756,26.4
2022,39145,Scioto County,39,Ohio,73716,40.6,46360,25279,33209,19209,8821,68.53,122900,723,30.3
2022,39147,Seneca County,39,Ohio,55062,40.6,62476,31770,23960,15779,6131,72.02,128100,789,26.0
2022,39149,Shelby County,39,Ohio,48145,40.2,73502,35363,20102,13784,4815,74.11,174200,865,23.9
2022,39151,Stark County,39,Ohio,374199,41.8,63130,34652,167068,105443,49247,68.16,164900,838,27.0
2022,39153,Summit County,39,Ohio,539361,41.1,68360,40786,246641,153018,75617,66.93,182500,956,28.3
2022,39155,Trumbull County,39,Ohio,201749,44.0,53537,30294,94575,61012,24030,71.74,121400,752,28.7
2022,39157,Tuscarawas County,39,Ohio,92840,41.1,61953,31736,40785,26273,11501,69.55,163700,844,27.7
2022,39159,Union County,39,Ohio,63411,38.4,104496,48025,23441,18209,4435,80.41,282900,1144,21.6
2022,39161,Van Wert County,39,Ohio,28833,41.3,64841,31831,12560,9258,2408,79.36,129300,769,22.4
2022,39163,Vinton County,39,Ohio,12790,43.6,50967,27587,5952,3806,1298,74.57,123400,675,24.2
2022,39165,Warren County,39,Ohio,243189,39.5,103128,49360,93520,70031,18704,78.92,290900,1254,24.4
2022,39167,Washington County,39,Ohio,59639,44.1,59053,33987,27997,18243,6379,74.09,164000,794,29.8
2022,39169,Wayne County,39,Ohio,116680,38.8,70320,32908,46649,33300,10906,75.33,189800,824,23.3
2022,39171,Williams County,39,Ohio,36973,41.5,60632,31189,16566,11553,3828,75.11,131100,771,24.7
2022,39173,Wood County,39,Ohio,131564,35.4,70537,39771,56919,34454,19317,64.08,203300,907,25.9
2022,39175,Wyandot County,39,Ohio,21818,42.3,68552,33994,9851,6609,2373,73.58,154200,753,19.5
2022,40001,Adair County,40,Oklahoma,19726,38.1,44955,20710,8141,4695,2153,68.56,108200,608,25.3
2022,40003,Alfalfa County,40,Oklahoma,5683,43.6,75028,28976,2505,1457,372,79.66,96300,654,23.1
2022,40005,Atoka County,40,Oklahoma,14117,40.6,49181,25353,6012,3727,1121,76.88,123000,669,29.4
2022,40007,Beaver County,40,Oklahoma,5071,39.9,62981,29533,2480,1353,374,78.34,106500,838,17.2
2022,40009,Beckham County,40,Oklahoma,22295,36.3,51499,26231,10125,5294,2719,66.07,149800,793,27.0
2022,40011,Blaine County,40,Oklahoma,8661,41.3,56843,30442,4559,2412,1019,70.30,122800,844,21.2
2022,40013,Bryan County,40,Oklahoma,46528,36.8,54289,29516,20396,11417,6524,63.64,151500,877,27.6
2022,40015,Caddo County,40,Oklahoma,26910,37.4,52443,25559,11658,6585,2514,72.37,99900,686,23.5
2022,40017,Canadian County,40,Oklahoma,156681,36.2,82364,36884,59808,42525,13775,75.53,212700,1129,25.9
2022,40019,Carter County,40,Oklahoma,48202,38.4,56390,31036,21609,12627,6111,67.39,144400,908,24.9
2022,40021,Cherokee County,40,Oklahoma,47412,36.5,52410,28178,22138,12010,5983,66.75,144600,773,26.5
2022,40023,Choctaw County,40,Oklahoma,14285,41.7,43252,25283,7105,3868,1937,66.63,113500,662,30.0
2022,40025,Cimarron County,40,Oklahoma,2272,45.9,57100,33925,1378,609,143,80.98,77900,615,21.3
2022,40027,Cleveland County,40,Oklahoma,295060,34.8,71757,36913,121845,73055,41315,63.88,203900,1073,28.2
2022,40029,Coal County,40,Oklahoma,5287,40.7,47117,26899,2581,1505,578,72.25,90800,679,21.8
2022,40031,Comanche County,40,Oklahoma,121777,33.5,57150,29980,52585,24334,20095,54.77,145800,903,27.1
2022,40033,Cotton County,40,Oklahoma,5537,42.8,60208,31989,2712,1557,465,77.00,105500,738,23.3
2022,40035,Craig County,40,Oklahoma,14144,41.2,48018,24199,6378,3593,1583,69.42,120000,810,27.1
2022,40037,Creek County,40,Oklahoma,72076,40.4,61657,31222,31114,20580,6794,75.18,158900,880,25.2
2022,40039,Custer County,40,Oklahoma,28391,32.4,58669,30880,12907,6939,3761,64.85,168700,732,32.4
2022,40041,Delaware County,40,Oklahoma,40791,46.8,53290,34489,24232,12451,4169,74.92,152500,833,26.7
2022,40043,Dewey County,40,Oklahoma,4504,38.1,61310,31951,2195,1205,369,76.56,117200,844,22.1
2022,40045,Ellis County,40,Oklahoma,3755,43.8,57768,31331,2143,1152,260,81.59,106800,732,23.0
2022,40047,Garfield County,40,Oklahoma,62456,35.7,64165,32579,27755,15657,8158,65.74,142000,868,25.1
2022,40049,Garvin County,40,Oklahoma,25806,38.8,53600,29270,12109,6803,3103,68.68,124300,791,23.8
2022,40051,Grady County,40,Oklahoma,55314,39.7,74349,34607,23142,15245,5076,75.02,177100,841,22.8
2022,40053,Grant County,40,Oklahoma,4152,41.1,58980,33685,2185,1186,336,77.92,84700,830,16.4
2022,40055,Greer County,40,Oklahoma,5531,41.0,55204,22721,2628,1450,574,71.64,97400,641,20.4
2022,40057,Harmon County,40,Oklahoma,2499,40.7,55729,31814,1359,717,237,75.16,78500,727,19.0
2022,40059,Harper County,40,Oklahoma,3272,39.7,59934,26279,1720,1006,209,82.80,96700,791,18.2
2022,40061,Haskell County,40,Oklahoma,11651,41.3,46239,25234,5677,3391,1127,75.06,109600,730,30.0
2022,40063,Hughes County,40,Oklahoma,13409,39.2,44799,22887,5818,2885,1017,73.94,87300,604,28.4
2022,40065,Jackson County,40,Oklahoma,24776,34.7,60954,31421,12041,5972,3863,60.72,115200,842,23.0
2022,40067,Jefferson County,40,Oklahoma,5420,40.9,48346,30099,2764,1505,576,72.32,72200,566,27.3
2022,40069,Johnston County,40,Oklahoma,10410,39.5,48476,24457,4721,2728,1161,70.15,99100,690,24.4
2022,40071,Kay County,40,Oklahoma,43859,38.2,53746,29800,20990,11215,5417,67.43,111600,786,26.5
2022,40073,Kingfisher County,40,Oklahoma,15290,38.1,65167,35098,6402,4058,1462,73.51,189000,905,22.3
2022,40075,Kiowa County,40,Oklahoma,8446,41.6,42679,23548,4700,2444,850,74.20,80200,572,29.9
2022,40077,Latimer County,40,Oklahoma,9537,40.9,42735,25189,4700,2673,1179,69.39,102400,694,30.0
2022,40079,Le Flore County,40,Oklahoma,48525,38.8,46750,23718,21149,12643,5192,70.89,111300,753,27.6
2022,40081,Lincoln County,40,Oklahoma,33734,41.0,57656,30408,14539,10297,2485,80.56,141400,731,26.4
2022,40083,Logan County,40,Oklahoma,49919,39.9,80565,39571,19246,15024,2292,86.76,221300,869,28.9
2022,40085,Love County,40,Oklahoma,10158,39.0,60758,28560,4706,2637,1049,71.54,154500,812,25.0
2022,40087,McClain County,40,Oklahoma,42393,38.8,80150,39921,16633,12261,3186,79.37,214400,920,28.6
2022,40089,McCurtain County,40,Oklahoma,31003,38.2,47046,24635,14025,8086,3181,71.77,111400,677,25.5
2022,40091,McIntosh County,40,Oklahoma,19159,47.4,43467,24967,11893,5720,1654,77.57,121000,700,29.3
2022,40093,Major County,40,Oklahoma,7678,42.2,67621,33480,3703,2600,567,82.10,123200,628,19.9
2022,40095,Marshall County,40,Oklahoma,15494,42.0,53734,27997,8823,4386,1284,77.35,136500,761,23.0
2022,40097,Mayes County,40,Oklahoma,39324,40.3,56552,29607,18358,11233,3879,74.33,153500,788,24.5
2022,40099,Murray County,40,Oklahoma,13837,41.5,60213,32488,6546,3695,1364,73.04,148200,824,23.6
2022,40101,Muskogee County,40,Oklahoma,66606,38.1,50289,26684,29435,17081,8517,66.73,128900,793,28.1
2022,40103,Noble County,40,Oklahoma,10981,41.1,66813,31946,5089,3399,858,79.84,140900,710,23.9
2022,40105,Nowata County,40,Oklahoma,9460,42.1,50960,29851,4390,2661,1040,71.90,113100,741,27.4
2022,40107,Okfuskee County,40,Oklahoma,11349,40.1,45429,23052,4824,2765,1106,71.43,104300,677,25.4
2022,40109,Oklahoma County,40,Oklahoma,795822,35.1,62505,36987,353429,187328,130884,58.87,190500,1008,29.1
2022,40111,Okmulgee County,40,Oklahoma,36900,39.3,50819,27821,16749,9826,4157,70.27,106300,765,28.0
2022,40113,Osage County,40,Oklahoma,46004,43.2,58189,29906,19775,13186,3665,78.25,155200,773,26.8
2022,40115,Ottawa County,40,Oklahoma,30472,37.6,46186,24354,13699,7906,3812,67.47,107500,742,27.3
2022,40117,Pawnee County,40,Oklahoma,15682,41.5,56279,28327,7337,4632,1327,77.73,115000,842,25.8
2022,40119,Payne County,40,Oklahoma,82058,27.2,46658,26916,36748,16387,15456,51.46,196100,899,36.1
2022,40121,Pittsburg County,40,Oklahoma,43758,40.4,53054,28257,22160,12539,4865,72.05,135800,798,31.1
2022,40123,Pontotoc County,40,Oklahoma,38116,37.3,59457,30774,17424,9733,5068,65.76,151500,847,25.0
2022,40125,Pottawatomie County,40,Oklahoma,72734,37.7,58270,28106,30051,18482,7940,69.95,147000,848,26.0
2022,40127,Pushmataha County,40,Oklahoma,10845,44.0,42274,23393,5705,3188,1041,75.38,103500,557,31.6
2022,40129,Roger Mills County,40,Oklahoma,3423,42.0,57574,43603,1844,1178,280,80.80,150700,679,22.8
2022,40131,Rogers County,40,Oklahoma,95870,39.3,75312,36885,38112,27149,7952,77.35,206300,980,26.0
2022,40133,Seminole County,40,Oklahoma,23592,38.9,43239,23137,10789,5900,2636,69.12,88100,695,28.4
2022,40135,Sequoyah County,40,Oklahoma,39538,40.8,47494,24708,18183,10717,4243,71.64,118600,788,25.9
2022,40137,Stephens County,40,Oklahoma,43140,40.7,57065,31501,20347,12726,4306,74.72,127500,831,27.6
2022,40139,Texas County,40,Oklahoma,21144,33.1,55682,23855,8448,4670,2195,68.03,146200,865,23.3
2022,40141,Tillman County,40,Oklahoma,7013,40.8,46306,23729,3789,1899,696,73.18,62900,682,23.8
2022,40143,Tulsa County,40,Oklahoma,668923,36.0,65229,38496,292863,158277,106019,59.89,196300,1002,27.4
2022,40145,Wagoner County,40,Oklahoma,82269,38.9,75082,35675,32942,24103,5983,80.11,201600,1000,27.3
2022,40147,Washington County,40,Oklahoma,52579,39.7,59426,34243,23738,14790,5614,72.49,151000,879,29.5
2022,40149,Washita County,40,Oklahoma,10930,40.4,60600,31421,5165,3033,1013,74.96,102600,752,22.3
2022,40151,Woods County,40,Oklahoma,8661,33.7,50724,29914,4457,2344,1053,69.00,146700,793,28.7
2022,40153,Woodward County,40,Oklahoma,20411,36.8,61207,31995,9372,5712,2295,71.34,161600,839,22.1
2022,41001,Baker County,41,Oregon,16685,47.4,51657,32672,8671,5058,1946,72.22,231100,765,27.2
2022,41003,Benton County,41,Oregon,95615,33.5,72882,39940,40092,21191,16662,55.98,442300,1315,37.8
2022,41005,Clackamas County,41,Oregon,420925,41.9,95740,49340,170723,114452,46532,71.10,532200,1605,32.0
2022,41007,Clatsop County,41,Oregon,41190,44.9,68025,37166,23060,10663,6583,61.83,407700,1096,28.5
2022,41009,Columbia County,41,Oregon,52865,43.1,83265,37986,21773,15577,4758,76.60,365100,1211,31.0
2022,41011,Coos County,41,Oregon,64908,48.4,57563,33572,31476,19418,8657,69.16,276300,952,29.4
2022,41013,Crook County,41,Oregon,24987,47.0,74969,38484,11236,7749,2542,75.30,368200,1129,28.2
2022,41015,Curry County,41,Oregon,23404,56.8,64300,38214,13055,8542,2606,76.62,353200,1105,28.8
2022,41017,Deschutes County,41,Oregon,199352,42.6,82042,46765,94911,56821,24660,69.74,526200,1550,31.0
2022,41019,Douglas County,41,Oregon,111322,46.6,56440,31241,49926,33081,13161,71.54,262400,957,28.2
2022,41021,Gilliam County,41,Oregon,1983,51.0,58409,34042,1081,643,219,74.59,151500,1071,26.8
2022,41023,Grant County,41,Oregon,7237,51.7,56045,33409,4128,2625,743,77.94,185500,803,21.5
2022,41025,Harney County,41,Oregon,7496,45.5,45462,26910,3705,2144,958,69.12,174100,665,26.9
2022,41027,Hood River County,41,Oregon,23965,40.2,80254,43333,10131,6170,2869,68.26,492500,1281,28.5
2022,41029,Jackson County,41,Oregon,222604,42.3,67690,36538,96286,58451,31425,65.04,369500,1208,31.6
2022,41031,Jefferson County,41,Oregon,24659,41.1,69345,30917,10301,6027,2564,70.15,307200,940,28.2
2022,41033,Josephine County,41,Oregon,87994,47.4,56068,32159,38939,25565,10645,70.60,353800,1093,34.5
2022,41035,Klamath County,41,Oregon,69506,41.1,57219,31260,32864,18895,9291,67.04,234200,921,30.5
2022,41037,Lake County,41,Oregon,8201,46.1,54663,29400,4226,2102,1262,62.49,169000,816,26.9
2022,41039,Lane County,41,Oregon,382218,40.1,65157,36776,166750,94086,64535,59.31,363800,1210,31.6
2022,41041,Lincoln County,41,Oregon,50334,52.4,57794,35295,32094,15896,6587,70.70,345300,1057,29.9
2022,41043,Linn County,41,Oregon,128598,40.0,69523,32501,52145,33445,16499,66.97,319800,1160,30.0
2022,41045,Malheur County,41,Oregon,31538,35.9,48371,22145,11669,5828,4124,58.56,187500,761,25.8
2022,41047,Marion County,41,Oregon,345815,37.0,70926,33545,129065,76274,47186,61.78,352500,1228,31.0
2022,41049,Morrow County,41,Oregon,12140,37.0,64975,29975,4724,2934,1267,69.84,213900,837,20.9
2022,41051,Multnomah County,41,Oregon,808098,38.2,83668,49713,363661,187084,156286,54.48,492100,1515,30.6
2022,41053,Polk County,41,Oregon,87600,37.1,77353,38920,33916,20961,11261,65.05,382200,1219,30.4
2022,41055,Sherman County,41,Oregon,1900,45.7,57171,33206,953,539,231,70.00,186300,911,17.8
2022,41057,Tillamook County,41,Oregon,27345,48.7,63098,35433,18974,8464,3058,73.46,363100,1148,27.0
2022,41059,Umatilla County,41,Oregon,79904,36.9,70322,30263,31264,18247,9175,66.54,236800,930,24.9
2022,41061,Union County,41,Oregon,26286,39.7,61946,31640,11694,7127,3573,66.61,243400,930,27.1
2022,41063,Wallowa County,41,Oregon,7439,50.9,62238,37378,4313,2417,854,73.89,336900,830,26.5
2022,41065,Wasco County,41,Oregon,26639,40.4,61316,35869,12038,6830,3658,65.12,298200,925,24.8
2022,41067,Washington County,41,Oregon,599541,37.5,100121,49553,237586,140168,89954,60.91,504300,1695,29.4
2022,41069,Wheeler County,41,Oregon,1407,56.1,50774,27847,930,431,193,69.07,194900,730,22.9
2022,41071,Yamhill County,41,Oregon,107674,39.4,80125,38002,40239,26617,11754,69.37,408500,1302,33.3
2022,42001,Adams County,42,Pennsylvania,104604,43.8,78975,37349,43118,31264,8742,78.15,242800,1060,27.4
2022,42003,Allegheny County,42,Pennsylvania,1245310,40.6,72537,45939,602734,354956,190681,65.05,200200,1050,27.7
2022,42005,Armstrong County,42,Pennsylvania,65538,47.0,61011,33390,32172,21810,5957,78.55,135800,777,25.8
2022,42007,Beaver County,42,Pennsylvania,167629,44.9,67194,37649,79104,52993,19006,73.60,170900,830,26.7
2022,42009,Bedford County,42,Pennsylvania,47613,47.3,58337,31269,23547,15435,4136,78.87,165200,727,28.1
2022,42011,Berks County,42,Pennsylvania,428483,39.9,74617,37776,170678,114165,47009,70.83,225700,1078,29.8
2022,42013,Blair County,42,Pennsylvania,122640,42.9,59386,33585,55808,36671,13916,72.49,149300,838,29.8
2022,42015,Bradford County,42,Pennsylvania,60159,43.9,60650,32440,29443,17648,6713,72.44,169700,824,24.9
2022,42017,Bucks County,42,Pennsylvania,645163,44.0,107826,54930,255599,192466,54368,77.97,395800,1461,28.9
2022,42019,Butler County,42,Pennsylvania,194562,43.4,82932,45389,85479,60520,18946,76.16,258500,978,26.7
2022,42021,Cambria County,42,Pennsylvania,133263,45.6,54221,31532,64522,42088,13453,75.78,110900,700,27.8
2022,42023,Cameron County,42,Pennsylvania,4536,51.8,46186,27426,3956,1577,633,71.36,85900,657,28.4
2022,42025,Carbon County,42,Pennsylvania,65018,46.3,64538,34375,34247,20015,6647,75.07,179600,941,25.0
2022,42027,Centre County,42,Pennsylvania,158665,33.3,70087,37262,65712,36460,21825,62.55,289800,1118,35.7
2022,42029,Chester County,42,Pennsylvania,536474,40.7,118574,60599,208672,149753,50869,74.64,435000,1601,28.0
2022,42031,Clarion County,42,Pennsylvania,37489,41.5,58690,30444,18897,10584,4224,71.47,143300,754,26.3
2022,42033,Clearfield County,42,Pennsylvania,79707,45.2,56982,29950,38157,24695,7046,77.80,118300,737,28.0
2022,42035,Clinton County,42,Pennsylvania,37860,39.8,59011,30723,18623,10622,4255,71.40,165100,840,28.0
2022,42037,Columbia County,42,Pennsylvania,64924,41.3,59457,31238,29695,18313,7565,70.77,183200,862,27.3
2022,42039,Crawford County,42,Pennsylvania,83876,43.6,58734,30989,42234,24485,8706,73.77,136000,769,26.4
2022,42041,Cumberland County,42,Pennsylvania,261269,40.3,82849,43535,109154,73044,31009,70.20,246200,1146,26.2
2022,42043,Dauphin County,42,Pennsylvania,286108,39.4,71046,39709,126567,74682,43225,63.34,208200,1090,27.1
2022,42045,Delaware County,42,Pennsylvania,575312,39.0,86390,46926,229039,148649,67184,68.87,289700,1257,31.7
2022,42047,Elk County,42,Pennsylvania,30886,48.2,61672,34222,16898,10666,2819,79.10,121900,707,27.7
2022,42049,Erie County,42,Pennsylvania,270495,39.9,59396,32858,119910,74409,35065,67.97,160200,851,30.5
2022,42051,Fayette County,42,Pennsylvania,128417,45.2,55579,31498,62005,40370,14567,73.48,121800,754,27.4
2022,42053,Forest County,42,Pennsylvania,6959,46.2,46188,18857,7045,1536,308,83.30,102300,720,26.8
2022,42055,Franklin County,42,Pennsylvania,156084,42.2,71808,37520,66443,45631,16945,72.92,222000,1019,26.4
2022,42057,Fulton County,42,Pennsylvania,14545,45.7,63153,33601,7119,4720,1406,77.05,188000,759,20.5
2022,42059,Greene County,42,Pennsylvania,35781,43.1,66283,32272,16185,10959,2998,78.52,140900,754,25.4
2022,42061,Huntingdon County,42,Pennsylvania,44123,43.6,61300,30392,20957,12383,3388,78.52,169000,759,26.2
2022,42063,Indiana County,42,Pennsylvania,83394,39.6,57170,30494,37678,23068,9217,71.45,140700,771,28.6
2022,42065,Jefferson County,42,Pennsylvania,44326,43.7,56607,30280,22065,13466,4552,74.74,121100,743,27.7
2022,42067,Juniata County,42,Pennsylvania,23535,42.7,61915,31251,10502,6466,2386,73.05,185900,715,22.6
2022,42069,Lackawanna County,42,Pennsylvania,215672,41.9,63739,35296,99900,57476,30420,65.39,175700,917,27.5
2022,42071,Lancaster County,42,Pennsylvania,553202,39.0,81458,39872,216592,146185,62803,69.95,263600,1221,28.1
2022,42073,Lawrence County,42,Pennsylvania,85907,45.0,57585,32319,39647,26785,9148,74.54,130000,787,30.7
2022,42075,Lebanon County,42,Pennsylvania,143258,41.3,72532,35604,59213,39519,15717,71.55,211400,1023,29.0
2022,42077,Lehigh County,42,Pennsylvania,374110,38.9,74973,39856,149876,92474,49686,65.05,254500,1259,31.3
2022,42079,Luzerne County,42,Pennsylvania,325396,42.2,60836,33535,150885,89266,43342,67.32,152400,904,27.7
2022,42081,Lycoming County,42,Pennsylvania,114022,41.4,63437,32968,52671,31941,13764,69.89,182500,886,28.6
2022,42083,McKean County,42,Pennsylvania,40459,43.8,57861,30278,19530,12336,3595,77.43,96600,756,27.8
2022,42085,Mercer County,42,Pennsylvania,110600,45.0,57353,32081,50916,33207,12683,72.36,146100,761,28.4
2022,42087,Mifflin County,42,Pennsylvania,46146,43.3,58012,28979,21391,13308,5304,71.50,131300,763,25.6
2022,42089,Monroe County,42,Pennsylvania,168128,43.5,80656,36277,79377,46524,12589,78.70,221100,1311,32.7
2022,42091,Montgomery County,42,Pennsylvania,856399,41.2,107441,57945,346692,236503,93177,71.74,382300,1514,28.6
2022,42093,Montour County,42,Pennsylvania,18165,43.2,72626,43700,8096,5309,2324,69.55,227800,998,28.7
2022,42095,Northampton County,42,Pennsylvania,314299,41.9,82201,42643,127724,85375,35009,70.92,265600,1280,30.4
2022,42097,Northumberland County,42,Pennsylvania,91340,44.5,55952,31240,43417,27875,9900,73.79,141300,751,26.7
2022,42099,Perry County,42,Pennsylvania,45941,43.7,76103,37018,19943,14574,3492,80.67,210600,803,24.7
2022,42101,Philadelphia County,42,Pennsylvania,1593208,34.8,57537,35553,730630,344149,314980,52.21,215500,1250,31.3
2022,42103,Pike County,42,Pennsylvania,58996,48.9,76416,41139,39747,20059,3721,84.35,225100,1344,32.8
2022,42105,Potter County,42,Pennsylvania,16390,48.1,56491,29629,12395,5279,1316,80.05,135200,725,25.4
2022,42107,Schuylkill County,42,Pennsylvania,143201,44.2,63574,32316,67328,43614,13373,76.53,127900,801,25.9
2022,42109,Snyder County,42,Pennsylvania,39797,40.0,65914,31776,16003,10887,3543,75.45,197300,849,24.6
2022,42111,Somerset County,42,Pennsylvania,73802,46.7,57357,31627,37796,23373,5583,80.72,124500,704,27.2
2022,42113,Sullivan County,42,Pennsylvania,5880,55.0,62910,35618,5619,2081,381,84.52,179000,688,27.6
2022,42115,Susquehanna County,42,Pennsylvania,38540,48.5,63968,37532,21365,12284,3357,78.54,199000,855,26.1
2022,42117,Tioga County,42,Pennsylvania,41186,45.0,59707,31131,21545,12666,3917,76.38,165000,811,28.9
2022,42119,Union County,42,Pennsylvania,42908,39.7,64914,33566,16185,10156,4016,71.66,210300,899,29.9
2022,42121,Venango County,42,Pennsylvania,50475,47.6,59278,31667,26276,16024,5299,75.15,108500,740,27.3
2022,42123,Warren County,42,Pennsylvania,38492,47.4,57925,32319,21694,12624,3585,77.88,116300,728,23.9
2022,42125,Washington County,42,Pennsylvania,209631,44.2,74403,42859,97031,66254,20946,75.98,205600,879,24.6
2022,42127,Wayne County,42,Pennsylvania,51227,48.8,59240,32207,31981,16182,3565,81.95,211000,933,30.6
2022,42129,Westmoreland County,42,Pennsylvania,354414,47.2,69454,40193,168183,119358,33879,77.89,181600,822,26.7
2022,42131,Wyoming County,42,Pennsylvania,26219,45.3,67968,36533,12846,8353,2435,77.43,194700,876,24.2
2022,42133,York County,42,Pennsylvania,457051,41.0,79183,38926,187450,134921,43622,75.57,220700,1094,29.1
2022,44001,Bristol County,44,Rhode Island,50658,43.9,105875,56739,21475,14038,5135,73.22,443700,1264,29.7
2022,44003,Kent County,44,Rhode Island,170168,43.6,85732,46564,76104,52058,20141,72.10,306000,1226,30.2
2022,44005,Newport County,44,Rhode Island,85442,46.4,96319,58280,43415,23894,11892,66.77,503700,1544,28.6
2022,44007,Providence County,44,Rhode Island,657984,37.6,72579,38191,276370,141473,112162,55.78,310500,1161,28.8
2022,44009,Washington County,44,Rhode Island,129998,44.9,99510,50008,65689,39487,11939,76.78,436000,1284,29.5
2022,45001,Abbeville County,45,South Carolina,24368,44.5,49759,31443,11658,7313,2307,76.02,118400,791,29.2
2022,45003,Aiken County,45,South Carolina,169865,41.8,63212,34786,77577,51134,16770,75.30,181800,973,29.4
2022,45005,Allendale County,45,South Carolina,8073,43.1,37096,19654,4065,2153,1067,66.86,61800,713,23.1
2022,45007,Anderson County,45,South Carolina,204592,40.6,62347,33714,89805,60020,20281,74.74,189400,904,27.5
2022,45009,Bamberg County,45,South Carolina,13311,40.8,43920,21991,6644,3400,1210,73.75,97200,772,32.3
2022,45011,Barnwell County,45,South Carolina,20653,40.9,42470,25640,9914,5935,2407,71.15,97100,763,28.5
2022,45013,Beaufort County,45,South Carolina,189071,46.8,81260,48132,99281,57501,18612,75.55,377900,1435,29.9
2022,45015,Berkeley County,45,South Carolina,231419,36.7,77874,37563,94468,64310,22648,73.96,253100,1410,29.3
2022,45017,Calhoun County,45,South Carolina,14145,46.8,55550,30898,7059,4925,1026,82.76,130900,968,46.1
2022,45019,Charleston County,45,South Carolina,409840,38.9,78795,51480,202600,108650,63145,63.24,415000,1427,32.2
2022,45021,Cherokee County,45,South Carolina,56200,40.0,47011,26706,24775,15079,6209,70.83,124500,828,28.9
2022,45023,Chester County,45,South Carolina,32171,41.8,50022,26349,14651,9972,2918,77.36,133600,831,27.9
2022,45025,Chesterfield County,45,South Carolina,43536,42.6,46326,26435,20583,12342,4774,72.11,91400,796,29.4
2022,45027,Clarendon County,45,South Carolina,31163,45.5,48677,26290,15983,8687,2997,74.35,134000,670,32.3
2022,45029,Colleton County,45,South Carolina,38561,41.6,46795,26253,19904,11382,4274,72.70,127200,826,28.1
2022,45031,Darlington County,45,South Carolina,63025,41.4,44317,28821,29556,17280,7742,69.06,132600,804,32.8
2022,45033,Dillon County,45,South Carolina,28255,37.5,42454,21736,12869,5905,4528,56.60,89500,716,35.0
2022,45035,Dorchester County,45,South Carolina,162139,37.7,73686,36543,65088,44697,15034,74.83,273000,1259,31.3
2022,45037,Edgefield County,45,South Carolina,26181,42.9,60033,31232,11130,7083,2320,75.33,162900,786,32.8
2022,45039,Fairfield County,45,South Carolina,20942,46.6,44521,29269,10943,6609,2186,75.14,123200,830,37.3
2022,45041,Florence County,45,South Carolina,137015,39.0,56088,30733,60896,33791,18453,64.68,157400,871,29.0
2022,45043,Georgetown County,45,South Carolina,63594,51.0,59782,39403,36219,21281,4748,81.76,234600,1046,30.4
2022,45045,Greenville County,45,South Carolina,528251,38.5,71328,40427,228097,145000,65349,68.93,248900,1122,29.4
2022,45047,Greenwood County,45,South Carolina,69309,40.2,47553,30237,31404,17983,9657,65.06,144000,849,30.3
2022,45049,Hampton County,45,South Carolina,18890,40.2,40157,22727,8641,5304,1780,74.87,93900,808,29.5
2022,45051,Horry County,45,South Carolina,356578,47.6,59880,34147,206764,107070,35313,75.20,235000,1128,31.0
2022,45053,Jasper County,45,South Carolina,29444,43.6,60452,31228,13160,8667,3128,73.48,243700,1259,27.2
2022,45055,Kershaw County,45,South Carolina,65779,40.6,61343,30310,29223,20646,4593,81.80,173800,844,33.6
2022,45057,Lancaster County,45,South Carolina,97611,42.2,72186,39172,41410,30906,6987,81.56,272100,881,29.1
2022,45059,Laurens County,45,South Carolina,67456,41.2,52077,27221,31421,18366,7391,71.30,138600,826,28.3
2022,45061,Lee County,45,South Carolina,16557,41.5,39099,21054,7577,4577,1635,73.68,93400,753,32.3
2022,45063,Lexington County,45,South Carolina,295934,39.4,71280,37209,128830,90689,27984,76.42,197600,1061,28.2
2022,45065,McCormick County,45,South Carolina,9612,57.9,55569,32017,5461,3310,637,83.86,119500,736,31.3
2022,45067,Marion County,45,South Carolina,29212,41.6,35972,21952,14340,6739,4517,59.87,90200,643,22.9
2022,45069,Marlboro County,45,South Carolina,26585,41.5,34275,20703,12034,5985,3478,63.25,77900,680,27.0
2022,45071,Newberry County,45,South Carolina,37918,42.6,56706,32251,18313,11167,3860,74.31,139200,855,28.3
2022,45073,Oconee County,45,South Carolina,78775,46.2,56710,35315,41023,25002,8238,75.22,192800,852,31.6
2022,45075,Orangeburg County,45,South Carolina,84159,40.5,41020,23636,41365,21364,11323,65.36,105500,771,33.1
2022,45077,Pickens County,45,South Carolina,131106,36.1,57628,32059,56713,35004,15337,69.53,196600,896,33.6
2022,45079,Richland County,45,South Carolina,416161,33.9,59850,35720,182711,97287,65439,59.79,201200,1142,33.4
2022,45081,Saluda County,45,South Carolina,18952,43.3,51041,27912,9350,5714,1651,77.58,117800,709,28.8
2022,45083,Spartanburg County,45,South Carolina,330119,38.0,61955,32039,138058,91280,34114,72.79,195800,960,29.2
2022,45085,Sumter County,45,South Carolina,105199,36.9,53970,28319,47015,27028,13889,66.06,146300,995,28.9
2022,45087,Union County,45,South Carolina,27158,44.2,42305,26111,13508,8045,3535,69.47,95300,782,28.4
2022,45089,Williamsburg County,45,South Carolina,30879,43.2,40848,22946,14801,8874,3125,73.96,86900,786,31.4
2022,45091,York County,45,South Carolina,282987,39.2,80158,41486,115366,79206,29807,72.66,287600,1204,28.3
2022,46003,Aurora County,46,South Dakota,2590,41.4,71490,40299,1216,807,246,76.64,120800,735,17.3
2022,46005,Beadle County,46,South Dakota,19089,37.5,63813,32177,8436,5214,2229,70.05,152100,807,25.3
2022,46007,Bennett County,46,South Dakota,3391,27.0,44821,22068,1241,615,399,60.65,128100,621,19.6
2022,46009,Bon Homme County,46,South Dakota,7018,42.1,57554,26450,2817,1844,570,76.39,112700,702,23.4
2022,46011,Brookings County,46,South Dakota,34631,27.7,64438,32778,14882,7797,5569,58.33,227800,870,23.8
2022,46013,Brown County,46,South Dakota,38278,37.3,70379,38035,17948,10568,5467,65.91,200400,748,22.6
2022,46015,Brule County,46,South Dakota,5247,41.5,64821,34629,2365,1273,685,65.02,187900,755,19.1
2022,46017,Buffalo County,46,South Dakota,1859,24.0,42917,13731,588,241,251,48.98,103800,575,20.0
2022,46019,Butte County,46,South Dakota,10369,40.3,58106,34218,4725,3296,816,80.16,189000,885,29.2
2022,46021,Campbell County,46,South Dakota,1534,50.4,66932,40617,926,572,119,82.78,80300,713,29.4
2022,46023,Charles Mix County,46,South Dakota,9302,35.4,60729,27034,3668,2190,773,73.91,163200,713,20.0
2022,46025,Clark County,46,South Dakota,3837,41.2,59340,35573,1619,1092,268,80.29,135500,684,18.6
2022,46027,Clay County,46,South Dakota,14953,24.6,55963,30033,6152,2767,2649,51.09,209300,758,25.0
2022,46029,Codington County,46,South Dakota,28402,39.6,65747,36016,13257,8168,3997,67.14,206600,863,25.4
2022,46031,Corson County,46,South Dakota,3906,29.0,48125,18757,1369,604,467,56.40,76000,515,19.7
2022,46033,Custer County,46,South Dakota,8515,56.8,75943,43745,4979,3315,547,85.84,294700,948,22.4
2022,46035,Davison County,46,South Dakota,19966,39.7,55606,33282,9506,5306,3142,62.81,178100,772,25.1
2022,46037,Day County,46,South Dakota,5485,47.2,57558,34210,3428,1757,591,74.83,134800,594,22.7
2022,46039,Deuel County,46,South Dakota,4298,42.0,76997,35754,2136,1413,382,78.72,178100,628,21.4
2022,46041,Dewey County,46,South Dakota,5275,27.1,55077,20657,1934,1016,659,60.66,74800,670,21.8
2022,46043,Douglas County,46,South Dakota,2823,41.6,75048,37235,1347,834,243,77.44,120900,763,19.2
2022,46045,Edmunds County,46,South Dakota,4014,43.7,76806,40159,1948,1278,264,82.88,142300,839,22.3
2022,46047,Fall River County,46,South Dakota,7079,54.7,54886,33745,4094,2440,781,75.75,158500,813,33.6
2022,46049,Faulk County,46,South Dakota,2140,45.8,56734,31533,1046,637,128,83.27,115300,775,18.8
2022,46051,Grant County,46,South Dakota,7533,43.8,70851,38787,3444,2469,562,81.46,168500,493,24.6
2022,46053,Gregory County,46,South Dakota,3983,45.7,48272,31505,2211,1217,376,76.40,109100,565,22.4
2022,46055,Haakon County,46,South Dakota,1755,44.7,53109,32270,914,540,169,76.16,139200,620,17.6
2022,46057,Hamlin County,46,South Dakota,6196,33.1,76995,31643,2788,1736,415,80.71,181800,717,20.6
2022,46059,Hand County,46,South Dakota,3075,44.6,72857,40952,1705,958,428,69.12,150000,543,21.9
2022,46061,Hanson County,46,South Dakota,3443,37.3,86827,33489,1280,966,140,87.34,171300,810,18.0
2022,46063,Harding County,46,South Dakota,1176,45.1,71484,44603,711,352,166,67.95,128300,445,9.0
2022,46065,Hughes County,46,South Dakota,17812,39.2,83750,37645,7953,5433,1963,73.46,216500,920,23.9
2022,46067,Hutchinson County,46,South Dakota,7401,41.7,69139,35631,3220,2248,683,76.70,143800,660,22.0
2022,46069,Hyde County,46,South Dakota,1319,47.0,69712,36319,641,421,120,77.82,97300,792,20.0
2022,46071,Jackson County,46,South Dakota,2838,33.4,26078,15792,1017,413,322,56.19,108400,527,24.5
2022,46073,Jerauld County,46,South Dakota,1836,50.5,66607,47964,1016,734,125,85.45,117600,509,19.5
2022,46075,Jones County,46,South Dakota,1006,41.8,61250,30962,510,288,93,75.59,99000,700,16.5
2022,46077,Kingsbury County,46,South Dakota,5172,41.9,65964,36484,2636,1607,396,80.23,149300,681,26.9
2022,46079,Lake County,46,South Dakota,11207,44.3,74884,44809,5714,3340,1212,73.37,196600,819,29.2
2022,46081,Lawrence County,46,South Dakota,26047,43.0,62977,41086,14289,7482,3910,65.68,267900,888,26.5
2022,46083,Lincoln County,46,South Dakota,65801,35.9,92317,46868,26398,18689,7008,72.73,292200,1206,26.5
2022,46085,Lyman County,46,South Dakota,3719,36.0,60284,25997,1560,805,399,66.86,132100,615,18.6
2022,46087,McCook County,46,South Dakota,5714,39.5,74873,34242,2465,1820,398,82.06,186100,778,21.7
2022,46089,McPherson County,46,South Dakota,2251,50.9,58529,41144,1255,685,187,78.56,77900,553,26.3
2022,46091,Marshall County,46,South Dakota,4363,43.7,74018,44857,2412,1311,358,78.55,141100,690,18.2
2022,46093,Meade County,46,South Dakota,29970,36.5,70256,33857,12429,8330,3090,72.94,252300,1109,26.7
2022,46095,Mellette County,46,South Dakota,1989,36.3,41397,16826,766,351,270,56.52,60700,670,19.8
2022,46097,Miner County,46,South Dakota,2312,48.8,62037,32033,1214,738,172,81.10,93900,598,21.8
2022,46099,Minnehaha County,46,South Dakota,197742,35.6,73110,39289,84770,50674,29213,63.43,246200,927,25.6
2022,46101,Moody County,46,South Dakota,6346,40.6,71469,35419,2739,1754,767,69.58,194000,644,22.5
2022,46102,Oglala Lakota County,46,South Dakota,13695,26.3,32279,10955,3473,1358,1326,50.60,46700,545,23.2
2022,46103,Pennington County,46,South Dakota,110386,39.6,67823,38951,49747,31013,13816,69.18,247800,996,29.0
2022,46105,Perkins County,46,South Dakota,2970,45.4,64410,40235,1725,971,266,78.50,108900,685,27.3
2022,46107,Potter County,46,South Dakota,2587,44.7,71786,34335,1583,805,229,77.85,129800,730,22.0
2022,46109,Roberts County,46,South Dakota,10242,37.0,59022,28613,4818,2483,1176,67.86,127800,596,24.0
2022,46111,Sanborn County,46,South Dakota,2373,39.3,65806,35468,1134,714,225,76.04,128800,595,24.2
2022,46115,Spink County,46,South Dakota,6355,45.0,65795,37138,3007,1869,657,73.99,108200,651,18.6
2022,46117,Stanley County,46,South Dakota,2979,43.2,82298,46652,1468,1037,202,83.70,170400,917,21.6
2022,46119,Sully County,46,South Dakota,1318,52.7,66875,45475,889,482,117,80.47,190800,935,19.6
2022,46121,Todd County,46,South Dakota,9353,25.1,33792,12562,2888,1034,1373,42.96,40500,519,21.3
2022,46123,Tripp County,46,South Dakota,5607,44.7,56758,29463,2794,1545,634,70.90,128100,800,36.8
2022,46125,Turner County,46,South Dakota,8687,42.0,72312,36103,3876,2712,730,78.79,175300,691,24.3
2022,46127,Union County,46,South Dakota,16700,40.1,82036,47193,7298,4880,2087,70.04,254900,1008,23.1
2022,46129,Walworth County,46,South Dakota,5317,40.9,57697,35602,2939,1746,634,73.36,115900,832,23.8
2022,46135,Yankton County,46,South Dakota,23311,41.7,68847,37202,10405,6890,2899,70.39,190400,765,24.5
2022,46137,Ziebach County,46,South Dakota,2455,34.3,46023,23657,895,384,299,56.22,93000,685,28.1
2022,47001,Anderson County,47,Tennessee,77337,42.1,60633,32803,35326,21844,9431,69.84,193900,937,27.2
2022,47003,Bedford County,47,Tennessee,50533,37.9,59955,28520,19813,12998,5471,70.38,221200,863,24.9
2022,47005,Benton County,47,Tennessee,15933,47.9,47737,27185,8537,4980,1756,73.93,112000,779,25.0
2022,47007,Bledsoe County,47,Tennessee,14816,44.6,51783,24241,5860,3912,939,80.64,153700,751,29.3
2022,47009,Blount County,47,Tennessee,135951,43.8,70935,36376,60058,40762,12694,76.25,247600,957,25.4
2022,47011,Bradley County,47,Tennessee,108859,39.9,60692,31121,44924,28102,13238,67.98,209800,917,28.2
2022,47013,Campbell County,47,Tennessee,39397,44.2,48258,26791,20155,10944,5311,67.33,142100,704,24.7
2022,47015,Cannon County,47,Tennessee,14481,40.7,57651,30234,6338,4417,1352,76.56,217700,689,25.4
2022,47017,Carroll County,47,Tennessee,28381,41.7,49700,26818,13117,8227,2811,74.53,117500,723,27.1
2022,47019,Carter County,47,Tennessee,56315,46.0,47994,28321,27881,17555,6385,73.33,145000,727,25.3
2022,47021,Cheatham County,47,Tennessee,41184,40.9,77014,35852,16864,12749,2959,81.16,262200,1190,23.8
2022,47023,Chester County,47,Tennessee,17392,38.0,57471,24788,7224,4680,1426,76.65,136700,658,24.3
2022,47025,Claiborne County,47,Tennessee,32092,42.0,42406,25408,15358,9656,3823,71.64,135400,710,27.7
2022,47027,Clay County,47,Tennessee,7592,47.4,39572,22931,3981,2386,649,78.62,132500,588,26.6
2022,47029,Cocke County,47,Tennessee,36186,45.5,45110,25864,17833,10304,4243,70.83,137000,763,28.1
2022,47031,Coffee County,47,Tennessee,58080,39.3,57424,29277,24958,15660,7029,69.02,203400,844,27.3
2022,47033,Crockett County,47,Tennessee,13955,40.2,59136,30362,6109,3723,1686,68.83,127000,852,25.6
2022,47035,Cumberland County,47,Tennessee,61552,52.6,56002,30952,30555,21283,5648,79.03,199800,786,26.2
2022,47037,Davidson County,47,Tennessee,709786,34.7,71863,45951,333753,163993,138670,54.18,354700,1394,30.9
2022,47039,Decatur County,47,Tennessee,11483,45.8,48466,27578,6584,3413,950,78.23,128600,705,26.7
2022,47041,DeKalb County,47,Tennessee,20209,42.1,46907,27684,9903,5739,2621,68.65,183100,745,31.5
2022,47043,Dickson County,47,Tennessee,54563,39.2,68492,33582,22742,16224,4105,79.81,243800,947,23.2
2022,47045,Dyer County,47,Tennessee,36818,40.5,53150,37415,16278,9263,5377,63.27,148900,734,27.0
2022,47047,Fayette County,47,Tennessee,42228,46.8,81074,40613,17772,13392,3024,81.58,282600,871,30.3
2022,47049,Fentress County,47,Tennessee,18642,46.3,47884,24595,9206,5885,1722,77.36,137000,645,28.3
2022,47051,Franklin County,47,Tennessee,42980,42.4,57933,31395,19565,12759,4030,76.00,192400,828,26.8
2022,47053,Gibson County,47,Tennessee,50455,39.8,55455,27742,22403,13234,6714,66.34,130900,756,28.4
2022,47055,Giles County,47,Tennessee,30317,43.7,56877,31852,13990,8336,3051,73.21,172500,817,24.1
2022,47057,Grainger County,47,Tennessee,23648,45.6,47098,26545,11650,7226,2158,77.00,151200,648,31.2
2022,47059,Greene County,47,Tennessee,70399,44.7,51975,28237,32300,20948,6829,75.41,166500,689,23.9
2022,47061,Grundy County,47,Tennessee,13550,43.1,47948,25075,6216,4151,814,83.61,126400,694,25.9
2022,47063,Hamblen County,47,Tennessee,64531,41.2,49656,27845,27565,16946,8263,67.22,166300,799,29.6
2022,47065,Hamilton County,47,Tennessee,367193,39.7,69069,41198,163534,96162,52726,64.59,250900,1079,27.9
2022,47067,Hancock County,47,Tennessee,6726,44.9,31809,24120,3666,2203,626,77.87,112600,571,32.8
2022,47069,Hardeman County,47,Tennessee,25519,40.7,43566,22098,10699,6364,2645,70.64,112700,773,31.4
2022,47071,Hardin County,47,Tennessee,26824,45.5,46902,26068,15017,8243,2660,75.60,142300,735,25.2
2022,47073,Hawkins County,47,Tennessee,57107,45.5,53647,28648,27138,17820,4965,78.21,153800,737,25.9
2022,47075,Haywood County,47,Tennessee,17806,43.1,44890,26031,8274,4182,3018,58.08,116900,715,30.6
2022,47077,Henderson County,47,Tennessee,27845,40.7,51576,25873,12901,7652,3085,71.27,139600,759,27.1
2022,47079,Henry County,47,Tennessee,32305,45.7,48025,28098,16976,9897,3236,75.36,141000,727,25.4
2022,47081,Hickman County,47,Tennessee,24996,41.8,54669,27764,10503,7029,1821,79.42,163900,796,27.4
2022,47083,Houston County,47,Tennessee,8253,44.1,51544,27053,3957,2422,604,80.04,149200,719,24.0
2022,47085,Humphreys County,47,Tennessee,19032,43.0,54185,29561,8867,5318,1397,79.20,175600,814,26.1
2022,47087,Jackson County,47,Tennessee,11730,47.3,42357,25534,5833,3792,777,82.99,126100,777,28.5
2022,47089,Jefferson County,47,Tennessee,55017,44.4,60393,31947,24890,15505,5308,74.50,183800,832,24.7
2022,47091,Johnson County,47,Tennessee,17982,46.2,47571,26627,8741,5238,1635,76.21,156400,647,28.4
2022,47093,Knox County,47,Tennessee,481406,37.4,68580,39608,212074,126547,68295,64.95,248200,1097,29.2
2022,47095,Lake County,47,Tennessee,6898,41.8,32064,19695,2508,935,1078,46.45,111900,432,25.3
2022,47097,Lauderdale County,47,Tennessee,25171,38.9,46702,24358,10707,5661,3466,62.02,110800,694,28.1
2022,47099,Lawrence County,47,Tennessee,44377,39.0,51038,26865,18660,12426,4058,75.38,156500,715,27.6
2022,47101,Lewis County,47,Tennessee,12637,42.2,44613,26873,5681,3986,1087,78.57,139100,744,31.2
2022,47103,Lincoln County,47,Tennessee,35365,43.2,61374,32016,16002,10918,3386,76.33,186300,755,30.7
2022,47105,Loudon County,47,Tennessee,55507,48.5,75008,40425,24780,18350,4137,81.60,263800,960,25.9
2022,47107,McMinn County,47,Tennessee,53532,42.3,57982,30334,23933,15723,5507,74.06,173300,803,26.4
2022,47109,McNairy County,47,Tennessee,25895,42.9,46920,25004,12274,7664,2019,79.15,125400,706,24.8
2022,47111,Macon County,47,Tennessee,25365,39.1,51215,24979,10693,6577,2587,71.77,185100,789,27.7
2022,47113,Madison County,47,Tennessee,98644,38.4,55280,31380,43748,24344,14836,62.13,170700,994,33.0
2022,47115,Marion County,47,Tennessee,28852,43.6,58139,29314,13663,9095,2604,77.74,153000,824,26.1
2022,47117,Marshall County,47,Tennessee,34567,39.3,65325,32225,14357,10006,3013,76.86,218500,887,26.9
2022,47119,Maury County,47,Tennessee,102002,39.4,71500,35733,43464,28507,11084,72.00,273400,1126,28.2
2022,47121,Meigs County,47,Tennessee,12839,45.5,59434,26843,6087,3980,1218,76.57,163000,832,27.2
2022,47123,Monroe County,47,Tennessee,46489,44.6,52123,27356,21383,13673,5303,72.05,174800,668,26.8
2022,47125,Montgomery County,47,Tennessee,222305,31.4,67890,31438,87220,50399,30075,62.63,226400,1128,28.2
2022,47127,Moore County,47,Tennessee,6558,46.4,69250,35178,2981,2159,399,84.40,256700,769,26.4
2022,47129,Morgan County,47,Tennessee,21124,41.6,51971,27320,8546,5782,1311,81.52,133000,742,29.2
2022,47131,Obion County,47,Tennessee,30670,42.3,50638,28782,14335,8239,4303,65.69,119500,732,24.9
2022,47133,Overton County,47,Tennessee,22576,43.1,46580,29556,10353,6957,1863,78.88,156000,777,25.8
2022,47135,Perry County,47,Tennessee,8432,42.8,55978,30870,4808,2251,703,76.20,122900,699,24.2
2022,47137,Pickett County,47,Tennessee,5042,51.1,44317,27259,3361,1801,404,81.68,149300,720,20.8
2022,47139,Polk County,47,Tennessee,17620,46.3,53775,30400,8681,5601,1500,78.88,128200,678,25.9
2022,47141,Putnam County,47,Tennessee,80157,36.3,54371,29419,35507,19930,12803,60.89,221200,842,29.1
2022,47143,Rhea County,47,Tennessee,33031,40.9,55568,26678,15175,9365,3379,73.49,155800,780,25.1
2022,47145,Roane County,47,Tennessee,53777,47.4,66460,36579,25459,16968,4988,77.28,193400,753,27.6
2022,47147,Robertson County,47,Tennessee,73297,39.4,74440,35093,28703,20715,6439,76.29,271300,1065,26.6
2022,47149,Rutherford County,47,Tennessee,343727,34.0,78291,35135,131808,79898,42612,65.22,305100,1311,29.6
2022,47151,Scott County,47,Tennessee,21917,40.7,39744,22273,9834,6170,2444,71.63,113900,646,26.0
2022,47153,Sequatchie County,47,Tennessee,16065,44.4,53038,25954,6915,4537,1388,76.57,184600,786,37.8
2022,47155,Sevier County,47,Tennessee,98455,43.9,60103,31603,56728,27565,10628,72.17,239800,968,26.5
2022,47157,Shelby County,47,Tennessee,926440,35.9,59621,36230,401041,197510,160329,55.20,206100,1103,32.4
2022,47159,Smith County,47,Tennessee,20034,40.5,57677,31446,8577,5742,1932,74.82,200500,809,23.2
2022,47161,Stewart County,47,Tennessee,13724,44.3,57257,28362,6695,4083,934,81.38,163700,725,20.3
2022,47163,Sullivan County,47,Tennessee,158722,45.2,54357,33934,75686,49020,18555,72.54,173000,793,26.8
2022,47165,Sumner County,47,Tennessee,196845,39.8,81883,40419,79481,54501,20238,72.92,332700,1245,29.1
2022,47167,Tipton County,47,Tennessee,61116,38.4,70674,31909,24045,16961,5405,75.83,203500,1013,25.2
2022,47169,Trousdale County,47,Tennessee,11596,34.6,62018,26522,3776,2723,829,76.66,217400,822,23.6
2022,47171,Unicoi County,47,Tennessee,17845,47.4,49855,27930,8733,5612,2042,73.32,150600,664,35.2
2022,47173,Union County,47,Tennessee,19860,42.6,57094,28174,9609,6083,1469,80.55,164400,838,26.3
2022,47175,Van Buren County,47,Tennessee,6182,47.4,44730,24099,2896,1956,478,80.36,132700,658,26.9
2022,47177,Warren County,47,Tennessee,41163,40.3,52948,27059,18164,11309,4623,70.98,149700,734,26.9
2022,47179,Washington County,47,Tennessee,133282,40.1,58507,35562,60904,35735,19856,64.28,211100,890,28.0
2022,47181,Wayne County,47,Tennessee,16325,44.3,49360,26538,7184,4610,1134,80.26,129000,606,36.3
2022,47183,Weakley County,47,Tennessee,32946,37.9,47769,26820,15002,8559,4570,65.19,123100,723,27.1
2022,47185,White County,47,Tennessee,27420,43.0,48220,26213,12020,8134,2582,75.91,161500,835,27.9
2022,47187,Williamson County,47,Tennessee,248897,40.0,125943,61451,91828,70530,17708,79.93,611100,1817,27.1
2022,47189,Wilson County,47,Tennessee,149096,40.0,89462,42978,58967,42410,12627,77.06,358900,1268,29.4
2022,48001,Anderson County,48,Texas,58077,39.3,57445,23548,20287,11602,5297,68.65,154600,972,31.6
2022,48003,Andrews County,48,Texas,18362,32.4,86458,39749,6976,4789,1814,72.53,179300,1345,23.1
2022,48005,Angelina County,48,Texas,86608,37.8,57055,27460,36619,20380,11203,64.53,138600,985,29.1
2022,48007,Aransas County,48,Texas,24048,51.0,58168,40890,15600,9020,2392,79.04,221500,1076,29.4
2022,48009,Archer County,48,Texas,8649,43.1,69954,37873,3910,2836,531,84.23,157500,718,27.0
2022,48011,Armstrong County,48,Texas,1912,43.9,70417,31823,884,634,91,87.45,167600,942,18.1
2022,48013,Atascosa County,48,Texas,49403,35.8,67442,27386,18858,11957,3963,75.11,141000,977,25.7
2022,48015,Austin County,48,Texas,30406,41.0,73556,36399,13870,9490,2423,79.66,240000,1046,28.9
2022,48017,Bailey County,48,Texas,6902,30.3,69830,29674,2456,1415,518,73.20,112400,665,20.0
2022,48019,Bandera County,48,Texas,21182,53.4,70965,39162,11463,7464,1068,87.48,237300,927,28.0
2022,48021,Bastrop County,48,Texas,98435,38.0,80151,34079,36875,25884,7375,77.83,235900,1195,24.4
2022,48023,Baylor County,48,Texas,3475,46.7,52716,31392,2203,1004,473,67.98,92100,568,27.3
2022,48025,Bee County,48,Texas,30977,35.6,50283,22347,10591,5765,2798,67.32,106700,985,30.6
2022,48027,Bell County,48,Texas,372821,31.7,62858,31822,148787,73362,61133,54.55,196300,1095,29.5
2022,48029,Bexar County,48,Texas,2014059,34.2,67275,33963,792583,428306,301813,58.66,222300,1212,30.9
2022,48031,Blanco County,48,Texas,11608,49.5,79717,46356,6061,3772,1064,78.00,309800,863,27.9
2022,48033,Borden County,48,Texas,686,36.5,80625,39276,341,158,57,73.49,104200,-666666666,9.0
2022,48035,Bosque County,48,Texas,18404,46.1,63868,32990,9317,5512,1765,75.75,151400,886,24.1
2022,48037,Bowie County,48,Texas,92747,38.2,56628,30103,39659,21675,12811,62.85,150300,900,29.5
2022,48039,Brazoria County,48,Texas,374600,36.3,91972,39891,142985,94249,33015,74.06,256900,1333,29.1
2022,48041,Brazos County,48,Texas,234548,26.3,57562,32499,97310,40400,45889,46.82,260800,1120,36.1
2022,48043,Brewster County,48,Texas,9454,46.1,47747,35516,5923,2968,1990,59.86,200500,780,27.0
2022,48045,Briscoe County,48,Texas,1290,49.7,35446,29721,925,430,151,74.01,77400,850,18.3
2022,48047,Brooks County,48,Texas,7059,38.3,30566,20308,3665,1623,1029,61.20,80100,391,22.7
2022,48049,Brown County,48,Texas,38159,41.2,53792,30202,18946,10231,4746,68.31,137900,862,31.9
2022,48051,Burleson County,48,Texas,17958,44.1,71745,38918,9375,5973,1613,78.74,154700,977,24.3
2022,48053,Burnet County,48,Texas,49684,44.7,71482,40628,23802,14788,3841,79.38,268300,1232,27.8
2022,48055,Caldwell County,48,Texas,46141,37.8,66779,28742,16517,10788,4299,71.51,185400,1084,28.2
2022,48057,Calhoun County,48,Texas,20127,38.4,62267,33754,10696,6134,1911,76.25,128200,968,24.5
2022,48059,Callahan County,48,Texas,13869,43.5,63906,31856,6508,4323,947,82.03,129500,888,28.7
2022,48061,Cameron County,48,Texas,421854,32.0,47435,21440,155572,86523,46015,65.28,109600,855,30.5
2022,48063,Camp County,48,Texas,12543,39.0,53968,28004,5792,3479,964,78.30,146600,767,33.9
2022,48065,Carson County,48,Texas,5801,41.3,83199,40192,2779,1893,367,83.76,129700,933,20.6
2022,48067,Cass County,48,Texas,28637,44.3,54303,28608,13944,8998,2532,78.04,115600,834,31.1
2022,48069,Castro County,48,Texas,7381,34.8,59886,25425,3024,1540,844,64.60,96400,841,23.5
2022,48071,Chambers County,48,Texas,47037,35.4,106103,42628,17314,13180,2564,83.71,279200,1339,23.6
2022,48073,Cherokee County,48,Texas,50824,38.2,56971,26790,20909,13002,5067,71.96,138500,883,27.9
2022,48075,Childress County,48,Texas,6781,32.6,56063,27466,2734,1346,546,71.14,111100,858,25.4
2022,48077,Clay County,48,Texas,10290,46.8,75227,35847,5138,3422,782,81.40,139700,787,20.5
2022,48079,Cochran County,48,Texas,2529,37.4,41597,23748,1256,647,312,67.47,48000,702,21.7
2022,48081,Coke County,48,Texas,3305,47.1,40230,28397,2156,1036,451,69.67,94900,681,28.7
2022,48083,Coleman County,48,Texas,7808,48.4,51034,31249,4927,2314,896,72.09,91800,684,23.2
2022,48085,Collin County,48,Texas,1079153,37.1,113255,52654,406932,247538,136137,64.52,411100,1689,28.2
2022,48087,Collingsworth County,48,Texas,2865,38.3,52045,33436,1516,778,240,76.42,89500,651,20.4
2022,48089,Colorado County,48,Texas,20582,43.2,63352,35002,10064,6061,1315,82.17,172900,892,25.1
2022,48091,Comal County,48,Texas,165201,41.7,93744,47280,70899,48512,15445,75.85,369400,1390,29.0
2022,48093,Comanche County,48,Texas,13651,44.2,57383,31171,6957,4401,939,82.42,131800,795,28.0
2022,48095,Concho County,48,Texas,3235,46.4,55750,24207,1424,659,157,80.76,92900,927,26.8
2022,48097,Cooke County,48,Texas,41860,40.4,66374,36275,17698,11192,5004,69.10,207100,1064,27.0
2022,48099,Coryell County,48,Texas,82927,32.2,63281,26699,28808,14538,10618,57.79,153300,1046,27.4
2022,48101,Cottle County,48,Texas,1647,37.4,47625,26081,1069,462,230,66.76,51400,375,23.0
2022,48103,Crane County,48,Texas,4636,37.9,71364,31973,1817,1427,243,85.45,117000,913,20.0
2022,48105,Crockett County,48,Texas,2949,50.0,64103,35942,1855,932,357,72.30,181300,583,13.9
2022,48107,Crosby County,48,Texas,5157,39.4,50268,30888,2671,1414,580,70.91,69600,649,28.6
2022,48109,Culberson County,48,Texas,2181,47.5,35924,29295,942,477,152,75.83,83300,918,12.6
2022,48111,Dallam County,48,Texas,7165,30.8,71969,28936,3040,1672,661,71.67,113800,1105,29.8
2022,48113,Dallas County,48,Texas,2604053,33.8,70732,39172,1040669,484698,474486,50.53,252200,1374,29.6
2022,48115,Dawson County,48,Texas,12342,34.0,45268,22002,4892,2960,1173,71.62,95100,805,33.1
2022,48117,Deaf Smith County,48,Texas,18585,32.0,51942,23310,6983,3881,2141,64.45,107500,842,20.5
2022,48119,Delta County,48,Texas,5278,40.6,68491,34345,2435,1691,415,80.29,163700,875,30.9
2022,48121,Denton County,48,Texas,914870,36.5,104180,50470,351416,217961,116543,65.16,377000,1496,29.3
2022,48123,DeWitt County,48,Texas,19826,41.7,61100,29359,9180,4655,1931,70.68,156700,931,30.8
2022,48125,Dickens County,48,Texas,1570,47.9,46638,28798,1082,529,109,82.92,67000,533,33.5
2022,48127,Dimmit County,48,Texas,8672,36.4,27374,19505,4018,1825,983,64.99,75900,664,24.5
2022,48129,Donley County,48,Texas,3298,40.3,51711,25682,1954,870,328,72.62,98900,711,24.2
2022,48131,Duval County,48,Texas,9960,35.5,50697,21606,4469,2062,830,71.30,76000,870,21.9
2022,48133,Eastland County,48,Texas,17812,41.5,52902,31197,9414,4922,2161,69.49,110500,745,26.2
2022,48135,Ector County,48,Texas,162300,31.0,70566,34267,66082,39398,21278,64.93,175600,1232,28.7
2022,48137,Edwards County,48,Texas,1380,40.2,40809,25218,1004,430,96,81.75,86800,680,19.8
2022,48139,Ellis County,48,Texas,195509,36.2,93248,38628,69624,49846,15840,75.89,275800,1345,30.5
2022,48141,El Paso County,48,Texas,863832,32.8,55417,26011,317665,184338,108242,63.00,153600,978,30.6
2022,48143,Erath County,48,Texas,42788,31.6,59654,32181,18311,10124,5883,63.25,219600,1070,33.5
2022,48145,Falls County,48,Texas,17013,40.0,45172,29183,7455,4313,1186,78.43,103400,691,35.5
2022,48147,Fannin County,48,Texas,36052,40.4,65835,33481,14667,9528,3171,75.03,193200,979,26.8
2022,48149,Fayette County,48,Texas,24564,48.0,72881,37849,13198,7570,1740,81.31,254200,885,28.2
2022,48151,Fisher County,48,Texas,3680,42.2,60461,32722,2038,1197,317,79.06,82700,605,23.5
2022,48153,Floyd County,48,Texas,5386,35.7,49321,28755,2622,1348,590,69.56,90800,697,27.9
2022,48155,Foard County,48,Texas,1075,50.9,41944,27262,661,315,147,68.18,65000,537,29.0
2022,48157,Fort Bend County,48,Texas,832607,36.9,109987,45172,282291,209960,60176,77.72,329600,1669,30.0
2022,48159,Franklin County,48,Texas,10445,42.9,67915,39246,5143,3029,753,80.09,194800,951,23.8
2022,48161,Freestone County,48,Texas,19599,41.8,55902,28201,9080,5097,1604,76.06,154900,785,29.7
2022,48163,Frio County,48,Texas,18151,33.1,56042,22779,6335,2894,1815,61.46,98000,797,35.6
2022,48165,Gaines County,48,Texas,21523,29.3,73299,28701,7583,5078,1831,73.50,181100,711,26.0
2022,48167,Galveston County,48,Texas,350801,38.1,83913,42603,156803,91684,43591,67.78,260600,1301,30.2
2022,48169,Garza County,48,Texas,5735,41.8,56215,22188,2242,1167,510,69.59,87500,1048,19.8
2022,48171,Gillespie County,48,Texas,26953,49.7,70162,42067,14107,7705,3330,69.82,399400,1275,30.7
2022,48173,Glasscock County,48,Texas,1068,38.8,112188,50449,488,257,158,61.93,258300,-666666666,-666666666.0
2022,48175,Goliad County,48,Texas,7092,44.7,58125,36114,3532,2249,471,82.68,172400,788,35.0
2022,48177,Gonzales County,48,Texas,19736,36.8,64255,32807,8947,4968,2444,67.03,156100,895,22.6
2022,48179,Gray County,48,Texas,21272,36.6,54563,30303,10005,5648,2373,70.42,93600,846,32.2
2022,48181,Grayson County,48,Texas,137008,39.2,66608,34643,58923,34954,17130,67.11,206900,1096,28.7
2022,48183,Gregg County,48,Texas,124245,35.8,63811,32236,53265,27982,19026,59.53,171900,1008,28.6
2022,48185,Grimes County,48,Texas,29442,40.3,63484,28792,12038,7641,2128,78.22,212500,910,33.5
2022,48187,Guadalupe County,48,Texas,173828,37.3,88111,37184,65166,47052,13411,77.82,258600,1278,26.9
2022,48189,Hale County,48,Texas,32525,33.4,50721,23696,13396,6789,4208,61.74,97500,757,24.8
2022,48191,Hall County,48,Texas,2847,45.1,43873,26847,1754,802,343,70.04,68000,554,25.0
2022,48193,Hamilton County,48,Texas,8244,45.0,54890,36764,4352,2608,523,83.30,122600,865,28.7
2022,48195,Hansford County,48,Texas,5270,33.9,62350,27585,2283,1329,434,75.38,101700,823,25.5
2022,48197,Hardeman County,48,Texas,3541,44.1,60455,29783,1819,883,421,67.71,65800,612,18.6
2022,48199,Hardin County,48,Texas,56576,39.4,70164,33700,24308,17208,3637,82.55,175800,955,30.5
2022,48201,Harris County,48,Texas,4726177,34.1,70789,38184,1851489,924703,768193,54.62,235300,1269,31.0
2022,48203,Harrison County,48,Texas,69098,38.8,63427,30613,29305,18494,6499,74.00,164400,912,30.3
2022,48205,Hartley County,48,Texas,5369,39.7,78065,27850,1866,1296,330,79.70,226500,1102,24.9
2022,48207,Haskell County,48,Texas,5408,44.3,52786,37600,3101,1462,628,69.95,69800,862,22.2
2022,48209,Hays County,48,Texas,245351,33.2,79990,38909,94988,56117,33211,62.82,335700,1355,34.5
2022,48211,Hemphill County,48,Texas,3371,40.8,67798,40940,1679,987,358,73.38,200600,1025,31.2
2022,48213,Henderson County,48,Texas,82627,43.9,59778,32513,40933,24300,7673,76.00,159600,958,32.6
2022,48215,Hidalgo County,48,Texas,873167,29.8,49371,20844,296286,174713,82786,67.85,112700,875,30.8
2022,48217,Hill County,48,Texas,36138,41.2,60669,30730,16236,10088,3302,75.34,142000,893,29.1
2022,48219,Hockley County,48,Texas,21495,35.3,53283,28809,9184,5765,2157,72.77,110800,765,27.0
2022,48221,Hood County,48,Texas,62459,46.5,80013,41729,28396,19879,4855,80.37,249400,1255,32.4
2022,48223,Hopkins County,48,Texas,37008,39.7,63766,32100,15698,9655,4126,70.06,172800,958,24.2
2022,48225,Houston County,48,Texas,22107,43.9,51043,25346,10840,5180,2284,69.40,128300,819,30.4
2022,48227,Howard County,48,Texas,34488,37.6,67243,32431,13974,8017,3993,66.75,132900,981,26.2
2022,48229,Hudspeth County,48,Texas,3329,32.1,35163,16368,1143,608,282,68.31,57400,531,23.7
2022,48231,Hunt County,48,Texas,101596,37.6,66885,31362,41050,25573,10987,69.95,184000,1120,28.9
2022,48233,Hutchinson County,48,Texas,20595,38.3,62211,30038,10190,5497,1214,81.91,96500,881,24.9
2022,48235,Irion County,48,Texas,1561,39.5,54708,29664,827,571,76,88.25,149600,1145,34.4
2022,48237,Jack County,48,Texas,8588,39.2,58861,28626,3816,2183,814,72.84,135500,889,28.5
2022,48239,Jackson County,48,Texas,15010,40.4,67176,29684,7003,3875,1360,74.02,140300,896,23.7
2022,48241,Jasper County,48,Texas,33032,42.3,48818,31251,16417,10466,2676,79.64,117400,777,33.3
2022,48243,Jeff Davis County,48,Texas,1992,62.0,38125,38603,1810,978,117,89.32,167300,1113,51.0
2022,48245,Jefferson County,48,Texas,254942,36.8,57294,30770,108761,57492,35701,61.69,151500,1004,30.0
2022,48247,Jim Hogg County,48,Texas,4830,25.2,42292,18366,2094,855,487,63.71,115100,754,27.2
2022,48249,Jim Wells County,48,Texas,39060,35.6,46626,25030,16186,8774,4140,67.94,91600,849,31.7
2022,48251,Johnson County,48,Texas,182690,37.1,77058,32728,66715,46360,15937,74.42,225000,1271,28.7
2022,48253,Jones County,48,Texas,19758,38.4,59361,21173,7052,4862,1055,82.17,88400,954,28.2
2022,48255,Karnes County,48,Texas,14805,35.6,57798,25910,5842,2943,1416,67.52,137800,868,23.7
2022,48257,Kaufman County,48,Texas,149773,34.6,84075,33250,51145,37065,10834,77.38,256900,1286,31.3
2022,48259,Kendall County,48,Texas,45376,42.6,104196,56063,18342,12803,3960,76.38,464100,1455,30.2
2022,48261,Kenedy County,48,Texas,116,39.9,45455,21822,93,6,32,15.79,-666666666,-666666666,-666666666.0
2022,48263,Kent County,48,Texas,635,59.9,68553,29575,475,199,47,80.89,76400,921,15.4
2022,48265,Kerr County,48,Texas,52810,48.2,66713,38003,25246,15571,6453,70.70,260700,1048,29.1
2022,48267,Kimble County,48,Texas,4316,48.4,62386,39045,2694,1359,356,79.24,189600,716,23.1
2022,48269,King County,48,Texas,216,35.8,59375,26408,144,32,48,40.00,-666666666,-666666666,-666666666.0
2022,48271,Kinney County,48,Texas,3157,47.5,52386,29833,1473,829,276,75.02,112200,728,26.6
2022,48273,Kleberg County,48,Texas,30860,28.6,52487,25876,13921,6443,5472,54.07,128300,978,33.3
2022,48275,Knox County,48,Texas,3333,41.1,48750,24892,1815,974,274,78.04,55100,628,34.7
2022,48277,Lamar County,48,Texas,50149,40.3,58246,29888,22688,13423,6699,66.71,152800,847,29.5
2022,48279,Lamb County,48,Texas,13024,36.8,54519,26687,5899,3375,1257,72.86,79300,796,28.5
2022,48281,Lampasas County,48,Texas,21829,43.8,73269,33787,9721,6388,1546,80.51,217100,867,27.0
2022,48283,La Salle County,48,Texas,6965,35.0,62798,15492,2333,1335,353,79.09,99400,851,14.7
2022,48285,Lavaca County,48,Texas,20379,43.4,58530,34591,10468,6261,1945,76.30,205500,871,24.1
2022,48287,Lee County,48,Texas,17543,41.9,66448,31001,7886,4930,1383,78.09,208100,1037,27.8
2022,48289,Leon County,48,Texas,15928,44.7,57363,34519,8987,5010,1387,78.32,158700,900,23.9
2022,48291,Liberty County,48,Texas,93523,34.1,59605,25667,33616,23359,5562,80.77,145400,978,32.1
2022,48293,Limestone County,48,Texas,22222,42.0,53102,26479,10420,6129,2066,74.79,135400,784,26.9
2022,48295,Lipscomb County,48,Texas,3038,35.9,71625,33236,1507,885,250,77.97,119800,836,18.2
2022,48297,Live Oak County,48,Texas,11374,40.8,55949,27951,5957,3108,1045,74.84,143000,957,22.4
2022,48299,Llano County,48,Texas,21637,57.4,64241,48116,15388,7579,2033,78.85,287000,974,30.8
2022,48301,Loving County,48,Texas,96,31.9,-666666666,44821,55,12,28,30.00,218800,-666666666,-666666666.0
2022,48303,Lubbock County,48,Texas,311509,31.2,61911,33700,133802,67644,54041,55.59,183700,1087,31.3
2022,48305,Lynn County,48,Texas,5619,36.6,52996,31000,2535,1485,568,72.33,116800,887,31.6
2022,48307,McCulloch County,48,Texas,7638,44.4,53214,29514,4233,2229,957,69.96,98700,816,25.0
2022,48309,McLennan County,48,Texas,261090,33.6,59781,31036,106122,56585,38400,59.57,196400,1048,32.6
2022,48311,McMullen County,48,Texas,670,36.5,60313,27029,369,174,28,86.14,105100,732,22.5
2022,48313,Madison County,48,Texas,13556,36.2,65768,24340,5084,2911,1170,71.33,139100,814,18.8
2022,48315,Marion County,48,Texas,9668,52.1,48040,27263,5602,3115,899,77.60,103100,857,27.7
2022,48317,Martin County,48,Texas,5228,34.7,70217,36881,2173,1163,749,60.83,143500,1009,24.9
2022,48319,Mason County,48,Texas,3959,48.2,77583,36235,2374,1216,303,80.05,254500,818,30.8
2022,48321,Matagorda County,48,Texas,36251,37.1,56412,29001,18674,9766,4307,69.40,155200,960,35.4
2022,48323,Maverick County,48,Texas,57806,30.1,48497,21405,20063,12199,5702,68.15,125000,757,30.9
2022,48325,Medina County,48,Texas,51432,39.4,73060,31516,19596,14194,3102,82.07,186200,1038,30.1
2022,48327,Menard County,48,Texas,1964,59.4,40945,31983,1464,683,222,75.47,86500,720,25.6
2022,48329,Midland County,48,Texas,169393,32.1,90123,46914,70203,43733,21532,67.01,272900,1375,28.2
2022,48331,Milam County,48,Texas,25080,41.5,56985,31984,11564,7448,2319,76.26,149600,911,29.9
2022,48333,Mills County,48,Texas,4501,50.8,59315,37010,2653,1561,272,85.16,188900,655,20.6
2022,48335,Mitchell County,48,Texas,8947,32.3,49869,24591,3706,1710,701,70.92,83900,764,23.6
2022,48337,Montague County,48,Texas,20197,44.1,63336,31125,10281,6301,1606,79.69,166900,974,24.8
2022,48339,Montgomery County,48,Texas,629989,37.4,95946,48161,242656,163258,61216,72.73,293500,1416,27.5
2022,48341,Moore County,48,Texas,21284,30.7,59041,26321,8184,4537,2452,64.92,122700,879,22.3
2022,48343,Morris County,48,Texas,11993,43.0,51532,26199,5815,3587,1292,73.52,108600,783,27.4
2022,48345,Motley County,48,Texas,1223,50.7,66528,29788,718,349,111,75.87,72100,732,11.5
2022,48347,Nacogdoches County,48,Texas,64768,31.7,51153,27584,28903,14708,10185,59.08,150700,863,35.2
2022,48349,Navarro County,48,Texas,52834,37.5,56261,26910,21429,12257,5801,67.88,142300,978,30.0
2022,48351,Newton County,48,Texas,12333,45.5,38871,23995,6457,3858,929,80.59,90100,876,33.8
2022,48353,Nolan County,48,Texas,14657,36.6,47437,30572,7118,3711,1959,65.45,91300,810,27.0
2022,48355,Nueces County,48,Texas,353245,36.2,64027,32284,151836,77275,52847,59.39,177700,1175,30.3
2022,48357,Ochiltree County,48,Texas,9924,33.0,62240,30836,4327,2597,1087,70.49,118400,858,20.6
2022,48359,Oldham County,48,Texas,2171,35.0,71103,27710,791,452,179,71.63,125000,1120,38.5
2022,48361,Orange County,48,Texas,84761,37.7,71910,35301,37422,23503,7771,75.15,152800,974,29.3
2022,48363,Palo Pinto County,48,Texas,28569,41.3,65242,31890,15138,7667,2973,72.06,151500,963,29.2
2022,48365,Panola County,48,Texas,22540,39.2,58205,32024,10784,6493,1569,80.54,139400,799,29.3
2022,48367,Parker County,48,Texas,151188,39.4,95721,43434,57477,43127,9495,81.96,311000,1291,28.3
2022,48369,Parmer County,48,Texas,9809,36.3,65575,28342,3755,2280,923,71.18,134300,839,23.0
2022,48371,Pecos County,48,Texas,15114,36.7,59325,28217,5818,3580,1490,70.61,144300,986,25.0
2022,48373,Polk County,48,Texas,50536,43.8,57315,27922,25087,14110,3974,78.02,151100,920,27.9
2022,48375,Potter County,48,Texas,117905,34.5,47974,26406,48952,23904,18920,55.82,119900,943,29.7
2022,48377,Presidio County,48,Texas,6168,41.9,29012,22256,3396,1683,592,73.98,121000,391,27.8
2022,48379,Rains County,48,Texas,12257,47.6,60291,36069,5811,3766,944,79.96,174000,896,24.1
2022,48381,Randall County,48,Texas,141489,36.4,78038,40047,60525,38208,16776,69.49,209200,1072,25.7
2022,48383,Reagan County,48,Texas,3308,33.0,70319,28765,1325,735,355,67.43,123900,1057,21.1
2022,48385,Real County,48,Texas,2830,52.3,46842,22725,1817,736,256,74.19,258000,836,39.0
2022,48387,Red River County,48,Texas,11627,48.9,44583,25057,6195,3497,1165,75.01,113600,688,35.6
2022,48389,Reeves County,48,Texas,14022,35.4,57487,26180,5064,3089,1028,75.03,108800,951,26.2
2022,48391,Refugio County,48,Texas,6718,42.9,54304,27103,3311,1694,541,75.79,92900,720,34.5
2022,48393,Roberts County,48,Texas,764,42.5,62667,32250,397,277,43,86.56,164200,554,16.3
2022,48395,Robertson County,48,Texas,16912,40.6,59410,30568,8494,4746,1563,75.23,156800,781,27.3
2022,48397,Rockwall County,48,Texas,110631,37.6,121303,53000,39281,31503,6378,83.16,363500,1779,27.7
2022,48399,Runnels County,48,Texas,9858,40.9,55424,29784,5008,2907,873,76.90,89700,897,22.4
2022,48401,Rusk County,48,Texas,52755,38.8,61661,30365,21188,14084,3708,79.16,148100,963,29.4
2022,48403,Sabine County,48,Texas,9980,54.1,47061,33953,7634,3793,678,84.84,134300,725,25.0
2022,48405,San Augustine County,48,Texas,7920,48.6,45888,24673,4791,2212,839,72.50,82400,718,37.0
2022,48407,San Jacinto County,48,Texas,27666,45.3,54839,28124,14041,8354,1710,83.01,167700,992,25.3
2022,48409,San Patricio County,48,Texas,68942,36.0,63842,30692,29551,16229,7691,67.85,163900,1265,31.0
2022,48411,San Saba County,48,Texas,5779,41.9,54087,26377,2855,1532,482,76.07,134300,918,23.7
2022,48413,Schleicher County,48,Texas,2474,39.4,53774,28084,1296,757,142,84.20,96700,645,26.7
2022,48415,Scurry County,48,Texas,16883,36.2,58932,28549,6908,4603,1090,80.85,109400,1025,24.5
2022,48417,Shackelford County,48,Texas,3134,42.9,60924,32245,1583,1073,251,81.04,178500,486,32.1
2022,48419,Shelby County,48,Texas,24157,39.7,49231,26642,11500,6756,2232,75.17,107400,833,24.7
2022,48421,Sherman County,48,Texas,2414,38.4,66169,43340,1115,614,189,76.46,108100,969,21.1
2022,48423,Smith County,48,Texas,234667,37.2,69053,33903,97561,55863,25423,68.72,201400,1129,27.5
2022,48425,Somervell County,48,Texas,9337,43.1,87899,39037,3933,2749,596,82.18,246600,853,25.9
2022,48427,Starr County,48,Texas,65716,28.6,35979,16934,22828,13528,5106,72.60,88300,670,33.6
2022,48429,Stephens County,48,Texas,9260,40.9,44712,28231,4677,2677,728,78.62,98000,688,29.9
2022,48431,Sterling County,48,Texas,1392,32.1,63558,31039,521,337,55,85.97,121000,882,22.3
2022,48433,Stonewall County,48,Texas,1331,33.5,66591,26733,706,374,76,83.11,54700,757,14.6
2022,48435,Sutton County,48,Texas,3345,31.3,56778,22836,1641,681,387,63.76,132600,701,18.5
2022,48437,Swisher County,48,Texas,6989,35.9,40290,21371,3042,1648,753,68.64,85300,763,29.3
2022,48439,Tarrant County,48,Texas,2113854,34.9,78872,39407,812186,450549,304420,59.68,269400,1352,31.1
2022,48441,Taylor County,48,Texas,143029,32.9,61806,31492,60980,31646,22242,58.73,169800,1063,29.5
2022,48443,Terrell County,48,Texas,862,57.7,52813,36144,659,398,38,91.28,119800,-666666666,-666666666.0
2022,48445,Terry County,48,Texas,11816,35.4,42694,25206,4789,2744,1426,65.80,105500,763,35.1
2022,48447,Throckmorton County,48,Texas,1439,48.8,55221,30381,924,445,190,70.08,67000,536,19.8
2022,48449,Titus County,48,Texas,31301,34.4,57634,25058,12059,7225,3577,66.89,138900,808,25.0
2022,48451,Tom Green County,48,Texas,119276,35.0,67215,33861,51487,30671,14778,67.48,177800,1024,28.9
2022,48453,Travis County,48,Texas,1289054,35.1,92731,54870,571625,284583,253526,52.89,444800,1561,28.8
2022,48455,Trinity County,48,Texas,13735,50.1,51165,30911,8256,4542,1404,76.39,104300,776,26.7
2022,48457,Tyler County,48,Texas,19962,42.6,50898,29594,9516,5493,1318,80.65,124900,927,28.2
2022,48459,Upshur County,48,Texas,41261,40.9,60456,30236,17383,11722,3247,78.31,166600,958,26.2
2022,48461,Upton County,48,Texas,3284,39.9,55284,27385,1676,1051,312,77.11,95600,687,18.5
2022,48463,Uvalde County,48,Texas,24833,34.2,55000,26141,10108,5750,2670,68.29,129900,1014,28.0
2022,48465,Val Verde County,48,Texas,47693,31.7,57250,25181,18551,10975,5668,65.94,138500,913,24.9
2022,48467,Van Zandt County,48,Texas,60053,42.0,62334,33092,25484,17784,4542,79.66,181300,981,31.0
2022,48469,Victoria County,48,Texas,91209,36.3,66308,31747,38974,23006,11259,67.14,181200,1084,29.4
2022,48471,Walker County,48,Texas,77182,36.5,47193,23220,28801,13493,11099,54.87,187200,976,37.6
2022,48473,Waller County,48,Texas,57463,28.7,71643,32446,19537,12348,5432,69.45,268200,1109,29.0
2022,48475,Ward County,48,Texas,11347,35.2,70771,30854,5124,3430,834,80.44,117700,1061,32.8
2022,48477,Washington County,48,Texas,35807,41.9,70043,39147,17083,10643,3839,73.49,248300,1025,28.4
2022,48479,Webb County,48,Texas,267282,29.4,59984,23446,85296,49227,28570,63.28,161000,964,30.3
2022,48481,Wharton County,48,Texas,41614,37.7,59712,29061,17416,10112,5036,66.75,170100,894,26.0
2022,48483,Wheeler County,48,Texas,4980,40.0,58158,30454,2612,1403,505,73.53,105200,896,33.0
2022,48485,Wichita County,48,Texas,129584,34.8,58862,30834,55602,29453,19151,60.60,129000,937,27.5
2022,48487,Wilbarger County,48,Texas,12795,37.2,50769,24291,5861,2735,1891,59.12,82300,795,23.0
2022,48489,Willacy County,48,Texas,20308,33.7,42839,20229,6820,3743,1671,69.14,66900,695,30.9
2022,48491,Williamson County,48,Texas,617396,36.9,102851,47574,240082,155568,74338,67.67,370100,1597,28.7
2022,48493,Wilson County,48,Texas,50381,39.9,89708,40952,19017,14851,2494,85.62,266600,1054,25.5
2022,48495,Winkler County,48,Texas,7582,36.2,89155,32325,3210,2239,446,83.39,109100,902,17.4
2022,48497,Wise County,48,Texas,70062,39.3,85385,36614,26786,19660,4419,81.65,248400,1137,24.8
2022,48499,Wood County,48,Texas,45341,48.4,61748,34541,22123,14346,3478,80.49,170700,882,30.8
2022,48501,Yoakum County,48,Texas,7630,30.0,80317,34168,3009,1758,896,66.24,167900,983,25.1
2022,48503,Young County,48,Texas,17903,40.3,65565,35039,8554,5573,1992,73.67,142100,823,26.7
2022,48505,Zapata County,48,Texas,13896,30.9,35061,19139,6183,3413,1167,74.52,84800,557,31.1
2022,48507,Zavala County,48,Texas,9700,33.2,49243,20409,3956,2485,942,72.51,77300,838,22.7
2022,49001,Beaver County,49,Utah,7102,33.8,80268,28176,2904,1843,447,80.48,248200,948,19.4
2022,49003,Box Elder County,49,Utah,58291,33.1,72769,30762,19788,14116,4441,76.07,308900,927,24.9
2022,49005,Cache County,49,Utah,134428,25.5,72719,29298,44260,26748,14970,64.12,351700,1025,28.1
2022,49007,Carbon County,49,Utah,20338,37.8,53734,26450,9623,5355,2643,66.95,176400,786,30.1
2022,49009,Daggett County,49,Utah,638,43.3,61250,27261,1147,197,38,83.83,252400,-666666666,12.7
2022,49011,Davis County,49,Utah,363032,32.0,101285,39218,116139,87150,25005,77.70,423200,1407,27.6
2022,49013,Duchesne County,49,Utah,19779,33.1,70821,28650,8873,4992,1469,77.26,228600,894,23.0
2022,49015,Emery County,49,Utah,9898,38.4,67056,27771,4100,2698,749,78.27,168700,662,31.9
2022,49017,Garfield County,49,Utah,5121,40.4,56481,29240,3564,1428,524,73.16,237800,779,23.5
2022,49019,Grand County,49,Utah,9680,40.3,59171,37510,5248,2906,1429,67.04,426800,1020,26.7
2022,49021,Iron County,49,Utah,58068,29.5,63005,26650,22028,12644,5952,67.99,299400,935,28.6
2022,49023,Juab County,49,Utah,11943,30.1,88048,31545,3859,2862,732,79.63,322100,969,19.3
2022,49025,Kane County,49,Utah,7814,42.9,70327,36941,6109,2514,711,77.95,297500,1124,29.9
2022,49027,Millard County,49,Utah,13027,34.4,69403,27757,4942,3173,1004,75.96,227000,801,27.7
2022,49029,Morgan County,49,Utah,12367,32.1,120854,40485,3750,3048,458,86.94,556900,1276,19.5
2022,49031,Piute County,49,Utah,1764,49.5,33359,19919,893,518,51,91.04,218800,594,16.0
2022,49033,Rich County,49,Utah,2543,33.9,69250,26796,3091,605,160,79.08,272900,663,17.4
2022,49035,Salt Lake County,49,Utah,1180643,33.4,90011,40969,430705,273739,133934,67.15,440400,1394,28.9
2022,49037,San Juan County,49,Utah,14524,33.2,52108,25591,5552,3554,903,79.74,177900,861,21.8
2022,49039,Sanpete County,49,Utah,28816,33.1,64356,25257,10320,6706,1911,77.82,268600,910,26.5
2022,49041,Sevier County,49,Utah,21667,36.2,66972,28859,8596,5885,1511,79.57,239400,791,23.8
2022,49043,Summit County,49,Utah,42524,40.5,126392,67602,25959,11058,2597,80.98,895100,1822,25.5
2022,49045,Tooele County,49,Utah,74032,31.7,95545,34733,23365,18167,3957,82.11,343900,1079,25.7
2022,49047,Uintah County,49,Utah,35951,32.4,67983,27977,13689,8510,3037,73.70,253100,797,23.0
2022,49049,Utah County,49,Utah,666021,25.2,91263,33251,195342,128368,58803,68.58,443000,1330,28.7
2022,49051,Wasatch County,49,Utah,35009,35.5,104855,51178,14746,8829,2578,77.40,620800,1586,31.5
2022,49053,Washington County,49,Utah,183297,38.6,71976,36047,75758,46477,17674,72.45,417400,1321,30.1
2022,49055,Wayne County,49,Utah,2532,43.0,64870,32605,1690,821,230,78.12,316200,926,16.3
2022,49057,Weber County,49,Utah,262960,33.2,82291,34778,96614,66741,23249,74.16,346800,1188,27.4
2022,50001,Addison County,50,Vermont,37434,43.9,85870,42271,17455,11455,2961,79.46,311200,1153,28.7
2022,50003,Bennington County,50,Vermont,37326,46.7,68558,39717,20857,10823,3743,74.30,243000,974,33.9
2022,50005,Caledonia County,50,Vermont,30418,45.4,62964,36604,16037,9891,2928,77.16,197700,919,29.8
2022,50007,Chittenden County,50,Vermont,168309,36.7,89494,47458,73209,43933,25385,63.38,378300,1511,32.0
2022,50009,Essex County,50,Vermont,5976,51.6,55247,31891,4905,2231,436,83.65,151200,911,27.3
2022,50011,Franklin County,50,Vermont,50101,40.6,73633,35531,22714,14965,4268,77.81,263200,1125,31.5
2022,50013,Grand Isle County,50,Vermont,7335,48.6,86639,48551,5264,2719,308,89.82,339600,1206,36.3
2022,50015,Lamoille County,50,Vermont,25977,41.0,69886,42778,13946,8213,2963,73.49,270700,1066,26.7
2022,50017,Orange County,50,Vermont,29439,46.6,74534,38709,14998,10461,2229,82.43,231000,1125,30.7
2022,50019,Orleans County,50,Vermont,27459,45.6,63981,34365,16499,9228,2300,80.05,196700,898,28.1
2022,50021,Rutland County,50,Vermont,60585,47.7,62641,36845,33906,18314,7020,72.29,203500,891,29.5
2022,50023,Washington County,50,Vermont,59768,43.8,77278,43002,30697,18285,6881,72.66,278000,1077,28.5
2022,50025,Windham County,50,Vermont,45857,47.0,65473,40284,29978,13910,5472,71.77,250000,1031,29.6
2022,50027,Windsor County,50,Vermont,57832,47.8,69492,43180,34673,18794,5742,76.60,249700,1054,28.4
2022,51001,Accomack County,51,Virginia,33367,47.3,52694,31570,21769,9530,4722,66.87,184500,974,28.7
2022,51003,Albemarle County,51,Virginia,112513,39.7,97708,55347,47496,29604,14427,67.23,450200,1570,28.8
2022,51005,Alleghany County,51,Virginia,15159,48.0,52546,30143,7938,5250,1059,83.21,123600,662,26.7
2022,51007,Amelia County,51,Virginia,13309,45.1,63438,34122,5726,4438,820,84.40,233700,1249,31.1
2022,51009,Amherst County,51,Virginia,31426,43.9,64454,34137,14244,9550,3065,75.70,181600,811,28.0
2022,51011,Appomattox County,51,Virginia,16253,43.1,60041,31654,7338,5083,1452,77.78,178000,861,24.8
2022,51013,Arlington County,51,Virginia,235845,35.3,137387,85221,119247,46842,64045,42.24,833300,2227,25.6
2022,51015,Augusta County,51,Virginia,77433,44.8,76124,35582,32675,23663,6393,78.73,267100,1019,25.7
2022,51017,Bath County,51,Virginia,4177,51.8,55699,33856,3346,1355,550,71.13,184900,650,23.9
2022,51019,Bedford County,51,Virginia,79761,46.8,74773,40552,37302,27390,5120,84.25,263900,939,28.1
2022,51021,Bland County,51,Virginia,6241,46.4,59901,27904,3200,1904,331,85.19,132500,705,21.2
2022,51023,Botetourt County,51,Virginia,33734,47.5,77680,40289,14932,11198,1718,86.70,264200,869,22.1
2022,51025,Brunswick County,51,Virginia,15965,44.6,52678,26491,7940,4514,1651,73.22,127000,841,23.9
2022,51027,Buchanan County,51,Virginia,20246,47.6,39591,24126,10402,6117,1377,81.63,84900,728,40.2
2022,51029,Buckingham County,51,Virginia,16869,43.3,59894,27139,7184,4452,1446,75.48,160800,844,24.7
2022,51031,Campbell County,51,Virginia,55518,43.1,59022,31877,25285,16607,5802,74.11,183100,792,26.0
2022,51033,Caroline County,51,Virginia,31181,39.2,83562,38432,12511,9303,2084,81.70,253300,1212,31.3
2022,51035,Carroll County,51,Virginia,29126,48.7,49113,27972,16633,9522,2619,78.43,139200,643,24.3
2022,51036,Charles City County,51,Virginia,6760,52.0,65573,38351,3252,2459,446,84.65,198800,927,28.4
2022,51037,Charlotte County,51,Virginia,11563,45.4,51548,27159,5985,3137,1403,69.10,137000,732,32.8
2022,51041,Chesterfield County,51,Virginia,366019,38.9,95757,45041,139584,103831,30313,77.40,306500,1460,29.8
2022,51043,Clarke County,51,Virginia,14882,48.4,107475,50751,6398,4376,1241,77.91,496600,1260,36.4
2022,51045,Craig County,51,Virginia,4898,46.1,66286,32020,2466,1465,345,80.94,184700,687,16.7
2022,51047,Culpeper County,51,Virginia,52822,39.5,92359,39062,19285,13505,4683,74.25,369600,1383,27.5
2022,51049,Cumberland County,51,Virginia,9697,46.3,56497,38099,4658,3146,909,77.58,208600,803,23.6
2022,51051,Dickenson County,51,Virginia,14089,45.5,40143,25003,7367,4281,1262,77.23,89200,680,36.5
2022,51053,Dinwiddie County,51,Virginia,28057,43.4,77225,35506,11837,8194,2238,78.55,223800,1154,26.7
2022,51057,Essex County,51,Virginia,10602,46.9,52335,29021,5768,2784,1474,65.38,217000,942,41.0
2022,51059,Fairfax County,51,Virginia,1145354,38.6,145165,67598,426970,281648,129196,68.55,666900,2159,28.4
2022,51061,Fauquier County,51,Virginia,73290,40.8,122785,54878,28218,20158,5853,77.50,501200,1468,23.7
2022,51063,Floyd County,51,Virginia,15532,48.4,57146,31788,7947,5742,913,86.28,205400,809,24.3
2022,51065,Fluvanna County,51,Virginia,27442,43.1,90766,48426,11183,9014,1181,88.42,270900,1363,22.6
2022,51067,Franklin County,51,Virginia,54838,48.4,66275,37329,28305,17607,4415,79.95,207700,809,22.2
2022,51069,Frederick County,51,Virginia,92007,40.6,92443,43375,35963,25973,7561,77.45,333600,1347,27.0
2022,51071,Giles County,51,Virginia,16711,45.4,61987,31917,8309,5323,1529,77.69,141900,758,20.5
2022,51073,Gloucester County,51,Virginia,38875,44.3,83750,39450,17064,11754,3103,79.11,274500,1133,26.5
2022,51075,Goochland County,51,Virginia,24906,49.0,105600,63645,10623,8272,1516,84.51,433600,1407,25.0
2022,51077,Grayson County,51,Virginia,15356,49.0,43348,26270,8948,4969,1179,80.82,129100,703,28.2
2022,51079,Greene County,51,Virginia,20631,41.7,81338,39180,8555,5990,1672,78.18,287800,1277,27.8
2022,51081,Greensville County,51,Virginia,11373,40.8,51823,22437,4013,2245,977,69.68,146600,979,32.3
2022,51083,Halifax County,51,Virginia,34013,46.6,49145,26440,17384,9826,3693,72.68,133200,724,30.4
2022,51085,Hanover County,51,Virginia,110513,42.4,104678,49110,43331,34360,7023,83.03,347900,1392,27.6
2022,51087,Henrico County,51,Virginia,333120,39.3,82424,47865,141349,86570,47524,64.56,309700,1380,30.4
2022,51089,Henry County,51,Virginia,50760,48.3,43694,26097,25475,14941,5470,73.20,111800,686,28.1
2022,51091,Highland County,51,Virginia,2247,58.0,57070,32704,1814,876,138,86.39,182500,800,37.9
2022,51093,Isle of Wight County,51,Virginia,38898,44.2,91680,45230,16551,11901,3295,78.32,327600,1223,28.1
2022,51095,James City County,51,Virginia,78818,47.1,100711,50984,34104,23820,6870,77.61,396800,1435,31.4
2022,51097,King and Queen County,51,Virginia,6681,47.4,70147,38904,3464,2195,631,77.67,212500,1065,28.5
2022,51099,King George County,51,Virginia,26985,38.3,103264,44551,10391,7325,2412,75.23,372300,1385,29.6
2022,51101,King William County,51,Virginia,17845,40.8,79398,36145,7470,5935,958,86.10,252200,1239,26.2
2022,51103,Lancaster County,51,Virginia,10866,59.2,62674,46405,7452,4305,933,82.19,292300,959,30.0
2022,51105,Lee County,51,Virginia,22287,45.2,41619,23257,10906,6006,2318,72.15,95800,651,37.3
2022,51107,Loudoun County,51,Virginia,420773,37.3,170463,67251,142270,107275,31274,77.43,657000,2195,27.5
2022,51109,Louisa County,51,Virginia,38106,45.0,76594,40803,17707,11692,2950,79.85,266700,1137,34.6
2022,51111,Lunenburg County,51,Virginia,11988,44.0,54438,26486,5886,3188,1378,69.82,139700,802,27.3
2022,51113,Madison County,51,Virginia,13828,46.6,74586,35772,6064,4219,1105,79.24,311500,955,37.5
2022,51115,Mathews County,51,Virginia,8537,53.7,79054,48173,5478,3137,605,83.83,355900,966,27.1
2022,51117,Mecklenburg County,51,Virginia,30367,48.6,51265,31010,19063,9240,3797,70.88,157800,784,26.8
2022,51119,Middlesex County,51,Virginia,10738,54.9,69389,39111,7127,3976,738,84.34,288900,1056,25.2
2022,51121,Montgomery County,51,Virginia,99373,29.7,65270,32776,41660,19814,16248,54.94,269300,1161,31.8
2022,51125,Nelson County,51,Virginia,14773,50.7,64028,42837,9919,4847,1285,79.04,275100,921,26.6
2022,51127,New Kent County,51,Virginia,23296,43.2,113120,49666,9188,8011,664,92.35,354200,1391,30.3
2022,51131,Northampton County,51,Virginia,12132,51.3,54693,37321,7412,3437,1907,64.32,246300,763,26.6
2022,51133,Northumberland County,51,Virginia,12007,59.0,64655,45156,8989,4597,577,88.85,303700,1026,20.8
2022,51135,Nottoway County,51,Virginia,15638,41.3,62366,27223,6658,3861,1554,71.30,169500,895,27.0
2022,51137,Orange County,51,Virginia,36593,42.8,87309,41650,15700,11208,3101,78.33,316000,1085,27.7
2022,51139,Page County,51,Virginia,23753,45.3,56760,30146,11784,6700,2651,71.65,198000,845,27.9
2022,51141,Patrick County,51,Virginia,17660,50.9,49180,32883,10007,6140,1639,78.93,137200,668,27.9
2022,51143,Pittsylvania County,51,Virginia,60541,48.0,52619,28428,29526,18951,5536,77.39,144100,831,27.9
2022,51145,Powhatan County,51,Virginia,30503,45.6,108089,47268,11619,10099,978,91.17,356500,1170,26.0
2022,51147,Prince Edward County,51,Virginia,21922,32.0,57304,25205,9153,4520,2896,60.95,193400,909,31.0
2022,51149,Prince George County,51,Virginia,42634,34.2,80318,31801,13344,9082,3726,70.91,252300,1519,27.4
2022,51153,Prince William County,51,Virginia,481114,35.8,123193,48958,158642,113158,39458,74.15,472000,1907,30.2
2022,51155,Pulaski County,51,Virginia,33841,47.2,59740,34870,17031,10157,4298,70.27,181700,806,25.3
2022,51157,Rappahannock County,51,Virginia,7422,50.0,98663,54654,3850,2105,718,74.57,509500,1179,23.7
2022,51159,Richmond County,51,Virginia,8968,46.1,62708,27620,3944,1944,890,68.60,218600,915,21.8
2022,51161,Roanoke County,51,Virginia,96653,43.6,80872,43125,42135,29642,9514,75.70,245800,1116,27.3
2022,51163,Rockbridge County,51,Virginia,22673,49.4,61903,37087,11283,7326,2042,78.20,232100,925,26.7
2022,51165,Rockingham County,51,Virginia,83905,40.5,73232,37180,35692,23785,7827,75.24,266900,1078,26.0
2022,51167,Russell County,51,Virginia,25763,46.6,44088,25939,12814,7812,2626,74.84,112000,668,27.1
2022,51169,Scott County,51,Virginia,21536,47.7,44535,26681,11793,6941,1897,78.54,122300,621,22.9
2022,51171,Shenandoah County,51,Virginia,44337,43.6,62149,34170,21195,12765,4777,72.77,247600,950,26.4
2022,51173,Smyth County,51,Virginia,29799,46.2,45061,26660,15125,8659,3992,68.45,120600,691,28.7
2022,51175,Southampton County,51,Virginia,18003,47.0,67813,32218,7737,5265,1576,76.96,199700,881,27.6
2022,51177,Spotsylvania County,51,Virginia,141097,38.1,105068,44881,52516,39018,10431,78.91,349900,1677,29.7
2022,51179,Stafford County,51,Virginia,157606,36.4,128036,48971,52961,40044,10269,79.59,431900,1828,29.0
2022,51181,Surry County,51,Virginia,6546,50.5,68655,36497,3419,2139,606,77.92,231400,888,24.0
2022,51183,Sussex County,51,Virginia,10866,40.4,59195,28788,4665,2568,1130,69.44,151000,927,29.8
2022,51185,Tazewell County,51,Virginia,40392,44.6,46508,27327,19866,11476,4324,72.63,112200,733,27.4
2022,51187,Warren County,51,Virginia,40800,40.9,79313,37706,16794,11300,3935,74.17,293400,1175,26.6
2022,51191,Washington County,51,Virginia,53985,46.8,59116,33900,25509,16548,5465,75.17,181000,796,24.2
2022,51193,Westmoreland County,51,Virginia,18480,47.9,56647,35850,11176,5997,1835,76.57,244000,985,33.2
2022,51195,Wise County,51,Virginia,36105,42.0,47541,23702,16723,9882,4170,70.32,108000,715,26.5
2022,51197,Wythe County,51,Virginia,28275,45.6,53921,31810,14040,9354,3070,75.29,157100,668,27.5
2022,51199,York County,51,Virginia,70238,39.7,105154,47722,27905,18671,7207,72.15,387200,1701,29.0
2022,51510,Alexandria city,51,Virginia,157594,37.4,113179,75884,80253,31933,42885,42.68,655700,1983,28.0
2022,51520,Bristol city,51,Virginia,17036,43.7,45250,30419,8671,4596,2703,62.97,154900,784,26.7
2022,51530,Buena Vista city,51,Virginia,6639,35.3,48783,32925,2941,1533,1122,57.74,148800,953,31.6
2022,51540,Charlottesville city,51,Virginia,46289,32.4,67177,45625,21425,8262,11249,42.35,398400,1357,34.0
2022,51550,Chesapeake city,51,Virginia,249377,37.4,92703,42753,95076,66988,24380,73.32,339500,1446,32.3
2022,51570,Colonial Heights city,51,Virginia,18158,38.4,72216,37039,8123,5057,2555,66.43,221400,1123,32.0
2022,51580,Covington city,51,Virginia,5722,41.9,45737,24657,3049,1883,620,75.23,80100,718,27.2
2022,51590,Danville city,51,Virginia,42507,41.0,41484,26453,22291,9281,9474,49.49,102000,770,27.3
2022,51595,Emporia city,51,Virginia,5680,39.9,41442,24915,2810,899,1346,40.04,129400,960,29.3
2022,51600,Fairfax city,51,Virginia,24242,37.5,128708,59688,9323,6231,2898,68.26,649600,1972,32.5
2022,51610,Falls Church city,51,Virginia,14576,38.8,164536,83001,6127,3191,2549,55.59,938500,2074,23.8
2022,51620,Franklin city,51,Virginia,8194,38.8,57537,29683,3892,1863,1486,55.63,197900,925,30.0
2022,51630,Fredericksburg city,51,Virginia,28258,30.9,83445,43063,12118,4336,6940,38.45,438400,1462,27.9
2022,51640,Galax city,51,Virginia,6687,42.6,44612,29802,3169,1847,771,70.55,109300,660,25.3
2022,51650,Hampton city,51,Virginia,137217,36.5,64430,35002,62372,31942,25528,55.58,219800,1255,32.2
2022,51660,Harrisonburg city,51,Virginia,51784,25.4,56050,25881,18599,6534,10608,38.12,263700,1060,28.6
2022,51670,Hopewell city,51,Virginia,23046,35.7,50661,25664,10415,5007,4341,53.56,151600,1033,30.9
2022,51678,Lexington city,51,Virginia,7346,22.7,93651,29117,2525,1051,940,52.79,224700,1000,24.1
2022,51680,Lynchburg city,51,Virginia,79166,28.4,56243,28478,33821,14084,14826,48.72,196000,972,29.2
2022,51683,Manassas city,51,Virginia,42620,35.1,110559,42958,14345,10236,3604,73.96,393900,1784,30.4
2022,51685,Manassas Park city,51,Virginia,17123,35.8,91673,41595,5493,3311,1910,63.42,370700,2073,36.4
2022,51690,Martinsville city,51,Virginia,13539,39.9,39127,27052,7042,3069,2559,54.53,82800,736,29.8
2022,51700,Newport News city,51,Virginia,185118,34.1,63355,36135,81681,35931,39534,47.61,233400,1209,30.5
2022,51710,Norfolk city,51,Virginia,236973,32.2,60998,35761,101710,42001,51796,44.78,254200,1188,31.8
2022,51720,Norton city,51,Virginia,3668,43.6,36974,27666,1864,844,748,53.02,104200,613,27.6
2022,51730,Petersburg city,51,Virginia,33261,36.6,46930,28146,17941,5503,9200,37.43,147200,1082,29.1
2022,51735,Poquoson city,51,Virginia,12479,42.4,114503,47329,4927,3822,835,82.07,406700,1584,23.5
2022,51740,Portsmouth city,51,Virginia,97384,35.6,57154,31457,43096,21839,17123,56.05,213300,1225,34.2
2022,51750,Radford city,51,Virginia,16379,23.3,51039,24835,6450,2500,2967,45.73,204700,967,38.3
2022,51760,Richmond city,51,Virginia,227171,34.5,59606,42132,111524,43752,57449,43.23,308300,1227,31.6
2022,51770,Roanoke city,51,Virginia,99213,38.1,51523,33206,48726,22308,20498,52.11,162000,917,29.3
2022,51775,Salem city,51,Virginia,25372,40.8,68402,37991,11096,6426,3619,63.97,231900,1053,25.7
2022,51790,Staunton city,51,Virginia,25581,41.0,59731,34581,12293,6581,4483,59.48,219500,984,29.6
2022,51800,Suffolk city,51,Virginia,94856,38.5,87758,44004,38847,25584,10734,70.44,314400,1376,33.0
2022,51810,Virginia Beach city,51,Virginia,457900,37.1,87544,45320,189951,115493,63422,64.55,343700,1568,30.1
2022,51820,Waynesboro city,51,Virginia,22341,38.7,52519,30380,10288,5363,4068,56.87,226700,909,32.0
2022,51830,Williamsburg city,51,Virginia,15486,24.6,66815,35264,5732,2484,2398,50.88,385600,1274,31.3
2022,51840,Winchester city,51,Virginia,28103,36.6,62495,36012,12353,4929,6288,43.94,299900,1230,31.0
2022,53001,Adams County,53,Washington,20557,29.0,63105,24609,6774,4092,2212,64.91,216900,902,26.2
2022,53003,Asotin County,53,Washington,22370,45.4,63724,36800,10109,6859,2640,72.21,266400,941,28.8
2022,53005,Benton County,53,Washington,207560,36.1,83778,39668,80421,51384,24125,68.05,338700,1166,28.6
2022,53007,Chelan County,53,Washington,79076,40.1,71876,39746,37581,19298,11116,63.45,412300,1142,26.8
2022,53009,Clallam County,53,Washington,77333,51.2,66108,38181,37994,24894,9234,72.94,353600,1093,30.3
2022,53011,Clark County,53,Washington,504091,38.8,90115,43872,196557,126024,62839,66.73,453200,1572,29.9
2022,53013,Columbia County,53,Washington,3980,50.8,68825,40774,2196,1354,450,75.06,229600,847,23.6
2022,53015,Cowlitz County,53,Washington,110621,40.8,70912,35526,45540,28664,14503,66.40,332200,1090,30.1
2022,53017,Douglas County,53,Washington,43189,37.8,79422,39867,17438,10820,4654,69.92,366800,1181,25.0
2022,53019,Ferry County,53,Washington,7260,51.8,50424,31355,4100,2304,721,76.17,252700,690,27.4
2022,53021,Franklin County,53,Washington,96692,30.6,77877,31346,29806,19824,8526,69.93,308700,1124,28.7
2022,53023,Garfield County,53,Washington,2310,49.9,57958,31187,1202,782,227,77.50,190000,725,28.3
2022,53025,Grant County,53,Washington,99145,33.2,66387,29655,38851,21805,11861,64.77,244500,979,25.3
2022,53027,Grays Harbor County,53,Washington,75672,44.4,59105,31703,36204,21045,8497,71.24,249900,943,28.2
2022,53029,Island County,53,Washington,86510,44.2,82850,44217,42098,26207,9291,73.83,480800,1517,30.7
2022,53031,Jefferson County,53,Washington,33006,59.4,64796,44289,19148,12747,3112,80.38,449300,1169,26.6
2022,53033,King County,53,Washington,2254371,37.2,116340,66811,972821,514957,401313,56.20,761500,1950,28.4
2022,53035,Kitsap County,53,Washington,275411,39.7,93675,47713,113930,74050,31981,69.84,463000,1635,30.5
2022,53037,Kittitas County,53,Washington,44424,36.4,66800,39399,23918,11848,7402,61.55,417600,1152,32.7
2022,53039,Klickitat County,53,Washington,22798,47.0,66581,38760,10602,7213,2405,74.99,352500,986,31.7
2022,53041,Lewis County,53,Washington,82663,42.4,67247,32800,35604,22986,8525,72.95,306600,1016,29.6
2022,53043,Lincoln County,53,Washington,11036,46.7,68172,36741,5785,3528,1004,77.85,232500,839,21.5
2022,53045,Mason County,53,Washington,66053,45.1,74388,37088,33461,20183,5305,79.19,340300,1137,28.5
2022,53047,Okanogan County,53,Washington,42336,42.9,58218,29777,21917,11867,5138,69.79,251100,862,24.1
2022,53049,Pacific County,53,Washington,23396,54.7,58889,36899,16085,8779,1910,82.13,252100,955,30.6
2022,53051,Pend Oreille County,53,Washington,13570,50.4,59353,33981,7993,4363,1374,76.05,288200,793,29.4
2022,53053,Pierce County,53,Washington,918993,36.5,91486,43575,360816,220644,121139,64.56,444600,1604,31.0
2022,53055,San Juan County,53,Washington,18001,56.5,76745,59650,13851,6709,1945,77.52,673700,1279,29.7
2022,53057,Skagit County,53,Washington,129480,41.5,82029,41191,55875,35746,15078,70.33,444300,1350,31.0
2022,53059,Skamania County,53,Washington,12118,46.6,84500,42162,5830,3909,903,81.23,443000,1019,28.2
2022,53061,Snohomish County,53,Washington,828337,38.3,104083,49215,323438,210931,96712,68.56,592800,1794,30.7
2022,53063,Spokane County,53,Washington,538711,38.0,70394,38052,225044,136125,77399,63.75,331600,1123,30.5
2022,53065,Stevens County,53,Washington,46774,46.9,62381,32904,22312,14726,3745,79.72,277300,827,26.9
2022,53067,Thurston County,53,Washington,294272,39.5,88895,42306,121682,77830,37865,67.27,411700,1499,31.5
2022,53069,Wahkiakum County,53,Washington,4476,56.3,59167,31643,2200,1666,288,85.26,319100,1110,46.2
2022,53071,Walla Walla County,53,Washington,62150,38.0,66635,34476,25032,15200,7778,66.15,331600,1044,32.5
2022,53073,Whatcom County,53,Washington,226523,37.8,77581,40916,100394,57442,33729,63.00,475000,1370,33.8
2022,53075,Whitman County,53,Washington,47141,26.0,49345,30287,20974,8123,9840,45.22,298500,959,41.5
2022,53077,Yakima County,53,Washington,256143,33.0,64910,27448,90660,53324,32234,62.32,254700,1010,28.0
2022,54001,Barbour County,54,West Virginia,15527,42.6,44341,24947,7164,4348,1441,75.11,119000,665,26.4
2022,54003,Berkeley County,54,West Virginia,123283,38.8,73619,35909,51292,36589,11939,75.40,231600,1154,28.6
2022,54005,Boone County,54,West Virginia,21705,44.8,56182,26242,10205,6319,1673,79.07,87300,735,30.8
2022,54007,Braxton County,54,West Virginia,12505,46.8,42245,21948,6318,3722,845,81.50,95100,595,19.9
2022,54009,Brooke County,54,West Virginia,22349,46.4,51963,30400,10721,7165,2428,74.69,115000,591,22.3
2022,54011,Cabell County,54,West Virginia,93965,39.1,48944,30068,46101,25110,13744,64.63,144200,857,35.0
2022,54013,Calhoun County,54,West Virginia,6279,48.3,39031,22982,3225,1888,528,78.15,111000,494,22.3
2022,54015,Clay County,54,West Virginia,8049,45.0,41530,23264,3957,2343,522,81.78,100800,582,37.2
2022,54017,Doddridge County,54,West Virginia,7847,46.1,56587,29652,3279,2107,238,89.85,147300,556,24.4
2022,54019,Fayette County,54,West Virginia,40545,44.7,50090,24818,19227,12063,3875,75.69,103200,734,32.0
2022,54021,Gilmer County,54,West Virginia,7444,40.5,51552,20653,3112,1584,548,74.30,89800,670,26.5
2022,54023,Grant County,54,West Virginia,11034,46.2,52877,28274,5671,3341,819,80.31,150000,648,25.0
2022,54025,Greenbrier County,54,West Virginia,32995,46.6,45519,29992,17923,11027,3697,74.89,130400,790,32.1
2022,54027,Hampshire County,54,West Virginia,23275,47.7,55222,28713,12565,6558,1508,81.30,184800,749,26.6
2022,54029,Hancock County,54,West Virginia,28907,47.1,57515,34257,14240,9545,3440,73.51,111700,731,25.8
2022,54031,Hardy County,54,West Virginia,14249,45.2,49205,30667,8175,4445,1295,77.44,153300,832,24.2
2022,54033,Harrison County,54,West Virginia,65862,42.4,56184,32658,30581,19074,6814,73.68,146900,836,29.7
2022,54035,Jackson County,54,West Virginia,27868,43.3,55173,34014,12925,8549,2599,76.69,148200,700,24.2
2022,54037,Jefferson County,54,West Virginia,58043,41.0,93744,42359,23918,17092,4380,79.60,303400,1073,28.4
2022,54039,Kanawha County,54,West Virginia,179895,43.6,55226,34976,90524,53855,23397,69.71,131200,868,29.8
2022,54041,Lewis County,54,West Virginia,16920,43.5,50552,31444,8203,4975,1864,72.74,134100,726,27.7
2022,54043,Lincoln County,54,West Virginia,20410,43.7,50985,26713,9583,6060,1716,77.93,94500,734,24.8
2022,54045,Logan County,54,West Virginia,32350,44.1,42194,26111,14864,9370,3005,75.72,101200,737,24.2
2022,54047,McDowell County,54,West Virginia,18911,45.3,28235,15353,9450,5046,1501,77.07,47500,601,40.8
2022,54049,Marion County,54,West Virginia,56194,40.3,59974,31740,26295,17374,5709,75.27,147600,870,27.3
2022,54051,Marshall County,54,West Virginia,30509,46.4,58129,33673,14787,9600,2455,79.64,130500,788,29.4
2022,54053,Mason County,54,West Virginia,25488,44.2,53058,31085,12217,8525,1595,84.24,118100,651,26.2
2022,54055,Mercer County,54,West Virginia,59530,43.3,46409,27245,29375,17118,7353,69.95,115100,777,30.5
2022,54057,Mineral County,54,West Virginia,26957,44.6,64728,33580,12528,8533,1999,81.02,162400,713,25.7
2022,54059,Mingo County,54,West Virginia,23466,44.3,38305,21342,11602,6597,2496,72.55,89700,560,22.4
2022,54061,Monongalia County,54,West Virginia,105988,32.2,60893,38757,49565,25199,19007,57.00,242100,929,34.0
2022,54063,Monroe County,54,West Virginia,12438,45.9,52392,26120,6299,3753,843,81.66,138400,658,24.4
2022,54065,Morgan County,54,West Virginia,17237,48.6,61021,33029,9164,5947,1106,84.32,212500,742,27.5
2022,54067,Nicholas County,54,West Virginia,24624,45.4,48826,27744,12547,7737,1907,80.23,110600,664,27.2
2022,54069,Ohio County,54,West Virginia,42224,43.1,55521,36191,21189,11956,5531,68.37,153000,773,31.9
2022,54071,Pendleton County,54,West Virginia,6156,50.9,52458,27513,3757,1955,406,82.80,169200,666,22.4
2022,54073,Pleasants County,54,West Virginia,7622,43.6,59666,39138,3224,2339,398,85.46,121100,640,30.7
2022,54075,Pocahontas County,54,West Virginia,7940,49.4,41680,23736,6925,2490,461,84.38,129500,678,20.6
2022,54077,Preston County,54,West Virginia,34206,42.5,60136,27848,15175,10190,2433,80.73,147400,738,27.1
2022,54079,Putnam County,54,West Virginia,57347,42.2,75725,38589,24805,18398,4004,82.13,202300,1007,25.9
2022,54081,Raleigh County,54,West Virginia,74303,42.6,47975,27724,34708,22065,7330,75.06,132300,819,29.9
2022,54083,Randolph County,54,West Virginia,28005,44.6,51186,26289,13120,7711,2651,74.42,128700,766,30.1
2022,54085,Ritchie County,54,West Virginia,8507,46.6,48973,27997,4242,2733,524,83.91,105200,657,28.0
2022,54087,Roane County,54,West Virginia,14027,46.1,41299,24849,7174,4039,1422,73.96,117700,605,32.8
2022,54089,Summers County,54,West Virginia,11985,49.9,42991,24507,6598,3858,1032,78.90,123400,842,28.0
2022,54091,Taylor County,54,West Virginia,16602,44.3,52946,30095,7444,5380,1322,80.27,138100,702,26.6
2022,54093,Tucker County,54,West Virginia,6747,50.9,54053,32590,4696,2276,560,80.25,141100,783,24.0
2022,54095,Tyler County,54,West Virginia,8336,48.6,59167,29891,4177,2614,334,88.67,109800,642,23.4
2022,54097,Upshur County,54,West Virginia,23875,42.0,49663,28855,11224,7331,2206,76.87,153600,744,29.5
2022,54099,Wayne County,54,West Virginia,38933,44.5,52694,29774,18280,11479,3480,76.74,114200,865,24.1
2022,54101,Webster County,54,West Virginia,8362,47.8,43409,23494,4436,2360,650,78.41,82400,678,33.2
2022,54103,Wetzel County,54,West Virginia,14431,46.0,50715,27174,7326,4732,1129,80.74,106100,701,27.5
2022,54105,Wirt County,54,West Virginia,5202,46.6,52776,26966,2743,1817,332,84.55,109200,490,31.1
2022,54107,Wood County,54,West Virginia,84272,43.8,54350,31932,40287,26537,9007,74.66,140700,780,31.3
2022,54109,Wyoming County,54,West Virginia,21237,45.4,44510,22818,10010,6209,1515,80.39,74100,677,31.7
2022,55001,Adams County,55,Wisconsin,20730,55.1,55223,32223,16789,7781,1395,84.80,168400,719,25.0
2022,55003,Ashland County,55,Wisconsin,16041,42.2,57000,31563,9415,4915,1931,71.79,143500,658,24.1
2022,55005,Barron County,55,Wisconsin,46683,44.6,59379,34146,23846,14455,4742,75.30,182600,814,27.4
2022,55007,Bayfield County,55,Wisconsin,16214,53.6,67266,39449,13243,6258,1299,82.81,214700,828,23.8
2022,55009,Brown County,55,Wisconsin,268393,37.8,74066,39091,113199,70623,38473,64.73,226500,935,25.4
2022,55011,Buffalo County,55,Wisconsin,13329,46.4,64238,34866,6523,4359,1257,77.62,182900,808,24.7
2022,55013,Burnett County,55,Wisconsin,16561,54.4,60466,36322,15279,5918,1071,84.68,200800,767,25.5
2022,55015,Calumet County,55,Wisconsin,52361,41.7,84151,42110,21776,16862,3850,81.41,234000,948,25.5
2022,55017,Chippewa County,55,Wisconsin,66254,41.4,69815,36180,28784,19429,6897,73.80,215300,918,27.0
2022,55019,Clark County,55,Wisconsin,34703,37.1,63187,29589,14799,9871,2778,78.04,153000,756,23.2
2022,55021,Columbia County,55,Wisconsin,58272,42.8,79271,40144,26683,18253,5815,75.84,243600,911,23.4
2022,55023,Crawford County,55,Wisconsin,16123,47.2,60823,32129,8699,4885,1659,74.65,160300,781,22.6
2022,55025,Dane County,55,Wisconsin,559891,35.5,84297,49280,250416,139432,101367,57.90,342900,1268,28.4
2022,55027,Dodge County,55,Wisconsin,89032,42.7,71747,35949,38150,25144,10471,70.60,201000,929,23.4
2022,55029,Door County,55,Wisconsin,30038,53.6,68257,45367,23873,11226,2615,81.11,273300,949,25.5
2022,55031,Douglas County,55,Wisconsin,44092,42.6,64682,35646,22951,13328,5588,70.46,174900,833,27.3
2022,55033,Dunn County,55,Wisconsin,45221,35.4,69721,34615,18729,11448,5809,66.34,212000,908,25.6
2022,55035,Eau Claire County,55,Wisconsin,105697,35.5,70127,38529,45241,26983,15498,63.52,226400,929,25.0
2022,55037,Florence County,55,Wisconsin,4574,54.1,58049,36746,4639,1865,217,89.58,158400,571,18.9
2022,55039,Fond du Lac County,55,Wisconsin,104027,41.9,70368,36824,45711,29931,12437,70.65,195800,892,24.9
2022,55041,Forest County,55,Wisconsin,9239,48.7,55552,30310,8661,3026,697,81.28,160100,593,20.3
2022,55043,Grant County,55,Wisconsin,51842,36.8,63497,32097,22148,13839,6024,69.67,173400,795,26.3
2022,55045,Green County,55,Wisconsin,37066,43.0,76080,40954,16304,11754,3840,75.38,217000,820,22.3
2022,55047,Green Lake County,55,Wisconsin,19093,45.3,66395,35222,10703,6158,1867,76.74,186100,781,24.0
2022,55049,Iowa County,55,Wisconsin,23766,43.5,79226,39330,10965,7642,2153,78.02,231300,911,24.5
2022,55051,Iron County,55,Wisconsin,6136,56.1,55777,34669,5576,2498,443,84.94,144100,632,30.6
2022,55053,Jackson County,55,Wisconsin,20958,42.2,64630,32659,9646,6040,1950,75.59,170000,749,26.4
2022,55055,Jefferson County,55,Wisconsin,85932,41.5,77018,39035,36469,24941,9161,73.14,238300,981,24.5
2022,55057,Juneau County,55,Wisconsin,26695,45.7,63455,31211,14540,8400,2198,79.26,153700,820,24.9
2022,55059,Kenosha County,55,Wisconsin,168693,38.9,76583,38720,72447,44940,21765,67.37,234700,1110,28.6
2022,55061,Kewaunee County,55,Wisconsin,20570,44.4,77610,38012,9280,7115,1132,86.27,191500,831,25.6
2022,55063,La Crosse County,55,Wisconsin,120216,36.6,68731,39498,52777,31198,18981,62.17,226600,984,27.6
2022,55065,Lafayette County,55,Wisconsin,16716,41.7,69293,33484,7177,5271,1381,79.24,166700,796,23.5
2022,55067,Langlade County,55,Wisconsin,19512,48.6,55091,32989,12185,6504,1939,77.03,138000,715,24.8
2022,55069,Lincoln County,55,Wisconsin,28402,49.1,64314,35558,16151,9594,2632,78.47,163700,706,31.0
2022,55071,Manitowoc County,55,Wisconsin,81242,45.0,66412,35854,37821,26490,8370,75.99,160400,747,22.4
2022,55073,Marathon County,55,Wisconsin,137820,41.0,73248,38886,59980,41182,15302,72.91,194500,898,25.1
2022,55075,Marinette County,55,Wisconsin,41827,48.8,60347,33952,29305,14762,3807,79.50,142300,731,24.7
2022,55077,Marquette County,55,Wisconsin,15619,50.4,59748,33291,9788,5470,1360,80.09,189500,773,24.3
2022,55078,Menominee County,55,Wisconsin,4279,32.1,62194,24004,2154,917,390,70.16,104300,635,17.4
2022,55079,Milwaukee County,55,Wisconsin,933063,35.3,59319,35039,423764,192212,197035,49.38,200000,1012,29.4
2022,55081,Monroe County,55,Wisconsin,46208,39.7,66451,33256,19804,12867,5125,71.52,184000,919,25.0
2022,55083,Oconto County,55,Wisconsin,39048,47.5,73611,37124,23835,13783,2555,84.36,195200,775,24.1
2022,55085,Oneida County,55,Wisconsin,37799,51.8,66111,40086,30614,13558,2859,82.59,214700,876,28.3
2022,55087,Outagamie County,55,Wisconsin,190611,38.5,78705,42923,79305,54775,21871,71.46,224100,941,22.9
2022,55089,Ozaukee County,55,Wisconsin,91745,43.8,92258,55948,39120,27515,9963,73.42,344900,1103,25.1
2022,55091,Pepin County,55,Wisconsin,7363,46.3,70833,38730,3581,2525,553,82.03,178500,778,23.3
2022,55093,Pierce County,55,Wisconsin,42187,37.7,82996,39439,16872,11799,4058,74.41,278700,999,28.2
2022,55095,Polk County,55,Wisconsin,45128,46.5,74142,37674,24272,14932,3602,80.57,222800,922,24.6
2022,55097,Portage County,55,Wisconsin,70281,37.8,71301,37990,31265,20442,8869,69.74,214700,876,26.8
2022,55099,Price County,55,Wisconsin,14066,52.1,55822,33468,10797,5272,1358,79.52,136400,759,25.6
2022,55101,Racine County,55,Wisconsin,197068,40.2,72658,38288,84455,55341,23759,69.96,226500,985,27.4
2022,55103,Richland County,55,Wisconsin,17256,46.5,61985,33382,8507,5508,1688,76.54,161600,755,23.5
2022,55105,Rock County,55,Wisconsin,163817,40.0,70630,35594,70230,46462,19977,69.93,193000,981,26.2
2022,55107,Rusk County,55,Wisconsin,14179,49.0,57473,31329,8667,4884,1306,78.90,144800,793,26.0
2022,55109,St. Croix County,55,Wisconsin,93752,39.7,97950,45810,37640,28486,7518,79.12,323900,1127,24.7
2022,55111,Sauk County,55,Wisconsin,65664,41.1,72930,37431,30907,19987,7326,73.18,227500,914,26.7
2022,55113,Sawyer County,55,Wisconsin,18057,51.4,57519,36167,16045,6233,1977,75.92,210700,670,22.5
2022,55115,Shawano County,55,Wisconsin,40848,45.4,65493,34825,20416,13206,3447,79.30,166900,740,24.2
2022,55117,Sheboygan County,55,Wisconsin,117741,41.5,68969,37454,52375,35152,13883,71.69,198900,863,23.6
2022,55119,Taylor County,55,Wisconsin,19979,44.0,61360,32874,9490,6207,1547,80.05,168800,750,26.0
2022,55121,Trempealeau County,55,Wisconsin,30679,40.9,68474,34694,13286,9175,3195,74.17,193700,864,24.4
2022,55123,Vernon County,55,Wisconsin,30811,41.3,65177,32297,13874,9562,2429,79.74,192800,785,24.8
2022,55125,Vilas County,55,Wisconsin,23146,55.3,63726,40136,24661,8890,1761,83.47,255700,766,21.5
2022,55127,Walworth County,55,Wisconsin,105127,40.7,75172,40386,53231,29399,12780,69.70,254300,1034,26.5
2022,55129,Washburn County,55,Wisconsin,16685,52.2,58504,34396,12770,5896,1356,81.30,196900,805,27.5
2022,55131,Washington County,55,Wisconsin,136842,43.4,91915,45821,58391,43485,12794,77.27,293300,1073,26.1
2022,55133,Waukesha County,55,Wisconsin,407290,43.3,101639,55573,172274,127108,38625,76.69,352600,1235,27.7
2022,55135,Waupaca County,55,Wisconsin,51822,45.3,69198,39147,25536,17026,5329,76.16,178500,817,23.6
2022,55137,Waushara County,55,Wisconsin,24672,49.9,61033,37927,14776,8419,1739,82.88,174800,779,25.6
2022,55139,Winnebago County,55,Wisconsin,171197,38.4,70041,37983,76371,47490,24453,66.01,190600,880,25.2
2022,55141,Wood County,55,Wisconsin,74138,43.9,63273,36712,34558,23287,8600,73.03,156600,830,25.9
2022,56001,Albany County,56,Wyoming,37525,28.3,55887,34969,18634,8235,8055,50.55,291500,927,34.0
2022,56003,Big Horn County,56,Wyoming,11690,40.9,61262,29746,5355,3286,976,77.10,179800,785,23.0
2022,56005,Campbell County,56,Wyoming,46857,35.5,93315,39781,19900,13703,3806,78.26,247800,924,28.8
2022,56007,Carbon County,56,Wyoming,14609,39.5,65196,33905,8218,4256,1591,72.79,212800,825,24.2
2022,56009,Converse County,56,Wyoming,13729,41.1,79235,37976,6623,4554,1102,80.52,251700,928,29.6
2022,56011,Crook County,56,Wyoming,7258,44.2,68876,33386,3672,2159,596,78.37,270600,778,18.2
2022,56013,Fremont County,56,Wyoming,39402,38.9,60030,30414,17474,10333,4284,70.69,236700,819,26.6
2022,56015,Goshen County,56,Wyoming,12592,43.9,62356,32693,5866,3815,1254,75.26,217200,736,23.1
2022,56017,Hot Springs County,56,Wyoming,4616,45.8,64031,33128,2552,1503,602,71.40,191200,824,26.2
2022,56019,Johnson County,56,Wyoming,8536,46.1,60667,37691,4614,2837,1134,71.44,296200,932,27.7
2022,56021,Laramie County,56,Wyoming,100316,38.0,76282,41104,44389,29892,11515,72.19,295800,1043,28.0
2022,56023,Lincoln County,56,Wyoming,19794,40.7,83033,38245,9591,6056,1573,79.38,325500,818,22.3
2022,56025,Natrona County,56,Wyoming,79506,37.7,69104,40346,36936,23937,8958,72.77,247600,945,28.3
2022,56027,Niobrara County,56,Wyoming,2460,43.6,54375,29442,1325,755,317,70.43,195600,951,41.6
2022,56029,Park County,56,Wyoming,29878,45.0,66754,37544,14622,9599,3451,73.56,329500,877,26.1
2022,56031,Platte County,56,Wyoming,8618,49.1,64753,37756,4624,2860,1001,74.07,237100,788,22.5
2022,56033,Sheridan County,56,Wyoming,31176,42.8,68898,39656,14999,9011,4055,68.97,342400,919,28.0
2022,56035,Sublette County,56,Wyoming,8801,41.7,85960,54704,5235,2882,595,82.89,339400,985,29.9
2022,56037,Sweetwater County,56,Wyoming,42079,37.1,79375,40268,19198,11982,4353,73.35,240300,899,22.4
2022,56039,Teton County,56,Wyoming,23346,39.9,108279,76296,13365,6003,3642,62.24,1137500,1511,25.5
2022,56041,Uinta County,56,Wyoming,20546,36.0,78164,32955,8831,5914,1672,77.96,224800,790,22.5
2022,56043,Washakie County,56,Wyoming,7725,44.3,61875,32979,3856,2446,968,71.65,194000,689,23.1
2022,56045,Weston County,56,Wyoming,6870,43.1,71800,37067,3412,2375,263,90.03,208900,767,24.8
2022,01001,Autauga County,01,Alabama,58761,39.0,68315,35332,24457,16832,5476,75.45,191800,1199,25.3
2022,01003,Baldwin County,01,Alabama,233420,43.7,71039,38907,125113,70708,20094,77.87,266000,1160,30.4
2022,01005,Barbour County,01,Alabama,24877,40.6,39712,23378,11673,5858,3158,64.97,102700,627,25.9
2022,01007,Bibb County,01,Alabama,22251,40.3,50669,24966,9046,5465,1751,75.73,120100,765,34.7
2022,01009,Blount County,01,Alabama,59077,40.8,57440,29053,24677,17144,4482,79.27,159800,734,28.6
2022,01011,Bullock County,01,Alabama,10328,39.2,36136,22115,4541,2231,1219,64.67,87700,619,25.9
2022,01013,Butler County,01,Alabama,18981,41.6,44429,26334,9835,5047,2084,70.78,94800,720,29.7
2022,01015,Calhoun County,01,Alabama,116162,39.2,54339,28227,53167,31694,12999,70.91,140500,806,28.1
2022,01017,Chambers County,01,Alabama,34612,42.2,48805,27006,16427,9486,3657,72.18,116900,842,22.7
2022,01019,Cherokee County,01,Alabama,25069,46.8,46621,28422,14687,7972,2025,79.74,158700,700,27.6
2022,01021,Chilton County,01,Alabama,45140,39.9,62471,28497,19546,12700,4231,75.01,136000,814,21.6
2022,01023,Choctaw County,01,Alabama,12669,46.7,43299,26343,7138,4286,942,81.98,101600,616,27.2
2022,01025,Clarke County,01,Alabama,23058,42.7,47549,29310,11733,5916,2272,72.25,126200,723,31.0
2022,01027,Clay County,01,Alabama,14209,43.9,48074,27991,7040,4297,1188,78.34,144100,576,24.1
2022,01029,Cleburne County,01,Alabama,15144,42.2,51553,28598,6818,4496,1265,78.04,131900,782,26.7
2022,01031,Coffee County,01,Alabama,53559,39.2,62199,31227,24155,14145,6218,69.46,162200,921,25.6
2022,01033,Colbert County,01,Alabama,57270,42.0,56149,30724,27709,16520,6746,71.00,148500,810,28.6
2022,01035,Conecuh County,01,Alabama,11576,46.2,39888,24426,6451,3326,1127,74.69,98800,718,28.4
2022,01037,Coosa County,01,Alabama,10329,50.2,52279,28998,6045,3249,750,81.25,109500,632,30.2
2022,01039,Covington County,01,Alabama,37542,42.9,48772,28528,18644,10642,3552,74.98,124300,701,30.6
2022,01041,Crenshaw County,01,Alabama,13205,42.3,48557,32396,6553,3609,1230,74.58,100400,595,22.6
2022,01043,Cullman County,01,Alabama,88284,41.4,58119,29788,39182,25640,8009,76.20,166000,848,25.3
2022,01045,Dale County,01,Alabama,49455,37.7,52813,28312,22829,11669,7731,60.15,123800,829,24.8
2022,01047,Dallas County,01,Alabama,38326,40.4,37180,22798,18992,9060,5693,61.41,91600,726,33.7
2022,01049,DeKalb County,01,Alabama,71680,39.6,47920,24915,30716,18974,6716,73.86,129000,684,28.0
2022,01051,Elmore County,01,Alabama,87694,38.9,73258,34152,36787,24812,7372,77.09,200400,982,27.5
2022,01053,Escambia County,01,Alabama,36755,40.5,41153,21758,16715,8744,4278,67.15,122000,659,29.1
2022,01055,Etowah County,01,Alabama,103348,41.9,52177,28479,47412,28454,10337,73.35,148400,779,28.6
2022,01057,Fayette County,01,Alabama,16297,43.7,45650,27053,7816,4659,1484,75.84,112700,600,27.6
2022,01059,Franklin County,01,Alabama,32011,39.3,47359,24874,13940,8231,3008,73.24,121600,596,22.0
2022,01061,Geneva County,01,Alabama,26647,43.6,47608,25644,12494,7870,2521,75.74,120700,696,28.9
2022,01063,Greene County,01,Alabama,7706,41.1,32796,20862,4271,2112,760,73.54,88800,682,32.2
2022,01065,Hale County,01,Alabama,14742,40.5,35851,23690,7464,4187,1216,77.49,109400,668,36.1
2022,01067,Henry County,01,Alabama,17282,44.6,58395,30273,9110,5454,1232,81.57,132400,678,30.1
2022,01069,Houston County,01,Alabama,107040,40.4,55064,32126,49339,27196,14347,65.46,164900,858,27.2
2022,01071,Jackson County,01,Alabama,52618,43.0,46748,27695,24706,15733,4937,76.12,126900,702,26.1
2022,01073,Jefferson County,01,Alabama,672265,37.9,63595,38224,308428,170356,95438,64.09,208900,1086,31.2
2022,01075,Lamar County,01,Alabama,13885,44.2,49565,24794,7104,3858,1310,74.65,108200,495,30.7
2022,01077,Lauderdale County,01,Alabama,94329,40.8,56081,32678,44705,25815,12422,67.51,174800,773,26.4
2022,01079,Lawrence County,01,Alabama,33116,42.7,54786,29486,15270,10191,2638,79.44,134200,692,22.8
2022,01081,Lee County,01,Alabama,175126,33.0,59288,33083,75473,42517,22649,65.24,224400,953,34.1
2022,01083,Limestone County,01,Alabama,104199,40.2,80146,37504,42616,29968,8604,77.69,229400,861,24.1
2022,01085,Lowndes County,01,Alabama,10153,41.7,33125,23415,4823,3100,901,77.48,83400,760,37.8
2022,01087,Macon County,01,Alabama,19198,37.8,41206,22449,9662,4489,2642,62.95,93900,688,30.7
2022,01089,Madison County,01,Alabama,389781,38.5,78058,44720,171313,108545,51024,68.02,242900,1043,26.9
2022,01091,Marengo County,01,Alabama,19180,41.7,42975,27210,9834,5038,2341,68.27,98600,702,31.8
2022,01093,Marion County,01,Alabama,29203,44.0,49743,25205,14143,8031,2987,72.89,104300,581,27.0
2022,01095,Marshall County,01,Alabama,97923,38.8,58272,29509,41328,27083,8847,75.38,165600,746,27.3
2022,01097,Mobile County,01,Alabama,413878,38.2,55352,30482,184845,101334,58271,63.49,164600,973,32.1
2022,01099,Monroe County,01,Alabama,19816,43.7,39965,23090,10214,5285,2013,72.42,109300,692,29.4
2022,01101,Montgomery County,01,Alabama,228132,36.9,56707,32769,105488,51349,38372,57.23,151300,1028,31.0
2022,01103,Morgan County,01,Alabama,123102,40.6,61588,33223,53324,34922,13082,72.75,174800,791,28.3
2022,01105,Perry County,01,Alabama,8479,41.8,32332,16581,3985,2157,918,70.15,81700,560,29.2
2022,01107,Pickens County,01,Alabama,18925,42.9,45339,26912,8714,5253,1830,74.16,119800,578,28.7
2022,01109,Pike County,01,Alabama,32997,31.1,42616,26685,16049,7561,4435,63.03,144500,750,39.4
2022,01111,Randolph County,01,Alabama,22179,44.1,49879,27558,12412,6917,1812,79.24,155000,704,32.3
2022,01113,Russell County,01,Alabama,58849,37.2,47420,25855,27382,14351,9111,61.17,141900,908,30.9
2022,01115,St. Clair County,01,Alabama,91719,41.0,73218,33571,38133,27658,6180,81.74,202000,1044,25.1
2022,01117,Shelby County,01,Alabama,223916,40.0,90618,45701,89612,67810,15966,80.94,276500,1272,29.1
2022,01119,Sumter County,01,Alabama,12196,35.8,31726,19720,6329,3324,1474,69.28,88000,770,34.6
2022,01121,Talladega County,01,Alabama,81105,42.1,52457,29236,38088,23275,9084,71.93,131900,750,29.6
2022,01123,Tallapoosa County,01,Alabama,41251,45.2,53282,29682,22777,12409,4029,75.49,127100,701,24.6
2022,01125,Tuscaloosa County,01,Alabama,231558,32.8,61645,32141,101330,52792,31951,62.30,218800,974,31.5
2022,01127,Walker County,01,Alabama,64978,41.8,52987,28204,30127,19152,5566,77.48,124100,698,25.6
2022,01129,Washington County,01,Alabama,15434,43.7,51184,29210,7779,4868,638,88.41,138100,698,28.6
2022,01131,Wilcox County,01,Alabama,10441,41.1,38208,20442,5314,2844,735,79.46,83200,787,27.9
2022,01133,Winston County,01,Alabama,23655,45.4,49494,26933,13091,7122,1981,78.24,111600,680,27.9
2022,02013,Aleutians East Borough,02,Alaska,3407,41.6,79961,42165,1089,529,370,58.84,164100,1035,20.8
2022,02016,Aleutians West Census Area,02,Alaska,5219,39.2,100662,47339,1403,268,701,27.66,377100,1672,22.5
2022,02020,Anchorage Municipality,02,Alaska,290674,34.5,95731,46554,118938,68356,38778,63.80,363800,1405,28.8
2022,02050,Bethel Census Area,02,Alaska,18538,28.7,64094,25859,6003,2693,1872,58.99,120600,1408,19.1
2022,02060,Bristol Bay Borough,02,Alaska,854,36.4,94167,45499,875,144,140,50.70,253400,1183,14.1
2022,02063,Chugach Census Area,02,Alaska,7000,37.8,83068,44700,3760,1725,1030,62.61,287900,1364,26.7
2022,02066,Copper River Census Area,02,Alaska,2614,43.1,70606,37887,2564,750,340,68.81,235100,877,16.9
2022,02068,Denali Borough,02,Alaska,2101,44.4,87292,73692,1385,456,69,86.86,227000,863,27.1
2022,02070,Dillingham Census Area,02,Alaska,4854,30.7,69412,31948,2417,841,543,60.77,167700,1106,21.2
2022,02090,Fairbanks North Star Borough,02,Alaska,96299,32.1,81655,42744,42772,21494,14330,60.00,276800,1360,28.2
2022,02100,Haines Borough,02,Alaska,2079,46.2,68276,33585,1410,548,238,69.72,289200,889,26.3
2022,02105,Hoonah-Angoon Census Area,02,Alaska,2329,50.0,62344,39257,1708,646,221,74.51,243800,996,21.5
2022,02110,Juneau City and Borough,02,Alaska,32108,39.0,95711,49207,14073,8365,4652,64.26,404600,1464,24.9
2022,02122,Kenai Peninsula Borough,02,Alaska,59235,41.2,76272,40720,32567,17808,5393,76.76,280900,1126,29.6
2022,02130,Ketchikan Gateway Borough,02,Alaska,13910,40.6,82763,44368,6615,3656,1912,65.66,361000,1275,30.2
2022,02150,Kodiak Island Borough,02,Alaska,13065,35.1,91138,39563,5798,2500,1915,56.63,355000,1646,25.5
2022,02158,Kusilvak Census Area,02,Alaska,8372,23.7,42663,17166,2335,1322,542,70.92,82200,819,16.0
2022,02164,Lake and Peninsula Borough,02,Alaska,999,33.6,61607,39409,1380,219,107,67.18,167000,933,9.0
2022,02170,Matanuska-Susitna Borough,02,Alaska,108661,36.3,86435,39201,50491,30043,9247,76.46,296900,1242,30.6
2022,02180,Nome Census Area,02,Alaska,10018,29.1,70121,28678,4116,1745,1041,62.63,181300,1349,22.1
2022,02185,North Slope Borough,02,Alaska,10924,36.3,83472,61841,2625,1012,1156,46.68,193800,1231,18.3
2022,02188,Northwest Arctic Borough,02,Alaska,7682,29.2,77647,32133,2726,1083,693,60.98,147200,1386,21.2
2022,02195,Petersburg Borough,02,Alaska,3374,50.1,77826,37856,1792,920,334,73.37,279800,1074,26.3
2022,02198,Prince of Wales-Hyder Census Area,02,Alaska,5799,43.1,61779,34433,3252,1695,639,72.62,220800,883,22.1
2022,02220,Sitka City and Borough,02,Alaska,8462,39.5,95261,43964,4138,2231,1228,64.50,424700,1309,30.2
2022,02230,Skagway Municipality,02,Alaska,1303,38.6,79583,46771,631,269,141,65.61,434300,1044,18.9
2022,02240,Southeast Fairbanks Census Area,02,Alaska,6888,36.9,75378,33809,3537,1642,547,75.01,222200,1190,23.0
2022,02275,Wrangell City and Borough,02,Alaska,2134,48.9,61000,35421,1350,605,323,65.19,273800,966,26.3
2022,02282,Yakutat City and Borough,02,Alaska,564,41.3,76875,45578,420,129,102,55.84,152100,1304,13.5
2022,02290,Yukon-Koyukuk Census Area,02,Alaska,5355,35.8,47826,29382,4018,1504,574,72.38,86600,906,17.9
2022,04001,Apache County,04,Arizona,66054,35.6,37483,18930,29032,15838,3948,80.05,62400,635,17.5
2022,04003,Cochise County,04,Arizona,125504,41.4,58421,31423,59056,34882,14798,70.21,183000,893,27.9
2022,04005,Coconino County,04,Arizona,144705,31.7,67266,32592,69233,30705,21288,59.06,379400,1353,31.6
2022,04007,Gila County,04,Arizona,53419,50.6,55242,29945,32519,17178,5536,75.63,222500,966,27.9
2022,04009,Graham County,04,Arizona,38453,34.1,64089,24052,13755,8824,3194,73.42,178300,856,22.9
2022,04011,Greenlee County,04,Arizona,9483,35.5,73756,29394,4409,1857,1447,56.20,93900,532,9.0
2022,04012,La Paz County,04,Arizona,16681,57.3,46634,30399,13692,6092,2819,68.36,117500,691,19.2
2022,04013,Maricopa County,04,Arizona,4430871,37.1,80675,41533,1821463,1071054,594506,64.31,371400,1437,29.8
2022,04015,Mohave County,04,Arizona,214229,52.9,53592,32835,118073,69067,26102,72.57,233700,976,29.0
2022,04017,Navajo County,04,Arizona,107110,38.7,50335,22826,56556,27163,10402,72.31,165600,800,22.9
2022,04019,Pima County,04,Arizona,1042393,39.0,64323,36494,471058,271377,151698,64.14,258300,1071,30.6
2022,04021,Pinal County,04,Arizona,433338,39.8,73313,33158,175474,120657,30833,79.65,268900,1317,28.4
2022,04023,Santa Cruz County,04,Arizona,47838,37.3,51885,25619,18811,11190,5461,67.20,196700,741,29.1
2022,04025,Yavapai County,04,Arizona,237830,54.5,62430,37666,121829,77893,28649,73.11,354300,1128,28.2
2022,04027,Yuma County,04,Arizona,204374,35.3,56439,27516,92808,51575,23103,69.06,173500,950,28.8
2022,05001,Arkansas County,05,Arkansas,17024,41.4,58695,28759,8717,4345,2214,66.24,125900,749,31.3
2022,05003,Ashley County,05,Arkansas,19018,43.1,44804,25568,9432,5347,1847,74.33,86600,610,29.3
2022,05005,Baxter County,05,Arkansas,41801,52.1,47403,30264,22747,14142,4879,74.35,155600,810,28.3
2022,05007,Benton County,05,Arkansas,286528,35.7,85269,43359,114425,70667,33497,67.84,254000,1113,22.4
2022,05009,Boone County,05,Arkansas,37662,41.9,52275,28886,17354,10640,4532,70.13,158100,687,25.1
2022,05011,Bradley County,05,Arkansas,10461,40.2,43688,23830,5112,2329,1258,64.93,87900,636,26.9
2022,05013,Calhoun County,05,Arkansas,4773,44.2,60237,24047,2476,1295,203,86.45,82700,808,20.6
2022,05015,Carroll County,05,Arkansas,28362,44.6,56826,29123,13858,8682,2675,76.45,169700,751,26.8
2022,05017,Chicot County,05,Arkansas,10234,43.2,36593,24156,5131,2723,1285,67.94,88100,536,29.1
2022,05019,Clark County,05,Arkansas,21469,31.7,48071,24532,10039,4964,2991,62.40,143300,690,28.4
2022,05021,Clay County,05,Arkansas,14537,42.7,44685,26554,7514,4455,1608,73.48,85800,639,24.8
2022,05023,Cleburne County,05,Arkansas,24948,49.5,52780,31041,15619,8360,2266,78.67,162200,844,25.6
2022,05025,Cleveland County,05,Arkansas,7548,42.5,48913,26479,3604,2292,450,83.59,109200,673,31.4
2022,05027,Columbia County,05,Arkansas,22707,35.1,47441,27243,11051,5660,2166,72.32,123200,690,25.0
2022,05029,Conway County,05,Arkansas,20782,42.2,50282,28694,9659,5742,2680,68.18,129600,698,29.1
2022,05031,Craighead County,05,Arkansas,111038,34.4,55169,31298,47084,25279,17072,59.69,182600,870,29.9
2022,05033,Crawford County,05,Arkansas,60593,39.2,56702,28920,25453,17171,5560,75.54,154900,789,29.6
2022,05035,Crittenden County,05,Arkansas,47945,35.8,51860,27834,21335,10443,8144,56.18,147300,831,30.3
2022,05037,Cross County,05,Arkansas,16827,40.7,48129,27776,7618,4348,2216,66.24,97500,815,30.2
2022,05039,Dallas County,05,Arkansas,6472,45.8,40085,26378,3511,1638,651,71.56,94300,563,25.2
2022,05041,Desha County,05,Arkansas,11285,40.7,38067,21588,5828,2877,1726,62.50,88300,628,25.9
2022,05043,Drew County,05,Arkansas,17309,37.5,44968,27349,8289,4639,2274,67.11,123900,708,22.5
2022,05045,Faulkner County,05,Arkansas,124611,33.8,61273,31301,52070,29531,17865,62.31,195800,931,29.6
2022,05047,Franklin County,05,Arkansas,17160,42.5,47695,25517,7750,4940,1765,73.68,117500,684,26.6
2022,05049,Fulton County,05,Arkansas,12183,47.4,38917,22895,6247,4040,740,84.52,100000,649,33.0
2022,05051,Garland County,05,Arkansas,100021,45.4,54229,31854,52383,29509,13711,68.28,166600,913,25.2
2022,05053,Grant County,05,Arkansas,18022,40.2,68598,35170,7874,5506,1350,80.31,141400,802,31.7
2022,05055,Greene County,05,Arkansas,45954,37.8,54879,26941,19235,11421,6320,64.38,157400,808,27.6
2022,05057,Hempstead County,05,Arkansas,20037,40.4,45049,25577,9663,4977,2378,67.67,104700,764,30.2
2022,05059,Hot Spring County,05,Arkansas,33129,42.6,50260,25486,14247,9360,2540,78.66,119600,713,25.6
2022,05061,Howard County,05,Arkansas,12779,39.7,44824,25458,6168,3792,1432,72.59,125300,732,29.6
2022,05063,Independence County,05,Arkansas,37910,39.1,52361,27867,16689,10006,4411,69.40,111300,774,29.0
2022,05065,Izard County,05,Arkansas,13748,47.7,46159,25331,6764,3747,1103,77.26,110600,616,26.8
2022,05067,Jackson County,05,Arkansas,16784,40.2,41929,23048,7118,4075,2041,66.63,85700,650,27.2
2022,05069,Jefferson County,05,Arkansas,66934,39.5,46855,24571,30767,15371,8907,63.31,105300,820,29.2
2022,05071,Johnson County,05,Arkansas,25925,39.0,42470,22457,11503,6967,2932,70.38,119800,710,30.6
2022,05073,Lafayette County,05,Arkansas,6277,48.3,40262,23699,3948,1960,587,76.95,70900,659,23.8
2022,05075,Lawrence County,05,Arkansas,16258,39.8,43606,25301,7556,4274,2085,67.21,84300,690,25.8
2022,05077,Lee County,05,Arkansas,8666,41.6,33801,20338,3736,1601,985,61.91,80600,641,47.5
2022,05079,Lincoln County,05,Arkansas,13016,40.6,50526,18191,4400,2655,723,78.60,112500,595,24.8
2022,05081,Little River County,05,Arkansas,12024,42.3,58627,28764,6077,3971,763,83.88,108200,683,27.5
2022,05083,Logan County,05,Arkansas,21247,43.5,51131,28495,9779,6229,2176,74.11,121600,693,22.5
2022,05085,Lonoke County,05,Arkansas,74292,37.0,68078,32720,30238,19977,7605,72.43,169600,944,25.6
2022,05087,Madison County,05,Arkansas,16737,41.1,51514,27709,7666,4987,1263,79.79,148300,718,24.7
2022,05089,Marion County,05,Arkansas,16905,51.7,42891,25315,9515,5866,1274,82.16,147100,749,25.8
2022,05091,Miller County,05,Arkansas,42682,39.9,47613,26572,19790,10517,5346,66.30,137700,831,32.2
2022,05093,Mississippi County,05,Arkansas,40361,37.0,50012,27863,19194,9027,5978,60.16,110000,750,29.8
2022,05095,Monroe County,05,Arkansas,6787,45.8,41786,24117,3864,1796,1030,63.55,84600,543,30.8
2022,05097,Montgomery County,05,Arkansas,8555,50.5,47103,26815,5473,2887,702,80.44,126200,637,28.6
2022,05099,Nevada County,05,Arkansas,8292,44.7,43421,22041,4323,2103,1051,66.68,85100,773,34.7
2022,05101,Newton County,05,Arkansas,7243,48.7,50699,26544,4124,2172,733,74.77,160500,577,30.1
2022,05103,Ouachita County,05,Arkansas,22606,43.9,47348,25289,11925,6239,2220,73.76,96000,723,28.6
2022,05105,Perry County,05,Arkansas,10055,44.0,53980,26967,4946,2903,926,75.82,123400,716,24.1
2022,05107,Phillips County,05,Arkansas,16373,39.7,37458,22644,8434,3318,2862,53.69,74100,719,36.8
2022,05109,Pike County,05,Arkansas,10205,43.3,49248,28392,5319,3023,984,75.44,99200,657,31.7
2022,05111,Poinsett County,05,Arkansas,22997,39.9,43440,24807,10415,5778,3304,63.62,93900,642,28.1
2022,05113,Polk County,05,Arkansas,19384,44.4,48449,30395,9652,6165,1552,79.89,120800,730,23.6
2022,05115,Pope County,05,Arkansas,63475,36.7,51678,28018,26940,17056,6628,72.01,152000,810,29.4
2022,05117,Prairie County,05,Arkansas,8217,46.5,47045,29018,4105,2562,752,77.31,87200,645,25.8
2022,05119,Pulaski County,05,Arkansas,398322,37.7,58326,39146,190782,97554,70214,58.15,187600,985,29.4
2022,05121,Randolph County,05,Arkansas,18619,39.1,45993,25528,8587,5281,1909,73.45,110700,674,27.3
2022,05123,St. Francis County,05,Arkansas,23138,38.8,39822,20991,9653,4395,3707,54.25,82400,748,30.7
2022,05125,Saline County,05,Arkansas,123988,40.3,73236,36151,51927,37911,10554,78.22,194400,948,26.0
2022,05127,Scott County,05,Arkansas,9871,42.8,45340,23086,4880,2897,1004,74.26,97600,702,29.0
2022,05129,Searcy County,05,Arkansas,7880,46.9,42063,22384,4725,2161,787,73.30,107100,611,29.3
2022,05131,Sebastian County,05,Arkansas,128184,38.0,54047,32577,56926,31168,20694,60.10,154900,805,25.5
2022,05133,Sevier County,05,Arkansas,15913,34.9,53567,26369,6767,3603,1940,65.00,99200,700,19.8
2022,05135,Sharp County,05,Arkansas,17422,47.4,43332,25283,9535,5537,1364,80.23,89900,610,24.9
2022,05137,Stone County,05,Arkansas,12393,49.5,37664,21640,6796,3421,1310,72.31,153700,669,32.6
2022,05139,Union County,05,Arkansas,38815,41.3,49745,29252,18722,10868,4072,72.74,110900,775,26.1
2022,05141,Van Buren County,05,Arkansas,15900,49.7,45768,26183,9725,5405,1428,79.10,117900,716,31.1
2022,05143,Washington County,05,Arkansas,247331,32.3,61985,34531,100954,51179,42602,54.57,235500,935,27.0
2022,05145,White County,05,Arkansas,77118,38.3,51144,27364,33395,19105,9683,66.36,150700,793,29.2
2022,05147,Woodruff County,05,Arkansas,6259,45.2,49608,29216,3289,1814,812,69.08,96100,582,26.8
2022,05149,Yell County,05,Arkansas,20342,40.0,55879,26044,9293,5311,2440,68.52,128400,647,22.4
2022,06001,Alameda County,06,California,1663823,38.4,122488,60193,622856,317451,268367,54.19,999200,2229,29.5
2022,06003,Alpine County,06,California,1515,43.0,101125,55425,1617,360,75,82.76,463900,-666666666,18.3
2022,06005,Amador County,06,California,40577,49.6,74853,40379,18813,12440,3305,79.01,409600,1257,31.2
2022,06007,Butte County,06,California,213605,36.5,66085,36374,93069,48424,34895,58.12,371600,1280,34.1
2022,06009,Calaveras County,06,California,45674,52.1,77526,37935,27521,14114,3084,82.07,404200,1621,33.4
2022,06011,Colusa County,06,California,21811,36.0,69619,31915,8107,4686,2746,63.05,360100,1061,24.6
2022,06013,Contra Costa County,06,California,1162648,40.1,120020,59083,424057,274388,134149,67.16,787300,2234,32.4
2022,06015,Del Norte County,06,California,27462,40.0,61149,28396,11103,6492,3038,68.12,282500,1146,32.4
2022,06017,El Dorado County,06,California,191713,46.2,99246,55455,93679,57235,17955,76.12,597600,1597,32.5
2022,06019,Fresno County,06,California,1008280,32.8,67756,30130,339270,172455,145867,54.18,338200,1207,32.4
2022,06021,Glenn County,06,California,28657,35.8,64033,28106,10914,5906,3836,60.62,295400,978,28.0
2022,06023,Humboldt County,06,California,136132,39.5,57881,33988,62306,30965,23530,56.82,386000,1191,37.1
2022,06025,Imperial County,06,California,179578,32.6,53847,21216,56907,27122,19902,57.68,256000,961,32.1
2022,06027,Inyo County,06,California,18829,44.6,63417,36673,9471,5178,2671,65.97,325900,1131,25.2
2022,06029,Kern County,06,California,906883,32.2,63883,27976,301687,165473,112026,59.63,282800,1161,33.1
2022,06031,Kings County,06,California,152515,32.1,68540,26193,46500,23924,19670,54.88,281400,1201,28.2
2022,06033,Lake County,06,California,68024,44.5,56259,34020,34313,18420,8067,69.54,291300,1206,32.1
2022,06035,Lassen County,06,California,31873,37.2,59515,23646,12266,6131,2794,68.69,233100,1038,28.3
2022,06037,Los Angeles County,06,California,9936690,37.4,83411,41847,3599561,1552164,1810929,46.15,732200,1805,33.9
2022,06039,Madera County,06,California,157243,34.4,73543,28158,49880,28719,15138,65.48,340300,1185,30.5
2022,06041,Marin County,06,California,260485,47.4,142019,87300,111681,66444,37265,64.07,1291800,2487,31.3
2022,06043,Mariposa County,06,California,17130,51.6,60021,36106,9824,5604,1993,73.77,335900,1134,34.3
2022,06045,Mendocino County,06,California,91145,43.7,61335,34977,41380,21044,13513,60.90,463700,1240,32.7
2022,06047,Merced County,06,California,282290,31.5,64772,26869,87895,44156,38604,53.35,342300,1200,29.0
2022,06049,Modoc County,06,California,8651,47.5,54962,28860,4784,2557,846,75.14,184900,796,29.2
2022,06051,Mono County,06,California,13219,40.5,82038,43315,13625,3743,1730,68.39,496800,1259,23.6
2022,06053,Monterey County,06,California,437609,35.1,91043,37741,143743,68359,62614,52.19,683700,1873,32.2
2022,06055,Napa County,06,California,137384,42.5,105809,54306,55588,32076,17142,65.17,794500,2037,31.6
2022,06057,Nevada County,06,California,102322,50.2,79395,46706,53690,31000,10415,74.85,559700,1487,35.1
2022,06059,Orange County,06,California,3175227,38.7,109361,50683,1130658,602959,463327,56.55,862900,2248,33.0
2022,06061,Placer County,06,California,406608,42.3,109375,54004,173090,112597,39940,73.82,627100,1874,32.7
2022,06063,Plumas County,06,California,19650,52.3,67885,41701,15436,6023,2081,74.32,310100,1102,26.9
2022,06065,Riverside County,06,California,2429487,36.3,84505,35356,851646,513821,236155,68.51,462900,1711,34.0
2022,06067,Sacramento County,06,California,1579211,36.8,84010,39763,588894,328664,235192,58.29,465900,1599,32.6
2022,06069,San Benito County,06,California,64753,35.7,104451,40799,20485,13087,6765,65.92,703200,1830,29.7
2022,06071,San Bernardino County,06,California,2180563,33.9,77423,31348,733104,403105,256823,61.08,438000,1584,33.9
2022,06073,San Diego County,06,California,3289701,36.7,96974,46957,1230349,623317,525840,54.24,725200,2011,33.6
2022,06075,San Francisco County,06,California,851036,39.3,136689,86186,408198,139117,221725,38.55,1348700,2316,24.1
2022,06077,San Joaquin County,06,California,779445,34.8,82837,33870,252327,142391,95032,59.97,462000,1542,31.3
2022,06079,San Luis Obispo County,06,California,281712,40.0,90158,47390,123968,67031,41068,62.01,726700,1800,33.3
2022,06081,San Mateo County,06,California,754250,40.3,149907,77741,284211,157368,106955,59.54,1441300,2805,29.3
2022,06083,Santa Barbara County,06,California,445213,34.3,92332,44635,158807,78168,69864,52.80,714800,1964,33.4
2022,06085,Santa Clara County,06,California,1916831,37.7,153792,73017,688287,361551,288801,55.59,1316800,2719,27.5
2022,06087,Santa Cruz County,06,California,268571,39.2,104409,52887,106433,57852,38635,59.96,951300,2094,31.6
2022,06089,Shasta County,06,California,181852,41.7,68347,36458,79626,46257,24850,65.05,327500,1232,29.7
2022,06091,Sierra County,06,California,2916,54.9,61108,37692,2092,940,195,82.82,289400,1184,28.8
2022,06093,Siskiyou County,06,California,44049,47.2,53898,33650,23013,12744,6024,67.90,260200,984,32.7
2022,06095,Solano County,06,California,450995,38.8,97037,42886,162513,97692,57295,63.03,549100,1981,32.3
2022,06097,Sonoma County,06,California,488436,42.7,99266,52523,205393,116921,72732,61.65,748500,2029,32.1
2022,06099,Stanislaus County,06,California,552063,34.5,74872,32044,183317,106359,69388,60.52,393300,1433,31.6
2022,06101,Sutter County,06,California,99101,36.0,72654,34039,34560,19680,13361,59.56,375400,1289,30.4
2022,06103,Tehama County,06,California,65484,40.3,59029,33800,27440,16520,8103,67.09,290400,1119,29.3
2022,06105,Trinity County,06,California,15889,53.2,47317,32856,8201,3883,1600,70.82,326200,928,23.4
2022,06107,Tulare County,06,California,473446,31.5,64474,26282,151190,82078,58592,58.35,280900,1137,30.2
2022,06109,Tuolumne County,06,California,54993,48.7,70432,40095,31447,16991,5840,74.42,377700,1129,34.4
2022,06111,Ventura County,06,California,842009,39.0,102141,45846,293491,176575,99078,64.06,719100,2140,34.5
2022,06113,Yolo County,06,California,217141,32.0,85097,41703,80533,39712,36395,52.18,555200,1655,33.6
2022,06115,Yuba County,06,California,81705,33.5,66693,30036,29626,16928,10639,61.41,350600,1137,31.1
2022,08001,Adams County,08,Colorado,520149,34.4,86297,37550,187811,123826,57385,68.33,425000,1632,33.0
2022,08003,Alamosa County,08,Colorado,16460,32.2,52271,28945,7084,3702,2769,57.21,198500,815,26.3
2022,08005,Arapahoe County,08,Colorado,654453,37.1,92292,49530,262688,162810,87941,64.93,480500,1708,32.1
2022,08007,Archuleta County,08,Colorado,13509,50.8,66813,39155,9591,4349,1389,75.79,432400,1184,32.3
2022,08009,Baca County,08,Colorado,3496,42.0,42115,28115,1985,1169,417,73.71,119700,474,22.3
2022,08011,Bent County,08,Colorado,5561,40.7,45776,19041,2151,1114,694,61.62,110700,778,30.6
2022,08013,Boulder County,08,Colorado,328658,37.0,99770,57339,141007,83066,50324,62.27,671100,1828,34.7
2022,08014,Broomfield County,08,Colorado,73946,38.6,117541,60862,31338,19247,10856,63.94,581600,1923,28.3
2022,08015,Chaffee County,08,Colorado,19564,47.8,65703,38167,11072,6309,2757,69.59,514900,1330,31.0
2022,08017,Cheyenne County,08,Colorado,1726,43.2,65577,38791,969,584,156,78.92,166300,860,20.0
2022,08019,Clear Creek County,08,Colorado,9403,49.5,87169,59550,5717,3672,917,80.02,506900,1201,32.6
2022,08021,Conejos County,08,Colorado,7553,39.1,44093,25240,4043,2438,649,78.98,154500,686,27.2
2022,08023,Costilla County,08,Colorado,3534,52.8,34578,24318,2413,1167,363,76.27,145200,691,33.8
2022,08025,Crowley County,08,Colorado,5782,41.3,40685,20909,1525,936,379,71.18,92700,988,40.1
2022,08027,Custer County,08,Colorado,4885,58.1,66250,37232,4189,1897,284,86.98,327100,865,28.5
2022,08029,Delta County,08,Colorado,31173,47.8,56349,33055,14841,9328,2935,76.07,291400,933,33.9
2022,08031,Denver County,08,Colorado,710800,34.9,85853,56381,344760,159483,163481,49.38,540400,1665,28.8
2022,08033,Dolores County,08,Colorado,2329,59.2,64708,38098,1704,1020,165,86.08,208000,1513,19.3
2022,08035,Douglas County,08,Colorado,360206,39.3,139010,63186,136554,102929,29042,77.99,635100,1953,30.3
2022,08037,Eagle County,08,Colorado,55650,38.3,98887,55007,33054,13774,6310,68.58,728400,1868,34.6
2022,08039,Elbert County,08,Colorado,26457,45.6,124360,55535,9898,8881,633,93.35,623300,1436,28.1
2022,08041,El Paso County,08,Colorado,730323,34.7,82748,41444,289809,183106,93265,66.25,390500,1507,32.0
2022,08043,Fremont County,08,Colorado,49107,44.9,56165,28224,20302,13326,4351,75.39,264300,959,31.6
2022,08045,Garfield County,08,Colorado,61683,37.2,82772,39024,24313,15653,6737,69.91,449300,1444,29.4
2022,08047,Gilpin County,08,Colorado,5856,47.4,95902,57593,3516,2243,610,78.62,465300,1263,41.0
2022,08049,Grand County,08,Colorado,15724,44.6,79367,43553,16731,4535,1703,72.70,461200,1243,28.7
2022,08051,Gunnison County,08,Colorado,17018,36.4,76538,44167,12165,4898,2861,63.13,530300,1168,28.5
2022,08053,Hinsdale County,08,Colorado,911,56.9,58712,46944,1406,372,106,77.82,369200,979,24.5
2022,08055,Huerfano County,08,Colorado,6896,55.4,49631,29508,4738,2231,646,77.55,231200,735,38.9
2022,08057,Jackson County,08,Colorado,1440,51.5,38686,29657,1186,496,149,76.90,227300,1266,34.7
2022,08059,Jefferson County,08,Colorado,580519,40.2,103167,54571,248785,168238,70134,70.58,556800,1696,31.1
2022,08061,Kiowa County,08,Colorado,1347,43.3,45250,27957,687,407,144,73.87,127400,813,29.6
2022,08063,Kit Carson County,08,Colorado,7039,39.2,58992,36039,3430,2004,975,67.27,182700,931,23.9
2022,08065,Lake County,08,Colorado,7403,36.8,78942,44794,4010,2196,641,77.41,331000,1554,33.7
2022,08067,La Plata County,08,Colorado,55983,41.8,81936,44614,28233,16036,6655,70.67,497800,1344,31.2
2022,08069,Larimer County,08,Colorado,359363,36.3,87199,46676,159083,96055,52796,64.53,488300,1584,31.9
2022,08071,Las Animas County,08,Colorado,14422,46.8,48965,29432,8112,4688,1943,70.70,190900,806,30.4
2022,08073,Lincoln County,08,Colorado,5583,40.4,59167,27610,2373,1368,554,71.18,238000,820,25.9
2022,08075,Logan County,08,Colorado,21302,38.9,54864,29440,8693,5713,2272,71.55,203100,854,28.2
2022,08077,Mesa County,08,Colorado,156131,40.6,68077,36303,67708,45317,17781,71.82,312600,1089,28.9
2022,08079,Mineral County,08,Colorado,794,54.7,58929,37647,1261,308,110,73.68,379000,824,30.0
2022,08081,Moffat County,08,Colorado,13232,37.1,63983,33019,6096,3467,1720,66.84,247500,974,27.1
2022,08083,Montezuma County,08,Colorado,26070,43.7,61377,31044,12269,7736,2784,73.54,282500,893,32.3
2022,08085,Montrose County,08,Colorado,42823,45.9,62817,35755,19122,12961,4081,76.05,314100,1061,31.8
2022,08087,Morgan County,08,Colorado,29045,36.9,70471,30422,11566,7022,3850,64.59,277400,1038,28.7
2022,08089,Otero County,08,Colorado,18580,40.5,47500,25789,8735,5282,2312,69.55,132600,802,29.2
2022,08091,Ouray County,08,Colorado,4936,56.8,78750,47768,3448,1864,571,76.55,596400,1239,28.3
2022,08093,Park County,08,Colorado,17597,51.3,85019,48221,14198,6863,825,89.27,458600,1788,29.6
2022,08095,Phillips County,08,Colorado,4493,40.6,58474,37996,2044,1319,441,74.94,258200,848,25.5
2022,08097,Pitkin County,08,Colorado,17325,46.7,96123,87561,13300,5282,2832,65.10,912300,1772,31.0
2022,08099,Prowers County,08,Colorado,11968,37.8,49422,29026,5473,3200,1307,71.00,120200,764,31.0
2022,08101,Pueblo County,08,Colorado,168135,39.8,59436,31513,72364,44861,22229,66.87,238400,967,31.4
2022,08103,Rio Blanco County,08,Colorado,6511,39.2,69882,30140,3274,1976,537,78.63,231800,893,27.7
2022,08105,Rio Grande County,08,Colorado,11442,41.3,57591,34328,6561,3376,1281,72.49,202300,649,23.5
2022,08107,Routt County,08,Colorado,24944,41.9,95144,58304,16642,7863,2416,76.50,691800,1721,32.1
2022,08109,Saguache County,08,Colorado,6454,49.9,51946,34311,3772,2235,836,72.78,166500,720,25.6
2022,08111,San Juan County,08,Colorado,690,49.3,67344,42678,729,185,152,54.90,344600,1031,24.1
2022,08113,San Miguel County,08,Colorado,8082,41.9,72829,55184,6564,2351,1499,61.06,561400,1267,27.0
2022,08115,Sedgwick County,08,Colorado,2391,44.5,45855,32776,1231,717,332,68.35,136000,692,37.0
2022,08117,Summit County,08,Colorado,30955,39.0,100611,54935,31508,8200,3550,69.79,760000,1807,26.9
2022,08119,Teller County,08,Colorado,24758,51.1,69655,41836,13365,8835,2205,80.03,405500,1609,32.7
2022,08121,Washington County,08,Colorado,4817,40.2,59087,33374,2293,1426,604,70.25,208300,908,25.6
2022,08123,Weld County,08,Colorado,331466,35.0,89182,39480,120293,86836,28700,75.16,412200,1351,31.3
2022,08125,Yuma County,08,Colorado,9938,39.6,60118,32575,4313,2799,1154,70.81,201500,866,25.0
2022,09110,Capitol Planning Region,09,Connecticut,977165,39.8,88190,47802,413960,252141,134408,65.23,283800,1297,30.2
2022,09120,Greater Bridgeport Planning Region,09,Connecticut,326381,40.5,83147,48201,125378,77956,39541,66.35,372000,1446,35.1
2022,09130,Lower Connecticut River Valley Planning Region,09,Connecticut,175244,45.6,99742,54712,82618,54922,18162,75.15,341300,1345,29.8
2022,09140,Naugatuck Valley Planning Region,09,Connecticut,451887,41.1,82939,44275,191666,119006,58650,66.99,273500,1218,30.5
2022,09150,Northeastern Connecticut Planning Region,09,Connecticut,95687,41.7,83119,40723,41503,28696,9878,74.39,268500,1119,28.3
2022,09160,Northwest Hills Planning Region,09,Connecticut,112696,45.1,87971,52279,55596,34234,11742,74.46,296800,1149,28.4
2022,09170,South Central Connecticut Planning Region,09,Connecticut,571298,39.9,83617,46781,246338,137967,88187,61.01,309600,1408,31.8
2022,09180,Southeastern Connecticut Planning Region,09,Connecticut,280293,41.6,80330,43292,125334,75262,38548,66.13,275900,1254,29.5
2022,09190,Western Connecticut Planning Region,09,Connecticut,620666,41.1,118930,76090,248939,152404,78103,66.12,595600,1952,30.6