period_date,state_fips,state_name,state_abbrev,unemployment_rate,unemployment_rate_yoy,total_nonfarm_employment,employment_yoy,gdp_millions,real_gdp_millions,gdp_yoy,rpp_all_items
2025-11-01,01,Alabama,AL,2.7,-0.6,2211300,0.65,,,,
2025-11-01,02,Alaska,AK,4.7,0,338500,-0.12,,,,
2025-11-01,04,Arizona,AZ,4.3,0.4,3257500,0.74,,,,
2025-11-01,05,Arkansas,AR,4.1,0.5,1392800,1.29,,,,
2025-11-01,10,Delaware,DE,4.9,1.3,494000,0.73,,,,
2025-11-01,11,District of Columbia,DC,6.5,1.2,739200,-4.25,,,,
2025-11-01,12,Florida,FL,4.2,0.7,10047900,0.76,,,,
2025-11-01,13,Georgia,GA,3.5,-0.1,4987500,0.33,,,,
2025-11-01,15,Hawaii,HI,2.2,-0.8,653600,1.62,,,,
2025-11-01,16,Idaho,ID,3.7,-0.1,884600,1.34,,,,
2025-11-01,17,Illinois,IL,4.4,-0.5,6145600,-0.05,,,,
2025-11-01,18,Indiana,IN,3.7,-0.7,3286000,0.58,,,,
2025-11-01,19,Iowa,IA,3.5,0.2,1599800,0.57,,,,
2025-11-01,20,Kansas,KS,3.8,0,1462700,0.24,,,,
2025-11-01,21,Kentucky,KY,4.7,-0.7,2052699.9999999998,0.51,,,,
2025-11-01,22,Louisiana,LA,4.3,-0.3,2005300,0.74,,,,
2025-11-01,23,Maine,ME,3.2,-0.2,654000,-0.67,,,,
2025-11-01,24,Maryland,MD,4.2,1.1,2826700,-0.38,,,,
2025-11-01,25,Massachusetts,MA,4.7,0.6,3717000,0.05,,,,
2025-11-01,26,Michigan,MI,5,-0.2,4538900,0.9,,,,
2025-11-01,27,Minnesota,MN,4,1,3069300,1.31,,,,
2025-11-01,28,Mississippi,MS,3.8,0.2,1206600,0.84,,,,
2025-11-01,29,Missouri,MO,4,0.4,3054300,1.99,,,,
2025-11-01,30,Montana,MT,3.3,0.4,529800,0.61,,,,
2025-11-01,31,Nebraska,NE,3,0.1,1059100,-0.02,,,,
2025-11-01,32,Nevada,NV,5.2,-0.6,1574700,0.14,,,,
2025-11-01,33,New Hampshire,NH,3,0.2,706100,-0.39,,,,
2025-11-01,34,New Jersey,NJ,5.4,0.8,4396000,0.47,,,,
2025-11-01,35,New Mexico,NM,4.2,-0.2,904900,1.29,,,,
2025-11-01,36,New York,NY,4.5,0.1,9996700,0.89,,,,
2025-11-01,37,North Carolina,NC,3.8,0.1,5119900,1.75,,,,
2025-11-01,38,North Dakota,ND,2.6,0.1,449400,0.4,,,,
2025-11-01,39,Ohio,OH,4.5,0,5705300,0.91,,,,
2025-11-01,40,Oklahoma,OK,3.5,0.2,1806800,1,,,,
2025-11-01,41,Oregon,OR,5.2,0.9,2008200,0.32,,,,
2025-11-01,42,Pennsylvania,PA,4.2,0.5,6258300,1.58,,,,
2025-11-01,44,Rhode Island,RI,4.3,-0.2,513900,-0.1,,,,
2025-11-01,45,South Carolina,SC,4.6,0.2,2424800,2.04,,,,
2025-11-01,46,South Dakota,SD,2.1,0.2,473400,0.72,,,,
2025-11-01,47,Tennessee,TN,3.6,-0.1,3417500,1.03,,,,
2025-11-01,48,Texas,TX,4.2,0,14321000,1.03,,,,
2025-11-01,49,Utah,UT,3.6,0.3,1778600,1.12,,,,
2025-11-01,50,Vermont,VT,2.6,0.1,313700,0.64,,,,
2025-11-01,51,Virginia,VA,3.5,0.6,4268100,0.2,,,,
2025-11-01,54,West Virginia,WV,4.4,0.3,714900,-0.2,,,,
2025-11-01,55,Wisconsin,WI,3.1,0,3045700,-0.08,,,,
2025-11-01,56,Wyoming,WY,3.4,-0.2,295900,0.07,,,,
2025-10-01,01,Alabama,AL,,,2214500,0.85,,,,
2025-10-01,02,Alaska,AK,,,338700,0.06,,,,
2025-10-01,04,Arizona,AZ,,,3262300,1.18,,,,
2025-10-01,05,Arkansas,AR,,,1391900,1.51,,,,
2025-10-01,10,Delaware,DE,,,493300,1.09,,,,
2025-10-01,11,District of Columbia,DC,,,739800,-3.85,,,,
2025-10-01,12,Florida,FL,,,10048200,1.28,,,,
2025-10-01,13,Georgia,GA,,,4986500,0.37,,,,
2025-10-01,15,Hawaii,HI,,,653200,1.94,,,,
2025-10-01,16,Idaho,ID,,,881700,1.46,,,,
2025-10-01,17,Illinois,IL,,,6155300,0.08,,,,
2025-10-01,18,Indiana,IN,,,3290300,0.72,,,,
2025-10-01,19,Iowa,IA,,,1595200,0.31,,,,
2025-10-01,20,Kansas,KS,,,1458900,0.45,,,,
2025-10-01,21,Kentucky,KY,,,2053500,0.85,,,,
2025-10-01,22,Louisiana,LA,,,2003500,0.72,,,,
2025-10-01,23,Maine,ME,,,652700,-1.06,,,,
2025-10-01,24,Maryland,MD,,,2823700,-0.08,,,,
2025-10-01,25,Massachusetts,MA,,,3714600,-0.03,,,,
2025-10-01,26,Michigan,MI,,,4536300,0.98,,,,
2025-10-01,27,Minnesota,MN,,,3065200,1.31,,,,
2025-10-01,28,Mississippi,MS,,,1203100,0.43,,,,
2025-10-01,29,Missouri,MO,,,3048800,1.65,,,,
2025-10-01,30,Montana,MT,,,529900,0.74,,,,
2025-10-01,31,Nebraska,NE,,,1058500,-0.2,,,,
2025-10-01,32,Nevada,NV,,,1572000,-0.01,,,,
2025-10-01,33,New Hampshire,NH,,,708900,0.27,,,,
2025-10-01,34,New Jersey,NJ,,,4397700,0.5,,,,
2025-10-01,35,New Mexico,NM,,,904200,1.62,,,,
2025-10-01,36,New York,NY,,,9979600,0.89,,,,
2025-10-01,37,North Carolina,NC,,,5116600,1.93,,,,
2025-10-01,38,North Dakota,ND,,,448900,0.56,,,,
2025-10-01,39,Ohio,OH,,,5702200,0.87,,,,
2025-10-01,40,Oklahoma,OK,,,1806800,1.21,,,,
2025-10-01,41,Oregon,OR,,,2006600,0.48,,,,
2025-10-01,42,Pennsylvania,PA,,,6254800,1.59,,,,
2025-10-01,44,Rhode Island,RI,,,513700.00000000006,-0.04,,,,
2025-10-01,45,South Carolina,SC,,,2423600,2.33,,,,
2025-10-01,46,South Dakota,SD,,,474700,0.98,,,,
2025-10-01,47,Tennessee,TN,,,3409900,0.85,,,,
2025-10-01,48,Texas,TX,,,14313700,0.94,,,,
2025-10-01,49,Utah,UT,,,1775700,1.06,,,,
2025-10-01,50,Vermont,VT,,,313900,0.67,,,,
2025-10-01,51,Virginia,VA,,,4259500,0.14,,,,
2025-10-01,54,West Virginia,WV,,,715600,-0.01,,,,
2025-10-01,55,Wisconsin,WI,,,3045500,-0.02,,,,
2025-10-01,56,Wyoming,WY,,,296100,,,,,
2025-09-01,01,Alabama,AL,2.8,-0.5,2214900,0.93,,,,
2025-09-01,02,Alaska,AK,4.7,-0.1,338800,1.1,,,,
2025-09-01,04,Arizona,AZ,4.2,0.4,3258100,1.05,,,,
2025-09-01,05,Arkansas,AR,3.9,0.4,1389600,1.6,,,,
2025-09-01,10,Delaware,DE,4.5,0.9,493900,0.53,,,,
2025-09-01,11,District of Columbia,DC,6.2,0.9,758200,-1.3,,,,
2025-09-01,12,Florida,FL,3.9,0.4,10045400,0.66,,,,
2025-09-01,13,Georgia,GA,3.4,-0.2,4990500,0.47,,,,
2025-09-01,15,Hawaii,HI,2.5,-0.5,651900,1.49,,,,
2025-09-01,16,Idaho,ID,3.7,-0.1,882100,1.85,,,,
2025-09-01,17,Illinois,IL,4.4,-0.6,6161400,0.38,,,,
2025-09-01,18,Indiana,IN,3.7,-0.7,3295300,0.73,,,,
2025-09-01,19,Iowa,IA,3.7,0.4,1597000,0.15,,,,
2025-09-01,20,Kansas,KS,3.8,0,1458700,-0.1,,,,
2025-09-01,21,Kentucky,KY,4.7,-0.6,2060300.0000000002,0.91,,,,
2025-09-01,22,Louisiana,LA,4.4,-0.2,2002100,1.01,,,,
2025-09-01,23,Maine,ME,3.2,-0.2,654600,-0.79,,,,
2025-09-01,24,Maryland,MD,3.8,0.6,2837600,0.07,,,,
2025-09-01,25,Massachusetts,MA,4.7,0.5,3710000,-0.22,,,,
2025-09-01,26,Michigan,MI,5.1,0,4533400,0.8,,,,
2025-09-01,27,Minnesota,MN,3.7,0.6,3060400,1.41,,,,
2025-09-01,28,Mississippi,MS,3.8,0.4,1204800,1.18,,,,
2025-09-01,29,Missouri,MO,4.1,0.4,3042200,1.67,,,,
2025-09-01,30,Montana,MT,3,0,529000,0.19,,,,
2025-09-01,31,Nebraska,NE,3,0.1,1061100,0.19,,,,
2025-09-01,32,Nevada,NV,5.3,-0.4,1575800,0.15,,,,
2025-09-01,33,New Hampshire,NH,3,0.3,708900,0.64,,,,
2025-09-01,34,New Jersey,NJ,5.2,0.6,4401300,0.59,,,,
2025-09-01,35,New Mexico,NM,4.1,-0.2,904400,1.8,,,,
2025-09-01,36,New York,NY,4.2,-0.2,9980900,0.73,,,,
2025-09-01,37,North Carolina,NC,3.7,0,5108100,1.61,,,,
2025-09-01,38,North Dakota,ND,2.6,0.1,448500,0.38,,,,
2025-09-01,39,Ohio,OH,4.8,0.4,5721600,1.12,,,,
2025-09-01,40,Oklahoma,OK,3.2,-0.1,1805300,1.4,,,,
2025-09-01,41,Oregon,OR,5.2,1,2008600,0.57,,,,
2025-09-01,42,Pennsylvania,PA,4.1,0.4,6252500,1.62,,,,
2025-09-01,44,Rhode Island,RI,4.5,0,514700.00000000006,0.53,,,,
2025-09-01,45,South Carolina,SC,4.4,-0.1,2421200,2.31,,,,
2025-09-01,46,South Dakota,SD,2,0.2,473200,0.98,,,,
2025-09-01,47,Tennessee,TN,3.6,-0.1,3411000,1.04,,,,
2025-09-01,48,Texas,TX,4.1,-0.1,14335700,1.13,,,,
2025-09-01,49,Utah,UT,3.4,0.1,1779300,1.69,,,,
2025-09-01,50,Vermont,VT,2.5,0,315000,0.93,,,,
2025-09-01,51,Virginia,VA,3.5,0.6,4279600,0.69,,,,
2025-09-01,53,Washington,WA,4.5,0.1,3666500,0.34,,,,
2025-09-01,54,West Virginia,WV,4,-0.1,717300,0.24,,,,
2025-09-01,55,Wisconsin,WI,3.1,0.1,3056000,0.55,,,,
2025-09-01,56,Wyoming,WY,3.3,-0.2,296700,0.61,,,,
2025-08-01,01,Alabama,AL,2.9,-0.2,2215800,1.04,,,,
2025-08-01,02,Alaska,AK,4.7,0,339600,1.65,,,,
2025-08-01,04,Arizona,AZ,4.1,0.4,3254600,1.32,,,,
2025-08-01,05,Arkansas,AR,3.8,0.3,1385400,1.31,,,,
2025-08-01,10,Delaware,DE,4.3,0.6,493600,0.67,,,,
2025-08-01,11,District of Columbia,DC,6,0.7,758200,-1.11,,,,
2025-08-01,12,Florida,FL,3.8,0.4,10045700,0.96,,,,
2025-08-01,13,Georgia,GA,3.4,-0.2,4994600,0.55,,,,
2025-08-01,15,Hawaii,HI,2.7,-0.3,651900,1.94,,,,
2025-08-01,16,Idaho,ID,3.7,0,882200,1.52,,,,
2025-08-01,17,Illinois,IL,4.4,-0.6,6164800,0.28,,,,
2025-08-01,18,Indiana,IN,3.6,-0.8,3290700,0.41,,,,
2025-08-01,19,Iowa,IA,3.8,0.6,1594600,-0.14,,,,
2025-08-01,20,Kansas,KS,3.8,0.1,1458700,-0.25,,,,
2025-08-01,21,Kentucky,KY,4.7,-0.5,2060900,0.91,,,,
2025-08-01,22,Louisiana,LA,4.4,-0.1,2000900,0.88,,,,
2025-08-01,23,Maine,ME,3.2,0,655500,-0.5,,,,
2025-08-01,24,Maryland,MD,3.6,0.4,2848700,0.48,,,,
2025-08-01,25,Massachusetts,MA,4.8,0.6,3720100,0.08,,,,
2025-08-01,26,Michigan,MI,5.2,0.2,4532300,0.95,,,,
2025-08-01,27,Minnesota,MN,3.6,0.4,3053900,1.44,,,,
2025-08-01,28,Mississippi,MS,3.9,0.6,1206600,1.45,,,,
2025-08-01,29,Missouri,MO,4.1,0.4,3022900,1.17,,,,
2025-08-01,30,Montana,MT,2.9,-0.1,529200,0.21,,,,
2025-08-01,31,Nebraska,NE,3,0.1,1063500,0.57,,,,
2025-08-01,32,Nevada,NV,5.3,-0.4,1570500,0.02,,,,
2025-08-01,33,New Hampshire,NH,3,0.4,706800,0.08,,,,
2025-08-01,34,New Jersey,NJ,5,0.4,4390900,0.7,,,,
2025-08-01,35,New Mexico,NM,4.1,-0.2,904500,1.86,,,,
2025-08-01,36,New York,NY,4,-0.4,10009100,1.27,,,,
2025-08-01,37,North Carolina,NC,3.7,0,5096500,1.63,,,,
2025-08-01,38,North Dakota,ND,2.5,0,448100,0.34,,,,
2025-08-01,39,Ohio,OH,5,0.6,5730000,1.35,,,,
2025-08-01,40,Oklahoma,OK,3.1,-0.2,1801900,1.29,,,,
2025-08-01,41,Oregon,OR,5,0.8,2004900,0.48,,,,
2025-08-01,42,Pennsylvania,PA,4,0.4,6247100,1.61,,,,
2025-08-01,44,Rhode Island,RI,4.6,0.1,514299.99999999994,0.45,,,,
2025-08-01,45,South Carolina,SC,4.3,-0.3,2425500,2.98,,,,
2025-08-01,46,South Dakota,SD,1.9,0.1,471000,0.75,,,,
2025-08-01,47,Tennessee,TN,3.6,0,3408300,1.02,,,,
2025-08-01,48,Texas,TX,4.1,-0.1,14339200,1.32,,,,
2025-08-01,49,Utah,UT,3.3,0,1775900,1.79,,,,
2025-08-01,50,Vermont,VT,2.5,0,314600,0.48,,,,
2025-08-01,51,Virginia,VA,3.6,0.7,4283400,1.09,,,,
2025-08-01,53,Washington,WA,4.5,0,3662500,0.56,,,,
2025-08-01,54,West Virginia,WV,3.8,-0.3,719300,0.47,,,,
2025-08-01,55,Wisconsin,WI,3.1,0.1,3066900,0.69,,,,
2025-08-01,56,Wyoming,WY,3.2,-0.2,297100,0.75,,,,
2025-07-01,01,Alabama,AL,3,0,2211900,1.01,,,,
2025-07-01,02,Alaska,AK,4.8,0.1,338200,1.02,,,,
2025-07-01,04,Arizona,AZ,4.1,0.5,3253000,1.16,,,,
2025-07-01,05,Arkansas,AR,3.7,0.3,1383300,1.28,,,,
2025-07-01,10,Delaware,DE,4.1,0.4,493000,0.82,,,,
2025-07-01,11,District of Columbia,DC,6,0.7,763100,-0.68,,,,
2025-07-01,12,Florida,FL,3.7,0.3,10052500,1.18,,,,
2025-07-01,13,Georgia,GA,3.4,-0.2,4997700,0.59,,,,
2025-07-01,15,Hawaii,HI,2.7,-0.3,650800,2.1,,,,
2025-07-01,16,Idaho,ID,3.7,0,881700,1.65,,,,
2025-07-01,17,Illinois,IL,4.6,-0.5,6167000,0.35,,,,
2025-07-01,18,Indiana,IN,3.6,-0.7,3288400,0.99,,,,
2025-07-01,19,Iowa,IA,3.7,0.6,1591000,-0.26,,,,
2025-07-01,20,Kansas,KS,3.8,0.1,1457100,0.08,,,,
2025-07-01,21,Kentucky,KY,4.9,-0.2,2058500,1.01,,,,
2025-07-01,22,Louisiana,LA,4.5,0.2,2002800,1.03,,,,
2025-07-01,23,Maine,ME,3.2,0.1,656900,-0.17,,,,
2025-07-01,24,Maryland,MD,3.4,0.2,2850000,0.41,,,,
2025-07-01,25,Massachusetts,MA,4.8,0.7,3727300,0.29,,,,
2025-07-01,26,Michigan,MI,5.3,0.5,4528800,1.29,,,,
2025-07-01,27,Minnesota,MN,3.5,0.3,3047200,1.29,,,,
2025-07-01,28,Mississippi,MS,3.9,0.8,1202800,1.19,,,,
2025-07-01,29,Missouri,MO,4.1,0.4,3027700,1.6,,,,
2025-07-01,30,Montana,MT,2.8,-0.2,529800,0.21,,,,
2025-07-01,31,Nebraska,NE,3,0.2,1063000,0.55,,,,
2025-07-01,32,Nevada,NV,5.4,-0.2,1573900,0.44,,,,
2025-07-01,33,New Hampshire,NH,3.1,0.5,708700,0.58,,,,
2025-07-01,34,New Jersey,NJ,4.9,0.3,4384300,0.54,,,,
2025-07-01,35,New Mexico,NM,4.2,-0.1,907900,2.56,,,,
2025-07-01,36,New York,NY,4,-0.4,10024700,1.57,,,,
2025-07-01,37,North Carolina,NC,3.7,0.1,5090600,1.58,,,,
2025-07-01,38,North Dakota,ND,2.5,0,449700,0.67,,,,
2025-07-01,39,Ohio,OH,5,0.7,5720300,1.22,,,,
2025-07-01,40,Oklahoma,OK,3.1,-0.2,1801300,1.52,,,,
2025-07-01,41,Oregon,OR,4.9,0.7,2001400,0.49,,,,
2025-07-01,42,Pennsylvania,PA,4,0.4,6236900,1.58,,,,
2025-07-01,44,Rhode Island,RI,4.8,0.4,513200.00000000006,0.33,,,,
2025-07-01,45,South Carolina,SC,4.2,-0.3,2427500,3.28,,,,
2025-07-01,46,South Dakota,SD,1.9,0.1,471900,0.98,,,,
2025-07-01,47,Tennessee,TN,3.6,0.2,3398800,0.77,,,,
2025-07-01,48,Texas,TX,4,-0.1,14330100,1.62,,,,
2025-07-01,49,Utah,UT,3.3,0,1766800,1.54,,,,
2025-07-01,50,Vermont,VT,2.6,0.2,313800,0.61,,,,
2025-07-01,51,Virginia,VA,3.6,0.8,4274400,0.9,,,,
2025-07-01,53,Washington,WA,4.5,0,3672300,0.91,,,,
2025-07-01,54,West Virginia,WV,3.7,-0.4,720100,0.67,,,,
2025-07-01,55,Wisconsin,WI,3.1,0.2,3060100,0.72,,,,
2025-07-01,56,Wyoming,WY,3.3,0,297100,1.4,,,,
2025-06-01,01,Alabama,AL,3.2,0.3,2211100,0.92,,,,
2025-06-01,02,Alaska,AK,4.7,0.1,338300,1.53,,,,
2025-06-01,04,Arizona,AZ,4.1,0.6,3250300,0.36,,,,
2025-06-01,05,Arkansas,AR,3.7,0.3,1379200,1.16,,,,
2025-06-01,10,Delaware,DE,4,0.2,492600,0.82,,,,
2025-06-01,11,District of Columbia,DC,5.9,0.6,763800,-0.75,,,,
2025-06-01,12,Florida,FL,3.7,0.3,10061700,1.43,,,,
2025-06-01,13,Georgia,GA,3.5,-0.1,4996000,0.5,,,,
2025-06-01,15,Hawaii,HI,2.8,-0.1,650900,2.29,,,,
2025-06-01,16,Idaho,ID,3.6,-0.1,881700,2.18,,,,
2025-06-01,17,Illinois,IL,4.6,-0.5,6168100,0.45,,,,
2025-06-01,18,Indiana,IN,3.6,-0.6,3283800,0.82,,,,
2025-06-01,19,Iowa,IA,3.7,0.7,1591200,-0.39,,,,
2025-06-01,20,Kansas,KS,3.8,0.2,1463500,0.45,,,,
2025-06-01,21,Kentucky,KY,4.9,-0.1,2058400,1,,,,
2025-06-01,22,Louisiana,LA,4.5,0.3,2001500,1.15,,,,
2025-06-01,23,Maine,ME,3.3,0.3,657400,0.06,,,,
2025-06-01,24,Maryland,MD,3.3,0.2,2840800,0.41,,,,
2025-06-01,25,Massachusetts,MA,4.8,0.8,3725200,0.08,,,,
2025-06-01,26,Michigan,MI,5.3,0.6,4525700,0.86,,,,
2025-06-01,27,Minnesota,MN,3.3,0.1,3047700,1.21,,,,
2025-06-01,28,Mississippi,MS,4,1.1,1200800,1.27,,,,
2025-06-01,29,Missouri,MO,4,0.2,3012300,0.77,,,,
2025-06-01,30,Montana,MT,2.8,-0.2,528600,-0.13,,,,
2025-06-01,31,Nebraska,NE,3,0.2,1066700,0.84,,,,
2025-06-01,32,Nevada,NV,5.4,-0.2,1573200,0.3,,,,
2025-06-01,33,New Hampshire,NH,3.1,0.6,710300,0.71,,,,
2025-06-01,34,New Jersey,NJ,4.9,0.3,4377900,0.05,,,,
2025-06-01,35,New Mexico,NM,4.2,0,906700,1.97,,,,
2025-06-01,36,New York,NY,4,-0.3,9967800,0.98,,,,
2025-06-01,37,North Carolina,NC,3.7,0.1,5096100,1.54,,,,
2025-06-01,38,North Dakota,ND,2.5,0,450800,0.92,,,,
2025-06-01,39,Ohio,OH,4.9,0.6,5716000,1.13,,,,
2025-06-01,40,Oklahoma,OK,3.1,-0.2,1802800,1.78,,,,
2025-06-01,41,Oregon,OR,4.9,0.8,2001300,0.44,,,,
2025-06-01,42,Pennsylvania,PA,4,0.4,6230100,1.54,,,,
2025-06-01,44,Rhode Island,RI,4.8,0.4,513200.00000000006,-0.08,,,,
2025-06-01,45,South Carolina,SC,4.1,-0.3,2420400,2.92,,,,
2025-06-01,46,South Dakota,SD,1.8,0,472100,1.16,,,,
2025-06-01,47,Tennessee,TN,3.5,0.2,3395300,0.54,,,,
2025-06-01,48,Texas,TX,4,-0.1,14325100,1.37,,,,
2025-06-01,49,Utah,UT,3.2,-0.1,1771100,1.71,,,,
2025-06-01,50,Vermont,VT,2.6,0.3,314100,0.87,,,,
2025-06-01,51,Virginia,VA,3.5,0.7,4271100,0.91,,,,
2025-06-01,53,Washington,WA,4.5,0,3667600,0.74,,,,
2025-06-01,54,West Virginia,WV,3.7,-0.4,720700,0.71,,,,
2025-06-01,55,Wisconsin,WI,3.2,0.3,3056700,0.7,,,,
2025-06-01,56,Wyoming,WY,3.3,0.1,297400,1.36,,,,
2025-05-01,01,Alabama,AL,3.3,0.4,2215600,1.17,,,,
2025-05-01,02,Alaska,AK,4.7,0.2,337300,1.08,,,,
2025-05-01,04,Arizona,AZ,4.1,0.7,3265500,0.78,,,,
2025-05-01,05,Arkansas,AR,3.7,0.3,1379800,1.28,,,,
2025-05-01,10,Delaware,DE,4,0.2,493500,0.9,,,,
2025-05-01,11,District of Columbia,DC,5.9,0.7,766300,-0.42,,,,
2025-05-01,12,Florida,FL,3.7,0.4,10082600,1.46,,,,
2025-05-01,13,Georgia,GA,3.5,0,4992000,0.36,,,,
2025-05-01,15,Hawaii,HI,2.8,-0.1,652000,2.16,,,,
2025-05-01,16,Idaho,ID,3.6,0,882400,2.49,,,,
2025-05-01,17,Illinois,IL,4.8,-0.3,6165800,0.34,,,,
2025-05-01,18,Indiana,IN,3.7,-0.4,3280600,0.55,,,,
2025-05-01,19,Iowa,IA,3.6,0.7,1593400,-0.51,,,,
2025-05-01,20,Kansas,KS,3.8,0.3,1463400,0.86,,,,
2025-05-01,21,Kentucky,KY,5,0.1,2058699.9999999998,1.06,,,,
2025-05-01,22,Louisiana,LA,4.5,0.4,2000800,1.01,,,,
2025-05-01,23,Maine,ME,3.4,0.5,657200,-0.03,,,,
2025-05-01,24,Maryland,MD,3.2,0.2,2849800,0.88,,,,
2025-05-01,25,Massachusetts,MA,4.8,0.8,3728900,0.14,,,,
2025-05-01,26,Michigan,MI,5.4,0.9,4531500,0.94,,,,
2025-05-01,27,Minnesota,MN,3.3,0.2,3055700,1.45,,,,
2025-05-01,28,Mississippi,MS,4,1.2,1200500,1.18,,,,
2025-05-01,29,Missouri,MO,4,0.3,3006900,0.52,,,,
2025-05-01,30,Montana,MT,2.8,-0.2,529200,0.51,,,,
2025-05-01,31,Nebraska,NE,3,0.3,1065800,0.7,,,,
2025-05-01,32,Nevada,NV,5.5,0,1577300,0.43,,,,
2025-05-01,33,New Hampshire,NH,3.1,0.6,711000,1.75,,,,
2025-05-01,34,New Jersey,NJ,4.8,0.3,4392300,0.53,,,,
2025-05-01,35,New Mexico,NM,4.2,0.1,903700,2.07,,,,
2025-05-01,36,New York,NY,4,-0.3,9963400,0.95,,,,
2025-05-01,37,North Carolina,NC,3.7,0.1,5094200,1.4,,,,
2025-05-01,38,North Dakota,ND,2.5,0.1,450900,1.01,,,,
2025-05-01,39,Ohio,OH,4.9,0.7,5703500,0.95,,,,
2025-05-01,40,Oklahoma,OK,3.1,-0.2,1802600,1.44,,,,
2025-05-01,41,Oregon,OR,4.8,0.7,2009900,0.93,,,,
2025-05-01,42,Pennsylvania,PA,3.9,0.3,6221400,1.42,,,,
2025-05-01,44,Rhode Island,RI,4.9,0.6,515600,0.68,,,,
2025-05-01,45,South Carolina,SC,4.1,-0.1,2414800,2.73,,,,
2025-05-01,46,South Dakota,SD,1.8,0,471000,0.62,,,,
2025-05-01,47,Tennessee,TN,3.5,0.3,3393800,0.57,,,,
2025-05-01,48,Texas,TX,4.1,0,14331100,1.44,,,,
2025-05-01,49,Utah,UT,3.2,0,1778700,2.26,,,,
2025-05-01,50,Vermont,VT,2.6,0.4,314100,0.87,,,,
2025-05-01,51,Virginia,VA,3.4,0.6,4276700,1.18,,,,
2025-05-01,53,Washington,WA,4.5,-0.1,3667700,0.79,,,,
2025-05-01,54,West Virginia,WV,3.7,-0.4,718400,-1.1,,,,
2025-05-01,55,Wisconsin,WI,3.3,0.4,3049500,0.48,,,,
2025-05-01,56,Wyoming,WY,3.3,0.2,297700,1.26,,,,
2025-04-01,01,Alabama,AL,3.3,0.4,2215400,1.28,,,,
2025-04-01,02,Alaska,AK,4.7,0.2,336800,1.02,,,,
2025-04-01,04,Arizona,AZ,4.1,0.7,3268800,0.76,,,,
2025-04-01,05,Arkansas,AR,3.7,0.3,1379000,1.19,,,,
2025-04-01,10,Delaware,DE,3.9,0.2,494100,1.06,,,,
2025-04-01,11,District of Columbia,DC,5.8,0.6,768000,-0.19,,,,
2025-04-01,12,Florida,FL,3.7,0.4,10066200,1.37,,,,
2025-04-01,13,Georgia,GA,3.6,0.2,4983700,0.33,,,,
2025-04-01,15,Hawaii,HI,2.9,0,651400,2.58,,,,
2025-04-01,16,Idaho,ID,3.7,0.1,880900,2.45,,,,
2025-04-01,17,Illinois,IL,4.8,-0.3,6166000,0.48,,,,
2025-04-01,18,Indiana,IN,3.9,-0.1,3276500,0.56,,,,
2025-04-01,19,Iowa,IA,3.5,0.7,1598500,-0.24,,,,
2025-04-01,20,Kansas,KS,3.8,0.4,1461600,0.32,,,,
2025-04-01,21,Kentucky,KY,5.2,0.3,2052300.0000000002,0.84,,,,
2025-04-01,22,Louisiana,LA,4.4,0.3,1998800,0.86,,,,
2025-04-01,23,Maine,ME,3.5,0.7,658300,0.55,,,,
2025-04-01,24,Maryland,MD,3.1,0.2,2848000,0.86,,,,
2025-04-01,25,Massachusetts,MA,4.6,0.7,3725200,0.16,,,,
2025-04-01,26,Michigan,MI,5.5,1.1,4528200,0.95,,,,
2025-04-01,27,Minnesota,MN,3.2,0.2,3049400,1.34,,,,
2025-04-01,28,Mississippi,MS,4,1.2,1200300,1.11,,,,
2025-04-01,29,Missouri,MO,3.9,0.2,2998600,0.27,,,,
2025-04-01,30,Montana,MT,2.7,-0.3,526400,0.34,,,,
2025-04-01,31,Nebraska,NE,3,0.3,1063200,0.55,,,,
2025-04-01,32,Nevada,NV,5.6,0.2,1579900,0.62,,,,
2025-04-01,33,New Hampshire,NH,3.1,0.7,709400,1.11,,,,
2025-04-01,34,New Jersey,NJ,4.8,0.3,4394500,0.74,,,,
2025-04-01,35,New Mexico,NM,4.3,0.3,899700,1.65,,,,
2025-04-01,36,New York,NY,4.2,0,9964500,1.06,,,,
2025-04-01,37,North Carolina,NC,3.7,0.1,5091500,1.48,,,,
2025-04-01,38,North Dakota,ND,2.6,0.3,450200,0.96,,,,
2025-04-01,39,Ohio,OH,4.9,0.7,5712100,1.18,,,,
2025-04-01,40,Oklahoma,OK,3.2,-0.1,1801300,1.41,,,,
2025-04-01,41,Oregon,OR,4.7,0.6,2012000,1.03,,,,
2025-04-01,42,Pennsylvania,PA,3.9,0.3,6221400,1.52,,,,
2025-04-01,44,Rhode Island,RI,4.9,0.7,515799.99999999994,0.8,,,,
2025-04-01,45,South Carolina,SC,4.2,0.3,2407700,2.43,,,,
2025-04-01,46,South Dakota,SD,1.8,0,472500,1.05,,,,
2025-04-01,47,Tennessee,TN,3.5,0.3,3393300,0.68,,,,
2025-04-01,48,Texas,TX,4.1,0.1,14312700,1.48,,,,
2025-04-01,49,Utah,UT,3.1,0,1777300,2.07,,,,
2025-04-01,50,Vermont,VT,2.6,0.5,313700,0.87,,,,
2025-04-01,51,Virginia,VA,3.3,0.5,4274900,1.19,,,,
2025-04-01,53,Washington,WA,4.4,-0.2,3664100,0.89,,,,
2025-04-01,54,West Virginia,WV,3.8,-0.2,716300,-0.06,,,,
2025-04-01,55,Wisconsin,WI,3.3,0.4,3050500,0.39,,,,
2025-04-01,56,Wyoming,WY,3.3,0.3,296900,1.26,,,,
2025-03-01,01,Alabama,AL,3.3,,2210200,,,,,
2025-03-01,02,Alaska,AK,4.7,,338400,,,,,
2025-03-01,04,Arizona,AZ,4.1,,3254700,,,,,
2025-03-01,05,Arkansas,AR,3.7,,1381800,,,,,
2025-03-01,10,Delaware,DE,3.7,,493000,,,,,
2025-03-01,11,District of Columbia,DC,5.6,,769400,,,,,
2025-03-01,12,Florida,FL,3.6,,10053000,,,,,
2025-03-01,13,Georgia,GA,3.6,,4979500,,,,,
2025-03-01,15,Hawaii,HI,2.9,,650500,,,,,
2025-03-01,16,Idaho,ID,3.7,,876200,,,,,
2025-03-01,17,Illinois,IL,4.8,,6168400,,,,,
2025-03-01,18,Indiana,IN,4.1,,3271800,,,,,
2025-03-01,19,Iowa,IA,3.4,,1594000,,,,,
2025-03-01,20,Kansas,KS,3.8,,1458300,,,,,
2025-03-01,21,Kentucky,KY,5.2,,2052000,,,,,
2025-03-01,22,Louisiana,LA,4.4,,1997600,,,,,
2025-03-01,23,Maine,ME,3.5,,657900,,,,,
2025-03-01,24,Maryland,MD,3,,2845600,,,,,
2025-03-01,25,Massachusetts,MA,4.4,,3717100,,,,,
2025-03-01,26,Michigan,MI,5.5,,4512300,,,,,
2025-03-01,27,Minnesota,MN,3.1,,3051300,,,,,
2025-03-01,28,Mississippi,MS,3.9,,1197700,,,,,
2025-03-01,29,Missouri,MO,3.8,,3001200,,,,,
2025-03-01,30,Montana,MT,2.7,,525800,,,,,
2025-03-01,31,Nebraska,NE,2.9,,1060900,,,,,
2025-03-01,32,Nevada,NV,5.7,,1575500,,,,,
2025-03-01,33,New Hampshire,NH,3.1,,710700,,,,,
2025-03-01,34,New Jersey,NJ,4.7,,4393300,,,,,
2025-03-01,35,New Mexico,NM,4.3,,899400,,,,,
2025-03-01,36,New York,NY,4.2,,9958900,,,,,
2025-03-01,37,North Carolina,NC,3.7,,5076000,,,,,
2025-03-01,38,North Dakota,ND,2.6,,449900,,,,,
2025-03-01,39,Ohio,OH,4.8,,5690900,,,,,
2025-03-01,40,Oklahoma,OK,3.3,,1797800,,,,,
2025-03-01,41,Oregon,OR,4.6,,2011000,,,,,
2025-03-01,42,Pennsylvania,PA,3.8,,6215300,,,,,
2025-03-01,44,Rhode Island,RI,4.8,,515700.00000000006,,,,,
2025-03-01,45,South Carolina,SC,4.1,,2401000,,,,,
2025-03-01,46,South Dakota,SD,1.8,,471800,,,,,
2025-03-01,47,Tennessee,TN,3.6,,3385900,,,,,
2025-03-01,48,Texas,TX,4.1,,14282400,,,,,
2025-03-01,49,Utah,UT,3.1,,1774800,,,,,
2025-03-01,50,Vermont,VT,2.6,,314300,,,,,
2025-03-01,51,Virginia,VA,3.2,,4272200,,,,,
2025-03-01,53,Washington,WA,4.4,,3666200,,,,,
2025-03-01,54,West Virginia,WV,3.8,,715900,,,,,
2025-03-01,55,Wisconsin,WI,3.2,,3055200,,,,,
2025-03-01,56,Wyoming,WY,3.4,,296700,,,,,
2025-02-01,01,Alabama,AL,3.3,0.4,2202500,0.84,,,,
2025-02-01,02,Alaska,AK,4.7,0.3,337600,1.72,,,,
2025-02-01,04,Arizona,AZ,3.9,0.5,3245000,-0.47,,,,
2025-02-01,05,Arkansas,AR,3.6,0.2,1381700,1.54,,,,
2025-02-01,10,Delaware,DE,3.7,0,492600,1.27,,,,
2025-02-01,11,District of Columbia,DC,5.4,0.3,768000,-0.23,,,,
2025-02-01,12,Florida,FL,3.6,0.4,10031900,1.38,,,,
2025-02-01,13,Georgia,GA,3.6,0.3,4972600,0.62,,,,
2025-02-01,15,Hawaii,HI,3,0.1,647300,1.57,,,,
2025-02-01,16,Idaho,ID,3.7,0.2,877300,2.57,,,,
2025-02-01,17,Illinois,IL,4.8,-0.1,6157500,0.43,,,,
2025-02-01,18,Indiana,IN,4.3,0.5,3259900,0.16,,,,
2025-02-01,19,Iowa,IA,3.3,0.6,1593800,-0.52,,,,
2025-02-01,20,Kansas,KS,3.8,0.6,1457600,0.28,,,,
2025-02-01,21,Kentucky,KY,5.3,0.6,2047600,0.76,,,,
2025-02-01,22,Louisiana,LA,4.4,0.2,1999400,1.12,,,,
2025-02-01,23,Maine,ME,3.5,0.7,657900,0.32,,,,
2025-02-01,24,Maryland,MD,3,0.2,2847600,0.56,,,,
2025-02-01,25,Massachusetts,MA,4.3,0.5,3714300,-0.28,,,,
2025-02-01,26,Michigan,MI,5.4,1.4,4515100,0.79,,,,
2025-02-01,27,Minnesota,MN,3,0.2,3039000,1.37,,,,
2025-02-01,28,Mississippi,MS,3.8,1,1199300,1.26,,,,
2025-02-01,29,Missouri,MO,3.7,0.2,2992400,0.29,,,,
2025-02-01,30,Montana,MT,2.8,-0.2,524600,0.54,,,,
2025-02-01,31,Nebraska,NE,3,0.4,1059100,0.36,,,,
2025-02-01,32,Nevada,NV,5.8,0.5,1573200,0.47,,,,
2025-02-01,33,New Hampshire,NH,3,0.7,709800,1.08,,,,
2025-02-01,34,New Jersey,NJ,4.6,0.2,4396700,0.93,,,,
2025-02-01,35,New Mexico,NM,4.4,0.6,899500,1.31,,,,
2025-02-01,36,New York,NY,4.3,0.2,9960300,1.5,,,,
2025-02-01,37,North Carolina,NC,3.7,0.2,5062600,1.29,,,,
2025-02-01,38,North Dakota,ND,2.6,0.4,447900,1.08,,,,
2025-02-01,39,Ohio,OH,4.7,0.7,5685700,0.78,,,,
2025-02-01,40,Oklahoma,OK,3.3,-0.1,1797600,1.28,,,,
2025-02-01,41,Oregon,OR,4.5,0.4,2004800,1.02,,,,
2025-02-01,42,Pennsylvania,PA,3.8,0.2,6196800,1.24,,,,
2025-02-01,44,Rhode Island,RI,4.7,0.7,515200.00000000006,1.12,,,,
2025-02-01,45,South Carolina,SC,4.2,0.7,2389800,2.13,,,,
2025-02-01,46,South Dakota,SD,1.9,0.2,471400,1.16,,,,
2025-02-01,47,Tennessee,TN,3.7,0.6,3384500,0.6,,,,
2025-02-01,48,Texas,TX,4.1,0.2,14256100,1.31,,,,
2025-02-01,49,Utah,UT,3.2,0.2,1770400,2.1,,,,
2025-02-01,50,Vermont,VT,2.6,0.6,313200,0.58,,,,
2025-02-01,51,Virginia,VA,3.1,0.3,4265500,1.27,,,,
2025-02-01,53,Washington,WA,4.4,-0.2,3662400,1.18,,,,
2025-02-01,54,West Virginia,WV,3.9,-0.2,717900,-0.06,,,,
2025-02-01,55,Wisconsin,WI,3.2,0.3,3045200,0.34,,,,
2025-02-01,56,Wyoming,WY,3.5,0.7,296500,1.09,,,,
2025-01-01,01,Alabama,AL,3.3,0.4,2199500,0.96,,,,
2025-01-01,02,Alaska,AK,4.7,0.3,339900,2.78,,,,
2025-01-01,04,Arizona,AZ,3.9,0.4,3241900,-0.49,,,,
2025-01-01,05,Arkansas,AR,3.6,0.2,1379200,1.7,,,,
2025-01-01,10,Delaware,DE,3.6,-0.2,491200,0.99,,,,
2025-01-01,11,District of Columbia,DC,5.3,0.2,768700,-0.19,,,,
2025-01-01,12,Florida,FL,3.5,0.3,10016700,1.39,,,,
2025-01-01,13,Georgia,GA,3.6,0.3,4963300,0.51,,,,
2025-01-01,15,Hawaii,HI,3,0.1,646100,1.68,,,,
2025-01-01,16,Idaho,ID,3.8,0.4,878000,2.7,,,,
2025-01-01,17,Illinois,IL,4.9,0,6156600,0.53,,,,
2025-01-01,18,Indiana,IN,4.4,0.6,3255000,0.18,,,,
2025-01-01,19,Iowa,IA,3.3,0.5,1595900,0.37,,,,
2025-01-01,20,Kansas,KS,3.8,0.7,1456300,0.61,,,,
2025-01-01,21,Kentucky,KY,5.3,0.6,2039600,0.48,,,,
2025-01-01,22,Louisiana,LA,4.5,0.3,1994000,0.89,,,,
2025-01-01,23,Maine,ME,3.5,0.7,659300,0.47,,,,
2025-01-01,24,Maryland,MD,3,0.3,2846400,0.54,,,,
2025-01-01,25,Massachusetts,MA,4.2,0.5,3718900,-0.16,,,,
2025-01-01,26,Michigan,MI,5.3,1.3,4513900,0.91,,,,
2025-01-01,27,Minnesota,MN,3,0.2,3038200,1.42,,,,
2025-01-01,28,Mississippi,MS,3.6,0.8,1199300,1.43,,,,
2025-01-01,29,Missouri,MO,3.7,0.2,2981400,0.31,,,,
2025-01-01,30,Montana,MT,2.8,-0.2,528000,1.36,,,,
2025-01-01,31,Nebraska,NE,2.9,0.3,1059300,0.87,,,,
2025-01-01,32,Nevada,NV,5.8,0.5,1573800,0.83,,,,
2025-01-01,33,New Hampshire,NH,2.9,0.6,710200,1.08,,,,
2025-01-01,34,New Jersey,NJ,4.6,0.2,4384300,0.75,,,,
2025-01-01,35,New Mexico,NM,4.4,0.6,899100,1.55,,,,
2025-01-01,36,New York,NY,4.4,0.2,9960200,1.63,,,,
2025-01-01,37,North Carolina,NC,3.7,0.2,5053000,1.23,,,,
2025-01-01,38,North Dakota,ND,2.6,0.4,448000,1.33,,,,
2025-01-01,39,Ohio,OH,4.6,0.6,5658000,0.37,,,,
2025-01-01,40,Oklahoma,OK,3.3,-0.1,1794800,1.53,,,,
2025-01-01,41,Oregon,OR,4.4,0.3,2003200,1.17,,,,
2025-01-01,42,Pennsylvania,PA,3.8,0.1,6191800,1.26,,,,
2025-01-01,44,Rhode Island,RI,4.6,0.7,514400,1.32,,,,
2025-01-01,45,South Carolina,SC,4.3,0.9,2387700,2.41,,,,
2025-01-01,46,South Dakota,SD,1.9,0.2,472600,1.61,,,,
2025-01-01,47,Tennessee,TN,3.7,0.5,3374400,0.6,,,,
2025-01-01,48,Texas,TX,4.1,0.2,14234100,1.32,,,,
2025-01-01,49,Utah,UT,3.2,0.3,1769600,2.09,,,,
2025-01-01,50,Vermont,VT,2.6,0.6,312700,0.29,,,,
2025-01-01,51,Virginia,VA,3,0.2,4267100,1.45,,,,
2025-01-01,53,Washington,WA,4.3,-0.3,3671700,1.71,,,,
2025-01-01,54,West Virginia,WV,4,-0.1,713700,-0.31,,,,
2025-01-01,55,Wisconsin,WI,3.2,0.3,3049900,0.58,,,,
2025-01-01,56,Wyoming,WY,3.6,0.8,295600,0.85,,,,
2024-12-01,01,Alabama,AL,3.3,0.5,2200300,1.17,,,,
2024-12-01,02,Alaska,AK,4.7,0.2,339300,2.69,,,,
2024-12-01,04,Arizona,AZ,3.8,0.2,3240200,0.52,,,,
2024-12-01,05,Arkansas,AR,3.6,0.1,1377200,1.4,,,,
2024-12-01,10,Delaware,DE,3.6,-0.2,490800,0.88,,,,
2024-12-01,11,District of Columbia,DC,5.3,0.2,772200,0.61,,,,
2024-12-01,12,Florida,FL,3.4,0.2,10002100,1.42,,,,
2024-12-01,13,Georgia,GA,3.6,0.3,4984300,0.91,,,,
2024-12-01,15,Hawaii,HI,3,0,645800,2.01,,,,
2024-12-01,16,Idaho,ID,3.8,0.4,876900,1.48,,,,
2024-12-01,17,Illinois,IL,4.9,0.1,6161000,0.7,,,,
2024-12-01,18,Indiana,IN,4.4,0.7,3270200,0.58,,,,
2024-12-01,19,Iowa,IA,3.3,0.5,1592800,-0.36,,,,
2024-12-01,20,Kansas,KS,3.8,0.8,1458900,0.66,,,,
2024-12-01,21,Kentucky,KY,5.3,0.7,2044800,0.79,,,,
2024-12-01,22,Louisiana,LA,4.6,0.4,1989500,0.96,,,,
2024-12-01,23,Maine,ME,3.4,0.6,658300,0.67,,,,
2024-12-01,24,Maryland,MD,3.1,0.4,2840600,1.42,,,,
2024-12-01,25,Massachusetts,MA,4.1,0.4,3722200,-0.16,,,,
2024-12-01,26,Michigan,MI,5.2,1.2,4509500,0.71,,,,
2024-12-01,27,Minnesota,MN,3,0.2,3034400,1.39,,,,
2024-12-01,28,Mississippi,MS,3.6,0.7,1194800,1.25,,,,
2024-12-01,29,Missouri,MO,3.6,0.2,3000000,0.72,,,,
2024-12-01,30,Montana,MT,2.9,-0.2,528200,1.15,,,,
2024-12-01,31,Nebraska,NE,2.9,0.3,1060300,0.61,,,,
2024-12-01,32,Nevada,NV,5.8,0.5,1580400,1.12,,,,
2024-12-01,33,New Hampshire,NH,2.8,0.5,711600,1.41,,,,
2024-12-01,34,New Jersey,NJ,4.6,0.1,4393200,0.9,,,,
2024-12-01,35,New Mexico,NM,4.3,0.5,895700,1.07,,,,
2024-12-01,36,New York,NY,4.4,0.2,9946500,1.77,,,,
2024-12-01,37,North Carolina,NC,3.7,0.1,5044300,0.94,,,,
2024-12-01,38,North Dakota,ND,2.5,0.3,449200,1.49,,,,
2024-12-01,39,Ohio,OH,4.5,0.6,5654600,0.4,,,,
2024-12-01,40,Oklahoma,OK,3.3,-0.2,1792300,1.32,,,,
2024-12-01,41,Oregon,OR,4.3,0.3,1999700,0.58,,,,
2024-12-01,42,Pennsylvania,PA,3.7,0,6180800,1.09,,,,
2024-12-01,44,Rhode Island,RI,4.5,0.7,514500,1.06,,,,
2024-12-01,45,South Carolina,SC,4.4,1.1,2383700,2.2,,,,
2024-12-01,46,South Dakota,SD,1.9,0.1,470500,0.94,,,,
2024-12-01,47,Tennessee,TN,3.7,0.5,3385900,0.66,,,,
2024-12-01,48,Texas,TX,4.2,0.3,14208500,1.35,,,,
2024-12-01,49,Utah,UT,3.3,0.4,1764000,1.69,,,,
2024-12-01,50,Vermont,VT,2.5,0.5,311200,0.13,,,,
2024-12-01,51,Virginia,VA,2.9,0,4273900,1.76,,,,
2024-12-01,53,Washington,WA,4.4,-0.2,3674200,1.67,,,,
2024-12-01,54,West Virginia,WV,4.1,-0.1,716100,0.2,,,,
2024-12-01,55,Wisconsin,WI,3.1,0.2,3047600,0.5,,,,
2024-12-01,56,Wyoming,WY,3.5,0.7,296000,1.13,,,,
2024-11-01,01,Alabama,AL,3.3,0.5,2197100,1.12,,,,
2024-11-01,02,Alaska,AK,4.7,0.2,338900,2.76,,,,
2024-11-01,04,Arizona,AZ,3.9,0.2,3233700,0.69,,,,
2024-11-01,05,Arkansas,AR,3.6,0.1,1375100,1.51,,,,
2024-11-01,10,Delaware,DE,3.6,-0.2,490400,0.97,,,,
2024-11-01,11,District of Columbia,DC,5.3,0.3,772000,0.57,,,,
2024-11-01,12,Florida,FL,3.5,0.4,9972600,1.28,,,,
2024-11-01,13,Georgia,GA,3.6,0.3,4971200,0.8,,,,
2024-11-01,15,Hawaii,HI,3,0,643200,1.8,,,,
2024-11-01,16,Idaho,ID,3.8,0.4,872900,1.36,,,,
2024-11-01,17,Illinois,IL,4.9,0.1,6148800,0.46,,,,
2024-11-01,18,Indiana,IN,4.4,0.7,3267200,0.56,,,,
2024-11-01,19,Iowa,IA,3.3,0.4,1590800,-0.41,,,,
2024-11-01,20,Kansas,KS,3.8,0.8,1459200,0.79,,,,
2024-11-01,21,Kentucky,KY,5.4,0.9,2042200,0.84,,,,
2024-11-01,22,Louisiana,LA,4.6,0.5,1990500,1.2,,,,
2024-11-01,23,Maine,ME,3.4,0.6,658400,0.73,,,,
2024-11-01,24,Maryland,MD,3.1,0.6,2837500,1.47,,,,
2024-11-01,25,Massachusetts,MA,4.1,0.5,3715200,-0.19,,,,
2024-11-01,26,Michigan,MI,5.2,1.2,4498500,0.69,,,,
2024-11-01,27,Minnesota,MN,3,0.2,3029700,1.23,,,,
2024-11-01,28,Mississippi,MS,3.6,0.6,1196500,1.32,,,,
2024-11-01,29,Missouri,MO,3.6,0.2,2994600,0.64,,,,
2024-11-01,30,Montana,MT,2.9,-0.1,526600,0.98,,,,
2024-11-01,31,Nebraska,NE,2.9,0.4,1059300,0.66,,,,
2024-11-01,32,Nevada,NV,5.8,0.5,1572500,0.92,,,,
2024-11-01,33,New Hampshire,NH,2.8,0.5,708900,1.17,,,,
2024-11-01,34,New Jersey,NJ,4.6,0.1,4375400,0.7,,,,
2024-11-01,35,New Mexico,NM,4.4,0.6,893400,1.28,,,,
2024-11-01,36,New York,NY,4.4,0.2,9908800,1.65,,,,
2024-11-01,37,North Carolina,NC,3.7,0.1,5032000,1.05,,,,
2024-11-01,38,North Dakota,ND,2.5,0.3,447600,1.57,,,,
2024-11-01,39,Ohio,OH,4.5,0.6,5654100,0.48,,,,
2024-11-01,40,Oklahoma,OK,3.3,-0.2,1788900,1.2,,,,
2024-11-01,41,Oregon,OR,4.3,0.3,2001700,0.72,,,,
2024-11-01,42,Pennsylvania,PA,3.7,0,6160700,0.95,,,,
2024-11-01,44,Rhode Island,RI,4.5,0.9,514400,1.34,,,,
2024-11-01,45,South Carolina,SC,4.4,1.2,2376400,1.97,,,,
2024-11-01,46,South Dakota,SD,1.9,0.1,470000,1.01,,,,
2024-11-01,47,Tennessee,TN,3.7,0.4,3382700,0.78,,,,
2024-11-01,48,Texas,TX,4.2,0.2,14174700,1.29,,,,
2024-11-01,49,Utah,UT,3.3,0.4,1758900,1.74,,,,
2024-11-01,50,Vermont,VT,2.5,0.5,311700,0.26,,,,
2024-11-01,51,Virginia,VA,2.9,0.1,4259700,1.57,,,,
2024-11-01,53,Washington,WA,4.4,-0.1,3661900,1.57,,,,
2024-11-01,54,West Virginia,WV,4.1,-0.1,716300,0.45,,,,
2024-11-01,55,Wisconsin,WI,3.1,0.2,3048100,0.78,,,,
2024-11-01,56,Wyoming,WY,3.6,0.8,295700,0.99,,,,
2024-10-01,01,Alabama,AL,3.3,0.6,2195900,1,,,,
2024-10-01,02,Alaska,AK,4.7,0.2,338500,2.83,,,,
2024-10-01,04,Arizona,AZ,3.9,0.2,3224300,0.8,,,,
2024-10-01,05,Arkansas,AR,3.6,0.2,1371200,1.2,,,,
2024-10-01,10,Delaware,DE,3.6,-0.3,488000,0.51,,,,
2024-10-01,11,District of Columbia,DC,5.3,0.4,769400,0.25,,,,
2024-10-01,12,Florida,FL,3.5,0.4,9921400,0.84,,,,
2024-10-01,13,Georgia,GA,3.6,0.3,4968200,0.83,,,,
2024-10-01,15,Hawaii,HI,3,0.1,640800,1.63,,,,
2024-10-01,16,Idaho,ID,3.8,0.4,869000,1.19,,,,
2024-10-01,17,Illinois,IL,4.9,0.1,6150500,0.59,,,,
2024-10-01,18,Indiana,IN,4.5,0.9,3266800,0.59,,,,
2024-10-01,19,Iowa,IA,3.3,0.3,1590300,-0.55,,,,
2024-10-01,20,Kansas,KS,3.8,0.9,1452400,0.44,,,,
2024-10-01,21,Kentucky,KY,5.4,0.9,2036200,0.54,,,,
2024-10-01,22,Louisiana,LA,4.6,0.6,1989200,1.06,,,,
2024-10-01,23,Maine,ME,3.4,0.6,659700,0.98,,,,
2024-10-01,24,Maryland,MD,3.2,0.8,2826000,1.23,,,,
2024-10-01,25,Massachusetts,MA,4.2,0.6,3715900,-0.18,,,,
2024-10-01,26,Michigan,MI,5.2,1.2,4492300,0.84,,,,
2024-10-01,27,Minnesota,MN,3,0.2,3025500,1.08,,,,
2024-10-01,28,Mississippi,MS,3.6,0.6,1198000,1.36,,,,
2024-10-01,29,Missouri,MO,3.6,0.2,2999400,0.91,,,,
2024-10-01,30,Montana,MT,2.9,0,526000,0.88,,,,
2024-10-01,31,Nebraska,NE,2.9,0.4,1060600,0.71,,,,
2024-10-01,32,Nevada,NV,5.8,0.6,1572200,1.13,,,,
2024-10-01,33,New Hampshire,NH,2.8,0.5,707000,1.01,,,,
2024-10-01,34,New Jersey,NJ,4.6,0.1,4375900,0.86,,,,
2024-10-01,35,New Mexico,NM,4.4,0.6,889800,1.25,,,,
2024-10-01,36,New York,NY,4.4,0.2,9891900,1.52,,,,
2024-10-01,37,North Carolina,NC,3.7,0.1,5019800,0.98,,,,
2024-10-01,38,North Dakota,ND,2.5,0.4,446400,1.32,,,,
2024-10-01,39,Ohio,OH,4.5,0.7,5652900,0.52,,,,
2024-10-01,40,Oklahoma,OK,3.3,-0.1,1785200,1.04,,,,
2024-10-01,41,Oregon,OR,4.3,0.4,1997000,0.5,,,,
2024-10-01,42,Pennsylvania,PA,3.7,0,6156800,0.91,,,,
2024-10-01,44,Rhode Island,RI,4.5,1.2,513900,1.22,,,,
2024-10-01,45,South Carolina,SC,4.5,1.4,2368400,1.74,,,,
2024-10-01,46,South Dakota,SD,1.9,0.1,470100,1.21,,,,
2024-10-01,47,Tennessee,TN,3.7,0.4,3381300,0.94,,,,
2024-10-01,48,Texas,TX,4.2,0.2,14179900,1.35,,,,
2024-10-01,49,Utah,UT,3.3,0.5,1757100,1.61,,,,
2024-10-01,50,Vermont,VT,2.5,0.5,311800,0.39,,,,
2024-10-01,51,Virginia,VA,2.9,0.1,4253700,1.51,,,,
2024-10-01,53,Washington,WA,4.4,-0.1,3628200,0.83,,,,
2024-10-01,54,West Virginia,WV,4.1,-0.1,715700,0.52,,,,
2024-10-01,55,Wisconsin,WI,3.1,0.1,3046100,0.64,,,,
2024-10-01,56,Wyoming,WY,3.5,0.7,296100,1.37,,,,
2024-09-01,01,Alabama,AL,3.3,0.7,2194500,1.12,,,,
2024-09-01,02,Alaska,AK,4.8,0.4,335100,1.15,,,,
2024-09-01,04,Arizona,AZ,3.8,0,3224200,-0.17,,,,
2024-09-01,05,Arkansas,AR,3.5,0.1,1367700,0.89,,,,
2024-09-01,10,Delaware,DE,3.6,-0.2,491300,1.13,,,,
2024-09-01,11,District of Columbia,DC,5.3,0.5,768200,0.14,,,,
2024-09-01,12,Florida,FL,3.5,0.4,9979300,1.81,,,,
2024-09-01,13,Georgia,GA,3.6,0.3,4967100,0.81,,,,
2024-09-01,15,Hawaii,HI,3,0.1,642300,1.98,,,,
2024-09-01,16,Idaho,ID,3.8,0.4,866100,1.85,,,,
2024-09-01,17,Illinois,IL,5,0.3,6138200,0.2,,,,
2024-09-01,18,Indiana,IN,4.4,0.8,3271500,0.76,,,,
2024-09-01,19,Iowa,IA,3.3,0.3,1594600,-0.09,,,,
2024-09-01,20,Kansas,KS,3.8,0.9,1460100,0.9,,,,
2024-09-01,21,Kentucky,KY,5.3,0.9,2041700,0.8,,,,
2024-09-01,22,Louisiana,LA,4.6,0.8,1982000,0.94,,,,
2024-09-01,23,Maine,ME,3.4,0.6,659800,0.98,,,,
2024-09-01,24,Maryland,MD,3.2,0.9,2835700,1.71,,,,
2024-09-01,25,Massachusetts,MA,4.2,0.7,3718200,-0.02,,,,
2024-09-01,26,Michigan,MI,5.1,1.1,4497500,0.39,,,,
2024-09-01,27,Minnesota,MN,3.1,0.3,3017900,0.83,,,,
2024-09-01,28,Mississippi,MS,3.4,0.4,1190800,0.66,,,,
2024-09-01,29,Missouri,MO,3.7,0.4,2992300,0.6,,,,
2024-09-01,30,Montana,MT,3,0.2,528000,1.44,,,,
2024-09-01,31,Nebraska,NE,2.9,0.4,1059100,0.52,,,,
2024-09-01,32,Nevada,NV,5.7,0.5,1573500,1.34,,,,
2024-09-01,33,New Hampshire,NH,2.7,0.4,704400,0.56,,,,
2024-09-01,34,New Jersey,NJ,4.6,0.1,4375400,0.67,,,,
2024-09-01,35,New Mexico,NM,4.3,0.6,888400,1.2,,,,
2024-09-01,36,New York,NY,4.4,0.3,9908800,1.64,,,,
2024-09-01,37,North Carolina,NC,3.7,0.2,5027000,1.27,,,,
2024-09-01,38,North Dakota,ND,2.5,0.5,446800,1.43,,,,
2024-09-01,39,Ohio,OH,4.4,0.6,5658400,0.4,,,,
2024-09-01,40,Oklahoma,OK,3.3,-0.1,1780300,0.94,,,,
2024-09-01,41,Oregon,OR,4.2,0.4,1997200,0.29,,,,
2024-09-01,42,Pennsylvania,PA,3.7,0.1,6153000,0.84,,,,
2024-09-01,44,Rhode Island,RI,4.5,1.4,512000,0.67,,,,
2024-09-01,45,South Carolina,SC,4.5,1.5,2366500,1.88,,,,
2024-09-01,46,South Dakota,SD,1.8,0,468600,0.9,,,,
2024-09-01,47,Tennessee,TN,3.7,0.5,3375900,0.75,,,,
2024-09-01,48,Texas,TX,4.2,0.2,14175800,1.38,,,,
2024-09-01,49,Utah,UT,3.3,0.5,1749800,1.17,,,,
2024-09-01,50,Vermont,VT,2.5,0.5,312100,0.39,,,,
2024-09-01,51,Virginia,VA,2.9,0.2,4250200,1.5,,,,
2024-09-01,53,Washington,WA,4.4,0.1,3654000,1.47,,,,
2024-09-01,54,West Virginia,WV,4.1,0,715600,0.62,,,,
2024-09-01,55,Wisconsin,WI,3,0,3039400,0.32,,,,
2024-09-01,56,Wyoming,WY,3.5,0.7,294900,0.92,,,,
2024-08-01,01,Alabama,AL,3.1,0.6,2192900,1.17,,,,
2024-08-01,02,Alaska,AK,4.7,0.3,334100,1.37,,,,
2024-08-01,04,Arizona,AZ,3.7,0,3212300,-0.19,,,,
2024-08-01,05,Arkansas,AR,3.5,0.2,1367500,1.14,,,,
2024-08-01,10,Delaware,DE,3.7,-0.1,490300,1.07,,,,
2024-08-01,11,District of Columbia,DC,5.3,0.5,766700,0.25,,,,
2024-08-01,12,Florida,FL,3.4,0.4,9950200,1.65,,,,
2024-08-01,13,Georgia,GA,3.6,0.3,4967300,1.03,,,,
2024-08-01,15,Hawaii,HI,3,0.1,639500,1.15,,,,
2024-08-01,16,Idaho,ID,3.7,0.4,869000,2.43,,,,
2024-08-01,17,Illinois,IL,5,0.4,6147800,0.41,,,,
2024-08-01,18,Indiana,IN,4.4,0.9,3277200,1.03,,,,
2024-08-01,19,Iowa,IA,3.2,0.2,1596900,0.08,,,,
2024-08-01,20,Kansas,KS,3.7,0.9,1462400,1.34,,,,
2024-08-01,21,Kentucky,KY,5.2,0.8,2042400,1.14,,,,
2024-08-01,22,Louisiana,LA,4.5,0.8,1983400,1.27,,,,
2024-08-01,23,Maine,ME,3.2,0.5,658800,0.83,,,,
2024-08-01,24,Maryland,MD,3.2,1,2835000,1.76,,,,
2024-08-01,25,Massachusetts,MA,4.2,0.7,3717000,-0.04,,,,
2024-08-01,26,Michigan,MI,5,1,4489500,0.43,,,,
2024-08-01,27,Minnesota,MN,3.2,0.4,3010600,0.82,,,,
2024-08-01,28,Mississippi,MS,3.3,0.2,1189300,0.67,,,,
2024-08-01,29,Missouri,MO,3.7,0.5,2987900,0.85,,,,
2024-08-01,30,Montana,MT,3,0.3,528100,1.42,,,,
2024-08-01,31,Nebraska,NE,2.9,0.5,1057500,0.64,,,,
2024-08-01,32,Nevada,NV,5.7,0.6,1570200,1.82,,,,
2024-08-01,33,New Hampshire,NH,2.6,0.4,706200,1.03,,,,
2024-08-01,34,New Jersey,NJ,4.6,0.2,4360300,0.64,,,,
2024-08-01,35,New Mexico,NM,4.3,0.6,888000,1.29,,,,
2024-08-01,36,New York,NY,4.4,0.3,9883500,1.55,,,,
2024-08-01,37,North Carolina,NC,3.7,0.2,5014600,1.18,,,,
2024-08-01,38,North Dakota,ND,2.5,0.5,446600,1.68,,,,
2024-08-01,39,Ohio,OH,4.4,0.8,5653400,0.41,,,,
2024-08-01,40,Oklahoma,OK,3.3,0,1778900,1.13,,,,
2024-08-01,41,Oregon,OR,4.2,0.4,1995300,0.43,,,,
2024-08-01,42,Pennsylvania,PA,3.6,0,6147900,0.79,,,,
2024-08-01,44,Rhode Island,RI,4.5,1.7,512000,0.81,,,,
2024-08-01,45,South Carolina,SC,4.6,1.7,2355200,1.63,,,,
2024-08-01,46,South Dakota,SD,1.8,0,467500,0.88,,,,
2024-08-01,47,Tennessee,TN,3.6,0.4,3373900,1.07,,,,
2024-08-01,48,Texas,TX,4.2,0.2,14152100,1.41,,,,
2024-08-01,49,Utah,UT,3.3,0.6,1744700,1.22,,,,
2024-08-01,50,Vermont,VT,2.5,0.6,313100,1.16,,,,
2024-08-01,51,Virginia,VA,2.9,0.3,4237200,1.27,,,,
2024-08-01,53,Washington,WA,4.5,0.3,3642000,1.21,,,,
2024-08-01,54,West Virginia,WV,4.1,0.1,715900,0.87,,,,
2024-08-01,55,Wisconsin,WI,3,0,3045900,0.72,,,,
2024-08-01,56,Wyoming,WY,3.4,0.6,294900,1.06,,,,
2024-07-01,01,Alabama,AL,3,0.6,2189700,1.22,,,,
2024-07-01,02,Alaska,AK,4.7,0.4,334800,1.95,,,,
2024-07-01,04,Arizona,AZ,3.6,-0.1,3215800,0.12,,,,
2024-07-01,05,Arkansas,AR,3.4,0.3,1365800,1.2,,,,
2024-07-01,10,Delaware,DE,3.7,-0.1,489000,0.97,,,,
2024-07-01,11,District of Columbia,DC,5.3,0.6,768300,0.2,,,,
2024-07-01,12,Florida,FL,3.4,0.5,9934900,1.64,,,,
2024-07-01,13,Georgia,GA,3.6,0.3,4968600,1.27,,,,
2024-07-01,15,Hawaii,HI,3,0.2,637400,0.44,,,,
2024-07-01,16,Idaho,ID,3.7,0.5,867400,2.58,,,,
2024-07-01,17,Illinois,IL,5.1,0.7,6145300,0.39,,,,
2024-07-01,18,Indiana,IN,4.3,0.9,3256100,0.44,,,,
2024-07-01,19,Iowa,IA,3.1,0.1,1595100,0.09,,,,
2024-07-01,20,Kansas,KS,3.7,0.9,1455900,1.03,,,,
2024-07-01,21,Kentucky,KY,5.1,0.8,2037900,1.21,,,,
2024-07-01,22,Louisiana,LA,4.3,0.7,1982300,1.5,,,,
2024-07-01,23,Maine,ME,3.1,0.5,658000,0.66,,,,
2024-07-01,24,Maryland,MD,3.2,1.2,2838300,1.91,,,,
2024-07-01,25,Massachusetts,MA,4.1,0.7,3716400,-0.03,,,,
2024-07-01,26,Michigan,MI,4.8,0.9,4471100,-0.09,,,,
2024-07-01,27,Minnesota,MN,3.2,0.3,3008300,0.74,,,,
2024-07-01,28,Mississippi,MS,3.1,0,1188600,0.71,,,,
2024-07-01,29,Missouri,MO,3.7,0.6,2980100,0.29,,,,
2024-07-01,30,Montana,MT,3,0.4,528700,1.93,,,,
2024-07-01,31,Nebraska,NE,2.8,0.5,1057200,0.7,,,,
2024-07-01,32,Nevada,NV,5.6,0.5,1567000,1.8,,,,
2024-07-01,33,New Hampshire,NH,2.6,0.4,704600,0.71,,,,
2024-07-01,34,New Jersey,NJ,4.6,0.2,4360600,0.77,,,,
2024-07-01,35,New Mexico,NM,4.3,0.7,885200,1.21,,,,
2024-07-01,36,New York,NY,4.4,0.4,9869900,1.5,,,,
2024-07-01,37,North Carolina,NC,3.6,0.1,5011500,1.35,,,,
2024-07-01,38,North Dakota,ND,2.5,0.5,446700,1.92,,,,
2024-07-01,39,Ohio,OH,4.3,0.8,5651200,0.48,,,,
2024-07-01,40,Oklahoma,OK,3.3,0.1,1774400,1.19,,,,
2024-07-01,41,Oregon,OR,4.2,0.5,1991700,0.32,,,,
2024-07-01,42,Pennsylvania,PA,3.6,0.1,6139600,0.77,,,,
2024-07-01,44,Rhode Island,RI,4.4,1.7,511500,0.91,,,,
2024-07-01,45,South Carolina,SC,4.5,1.7,2350400,1.7,,,,
2024-07-01,46,South Dakota,SD,1.8,0,467300,1.08,,,,
2024-07-01,47,Tennessee,TN,3.4,0.2,3372900,1.02,,,,
2024-07-01,48,Texas,TX,4.1,0.1,14101300,1.24,,,,
2024-07-01,49,Utah,UT,3.3,0.6,1740000,0.99,,,,
2024-07-01,50,Vermont,VT,2.4,0.6,311900,0.58,,,,
2024-07-01,51,Virginia,VA,2.8,0.3,4236300,1.52,,,,
2024-07-01,53,Washington,WA,4.5,0.4,3639300,1.24,,,,
2024-07-01,54,West Virginia,WV,4.1,0.2,715300,1.07,,,,
2024-07-01,55,Wisconsin,WI,2.9,0,3038300,0.58,,,,
2024-07-01,56,Wyoming,WY,3.3,0.5,293000,0.45,,,,
2024-06-01,01,Alabama,AL,2.9,0.6,2191000,1.26,,,,
2024-06-01,02,Alaska,AK,4.6,0.4,333200,1.25,,,,
2024-06-01,04,Arizona,AZ,3.5,-0.2,3238500,0.93,,,,
2024-06-01,05,Arkansas,AR,3.4,0.4,1363400,0.74,,,,
2024-06-01,10,Delaware,DE,3.8,0,488600,0.8,,,,
2024-06-01,11,District of Columbia,DC,5.3,0.6,769600,,,,,
2024-06-01,12,Florida,FL,3.4,0.5,9920300,1.41,,,,
2024-06-01,13,Georgia,GA,3.6,0.3,4971300,1.21,,,,
2024-06-01,15,Hawaii,HI,2.9,0.1,636300,0.25,,,,
2024-06-01,16,Idaho,ID,3.7,0.5,862900,1.45,,,,
2024-06-01,17,Illinois,IL,5.1,0.8,6140200,-0.1,,,,
2024-06-01,18,Indiana,IN,4.2,0.8,3257100,0.47,,,,
2024-06-01,19,Iowa,IA,3,0.1,1597500,0.14,,,,
2024-06-01,20,Kansas,KS,3.6,0.8,1456900,0.67,,,,
2024-06-01,21,Kentucky,KY,5,0.8,2038000,0.95,,,,
2024-06-01,22,Louisiana,LA,4.2,0.7,1978800,0.73,,,,
2024-06-01,23,Maine,ME,3,0.5,657000,0.61,,,,
2024-06-01,24,Maryland,MD,3.1,1.2,2829200,1.52,,,,
2024-06-01,25,Massachusetts,MA,4,0.6,3722300,0.25,,,,
2024-06-01,26,Michigan,MI,4.7,0.9,4487300,0.32,,,,
2024-06-01,27,Minnesota,MN,3.2,0.3,3011200,0.44,,,,
2024-06-01,28,Mississippi,MS,2.9,-0.2,1185700,0.13,,,,
2024-06-01,29,Missouri,MO,3.8,0.7,2989200,0.64,,,,
2024-06-01,30,Montana,MT,3,0.4,529300,1.73,,,,
2024-06-01,31,Nebraska,NE,2.8,0.6,1057800,0.27,,,,
2024-06-01,32,Nevada,NV,5.6,0.6,1568500,1.85,,,,
2024-06-01,33,New Hampshire,NH,2.5,0.3,705300,0.69,,,,
2024-06-01,34,New Jersey,NJ,4.6,0.3,4375600,1.04,,,,
2024-06-01,35,New Mexico,NM,4.2,0.6,889200,1.24,,,,
2024-06-01,36,New York,NY,4.3,0.4,9871500,1.53,,,,
2024-06-01,37,North Carolina,NC,3.6,0.2,5019000,1.3,,,,
2024-06-01,38,North Dakota,ND,2.5,0.6,446700,1.82,,,,
2024-06-01,39,Ohio,OH,4.3,0.9,5652300,0.45,,,,
2024-06-01,40,Oklahoma,OK,3.3,0.2,1771300,0.73,,,,
2024-06-01,41,Oregon,OR,4.1,0.5,1992500,-0.01,,,,
2024-06-01,42,Pennsylvania,PA,3.6,0.1,6135600,0.66,,,,
2024-06-01,44,Rhode Island,RI,4.4,1.8,513600,1.32,,,,
2024-06-01,45,South Carolina,SC,4.4,1.6,2351800,1.96,,,,
2024-06-01,46,South Dakota,SD,1.8,0,466700,0.73,,,,
2024-06-01,47,Tennessee,TN,3.3,0.2,3377000,1.26,,,,
2024-06-01,48,Texas,TX,4.1,0.1,14130900,1.39,,,,
2024-06-01,49,Utah,UT,3.3,0.7,1741300,0.78,,,,
2024-06-01,50,Vermont,VT,2.3,0.5,311400,-0.16,,,,
2024-06-01,51,Virginia,VA,2.8,0.3,4232700,1.5,,,,
2024-06-01,53,Washington,WA,4.5,0.5,3640600,1.03,,,,
2024-06-01,54,West Virginia,WV,4.1,0.3,715600,0.66,,,,
2024-06-01,55,Wisconsin,WI,2.9,0.1,3035500,0.33,,,,
2024-06-01,56,Wyoming,WY,3.2,0.4,293400,0.58,,,,
2024-05-01,01,Alabama,AL,2.9,0.6,2189900,1.61,,,,
2024-05-01,02,Alaska,AK,4.5,0.4,333700,2.49,,,,
2024-05-01,04,Arizona,AZ,3.4,-0.2,3240200,1.4,,,,
2024-05-01,05,Arkansas,AR,3.4,0.5,1362300,0.96,,,,
2024-05-01,10,Delaware,DE,3.8,0,489100,1.18,,,,
2024-05-01,11,District of Columbia,DC,5.2,0.4,769500,0.08,,,,
2024-05-01,12,Florida,FL,3.3,0.4,9938000,1.95,,,,
2024-05-01,13,Georgia,GA,3.5,0.3,4974100,1.62,,,,
2024-05-01,15,Hawaii,HI,2.9,0.1,638200,0.77,,,,
2024-05-01,16,Idaho,ID,3.6,0.5,861000,1.68,,,,
2024-05-01,17,Illinois,IL,5.1,0.9,6144900,0.4,,,,
2024-05-01,18,Indiana,IN,4.1,0.8,3262500,0.73,,,,
2024-05-01,19,Iowa,IA,2.9,0,1601500,0.53,,,,
2024-05-01,20,Kansas,KS,3.5,0.7,1450900,0.76,,,,
2024-05-01,21,Kentucky,KY,4.9,0.7,2037200,1.12,,,,
2024-05-01,22,Louisiana,LA,4.1,0.6,1980700,1,,,,
2024-05-01,23,Maine,ME,2.9,0.4,657400,1.09,,,,
2024-05-01,24,Maryland,MD,3,1.1,2825000,1.69,,,,
2024-05-01,25,Massachusetts,MA,4,0.6,3723600,0.37,,,,
2024-05-01,26,Michigan,MI,4.5,0.8,4489400,0.46,,,,
2024-05-01,27,Minnesota,MN,3.1,0.2,3012000,0.96,,,,
2024-05-01,28,Mississippi,MS,2.8,-0.3,1186500,0.39,,,,
2024-05-01,29,Missouri,MO,3.7,0.7,2991400,0.97,,,,
2024-05-01,30,Montana,MT,3,0.5,526500,1.62,,,,
2024-05-01,31,Nebraska,NE,2.7,0.5,1058400,1.04,,,,
2024-05-01,32,Nevada,NV,5.5,0.5,1570500,2.51,,,,
2024-05-01,33,New Hampshire,NH,2.5,0.3,698800,0.22,,,,
2024-05-01,34,New Jersey,NJ,4.5,0.3,4369200,1.22,,,,
2024-05-01,35,New Mexico,NM,4.1,0.5,885400,1.41,,,,
2024-05-01,36,New York,NY,4.3,0.4,9869200,1.81,,,,
2024-05-01,37,North Carolina,NC,3.6,0.2,5024000,1.91,,,,
2024-05-01,38,North Dakota,ND,2.4,0.5,446400,2.2,,,,
2024-05-01,39,Ohio,OH,4.2,0.8,5649900,0.73,,,,
2024-05-01,40,Oklahoma,OK,3.3,0.3,1777000,1.31,,,,
2024-05-01,41,Oregon,OR,4.1,0.5,1991300,0.22,,,,
2024-05-01,42,Pennsylvania,PA,3.6,0,6134200,1,,,,
2024-05-01,44,Rhode Island,RI,4.3,1.6,512100,1.49,,,,
2024-05-01,45,South Carolina,SC,4.2,1.4,2350600,2.33,,,,
2024-05-01,46,South Dakota,SD,1.8,0,468100,1.72,,,,
2024-05-01,47,Tennessee,TN,3.2,0.1,3374600,1.56,,,,
2024-05-01,48,Texas,TX,4.1,0.1,14127500,1.68,,,,
2024-05-01,49,Utah,UT,3.2,0.6,1739400,1.17,,,,
2024-05-01,50,Vermont,VT,2.2,0.5,311400,0.68,,,,
2024-05-01,51,Virginia,VA,2.8,0.3,4226700,1.56,,,,
2024-05-01,53,Washington,WA,4.6,0.6,3639100,1.25,,,,
2024-05-01,54,West Virginia,WV,4.1,0.4,726400,2.73,,,,
2024-05-01,55,Wisconsin,WI,2.9,0.2,3034900,0.63,,,,
2024-05-01,56,Wyoming,WY,3.1,0.3,294000,0.86,,,,
2024-04-01,01,Alabama,AL,2.9,0.6,2187400,1.6,,,,
2024-04-01,02,Alaska,AK,4.5,0.5,333400,2.27,,,,
2024-04-01,04,Arizona,AZ,3.4,-0.2,3244300,1.67,,,,
2024-04-01,05,Arkansas,AR,3.4,0.5,1362800,1.09,,,,
2024-04-01,10,Delaware,DE,3.7,-0.1,488900,1.58,,,,
2024-04-01,11,District of Columbia,DC,5.2,0.4,769500,0.22,,,,
2024-04-01,12,Florida,FL,3.3,0.5,9930200,2.11,,,,
2024-04-01,13,Georgia,GA,3.4,0.2,4967200,1.46,,,,
2024-04-01,15,Hawaii,HI,2.9,0,635000,0.27,,,,
2024-04-01,16,Idaho,ID,3.6,0.6,859800,1.74,,,,
2024-04-01,17,Illinois,IL,5.1,0.9,6136400,0.32,,,,
2024-04-01,18,Indiana,IN,4,0.7,3258300,0.8,,,,
2024-04-01,19,Iowa,IA,2.8,-0.1,1602300,0.56,,,,
2024-04-01,20,Kansas,KS,3.4,0.6,1456900,1.19,,,,
2024-04-01,21,Kentucky,KY,4.9,0.8,2035200,1.18,,,,
2024-04-01,22,Louisiana,LA,4.1,0.6,1981700,1.22,,,,
2024-04-01,23,Maine,ME,2.8,0.4,654700,1.05,,,,
2024-04-01,24,Maryland,MD,2.9,1,2823700,1.87,,,,
2024-04-01,25,Massachusetts,MA,3.9,0.6,3719100,0.31,,,,
2024-04-01,26,Michigan,MI,4.4,0.7,4485500,0.72,,,,
2024-04-01,27,Minnesota,MN,3,0.2,3009200,1.17,,,,
2024-04-01,28,Mississippi,MS,2.8,-0.3,1187100,0.57,,,,
2024-04-01,29,Missouri,MO,3.7,0.8,2990400,0.91,,,,
2024-04-01,30,Montana,MT,3,0.5,524600,1.25,,,,
2024-04-01,31,Nebraska,NE,2.7,0.6,1057400,1.11,,,,
2024-04-01,32,Nevada,NV,5.4,0.4,1570100,2.82,,,,
2024-04-01,33,New Hampshire,NH,2.4,0.2,701600,0.62,,,,
2024-04-01,34,New Jersey,NJ,4.5,0.4,4362300,1.53,,,,
2024-04-01,35,New Mexico,NM,4,0.4,885100,1.4,,,,
2024-04-01,36,New York,NY,4.2,0.3,9860000,2.05,,,,
2024-04-01,37,North Carolina,NC,3.6,0.2,5017400,1.93,,,,
2024-04-01,38,North Dakota,ND,2.3,0.3,445900,2.41,,,,
2024-04-01,39,Ohio,OH,4.2,0.8,5645300,0.76,,,,
2024-04-01,40,Oklahoma,OK,3.3,0.3,1776300,1.33,,,,
2024-04-01,41,Oregon,OR,4.1,0.5,1991400,0.39,,,,
2024-04-01,42,Pennsylvania,PA,3.6,0,6128100,0.92,,,,
2024-04-01,44,Rhode Island,RI,4.2,1.5,511700,1.95,,,,
2024-04-01,45,South Carolina,SC,3.9,1,2350500,2.51,,,,
2024-04-01,46,South Dakota,SD,1.8,0,467600,1.87,,,,
2024-04-01,47,Tennessee,TN,3.2,0,3370500,1.7,,,,
2024-04-01,48,Texas,TX,4,0,14104600,1.64,,,,
2024-04-01,49,Utah,UT,3.1,0.6,1741200,1.54,,,,
2024-04-01,50,Vermont,VT,2.1,0.3,311000,0.32,,,,
2024-04-01,51,Virginia,VA,2.8,0.2,4224800,1.65,,,,
2024-04-01,53,Washington,WA,4.6,0.6,3631800,1.18,,,,
2024-04-01,54,West Virginia,WV,4,0.4,716700,1.46,,,,
2024-04-01,55,Wisconsin,WI,2.9,0.3,3038600,0.74,,,,
2024-04-01,56,Wyoming,WY,3,0.1,293200,0.93,,,,
2024-03-01,01,Alabama,AL,2.9,,2187000,,,,,
2024-03-01,02,Alaska,AK,4.4,,333500,,,,,
2024-03-01,04,Arizona,AZ,3.3,,3266200,,,,,
2024-03-01,05,Arkansas,AR,3.4,,1364500,,,,,
2024-03-01,10,Delaware,DE,3.7,,489100,,,,,
2024-03-01,11,District of Columbia,DC,5.2,,769400,,,,,
2024-03-01,12,Florida,FL,3.2,,9915000,,,,,
2024-03-01,13,Georgia,GA,3.4,,4956400,,,,,
2024-03-01,15,Hawaii,HI,2.9,,638000,,,,,
2024-03-01,16,Idaho,ID,3.5,,854600,,,,,
2024-03-01,17,Illinois,IL,5,,6138100,,,,,
2024-03-01,18,Indiana,IN,3.9,,3255300,,,,,
2024-03-01,19,Iowa,IA,2.7,,1604100,,,,,
2024-03-01,20,Kansas,KS,3.3,,1455800,,,,,
2024-03-01,21,Kentucky,KY,4.8,,2035300,,,,,
2024-03-01,22,Louisiana,LA,4.1,,1980500,,,,,
2024-03-01,23,Maine,ME,2.8,,656700,,,,,
2024-03-01,24,Maryland,MD,2.9,,2835700,,,,,
2024-03-01,25,Massachusetts,MA,3.8,,3729800,,,,,
2024-03-01,26,Michigan,MI,4.2,,4486400,,,,,
2024-03-01,27,Minnesota,MN,2.9,,3013100,,,,,
2024-03-01,28,Mississippi,MS,2.8,,1188300,,,,,
2024-03-01,29,Missouri,MO,3.6,,2986100,,,,,
2024-03-01,30,Montana,MT,3,,523299.99999999994,,,,,
2024-03-01,31,Nebraska,NE,2.6,,1058800,,,,,
2024-03-01,32,Nevada,NV,5.3,,1565400,,,,,
2024-03-01,33,New Hampshire,NH,2.4,,703400,,,,,
2024-03-01,34,New Jersey,NJ,4.4,,4360000,,,,,
2024-03-01,35,New Mexico,NM,3.9,,888700,,,,,
2024-03-01,36,New York,NY,4.2,,9840400,,,,,
2024-03-01,37,North Carolina,NC,3.5,,5006500,,,,,
2024-03-01,38,North Dakota,ND,2.3,,444600,,,,,
2024-03-01,39,Ohio,OH,4.1,,5650700,,,,,
2024-03-01,40,Oklahoma,OK,3.3,,1779400,,,,,
2024-03-01,41,Oregon,OR,4.1,,1987400,,,,,
2024-03-01,42,Pennsylvania,PA,3.6,,6131000,,,,,
2024-03-01,44,Rhode Island,RI,4.1,,511900,,,,,
2024-03-01,45,South Carolina,SC,3.7,,2344600,,,,,
2024-03-01,46,South Dakota,SD,1.7,,467700,,,,,
2024-03-01,47,Tennessee,TN,3.1,,3374500,,,,,
2024-03-01,48,Texas,TX,4,,14090500,,,,,
2024-03-01,49,Utah,UT,3,,1739500,,,,,
2024-03-01,50,Vermont,VT,2.1,,311700,,,,,
2024-03-01,51,Virginia,VA,2.8,,4223100,,,,,
2024-03-01,53,Washington,WA,4.6,,3625800,,,,,
2024-03-01,54,West Virginia,WV,4.1,,718800,,,,,
2024-03-01,55,Wisconsin,WI,2.9,,3040200,,,,,
2024-03-01,56,Wyoming,WY,2.9,,293400,,,,,
2024-02-01,01,Alabama,AL,2.9,0.6,2184100,1.69,,,,
2024-02-01,02,Alaska,AK,4.4,0.4,331900,2.15,,,,
2024-02-01,04,Arizona,AZ,3.4,-0.2,3260400,2.91,,,,
2024-02-01,05,Arkansas,AR,3.4,0.5,1360800,1.06,,,,
2024-02-01,10,Delaware,DE,3.7,-0.2,486400,1.25,,,,
2024-02-01,11,District of Columbia,DC,5.1,0.2,769800,0.76,,,,
2024-02-01,12,Florida,FL,3.2,0.4,9895800,2.37,,,,
2024-02-01,13,Georgia,GA,3.3,0,4942000,0.96,,,,
2024-02-01,15,Hawaii,HI,2.9,-0.1,637300,0.63,,,,
2024-02-01,16,Idaho,ID,3.5,0.5,855300,1.79,,,,
2024-02-01,17,Illinois,IL,4.9,0.6,6131000,0.26,,,,
2024-02-01,18,Indiana,IN,3.8,0.5,3254700,0.67,,,,
2024-02-01,19,Iowa,IA,2.7,-0.2,1602200,1.02,,,,
2024-02-01,20,Kansas,KS,3.2,0.3,1453600,1.01,,,,
2024-02-01,21,Kentucky,KY,4.7,0.6,2032100,1.34,,,,
2024-02-01,22,Louisiana,LA,4.2,0.6,1977300,1.22,,,,
2024-02-01,23,Maine,ME,2.8,0.3,655800,1.34,,,,
2024-02-01,24,Maryland,MD,2.8,0.6,2831800,2.81,,,,
2024-02-01,25,Massachusetts,MA,3.8,0.3,3724600,0.43,,,,
2024-02-01,26,Michigan,MI,4,0.1,4479900,0.97,,,,
2024-02-01,27,Minnesota,MN,2.8,0,2997900,0.83,,,,
2024-02-01,28,Mississippi,MS,2.8,-0.5,1184400,0.38,,,,
2024-02-01,29,Missouri,MO,3.5,0.7,2983600,0.79,,,,
2024-02-01,30,Montana,MT,3,0.6,521799.99999999994,0.79,,,,
2024-02-01,31,Nebraska,NE,2.6,0.5,1055300,1.25,,,,
2024-02-01,32,Nevada,NV,5.3,0.1,1565800,2.85,,,,
2024-02-01,33,New Hampshire,NH,2.3,0,702200,0.89,,,,
2024-02-01,34,New Jersey,NJ,4.4,0.4,4356200,1.08,,,,
2024-02-01,35,New Mexico,NM,3.8,0.2,887900,2.14,,,,
2024-02-01,36,New York,NY,4.1,0.1,9813400,1.58,,,,
2024-02-01,37,North Carolina,NC,3.5,0,4998300,1.79,,,,
2024-02-01,38,North Dakota,ND,2.2,0.2,443100,1.51,,,,
2024-02-01,39,Ohio,OH,4,0.4,5641500,0.77,,,,
2024-02-01,40,Oklahoma,OK,3.4,0.4,1774800,1.62,,,,
2024-02-01,41,Oregon,OR,4.1,0.4,1984600,0.14,,,,
2024-02-01,42,Pennsylvania,PA,3.6,-0.2,6121100,0.98,,,,
2024-02-01,44,Rhode Island,RI,4,1.2,509500,1.21,,,,
2024-02-01,45,South Carolina,SC,3.5,0.5,2339900,2.17,,,,
2024-02-01,46,South Dakota,SD,1.7,-0.1,466000,1.66,,,,
2024-02-01,47,Tennessee,TN,3.1,-0.2,3364300,1.58,,,,
2024-02-01,48,Texas,TX,3.9,-0.2,14071900,1.78,,,,
2024-02-01,49,Utah,UT,3,0.5,1734000,1.47,,,,
2024-02-01,50,Vermont,VT,2,0,311400,0.81,,,,
2024-02-01,51,Virginia,VA,2.8,0,4212000,1.43,,,,
2024-02-01,53,Washington,WA,4.6,0.5,3619700,0.95,,,,
2024-02-01,54,West Virginia,WV,4.1,0.6,718300,1.53,,,,
2024-02-01,55,Wisconsin,WI,2.9,0.3,3034900,0.77,,,,
2024-02-01,56,Wyoming,WY,2.8,-0.3,293300,1.38,,,,
2024-01-01,01,Alabama,AL,2.9,0.6,2178500,1.5,,,,
2024-01-01,02,Alaska,AK,4.4,0.4,330700,1.85,,,,
2024-01-01,04,Arizona,AZ,3.5,-0.2,3257800,3.16,,,,
2024-01-01,05,Arkansas,AR,3.4,0.5,1356200,0.74,,,,
2024-01-01,10,Delaware,DE,3.8,-0.2,486400,1.4,,,,
2024-01-01,11,District of Columbia,DC,5.1,0.3,770200,0.82,,,,
2024-01-01,12,Florida,FL,3.2,0.4,9879600,2.47,,,,
2024-01-01,13,Georgia,GA,3.3,0,4938300,1.03,,,,
2024-01-01,15,Hawaii,HI,2.9,-0.2,635400,1.07,,,,
2024-01-01,16,Idaho,ID,3.4,0.4,854900,1.87,,,,
2024-01-01,17,Illinois,IL,4.9,0.5,6123900,0.13,,,,
2024-01-01,18,Indiana,IN,3.8,0.5,3249100,0.86,,,,
2024-01-01,19,Iowa,IA,2.8,-0.2,1590000,0.36,,,,
2024-01-01,20,Kansas,KS,3.1,0.2,1447500,0.34,,,,
2024-01-01,21,Kentucky,KY,4.7,0.6,2029800,1.26,,,,
2024-01-01,22,Louisiana,LA,4.2,0.6,1976400,1.33,,,,
2024-01-01,23,Maine,ME,2.8,0.3,656200,1.34,,,,
2024-01-01,24,Maryland,MD,2.7,0.4,2831100,2.92,,,,
2024-01-01,25,Massachusetts,MA,3.7,0.2,3725000,0.49,,,,
2024-01-01,26,Michigan,MI,4,0,4473300,0.95,,,,
2024-01-01,27,Minnesota,MN,2.8,0,2995700,0.95,,,,
2024-01-01,28,Mississippi,MS,2.8,-0.6,1182400,0.16,,,,
2024-01-01,29,Missouri,MO,3.5,0.7,2972100,0.48,,,,
2024-01-01,30,Montana,MT,3,0.6,520900,0.7,,,,
2024-01-01,31,Nebraska,NE,2.6,0.4,1050200,0.94,,,,
2024-01-01,32,Nevada,NV,5.3,0.1,1560800,2.75,,,,
2024-01-01,33,New Hampshire,NH,2.3,-0.1,702600,1.01,,,,
2024-01-01,34,New Jersey,NJ,4.4,0.5,4351500,1.03,,,,
2024-01-01,35,New Mexico,NM,3.8,0.2,885400,2.02,,,,
2024-01-01,36,New York,NY,4.2,0.2,9800100,1.45,,,,
2024-01-01,37,North Carolina,NC,3.5,0,4991500,1.78,,,,
2024-01-01,38,North Dakota,ND,2.2,0.1,442100,1.59,,,,
2024-01-01,39,Ohio,OH,4,0.2,5637200,0.85,,,,
2024-01-01,40,Oklahoma,OK,3.4,0.4,1767700,1.27,,,,
2024-01-01,41,Oregon,OR,4.1,0.3,1980100,-0.15,,,,
2024-01-01,42,Pennsylvania,PA,3.7,-0.2,6114500,0.89,,,,
2024-01-01,44,Rhode Island,RI,3.9,1,507700,1.08,,,,
2024-01-01,45,South Carolina,SC,3.4,0.3,2331500,1.93,,,,
2024-01-01,46,South Dakota,SD,1.7,-0.1,465100,1.62,,,,
2024-01-01,47,Tennessee,TN,3.2,-0.2,3354300,1.4,,,,
2024-01-01,48,Texas,TX,3.9,-0.2,14048700,1.81,,,,
2024-01-01,49,Utah,UT,2.9,0.4,1733300,1.53,,,,
2024-01-01,50,Vermont,VT,2,-0.1,311800,0.81,,,,
2024-01-01,51,Virginia,VA,2.8,-0.1,4206200,1.55,,,,
2024-01-01,53,Washington,WA,4.6,0.5,3609800,0.78,,,,
2024-01-01,54,West Virginia,WV,4.1,0.5,715900,1.32,,,,
2024-01-01,55,Wisconsin,WI,2.9,0.3,3032400,0.76,,,,
2024-01-01,56,Wyoming,WY,2.8,-0.4,293100,1.45,,,,
2023-12-01,01,Alabama,AL,2.8,0.5,2174900,1.96,,,2.85,
2023-12-01,02,Alaska,AK,4.5,0.5,330400,2.64,,,6.49,
2023-12-01,04,Arizona,AZ,3.6,-0.1,3223300,2.29,,,2.97,
2023-12-01,05,Arkansas,AR,3.5,0.5,1358200,1.18,,,2.36,
2023-12-01,10,Delaware,DE,3.8,-0.2,486500,1.91,,,1.12,
2023-12-01,11,District of Columbia,DC,5.1,0.4,767500,0.66,,,1.02,
2023-12-01,12,Florida,FL,3.2,0.3,9862000,2.66,,,4.27,
2023-12-01,13,Georgia,GA,3.3,0,4939200,1.4,,,1.88,
2023-12-01,15,Hawaii,HI,3,-0.2,633100,0.83,,,1.99,
2023-12-01,16,Idaho,ID,3.4,0.4,864100,3.29,,,3.22,
2023-12-01,17,Illinois,IL,4.8,0.3,6118400,0.74,,,1.04,
2023-12-01,18,Indiana,IN,3.7,0.4,3251200,1.08,,,1.25,
2023-12-01,19,Iowa,IA,2.8,-0.2,1598500,1.03,,,0.23,
2023-12-01,20,Kansas,KS,3,0.1,1449400,1.18,,,3.56,
2023-12-01,21,Kentucky,KY,4.6,0.5,2028700,1.78,,,2.12,
2023-12-01,22,Louisiana,LA,4.2,0.6,1970600,1.4,,,4.97,
2023-12-01,23,Maine,ME,2.8,0.2,653900,1.65,,,2.96,
2023-12-01,24,Maryland,MD,2.7,0.3,2800800,2.07,,,1.55,
2023-12-01,25,Massachusetts,MA,3.7,0.2,3728000,0.96,,,1.23,
2023-12-01,26,Michigan,MI,4,-0.1,4477500,1.51,,,1.94,
2023-12-01,27,Minnesota,MN,2.8,0,2992800,1.22,,,1.61,
2023-12-01,28,Mississippi,MS,2.9,-0.6,1180000,0.67,,,2.57,
2023-12-01,29,Missouri,MO,3.4,0.6,2978600,1.29,,,2.6,
2023-12-01,30,Montana,MT,3.1,0.6,522200.00000000006,1.56,,,3.95,
2023-12-01,31,Nebraska,NE,2.6,0.4,1053900,1.69,,,4,
2023-12-01,32,Nevada,NV,5.3,0,1562900,3.28,,,2.59,
2023-12-01,33,New Hampshire,NH,2.3,-0.2,701700,1.24,,,2.24,
2023-12-01,34,New Jersey,NJ,4.5,0.7,4354000,1.5,,,2.1,
2023-12-01,35,New Mexico,NM,3.8,0.2,886200,2.51,,,6.8,
2023-12-01,36,New York,NY,4.2,0.1,9773700,1.63,,,1.48,
2023-12-01,37,North Carolina,NC,3.6,0,4997100,2.54,,,2.99,
2023-12-01,38,North Dakota,ND,2.2,0.1,442600,2.34,,,7.79,
2023-12-01,39,Ohio,OH,3.9,0,5631900,1.18,,,2.09,
2023-12-01,40,Oklahoma,OK,3.5,0.4,1768900,2.17,,,7.21,
2023-12-01,41,Oregon,OR,4,0,1988200,1.1,,,2.3,
2023-12-01,42,Pennsylvania,PA,3.7,-0.2,6114100,1.27,,,2.55,
2023-12-01,44,Rhode Island,RI,3.8,0.8,509100,1.41,,,1.6,
2023-12-01,45,South Carolina,SC,3.3,0.2,2332500,2.48,,,3.06,
2023-12-01,46,South Dakota,SD,1.8,-0.1,466100,2.3,,,3.65,
2023-12-01,47,Tennessee,TN,3.2,-0.2,3363700,2.03,,,1.84,
2023-12-01,48,Texas,TX,3.9,-0.1,14019600,2.12,,,7.39,
2023-12-01,49,Utah,UT,2.9,0.4,1734600,1.92,,,3.69,
2023-12-01,50,Vermont,VT,2,-0.2,310800,1.73,,,1.39,
2023-12-01,51,Virginia,VA,2.9,0,4199900,1.96,,,2.95,
2023-12-01,53,Washington,WA,4.6,0.4,3613900,1.43,,,5.15,
2023-12-01,54,West Virginia,WV,4.2,0.6,714700,1.9,,,4.68,
2023-12-01,55,Wisconsin,WI,2.9,0.3,3032500,1.05,,,1.42,
2023-12-01,56,Wyoming,WY,2.8,-0.6,292700,1.67,,,6.3,
2023-11-01,01,Alabama,AL,2.8,0.4,2172700,2.05,,,2.85,
2023-11-01,02,Alaska,AK,4.5,0.5,329800,2.45,,,6.49,
2023-11-01,04,Arizona,AZ,3.7,-0.1,3211500,1.8,,,2.97,
2023-11-01,05,Arkansas,AR,3.5,0.4,1354700,0.96,,,2.36,
2023-11-01,10,Delaware,DE,3.8,-0.3,485700,2.08,,,1.12,
2023-11-01,11,District of Columbia,DC,5,0.5,767600,0.79,,,1.02,
2023-11-01,12,Florida,FL,3.1,0.2,9846400,2.83,,,4.27,
2023-11-01,13,Georgia,GA,3.3,0,4931800,1.33,,,1.88,
2023-11-01,15,Hawaii,HI,3,-0.3,631800,0.64,,,1.99,
2023-11-01,16,Idaho,ID,3.4,0.4,861200,2.92,,,3.22,
2023-11-01,17,Illinois,IL,4.8,0.3,6120400,0.71,,,1.04,
2023-11-01,18,Indiana,IN,3.7,0.4,3249000,1,,,1.25,
2023-11-01,19,Iowa,IA,2.9,-0.2,1597400,0.93,,,0.23,
2023-11-01,20,Kansas,KS,3,0.1,1447800,1.18,,,3.56,
2023-11-01,21,Kentucky,KY,4.5,0.4,2025100,1.67,,,2.12,
2023-11-01,22,Louisiana,LA,4.1,0.5,1966900,1.29,,,4.97,
2023-11-01,23,Maine,ME,2.8,0.1,653600,1.6,,,2.96,
2023-11-01,24,Maryland,MD,2.5,-0.1,2796300,1.84,,,1.55,
2023-11-01,25,Massachusetts,MA,3.6,0,3722400,0.69,,,1.23,
2023-11-01,26,Michigan,MI,4,-0.1,4467500,1.41,,,1.94,
2023-11-01,27,Minnesota,MN,2.8,0.1,2993000,1.28,,,1.61,
2023-11-01,28,Mississippi,MS,3,-0.6,1180900,0.73,,,2.57,
2023-11-01,29,Missouri,MO,3.4,0.6,2975500,1.25,,,2.6,
2023-11-01,30,Montana,MT,3,0.5,521500,1.54,,,3.95,
2023-11-01,31,Nebraska,NE,2.5,0.2,1052400,1.68,,,4,
2023-11-01,32,Nevada,NV,5.3,0,1558100,3.14,,,2.59,
2023-11-01,33,New Hampshire,NH,2.3,-0.2,700700,1.21,,,2.24,
2023-11-01,34,New Jersey,NJ,4.5,0.9,4345000,1.35,,,2.1,
2023-11-01,35,New Mexico,NM,3.8,0.2,882100,2.41,,,6.8,
2023-11-01,36,New York,NY,4.2,0.1,9748100,1.39,,,1.48,
2023-11-01,37,North Carolina,NC,3.6,-0.1,4979700,2.26,,,2.99,
2023-11-01,38,North Dakota,ND,2.2,0.1,440700,1.64,,,7.79,
2023-11-01,39,Ohio,OH,3.9,-0.1,5626900,1.11,,,2.09,
2023-11-01,40,Oklahoma,OK,3.5,0.4,1767700,2.33,,,7.21,
2023-11-01,41,Oregon,OR,4,-0.1,1987400,1.41,,,2.3,
2023-11-01,42,Pennsylvania,PA,3.7,-0.3,6102600,1.18,,,2.55,
2023-11-01,44,Rhode Island,RI,3.6,0.5,507600,1.2,,,1.6,
2023-11-01,45,South Carolina,SC,3.2,0,2330600,2.59,,,3.06,
2023-11-01,46,South Dakota,SD,1.8,-0.1,465300,1.97,,,3.65,
2023-11-01,47,Tennessee,TN,3.3,-0.1,3356500,1.94,,,1.84,
2023-11-01,48,Texas,TX,4,0,13994400,2.12,,,7.39,
2023-11-01,49,Utah,UT,2.9,0.4,1728900,1.65,,,3.69,
2023-11-01,50,Vermont,VT,2,-0.4,310900,1.14,,,1.39,
2023-11-01,51,Virginia,VA,2.8,-0.1,4193700,1.73,,,2.95,
2023-11-01,53,Washington,WA,4.5,0.3,3605300,1.24,,,5.15,
2023-11-01,54,West Virginia,WV,4.2,0.4,713100,0.69,,,4.68,
2023-11-01,55,Wisconsin,WI,2.9,0.2,3024400,0.72,,,1.42,
2023-11-01,56,Wyoming,WY,2.8,-0.6,292800,1.91,,,6.3,
2023-10-01,01,Alabama,AL,2.7,0.2,2174100,2.25,,,2.85,
2023-10-01,02,Alaska,AK,4.5,0.5,329200,3.04,,,6.49,
2023-10-01,04,Arizona,AZ,3.7,-0.1,3198600,1.67,,,2.97,
2023-10-01,05,Arkansas,AR,3.4,0.2,1354900,1.21,,,2.36,
2023-10-01,10,Delaware,DE,3.9,-0.2,485500,2.25,,,1.12,
2023-10-01,11,District of Columbia,DC,4.9,0.6,767500,1.11,,,1.02,
2023-10-01,12,Florida,FL,3.1,0.2,9838400,2.94,,,4.27,
2023-10-01,13,Georgia,GA,3.3,0,4927100,1.37,,,1.88,
2023-10-01,15,Hawaii,HI,2.9,-0.4,630500,0.54,,,1.99,
2023-10-01,16,Idaho,ID,3.4,0.4,858800,3.01,,,3.22,
2023-10-01,17,Illinois,IL,4.8,0.2,6114600,0.71,,,1.04,
2023-10-01,18,Indiana,IN,3.6,0.4,3247600,1.11,,,1.25,
2023-10-01,19,Iowa,IA,3,-0.1,1599100,1.14,,,0.23,
2023-10-01,20,Kansas,KS,2.9,0,1446100,1.27,,,3.56,
2023-10-01,21,Kentucky,KY,4.5,0.4,2025300,1.91,,,2.12,
2023-10-01,22,Louisiana,LA,4,0.4,1968400,1.44,,,4.97,
2023-10-01,23,Maine,ME,2.8,0.1,653300,2,,,2.96,
2023-10-01,24,Maryland,MD,2.4,-0.4,2791700,1.75,,,1.55,
2023-10-01,25,Massachusetts,MA,3.6,0,3722600,0.89,,,1.23,
2023-10-01,26,Michigan,MI,4,-0.1,4454700,1.35,,,1.94,
2023-10-01,27,Minnesota,MN,2.8,0.2,2993300,1.47,,,1.61,
2023-10-01,28,Mississippi,MS,3,-0.7,1181900,0.95,,,2.57,
2023-10-01,29,Missouri,MO,3.4,0.7,2972300,1.24,,,2.6,
2023-10-01,30,Montana,MT,2.9,0.3,521400,1.46,,,3.95,
2023-10-01,31,Nebraska,NE,2.5,0.2,1053100,2.01,,,4,
2023-10-01,32,Nevada,NV,5.2,-0.1,1554700,3.07,,,2.59,
2023-10-01,33,New Hampshire,NH,2.3,-0.3,699900,1.39,,,2.24,
2023-10-01,34,New Jersey,NJ,4.5,1,4338400,1.51,,,2.1,
2023-10-01,35,New Mexico,NM,3.8,0.3,878800,2.11,,,6.8,
2023-10-01,36,New York,NY,4.2,0.2,9743900,1.52,,,1.48,
2023-10-01,37,North Carolina,NC,3.6,-0.2,4971300,2.3,,,2.99,
2023-10-01,38,North Dakota,ND,2.1,0,440600,2.06,,,7.79,
2023-10-01,39,Ohio,OH,3.8,-0.3,5623700,1.12,,,2.09,
2023-10-01,40,Oklahoma,OK,3.4,0.3,1766800,2.48,,,7.21,
2023-10-01,41,Oregon,OR,3.9,-0.3,1987100,1.31,,,2.3,
2023-10-01,42,Pennsylvania,PA,3.7,-0.3,6101300,1.21,,,2.55,
2023-10-01,44,Rhode Island,RI,3.3,0.1,507700,1.38,,,1.6,
2023-10-01,45,South Carolina,SC,3.1,-0.1,2327800,2.55,,,3.06,
2023-10-01,46,South Dakota,SD,1.8,-0.1,464500,1.91,,,3.65,
2023-10-01,47,Tennessee,TN,3.3,-0.1,3349900,1.87,,,1.84,
2023-10-01,48,Texas,TX,4,0.1,13990800,2.33,,,7.39,
2023-10-01,49,Utah,UT,2.8,0.3,1729300,2.03,,,3.69,
2023-10-01,50,Vermont,VT,2,-0.4,310600,1.54,,,1.39,
2023-10-01,51,Virginia,VA,2.8,-0.1,4190399.9999999995,2.03,,,2.95,
2023-10-01,53,Washington,WA,4.5,0.3,3598200,1.09,,,5.15,
2023-10-01,54,West Virginia,WV,4.2,0.3,712000,1.92,,,4.68,
2023-10-01,55,Wisconsin,WI,3,0.2,3026600,0.96,,,1.42,
2023-10-01,56,Wyoming,WY,2.8,-0.7,292100,2.03,,,6.3,
2023-09-01,01,Alabama,AL,2.6,0.1,2170300,2.08,,,2.85,
2023-09-01,02,Alaska,AK,4.4,0.5,331300,3.66,,,6.49,
2023-09-01,04,Arizona,AZ,3.8,0,3229700,3.01,,,2.97,
2023-09-01,05,Arkansas,AR,3.4,0.2,1355600,1.16,,,2.36,
2023-09-01,10,Delaware,DE,3.8,-0.3,485800,2.42,,,1.12,
2023-09-01,11,District of Columbia,DC,4.8,0.7,767100,0.75,,,1.02,
2023-09-01,12,Florida,FL,3.1,0.3,9801600,2.72,,,4.27,
2023-09-01,13,Georgia,GA,3.3,0.1,4927300,1.62,,,1.88,
2023-09-01,15,Hawaii,HI,2.9,-0.4,629800,0.78,,,1.99,
2023-09-01,16,Idaho,ID,3.4,0.4,850400,1.97,,,3.22,
2023-09-01,17,Illinois,IL,4.7,0.2,6125800,0.95,,,1.04,
2023-09-01,18,Indiana,IN,3.6,0.4,3246800,1.16,,,1.25,
2023-09-01,19,Iowa,IA,3,0,1596000,1.05,,,0.23,
2023-09-01,20,Kansas,KS,2.9,0,1447100,1.45,,,3.56,
2023-09-01,21,Kentucky,KY,4.4,0.3,2025500,2.03,,,2.12,
2023-09-01,22,Louisiana,LA,3.8,0.2,1963500,1.09,,,4.97,
2023-09-01,23,Maine,ME,2.8,0.2,653400,1.87,,,2.96,
2023-09-01,24,Maryland,MD,2.3,-0.5,2788100,1.22,,,1.55,
2023-09-01,25,Massachusetts,MA,3.5,-0.1,3718900,0.73,,,1.23,
2023-09-01,26,Michigan,MI,4,0,4480100,2.08,,,1.94,
2023-09-01,27,Minnesota,MN,2.8,0.3,2993000,1.58,,,1.61,
2023-09-01,28,Mississippi,MS,3,-0.7,1183000,1.09,,,2.57,
2023-09-01,29,Missouri,MO,3.3,0.6,2974500,1.31,,,2.6,
2023-09-01,30,Montana,MT,2.8,0.1,520500,1.36,,,3.95,
2023-09-01,31,Nebraska,NE,2.5,0.2,1053600,2.22,,,4,
2023-09-01,32,Nevada,NV,5.2,0,1552700,2.8,,,2.59,
2023-09-01,33,New Hampshire,NH,2.3,-0.2,700500,1.35,,,2.24,
2023-09-01,34,New Jersey,NJ,4.5,1.2,4346100,1.88,,,2.1,
2023-09-01,35,New Mexico,NM,3.7,0.2,877900,2.15,,,6.8,
2023-09-01,36,New York,NY,4.1,0.2,9748900,1.73,,,1.48,
2023-09-01,37,North Carolina,NC,3.5,-0.3,4964000,2.15,,,2.99,
2023-09-01,38,North Dakota,ND,2,-0.1,440500,2.35,,,7.79,
2023-09-01,39,Ohio,OH,3.8,-0.3,5635600,1.45,,,2.09,
2023-09-01,40,Oklahoma,OK,3.4,0.2,1763800,2.42,,,7.21,
2023-09-01,41,Oregon,OR,3.8,-0.3,1991500,1.45,,,2.3,
2023-09-01,42,Pennsylvania,PA,3.6,-0.5,6101900,1.32,,,2.55,
2023-09-01,44,Rhode Island,RI,3.1,-0.2,508600,1.96,,,1.6,
2023-09-01,45,South Carolina,SC,3,-0.2,2322800,2.45,,,3.06,
2023-09-01,46,South Dakota,SD,1.8,-0.2,464400,2.07,,,3.65,
2023-09-01,47,Tennessee,TN,3.2,-0.2,3350700,1.97,,,1.84,
2023-09-01,48,Texas,TX,4,0.2,13983300,2.5,,,7.39,
2023-09-01,49,Utah,UT,2.8,0.3,1729500,2.13,,,3.69,
2023-09-01,50,Vermont,VT,2,-0.4,310900,1.8,,,1.39,
2023-09-01,51,Virginia,VA,2.7,-0.1,4187399.9999999995,1.93,,,2.95,
2023-09-01,53,Washington,WA,4.3,0.1,3600900,1.36,,,5.15,
2023-09-01,54,West Virginia,WV,4.1,0.2,711200,1.69,,,4.68,
2023-09-01,55,Wisconsin,WI,3,0.2,3029800,1.09,,,1.42,
2023-09-01,56,Wyoming,WY,2.8,-0.7,292200,2.06,,,6.3,
2023-08-01,01,Alabama,AL,2.5,0,2167500,2.26,,,2.85,
2023-08-01,02,Alaska,AK,4.4,0.6,329600,3.06,,,6.49,
2023-08-01,04,Arizona,AZ,3.7,-0.1,3218400,2.89,,,2.97,
2023-08-01,05,Arkansas,AR,3.3,0.1,1352100,1.14,,,2.36,
2023-08-01,10,Delaware,DE,3.8,-0.2,485100,2.82,,,1.12,
2023-08-01,11,District of Columbia,DC,4.8,0.8,764800,0.37,,,1.02,
2023-08-01,12,Florida,FL,3,0.2,9788400,2.85,,,4.27,
2023-08-01,13,Georgia,GA,3.3,0.1,4916600,1.7,,,1.88,
2023-08-01,15,Hawaii,HI,2.9,-0.4,632200,1.48,,,1.99,
2023-08-01,16,Idaho,ID,3.3,0.3,848400,1.89,,,3.22,
2023-08-01,17,Illinois,IL,4.6,0.1,6122700,0.91,,,1.04,
2023-08-01,18,Indiana,IN,3.5,0.4,3243800,1.21,,,1.25,
2023-08-01,19,Iowa,IA,3,0.1,1595700,1.26,,,0.23,
2023-08-01,20,Kansas,KS,2.8,0,1443000,1.53,,,3.56,
2023-08-01,21,Kentucky,KY,4.4,0.3,2019300,2.12,,,2.12,
2023-08-01,22,Louisiana,LA,3.7,0.1,1958600,0.94,,,4.97,
2023-08-01,23,Maine,ME,2.7,0.2,653400,2.11,,,2.96,
2023-08-01,24,Maryland,MD,2.2,-0.8,2786100,1.65,,,1.55,
2023-08-01,25,Massachusetts,MA,3.5,-0.2,3718600,0.82,,,1.23,
2023-08-01,26,Michigan,MI,4,0,4470200,1.87,,,1.94,
2023-08-01,27,Minnesota,MN,2.8,0.4,2986200,1.47,,,1.61,
2023-08-01,28,Mississippi,MS,3.1,-0.6,1181400,1.13,,,2.57,
2023-08-01,29,Missouri,MO,3.2,0.7,2962700,1.02,,,2.6,
2023-08-01,30,Montana,MT,2.7,0,520700.00000000006,1.54,,,3.95,
2023-08-01,31,Nebraska,NE,2.4,0.1,1050800,2.06,,,4,
2023-08-01,32,Nevada,NV,5.1,-0.1,1542200,2.52,,,2.59,
2023-08-01,33,New Hampshire,NH,2.2,-0.3,699000,1.35,,,2.24,
2023-08-01,34,New Jersey,NJ,4.4,1.4,4332600,1.55,,,2.1,
2023-08-01,35,New Mexico,NM,3.7,0.3,876700,2.27,,,6.8,
2023-08-01,36,New York,NY,4.1,0.3,9732300,1.51,,,1.48,
2023-08-01,37,North Carolina,NC,3.5,-0.3,4956000,2.17,,,2.99,
2023-08-01,38,North Dakota,ND,2,-0.1,439200,2.12,,,7.79,
2023-08-01,39,Ohio,OH,3.6,-0.5,5630100,1.42,,,2.09,
2023-08-01,40,Oklahoma,OK,3.3,0.2,1759000,2.64,,,7.21,
2023-08-01,41,Oregon,OR,3.8,-0.2,1986800,1.16,,,2.3,
2023-08-01,42,Pennsylvania,PA,3.6,-0.5,6100000,1.42,,,2.55,
2023-08-01,44,Rhode Island,RI,2.8,-0.6,507900,1.16,,,1.6,
2023-08-01,45,South Carolina,SC,2.9,-0.3,2317400,2.57,,,3.06,
2023-08-01,46,South Dakota,SD,1.8,-0.1,463400,1.89,,,3.65,
2023-08-01,47,Tennessee,TN,3.2,-0.1,3338200,1.91,,,1.84,
2023-08-01,48,Texas,TX,4,0.3,13955100,2.62,,,7.39,
2023-08-01,49,Utah,UT,2.7,0.3,1723600,1.91,,,3.69,
2023-08-01,50,Vermont,VT,1.9,-0.5,309500,1.28,,,1.39,
2023-08-01,51,Virginia,VA,2.6,-0.1,4183899.9999999995,2,,,2.95,
2023-08-01,53,Washington,WA,4.2,0.1,3598300,1.19,,,5.15,
2023-08-01,54,West Virginia,WV,4,0,709700,1.66,,,4.68,
2023-08-01,55,Wisconsin,WI,3,0.2,3024100,0.95,,,1.42,
2023-08-01,56,Wyoming,WY,2.8,-0.7,291800,2.1,,,6.3,
2023-07-01,01,Alabama,AL,2.4,-0.1,2163400,2.09,,,2.85,
2023-07-01,02,Alaska,AK,4.3,0.3,328400,2.63,,,6.49,
2023-07-01,04,Arizona,AZ,3.7,-0.1,3212000,2.79,,,2.97,
2023-07-01,05,Arkansas,AR,3.1,-0.1,1349600,1.25,,,2.36,
2023-07-01,10,Delaware,DE,3.8,-0.3,484300,2.93,,,1.12,
2023-07-01,11,District of Columbia,DC,4.7,0.5,766800,0.59,,,1.02,
2023-07-01,12,Florida,FL,2.9,0,9774600,3.03,,,4.27,
2023-07-01,13,Georgia,GA,3.3,0.2,4906400,1.45,,,1.88,
2023-07-01,15,Hawaii,HI,2.8,-0.5,634600,2.22,,,1.99,
2023-07-01,16,Idaho,ID,3.2,0.3,845600,1.74,,,3.22,
2023-07-01,17,Illinois,IL,4.4,-0.1,6121700,1.06,,,1.04,
2023-07-01,18,Indiana,IN,3.4,0.3,3241900,1.03,,,1.25,
2023-07-01,19,Iowa,IA,3,0.2,1593700,1.19,,,0.23,
2023-07-01,20,Kansas,KS,2.8,0.1,1441000,1.5,,,3.56,
2023-07-01,21,Kentucky,KY,4.3,0.2,2013500,2.3,,,2.12,
2023-07-01,22,Louisiana,LA,3.6,0,1953000,0.79,,,4.97,
2023-07-01,23,Maine,ME,2.6,0,653700,2.16,,,2.96,
2023-07-01,24,Maryland,MD,2,-1,2785200,1.68,,,1.55,
2023-07-01,25,Massachusetts,MA,3.4,-0.2,3717500,0.78,,,1.23,
2023-07-01,26,Michigan,MI,3.9,-0.1,4475100,2.12,,,1.94,
2023-07-01,27,Minnesota,MN,2.9,0.6,2986300,1.53,,,1.61,
2023-07-01,28,Mississippi,MS,3.1,-0.6,1180200,0.93,,,2.57,
2023-07-01,29,Missouri,MO,3.1,0.7,2971600,1.45,,,2.6,
2023-07-01,30,Montana,MT,2.6,-0.1,518700.00000000006,1.27,,,3.95,
2023-07-01,31,Nebraska,NE,2.3,0.1,1049900,2.21,,,4,
2023-07-01,32,Nevada,NV,5.1,-0.1,1539300,2.76,,,2.59,
2023-07-01,33,New Hampshire,NH,2.2,-0.2,699600,1.51,,,2.24,
2023-07-01,34,New Jersey,NJ,4.4,1.1,4327100,1.55,,,2.1,
2023-07-01,35,New Mexico,NM,3.6,0,874600,2.56,,,6.8,
2023-07-01,36,New York,NY,4,0,9723600,1.71,,,1.48,
2023-07-01,37,North Carolina,NC,3.5,-0.2,4944700,2.13,,,2.99,
2023-07-01,38,North Dakota,ND,2,0,438300,2.03,,,7.79,
2023-07-01,39,Ohio,OH,3.5,-0.5,5624300,1.41,,,2.09,
2023-07-01,40,Oklahoma,OK,3.2,0.1,1753500,2.44,,,7.21,
2023-07-01,41,Oregon,OR,3.7,-0.2,1985400,1.17,,,2.3,
2023-07-01,42,Pennsylvania,PA,3.5,-0.6,6092400,1.35,,,2.55,
2023-07-01,44,Rhode Island,RI,2.7,-0.6,506900,1.06,,,1.6,
2023-07-01,45,South Carolina,SC,2.8,-0.4,2311000,2.37,,,3.06,
2023-07-01,46,South Dakota,SD,1.8,-0.1,462300,1.83,,,3.65,
2023-07-01,47,Tennessee,TN,3.2,-0.1,3338900,2.14,,,1.84,
2023-07-01,48,Texas,TX,4,0.2,13928800,2.75,,,7.39,
2023-07-01,49,Utah,UT,2.7,0.3,1723000,1.97,,,3.69,
2023-07-01,50,Vermont,VT,1.8,-0.5,310100,1.08,,,1.39,
2023-07-01,51,Virginia,VA,2.5,-0.1,4173000,2.11,,,2.95,
2023-07-01,53,Washington,WA,4.1,0.1,3594600,1.47,,,5.15,
2023-07-01,54,West Virginia,WV,3.9,0,707700,1.4,,,4.68,
2023-07-01,55,Wisconsin,WI,2.9,0.1,3020700,1.16,,,1.42,
2023-07-01,56,Wyoming,WY,2.8,-0.6,291700,2.1,,,6.3,
2023-06-01,01,Alabama,AL,2.3,-0.2,2163800,2.84,,,2.85,
2023-06-01,02,Alaska,AK,4.2,0.1,329100,3.82,,,6.49,
2023-06-01,04,Arizona,AZ,3.7,0,3208800,3.29,,,2.97,
2023-06-01,05,Arkansas,AR,3,-0.2,1353400,2.05,,,2.36,
2023-06-01,10,Delaware,DE,3.8,-0.3,484700,3.75,,,1.12,
2023-06-01,11,District of Columbia,DC,4.7,0.3,769600,1.77,,,1.02,
2023-06-01,12,Florida,FL,2.9,0,9782000,3.87,,,4.27,
2023-06-01,13,Georgia,GA,3.3,0.2,4911800,2.24,,,1.88,
2023-06-01,15,Hawaii,HI,2.8,-0.5,634700,3.15,,,1.99,
2023-06-01,16,Idaho,ID,3.2,0.4,850600,3.08,,,3.22,
2023-06-01,17,Illinois,IL,4.3,-0.2,6146100,2.13,,,1.04,
2023-06-01,18,Indiana,IN,3.4,0.4,3241900,2.16,,,1.25,
2023-06-01,19,Iowa,IA,2.9,0.2,1595300,1.39,,,0.23,
2023-06-01,20,Kansas,KS,2.8,0.1,1447200,2.94,,,3.56,
2023-06-01,21,Kentucky,KY,4.2,0.2,2018800,2.99,,,2.12,
2023-06-01,22,Louisiana,LA,3.5,-0.1,1964500,2.03,,,4.97,
2023-06-01,23,Maine,ME,2.5,-0.2,653000,2.82,,,2.96,
2023-06-01,24,Maryland,MD,1.9,-1.1,2786900,2.55,,,1.55,
2023-06-01,25,Massachusetts,MA,3.4,-0.2,3713100,1.15,,,1.23,
2023-06-01,26,Michigan,MI,3.8,-0.2,4473200,2.55,,,1.94,
2023-06-01,27,Minnesota,MN,2.9,0.6,2998000,2.58,,,1.61,
2023-06-01,28,Mississippi,MS,3.1,-0.6,1184200,1.76,,,2.57,
2023-06-01,29,Missouri,MO,3.1,0.8,2970200,1.82,,,2.6,
2023-06-01,30,Montana,MT,2.6,-0.1,520299.99999999994,2.64,,,3.95,
2023-06-01,31,Nebraska,NE,2.2,0.1,1054900,3.09,,,4,
2023-06-01,32,Nevada,NV,5,-0.1,1540000,3.33,,,2.59,
2023-06-01,33,New Hampshire,NH,2.2,-0.2,700500,2.74,,,2.24,
2023-06-01,34,New Jersey,NJ,4.3,0.7,4330400,2.29,,,2.1,
2023-06-01,35,New Mexico,NM,3.6,-0.3,878300,4.46,,,6.8,
2023-06-01,36,New York,NY,3.9,-0.3,9723200,2.47,,,1.48,
2023-06-01,37,North Carolina,NC,3.4,-0.3,4954400,3.04,,,2.99,
2023-06-01,38,North Dakota,ND,1.9,-0.1,438700,2.48,,,7.79,
2023-06-01,39,Ohio,OH,3.4,-0.5,5626800,1.89,,,2.09,
2023-06-01,40,Oklahoma,OK,3.1,0.1,1758400,3.78,,,7.21,
2023-06-01,41,Oregon,OR,3.6,-0.3,1992600,2.88,,,2.3,
2023-06-01,42,Pennsylvania,PA,3.5,-0.7,6095200,1.98,,,2.55,
2023-06-01,44,Rhode Island,RI,2.6,-0.6,506900,1.62,,,1.6,
2023-06-01,45,South Carolina,SC,2.8,-0.4,2306700,2.86,,,3.06,
2023-06-01,46,South Dakota,SD,1.8,-0.1,463300,2.48,,,3.65,
2023-06-01,47,Tennessee,TN,3.1,-0.2,3335100,2.85,,,1.84,
2023-06-01,48,Texas,TX,4,0.2,13937700,3.88,,,7.39,
2023-06-01,49,Utah,UT,2.6,0.3,1727900,2.92,,,3.69,
2023-06-01,50,Vermont,VT,1.8,-0.5,311900,2.6,,,1.39,
2023-06-01,51,Virginia,VA,2.5,0,4170200,2.69,,,2.95,
2023-06-01,53,Washington,WA,4,0,3603400,2.76,,,5.15,
2023-06-01,54,West Virginia,WV,3.8,-0.1,710900,2.48,,,4.68,
2023-06-01,55,Wisconsin,WI,2.8,0,3025400,1.99,,,1.42,
2023-06-01,56,Wyoming,WY,2.8,-0.6,291700,2.97,,,6.3,
2023-05-01,01,Alabama,AL,2.3,-0.2,2155300,2.51,,,2.85,
2023-05-01,02,Alaska,AK,4.1,-0.1,325600,2.26,,,6.49,
2023-05-01,04,Arizona,AZ,3.6,-0.1,3195500,2.94,,,2.97,
2023-05-01,05,Arkansas,AR,2.9,-0.3,1349400,2.02,,,2.36,
2023-05-01,10,Delaware,DE,3.8,-0.4,483400,3.2,,,1.12,
2023-05-01,11,District of Columbia,DC,4.8,0.1,768900,1.32,,,1.02,
2023-05-01,12,Florida,FL,2.9,-0.1,9748300,3.67,,,4.27,
2023-05-01,13,Georgia,GA,3.2,0.1,4895000,2.02,,,1.88,
2023-05-01,15,Hawaii,HI,2.8,-0.5,633300,3.31,,,1.99,
2023-05-01,16,Idaho,ID,3.1,0.3,846800,2.93,,,3.22,
2023-05-01,17,Illinois,IL,4.2,-0.4,6120200,1.68,,,1.04,
2023-05-01,18,Indiana,IN,3.3,0.3,3238900,1.91,,,1.25,
2023-05-01,19,Iowa,IA,2.9,0.3,1593000,1.5,,,0.23,
2023-05-01,20,Kansas,KS,2.8,0.2,1439900,2.2,,,3.56,
2023-05-01,21,Kentucky,KY,4.2,0.2,2014700,2.79,,,2.12,
2023-05-01,22,Louisiana,LA,3.5,-0.2,1961100,1.89,,,4.97,
2023-05-01,23,Maine,ME,2.5,-0.3,650300,1.93,,,2.96,
2023-05-01,24,Maryland,MD,1.9,-1.1,2778000,1.74,,,1.55,
2023-05-01,25,Massachusetts,MA,3.4,-0.2,3710000,1.26,,,1.23,
2023-05-01,26,Michigan,MI,3.7,-0.4,4468900,2.46,,,1.94,
2023-05-01,27,Minnesota,MN,2.9,0.6,2983500,1.92,,,1.61,
2023-05-01,28,Mississippi,MS,3.1,-0.6,1181900,1.58,,,2.57,
2023-05-01,29,Missouri,MO,3,0.7,2962800,1.71,,,2.6,
2023-05-01,30,Montana,MT,2.5,-0.2,518100,2.19,,,3.95,
2023-05-01,31,Nebraska,NE,2.2,0.1,1047500,2.59,,,4,
2023-05-01,32,Nevada,NV,5,-0.1,1532100,3.09,,,2.59,
2023-05-01,33,New Hampshire,NH,2.2,-0.1,697300,2.21,,,2.24,
2023-05-01,34,New Jersey,NJ,4.2,0.4,4316400,1.99,,,2.1,
2023-05-01,35,New Mexico,NM,3.6,-0.6,873100,3.18,,,6.8,
2023-05-01,36,New York,NY,3.9,-0.4,9693500,2.46,,,1.48,
2023-05-01,37,North Carolina,NC,3.4,-0.2,4929900,2.78,,,2.99,
2023-05-01,38,North Dakota,ND,1.9,-0.1,436800,2.54,,,7.79,
2023-05-01,39,Ohio,OH,3.4,-0.5,5608700,1.47,,,2.09,
2023-05-01,40,Oklahoma,OK,3,0,1754000,3.32,,,7.21,
2023-05-01,41,Oregon,OR,3.6,-0.2,1987000,2.5,,,2.3,
2023-05-01,42,Pennsylvania,PA,3.6,-0.6,6073500,1.62,,,2.55,
2023-05-01,44,Rhode Island,RI,2.7,-0.5,504600,1.41,,,1.6,
2023-05-01,45,South Carolina,SC,2.8,-0.4,2297000,2.53,,,3.06,
2023-05-01,46,South Dakota,SD,1.8,-0.1,460200,2.04,,,3.65,
2023-05-01,47,Tennessee,TN,3.1,-0.2,3322700,2.52,,,1.84,
2023-05-01,48,Texas,TX,4,0.2,13894200,3.67,,,7.39,
2023-05-01,49,Utah,UT,2.6,0.3,1719300,2.56,,,3.69,
2023-05-01,50,Vermont,VT,1.7,-0.6,309300,1.88,,,1.39,
2023-05-01,51,Virginia,VA,2.5,0,4161800,2.45,,,2.95,
2023-05-01,53,Washington,WA,4,0,3594000,2.41,,,5.15,
2023-05-01,54,West Virginia,WV,3.7,-0.2,707100,0.27,,,4.68,
2023-05-01,55,Wisconsin,WI,2.7,-0.1,3015900,1.74,,,1.42,
2023-05-01,56,Wyoming,WY,2.8,-0.6,291500,2.79,,,6.3,
2023-04-01,01,Alabama,AL,2.3,-0.2,2152900,2.47,,,2.85,
2023-04-01,02,Alaska,AK,4,-0.4,326000,2.58,,,6.49,
2023-04-01,04,Arizona,AZ,3.6,-0.1,3191100,3.1,,,2.97,
2023-04-01,05,Arkansas,AR,2.9,-0.3,1348100,2.26,,,2.36,
2023-04-01,10,Delaware,DE,3.8,-0.4,481300,2.64,,,1.12,
2023-04-01,11,District of Columbia,DC,4.8,-0.1,767800,1.33,,,1.02,
2023-04-01,12,Florida,FL,2.8,-0.3,9724900,3.75,,,4.27,
2023-04-01,13,Georgia,GA,3.2,0.1,4895500,2.21,,,1.88,
2023-04-01,15,Hawaii,HI,2.9,-0.4,633300,3.21,,,1.99,
2023-04-01,16,Idaho,ID,3,0.3,845100,2.86,,,3.22,
2023-04-01,17,Illinois,IL,4.2,-0.4,6117100,1.84,,,1.04,
2023-04-01,18,Indiana,IN,3.3,0.4,3232500,1.73,,,1.25,
2023-04-01,19,Iowa,IA,2.9,0.3,1593400,1.61,,,0.23,
2023-04-01,20,Kansas,KS,2.8,0.2,1439800,2.22,,,3.56,
2023-04-01,21,Kentucky,KY,4.1,0.1,2011500,2.69,,,2.12,
2023-04-01,22,Louisiana,LA,3.5,-0.2,1957800,1.96,,,4.97,
2023-04-01,23,Maine,ME,2.4,-0.5,647900,1.46,,,2.96,
2023-04-01,24,Maryland,MD,1.9,-1.2,2771900,1.65,,,1.55,
2023-04-01,25,Massachusetts,MA,3.3,-0.3,3707700,1.32,,,1.23,
2023-04-01,26,Michigan,MI,3.7,-0.5,4453500,2.02,,,1.94,
2023-04-01,27,Minnesota,MN,2.8,0.5,2974300,1.71,,,1.61,
2023-04-01,28,Mississippi,MS,3.1,-0.7,1180400,1.61,,,2.57,
2023-04-01,29,Missouri,MO,2.9,0.5,2963400,1.93,,,2.6,
2023-04-01,30,Montana,MT,2.5,-0.2,518100,2.25,,,3.95,
2023-04-01,31,Nebraska,NE,2.1,0.1,1045800,2.35,,,4,
2023-04-01,32,Nevada,NV,5,-0.1,1527100,3.15,,,2.59,
2023-04-01,33,New Hampshire,NH,2.2,-0.1,697300,1.94,,,2.24,
2023-04-01,34,New Jersey,NJ,4.1,0,4296400,1.62,,,2.1,
2023-04-01,35,New Mexico,NM,3.6,-0.8,872900,3.13,,,6.8,
2023-04-01,36,New York,NY,3.9,-0.6,9661500,2.47,,,1.48,
2023-04-01,37,North Carolina,NC,3.4,-0.2,4922500,2.93,,,2.99,
2023-04-01,38,North Dakota,ND,2,-0.1,435400,2.5,,,7.79,
2023-04-01,39,Ohio,OH,3.4,-0.5,5602600,1.4,,,2.09,
2023-04-01,40,Oklahoma,OK,3,0.1,1753000,3.53,,,7.21,
2023-04-01,41,Oregon,OR,3.6,-0.1,1983600,2.38,,,2.3,
2023-04-01,42,Pennsylvania,PA,3.6,-0.6,6072100,1.76,,,2.55,
2023-04-01,44,Rhode Island,RI,2.7,-0.4,501900,0.95,,,1.6,
2023-04-01,45,South Carolina,SC,2.9,-0.3,2292900,2.63,,,3.06,
2023-04-01,46,South Dakota,SD,1.8,0,459000,1.75,,,3.65,
2023-04-01,47,Tennessee,TN,3.2,-0.1,3314300,2.62,,,1.84,
2023-04-01,48,Texas,TX,4,0.1,13876700,3.9,,,7.39,
2023-04-01,49,Utah,UT,2.5,0.2,1714800,2.43,,,3.69,
2023-04-01,50,Vermont,VT,1.8,-0.5,310000,1.67,,,1.39,
2023-04-01,51,Virginia,VA,2.6,0,4156300,2.4,,,2.95,
2023-04-01,53,Washington,WA,4,0,3589600,2.44,,,5.15,
2023-04-01,54,West Virginia,WV,3.6,-0.2,706400,1.38,,,4.68,
2023-04-01,55,Wisconsin,WI,2.6,-0.2,3016300,1.86,,,1.42,
2023-04-01,56,Wyoming,WY,2.9,-0.5,290500,2.29,,,6.3,
2023-03-01,01,Alabama,AL,2.3,-0.2,2150100,2.7,,,2.85,
2023-03-01,02,Alaska,AK,4,-0.6,325300,2.3,,,6.49,
2023-03-01,04,Arizona,AZ,3.6,0,3169500,3.11,,,2.97,
2023-03-01,05,Arkansas,AR,2.9,-0.3,1348200,2.54,,,2.36,
2023-03-01,10,Delaware,DE,3.8,-0.5,480700,3.29,,,1.12,
2023-03-01,11,District of Columbia,DC,4.9,-0.3,764600,0.9,,,1.02,
2023-03-01,12,Florida,FL,2.8,-0.4,9690900,4.2,,,4.27,
2023-03-01,13,Georgia,GA,3.3,0.2,4894400,2.86,,,1.88,
2023-03-01,15,Hawaii,HI,3,-0.2,631800,3.51,,,1.99,
2023-03-01,16,Idaho,ID,3,0.3,836100,1.54,,,3.22,
2023-03-01,17,Illinois,IL,4.3,-0.4,6115900,2.08,,,1.04,
2023-03-01,18,Indiana,IN,3.3,0.4,3234600,2.08,,,1.25,
2023-03-01,19,Iowa,IA,2.9,0.3,1586400,1.3,,,0.23,
2023-03-01,20,Kansas,KS,2.9,0.3,1439300,2.54,,,3.56,
2023-03-01,21,Kentucky,KY,4.1,0.1,2009500,3.06,,,2.12,
2023-03-01,22,Louisiana,LA,3.6,-0.1,1956500,2.26,,,4.97,
2023-03-01,23,Maine,ME,2.4,-0.6,646700,1.81,,,2.96,
2023-03-01,24,Maryland,MD,2,-1.1,2761100,1.62,,,1.55,
2023-03-01,25,Massachusetts,MA,3.5,-0.1,3710000,1.68,,,1.23,
2023-03-01,26,Michigan,MI,3.8,-0.5,4439600,2.18,,,1.94,
2023-03-01,27,Minnesota,MN,2.8,0.4,2976500,2.24,,,1.61,
2023-03-01,28,Mississippi,MS,3.2,-0.6,1180100,1.66,,,2.57,
2023-03-01,29,Missouri,MO,2.8,0.2,2963100,2.01,,,2.6,
2023-03-01,30,Montana,MT,2.5,-0.1,518100,2.21,,,3.95,
2023-03-01,31,Nebraska,NE,2.1,0.1,1042800,2.05,,,4,
2023-03-01,32,Nevada,NV,5.1,-0.1,1525200,3.85,,,2.59,
2023-03-01,33,New Hampshire,NH,2.2,-0.1,696300,2.1,,,2.24,
2023-03-01,34,New Jersey,NJ,4,-0.3,4309500,2.07,,,2.1,
2023-03-01,35,New Mexico,NM,3.6,-1.1,870300,3.36,,,6.8,
2023-03-01,36,New York,NY,4,-0.6,9666900,2.49,,,1.48,
2023-03-01,37,North Carolina,NC,3.4,-0.1,4917500,3.18,,,2.99,
2023-03-01,38,North Dakota,ND,2,-0.1,436500,2.68,,,7.79,
2023-03-01,39,Ohio,OH,3.5,-0.4,5601100,1.75,,,2.09,
2023-03-01,40,Oklahoma,OK,3,0.1,1749700,3.84,,,7.21,
2023-03-01,41,Oregon,OR,3.6,-0.1,1982700,2.47,,,2.3,
2023-03-01,42,Pennsylvania,PA,3.7,-0.5,6067700,2.02,,,2.55,
2023-03-01,44,Rhode Island,RI,2.8,-0.4,504900,2.27,,,1.6,
2023-03-01,45,South Carolina,SC,3,-0.2,2295600,3.38,,,3.06,
2023-03-01,46,South Dakota,SD,1.8,0,459300,1.98,,,3.65,
2023-03-01,47,Tennessee,TN,3.2,-0.1,3313300,2.97,,,1.84,
2023-03-01,48,Texas,TX,4.1,0.2,13861200,4.4,,,7.39,
2023-03-01,49,Utah,UT,2.5,0.2,1708700,2.61,,,3.69,
2023-03-01,50,Vermont,VT,1.8,-0.5,309300,2.32,,,1.39,
2023-03-01,51,Virginia,VA,2.7,0.1,4152899.9999999995,2.93,,,2.95,
2023-03-01,53,Washington,WA,4,0.1,3582500,2.37,,,5.15,
2023-03-01,54,West Virginia,WV,3.5,-0.3,707000,1.57,,,4.68,
2023-03-01,55,Wisconsin,WI,2.6,-0.3,3015100,1.94,,,1.42,
2023-03-01,56,Wyoming,WY,3,-0.4,290200,2.44,,,6.3,
2023-02-01,01,Alabama,AL,2.3,-0.3,2147700,2.59,,,2.85,
2023-02-01,02,Alaska,AK,4,-0.9,324900,2.56,,,6.49,
2023-02-01,04,Arizona,AZ,3.6,0,3168200,3.26,,,2.97,
2023-02-01,05,Arkansas,AR,2.9,-0.3,1346500,2.52,,,2.36,
2023-02-01,10,Delaware,DE,3.9,-0.5,480400,3.27,,,1.12,
2023-02-01,11,District of Columbia,DC,4.9,-0.6,764000,1.13,,,1.02,
2023-02-01,12,Florida,FL,2.8,-0.5,9666500,4.16,,,4.27,
2023-02-01,13,Georgia,GA,3.3,0.2,4894800,3.09,,,1.88,
2023-02-01,15,Hawaii,HI,3,-0.2,633300,4.2,,,1.99,
2023-02-01,16,Idaho,ID,3,0.2,840300,2.41,,,3.22,
2023-02-01,17,Illinois,IL,4.3,-0.4,6115100,2.38,,,1.04,
2023-02-01,18,Indiana,IN,3.3,0.4,3233100,2.28,,,1.25,
2023-02-01,19,Iowa,IA,2.9,0.2,1586000,1.27,,,0.23,
2023-02-01,20,Kansas,KS,2.9,0.4,1439100,2.42,,,3.56,
2023-02-01,21,Kentucky,KY,4.1,0.1,2005300,3.13,,,2.12,
2023-02-01,22,Louisiana,LA,3.6,-0.2,1953400,1.97,,,4.97,
2023-02-01,23,Maine,ME,2.5,-0.8,647100,2.24,,,2.96,
2023-02-01,24,Maryland,MD,2.2,-1.1,2754300,1.12,,,1.55,
2023-02-01,25,Massachusetts,MA,3.5,-0.2,3708600,1.8,,,1.23,
2023-02-01,26,Michigan,MI,3.9,-0.4,4437000,2.57,,,1.94,
2023-02-01,27,Minnesota,MN,2.8,0.3,2973100,2.11,,,1.61,
2023-02-01,28,Mississippi,MS,3.3,-0.6,1179900,1.51,,,2.57,
2023-02-01,29,Missouri,MO,2.8,0.1,2960200,1.98,,,2.6,
2023-02-01,30,Montana,MT,2.4,-0.2,517700.00000000006,2.45,,,3.95,
2023-02-01,31,Nebraska,NE,2.1,0.1,1042300,2.01,,,4,
2023-02-01,32,Nevada,NV,5.2,0,1522400,4.22,,,2.59,
2023-02-01,33,New Hampshire,NH,2.3,0,696000,2.47,,,2.24,
2023-02-01,34,New Jersey,NJ,4,-0.7,4309700,2.38,,,2.1,
2023-02-01,35,New Mexico,NM,3.6,-1.4,869300,3.59,,,6.8,
2023-02-01,36,New York,NY,4,-0.8,9660600,2.7,,,1.48,
2023-02-01,37,North Carolina,NC,3.5,-0.1,4910400,3.47,,,2.99,
2023-02-01,38,North Dakota,ND,2,-0.2,436500,3.02,,,7.79,
2023-02-01,39,Ohio,OH,3.6,-0.3,5598200,1.89,,,2.09,
2023-02-01,40,Oklahoma,OK,3,0.1,1746500,3.75,,,7.21,
2023-02-01,41,Oregon,OR,3.7,-0.1,1981900,2.84,,,2.3,
2023-02-01,42,Pennsylvania,PA,3.8,-0.4,6061400,2.24,,,2.55,
2023-02-01,44,Rhode Island,RI,2.8,-0.5,503400,2.21,,,1.6,
2023-02-01,45,South Carolina,SC,3,-0.2,2290200,3.04,,,3.06,
2023-02-01,46,South Dakota,SD,1.8,-0.1,458400,2.09,,,3.65,
2023-02-01,47,Tennessee,TN,3.3,-0.1,3312100,3.1,,,1.84,
2023-02-01,48,Texas,TX,4.1,0,13825800,4.54,,,7.39,
2023-02-01,49,Utah,UT,2.5,0.3,1708800,2.96,,,3.69,
2023-02-01,50,Vermont,VT,2,-0.4,308900,2.59,,,1.39,
2023-02-01,51,Virginia,VA,2.8,0.2,4152600.0000000005,3,,,2.95,
2023-02-01,53,Washington,WA,4.1,0.2,3585600,2.74,,,5.15,
2023-02-01,54,West Virginia,WV,3.5,-0.4,707500,1.7,,,4.68,
2023-02-01,55,Wisconsin,WI,2.6,-0.3,3011700,2.03,,,1.42,
2023-02-01,56,Wyoming,WY,3.1,-0.3,289300,2.3,,,6.3,
2023-01-01,01,Alabama,AL,2.3,-0.3,2146200,2.96,245354674,245354674,2.85,89.97
2023-01-01,02,Alaska,AK,4,-1.2,324700,2.43,54059682,54059682,6.49,101.715
2023-01-01,04,Arizona,AZ,3.7,0.1,3157900,3.56,422399581,422399581,2.97,101.105
2023-01-01,05,Arkansas,AR,2.9,-0.3,1346200,3.09,142860555,142860555,2.36,86.508
2023-01-01,06,California,CA,,,,,3248656553,3248656553,2.03,112.581
2023-01-01,08,Colorado,CO,,,,,437056036,437056036,4.35,101.382
2023-01-01,09,Connecticut,CT,,,,,286628442,286628442,2.74,103.689
2023-01-01,10,Delaware,DE,4,-0.5,479700,3.88,78014386,78014386,1.12,99.253
2023-01-01,11,District of Columbia,DC,4.8,-1.1,763900,1.18,146024260,146024260,1.02,110.804
2023-01-01,12,Florida,FL,2.8,-0.7,9641200,4.63,1292787615,1292787615,4.27,103.452
2023-01-01,13,Georgia,GA,3.3,0.2,4887800,3.54,678201178,678201178,1.88,96.699
2023-01-01,15,Hawaii,HI,3.1,0,628700,3.88,88614343,88614343,1.99,108.609
2023-01-01,16,Idaho,ID,3,0.2,839200,2.77,95897911,95897911,3.22,91.425
2023-01-01,17,Illinois,IL,4.4,-0.4,6115800,2.66,885651322,885651322,1.04,98.855
2023-01-01,18,Indiana,IN,3.3,0.4,3221400,2.16,404290315,404290315,1.25,92.184
2023-01-01,19,Iowa,IA,3,0.2,1584300,1.84,202051377,202051377,0.23,88.767
2023-01-01,20,Kansas,KS,2.9,0.3,1442600,2.94,183795569,183795569,3.56,89.965
2023-01-01,21,Kentucky,KY,4.1,0.1,2004500,3.52,224418023,224418023,2.12,90.468
2023-01-01,22,Louisiana,LA,3.6,-0.3,1950500,2.22,248615513,248615513,4.97,88.345
2023-01-01,23,Maine,ME,2.5,-1.2,647500,2.88,75195388,75195388,2.96,97.097
2023-01-01,24,Maryland,MD,2.3,-1.2,2750800,1.71,422866291,422866291,1.55,103.965
2023-01-01,25,Massachusetts,MA,3.5,-0.3,3706900,2.29,615504521,615504521,1.23,108.238
2023-01-01,26,Michigan,MI,4,-0.4,4431400,2.89,554256192,554256192,1.94,94.184
2023-01-01,27,Minnesota,MN,2.8,0.1,2967600,2.49,390907909,390907909,1.61,98.417
2023-01-01,28,Mississippi,MS,3.4,-0.6,1180500,2.14,119548365,119548365,2.57,87.292
2023-01-01,29,Missouri,MO,2.8,-0.2,2957900,2.41,348487426,348487426,2.6,91.762
2023-01-01,30,Montana,MT,2.4,-0.2,517299.99999999994,3.03,57373329,57373329,3.95,90.244
2023-01-01,31,Nebraska,NE,2.2,0.2,1040400.0000000001,2.24,145019622,145019622,4,90.376
2023-01-01,32,Nevada,NV,5.2,0,1519000,5.19,195405599,195405599,2.59,96.98
2023-01-01,33,New Hampshire,NH,2.4,0,695600,2.95,93466707,93466707,2.24,105.345
2023-01-01,34,New Jersey,NJ,3.9,-1.3,4307100,3.12,663888540,663888540,2.1,108.883
2023-01-01,35,New Mexico,NM,3.6,-1.8,867900,3.93,110323705,110323705,6.8,90.386
2023-01-01,36,New York,NY,4,-1.2,9659800,3.31,1791210722,1791210722,1.48,107.626
2023-01-01,37,North Carolina,NC,3.5,-0.2,4904200,4.24,638067296,638067296,2.99,94.139
2023-01-01,38,North Dakota,ND,2.1,-0.1,435200,2.98,60348597,60348597,7.79,88.572
2023-01-01,39,Ohio,OH,3.8,-0.2,5589600,2.07,709816649,709816649,2.09,91.812
2023-01-01,40,Oklahoma,OK,3,0.1,1745600,4.03,207923341,207923341,7.21,88.286
2023-01-01,41,Oregon,OR,3.8,-0.1,1983100,3.31,261951538,261951538,2.3,104.721
2023-01-01,42,Pennsylvania,PA,3.9,-0.4,6060800,2.86,799228807,799228807,2.55,97.5
2023-01-01,44,Rhode Island,RI,2.9,-0.6,502300,2.87,63277041,63277041,1.6,101.412
2023-01-01,45,South Carolina,SC,3.1,-0.2,2287300,3.8,262298502,262298502,3.06,93.177
2023-01-01,46,South Dakota,SD,1.8,-0.1,457700,2.23,57275094,57275094,3.65,88.095
2023-01-01,47,Tennessee,TN,3.4,0,3308000,3.74,422087716,422087716,1.84,92.515
2023-01-01,48,Texas,TX,4.1,-0.2,13798900,5.02,2097090405,2097090405,7.39,97.175
2023-01-01,49,Utah,UT,2.5,0.3,1707200,3.36,225459425,225459425,3.69,95.002
2023-01-01,50,Vermont,VT,2.1,-0.4,309300,3.03,35236566,35236566,1.39,96.635
2023-01-01,51,Virginia,VA,2.9,0.2,4141800,3.43,597597103,597597103,2.95,100.749
2023-01-01,53,Washington,WA,4.1,0.1,3581800,3.53,677238047,677238047,5.15,108.562
2023-01-01,54,West Virginia,WV,3.6,-0.3,706600,2.02,80798157,80798157,4.68,89.772
2023-01-01,55,Wisconsin,WI,2.6,-0.4,3009500,2.38,344570759,344570759,1.42,93.097
2023-01-01,56,Wyoming,WY,3.2,-0.3,288900,2.48,40210781,40210781,6.3,90.848
2023-01-01,91,New England,,,,,,1169288251,1169288251,1.82,
2023-01-01,92,Mideast,,,,,,3901560972,3901560972,1.79,
2023-01-01,93,Great Lakes,,,,,,2898354600,2898354600,1.54,
2023-01-01,94,Plains,,,,,,1388150705,1388150705,2.51,
2023-01-01,95,Southeast,,,,,,4952758909,4952758909,3.12,
2023-01-01,96,Southwest,,,,,,2838599111,2838599111,6.7,
2023-01-01,97,Rocky Mountain,,,,,,856063087,856063087,4.12,
2023-01-01,98,Far West,,,,,,4525827912,4525827912,2.58,
2022-12-01,01,Alabama,AL,2.3,-0.4,2133000,2.42,,,2.07,
2022-12-01,02,Alaska,AK,4,-1.4,321900,1.55,,,-1.34,
2022-12-01,04,Arizona,AZ,3.7,0,3151200,3.39,,,3.85,
2022-12-01,05,Arkansas,AR,3,-0.2,1342300,2.92,,,1.53,
2022-12-01,10,Delaware,DE,4,-0.6,477400,3.29,,,3.34,
2022-12-01,11,District of Columbia,DC,4.7,-1.4,762500,0.57,,,0.99,
2022-12-01,12,Florida,FL,2.9,-0.7,9606800,4.32,,,5.93,
2022-12-01,13,Georgia,GA,3.3,0.1,4870900,3.32,,,3.52,
2022-12-01,15,Hawaii,HI,3.2,0.1,627900,3.68,,,2.94,
2022-12-01,16,Idaho,ID,3,0.1,836600,2.88,,,4.42,
2022-12-01,17,Illinois,IL,4.5,-0.3,6073300,2,,,2.41,
2022-12-01,18,Indiana,IN,3.3,0.3,3216600,2.22,,,3.14,
2022-12-01,19,Iowa,IA,3,0.1,1582200,1.59,,,0.22,
2022-12-01,20,Kansas,KS,2.9,0.3,1432500,2.57,,,2.71,
2022-12-01,21,Kentucky,KY,4.1,0,1993300,2.77,,,2.15,
2022-12-01,22,Louisiana,LA,3.6,-0.4,1943300,1.6,,,-0.41,
2022-12-01,23,Maine,ME,2.6,-1.3,643300,2.31,,,2.66,
2022-12-01,24,Maryland,MD,2.4,-1.1,2743900,0.65,,,2.32,
2022-12-01,25,Massachusetts,MA,3.5,-0.4,3692600,2,,,2.04,
2022-12-01,26,Michigan,MI,4.1,-0.4,4410900,2.41,,,2.52,
2022-12-01,27,Minnesota,MN,2.8,0,2956600,1.76,,,1.79,
2022-12-01,28,Mississippi,MS,3.5,-0.6,1172100,1.37,,,0.76,
2022-12-01,29,Missouri,MO,2.8,-0.3,2940700,1.75,,,2.43,
2022-12-01,30,Montana,MT,2.5,-0.2,514200.00000000006,2.23,,,3.55,
2022-12-01,31,Nebraska,NE,2.2,0.1,1036400.0000000001,1.68,,,3.34,
2022-12-01,32,Nevada,NV,5.3,0,1513200,4.86,,,4.38,
2022-12-01,33,New Hampshire,NH,2.5,0,693100,2.83,,,1.63,
2022-12-01,34,New Jersey,NJ,3.8,-1.7,4289800,2.76,,,2.81,
2022-12-01,35,New Mexico,NM,3.6,-2,864500,3.31,,,2.36,
2022-12-01,36,New York,NY,4.1,-1.3,9617100,2.71,,,1.66,
2022-12-01,37,North Carolina,NC,3.6,-0.2,4873100,3.4,,,3.22,
2022-12-01,38,North Dakota,ND,2.1,-0.2,432500,2.27,,,-0.76,
2022-12-01,39,Ohio,OH,3.9,-0.2,5566100,1.73,,,0.69,
2022-12-01,40,Oklahoma,OK,3.1,0.2,1731400,3.29,,,-0.1,
2022-12-01,41,Oregon,OR,4,0.1,1966500,2.49,,,2.29,
2022-12-01,42,Pennsylvania,PA,3.9,-0.5,6037600,2.46,,,1.81,
2022-12-01,44,Rhode Island,RI,3,-0.8,502000,2.51,,,2.43,
2022-12-01,45,South Carolina,SC,3.1,-0.2,2276100,3.37,,,3.56,
2022-12-01,46,South Dakota,SD,1.9,-0.1,455600,2.02,,,-0.46,
2022-12-01,47,Tennessee,TN,3.4,-0.1,3296700,3.8,,,3.55,
2022-12-01,48,Texas,TX,4,-0.4,13729200,4.46,,,3.92,
2022-12-01,49,Utah,UT,2.5,0.3,1701900,3.43,,,3.32,
2022-12-01,50,Vermont,VT,2.2,-0.4,305500,1.9,,,3.06,
2022-12-01,51,Virginia,VA,2.9,0.1,4119200,2.52,,,2.65,
2022-12-01,53,Washington,WA,4.2,0.2,3563000,2.8,,,2.23,
2022-12-01,54,West Virginia,WV,3.6,-0.4,701400,1.14,,,1.88,
2022-12-01,55,Wisconsin,WI,2.6,-0.4,3001000,2.34,,,1.56,
2022-12-01,56,Wyoming,WY,3.4,-0.2,287900,2.06,,,1.87,
2022-11-01,01,Alabama,AL,2.4,-0.3,2129000,2.47,,,2.07,
2022-11-01,02,Alaska,AK,4,-1.4,321900,1.71,,,-1.34,
2022-11-01,04,Arizona,AZ,3.8,0,3154800,4.08,,,3.85,
2022-11-01,05,Arkansas,AR,3.1,-0.1,1341800,3.17,,,1.53,
2022-11-01,10,Delaware,DE,4.1,-0.7,475800,3.59,,,3.34,
2022-11-01,11,District of Columbia,DC,4.5,-1.8,761600,0.89,,,0.99,
2022-11-01,12,Florida,FL,2.9,-0.9,9575100,4.31,,,5.93,
2022-11-01,13,Georgia,GA,3.3,0,4866900,3.49,,,3.52,
2022-11-01,15,Hawaii,HI,3.3,0.1,627800,3.94,,,2.94,
2022-11-01,16,Idaho,ID,3,0,836800,3.4,,,4.42,
2022-11-01,17,Illinois,IL,4.5,-0.4,6077200,2.68,,,2.41,
2022-11-01,18,Indiana,IN,3.3,0.2,3216900,2.6,,,3.14,
2022-11-01,19,Iowa,IA,3.1,0,1582700,2.12,,,0.22,
2022-11-01,20,Kansas,KS,2.9,0.1,1430900,2.66,,,2.71,
2022-11-01,21,Kentucky,KY,4.1,-0.1,1991800,3.07,,,2.15,
2022-11-01,22,Louisiana,LA,3.6,-0.6,1941800,1.92,,,-0.41,
2022-11-01,23,Maine,ME,2.7,-1.5,643300,2.26,,,2.66,
2022-11-01,24,Maryland,MD,2.6,-1.3,2745900,1.32,,,2.32,
2022-11-01,25,Massachusetts,MA,3.6,-0.5,3696800,2.48,,,2.04,
2022-11-01,26,Michigan,MI,4.1,-0.7,4405300,2.54,,,2.52,
2022-11-01,27,Minnesota,MN,2.7,-0.3,2955100,2.04,,,1.79,
2022-11-01,28,Mississippi,MS,3.6,-0.7,1172400,1.61,,,0.76,
2022-11-01,29,Missouri,MO,2.8,-0.5,2938800,1.97,,,2.43,
2022-11-01,30,Montana,MT,2.5,-0.3,513600,2.6,,,3.55,
2022-11-01,31,Nebraska,NE,2.3,0.1,1035000,1.91,,,3.34,
2022-11-01,32,Nevada,NV,5.3,-0.1,1510600,5.26,,,4.38,
2022-11-01,33,New Hampshire,NH,2.5,-0.1,692300,2.67,,,1.63,
2022-11-01,34,New Jersey,NJ,3.6,-2,4287200,3.2,,,2.81,
2022-11-01,35,New Mexico,NM,3.6,-2.2,861300,3.04,,,2.36,
2022-11-01,36,New York,NY,4.1,-1.5,9614400,3.19,,,1.66,
2022-11-01,37,North Carolina,NC,3.7,-0.4,4869700,3.71,,,3.22,
2022-11-01,38,North Dakota,ND,2.1,-0.3,433600,2.77,,,-0.76,
2022-11-01,39,Ohio,OH,4,-0.3,5565100,1.86,,,0.69,
2022-11-01,40,Oklahoma,OK,3.1,0.1,1727500,3.41,,,-0.1,
2022-11-01,41,Oregon,OR,4.1,0.1,1959700,2.44,,,2.29,
2022-11-01,42,Pennsylvania,PA,4,-0.7,6031200,2.72,,,1.81,
2022-11-01,44,Rhode Island,RI,3.1,-1.1,501600,2.66,,,2.43,
2022-11-01,45,South Carolina,SC,3.2,-0.2,2271800,3.54,,,3.56,
2022-11-01,46,South Dakota,SD,1.9,-0.2,456300,2.49,,,-0.46,
2022-11-01,47,Tennessee,TN,3.4,-0.2,3292600,4.19,,,3.55,
2022-11-01,48,Texas,TX,4,-0.6,13704000,4.87,,,3.92,
2022-11-01,49,Utah,UT,2.5,0.2,1700800,3.76,,,3.32,
2022-11-01,50,Vermont,VT,2.4,-0.3,307400,2.67,,,3.06,
2022-11-01,51,Virginia,VA,2.9,0,4122200,2.89,,,2.65,
2022-11-01,53,Washington,WA,4.2,0,3561200,3,,,2.23,
2022-11-01,54,West Virginia,WV,3.8,-0.3,708200,2.46,,,1.88,
2022-11-01,55,Wisconsin,WI,2.7,-0.4,3002800,2.67,,,1.56,
2022-11-01,56,Wyoming,WY,3.4,-0.3,287300,2.1,,,1.87,
2022-10-01,01,Alabama,AL,2.5,-0.4,2126200,2.66,,,2.07,
2022-10-01,02,Alaska,AK,4,-1.7,319500,1.75,,,-1.34,
2022-10-01,04,Arizona,AZ,3.8,-0.2,3146100,4.01,,,3.85,
2022-10-01,05,Arkansas,AR,3.2,-0.1,1338700,3.18,,,1.53,
2022-10-01,10,Delaware,DE,4.1,-0.8,474800,3.92,,,3.34,
2022-10-01,11,District of Columbia,DC,4.3,-2.2,759100,0.86,,,0.99,
2022-10-01,12,Florida,FL,2.9,-1.1,9557700,4.62,,,5.93,
2022-10-01,13,Georgia,GA,3.3,-0.1,4860400,3.66,,,3.52,
2022-10-01,15,Hawaii,HI,3.3,0,627100,4.1,,,2.94,
2022-10-01,16,Idaho,ID,3,-0.2,833700,3.42,,,4.42,
2022-10-01,17,Illinois,IL,4.6,-0.6,6071300,2.9,,,2.41,
2022-10-01,18,Indiana,IN,3.2,-0.1,3211800,2.88,,,3.14,
2022-10-01,19,Iowa,IA,3.1,-0.2,1581000,1.92,,,0.22,
2022-10-01,20,Kansas,KS,2.9,0,1428000,2.72,,,2.71,
2022-10-01,21,Kentucky,KY,4.1,-0.2,1987300,3.09,,,2.15,
2022-10-01,22,Louisiana,LA,3.6,-0.9,1940400,2.19,,,-0.41,
2022-10-01,23,Maine,ME,2.7,-1.8,640500,2.1,,,2.66,
2022-10-01,24,Maryland,MD,2.8,-1.4,2743600,1.59,,,2.32,
2022-10-01,25,Massachusetts,MA,3.6,-0.8,3689800,2.53,,,2.04,
2022-10-01,26,Michigan,MI,4.1,-1,4395400,2.68,,,2.52,
2022-10-01,27,Minnesota,MN,2.6,-0.6,2949900,2.16,,,1.79,
2022-10-01,28,Mississippi,MS,3.7,-0.8,1170800,1.64,,,0.76,
2022-10-01,29,Missouri,MO,2.7,-0.8,2935900,2.16,,,2.43,
2022-10-01,30,Montana,MT,2.6,-0.3,513900,2.99,,,3.55,
2022-10-01,31,Nebraska,NE,2.3,0,1032300,1.91,,,3.34,
2022-10-01,32,Nevada,NV,5.3,-0.3,1508400,5.88,,,4.38,
2022-10-01,33,New Hampshire,NH,2.6,-0.2,690300,2.49,,,1.63,
2022-10-01,34,New Jersey,NJ,3.5,-2.5,4273900,3.35,,,2.81,
2022-10-01,35,New Mexico,NM,3.5,-2.5,860600,3.04,,,2.36,
2022-10-01,36,New York,NY,4,-1.9,9598400,3.49,,,1.66,
2022-10-01,37,North Carolina,NC,3.8,-0.5,4859400,3.83,,,3.22,
2022-10-01,38,North Dakota,ND,2.1,-0.4,431700,2.61,,,-0.76,
2022-10-01,39,Ohio,OH,4.1,-0.3,5561200,2.11,,,0.69,
2022-10-01,40,Oklahoma,OK,3.1,0,1724000,3.29,,,-0.1,
2022-10-01,41,Oregon,OR,4.2,0,1961500,2.81,,,2.29,
2022-10-01,42,Pennsylvania,PA,4,-0.9,6028400,3.1,,,1.81,
2022-10-01,44,Rhode Island,RI,3.2,-1.5,500800,2.85,,,2.43,
2022-10-01,45,South Carolina,SC,3.2,-0.3,2270000,3.74,,,3.56,
2022-10-01,46,South Dakota,SD,1.9,-0.3,455800,2.63,,,-0.46,
2022-10-01,47,Tennessee,TN,3.4,-0.3,3288400,4.23,,,3.55,
2022-10-01,48,Texas,TX,3.9,-0.9,13672700,5.07,,,3.92,
2022-10-01,49,Utah,UT,2.5,0.1,1694900,3.74,,,3.32,
2022-10-01,50,Vermont,VT,2.4,-0.5,305900,2.17,,,3.06,
2022-10-01,51,Virginia,VA,2.9,-0.2,4107000,2.81,,,2.65,
2022-10-01,53,Washington,WA,4.2,-0.2,3559400,3.28,,,2.23,
2022-10-01,54,West Virginia,WV,3.9,-0.4,698600,1.42,,,1.88,
2022-10-01,55,Wisconsin,WI,2.8,-0.4,2997700,2.62,,,1.56,
2022-10-01,56,Wyoming,WY,3.5,-0.4,286300,2.1,,,1.87,
2022-09-01,01,Alabama,AL,2.5,-0.5,2126000,3.45,,,2.07,
2022-09-01,02,Alaska,AK,3.9,-2,319600,2.63,,,-1.34,
2022-09-01,04,Arizona,AZ,3.8,-0.4,3135300,4.43,,,3.85,
2022-09-01,05,Arkansas,AR,3.2,-0.3,1340000,4.32,,,1.53,
2022-09-01,10,Delaware,DE,4.1,-1,474300,4.52,,,3.34,
2022-09-01,11,District of Columbia,DC,4.1,-2.5,761400,2.26,,,0.99,
2022-09-01,12,Florida,FL,2.8,-1.4,9542300,5.81,,,5.93,
2022-09-01,13,Georgia,GA,3.2,-0.3,4848700,4.7,,,3.52,
2022-09-01,15,Hawaii,HI,3.3,-0.6,624900,4.43,,,2.94,
2022-09-01,16,Idaho,ID,3,-0.3,834000,3.99,,,4.42,
2022-09-01,17,Illinois,IL,4.5,-1,6068000,3.99,,,2.41,
2022-09-01,18,Indiana,IN,3.2,-0.3,3209600,4.13,,,3.14,
2022-09-01,19,Iowa,IA,3,-0.5,1579400,2.29,,,0.22,
2022-09-01,20,Kansas,KS,2.9,-0.2,1426400,3.6,,,2.71,
2022-09-01,21,Kentucky,KY,4.1,-0.3,1985200,4.06,,,2.15,
2022-09-01,22,Louisiana,LA,3.6,-1.2,1942400,4.98,,,-0.41,
2022-09-01,23,Maine,ME,2.6,-2,641400,2.82,,,2.66,
2022-09-01,24,Maryland,MD,2.8,-1.8,2754400,2.71,,,2.32,
2022-09-01,25,Massachusetts,MA,3.6,-1,3691800,3.7,,,2.04,
2022-09-01,26,Michigan,MI,4,-1.4,4389000,3.88,,,2.52,
2022-09-01,27,Minnesota,MN,2.5,-0.9,2946400,3.35,,,1.79,
2022-09-01,28,Mississippi,MS,3.7,-1.1,1170200,2.41,,,0.76,
2022-09-01,29,Missouri,MO,2.7,-1,2935900,2.98,,,2.43,
2022-09-01,30,Montana,MT,2.7,-0.4,513500,3.78,,,3.55,
2022-09-01,31,Nebraska,NE,2.3,-0.1,1030700,2.3,,,3.34,
2022-09-01,32,Nevada,NV,5.2,-0.6,1510400,7.56,,,4.38,
2022-09-01,33,New Hampshire,NH,2.5,-0.6,691200,3.71,,,1.63,
2022-09-01,34,New Jersey,NJ,3.3,-3,4265700,4.69,,,2.81,
2022-09-01,35,New Mexico,NM,3.5,-2.8,859400,4.11,,,2.36,
2022-09-01,36,New York,NY,3.9,-2.3,9583100,4.76,,,1.66,
2022-09-01,37,North Carolina,NC,3.8,-0.7,4859300,4.98,,,3.22,
2022-09-01,38,North Dakota,ND,2.1,-0.5,430400,2.67,,,-0.76,
2022-09-01,39,Ohio,OH,4.1,-0.6,5555100,3,,,0.69,
2022-09-01,40,Oklahoma,OK,3.2,-0.2,1722200,4.05,,,-0.1,
2022-09-01,41,Oregon,OR,4.1,-0.3,1963000,3.69,,,2.29,
2022-09-01,42,Pennsylvania,PA,4.1,-1.1,6022200,4.02,,,1.81,
2022-09-01,44,Rhode Island,RI,3.3,-1.8,498800,3.21,,,2.43,
2022-09-01,45,South Carolina,SC,3.2,-0.4,2267200,4.71,,,3.56,
2022-09-01,46,South Dakota,SD,2,-0.4,455000,2.69,,,-0.46,
2022-09-01,47,Tennessee,TN,3.4,-0.5,3286000,5.02,,,3.55,
2022-09-01,48,Texas,TX,3.8,-1.2,13641600,6.05,,,3.92,
2022-09-01,49,Utah,UT,2.5,0,1693500,4.48,,,3.32,
2022-09-01,50,Vermont,VT,2.4,-0.7,305400,2.86,,,3.06,
2022-09-01,51,Virginia,VA,2.8,-0.5,4108000,3.55,,,2.65,
2022-09-01,53,Washington,WA,4.2,-0.5,3552600,4.15,,,2.23,
2022-09-01,54,West Virginia,WV,3.9,-0.6,699400,2.49,,,1.88,
2022-09-01,55,Wisconsin,WI,2.8,-0.6,2997200,3.1,,,1.56,
2022-09-01,56,Wyoming,WY,3.5,-0.6,286300,2.62,,,1.87,
2022-08-01,01,Alabama,AL,2.5,-0.7,2119700,3.13,,,2.07,
2022-08-01,02,Alaska,AK,3.8,-2.4,319800,3.19,,,-1.34,
2022-08-01,04,Arizona,AZ,3.8,-0.8,3128000,4.58,,,3.85,
2022-08-01,05,Arkansas,AR,3.2,-0.5,1336900,3.89,,,1.53,
2022-08-01,10,Delaware,DE,4,-1.4,471800,4.06,,,3.34,
2022-08-01,11,District of Columbia,DC,4,-2.9,762000,2.95,,,0.99,
2022-08-01,12,Florida,FL,2.8,-1.7,9517100,5.88,,,5.93,
2022-08-01,13,Georgia,GA,3.2,-0.5,4834300,4.54,,,3.52,
2022-08-01,15,Hawaii,HI,3.3,-1.4,623000,3.61,,,2.94,
2022-08-01,16,Idaho,ID,3,-0.4,832700,3.65,,,4.42,
2022-08-01,17,Illinois,IL,4.5,-1.4,6067200,4.13,,,2.41,
2022-08-01,18,Indiana,IN,3.1,-0.6,3204900,3.59,,,3.14,
2022-08-01,19,Iowa,IA,2.9,-0.9,1575800,1.79,,,0.22,
2022-08-01,20,Kansas,KS,2.8,-0.5,1421200,2.39,,,2.71,
2022-08-01,21,Kentucky,KY,4.1,-0.4,1977400,3.36,,,2.15,
2022-08-01,22,Louisiana,LA,3.6,-1.6,1940400,2.46,,,-0.41,
2022-08-01,23,Maine,ME,2.5,-2.4,639900,2.63,,,2.66,
2022-08-01,24,Maryland,MD,3,-2,2740900,2.26,,,2.32,
2022-08-01,25,Massachusetts,MA,3.7,-1.3,3688500,3.48,,,2.04,
2022-08-01,26,Michigan,MI,4,-1.7,4388200,4.06,,,2.52,
2022-08-01,27,Minnesota,MN,2.4,-1.1,2943000,2.62,,,1.79,
2022-08-01,28,Mississippi,MS,3.7,-1.4,1168200,2.38,,,0.76,
2022-08-01,29,Missouri,MO,2.5,-1.4,2932900,2.65,,,2.43,
2022-08-01,30,Montana,MT,2.7,-0.6,512799.99999999994,3.89,,,3.55,
2022-08-01,31,Nebraska,NE,2.3,-0.2,1029599.9999999999,1.76,,,3.34,
2022-08-01,32,Nevada,NV,5.2,-1,1504300,7.3,,,4.38,
2022-08-01,33,New Hampshire,NH,2.5,-0.8,689700,3.16,,,1.63,
2022-08-01,34,New Jersey,NJ,3,-3.8,4266400,5.15,,,2.81,
2022-08-01,35,New Mexico,NM,3.4,-3.4,857200,4.04,,,2.36,
2022-08-01,36,New York,NY,3.8,-3,9587400,5.52,,,1.66,
2022-08-01,37,North Carolina,NC,3.8,-0.9,4850900,4.74,,,3.22,
2022-08-01,38,North Dakota,ND,2.1,-0.7,430100,2.62,,,-0.76,
2022-08-01,39,Ohio,OH,4.1,-0.8,5551200,2.56,,,0.69,
2022-08-01,40,Oklahoma,OK,3.1,-0.6,1713800,3.61,,,-0.1,
2022-08-01,41,Oregon,OR,4,-0.7,1964000,3.64,,,2.29,
2022-08-01,42,Pennsylvania,PA,4.1,-1.5,6014700,3.8,,,1.81,
2022-08-01,44,Rhode Island,RI,3.4,-2.2,502100,4.13,,,2.43,
2022-08-01,45,South Carolina,SC,3.2,-0.6,2259400,4.39,,,3.56,
2022-08-01,46,South Dakota,SD,1.9,-0.6,454800,2.76,,,-0.46,
2022-08-01,47,Tennessee,TN,3.3,-0.9,3275700,4.45,,,3.55,
2022-08-01,48,Texas,TX,3.7,-1.6,13598300,6.11,,,3.92,
2022-08-01,49,Utah,UT,2.4,-0.2,1691300,4.14,,,3.32,
2022-08-01,50,Vermont,VT,2.4,-0.9,305600,2.62,,,3.06,
2022-08-01,51,Virginia,VA,2.7,-0.8,4101800,3.19,,,2.65,
2022-08-01,53,Washington,WA,4.1,-0.8,3555900,4.68,,,2.23,
2022-08-01,54,West Virginia,WV,4,-0.8,698100,1.85,,,1.88,
2022-08-01,55,Wisconsin,WI,2.8,-0.7,2995500,3.02,,,1.56,
2022-08-01,56,Wyoming,WY,3.5,-0.8,285800,2.33,,,1.87,
2022-07-01,01,Alabama,AL,2.5,-0.8,2119200,3.23,,,2.07,
2022-07-01,02,Alaska,AK,4,-2.4,320000,3.63,,,-1.34,
2022-07-01,04,Arizona,AZ,3.8,-1.1,3124800,4.74,,,3.85,
2022-07-01,05,Arkansas,AR,3.2,-0.7,1332900,3.89,,,1.53,
2022-07-01,10,Delaware,DE,4.1,-1.4,470500,3.89,,,3.34,
2022-07-01,11,District of Columbia,DC,4.2,-2.9,762300,3.49,,,0.99,
2022-07-01,12,Florida,FL,2.9,-1.8,9487200,5.82,,,5.93,
2022-07-01,13,Georgia,GA,3.1,-0.7,4836200,4.54,,,3.52,
2022-07-01,15,Hawaii,HI,3.3,-2.1,620800,3.33,,,2.94,
2022-07-01,16,Idaho,ID,2.9,-0.6,831100,3.77,,,4.42,
2022-07-01,17,Illinois,IL,4.5,-1.7,6057300,4.11,,,2.41,
2022-07-01,18,Indiana,IN,3.1,-0.8,3208800,3.45,,,3.14,
2022-07-01,19,Iowa,IA,2.8,-1.2,1575000,1.9,,,0.22,
2022-07-01,20,Kansas,KS,2.7,-0.8,1419700,2.16,,,2.71,
2022-07-01,21,Kentucky,KY,4.1,-0.5,1968200,3.42,,,2.15,
2022-07-01,22,Louisiana,LA,3.6,-2,1937600,2.45,,,-0.41,
2022-07-01,23,Maine,ME,2.6,-2.4,639900,2.68,,,2.66,
2022-07-01,24,Maryland,MD,3,-2.3,2739100,2.47,,,2.32,
2022-07-01,25,Massachusetts,MA,3.6,-1.6,3688700,3.68,,,2.04,
2022-07-01,26,Michigan,MI,4,-2,4382300,4.25,,,2.52,
2022-07-01,27,Minnesota,MN,2.3,-1.4,2941300,2.55,,,1.79,
2022-07-01,28,Mississippi,MS,3.7,-1.8,1169300,2.3,,,0.76,
2022-07-01,29,Missouri,MO,2.4,-1.7,2929000,2.47,,,2.43,
2022-07-01,30,Montana,MT,2.7,-0.7,512200.00000000006,4,,,3.55,
2022-07-01,31,Nebraska,NE,2.2,-0.4,1027200,1.59,,,3.34,
2022-07-01,32,Nevada,NV,5.2,-1.3,1498000,7.63,,,4.38,
2022-07-01,33,New Hampshire,NH,2.4,-1.1,689200,3.31,,,1.63,
2022-07-01,34,New Jersey,NJ,3.3,-3.6,4261200,5.21,,,2.81,
2022-07-01,35,New Mexico,NM,3.6,-3.5,852800,3.7,,,2.36,
2022-07-01,36,New York,NY,4,-3.1,9559800,5.55,,,1.66,
2022-07-01,37,North Carolina,NC,3.7,-1.2,4841700,4.42,,,3.22,
2022-07-01,38,North Dakota,ND,2,-0.9,429600,2.51,,,-0.76,
2022-07-01,39,Ohio,OH,4,-1.2,5546000,2.6,,,0.69,
2022-07-01,40,Oklahoma,OK,3.1,-0.9,1711800,3.49,,,-0.1,
2022-07-01,41,Oregon,OR,3.9,-1.1,1962400,3.52,,,2.29,
2022-07-01,42,Pennsylvania,PA,4.1,-1.8,6011200,4.02,,,1.81,
2022-07-01,44,Rhode Island,RI,3.3,-2.6,501600,3.92,,,2.43,
2022-07-01,45,South Carolina,SC,3.2,-0.7,2257500,4.46,,,3.56,
2022-07-01,46,South Dakota,SD,1.9,-0.7,454000,2.51,,,-0.46,
2022-07-01,47,Tennessee,TN,3.3,-1.1,3269000,4.56,,,3.55,
2022-07-01,48,Texas,TX,3.8,-1.8,13556400,6.16,,,3.92,
2022-07-01,49,Utah,UT,2.4,-0.3,1689700,4.14,,,3.32,
2022-07-01,50,Vermont,VT,2.3,-1.2,306800,3.02,,,3.06,
2022-07-01,51,Virginia,VA,2.6,-1.2,4086600,3.09,,,2.65,
2022-07-01,53,Washington,WA,4,-1.1,3542600,4.78,,,2.23,
2022-07-01,54,West Virginia,WV,3.9,-1.2,697900,1.79,,,1.88,
2022-07-01,55,Wisconsin,WI,2.8,-0.9,2986100,2.61,,,1.56,
2022-07-01,56,Wyoming,WY,3.4,-1.1,285700,2.44,,,1.87,
2022-06-01,01,Alabama,AL,2.5,-1,2104100,2.98,,,2.07,
2022-06-01,02,Alaska,AK,4.1,-2.7,317000,3.53,,,-1.34,
2022-06-01,04,Arizona,AZ,3.7,-1.6,3106500,4.81,,,3.85,
2022-06-01,05,Arkansas,AR,3.2,-1,1326200,3.59,,,1.53,
2022-06-01,10,Delaware,DE,4.1,-1.7,467200,4.03,,,3.34,
2022-06-01,11,District of Columbia,DC,4.4,-2.8,756200,3.42,,,0.99,
2022-06-01,12,Florida,FL,2.9,-2,9417200,6.04,,,5.93,
2022-06-01,13,Georgia,GA,3.1,-0.9,4804200,5.03,,,3.52,
2022-06-01,15,Hawaii,HI,3.3,-3,615300,3.95,,,2.94,
2022-06-01,16,Idaho,ID,2.8,-0.9,825200,3.6,,,4.42,
2022-06-01,17,Illinois,IL,4.5,-1.9,6017700,3.96,,,2.41,
2022-06-01,18,Indiana,IN,3,-1.1,3173300,3.31,,,3.14,
2022-06-01,19,Iowa,IA,2.7,-1.5,1573400,2.37,,,0.22,
2022-06-01,20,Kansas,KS,2.7,-0.9,1405900,1.88,,,2.71,
2022-06-01,21,Kentucky,KY,4,-0.6,1960200,3.29,,,2.15,
2022-06-01,22,Louisiana,LA,3.6,-2.4,1925400,2.27,,,-0.41,
2022-06-01,23,Maine,ME,2.7,-2.5,635100,2.52,,,2.66,
2022-06-01,24,Maryland,MD,3,-2.6,2717600,2.48,,,2.32,
2022-06-01,25,Massachusetts,MA,3.6,-1.9,3670900,4.54,,,2.04,
2022-06-01,26,Michigan,MI,4,-2.2,4362000,4.62,,,2.52,
2022-06-01,27,Minnesota,MN,2.3,-1.5,2922700,2.66,,,1.79,
2022-06-01,28,Mississippi,MS,3.7,-2,1163700,2.8,,,0.76,
2022-06-01,29,Missouri,MO,2.3,-2.1,2917200,2.92,,,2.43,
2022-06-01,30,Montana,MT,2.7,-0.8,506900,3.11,,,3.55,
2022-06-01,31,Nebraska,NE,2.1,-0.6,1023300,1.63,,,3.34,
2022-06-01,32,Nevada,NV,5.1,-1.8,1490400,8.58,,,4.38,
2022-06-01,33,New Hampshire,NH,2.4,-1.3,681800,3.4,,,1.63,
2022-06-01,34,New Jersey,NJ,3.6,-3.6,4233500,5.54,,,2.81,
2022-06-01,35,New Mexico,NM,3.9,-3.5,840800,3.75,,,2.36,
2022-06-01,36,New York,NY,4.2,-3.3,9488700,5.46,,,1.66,
2022-06-01,37,North Carolina,NC,3.7,-1.4,4808000,4.48,,,3.22,
2022-06-01,38,North Dakota,ND,2,-1.1,428100,2.81,,,-0.76,
2022-06-01,39,Ohio,OH,3.9,-1.6,5522400,2.98,,,0.69,
2022-06-01,40,Oklahoma,OK,3,-1.3,1694400,2.75,,,-0.1,
2022-06-01,41,Oregon,OR,3.9,-1.5,1936800,3.7,,,2.29,
2022-06-01,42,Pennsylvania,PA,4.2,-1.9,5976900,4.12,,,1.81,
2022-06-01,44,Rhode Island,RI,3.2,-3,498800,3.83,,,2.43,
2022-06-01,45,South Carolina,SC,3.2,-0.8,2242600,4.45,,,3.56,
2022-06-01,46,South Dakota,SD,1.9,-0.8,452100,2.7,,,-0.46,
2022-06-01,47,Tennessee,TN,3.3,-1.4,3242600,4.76,,,3.55,
2022-06-01,48,Texas,TX,3.8,-2.1,13417500,5.91,,,3.92,
2022-06-01,49,Utah,UT,2.3,-0.5,1678800,4.11,,,3.32,
2022-06-01,50,Vermont,VT,2.3,-1.4,304000,3.05,,,3.06,
2022-06-01,51,Virginia,VA,2.5,-1.5,4061000,3.26,,,2.65,
2022-06-01,53,Washington,WA,4,-1.3,3506700,4.59,,,2.23,
2022-06-01,54,West Virginia,WV,3.9,-1.5,693700,2.07,,,1.88,
2022-06-01,55,Wisconsin,WI,2.8,-1.1,2966500,2.47,,,1.56,
2022-06-01,56,Wyoming,WY,3.4,-1.3,283300,1.65,,,1.87,
2022-05-01,01,Alabama,AL,2.5,-1,2102500,3.25,,,2.07,
2022-05-01,02,Alaska,AK,4.2,-2.7,318400,4.05,,,-1.34,
2022-05-01,04,Arizona,AZ,3.7,-1.9,3104100,5.47,,,3.85,
2022-05-01,05,Arkansas,AR,3.2,-1.2,1322700,3.71,,,1.53,
2022-05-01,10,Delaware,DE,4.2,-1.6,468400,4.46,,,3.34,
2022-05-01,11,District of Columbia,DC,4.7,-2.3,758900,4.46,,,0.99,
2022-05-01,12,Florida,FL,3,-2,9403200,6.43,,,5.93,
2022-05-01,13,Georgia,GA,3.1,-1,4798000,5.34,,,3.52,
2022-05-01,15,Hawaii,HI,3.3,-3.6,613000,4.93,,,2.94,
2022-05-01,16,Idaho,ID,2.8,-1,822700,3.73,,,4.42,
2022-05-01,17,Illinois,IL,4.6,-2,6019300,4.34,,,2.41,
2022-05-01,18,Indiana,IN,3,-1.2,3178100,3.87,,,3.14,
2022-05-01,19,Iowa,IA,2.6,-1.7,1569500,2.36,,,0.22,
2022-05-01,20,Kansas,KS,2.6,-1,1408900,2.32,,,2.71,
2022-05-01,21,Kentucky,KY,4,-0.6,1960000,3.45,,,2.15,
2022-05-01,22,Louisiana,LA,3.7,-2.5,1924800,2.54,,,-0.41,
2022-05-01,23,Maine,ME,2.8,-2.3,638000,2.75,,,2.66,
2022-05-01,24,Maryland,MD,3,-2.7,2730500,3.01,,,2.32,
2022-05-01,25,Massachusetts,MA,3.6,-2,3663800,4.55,,,2.04,
2022-05-01,26,Michigan,MI,4.1,-2,4361700,5.06,,,2.52,
2022-05-01,27,Minnesota,MN,2.3,-1.6,2927400,2.95,,,1.79,
2022-05-01,28,Mississippi,MS,3.7,-2.2,1163500,2.89,,,0.76,
2022-05-01,29,Missouri,MO,2.3,-2.2,2913100,3.16,,,2.43,
2022-05-01,30,Montana,MT,2.7,-0.9,507000,3.49,,,3.55,
2022-05-01,31,Nebraska,NE,2.1,-0.7,1021100,1.71,,,3.34,
2022-05-01,32,Nevada,NV,5.1,-2.1,1486200,9.62,,,4.38,
2022-05-01,33,New Hampshire,NH,2.3,-1.5,682200,3.44,,,1.63,
2022-05-01,34,New Jersey,NJ,3.8,-3.2,4232300,5.93,,,2.81,
2022-05-01,35,New Mexico,NM,4.2,-3.3,846200,4.64,,,2.36,
2022-05-01,36,New York,NY,4.3,-3.2,9461200,5.47,,,1.66,
2022-05-01,37,North Carolina,NC,3.6,-1.6,4796600,4.54,,,3.22,
2022-05-01,38,North Dakota,ND,2,-1.3,426000,2.63,,,-0.76,
2022-05-01,39,Ohio,OH,3.9,-1.8,5527300,3.32,,,0.69,
2022-05-01,40,Oklahoma,OK,3,-1.5,1697600,3.41,,,-0.1,
2022-05-01,41,Oregon,OR,3.8,-1.8,1938600,4.08,,,2.29,
2022-05-01,42,Pennsylvania,PA,4.2,-2.1,5976900,4.46,,,1.81,
2022-05-01,44,Rhode Island,RI,3.2,-2.9,497600,3.95,,,2.43,
2022-05-01,45,South Carolina,SC,3.2,-0.9,2240300,4.52,,,3.56,
2022-05-01,46,South Dakota,SD,1.9,-0.8,451000,2.59,,,-0.46,
2022-05-01,47,Tennessee,TN,3.3,-1.6,3241000,5.15,,,3.55,
2022-05-01,48,Texas,TX,3.8,-2.2,13401800,6.36,,,3.92,
2022-05-01,49,Utah,UT,2.3,-0.6,1676400,4.51,,,3.32,
2022-05-01,50,Vermont,VT,2.3,-1.7,303600,3.05,,,3.06,
2022-05-01,51,Virginia,VA,2.5,-1.7,4062300,3.48,,,2.65,
2022-05-01,53,Washington,WA,4,-1.5,3509300,5.03,,,2.23,
2022-05-01,54,West Virginia,WV,3.9,-1.7,705200,3.95,,,1.88,
2022-05-01,55,Wisconsin,WI,2.8,-1.3,2964300,2.62,,,1.56,
2022-05-01,56,Wyoming,WY,3.4,-1.5,283600,1.98,,,1.87,
2022-04-01,01,Alabama,AL,2.5,-1.2,2101000,3.44,,,2.07,
2022-04-01,02,Alaska,AK,4.4,-2.7,317800,2.71,,,-1.34,
2022-04-01,04,Arizona,AZ,3.7,-2.1,3095300,5.73,,,3.85,
2022-04-01,05,Arkansas,AR,3.2,-1.4,1318300,3.54,,,1.53,
2022-04-01,10,Delaware,DE,4.2,-1.7,468900,4.67,,,3.34,
2022-04-01,11,District of Columbia,DC,4.9,-2.1,757700,4.65,,,0.99,
2022-04-01,12,Florida,FL,3.1,-2.1,9373400,6.82,,,5.93,
2022-04-01,13,Georgia,GA,3.1,-1.2,4789700,5.75,,,3.52,
2022-04-01,15,Hawaii,HI,3.3,-4.5,613600,6.25,,,2.94,
2022-04-01,16,Idaho,ID,2.7,-1.2,821600,3.93,,,4.42,
2022-04-01,17,Illinois,IL,4.6,-2.1,6006600,4.23,,,2.41,
2022-04-01,18,Indiana,IN,2.9,-1.4,3177600,4.15,,,3.14,
2022-04-01,19,Iowa,IA,2.6,-1.8,1568100,2.39,,,0.22,
2022-04-01,20,Kansas,KS,2.6,-1.1,1408500,2.66,,,2.71,
2022-04-01,21,Kentucky,KY,4,-0.6,1958800,3.79,,,2.15,
2022-04-01,22,Louisiana,LA,3.7,-2.7,1920200,2.81,,,-0.41,
2022-04-01,23,Maine,ME,2.9,-2.3,638600,2.9,,,2.66,
2022-04-01,24,Maryland,MD,3.1,-2.8,2726900,3.12,,,2.32,
2022-04-01,25,Massachusetts,MA,3.6,-2.3,3659400,4.88,,,2.04,
2022-04-01,26,Michigan,MI,4.2,-2,4365400,5.46,,,2.52,
2022-04-01,27,Minnesota,MN,2.3,-1.7,2924400,2.92,,,1.79,
2022-04-01,28,Mississippi,MS,3.8,-2.3,1161700,3.13,,,0.76,
2022-04-01,29,Missouri,MO,2.4,-2.3,2907200,3.07,,,2.43,
2022-04-01,30,Montana,MT,2.7,-1,506700,3.79,,,3.55,
2022-04-01,31,Nebraska,NE,2,-0.9,1021800,1.86,,,3.34,
2022-04-01,32,Nevada,NV,5.1,-2.5,1480400,10.51,,,4.38,
2022-04-01,33,New Hampshire,NH,2.3,-1.6,684000,4.08,,,1.63,
2022-04-01,34,New Jersey,NJ,4.1,-3.1,4227800,6.13,,,2.81,
2022-04-01,35,New Mexico,NM,4.4,-3.5,846400,5.37,,,2.36,
2022-04-01,36,New York,NY,4.5,-3.4,9428700,5.38,,,1.66,
2022-04-01,37,North Carolina,NC,3.6,-1.7,4782600,4.71,,,3.22,
2022-04-01,38,North Dakota,ND,2.1,-1.4,424800,2.14,,,-0.76,
2022-04-01,39,Ohio,OH,3.9,-2,5525400,3.5,,,0.69,
2022-04-01,40,Oklahoma,OK,2.9,-1.8,1693200,3.36,,,-0.1,
2022-04-01,41,Oregon,OR,3.7,-2.3,1937400,4.19,,,2.29,
2022-04-01,42,Pennsylvania,PA,4.2,-2.3,5967300,4.64,,,1.81,
2022-04-01,44,Rhode Island,RI,3.1,-3.2,497200,4.52,,,2.43,
2022-04-01,45,South Carolina,SC,3.2,-1,2234100,4.58,,,3.56,
2022-04-01,46,South Dakota,SD,1.8,-1,451100,2.92,,,-0.46,
2022-04-01,47,Tennessee,TN,3.3,-1.7,3229700,5.34,,,3.55,
2022-04-01,48,Texas,TX,3.9,-2.3,13356100,6.53,,,3.92,
2022-04-01,49,Utah,UT,2.3,-0.7,1674100,4.7,,,3.32,
2022-04-01,50,Vermont,VT,2.3,-2,304900,3.81,,,3.06,
2022-04-01,51,Virginia,VA,2.6,-1.8,4059000,3.7,,,2.65,
2022-04-01,53,Washington,WA,4,-1.7,3504200,5.24,,,2.23,
2022-04-01,54,West Virginia,WV,3.8,-2,696800,2.99,,,1.88,
2022-04-01,55,Wisconsin,WI,2.8,-1.4,2961200,2.69,,,1.56,
2022-04-01,56,Wyoming,WY,3.4,-1.7,284000,2.68,,,1.87,
2022-03-01,01,Alabama,AL,2.5,-1.2,2093600,3,,,2.07,
2022-03-01,02,Alaska,AK,4.6,-2.4,318000,2.88,,,-1.34,
2022-03-01,04,Arizona,AZ,3.6,-2.4,3074000,5.14,,,3.85,
2022-03-01,05,Arkansas,AR,3.2,-1.5,1314800,3.2,,,1.53,
2022-03-01,10,Delaware,DE,4.3,-1.6,465400,4.23,,,3.34,
2022-03-01,11,District of Columbia,DC,5.2,-1.8,757800,4.99,,,0.99,
2022-03-01,12,Florida,FL,3.2,-2.2,9300500,6.13,,,5.93,
2022-03-01,13,Georgia,GA,3.1,-1.4,4758400,5.12,,,3.52,
2022-03-01,15,Hawaii,HI,3.2,-5.2,610400,8.11,,,2.94,
2022-03-01,16,Idaho,ID,2.7,-1.3,823400,4.67,,,4.42,
2022-03-01,17,Illinois,IL,4.7,-2.1,5991400,4.12,,,2.41,
2022-03-01,18,Indiana,IN,2.9,-1.5,3168800,3.66,,,3.14,
2022-03-01,19,Iowa,IA,2.6,-1.7,1566100,2.49,,,0.22,
2022-03-01,20,Kansas,KS,2.6,-1.1,1403600,2.36,,,2.71,
2022-03-01,21,Kentucky,KY,4,-0.6,1949800,3.33,,,2.15,
2022-03-01,22,Louisiana,LA,3.7,-2.9,1913200,2.67,,,-0.41,
2022-03-01,23,Maine,ME,3,-2,635200,2.55,,,2.66,
2022-03-01,24,Maryland,MD,3.1,-3,2717100,2.94,,,2.32,
2022-03-01,25,Massachusetts,MA,3.6,-2.5,3648700,5.12,,,2.04,
2022-03-01,26,Michigan,MI,4.3,-1.8,4344900,4.48,,,2.52,
2022-03-01,27,Minnesota,MN,2.4,-1.7,2911200,2.7,,,1.79,
2022-03-01,28,Mississippi,MS,3.8,-2.4,1160800,2.9,,,0.76,
2022-03-01,29,Missouri,MO,2.6,-2.2,2904800,2.95,,,2.43,
2022-03-01,30,Montana,MT,2.6,-1.2,506900,4.09,,,3.55,
2022-03-01,31,Nebraska,NE,2,-0.9,1021900,2.11,,,3.34,
2022-03-01,32,Nevada,NV,5.2,-2.8,1468600,11.22,,,4.38,
2022-03-01,33,New Hampshire,NH,2.3,-1.7,682000,4.28,,,1.63,
2022-03-01,34,New Jersey,NJ,4.3,-2.9,4222300,6.59,,,2.81,
2022-03-01,35,New Mexico,NM,4.7,-3.3,842000,5.28,,,2.36,
2022-03-01,36,New York,NY,4.6,-3.5,9432500,5.86,,,1.66,
2022-03-01,37,North Carolina,NC,3.5,-2,4766000,4.62,,,3.22,
2022-03-01,38,North Dakota,ND,2.1,-1.6,425100,2.9,,,-0.76,
2022-03-01,39,Ohio,OH,3.9,-2.1,5504700,2.93,,,0.69,
2022-03-01,40,Oklahoma,OK,2.9,-1.9,1685000,2.8,,,-0.1,
2022-03-01,41,Oregon,OR,3.7,-2.4,1935000,4.44,,,2.29,
2022-03-01,42,Pennsylvania,PA,4.2,-2.6,5947400,4.42,,,1.81,
2022-03-01,44,Rhode Island,RI,3.2,-3.1,493700,4.07,,,2.43,
2022-03-01,45,South Carolina,SC,3.2,-1.1,2220500,4,,,3.56,
2022-03-01,46,South Dakota,SD,1.8,-1,450400,3.37,,,-0.46,
2022-03-01,47,Tennessee,TN,3.3,-1.8,3217600,4.56,,,3.55,
2022-03-01,48,Texas,TX,3.9,-2.5,13277300,6.24,,,3.92,
2022-03-01,49,Utah,UT,2.3,-0.8,1665300,4.65,,,3.32,
2022-03-01,50,Vermont,VT,2.3,-2.1,302300,4.6,,,3.06,
2022-03-01,51,Virginia,VA,2.6,-1.9,4034600,3.14,,,2.65,
2022-03-01,53,Washington,WA,3.9,-2,3499500,5.8,,,2.23,
2022-03-01,54,West Virginia,WV,3.8,-2.1,696100,2.84,,,1.88,
2022-03-01,55,Wisconsin,WI,2.9,-1.4,2957800,3.03,,,1.56,
2022-03-01,56,Wyoming,WY,3.4,-1.8,283300,2.53,,,1.87,
2022-02-01,01,Alabama,AL,2.6,-1.3,2093500,3.28,,,2.07,
2022-02-01,02,Alaska,AK,4.9,-2.1,316800,2.86,,,-1.34,
2022-02-01,04,Arizona,AZ,3.6,-2.6,3068300,5.62,,,3.85,
2022-02-01,05,Arkansas,AR,3.2,-1.6,1313400,4.16,,,1.53,
2022-02-01,10,Delaware,DE,4.4,-1.5,465200,4.7,,,3.34,
2022-02-01,11,District of Columbia,DC,5.5,-1.5,755500,4.84,,,0.99,
2022-02-01,12,Florida,FL,3.3,-2.2,9280000,6.52,,,5.93,
2022-02-01,13,Georgia,GA,3.1,-1.5,4748000,5.37,,,3.52,
2022-02-01,15,Hawaii,HI,3.2,-5.9,607800,9.12,,,2.94,
2022-02-01,16,Idaho,ID,2.8,-1.3,820500,4.9,,,4.42,
2022-02-01,17,Illinois,IL,4.7,-2.3,5973200,4.45,,,2.41,
2022-02-01,18,Indiana,IN,2.9,-1.6,3160900,3.86,,,3.14,
2022-02-01,19,Iowa,IA,2.7,-1.5,1566100,2.97,,,0.22,
2022-02-01,20,Kansas,KS,2.5,-1.3,1405100,3.45,,,2.71,
2022-02-01,21,Kentucky,KY,4,-0.6,1944400,3.92,,,2.15,
2022-02-01,22,Louisiana,LA,3.8,-3,1915700,3.6,,,-0.41,
2022-02-01,23,Maine,ME,3.3,-1.5,632900,2.74,,,2.66,
2022-02-01,24,Maryland,MD,3.3,-2.9,2723700,3.98,,,2.32,
2022-02-01,25,Massachusetts,MA,3.7,-2.7,3643200,5.43,,,2.04,
2022-02-01,26,Michigan,MI,4.3,-1.9,4326000,4.56,,,2.52,
2022-02-01,27,Minnesota,MN,2.5,-1.8,2911800,3.48,,,1.79,
2022-02-01,28,Mississippi,MS,3.9,-2.4,1162400,3.6,,,0.76,
2022-02-01,29,Missouri,MO,2.7,-2.1,2902700,3.73,,,2.43,
2022-02-01,30,Montana,MT,2.6,-1.3,505300,4.7,,,3.55,
2022-02-01,31,Nebraska,NE,2,-0.9,1021800,2.6,,,3.34,
2022-02-01,32,Nevada,NV,5.2,-3.3,1460700,11.67,,,4.38,
2022-02-01,33,New Hampshire,NH,2.3,-1.9,679200,4.52,,,1.63,
2022-02-01,34,New Jersey,NJ,4.7,-2.6,4209500,6.81,,,2.81,
2022-02-01,35,New Mexico,NM,5,-3.2,839200,6.09,,,2.36,
2022-02-01,36,New York,NY,4.8,-3.6,9407000,6.3,,,1.66,
2022-02-01,37,North Carolina,NC,3.6,-2,4745600,4.77,,,3.22,
2022-02-01,38,North Dakota,ND,2.2,-1.7,423700,3.04,,,-0.76,
2022-02-01,39,Ohio,OH,3.9,-2.2,5494600,3.08,,,0.69,
2022-02-01,40,Oklahoma,OK,2.9,-2,1683400,3.87,,,-0.1,
2022-02-01,41,Oregon,OR,3.8,-2.4,1927100,5.46,,,2.29,
2022-02-01,42,Pennsylvania,PA,4.2,-2.9,5928400,4.86,,,1.81,
2022-02-01,44,Rhode Island,RI,3.3,-3.1,492500,4.52,,,2.43,
2022-02-01,45,South Carolina,SC,3.2,-1.2,2222700,4.43,,,3.56,
2022-02-01,46,South Dakota,SD,1.9,-0.9,449000,3.58,,,-0.46,
2022-02-01,47,Tennessee,TN,3.4,-1.8,3212600,4.84,,,3.55,
2022-02-01,48,Texas,TX,4.1,-2.5,13224800,7.03,,,3.92,
2022-02-01,49,Utah,UT,2.2,-1.1,1659700,4.68,,,3.32,
2022-02-01,50,Vermont,VT,2.4,-2.1,301100,4.69,,,3.06,
2022-02-01,51,Virginia,VA,2.6,-2.1,4031500,3.42,,,2.65,
2022-02-01,53,Washington,WA,3.9,-2.3,3490100,6.29,,,2.23,
2022-02-01,54,West Virginia,WV,3.9,-2.1,695700,3.65,,,1.88,
2022-02-01,55,Wisconsin,WI,2.9,-1.6,2951900,3.25,,,1.56,
2022-02-01,56,Wyoming,WY,3.4,-1.9,282800,2.87,,,1.87,
2022-01-01,01,Alabama,AL,2.6,-1.5,2084400,2.95,238556458,238556458,2.07,88.007
2022-01-01,02,Alaska,AK,5.2,-1.8,317000,2.69,50767108,50767108,-1.34,102.022
2022-01-01,04,Arizona,AZ,3.6,-2.8,3049200,5.39,410228449,410228449,3.85,99.963
2022-01-01,05,Arkansas,AR,3.2,-1.7,1305800,3.09,139560739,139560739,1.53,86.895
2022-01-01,06,California,CA,,,,,3184007836,3184007836,0.95,112.566
2022-01-01,08,Colorado,CO,,,,,418818816,418818816,3.04,102.257
2022-01-01,09,Connecticut,CT,,,,,278975911,278975911,3.39,106.226
2022-01-01,10,Delaware,DE,4.5,-1.2,461800,3.85,77149229,77149229,3.34,97.979
2022-01-01,11,District of Columbia,DC,5.9,-1.4,755000,4.8,144554575,144554575,0.99,112.656
2022-01-01,12,Florida,FL,3.5,-2.3,9214200,6.2,1239883625,1239883625,5.93,102.252
2022-01-01,13,Georgia,GA,3.1,-1.8,4720700,5.01,665678128,665678128,3.52,95.725
2022-01-01,15,Hawaii,HI,3.1,-6.4,605200,9.14,86887810,86887810,2.94,111.094
2022-01-01,16,Idaho,ID,2.8,-1.3,816600,5.02,92903678,92903678,4.42,91.791
2022-01-01,17,Illinois,IL,4.8,-2.4,5957600,4.8,876536000,876536000,2.41,101.24
2022-01-01,18,Indiana,IN,2.9,-1.8,3153200,3.41,399280794,399280794,3.14,91.884
2022-01-01,19,Iowa,IA,2.8,-1.4,1555700,2.19,201580392,201580392,0.22,88.356
2022-01-01,20,Kansas,KS,2.6,-1.5,1401400,2.61,177470140,177470140,2.71,89.676
2022-01-01,21,Kentucky,KY,4,-0.6,1936300,3.34,219755630,219755630,2.15,89.391
2022-01-01,22,Louisiana,LA,3.9,-3.1,1908200,3.15,236854127,236854127,-0.41,90.465
2022-01-01,23,Maine,ME,3.7,-0.7,629400,2.74,73036216,73036216,2.66,100.698
2022-01-01,24,Maryland,MD,3.5,-2.9,2704600,3.24,416406168,416406168,2.32,104.93
2022-01-01,25,Massachusetts,MA,3.8,-3,3623800,5.32,608052888,608052888,2.04,109.435
2022-01-01,26,Michigan,MI,4.4,-2,4307100,5.48,543720854,543720854,2.52,93.609
2022-01-01,27,Minnesota,MN,2.7,-1.8,2895400,3.38,384727672,384727672,1.79,97.465
2022-01-01,28,Mississippi,MS,4,-2.4,1155800,2.63,116557123,116557123,0.76,87.326
2022-01-01,29,Missouri,MO,3,-1.9,2888300,2.76,339652446,339652446,2.43,91.04
2022-01-01,30,Montana,MT,2.6,-1.4,502100,4.04,55193879,55193879,3.55,90.164
2022-01-01,31,Nebraska,NE,2,-0.9,1017600,1.97,139440943,139440943,3.34,89.874
2022-01-01,32,Nevada,NV,5.2,-3.7,1444000,11.18,190463257,190463257,4.38,96.324
2022-01-01,33,New Hampshire,NH,2.4,-1.9,675700,3.79,91416069,91416069,1.63,107.809
2022-01-01,34,New Jersey,NJ,5.2,-2.1,4176600.0000000005,6.25,650235772,650235772,2.81,108.768
2022-01-01,35,New Mexico,NM,5.4,-2.8,835100,6.33,103301550,103301550,2.36,90.911
2022-01-01,36,New York,NY,5.2,-3.4,9349900,5.96,1765102098,1765102098,1.66,107.573
2022-01-01,37,North Carolina,NC,3.7,-2,4704500,4.12,619537198,619537198,3.22,93.998
2022-01-01,38,North Dakota,ND,2.2,-1.9,422600,2.85,55987999,55987999,-0.76,88.721
2022-01-01,39,Ohio,OH,4,-2.1,5476300,2.71,695257898,695257898,0.69,91.513
2022-01-01,40,Oklahoma,OK,2.9,-2.1,1677900,2.84,193940473,193940473,-0.1,88.791
2022-01-01,41,Oregon,OR,3.9,-2.4,1919600,5.65,256062724,256062724,2.29,106.595
2022-01-01,42,Pennsylvania,PA,4.3,-3,5892000,4.51,779360594,779360594,1.81,96.166
2022-01-01,44,Rhode Island,RI,3.5,-3.1,488300,4.27,62279352,62279352,2.43,104.396
2022-01-01,45,South Carolina,SC,3.3,-1.3,2203600,3.56,254504495,254504495,3.56,93.328
2022-01-01,46,South Dakota,SD,1.9,-1,447700,3.18,55259849,55259849,-0.46,87.879
2022-01-01,47,Tennessee,TN,3.4,-2,3188800,4.21,414470829,414470829,3.55,91.797
2022-01-01,48,Texas,TX,4.3,-2.4,13139300,6.02,1952708571,1952708571,3.92,97.447
2022-01-01,49,Utah,UT,2.2,-1.2,1651700,4.49,217442488,217442488,3.32,94.572
2022-01-01,50,Vermont,VT,2.5,-1.9,300200,4.78,34752646,34752646,3.06,100.99
2022-01-01,51,Virginia,VA,2.7,-2.1,4004600,2.67,580475243,580475243,2.65,102.051
2022-01-01,53,Washington,WA,4,-2.4,3459600,6.06,644075101,644075101,2.23,110.025
2022-01-01,54,West Virginia,WV,3.9,-2.3,692600,3.59,77187997,77187997,1.88,89.156
2022-01-01,55,Wisconsin,WI,3,-1.6,2939600,2.64,339747864,339747864,1.56,92.416
2022-01-01,56,Wyoming,WY,3.5,-1.8,281900,3,37827244,37827244,1.87,91.761
2022-01-01,91,New England,,,,,,1148442209,1148442209,2.42,
2022-01-01,92,Mideast,,,,,,3833059452,3833059452,1.97,
2022-01-01,93,Great Lakes,,,,,,2854331026,2854331026,2,
2022-01-01,94,Plains,,,,,,1354128628,1354128628,1.78,
2022-01-01,95,Southeast,,,,,,4802786205,4802786205,3.48,
2022-01-01,96,Southwest,,,,,,2660434410,2660434410,3.54,
2022-01-01,97,Rocky Mountain,,,,,,822215229,822215229,3.25,
2022-01-01,98,Far West,,,,,,4411936147,4411936147,1.37,
2021-12-01,01,Alabama,AL,2.7,-1.8,2082600,2.92,,,5.15,
2021-12-01,02,Alaska,AK,5.4,-1.7,317000,2.76,,,2.23,
2021-12-01,04,Arizona,AZ,3.7,-2.8,3048000,5.4,,,8.22,
2021-12-01,05,Arkansas,AR,3.2,-1.8,1304200,3.72,,,7.11,
2021-12-01,10,Delaware,DE,4.6,-1,462200,3.91,,,2.97,
2021-12-01,11,District of Columbia,DC,6.1,-1.7,758200,4.88,,,4,
2021-12-01,12,Florida,FL,3.6,-2.6,9208700,6.73,,,9.42,
2021-12-01,13,Georgia,GA,3.2,-1.9,4714600,4.93,,,6.33,
2021-12-01,15,Hawaii,HI,3.1,-7.1,605600,9.89,,,5.72,
2021-12-01,16,Idaho,ID,2.9,-1.3,813200,4.96,,,7.56,
2021-12-01,17,Illinois,IL,4.8,-2.8,5954100,5.27,,,5.64,
2021-12-01,18,Indiana,IN,3,-2,3146700,3.62,,,7.6,
2021-12-01,19,Iowa,IA,2.9,-1.3,1557400,2.55,,,7.95,
2021-12-01,20,Kansas,KS,2.6,-1.8,1396600,2.55,,,2.81,
2021-12-01,21,Kentucky,KY,4.1,-0.6,1939600,4.57,,,4.41,
2021-12-01,22,Louisiana,LA,4,-3.4,1912700,3.39,,,3.88,
2021-12-01,23,Maine,ME,3.9,-0.3,628800,3.1,,,5.54,
2021-12-01,24,Maryland,MD,3.5,-3.1,2726100,4.24,,,4.67,
2021-12-01,25,Massachusetts,MA,3.9,-3.5,3620100,5.59,,,6.46,
2021-12-01,26,Michigan,MI,4.5,-2.4,4306900,6.35,,,5.68,
2021-12-01,27,Minnesota,MN,2.8,-2,2905500,5.35,,,5.73,
2021-12-01,28,Mississippi,MS,4.1,-2.4,1156300,2.49,,,4.85,
2021-12-01,29,Missouri,MO,3.1,-1.9,2890200,3.2,,,5.15,
2021-12-01,30,Montana,MT,2.7,-1.5,503000,4.73,,,6.65,
2021-12-01,31,Nebraska,NE,2.1,-0.9,1019300,2.29,,,6.47,
2021-12-01,32,Nevada,NV,5.3,-4.3,1443100,11.54,,,9.87,
2021-12-01,33,New Hampshire,NH,2.5,-2.1,674000,4.77,,,8.17,
2021-12-01,34,New Jersey,NJ,5.5,-1.8,4174399.9999999995,6.76,,,5.9,
2021-12-01,35,New Mexico,NM,5.6,-2.8,836800,6.88,,,3.38,
2021-12-01,36,New York,NY,5.4,-3.3,9363600,6.06,,,4.79,
2021-12-01,37,North Carolina,NC,3.8,-2,4712800,4.29,,,6.33,
2021-12-01,38,North Dakota,ND,2.3,-2.1,422900,3.47,,,1.02,
2021-12-01,39,Ohio,OH,4.1,-2.2,5471700,2.97,,,5.38,
2021-12-01,40,Oklahoma,OK,2.9,-2.3,1676200,2.78,,,1.34,
2021-12-01,41,Oregon,OR,3.9,-2.6,1918700,5.6,,,5.43,
2021-12-01,42,Pennsylvania,PA,4.4,-3.2,5892700,5.1,,,3.96,
2021-12-01,44,Rhode Island,RI,3.8,-3.2,489700,5.54,,,4.42,
2021-12-01,45,South Carolina,SC,3.3,-1.6,2201900,3.6,,,5.18,
2021-12-01,46,South Dakota,SD,2,-1,446600,3.28,,,5.2,
2021-12-01,47,Tennessee,TN,3.5,-2.1,3175900,3.21,,,8.8,
2021-12-01,48,Texas,TX,4.4,-2.5,13143600,6.33,,,5.95,
2021-12-01,49,Utah,UT,2.2,-1.4,1645500,4.62,,,8.06,
2021-12-01,50,Vermont,VT,2.6,-1.7,299800,5.05,,,4.56,
2021-12-01,51,Virginia,VA,2.8,-2.2,4018000,3.26,,,5.79,
2021-12-01,53,Washington,WA,4,-2.7,3466100,6.36,,,6.94,
2021-12-01,54,West Virginia,WV,4,-2.4,693500,3.34,,,1.62,
2021-12-01,55,Wisconsin,WI,3,-1.8,2932500,2.87,,,3.73,
2021-12-01,56,Wyoming,WY,3.6,-1.8,282100,2.51,,,2.58,
2021-11-01,01,Alabama,AL,2.7,-2.1,2077699.9999999998,3.03,,,5.15,
2021-11-01,02,Alaska,AK,5.4,-1.6,316500,2.53,,,2.23,
2021-11-01,04,Arizona,AZ,3.8,-2.9,3031000,5.2,,,8.22,
2021-11-01,05,Arkansas,AR,3.2,-1.9,1300600,3.11,,,7.11,
2021-11-01,10,Delaware,DE,4.8,-0.6,459300,3.31,,,2.97,
2021-11-01,11,District of Columbia,DC,6.3,-1.7,754900,4.15,,,4,
2021-11-01,12,Florida,FL,3.8,-2.7,9179800,6.82,,,9.42,
2021-11-01,13,Georgia,GA,3.3,-2,4702900,5.32,,,6.33,
2021-11-01,15,Hawaii,HI,3.2,-7.3,604000,11.21,,,5.72,
2021-11-01,16,Idaho,ID,3,-1.2,809300,5.05,,,7.56,
2021-11-01,17,Illinois,IL,4.9,-2.9,5918600,4.51,,,5.64,
2021-11-01,18,Indiana,IN,3.1,-2.1,3135400,3.36,,,7.6,
2021-11-01,19,Iowa,IA,3.1,-1.1,1549800,2.43,,,7.95,
2021-11-01,20,Kansas,KS,2.8,-1.8,1393800,2.6,,,2.81,
2021-11-01,21,Kentucky,KY,4.2,-0.6,1932400,4.07,,,4.41,
2021-11-01,22,Louisiana,LA,4.2,-3.4,1905200,3.23,,,3.88,
2021-11-01,23,Maine,ME,4.2,0.3,629100,2.93,,,5.54,
2021-11-01,24,Maryland,MD,3.9,-2.7,2710000,3.9,,,4.67,
2021-11-01,25,Massachusetts,MA,4.1,-3.7,3607300,5.14,,,6.46,
2021-11-01,26,Michigan,MI,4.8,-2.3,4296300,4.41,,,5.68,
2021-11-01,27,Minnesota,MN,3,-2.1,2896000,3.32,,,5.73,
2021-11-01,28,Mississippi,MS,4.3,-2.3,1153800,2.41,,,4.85,
2021-11-01,29,Missouri,MO,3.3,-1.8,2882000,3.02,,,5.15,
2021-11-01,30,Montana,MT,2.8,-1.5,500600,4.47,,,6.65,
2021-11-01,31,Nebraska,NE,2.2,-0.8,1015600,2.2,,,6.47,
2021-11-01,32,Nevada,NV,5.4,-4.8,1435100,10.89,,,9.87,
2021-11-01,33,New Hampshire,NH,2.6,-2.3,674300,3.83,,,8.17,
2021-11-01,34,New Jersey,NJ,5.6,-1.6,4154200,6.35,,,5.9,
2021-11-01,35,New Mexico,NM,5.8,-2.6,835900,5.38,,,3.38,
2021-11-01,36,New York,NY,5.6,-3.3,9317100,5.19,,,4.79,
2021-11-01,37,North Carolina,NC,4.1,-1.8,4695600,4.56,,,6.33,
2021-11-01,38,North Dakota,ND,2.4,-2.1,421900,3.33,,,1.02,
2021-11-01,39,Ohio,OH,4.3,-2.1,5463400,2.88,,,5.38,
2021-11-01,40,Oklahoma,OK,3,-2.3,1670600,2.63,,,1.34,
2021-11-01,41,Oregon,OR,4,-2.6,1913100,4.06,,,5.43,
2021-11-01,42,Pennsylvania,PA,4.7,-3.1,5871400,3.95,,,3.96,
2021-11-01,44,Rhode Island,RI,4.2,-2.8,488600,3.89,,,4.42,
2021-11-01,45,South Carolina,SC,3.4,-1.7,2194200,3.67,,,5.18,
2021-11-01,46,South Dakota,SD,2.1,-1,445200,3.01,,,5.2,
2021-11-01,47,Tennessee,TN,3.6,-2.3,3160300,3.29,,,8.8,
2021-11-01,48,Texas,TX,4.6,-2.4,13067700,6.13,,,5.95,
2021-11-01,49,Utah,UT,2.3,-1.5,1639200,4.55,,,8.06,
2021-11-01,50,Vermont,VT,2.7,-1.5,299400,3.6,,,4.56,
2021-11-01,51,Virginia,VA,2.9,-2.4,4006600,3.19,,,5.79,
2021-11-01,53,Washington,WA,4.2,-2.7,3457600,5.49,,,6.94,
2021-11-01,54,West Virginia,WV,4.1,-2.5,691200,2.96,,,1.62,
2021-11-01,55,Wisconsin,WI,3.1,-1.9,2924600,2.85,,,3.73,
2021-11-01,56,Wyoming,WY,3.7,-1.8,281400,2.96,,,2.58,
2021-10-01,01,Alabama,AL,2.9,-2.3,2071100,2.9,,,5.15,
2021-10-01,02,Alaska,AK,5.7,-1.5,314000,2.72,,,2.23,
2021-10-01,04,Arizona,AZ,4,-3,3024800,5.6,,,8.22,
2021-10-01,05,Arkansas,AR,3.3,-2.1,1297500,3.3,,,7.11,
2021-10-01,10,Delaware,DE,4.9,-0.3,456900,2.88,,,2.97,
2021-10-01,11,District of Columbia,DC,6.5,-1.8,752600,3.81,,,4,
2021-10-01,12,Florida,FL,4,-2.9,9135400,6.79,,,9.42,
2021-10-01,13,Georgia,GA,3.4,-2.2,4688900,5.53,,,6.33,
2021-10-01,15,Hawaii,HI,3.3,-8,602400,13.42,,,5.72,
2021-10-01,16,Idaho,ID,3.2,-1.2,806100,5.18,,,7.56,
2021-10-01,17,Illinois,IL,5.2,-3,5900000,3.61,,,5.64,
2021-10-01,18,Indiana,IN,3.3,-2.3,3121900,2.96,,,7.6,
2021-10-01,19,Iowa,IA,3.3,-0.9,1551200,2.39,,,7.95,
2021-10-01,20,Kansas,KS,2.9,-2,1390200,2.36,,,2.81,
2021-10-01,21,Kentucky,KY,4.3,-0.5,1927700,3.86,,,4.41,
2021-10-01,22,Louisiana,LA,4.5,-3.5,1898900,3.54,,,3.88,
2021-10-01,23,Maine,ME,4.5,0.7,627300,3.21,,,5.54,
2021-10-01,24,Maryland,MD,4.2,-2.5,2700700,3.73,,,4.67,
2021-10-01,25,Massachusetts,MA,4.4,-4,3598600,5.36,,,6.46,
2021-10-01,26,Michigan,MI,5.1,-2.6,4280700,3.99,,,5.68,
2021-10-01,27,Minnesota,MN,3.2,-2.3,2887600,2.93,,,5.73,
2021-10-01,28,Mississippi,MS,4.5,-2.2,1151900,2.68,,,4.85,
2021-10-01,29,Missouri,MO,3.5,-1.9,2873900,3,,,5.15,
2021-10-01,30,Montana,MT,2.9,-1.7,499000,4.44,,,6.65,
2021-10-01,31,Nebraska,NE,2.3,-0.8,1013000,2.08,,,6.47,
2021-10-01,32,Nevada,NV,5.6,-5.5,1424600,10.43,,,9.87,
2021-10-01,33,New Hampshire,NH,2.8,-2.5,673500,3.92,,,8.17,
2021-10-01,34,New Jersey,NJ,6,-1.1,4135300,5.99,,,5.9,
2021-10-01,35,New Mexico,NM,6,-2.4,835200,5.02,,,3.38,
2021-10-01,36,New York,NY,5.9,-3.3,9274900,4.85,,,4.79,
2021-10-01,37,North Carolina,NC,4.3,-1.8,4680000,4.67,,,6.33,
2021-10-01,38,North Dakota,ND,2.5,-2.3,420700,2.36,,,1.02,
2021-10-01,39,Ohio,OH,4.4,-2.3,5446100,2.75,,,5.38,
2021-10-01,40,Oklahoma,OK,3.1,-2.4,1669100,2.68,,,1.34,
2021-10-01,41,Oregon,OR,4.2,-2.6,1907800,4.12,,,5.43,
2021-10-01,42,Pennsylvania,PA,4.9,-3.2,5846900,3.67,,,3.96,
2021-10-01,44,Rhode Island,RI,4.7,-2.3,486900,3.68,,,4.42,
2021-10-01,45,South Carolina,SC,3.5,-1.8,2188100,4,,,5.18,
2021-10-01,46,South Dakota,SD,2.2,-1.1,444100,2.47,,,5.2,
2021-10-01,47,Tennessee,TN,3.7,-2.6,3154900,3.79,,,8.8,
2021-10-01,48,Texas,TX,4.8,-2.3,13012400,6.2,,,5.95,
2021-10-01,49,Utah,UT,2.4,-1.6,1633800,4.63,,,8.06,
2021-10-01,50,Vermont,VT,2.9,-1.4,299400,3.21,,,4.56,
2021-10-01,51,Virginia,VA,3.1,-2.8,3994600,3.08,,,5.79,
2021-10-01,53,Washington,WA,4.4,-2.9,3446400,5.41,,,6.94,
2021-10-01,54,West Virginia,WV,4.3,-2.7,688800,2.79,,,1.62,
2021-10-01,55,Wisconsin,WI,3.2,-2,2921100,2.56,,,3.73,
2021-10-01,56,Wyoming,WY,3.9,-1.7,280400,3.01,,,2.58,
2021-09-01,01,Alabama,AL,3,-2.9,2055100,2.96,,,5.15,
2021-09-01,02,Alaska,AK,5.9,-1.9,311400,5.1,,,2.23,
2021-09-01,04,Arizona,AZ,4.2,-3.3,3002400,5.74,,,8.22,
2021-09-01,05,Arkansas,AR,3.5,-2.4,1284500,2.88,,,7.11,
2021-09-01,10,Delaware,DE,5.1,-2.5,453800,2.58,,,2.97,
2021-09-01,11,District of Columbia,DC,6.6,-2,744600,2.27,,,4,
2021-09-01,12,Florida,FL,4.2,-3.8,9018300,6.42,,,9.42,
2021-09-01,13,Georgia,GA,3.5,-3,4631000,5.21,,,6.33,
2021-09-01,15,Hawaii,HI,3.9,-9.4,598400,16.74,,,5.72,
2021-09-01,16,Idaho,ID,3.3,-1.7,802000,5.46,,,7.56,
2021-09-01,17,Illinois,IL,5.5,-3.6,5835100,3.04,,,5.64,
2021-09-01,18,Indiana,IN,3.5,-3,3082300,2.34,,,7.6,
2021-09-01,19,Iowa,IA,3.5,-1.1,1544000,2.45,,,7.95,
2021-09-01,20,Kansas,KS,3.1,-2.3,1376900,1.71,,,2.81,
2021-09-01,21,Kentucky,KY,4.4,-0.6,1907800,3.31,,,4.41,
2021-09-01,22,Louisiana,LA,4.8,-3.9,1850300,2.16,,,3.88,
2021-09-01,23,Maine,ME,4.6,0.6,623800,3.66,,,5.54,
2021-09-01,24,Maryland,MD,4.6,-2.5,2681600,3.67,,,4.67,
2021-09-01,25,Massachusetts,MA,4.6,-5,3560200,5.25,,,6.46,
2021-09-01,26,Michigan,MI,5.4,-3.5,4224900,3.51,,,5.68,
2021-09-01,27,Minnesota,MN,3.4,-2.8,2850800,2.83,,,5.73,
2021-09-01,28,Mississippi,MS,4.8,-2.3,1142700,2.71,,,4.85,
2021-09-01,29,Missouri,MO,3.7,-2.2,2851000,2.77,,,5.15,
2021-09-01,30,Montana,MT,3.1,-2.1,494800,4.08,,,6.65,
2021-09-01,31,Nebraska,NE,2.4,-1,1007500,1.92,,,6.47,
2021-09-01,32,Nevada,NV,5.8,-6.9,1404200,10.46,,,9.87,
2021-09-01,33,New Hampshire,NH,3.1,-3,666500,3.45,,,8.17,
2021-09-01,34,New Jersey,NJ,6.3,-1.1,4074500,5.28,,,5.9,
2021-09-01,35,New Mexico,NM,6.3,-2.4,825500,4.67,,,3.38,
2021-09-01,36,New York,NY,6.2,-4,9148000,4.21,,,4.79,
2021-09-01,37,North Carolina,NC,4.5,-2.3,4628700,4.4,,,6.33,
2021-09-01,38,North Dakota,ND,2.6,-2.7,419200,2.42,,,1.02,
2021-09-01,39,Ohio,OH,4.7,-2.9,5393400,2.23,,,5.38,
2021-09-01,40,Oklahoma,OK,3.4,-2.5,1655100,2.23,,,1.34,
2021-09-01,41,Oregon,OR,4.4,-3.1,1893200,3.9,,,5.43,
2021-09-01,42,Pennsylvania,PA,5.2,-3.5,5789700,3.29,,,3.96,
2021-09-01,44,Rhode Island,RI,5.1,-4.9,483300,4.25,,,4.42,
2021-09-01,45,South Carolina,SC,3.6,-2.2,2165300,3.67,,,5.18,
2021-09-01,46,South Dakota,SD,2.4,-1.2,443100,3.31,,,5.2,
2021-09-01,47,Tennessee,TN,3.9,-3.2,3128900,4.11,,,8.8,
2021-09-01,48,Texas,TX,5,-2.7,12863400,5.66,,,5.95,
2021-09-01,49,Utah,UT,2.5,-2,1620900,4.93,,,8.06,
2021-09-01,50,Vermont,VT,3.1,-1.8,296900,2.73,,,4.56,
2021-09-01,51,Virginia,VA,3.3,-3.4,3967000,2.82,,,5.79,
2021-09-01,53,Washington,WA,4.7,-3.5,3411000,4.59,,,6.94,
2021-09-01,54,West Virginia,WV,4.5,-3.1,682400,2.66,,,1.62,
2021-09-01,55,Wisconsin,WI,3.4,-2.4,2907200,2.62,,,3.73,
2021-09-01,56,Wyoming,WY,4.1,-1.8,279000,2.65,,,2.58,
2021-08-01,01,Alabama,AL,3.2,-3.1,2055300.0000000002,3.46,,,5.15,
2021-08-01,02,Alaska,AK,6.2,-2.4,309900,6.6,,,2.23,
2021-08-01,04,Arizona,AZ,4.6,-3.3,2990900,6.11,,,8.22,
2021-08-01,05,Arkansas,AR,3.7,-2.7,1286800,3.23,,,7.11,
2021-08-01,10,Delaware,DE,5.4,-2,453400,3.37,,,2.97,
2021-08-01,11,District of Columbia,DC,6.9,-1.6,740200,1.49,,,4,
2021-08-01,12,Florida,FL,4.5,-4.1,8988400,6.86,,,9.42,
2021-08-01,13,Georgia,GA,3.7,-3.1,4624300,5.58,,,6.33,
2021-08-01,15,Hawaii,HI,4.7,-8.3,601300,13.58,,,5.72,
2021-08-01,16,Idaho,ID,3.4,-2,803400,5.99,,,7.56,
2021-08-01,17,Illinois,IL,5.9,-3.8,5826400,3.29,,,5.64,
2021-08-01,18,Indiana,IN,3.7,-3.5,3093800,3.26,,,7.6,
2021-08-01,19,Iowa,IA,3.8,-1.2,1548100,3.48,,,7.95,
2021-08-01,20,Kansas,KS,3.3,-2.5,1388000,2.31,,,2.81,
2021-08-01,21,Kentucky,KY,4.5,-0.7,1913200,4.11,,,4.41,
2021-08-01,22,Louisiana,LA,5.2,-4,1893800,4.57,,,3.88,
2021-08-01,23,Maine,ME,4.9,0.7,623500,6.54,,,5.54,
2021-08-01,24,Maryland,MD,5,-2.2,2680300,4.52,,,4.67,
2021-08-01,25,Massachusetts,MA,5,-5.4,3564300,6.85,,,6.46,
2021-08-01,26,Michigan,MI,5.7,-4.3,4216900,4.43,,,5.68,
2021-08-01,27,Minnesota,MN,3.5,-3.2,2867900,4.22,,,5.73,
2021-08-01,28,Mississippi,MS,5.1,-2.3,1141000,2.98,,,4.85,
2021-08-01,29,Missouri,MO,3.9,-2.5,2857100,3.48,,,5.15,
2021-08-01,30,Montana,MT,3.3,-2.3,493600,5.34,,,6.65,
2021-08-01,31,Nebraska,NE,2.5,-1.3,1011800,2.81,,,6.47,
2021-08-01,32,Nevada,NV,6.2,-7.7,1402000,11.85,,,9.87,
2021-08-01,33,New Hampshire,NH,3.3,-3.4,668600,5.21,,,8.17,
2021-08-01,34,New Jersey,NJ,6.8,-6.5,4057400,7.34,,,5.9,
2021-08-01,35,New Mexico,NM,6.8,-1.8,823900,5.64,,,3.38,
2021-08-01,36,New York,NY,6.8,-4,9085700,5.96,,,4.79,
2021-08-01,37,North Carolina,NC,4.7,-2.7,4631500,5.43,,,6.33,
2021-08-01,38,North Dakota,ND,2.8,-2.8,419100,2.75,,,1.02,
2021-08-01,39,Ohio,OH,4.9,-3.4,5412800,3.52,,,5.38,
2021-08-01,40,Oklahoma,OK,3.7,-2.6,1654100,2.45,,,1.34,
2021-08-01,41,Oregon,OR,4.7,-3.2,1895100,4.58,,,5.43,
2021-08-01,42,Pennsylvania,PA,5.6,-3.7,5794500,4.35,,,3.96,
2021-08-01,44,Rhode Island,RI,5.6,-4.8,482200,5.12,,,4.42,
2021-08-01,45,South Carolina,SC,3.8,-2.4,2164300,4.29,,,5.18,
2021-08-01,46,South Dakota,SD,2.5,-1.4,442600,4.07,,,5.2,
2021-08-01,47,Tennessee,TN,4.2,-3.4,3136100,4.99,,,8.8,
2021-08-01,48,Texas,TX,5.3,-2.7,12815600,5.88,,,5.95,
2021-08-01,49,Utah,UT,2.6,-2.2,1624000,5.74,,,8.06,
2021-08-01,50,Vermont,VT,3.3,-2.1,297800,5.08,,,4.56,
2021-08-01,51,Virginia,VA,3.5,-3.8,3974900,3.87,,,5.79,
2021-08-01,53,Washington,WA,4.9,-4.1,3397000,4.76,,,6.94,
2021-08-01,54,West Virginia,WV,4.8,-3.4,685400,3.57,,,1.62,
2021-08-01,55,Wisconsin,WI,3.5,-2.8,2907700,3.29,,,3.73,
2021-08-01,56,Wyoming,WY,4.3,-1.9,279300,3.44,,,2.58,
2021-07-01,01,Alabama,AL,3.3,-4.2,2052900,4.67,,,5.15,
2021-07-01,02,Alaska,AK,6.4,-4.7,308800,8.05,,,2.23,
2021-07-01,04,Arizona,AZ,4.9,-4.1,2983300,7.05,,,8.22,
2021-07-01,05,Arkansas,AR,3.9,-3.4,1283000,4.12,,,7.11,
2021-07-01,10,Delaware,DE,5.5,-2.1,452900,4.64,,,2.97,
2021-07-01,11,District of Columbia,DC,7.1,-1.6,736600,1.99,,,4,
2021-07-01,12,Florida,FL,4.7,-6.9,8965200,7.09,,,9.42,
2021-07-01,13,Georgia,GA,3.8,-3.9,4626000,6.78,,,6.33,
2021-07-01,15,Hawaii,HI,5.4,-10.2,600800,13.87,,,5.72,
2021-07-01,16,Idaho,ID,3.5,-3.1,800900,6.86,,,7.56,
2021-07-01,17,Illinois,IL,6.2,-5.2,5818000,4.5,,,5.64,
2021-07-01,18,Indiana,IN,3.9,-5,3101700,4.58,,,7.6,
2021-07-01,19,Iowa,IA,4,-2,1545600,3.93,,,7.95,
2021-07-01,20,Kansas,KS,3.5,-3.2,1389700,3.5,,,2.81,
2021-07-01,21,Kentucky,KY,4.6,-1.2,1903200,4.92,,,4.41,
2021-07-01,22,Louisiana,LA,5.6,-4.8,1891200,5.61,,,3.88,
2021-07-01,23,Maine,ME,5,-1.3,623200,8.33,,,5.54,
2021-07-01,24,Maryland,MD,5.3,-2.6,2673200,5.01,,,4.67,
2021-07-01,25,Massachusetts,MA,5.2,-7.3,3557700,8.66,,,6.46,
2021-07-01,26,Michigan,MI,6,-6.5,4203600,5.89,,,5.68,
2021-07-01,27,Minnesota,MN,3.7,-4.1,2868300,5.62,,,5.73,
2021-07-01,28,Mississippi,MS,5.5,-2.8,1143000,4.46,,,4.85,
2021-07-01,29,Missouri,MO,4.1,-3.1,2858300,4.3,,,5.15,
2021-07-01,30,Montana,MT,3.4,-3.3,492500,6.07,,,6.65,
2021-07-01,31,Nebraska,NE,2.6,-2,1011100,3.77,,,6.47,
2021-07-01,32,Nevada,NV,6.5,-10.2,1391800,12.51,,,9.87,
2021-07-01,33,New Hampshire,NH,3.5,-4.8,667100,7.34,,,8.17,
2021-07-01,34,New Jersey,NJ,6.9,-7.5,4050000,9.27,,,5.9,
2021-07-01,35,New Mexico,NM,7.1,-1.9,822400,5.52,,,3.38,
2021-07-01,36,New York,NY,7.1,-5.5,9057300,8.25,,,4.79,
2021-07-01,37,North Carolina,NC,4.9,-3.8,4636900,6.95,,,6.33,
2021-07-01,38,North Dakota,ND,2.9,-3.3,419100,3.53,,,1.02,
2021-07-01,39,Ohio,OH,5.2,-4.6,5405300,4.23,,,5.38,
2021-07-01,40,Oklahoma,OK,4,-3.4,1654100,2.87,,,1.34,
2021-07-01,41,Oregon,OR,5,-4.2,1895600,5.66,,,5.43,
2021-07-01,42,Pennsylvania,PA,5.9,-4.5,5778700,5.12,,,3.96,
2021-07-01,44,Rhode Island,RI,5.9,-6.3,482700,7.67,,,4.42,
2021-07-01,45,South Carolina,SC,3.9,-3.2,2161200,6.01,,,5.18,
2021-07-01,46,South Dakota,SD,2.6,-2.1,442900,5.63,,,5.2,
2021-07-01,47,Tennessee,TN,4.4,-4.6,3126300,5.81,,,8.8,
2021-07-01,48,Texas,TX,5.6,-3.7,12769700,6.47,,,5.95,
2021-07-01,49,Utah,UT,2.7,-3,1622600,6.65,,,8.06,
2021-07-01,50,Vermont,VT,3.5,-3.1,297800,7.24,,,4.56,
2021-07-01,51,Virginia,VA,3.8,-4.5,3964300,5.31,,,5.79,
2021-07-01,53,Washington,WA,5.1,-5.4,3381100,5.32,,,6.94,
2021-07-01,54,West Virginia,WV,5.1,-4.4,685600,4.48,,,1.62,
2021-07-01,55,Wisconsin,WI,3.7,-3.9,2910200,4.75,,,3.73,
2021-07-01,56,Wyoming,WY,4.5,-2.3,278900,4.77,,,2.58,
2021-06-01,01,Alabama,AL,3.5,-5.1,2043200,5.28,,,5.15,
2021-06-01,02,Alaska,AK,6.8,-4.4,306200,7.03,,,2.23,
2021-06-01,04,Arizona,AZ,5.3,-4.5,2963800,5.65,,,8.22,
2021-06-01,05,Arkansas,AR,4.2,-3.7,1280200,4.56,,,7.11,
2021-06-01,10,Delaware,DE,5.8,-7,449100,5.4,,,2.97,
2021-06-01,11,District of Columbia,DC,7.2,-1.4,731200,1.88,,,4,
2021-06-01,12,Florida,FL,4.9,-6.7,8880700,6.58,,,9.42,
2021-06-01,13,Georgia,GA,4,-4.4,4574100,6.24,,,6.33,
2021-06-01,15,Hawaii,HI,6.3,-11,591900,12.46,,,5.72,
2021-06-01,16,Idaho,ID,3.7,-3.8,796500,7.59,,,7.56,
2021-06-01,17,Illinois,IL,6.4,-6.2,5788300,6.12,,,5.64,
2021-06-01,18,Indiana,IN,4.1,-6.2,3071600,5.5,,,7.6,
2021-06-01,19,Iowa,IA,4.2,-2.6,1537000,4.81,,,7.95,
2021-06-01,20,Kansas,KS,3.6,-3.9,1380000,4.29,,,2.81,
2021-06-01,21,Kentucky,KY,4.6,-0.7,1897700,6.37,,,4.41,
2021-06-01,22,Louisiana,LA,6,-5,1882600,5.83,,,3.88,
2021-06-01,23,Maine,ME,5.2,-1.4,619500,9.18,,,5.54,
2021-06-01,24,Maryland,MD,5.6,-2.5,2651900,6.87,,,4.67,
2021-06-01,25,Massachusetts,MA,5.5,-9.2,3511400,10.17,,,6.46,
2021-06-01,26,Michigan,MI,6.2,-8.3,4169399.9999999995,8.13,,,5.68,
2021-06-01,27,Minnesota,MN,3.8,-5.1,2847100,6.51,,,5.73,
2021-06-01,28,Mississippi,MS,5.7,-3.7,1132000,4.47,,,4.85,
2021-06-01,29,Missouri,MO,4.4,-3.6,2834400,5.45,,,5.15,
2021-06-01,30,Montana,MT,3.5,-4.2,491600,7.15,,,6.65,
2021-06-01,31,Nebraska,NE,2.7,-2.6,1006900,4.79,,,6.47,
2021-06-01,32,Nevada,NV,6.9,-12,1372600,14.25,,,9.87,
2021-06-01,33,New Hampshire,NH,3.7,-5.9,659400,8.13,,,8.17,
2021-06-01,34,New Jersey,NJ,7.2,-7.3,4011100,12.15,,,5.9,
2021-06-01,35,New Mexico,NM,7.4,-1.6,810400,4.39,,,3.38,
2021-06-01,36,New York,NY,7.5,-6.1,8997400,9.05,,,4.79,
2021-06-01,37,North Carolina,NC,5.1,-4.7,4601900,7.3,,,6.33,
2021-06-01,38,North Dakota,ND,3.1,-3.4,416400,4.31,,,1.02,
2021-06-01,39,Ohio,OH,5.5,-5.5,5362600,4.46,,,5.38,
2021-06-01,40,Oklahoma,OK,4.3,-3.9,1649100,2.95,,,1.34,
2021-06-01,41,Oregon,OR,5.4,-4.8,1867700,5.86,,,5.43,
2021-06-01,42,Pennsylvania,PA,6.1,-5.2,5740400,6.83,,,3.96,
2021-06-01,44,Rhode Island,RI,6.2,-7.2,480400,9.93,,,4.42,
2021-06-01,45,South Carolina,SC,4,-3.8,2147000,5.63,,,5.18,
2021-06-01,46,South Dakota,SD,2.7,-2.6,440200,6.38,,,5.2,
2021-06-01,47,Tennessee,TN,4.7,-5.5,3095200,5.8,,,8.8,
2021-06-01,48,Texas,TX,5.9,-4.2,12668300,5.66,,,5.95,
2021-06-01,49,Utah,UT,2.8,-3.6,1612600,7.39,,,8.06,
2021-06-01,50,Vermont,VT,3.7,-4,295000,7.94,,,4.56,
2021-06-01,51,Virginia,VA,4,-4.9,3932900,6.03,,,5.79,
2021-06-01,53,Washington,WA,5.3,-6.4,3352800,5.88,,,6.94,
2021-06-01,54,West Virginia,WV,5.4,-5.2,679600,3.14,,,1.62,
2021-06-01,55,Wisconsin,WI,3.9,-4.8,2894900,5.75,,,3.73,
2021-06-01,56,Wyoming,WY,4.7,-2.6,278700,5.57,,,2.58,
2021-05-01,01,Alabama,AL,3.5,-6.9,2036400,7.63,,,5.15,
2021-05-01,02,Alaska,AK,6.9,-4.8,306000,7.82,,,2.23,
2021-05-01,04,Arizona,AZ,5.6,-5.6,2943000,7.51,,,8.22,
2021-05-01,05,Arkansas,AR,4.4,-4.5,1275400,6.58,,,7.11,
2021-05-01,10,Delaware,DE,5.8,-7.6,448400,10.61,,,2.97,
2021-05-01,11,District of Columbia,DC,7,-1.8,726500,1.31,,,4,
2021-05-01,12,Florida,FL,5,-9.1,8835100,9.8,,,9.42,
2021-05-01,13,Georgia,GA,4.1,-5.7,4554800,8.56,,,6.33,
2021-05-01,15,Hawaii,HI,6.9,-13.8,584200,14.98,,,5.72,
2021-05-01,16,Idaho,ID,3.8,-5.3,793100,10.29,,,7.56,
2021-05-01,17,Illinois,IL,6.6,-8.1,5769100,8.06,,,5.64,
2021-05-01,18,Indiana,IN,4.2,-8.3,3059700,9.4,,,7.6,
2021-05-01,19,Iowa,IA,4.3,-4.2,1533300,7.58,,,7.95,
2021-05-01,20,Kansas,KS,3.6,-5.6,1376900,5.89,,,2.81,
2021-05-01,21,Kentucky,KY,4.6,-8.2,1894600,11.8,,,4.41,
2021-05-01,22,Louisiana,LA,6.2,-6.1,1877200,8.27,,,3.88,
2021-05-01,23,Maine,ME,5.1,-4.4,620900,11.25,,,5.54,
2021-05-01,24,Maryland,MD,5.7,-3.1,2650800,9.25,,,4.67,
2021-05-01,25,Massachusetts,MA,5.6,-8.7,3504300,12.65,,,6.46,
2021-05-01,26,Michigan,MI,6.1,-13.2,4151700,17.81,,,5.68,
2021-05-01,27,Minnesota,MN,3.9,-7.2,2843600,9.37,,,5.73,
2021-05-01,28,Mississippi,MS,5.9,-5.3,1130800,7.98,,,4.85,
2021-05-01,29,Missouri,MO,4.5,-5.1,2823900,7.7,,,5.15,
2021-05-01,30,Montana,MT,3.6,-5.6,489900,9.04,,,6.65,
2021-05-01,31,Nebraska,NE,2.8,-3.6,1003900,6.37,,,6.47,
2021-05-01,32,Nevada,NV,7.2,-17.5,1355800,22.48,,,9.87,
2021-05-01,33,New Hampshire,NH,3.8,-8,659500,11.95,,,8.17,
2021-05-01,34,New Jersey,NJ,7,-8.4,3995200,13.64,,,5.9,
2021-05-01,35,New Mexico,NM,7.5,-1.8,808700,6.69,,,3.38,
2021-05-01,36,New York,NY,7.5,-9.2,8970700,11.99,,,4.79,
2021-05-01,37,North Carolina,NC,5.2,-6.4,4588500,10.49,,,6.33,
2021-05-01,38,North Dakota,ND,3.3,-4,415100,4.88,,,1.02,
2021-05-01,39,Ohio,OH,5.7,-7.1,5349600,9.11,,,5.38,
2021-05-01,40,Oklahoma,OK,4.5,-5.3,1641600,4.81,,,1.34,
2021-05-01,41,Oregon,OR,5.6,-6.2,1862600,9.13,,,5.43,
2021-05-01,42,Pennsylvania,PA,6.3,-6.6,5721800,10.8,,,3.96,
2021-05-01,44,Rhode Island,RI,6.1,-9.3,478700,15.49,,,4.42,
2021-05-01,45,South Carolina,SC,4.1,-5.2,2143400,9.28,,,5.18,
2021-05-01,46,South Dakota,SD,2.7,-3.9,439600,8.65,,,5.2,
2021-05-01,47,Tennessee,TN,4.9,-7.2,3082300,8.45,,,8.8,
2021-05-01,48,Texas,TX,6,-5.7,12600200,7.19,,,5.95,
2021-05-01,49,Utah,UT,2.9,-4.8,1604000,8.8,,,8.06,
2021-05-01,50,Vermont,VT,4,-5.6,294600,12.14,,,4.56,
2021-05-01,51,Virginia,VA,4.2,-5.8,3925800,8.1,,,5.79,
2021-05-01,53,Washington,WA,5.5,-8.1,3341200,8.25,,,6.94,
2021-05-01,54,West Virginia,WV,5.6,-6.9,678400,9.01,,,1.62,
2021-05-01,55,Wisconsin,WI,4.1,-6.4,2888500,8.95,,,3.73,
2021-05-01,56,Wyoming,WY,4.9,-3.8,278100,5.82,,,2.58,
2021-04-01,01,Alabama,AL,3.7,-10.1,2031100,10.18,,,5.15,
2021-04-01,02,Alaska,AK,7.1,-4.5,309400,9.14,,,2.23,
2021-04-01,04,Arizona,AZ,5.8,-8,2927600,10.35,,,8.22,
2021-04-01,05,Arkansas,AR,4.6,-5.5,1273200,9.1,,,7.11,
2021-04-01,10,Delaware,DE,5.9,-7.2,448000,12.34,,,2.97,
2021-04-01,11,District of Columbia,DC,7,-4.3,724000,0.28,,,4,
2021-04-01,12,Florida,FL,5.2,-8.1,8774700,12.38,,,9.42,
2021-04-01,13,Georgia,GA,4.3,-8.2,4529200,11.38,,,6.33,
2021-04-01,15,Hawaii,HI,7.8,-14.7,577500,13.48,,,5.72,
2021-04-01,16,Idaho,ID,3.9,-7.9,790500,13.86,,,7.56,
2021-04-01,17,Illinois,IL,6.7,-11.6,5762900,8.28,,,5.64,
2021-04-01,18,Indiana,IN,4.3,-12.6,3051100,14.26,,,7.6,
2021-04-01,19,Iowa,IA,4.4,-6.6,1531500,8.42,,,7.95,
2021-04-01,20,Kansas,KS,3.7,-8.4,1372000,8,,,2.81,
2021-04-01,21,Kentucky,KY,4.6,-12.1,1887300,13.42,,,4.41,
2021-04-01,22,Louisiana,LA,6.4,-7.1,1867700,9.44,,,3.88,
2021-04-01,23,Maine,ME,5.2,-4.1,620600,14.08,,,5.54,
2021-04-01,24,Maryland,MD,5.9,-3.1,2644300,10.08,,,4.67,
2021-04-01,25,Massachusetts,MA,5.9,-11.9,3489200,14.15,,,6.46,
2021-04-01,26,Michigan,MI,6.2,-16.5,4139200,21.97,,,5.68,
2021-04-01,27,Minnesota,MN,4,-4.9,2841300,10.19,,,5.73,
2021-04-01,28,Mississippi,MS,6.1,-9.5,1126400,11.27,,,4.85,
2021-04-01,29,Missouri,MO,4.7,-6.9,2820700,9.77,,,5.15,
2021-04-01,30,Montana,MT,3.7,-8.2,488200,14.79,,,6.65,
2021-04-01,31,Nebraska,NE,2.9,-5.3,1003100,7.4,,,6.47,
2021-04-01,32,Nevada,NV,7.6,-22.9,1339600,20.24,,,9.87,
2021-04-01,33,New Hampshire,NH,3.9,-12.1,657200,14.94,,,8.17,
2021-04-01,34,New Jersey,NJ,7.2,-7.8,3983700,13.77,,,5.9,
2021-04-01,35,New Mexico,NM,7.9,-1.1,803300,5.96,,,3.38,
2021-04-01,36,New York,NY,7.9,-7.8,8947100,13.94,,,4.79,
2021-04-01,37,North Carolina,NC,5.3,-8.9,4567600,12.05,,,6.33,
2021-04-01,38,North Dakota,ND,3.5,-5.2,415900,7.63,,,1.02,
2021-04-01,39,Ohio,OH,5.9,-10.6,5338400,12.94,,,5.38,
2021-04-01,40,Oklahoma,OK,4.7,-7.8,1638100,6.8,,,1.34,
2021-04-01,41,Oregon,OR,6,-7.7,1859500,10.23,,,5.43,
2021-04-01,42,Pennsylvania,PA,6.5,-9.6,5702900,14.94,,,3.96,
2021-04-01,44,Rhode Island,RI,6.3,-11.6,475700,19.07,,,4.42,
2021-04-01,45,South Carolina,SC,4.2,-7.5,2136300,12.78,,,5.18,
2021-04-01,46,South Dakota,SD,2.8,-6,438300,9.96,,,5.2,
2021-04-01,47,Tennessee,TN,5,-10.7,3066100,10.22,,,8.8,
2021-04-01,48,Texas,TX,6.2,-6.6,12537100,8.91,,,5.95,
2021-04-01,49,Utah,UT,3,-7,1599000,11.94,,,8.06,
2021-04-01,50,Vermont,VT,4.3,-9.8,293700,18,,,4.56,
2021-04-01,51,Virginia,VA,4.4,-7.5,3914000,8.39,,,5.79,
2021-04-01,53,Washington,WA,5.7,-11.4,3329600,7.51,,,6.94,
2021-04-01,54,West Virginia,WV,5.8,-10,676600,10.86,,,1.62,
2021-04-01,55,Wisconsin,WI,4.2,-9.9,2883500,11.19,,,3.73,
2021-04-01,56,Wyoming,WY,5.1,0,276600,5.09,,,2.58,
2021-03-01,01,Alabama,AL,3.7,,2032600,,,,5.15,
2021-03-01,02,Alaska,AK,7,,309100,,,,2.23,
2021-03-01,04,Arizona,AZ,6,,2923600,,,,8.22,
2021-03-01,05,Arkansas,AR,4.7,,1274000,,,,7.11,
2021-03-01,10,Delaware,DE,5.9,,446500,,,,2.97,
2021-03-01,11,District of Columbia,DC,7,,721800,,,,4,
2021-03-01,12,Florida,FL,5.4,,8763300,,,,9.42,
2021-03-01,13,Georgia,GA,4.5,,4526700,,,,6.33,
2021-03-01,15,Hawaii,HI,8.4,,564600,,,,5.72,
2021-03-01,16,Idaho,ID,4,,786700,,,,7.56,
2021-03-01,17,Illinois,IL,6.8,,5754100,,,,5.64,
2021-03-01,18,Indiana,IN,4.4,,3056800,,,,7.6,
2021-03-01,19,Iowa,IA,4.3,,1528100,,,,7.95,
2021-03-01,20,Kansas,KS,3.7,,1371300,,,,2.81,
2021-03-01,21,Kentucky,KY,4.6,,1886900,,,,4.41,
2021-03-01,22,Louisiana,LA,6.6,,1863500,,,,3.88,
2021-03-01,23,Maine,ME,5,,619400,,,,5.54,
2021-03-01,24,Maryland,MD,6.1,,2639400,,,,4.67,
2021-03-01,25,Massachusetts,MA,6.1,,3471100,,,,6.46,
2021-03-01,26,Michigan,MI,6.1,,4158500,,,,5.68,
2021-03-01,27,Minnesota,MN,4.1,,2834600,,,,5.73,
2021-03-01,28,Mississippi,MS,6.2,,1128100,,,,4.85,
2021-03-01,29,Missouri,MO,4.8,,2821600,,,,5.15,
2021-03-01,30,Montana,MT,3.8,,487000,,,,6.65,
2021-03-01,31,Nebraska,NE,2.9,,1000800,,,,6.47,
2021-03-01,32,Nevada,NV,8,,1320500,,,,9.87,
2021-03-01,33,New Hampshire,NH,4,,654000,,,,8.17,
2021-03-01,34,New Jersey,NJ,7.2,,3961400,,,,5.9,
2021-03-01,35,New Mexico,NM,8,,799800,,,,3.38,
2021-03-01,36,New York,NY,8.1,,8910700,,,,4.79,
2021-03-01,37,North Carolina,NC,5.5,,4555400,,,,6.33,
2021-03-01,38,North Dakota,ND,3.7,,413100,,,,1.02,
2021-03-01,39,Ohio,OH,6,,5347800,,,,5.38,
2021-03-01,40,Oklahoma,OK,4.8,,1639100,,,,1.34,
2021-03-01,41,Oregon,OR,6.1,,1852700,,,,5.43,
2021-03-01,42,Pennsylvania,PA,6.8,,5695800,,,,3.96,
2021-03-01,44,Rhode Island,RI,6.3,,474400,,,,4.42,
2021-03-01,45,South Carolina,SC,4.3,,2135000,,,,5.18,
2021-03-01,46,South Dakota,SD,2.8,,435700,,,,5.2,
2021-03-01,47,Tennessee,TN,5.1,,3077300,,,,8.8,
2021-03-01,48,Texas,TX,6.4,,12497400,,,,5.95,
2021-03-01,49,Utah,UT,3.1,,1591300,,,,8.06,
2021-03-01,50,Vermont,VT,4.4,,289000,,,,4.56,
2021-03-01,51,Virginia,VA,4.5,,3911900,,,,5.79,
2021-03-01,53,Washington,WA,5.9,,3307600,,,,6.94,
2021-03-01,54,West Virginia,WV,5.9,,676900,,,,1.62,
2021-03-01,55,Wisconsin,WI,4.3,,2870900,,,,3.73,
2021-03-01,56,Wyoming,WY,5.2,,276300,,,,2.58,
2021-02-01,01,Alabama,AL,3.9,0.6,2027000,-2.91,,,5.15,
2021-02-01,02,Alaska,AK,7,1.6,308000,-6.5,,,2.23,
2021-02-01,04,Arizona,AZ,6.2,1.4,2905100,-2.99,,,8.22,
2021-02-01,05,Arkansas,AR,4.8,1.2,1261000,-2.54,,,7.11,
2021-02-01,10,Delaware,DE,5.9,2.3,444300,-4.88,,,2.97,
2021-02-01,11,District of Columbia,DC,7,1.3,720600,-10.53,,,4,
2021-02-01,12,Florida,FL,5.5,2.5,8712200,-4.12,,,9.42,
2021-02-01,13,Georgia,GA,4.6,1,4506100,-3.62,,,6.33,
2021-02-01,15,Hawaii,HI,9.1,6.9,557000,-15.94,,,5.72,
2021-02-01,16,Idaho,ID,4.1,1.3,782200,1.15,,,7.56,
2021-02-01,17,Illinois,IL,7,3.2,5718700,-6.83,,,5.64,
2021-02-01,18,Indiana,IN,4.5,1,3043400,-3.85,,,7.6,
2021-02-01,19,Iowa,IA,4.2,1.5,1520900,-4.24,,,7.95,
2021-02-01,20,Kansas,KS,3.8,0.7,1358200,-4.89,,,2.81,
2021-02-01,21,Kentucky,KY,4.6,0.5,1871000,-4.26,,,4.41,
2021-02-01,22,Louisiana,LA,6.8,2.1,1849200,-7.21,,,3.88,
2021-02-01,23,Maine,ME,4.8,1.6,616000,-3.48,,,5.54,
2021-02-01,24,Maryland,MD,6.2,2.8,2619500,-6.28,,,4.67,
2021-02-01,25,Massachusetts,MA,6.4,3.3,3455700,-7.74,,,6.46,
2021-02-01,26,Michigan,MI,6.2,2.4,4137399.9999999995,-7,,,5.68,
2021-02-01,27,Minnesota,MN,4.3,0.8,2814000,-6.04,,,5.73,
2021-02-01,28,Mississippi,MS,6.3,0.6,1122000,-3.36,,,4.85,
2021-02-01,29,Missouri,MO,4.8,1.4,2798200,-4.4,,,5.15,
2021-02-01,30,Montana,MT,3.9,0.4,482600,-1.09,,,6.65,
2021-02-01,31,Nebraska,NE,2.9,-0.1,995900,-3.47,,,6.47,
2021-02-01,32,Nevada,NV,8.5,4.1,1308000,-9.37,,,9.87,
2021-02-01,33,New Hampshire,NH,4.2,1.6,649800,-5.76,,,8.17,
2021-02-01,34,New Jersey,NJ,7.3,3.2,3941100,-6.72,,,5.9,
2021-02-01,35,New Mexico,NM,8.2,2.9,791000,-8.13,,,3.38,
2021-02-01,36,New York,NY,8.4,4.2,8849200,-10.02,,,4.79,
2021-02-01,37,North Carolina,NC,5.6,1.8,4529700,-2.41,,,6.33,
2021-02-01,38,North Dakota,ND,3.9,1.7,411200,-6.65,,,1.02,
2021-02-01,39,Ohio,OH,6.1,1.6,5330500,-4.94,,,5.38,
2021-02-01,40,Oklahoma,OK,4.9,1.7,1620700,-4.82,,,1.34,
2021-02-01,41,Oregon,OR,6.2,2.6,1827300,-7.21,,,5.43,
2021-02-01,42,Pennsylvania,PA,7.1,2.5,5653800,-7.08,,,3.96,
2021-02-01,44,Rhode Island,RI,6.4,2.8,471200,-7.37,,,4.42,
2021-02-01,45,South Carolina,SC,4.4,1.5,2128400,-3.04,,,5.18,
2021-02-01,46,South Dakota,SD,2.8,0.3,433500,-2.19,,,5.2,
2021-02-01,47,Tennessee,TN,5.2,1.7,3064300,-2.94,,,8.8,
2021-02-01,48,Texas,TX,6.6,3,12356200,-4.68,,,5.95,
2021-02-01,49,Utah,UT,3.3,0.8,1585500,0.81,,,8.06,
2021-02-01,50,Vermont,VT,4.5,2.3,287600,-8.87,,,4.56,
2021-02-01,51,Virginia,VA,4.7,1.8,3898000,-4.66,,,5.79,
2021-02-01,53,Washington,WA,6.2,2.4,3283600,-6.53,,,6.94,
2021-02-01,54,West Virginia,WV,6,0.7,671200,-5.82,,,1.62,
2021-02-01,55,Wisconsin,WI,4.5,1.4,2858900,-4.61,,,3.73,
2021-02-01,56,Wyoming,WY,5.3,0.7,274900,-5.14,,,2.58,
2021-01-01,01,Alabama,AL,4.1,0.9,2024600,-3.04,233726620,233726620,5.15,88.072
2021-01-01,02,Alaska,AK,7,1.7,308700,-6.06,51454146,51454146,2.23,104.808
2021-01-01,04,Arizona,AZ,6.4,1.6,2893300,-3.18,395035854,395035854,8.22,96.604
2021-01-01,05,Arkansas,AR,4.9,1.4,1266600,-2.13,137463618,137463618,7.11,88.913
2021-01-01,06,California,CA,,,,,3154188636,3154188636,7.53,111.868
2021-01-01,08,Colorado,CO,,,,,406451935,406451935,6.91,102.815
2021-01-01,09,Connecticut,CT,,,,,269838687,269838687,3.48,102.828
2021-01-01,10,Delaware,DE,5.7,2.1,444700,-4.88,74657054,74657054,2.97,97.438
2021-01-01,11,District of Columbia,DC,7.3,1.8,720400,-10.38,143141361,143141361,4,111.586
2021-01-01,12,Florida,FL,5.8,2.8,8676600,-4.41,1170526307,1170526307,9.42,101.398
2021-01-01,13,Georgia,GA,4.9,1.3,4495500,-3.85,643013770,643013770,6.33,95.761
2021-01-01,15,Hawaii,HI,9.5,7.3,554500,-16.42,84408497,84408497,5.72,112.513
2021-01-01,16,Idaho,ID,4.1,1.3,777600,0.65,88969560,88969560,7.56,91.625
2021-01-01,17,Illinois,IL,7.2,3.5,5684700,-7.43,855888089,855888089,5.64,101.329
2021-01-01,18,Indiana,IN,4.7,1.3,3049100,-3.58,387122038,387122038,7.6,92.567
2021-01-01,19,Iowa,IA,4.2,1.5,1522300,-4.2,201147119,201147119,7.95,89.759
2021-01-01,20,Kansas,KS,4.1,1,1365800,-4.45,172782367,172782367,2.81,91.247
2021-01-01,21,Kentucky,KY,4.6,0.5,1873700,-4,215133236,215133236,4.41,89.256
2021-01-01,22,Louisiana,LA,7,2.3,1850000,-7.12,237839193,237839193,3.88,91.389
2021-01-01,23,Maine,ME,4.4,1.2,612600,-4.1,71142429,71142429,5.54,97.318
2021-01-01,24,Maryland,MD,6.4,3.1,2619800,-6.19,406953096,406953096,4.67,106.12
2021-01-01,25,Massachusetts,MA,6.8,3.8,3440900,-7.86,595911759,595911759,6.46,106.731
2021-01-01,26,Michigan,MI,6.4,2.6,4083300,-8.21,530380859,530380859,5.68,94.254
2021-01-01,27,Minnesota,MN,4.5,1.1,2800700,-6.45,377946995,377946995,5.73,98.328
2021-01-01,28,Mississippi,MS,6.4,0.8,1126200,-2.96,115675050,115675050,4.85,86.229
2021-01-01,29,Missouri,MO,4.9,1.5,2810700,-3.94,331580860,331580860,5.15,92.003
2021-01-01,30,Montana,MT,4,0.5,482600,-1.25,53303661,53303661,6.65,91.4
2021-01-01,31,Nebraska,NE,2.9,-0.1,997900,-3.32,134939876,134939876,6.47,91.943
2021-01-01,32,Nevada,NV,8.9,4.7,1298800,-9.96,182474074,182474074,9.87,95.413
2021-01-01,33,New Hampshire,NH,4.3,1.8,651000,-5.31,89949286,89949286,8.17,102.565
2021-01-01,34,New Jersey,NJ,7.3,3.3,3931000,-6.84,632463307,632463307,5.9,109.19
2021-01-01,35,New Mexico,NM,8.2,3.1,785400,-9.02,100917579,100917579,3.38,89.835
2021-01-01,36,New York,NY,8.6,4.5,8824200,-10.21,1736222260,1736222260,4.79,109.587
2021-01-01,37,North Carolina,NC,5.7,1.9,4518300,-2.62,600217252,600217252,6.33,93.76
2021-01-01,38,North Dakota,ND,4.1,2,410900,-6.72,56419213,56419213,1.02,90.939
2021-01-01,39,Ohio,OH,6.1,1.7,5331800,-4.98,690478931,690478931,5.38,92.209
2021-01-01,40,Oklahoma,OK,5,1.9,1631600,-4.26,194132785,194132785,1.34,89.899
2021-01-01,41,Oregon,OR,6.3,2.9,1816900,-7.75,250325781,250325781,5.43,103.14
2021-01-01,42,Pennsylvania,PA,7.3,2.9,5637900,-7.4,765508777,765508777,3.96,96.11
2021-01-01,44,Rhode Island,RI,6.6,3.1,468300,-7.63,60803041,60803041,4.42,102.146
2021-01-01,45,South Carolina,SC,4.6,1.8,2127800,-3.31,245752136,245752136,5.18,93.637
2021-01-01,46,South Dakota,SD,2.9,0.4,433900,-1.81,55515898,55515898,5.2,90.089
2021-01-01,47,Tennessee,TN,5.4,2,3060100,-2.99,400243573,400243573,8.8,90.595
2021-01-01,48,Texas,TX,6.7,3.2,12393700,-4.27,1879101277,1879101277,5.95,98.404
2021-01-01,49,Utah,UT,3.4,0.9,1580800,0.54,210446917,210446917,8.06,94.573
2021-01-01,50,Vermont,VT,4.4,2.3,286500,-9.48,33721916,33721916,4.56,98.661
2021-01-01,51,Virginia,VA,4.8,2,3900600,-4.63,565470578,565470578,5.79,102.329
2021-01-01,53,Washington,WA,6.4,2.8,3261900,-6.99,630051486,630051486,6.94,108.754
2021-01-01,54,West Virginia,WV,6.2,1,668600,-6.58,75765122,75765122,1.62,91.002
2021-01-01,55,Wisconsin,WI,4.6,1.5,2863900,-4.5,334513984,334513984,3.73,93.293
2021-01-01,56,Wyoming,WY,5.3,0.9,273700,-5.95,37131830,37131830,2.58,91.533
2021-01-01,91,New England,,,,,,1121276219,1121276219,5.63,
2021-01-01,92,Mideast,,,,,,3759180365,3759180365,4.73,
2021-01-01,93,Great Lakes,,,,,,2798288585,2798288585,5.61,
2021-01-01,94,Plains,,,,,,1330505923,1330505923,5.37,
2021-01-01,95,Southeast,,,,,,4641104513,4641104513,6.8,
2021-01-01,96,Southwest,,,,,,2569595986,2569595986,5.82,
2021-01-01,97,Rocky Mountain,,,,,,796343098,796343098,7.05,
2021-01-01,98,Far West,,,,,,4352482955,4352482955,7.31,
2020-12-01,01,Alabama,AL,4.5,1.4,2023500,-2.91,,,-1.32,
2020-12-01,02,Alaska,AK,7.1,1.9,308500,-6.03,,,-3.9,
2020-12-01,04,Arizona,AZ,6.5,1.8,2891900,-3.2,,,1.52,
2020-12-01,05,Arkansas,AR,5,1.5,1257400,-2.53,,,0.88,
2020-12-01,10,Delaware,DE,5.6,2,444800,-4.73,,,-2.84,
2020-12-01,11,District of Columbia,DC,7.8,2.4,722900,-9.63,,,-0.91,
2020-12-01,12,Florida,FL,6.2,3.2,8627900,-4.82,,,-1.4,
2020-12-01,13,Georgia,GA,5.1,1.6,4493100,-3.68,,,-2.58,
2020-12-01,15,Hawaii,HI,10.2,8,551100,-16.41,,,-10.15,
2020-12-01,16,Idaho,ID,4.2,1.4,774800,0.41,,,1.94,
2020-12-01,17,Illinois,IL,7.6,4,5656000,-7.71,,,-5.57,
2020-12-01,18,Indiana,IN,5,1.7,3036900,-4.15,,,-2.89,
2020-12-01,19,Iowa,IA,4.2,1.5,1518700,-4.5,,,-1.14,
2020-12-01,20,Kansas,KS,4.4,1.3,1361900,-4.71,,,-0.89,
2020-12-01,21,Kentucky,KY,4.7,0.7,1854800,-4.92,,,-2.71,
2020-12-01,22,Louisiana,LA,7.4,2.6,1850000,-6.98,,,-7.18,
2020-12-01,23,Maine,ME,4.2,1.1,609900,-4.31,,,0.98,
2020-12-01,24,Maryland,MD,6.6,3.4,2615300,-6.51,,,-3.41,
2020-12-01,25,Massachusetts,MA,7.4,4.4,3428500,-8.15,,,-1.16,
2020-12-01,26,Michigan,MI,6.9,3.1,4049600,-9.19,,,-3.68,
2020-12-01,27,Minnesota,MN,4.8,1.4,2758000,-7.71,,,-3.28,
2020-12-01,28,Mississippi,MS,6.5,1,1128200,-2.27,,,-0.8,
2020-12-01,29,Missouri,MO,5,1.6,2800600,-4.43,,,-1.87,
2020-12-01,30,Montana,MT,4.2,0.7,480300,-1.44,,,-0.56,
2020-12-01,31,Nebraska,NE,3,-0.1,996500,-3.17,,,-0.65,
2020-12-01,32,Nevada,NV,9.6,5.5,1293800,-10.15,,,-5.65,
2020-12-01,33,New Hampshire,NH,4.6,2.1,643300,-6.47,,,-1.52,
2020-12-01,34,New Jersey,NJ,7.3,3.4,3910000,-7.17,,,-3.47,
2020-12-01,35,New Mexico,NM,8.4,3.4,782900,-9.16,,,-2.71,
2020-12-01,36,New York,NY,8.7,4.7,8828800,-9.99,,,-2.79,
2020-12-01,37,North Carolina,NC,5.8,2.1,4519000,-2.31,,,-0.61,
2020-12-01,38,North Dakota,ND,4.4,2.4,408700,-7.28,,,-5.99,
2020-12-01,39,Ohio,OH,6.3,2,5314000,-5.24,,,-2.79,
2020-12-01,40,Oklahoma,OK,5.2,2.1,1630800,-4.39,,,-4.25,
2020-12-01,41,Oregon,OR,6.5,3.1,1817000,-7.73,,,-0.99,
2020-12-01,42,Pennsylvania,PA,7.6,3.2,5606700,-7.86,,,-4.6,
2020-12-01,44,Rhode Island,RI,7,3.6,464000,-8.26,,,-3.2,
2020-12-01,45,South Carolina,SC,4.9,2.3,2125400,-3.42,,,-2.25,
2020-12-01,46,South Dakota,SD,3,0.4,432400,-2.13,,,0.5,
2020-12-01,47,Tennessee,TN,5.6,2.2,3077100,-2.26,,,-0.63,
2020-12-01,48,Texas,TX,6.9,3.4,12360800,-4.33,,,-1.83,
2020-12-01,49,Utah,UT,3.6,1.2,1572800,0.04,,,1.03,
2020-12-01,50,Vermont,VT,4.3,2.2,285400,-9.68,,,-3.26,
2020-12-01,51,Virginia,VA,5,2.3,3891200,-4.61,,,-1.2,
2020-12-01,53,Washington,WA,6.7,3,3258700,-6.96,,,0.06,
2020-12-01,54,West Virginia,WV,6.4,1.3,671100,-5.68,,,-3.38,
2020-12-01,55,Wisconsin,WI,4.8,1.6,2850700,-4.92,,,-3.24,
2020-12-01,56,Wyoming,WY,5.4,1.2,275200,-5.4,,,-6.17,
2020-11-01,01,Alabama,AL,4.8,1.8,2016600,-3.22,,,-1.32,
2020-11-01,02,Alaska,AK,7,1.7,308700,-6.4,,,-3.9,
2020-11-01,04,Arizona,AZ,6.7,2,2881300,-3.12,,,1.52,
2020-11-01,05,Arkansas,AR,5.1,1.6,1261400,-2.08,,,0.88,
2020-11-01,10,Delaware,DE,5.4,1.8,444600,-4.76,,,-2.84,
2020-11-01,11,District of Columbia,DC,8,2.8,724800,-9.31,,,-0.91,
2020-11-01,12,Florida,FL,6.5,3.4,8594100,-5.01,,,-1.4,
2020-11-01,13,Georgia,GA,5.3,1.9,4465400,-4.07,,,-2.58,
2020-11-01,15,Hawaii,HI,10.5,8.2,543100,-17.79,,,-10.15,
2020-11-01,16,Idaho,ID,4.2,1.4,770400,0.06,,,1.94,
2020-11-01,17,Illinois,IL,7.8,4.2,5663200,-7.53,,,-5.57,
2020-11-01,18,Indiana,IN,5.2,1.9,3033400,-4.15,,,-2.89,
2020-11-01,19,Iowa,IA,4.2,1.5,1513100,-4.69,,,-1.14,
2020-11-01,20,Kansas,KS,4.6,1.5,1358500,-4.81,,,-0.89,
2020-11-01,21,Kentucky,KY,4.8,0.8,1856900,-4.87,,,-2.71,
2020-11-01,22,Louisiana,LA,7.6,2.8,1845500,-7.42,,,-7.18,
2020-11-01,23,Maine,ME,3.9,0.9,611200,-4.1,,,0.98,
2020-11-01,24,Maryland,MD,6.6,3.4,2608400,-6.79,,,-3.41,
2020-11-01,25,Massachusetts,MA,7.8,4.8,3430800,-7.87,,,-1.16,
2020-11-01,26,Michigan,MI,7.1,3.3,4114800,-7.51,,,-3.68,
2020-11-01,27,Minnesota,MN,5.1,1.8,2802900,-6.15,,,-3.28,
2020-11-01,28,Mississippi,MS,6.6,1.1,1126600,-2.59,,,-0.8,
2020-11-01,29,Missouri,MO,5.1,1.7,2797500,-4.43,,,-1.87,
2020-11-01,30,Montana,MT,4.3,0.8,479200,-1.72,,,-0.56,
2020-11-01,31,Nebraska,NE,3,-0.1,993700,-3.52,,,-0.65,
2020-11-01,32,Nevada,NV,10.2,6.1,1294200,-9.93,,,-5.65,
2020-11-01,33,New Hampshire,NH,4.9,2.4,649400,-5.34,,,-1.52,
2020-11-01,34,New Jersey,NJ,7.2,3.4,3906000,-7.34,,,-3.47,
2020-11-01,35,New Mexico,NM,8.4,3.5,793200,-7.82,,,-2.71,
2020-11-01,36,New York,NY,8.9,4.9,8857300,-9.72,,,-2.79,
2020-11-01,37,North Carolina,NC,5.9,2.1,4490700,-2.87,,,-0.61,
2020-11-01,38,North Dakota,ND,4.5,2.5,408300,-7.41,,,-5.99,
2020-11-01,39,Ohio,OH,6.4,2.1,5310600,-5.27,,,-2.79,
2020-11-01,40,Oklahoma,OK,5.3,2.2,1627800,-4.66,,,-4.25,
2020-11-01,41,Oregon,OR,6.6,3.2,1838400,-6.56,,,-0.99,
2020-11-01,42,Pennsylvania,PA,7.8,3.5,5648200,-7.17,,,-4.6,
2020-11-01,44,Rhode Island,RI,7,3.6,470300,-7,,,-3.2,
2020-11-01,45,South Carolina,SC,5.1,2.6,2116500,-3.83,,,-2.25,
2020-11-01,46,South Dakota,SD,3.1,0.5,432200,-2.33,,,0.5,
2020-11-01,47,Tennessee,TN,5.9,2.5,3059500,-2.75,,,-0.63,
2020-11-01,48,Texas,TX,7,3.5,12312600,-4.67,,,-1.83,
2020-11-01,49,Utah,UT,3.8,1.4,1567800,-0.29,,,1.03,
2020-11-01,50,Vermont,VT,4.2,2.1,289000,-8.52,,,-3.26,
2020-11-01,51,Virginia,VA,5.3,2.6,3882700,-4.8,,,-1.2,
2020-11-01,53,Washington,WA,6.9,3.1,3277600,-6.1,,,0.06,
2020-11-01,54,West Virginia,WV,6.6,1.5,671300,-5.66,,,-3.38,
2020-11-01,55,Wisconsin,WI,5,1.8,2843600,-4.99,,,-3.24,
2020-11-01,56,Wyoming,WY,5.5,1.5,273300,-6.02,,,-6.17,
2020-10-01,01,Alabama,AL,5.2,2.2,2012700,-3.24,,,-1.32,
2020-10-01,02,Alaska,AK,7.2,1.8,305700,-7.56,,,-3.9,
2020-10-01,04,Arizona,AZ,7,2.3,2864300,-3.38,,,1.52,
2020-10-01,05,Arkansas,AR,5.4,1.9,1256000,-2.27,,,0.88,
2020-10-01,10,Delaware,DE,5.2,1.6,444100,-4.6,,,-2.84,
2020-10-01,11,District of Columbia,DC,8.3,3.1,725000,-9.19,,,-0.91,
2020-10-01,12,Florida,FL,6.9,3.8,8554400,-5.25,,,-1.4,
2020-10-01,13,Georgia,GA,5.6,2.2,4443000,-4.43,,,-2.58,
2020-10-01,15,Hawaii,HI,11.3,8.9,531100,-19.63,,,-10.15,
2020-10-01,16,Idaho,ID,4.4,1.5,766400,-0.04,,,1.94,
2020-10-01,17,Illinois,IL,8.2,4.5,5694300,-7.09,,,-5.57,
2020-10-01,18,Indiana,IN,5.6,2.3,3032100,-4.04,,,-2.89,
2020-10-01,19,Iowa,IA,4.2,1.5,1515000,-4.63,,,-1.14,
2020-10-01,20,Kansas,KS,4.9,1.8,1358100,-4.7,,,-0.89,
2020-10-01,21,Kentucky,KY,4.8,0.8,1856100,-4.61,,,-2.71,
2020-10-01,22,Louisiana,LA,8,3.2,1834000,-7.89,,,-7.18,
2020-10-01,23,Maine,ME,3.8,0.8,607800,-4.67,,,0.98,
2020-10-01,24,Maryland,MD,6.7,3.4,2603500,-6.79,,,-3.41,
2020-10-01,25,Massachusetts,MA,8.4,5.4,3415400,-8.16,,,-1.16,
2020-10-01,26,Michigan,MI,7.7,3.8,4116399.9999999995,-6.97,,,-3.68,
2020-10-01,27,Minnesota,MN,5.5,2.2,2805500,-6.15,,,-3.28,
2020-10-01,28,Mississippi,MS,6.7,1.1,1121800,-2.94,,,-0.8,
2020-10-01,29,Missouri,MO,5.4,2.1,2790300,-4.57,,,-1.87,
2020-10-01,30,Montana,MT,4.6,1.1,477800,-2.11,,,-0.56,
2020-10-01,31,Nebraska,NE,3.1,0,992400,-3.55,,,-0.65,
2020-10-01,32,Nevada,NV,11.1,7,1290100,-9.56,,,-5.65,
2020-10-01,33,New Hampshire,NH,5.3,2.7,648100,-5.44,,,-1.52,
2020-10-01,34,New Jersey,NJ,7.1,3.4,3901500,-7.17,,,-3.47,
2020-10-01,35,New Mexico,NM,8.4,3.5,795300,-7.46,,,-2.71,
2020-10-01,36,New York,NY,9.2,5.3,8845600,-9.68,,,-2.79,
2020-10-01,37,North Carolina,NC,6.1,2.3,4471400,-3.16,,,-0.61,
2020-10-01,38,North Dakota,ND,4.8,2.7,411000,-6.95,,,-5.99,
2020-10-01,39,Ohio,OH,6.7,2.4,5300500,-5.31,,,-2.79,
2020-10-01,40,Oklahoma,OK,5.5,2.3,1625600,-4.71,,,-4.25,
2020-10-01,41,Oregon,OR,6.8,3.4,1832300,-6.74,,,-0.99,
2020-10-01,42,Pennsylvania,PA,8.1,3.8,5639700,-7.24,,,-4.6,
2020-10-01,44,Rhode Island,RI,7,3.6,469600,-7.01,,,-3.2,
2020-10-01,45,South Carolina,SC,5.3,2.9,2104000,-4.36,,,-2.25,
2020-10-01,46,South Dakota,SD,3.3,0.6,433400,-1.92,,,0.5,
2020-10-01,47,Tennessee,TN,6.3,3,3039600,-2.94,,,-0.63,
2020-10-01,48,Texas,TX,7.1,3.6,12253000,-4.88,,,-1.83,
2020-10-01,49,Utah,UT,4,1.6,1561500,-0.49,,,1.03,
2020-10-01,50,Vermont,VT,4.3,2.1,290100,-8.05,,,-3.26,
2020-10-01,51,Virginia,VA,5.9,3.2,3875200,-4.94,,,-1.2,
2020-10-01,53,Washington,WA,7.3,3.4,3269500,-6.19,,,0.06,
2020-10-01,54,West Virginia,WV,7,2,670100,-6.15,,,-3.38,
2020-10-01,55,Wisconsin,WI,5.2,1.9,2848200,-4.85,,,-3.24,
2020-10-01,56,Wyoming,WY,5.6,1.7,272200,-6.78,,,-6.17,
2020-09-01,01,Alabama,AL,5.9,2.9,1996100,-4.16,,,-1.32,
2020-09-01,02,Alaska,AK,7.8,2.3,296300,-10.78,,,-3.9,
2020-09-01,04,Arizona,AZ,7.5,2.8,2839500,-4.09,,,1.52,
2020-09-01,05,Arkansas,AR,5.9,2.4,1248500,-2.65,,,0.88,
2020-09-01,10,Delaware,DE,7.6,4,442400,-5.02,,,-2.84,
2020-09-01,11,District of Columbia,DC,8.6,3.4,728100,-8.7,,,-0.91,
2020-09-01,12,Florida,FL,8,4.8,8474100,-5.73,,,-1.4,
2020-09-01,13,Georgia,GA,6.5,3,4401600,-5.33,,,-2.58,
2020-09-01,15,Hawaii,HI,13.3,10.9,512600,-22.59,,,-10.15,
2020-09-01,16,Idaho,ID,5,2.1,760500,-0.3,,,1.94,
2020-09-01,17,Illinois,IL,9.1,5.4,5662900,-7.62,,,-5.57,
2020-09-01,18,Indiana,IN,6.5,3.2,3011800,-4.77,,,-2.89,
2020-09-01,19,Iowa,IA,4.6,1.9,1507100,-5.07,,,-1.14,
2020-09-01,20,Kansas,KS,5.4,2.3,1353800,-5.03,,,-0.89,
2020-09-01,21,Kentucky,KY,5,1,1846600,-5.35,,,-2.71,
2020-09-01,22,Louisiana,LA,8.7,3.9,1811200,-9.19,,,-7.18,
2020-09-01,23,Maine,ME,4,1.1,601800,-5.73,,,0.98,
2020-09-01,24,Maryland,MD,7.1,3.8,2586600,-7.16,,,-3.41,
2020-09-01,25,Massachusetts,MA,9.6,6.6,3382600,-9.03,,,-1.16,
2020-09-01,26,Michigan,MI,8.9,4.9,4081800,-8.27,,,-3.68,
2020-09-01,27,Minnesota,MN,6.2,2.9,2772300,-7.19,,,-3.28,
2020-09-01,28,Mississippi,MS,7.1,1.5,1112600,-3.98,,,-0.8,
2020-09-01,29,Missouri,MO,5.9,2.6,2774200,-5.06,,,-1.87,
2020-09-01,30,Montana,MT,5.2,1.7,475400,-2.26,,,-0.56,
2020-09-01,31,Nebraska,NE,3.4,0.2,988500,-3.8,,,-0.65,
2020-09-01,32,Nevada,NV,12.7,8.7,1271200,-10.89,,,-5.65,
2020-09-01,33,New Hampshire,NH,6.1,3.5,644300,-5.86,,,-1.52,
2020-09-01,34,New Jersey,NJ,7.4,3.8,3870200,-7.89,,,-3.47,
2020-09-01,35,New Mexico,NM,8.7,3.8,788700,-8.11,,,-2.71,
2020-09-01,36,New York,NY,10.2,6.3,8778200,-10.47,,,-2.79,
2020-09-01,37,North Carolina,NC,6.8,2.9,4433800,-3.9,,,-0.61,
2020-09-01,38,North Dakota,ND,5.3,3.2,409300,-7.17,,,-5.99,
2020-09-01,39,Ohio,OH,7.6,3.4,5275500,-5.76,,,-2.79,
2020-09-01,40,Oklahoma,OK,5.9,2.7,1619000,-5.18,,,-4.25,
2020-09-01,41,Oregon,OR,7.5,4,1822100,-7.11,,,-0.99,
2020-09-01,42,Pennsylvania,PA,8.7,4.4,5605400,-7.8,,,-4.6,
2020-09-01,44,Rhode Island,RI,10,6.5,463600,-8.18,,,-3.2,
2020-09-01,45,South Carolina,SC,5.8,3.4,2088699.9999999998,-5.22,,,-2.25,
2020-09-01,46,South Dakota,SD,3.6,0.9,428900,-2.7,,,0.5,
2020-09-01,47,Tennessee,TN,7.1,3.8,3005500,-4.36,,,-0.63,
2020-09-01,48,Texas,TX,7.7,4.2,12173900,-5.47,,,-1.83,
2020-09-01,49,Utah,UT,4.5,2.1,1544800,-1.4,,,1.03,
2020-09-01,50,Vermont,VT,4.9,2.8,289000,-8.49,,,-3.26,
2020-09-01,51,Virginia,VA,6.7,4.1,3858300,-5.05,,,-1.2,
2020-09-01,53,Washington,WA,8.2,4.3,3261300,-6.29,,,0.06,
2020-09-01,54,West Virginia,WV,7.6,2.6,664700,-7.1,,,-3.38,
2020-09-01,55,Wisconsin,WI,5.8,2.5,2833100,-5.08,,,-3.24,
2020-09-01,56,Wyoming,WY,5.9,2.1,271800,-6.6,,,-6.17,
2020-08-01,01,Alabama,AL,6.3,3.3,1986600,-4.66,,,-1.32,
2020-08-01,02,Alaska,AK,8.6,3,290700,-12.15,,,-3.9,
2020-08-01,04,Arizona,AZ,7.9,3.1,2818600,-4.73,,,1.52,
2020-08-01,05,Arkansas,AR,6.4,2.9,1246500,-2.78,,,0.88,
2020-08-01,10,Delaware,DE,7.4,3.8,438600,-5.98,,,-2.84,
2020-08-01,11,District of Columbia,DC,8.5,3.2,729300,-8.49,,,-0.91,
2020-08-01,12,Florida,FL,8.6,5.4,8411200,-6.5,,,-1.4,
2020-08-01,13,Georgia,GA,6.8,3.3,4379900,-5.65,,,-2.58,
2020-08-01,15,Hawaii,HI,13,10.6,529400,-19.38,,,-10.15,
2020-08-01,16,Idaho,ID,5.4,2.5,758000,-0.73,,,1.94,
2020-08-01,17,Illinois,IL,9.7,6,5640700,-8.01,,,-5.57,
2020-08-01,18,Indiana,IN,7.2,3.9,2996200,-5.24,,,-2.89,
2020-08-01,19,Iowa,IA,5,2.3,1496000,-5.81,,,-1.14,
2020-08-01,20,Kansas,KS,5.8,2.7,1356600,-4.99,,,-0.89,
2020-08-01,21,Kentucky,KY,5.2,1.1,1837700,-5.7,,,-2.71,
2020-08-01,22,Louisiana,LA,9.2,4.5,1811100,-9.14,,,-7.18,
2020-08-01,23,Maine,ME,4.2,1.4,585200,-8.15,,,0.98,
2020-08-01,24,Maryland,MD,7.2,3.8,2564500,-7.96,,,-3.41,
2020-08-01,25,Massachusetts,MA,10.4,7.4,3335900,-10.2,,,-1.16,
2020-08-01,26,Michigan,MI,10,5.9,4038100,-9.24,,,-3.68,
2020-08-01,27,Minnesota,MN,6.7,3.4,2751700,-7.99,,,-3.28,
2020-08-01,28,Mississippi,MS,7.4,1.8,1108000,-4.44,,,-0.8,
2020-08-01,29,Missouri,MO,6.4,3.2,2761100,-5.22,,,-1.87,
2020-08-01,30,Montana,MT,5.6,2.1,468600,-3.64,,,-0.56,
2020-08-01,31,Nebraska,NE,3.8,0.6,984100,-4.29,,,-0.65,
2020-08-01,32,Nevada,NV,13.9,9.9,1253500,-12.07,,,-5.65,
2020-08-01,33,New Hampshire,NH,6.7,4.2,635500,-7.16,,,-1.52,
2020-08-01,34,New Jersey,NJ,13.3,9.9,3780100,-10.03,,,-3.47,
2020-08-01,35,New Mexico,NM,8.6,3.7,779900,-9.14,,,-2.71,
2020-08-01,36,New York,NY,10.8,6.9,8574900,-12.37,,,-2.79,
2020-08-01,37,North Carolina,NC,7.4,3.5,4393000,-4.54,,,-0.61,
2020-08-01,38,North Dakota,ND,5.6,3.5,407900,-7.71,,,-5.99,
2020-08-01,39,Ohio,OH,8.3,4.2,5228700,-6.65,,,-2.79,
2020-08-01,40,Oklahoma,OK,6.3,3.2,1614600,-5.36,,,-4.25,
2020-08-01,41,Oregon,OR,7.9,4.3,1812100,-7.55,,,-0.99,
2020-08-01,42,Pennsylvania,PA,9.3,5.1,5552700,-8.71,,,-4.6,
2020-08-01,44,Rhode Island,RI,10.4,6.9,458700,-9.22,,,-3.2,
2020-08-01,45,South Carolina,SC,6.2,3.7,2075300.0000000002,-5.71,,,-2.25,
2020-08-01,46,South Dakota,SD,3.9,1.2,425300,-3.56,,,0.5,
2020-08-01,47,Tennessee,TN,7.6,4.4,2987100,-4.83,,,-0.63,
2020-08-01,48,Texas,TX,8,4.5,12104100,-5.89,,,-1.83,
2020-08-01,49,Utah,UT,4.8,2.3,1535800,-1.72,,,1.03,
2020-08-01,50,Vermont,VT,5.4,3.3,283400,-10.2,,,-3.26,
2020-08-01,51,Virginia,VA,7.3,4.8,3826700,-5.81,,,-1.2,
2020-08-01,53,Washington,WA,9,5,3242700,-6.77,,,0.06,
2020-08-01,54,West Virginia,WV,8.2,3.3,661800,-7.71,,,-3.38,
2020-08-01,55,Wisconsin,WI,6.3,3,2815200,-5.74,,,-3.24,
2020-08-01,56,Wyoming,WY,6.2,2.4,270000,-7.44,,,-6.17,
2020-07-01,01,Alabama,AL,7.5,4.5,1961400,-5.72,,,-1.32,
2020-07-01,02,Alaska,AK,11.1,5.5,285800,-13.71,,,-3.9,
2020-07-01,04,Arizona,AZ,9,4.2,2786700,-5.09,,,1.52,
2020-07-01,05,Arkansas,AR,7.3,3.9,1232200,-3.82,,,0.88,
2020-07-01,10,Delaware,DE,7.6,4,432800,-7.08,,,-2.84,
2020-07-01,11,District of Columbia,DC,8.7,3.3,722200,-9.4,,,-0.91,
2020-07-01,12,Florida,FL,11.6,8.4,8371600,-6.67,,,-1.4,
2020-07-01,13,Georgia,GA,7.7,4.1,4332200,-6.5,,,-2.58,
2020-07-01,15,Hawaii,HI,15.6,13.1,527600,-19.74,,,-10.15,
2020-07-01,16,Idaho,ID,6.6,3.7,749500,-1.38,,,1.94,
2020-07-01,17,Illinois,IL,11.4,7.6,5567500,-9.22,,,-5.57,
2020-07-01,18,Indiana,IN,8.9,5.7,2966000,-5.82,,,-2.89,
2020-07-01,19,Iowa,IA,6,3.3,1487200,-6.35,,,-1.14,
2020-07-01,20,Kansas,KS,6.7,3.6,1342700,-5.49,,,-0.89,
2020-07-01,21,Kentucky,KY,5.8,1.7,1814000,-6.97,,,-2.71,
2020-07-01,22,Louisiana,LA,10.4,5.8,1790700,-9.87,,,-7.18,
2020-07-01,23,Maine,ME,6.3,3.5,575300,-9.3,,,0.98,
2020-07-01,24,Maryland,MD,7.9,4.5,2545700,-8.58,,,-3.41,
2020-07-01,25,Massachusetts,MA,12.5,9.5,3274300,-11.82,,,-1.16,
2020-07-01,26,Michigan,MI,12.5,8.4,3969600,-10.58,,,-3.68,
2020-07-01,27,Minnesota,MN,7.8,4.6,2715800,-9.07,,,-3.28,
2020-07-01,28,Mississippi,MS,8.3,2.7,1094200,-5.57,,,-0.8,
2020-07-01,29,Missouri,MO,7.2,4.1,2740500,-5.91,,,-1.87,
2020-07-01,30,Montana,MT,6.7,3.2,464300,-4.41,,,-0.56,
2020-07-01,31,Nebraska,NE,4.6,1.5,974400,-5.09,,,-0.65,
2020-07-01,32,Nevada,NV,16.7,12.7,1237100,-12.97,,,-5.65,
2020-07-01,33,New Hampshire,NH,8.3,5.8,621500,-9.04,,,-1.52,
2020-07-01,34,New Jersey,NJ,14.4,11.1,3706400,-11.88,,,-3.47,
2020-07-01,35,New Mexico,NM,9,4.1,779400,-9.07,,,-2.71,
2020-07-01,36,New York,NY,12.6,8.8,8367400,-14.49,,,-2.79,
2020-07-01,37,North Carolina,NC,8.7,4.8,4335700,-5.67,,,-0.61,
2020-07-01,38,North Dakota,ND,6.2,4.1,404800,-8.25,,,-5.99,
2020-07-01,39,Ohio,OH,9.8,5.8,5185700,-7.36,,,-2.79,
2020-07-01,40,Oklahoma,OK,7.4,4.3,1607900,-5.81,,,-4.25,
2020-07-01,41,Oregon,OR,9.2,5.5,1794000,-8.29,,,-0.99,
2020-07-01,42,Pennsylvania,PA,10.4,6.2,5497000,-9.4,,,-4.6,
2020-07-01,44,Rhode Island,RI,12.2,8.7,448300,-11.19,,,-3.2,
2020-07-01,45,South Carolina,SC,7.1,4.5,2038700,-7.22,,,-2.25,
2020-07-01,46,South Dakota,SD,4.7,1.9,419300,-4.83,,,0.5,
2020-07-01,47,Tennessee,TN,9,5.8,2954700,-5.6,,,-0.63,
2020-07-01,48,Texas,TX,9.3,5.8,11993500,-6.56,,,-1.83,
2020-07-01,49,Utah,UT,5.7,3.2,1521400,-2.39,,,1.03,
2020-07-01,50,Vermont,VT,6.6,4.6,277700,-11.98,,,-3.26,
2020-07-01,51,Virginia,VA,8.3,5.8,3764500,-7.31,,,-1.2,
2020-07-01,53,Washington,WA,10.5,6.4,3210200,-7.64,,,0.06,
2020-07-01,54,West Virginia,WV,9.5,4.7,656200,-8.45,,,-3.38,
2020-07-01,55,Wisconsin,WI,7.6,4.3,2778200,-7.12,,,-3.24,
2020-07-01,56,Wyoming,WY,6.8,3.1,266200,-8.49,,,-6.17,
2020-06-01,01,Alabama,AL,8.6,5.6,1940800,-6.62,,,-1.32,
2020-06-01,02,Alaska,AK,11.2,5.6,286100,-13.88,,,-3.9,
2020-06-01,04,Arizona,AZ,9.8,5,2805200,-4.32,,,1.52,
2020-06-01,05,Arkansas,AR,7.9,4.5,1224400,-4.24,,,0.88,
2020-06-01,10,Delaware,DE,12.8,9.3,426100,-8.37,,,-2.84,
2020-06-01,11,District of Columbia,DC,8.6,3.1,717700,-9.98,,,-0.91,
2020-06-01,12,Florida,FL,11.6,8.4,8332100,-6.92,,,-1.4,
2020-06-01,13,Georgia,GA,8.4,4.8,4305500,-6.99,,,-2.58,
2020-06-01,15,Hawaii,HI,17.3,14.8,526300,-19.83,,,-10.15,
2020-06-01,16,Idaho,ID,7.5,4.7,740300,-2.46,,,1.94,
2020-06-01,17,Illinois,IL,12.6,8.7,5454700,-11.07,,,-5.57,
2020-06-01,18,Indiana,IN,10.3,7.1,2911500,-7.82,,,-2.89,
2020-06-01,19,Iowa,IA,6.8,4.1,1466500,-7.59,,,-1.14,
2020-06-01,20,Kansas,KS,7.5,4.4,1323200,-6.99,,,-0.89,
2020-06-01,21,Kentucky,KY,5.3,1.2,1784000,-8.21,,,-2.71,
2020-06-01,22,Louisiana,LA,11,6.5,1778900,-10.79,,,-7.18,
2020-06-01,23,Maine,ME,6.6,3.9,567400,-11.02,,,0.98,
2020-06-01,24,Maryland,MD,8.1,4.7,2481500,-11.25,,,-3.41,
2020-06-01,25,Massachusetts,MA,14.7,11.7,3187200,-14.27,,,-1.16,
2020-06-01,26,Michigan,MI,14.5,10.3,3855900,-13.21,,,-3.68,
2020-06-01,27,Minnesota,MN,8.9,5.7,2673100,-10.47,,,-3.28,
2020-06-01,28,Mississippi,MS,9.4,3.9,1083600,-6.52,,,-0.8,
2020-06-01,29,Missouri,MO,8,4.9,2688000,-7.66,,,-1.87,
2020-06-01,30,Montana,MT,7.7,4.3,458800,-5.03,,,-0.56,
2020-06-01,31,Nebraska,NE,5.3,2.2,960900,-6.33,,,-0.65,
2020-06-01,32,Nevada,NV,18.9,14.9,1201400,-15.31,,,-5.65,
2020-06-01,33,New Hampshire,NH,9.6,7.1,609800,-10.87,,,-1.52,
2020-06-01,34,New Jersey,NJ,14.5,11.3,3576600,-14.86,,,-3.47,
2020-06-01,35,New Mexico,NM,9,4.1,776300,-9.1,,,-2.71,
2020-06-01,36,New York,NY,13.6,9.8,8250900,-15.8,,,-2.79,
2020-06-01,37,North Carolina,NC,9.8,5.9,4289000,-6.67,,,-0.61,
2020-06-01,38,North Dakota,ND,6.5,4.4,399200,-9.58,,,-5.99,
2020-06-01,39,Ohio,OH,11,7.1,5133700,-8.26,,,-2.79,
2020-06-01,40,Oklahoma,OK,8.2,5.2,1601800,-5.93,,,-4.25,
2020-06-01,41,Oregon,OR,10.2,6.5,1764300,-9.61,,,-0.99,
2020-06-01,42,Pennsylvania,PA,11.3,7.1,5373500,-11.33,,,-4.6,
2020-06-01,44,Rhode Island,RI,13.4,9.9,437000,-13.17,,,-3.2,
2020-06-01,45,South Carolina,SC,7.8,5.1,2032500,-7.43,,,-2.25,
2020-06-01,46,South Dakota,SD,5.3,2.5,413800,-5.98,,,0.5,
2020-06-01,47,Tennessee,TN,10.2,7,2925500,-6.24,,,-0.63,
2020-06-01,48,Texas,TX,10.1,6.7,11989800,-6.42,,,-1.83,
2020-06-01,49,Utah,UT,6.4,3.9,1501600,-3.37,,,1.03,
2020-06-01,50,Vermont,VT,7.7,5.7,273300,-13.84,,,-3.26,
2020-06-01,51,Virginia,VA,8.9,6.4,3709100,-8.69,,,-1.2,
2020-06-01,53,Washington,WA,11.7,7.5,3166500,-8.74,,,0.06,
2020-06-01,54,West Virginia,WV,10.6,5.8,658900,-8.04,,,-3.38,
2020-06-01,55,Wisconsin,WI,8.7,5.5,2737400,-8.65,,,-3.24,
2020-06-01,56,Wyoming,WY,7.3,3.7,264000,-9.18,,,-6.17,
2020-05-01,01,Alabama,AL,10.4,7.2,1892000,-8.92,,,-1.32,
2020-05-01,02,Alaska,AK,11.7,6.1,283800,-14,,,-3.9,
2020-05-01,04,Arizona,AZ,11.2,6.4,2737300,-6.61,,,1.52,
2020-05-01,05,Arkansas,AR,8.9,5.5,1196700,-6.48,,,0.88,
2020-05-01,10,Delaware,DE,13.4,9.9,405400,-12.78,,,-2.84,
2020-05-01,11,District of Columbia,DC,8.8,3.2,717100,-9.96,,,-0.91,
2020-05-01,12,Florida,FL,14.1,10.8,8046300,-10.04,,,-1.4,
2020-05-01,13,Georgia,GA,9.8,6.2,4195800,-9.25,,,-2.58,
2020-05-01,15,Hawaii,HI,20.7,18.1,508100,-22.8,,,-10.15,
2020-05-01,16,Idaho,ID,9.1,6.3,719100,-5.17,,,1.94,
2020-05-01,17,Illinois,IL,14.7,10.7,5339000,-12.93,,,-5.57,
2020-05-01,18,Indiana,IN,12.5,9.3,2796700,-11.16,,,-2.89,
2020-05-01,19,Iowa,IA,8.5,5.9,1425200,-10.23,,,-1.14,
2020-05-01,20,Kansas,KS,9.2,6.1,1300300,-8.64,,,-0.89,
2020-05-01,21,Kentucky,KY,12.8,8.7,1694700,-12.85,,,-2.71,
2020-05-01,22,Louisiana,LA,12.3,7.9,1733800,-13.11,,,-7.18,
2020-05-01,23,Maine,ME,9.5,6.8,558100,-12.36,,,0.98,
2020-05-01,24,Maryland,MD,8.8,5.4,2426400,-13.02,,,-3.41,
2020-05-01,25,Massachusetts,MA,14.3,11.3,3110700,-16.24,,,-1.16,
2020-05-01,26,Michigan,MI,19.3,15.1,3524200,-20.71,,,-3.68,
2020-05-01,27,Minnesota,MN,11.1,7.9,2600100,-12.89,,,-3.28,
2020-05-01,28,Mississippi,MS,11.2,5.8,1047200,-9.69,,,-0.8,
2020-05-01,29,Missouri,MO,9.6,6.5,2622000,-9.92,,,-1.87,
2020-05-01,30,Montana,MT,9.2,5.8,449300,-7.21,,,-0.56,
2020-05-01,31,Nebraska,NE,6.4,3.3,943800,-8.05,,,-0.65,
2020-05-01,32,Nevada,NV,24.7,20.6,1107000,-21.98,,,-5.65,
2020-05-01,33,New Hampshire,NH,11.8,9.3,589100,-13.89,,,-1.52,
2020-05-01,34,New Jersey,NJ,15.4,12.2,3515600,-16.17,,,-3.47,
2020-05-01,35,New Mexico,NM,9.3,4.3,758000,-11.04,,,-2.71,
2020-05-01,36,New York,NY,16.7,12.9,8010200,-18.19,,,-2.79,
2020-05-01,37,North Carolina,NC,11.6,7.8,4152899.9999999995,-9.49,,,-0.61,
2020-05-01,38,North Dakota,ND,7.3,5.2,395800,-10.45,,,-5.99,
2020-05-01,39,Ohio,OH,12.8,8.9,4902900,-12.34,,,-2.79,
2020-05-01,40,Oklahoma,OK,9.8,6.8,1566300,-8.14,,,-4.25,
2020-05-01,41,Oregon,OR,11.8,8,1706800,-12.48,,,-0.99,
2020-05-01,42,Pennsylvania,PA,12.9,8.7,5163900,-14.8,,,-4.6,
2020-05-01,44,Rhode Island,RI,15.4,11.9,414500,-17.74,,,-3.2,
2020-05-01,45,South Carolina,SC,9.3,6.4,1961400,-10.56,,,-2.25,
2020-05-01,46,South Dakota,SD,6.6,3.8,404600,-8,,,0.5,
2020-05-01,47,Tennessee,TN,12.1,8.8,2842200,-9.05,,,-0.63,
2020-05-01,48,Texas,TX,11.7,8.3,11755200,-8.06,,,-1.83,
2020-05-01,49,Utah,UT,7.7,5.1,1474300,-5.21,,,1.03,
2020-05-01,50,Vermont,VT,9.6,7.6,262700,-16.95,,,-3.26,
2020-05-01,51,Virginia,VA,10,7.3,3631800,-10.39,,,-1.2,
2020-05-01,53,Washington,WA,13.6,9.3,3086600,-10.92,,,0.06,
2020-05-01,54,West Virginia,WV,12.5,7.7,622300,-13.26,,,-3.38,
2020-05-01,55,Wisconsin,WI,10.5,7.3,2651100,-11.37,,,-3.24,
2020-05-01,56,Wyoming,WY,8.7,5.2,262800,-9.57,,,-6.17,
2020-04-01,01,Alabama,AL,13.8,10.5,1843400,-11.2,,,-1.32,
2020-04-01,02,Alaska,AK,11.6,5.9,283500,-13.83,,,-3.9,
2020-04-01,04,Arizona,AZ,13.8,8.9,2652900,-9.33,,,1.52,
2020-04-01,05,Arkansas,AR,10.1,6.7,1167000,-8.86,,,0.88,
2020-04-01,10,Delaware,DE,13.1,9.6,398800,-14.27,,,-2.84,
2020-04-01,11,District of Columbia,DC,11.3,5.6,722000,-9.44,,,-0.91,
2020-04-01,12,Florida,FL,13.3,10,7808100,-12.64,,,-1.4,
2020-04-01,13,Georgia,GA,12.5,8.8,4066400,-11.89,,,-2.58,
2020-04-01,15,Hawaii,HI,22.5,19.9,508900,-22.59,,,-10.15,
2020-04-01,16,Idaho,ID,11.8,8.9,694300,-8.1,,,1.94,
2020-04-01,17,Illinois,IL,18.3,14.1,5322300,-13.14,,,-5.57,
2020-04-01,18,Indiana,IN,16.9,13.6,2670300,-15.38,,,-2.89,
2020-04-01,19,Iowa,IA,11,8.4,1412600,-10.99,,,-1.14,
2020-04-01,20,Kansas,KS,12.1,8.9,1270400,-10.94,,,-0.89,
2020-04-01,21,Kentucky,KY,16.7,12.6,1664000,-14.25,,,-2.71,
2020-04-01,22,Louisiana,LA,13.5,9.1,1706600,-14.59,,,-7.18,
2020-04-01,23,Maine,ME,9.3,6.5,544000,-14.25,,,0.98,
2020-04-01,24,Maryland,MD,9,5.6,2402200,-13.83,,,-3.41,
2020-04-01,25,Massachusetts,MA,17.8,14.7,3056800,-17.61,,,-1.16,
2020-04-01,26,Michigan,MI,22.7,18.5,3393500,-23.65,,,-3.68,
2020-04-01,27,Minnesota,MN,8.9,5.7,2578600,-13.52,,,-3.28,
2020-04-01,28,Mississippi,MS,15.6,10.2,1012300,-12.55,,,-0.8,
2020-04-01,29,Missouri,MO,11.6,8.5,2569700,-11.78,,,-1.87,
2020-04-01,30,Montana,MT,11.9,8.4,425300,-11.84,,,-0.56,
2020-04-01,31,Nebraska,NE,8.2,5.1,934000,-8.9,,,-0.65,
2020-04-01,32,Nevada,NV,30.5,26.4,1114100,-21.26,,,-5.65,
2020-04-01,33,New Hampshire,NH,16,13.4,571800,-16.24,,,-1.52,
2020-04-01,34,New Jersey,NJ,15,11.8,3501400,-16.56,,,-3.47,
2020-04-01,35,New Mexico,NM,9,4,758100,-10.84,,,-2.71,
2020-04-01,36,New York,NY,15.7,11.9,7852800,-19.8,,,-2.79,
2020-04-01,37,North Carolina,NC,14.2,10.3,4076500,-11.03,,,-0.61,
2020-04-01,38,North Dakota,ND,8.7,6.5,386400,-12.36,,,-5.99,
2020-04-01,39,Ohio,OH,16.5,12.6,4726600,-15.47,,,-2.79,
2020-04-01,40,Oklahoma,OK,12.5,9.4,1533800,-10.14,,,-4.25,
2020-04-01,41,Oregon,OR,13.7,9.8,1687000,-13.39,,,-0.99,
2020-04-01,42,Pennsylvania,PA,16.1,11.9,4961500,-18.11,,,-4.6,
2020-04-01,44,Rhode Island,RI,17.9,14.4,399500,-20.72,,,-3.2,
2020-04-01,45,South Carolina,SC,11.7,8.6,1894300,-13.47,,,-2.25,
2020-04-01,46,South Dakota,SD,8.8,6,398600,-9.14,,,0.5,
2020-04-01,47,Tennessee,TN,15.7,12.3,2781700,-10.89,,,-0.63,
2020-04-01,48,Texas,TX,12.8,9.3,11511300,-9.75,,,-1.83,
2020-04-01,49,Utah,UT,10,7.4,1428400,-7.89,,,1.03,
2020-04-01,50,Vermont,VT,14.1,12.1,248900,-21.38,,,-3.26,
2020-04-01,51,Virginia,VA,11.9,9.1,3611200,-10.84,,,-1.2,
2020-04-01,53,Washington,WA,17.1,12.7,3096900,-10.42,,,0.06,
2020-04-01,54,West Virginia,WV,15.8,11,610300,-15.07,,,-3.38,
2020-04-01,55,Wisconsin,WI,14.1,10.9,2593400,-13.3,,,-3.24,
2020-04-01,56,Wyoming,WY,5.1,1.6,263200,-9.15,,,-6.17,
2020-03-01,01,Alabama,AL,3.4,,2080900,,,,-1.32,
2020-03-01,02,Alaska,AK,5.4,,327500,,,,-3.9,
2020-03-01,04,Arizona,AZ,4.9,,2980600,,,,1.52,
2020-03-01,05,Arkansas,AR,4.8,,1290500,,,,0.88,
2020-03-01,10,Delaware,DE,5,,463900,,,,-2.84,
2020-03-01,11,District of Columbia,DC,5.8,,800800,,,,-0.91,
2020-03-01,12,Florida,FL,4,,9024400,,,,-1.4,
2020-03-01,13,Georgia,GA,3.7,,4652900,,,,-2.58,
2020-03-01,15,Hawaii,HI,2.1,,655900,,,,-10.15,
2020-03-01,16,Idaho,ID,2.8,,773600,,,,1.94,
2020-03-01,17,Illinois,IL,5.1,,6085000,,,,-5.57,
2020-03-01,18,Indiana,IN,3.6,,3138500,,,,-2.89,
2020-03-01,19,Iowa,IA,2.7,,1581000,,,,-1.14,
2020-03-01,20,Kansas,KS,3.1,,1421400,,,,-0.89,
2020-03-01,21,Kentucky,KY,4.1,,1940100,,,,-2.71,
2020-03-01,22,Louisiana,LA,6.7,,1971600,,,,-7.18,
2020-03-01,23,Maine,ME,3.2,,634400,,,,0.98,
2020-03-01,24,Maryland,MD,3.5,,2771600,,,,-3.41,
2020-03-01,25,Massachusetts,MA,3.1,,3708600,,,,-1.16,
2020-03-01,26,Michigan,MI,3.7,,4418100,,,,-3.68,
2020-03-01,27,Minnesota,MN,3.6,,2978700,,,,-3.28,
2020-03-01,28,Mississippi,MS,5.9,,1154600,,,,-0.8,
2020-03-01,29,Missouri,MO,3.6,,2911200,,,,-1.87,
2020-03-01,30,Montana,MT,3.5,,486600,,,,-0.56,
2020-03-01,31,Nebraska,NE,4.4,,1026400.0000000001,,,,-0.65,
2020-03-01,32,Nevada,NV,7.2,,1431500,,,,-5.65,
2020-03-01,33,New Hampshire,NH,2.6,,682800,,,,-1.52,
2020-03-01,34,New Jersey,NJ,4.1,,4195300,,,,-3.47,
2020-03-01,35,New Mexico,NM,5.9,,858900,,,,-2.71,
2020-03-01,36,New York,NY,4.2,,9720700,,,,-2.79,
2020-03-01,37,North Carolina,NC,4,,4619000,,,,-0.61,
2020-03-01,38,North Dakota,ND,2.5,,438200,,,,-5.99,
2020-03-01,39,Ohio,OH,4.8,,5557600,,,,-2.79,
2020-03-01,40,Oklahoma,OK,3.2,,1693100,,,,-4.25,
2020-03-01,41,Oregon,OR,3.7,,1953900,,,,-0.99,
2020-03-01,42,Pennsylvania,PA,4.8,,6037200,,,,-4.6,
2020-03-01,44,Rhode Island,RI,3.7,,502500,,,,-3.2,
2020-03-01,45,South Carolina,SC,3.1,,2186200,,,,-2.25,
2020-03-01,46,South Dakota,SD,2.4,,440100,,,,0.5,
2020-03-01,47,Tennessee,TN,3.5,,3141500,,,,-0.63,
2020-03-01,48,Texas,TX,5,,12909500,,,,-1.83,
2020-03-01,49,Utah,UT,2.5,,1568100,,,,1.03,
2020-03-01,50,Vermont,VT,2.4,,312600,,,,-3.26,
2020-03-01,51,Virginia,VA,3.2,,4068600,,,,-1.2,
2020-03-01,53,Washington,WA,6,,3491300,,,,0.06,
2020-03-01,54,West Virginia,WV,5.3,,706500,,,,-3.38,
2020-03-01,55,Wisconsin,WI,3,,2981200,,,,-3.24,
2020-03-01,56,Wyoming,WY,4.8,,288400,,,,-6.17,
2020-02-01,01,Alabama,AL,3.3,-0.3,2087699.9999999998,0.98,,,-1.32,
2020-02-01,02,Alaska,AK,5.4,-0.5,329400,0.3,,,-3.9,
2020-02-01,04,Arizona,AZ,4.8,-0.2,2994700,2.82,,,1.52,
2020-02-01,05,Arkansas,AR,3.6,0,1293900,1.07,,,0.88,
2020-02-01,10,Delaware,DE,3.6,0.1,467100,0.69,,,-2.84,
2020-02-01,11,District of Columbia,DC,5.7,-0.2,805400,1.1,,,-0.91,
2020-02-01,12,Florida,FL,3,-0.4,9086100,1.9,,,-1.4,
2020-02-01,13,Georgia,GA,3.6,-0.2,4675300,1.43,,,-2.58,
2020-02-01,15,Hawaii,HI,2.2,-0.5,662600,0.56,,,-10.15,
2020-02-01,16,Idaho,ID,2.8,-0.2,773300,2.87,,,1.94,
2020-02-01,17,Illinois,IL,3.8,-0.7,6137700,0.44,,,-5.57,
2020-02-01,18,Indiana,IN,3.5,0,3165300,,,,-2.89,
2020-02-01,19,Iowa,IA,2.7,0.1,1588300,0.32,,,-1.14,
2020-02-01,20,Kansas,KS,3.1,-0.2,1428000,0.58,,,-0.89,
2020-02-01,21,Kentucky,KY,4.1,-0.1,1954300,0.89,,,-2.71,
2020-02-01,22,Louisiana,LA,4.7,0.1,1992800,-0.28,,,-7.18,
2020-02-01,23,Maine,ME,3.2,0.2,638200,0.66,,,0.98,
2020-02-01,24,Maryland,MD,3.4,-0.1,2795100,0.35,,,-3.41,
2020-02-01,25,Massachusetts,MA,3.1,-0.1,3745600,1.49,,,-1.16,
2020-02-01,26,Michigan,MI,3.8,-0.4,4449000,0.17,,,-3.68,
2020-02-01,27,Minnesota,MN,3.5,0.2,2995000,0.76,,,-3.28,
2020-02-01,28,Mississippi,MS,5.7,0.3,1161000,0.27,,,-0.8,
2020-02-01,29,Missouri,MO,3.4,0.1,2927000,0.79,,,-1.87,
2020-02-01,30,Montana,MT,3.5,-0.1,487900,1.48,,,-0.56,
2020-02-01,31,Nebraska,NE,3,-0.1,1031700,0.69,,,-0.65,
2020-02-01,32,Nevada,NV,4.4,0.1,1443200,2.37,,,-5.65,
2020-02-01,33,New Hampshire,NH,2.6,0,689500,0.91,,,-1.52,
2020-02-01,34,New Jersey,NJ,4.1,0.7,4225100,0.9,,,-3.47,
2020-02-01,35,New Mexico,NM,5.3,0.2,861000,1.25,,,-2.71,
2020-02-01,36,New York,NY,4.2,0.3,9835000,0.73,,,-2.79,
2020-02-01,37,North Carolina,NC,3.8,-0.2,4641400,1.5,,,-0.61,
2020-02-01,38,North Dakota,ND,2.2,-0.1,440500,0.18,,,-5.99,
2020-02-01,39,Ohio,OH,4.5,0.3,5607700,0.45,,,-2.79,
2020-02-01,40,Oklahoma,OK,3.2,0,1702800,-0.09,,,-4.25,
2020-02-01,41,Oregon,OR,3.6,-0.5,1969200,1.57,,,-0.99,
2020-02-01,42,Pennsylvania,PA,4.6,0.3,6084300,0.68,,,-4.6,
2020-02-01,44,Rhode Island,RI,3.6,-0.1,508700,0.87,,,-3.2,
2020-02-01,45,South Carolina,SC,2.9,-0.3,2195100,0.92,,,-2.25,
2020-02-01,46,South Dakota,SD,2.5,-0.3,443200,0.91,,,0.5,
2020-02-01,47,Tennessee,TN,3.5,0.1,3157000,1.42,,,-0.63,
2020-02-01,48,Texas,TX,3.6,-0.1,12963000,1.94,,,-1.83,
2020-02-01,49,Utah,UT,2.5,-0.2,1572800,2.01,,,1.03,
2020-02-01,50,Vermont,VT,2.2,0,315600,-0.38,,,-3.26,
2020-02-01,51,Virginia,VA,2.9,-0.1,4088600,1.21,,,-1.2,
2020-02-01,53,Washington,WA,3.8,-0.8,3512900,2.63,,,0.06,
2020-02-01,54,West Virginia,WV,5.3,0.4,712700,-0.54,,,-3.38,
2020-02-01,55,Wisconsin,WI,3.1,0,2997100,0.39,,,-3.24,
2020-02-01,56,Wyoming,WY,4.6,1,289800,-0.14,,,-6.17,
2020-01-01,01,Alabama,AL,3.2,-0.5,2088100,1.05,222288753,222288753,-1.32,87.561
2020-01-01,02,Alaska,AK,5.3,-0.7,328600,0.15,50332774,50332774,-3.9,101.35
2020-01-01,04,Arizona,AZ,4.8,-0.2,2988300,2.79,365027704,365027704,1.52,99.207
2020-01-01,05,Arkansas,AR,3.5,-0.2,1294200,1.17,128340910,128340910,0.88,88.168
2020-01-01,06,California,CA,,,,,2933320241,2933320241,-1.22,111.941
2020-01-01,08,Colorado,CO,,,,,380188778,380188778,-0.92,103.766
2020-01-01,09,Connecticut,CT,,,,,260765221,260765221,-5.25,105.091
2020-01-01,10,Delaware,DE,3.6,0.1,467500,0.82,72506771,72506771,-2.84,96.782
2020-01-01,11,District of Columbia,DC,5.5,-0.4,803800,1.34,137640835,137640835,-0.91,110.894
2020-01-01,12,Florida,FL,3,-0.5,9076500,2.04,1069758799,1069758799,-1.4,100.61
2020-01-01,13,Georgia,GA,3.6,-0.3,4675700,1.58,604745903,604745903,-2.58,94.476
2020-01-01,15,Hawaii,HI,2.2,-0.6,663400,0.99,79840117,79840117,-10.15,113.249
2020-01-01,16,Idaho,ID,2.8,-0.2,772600,2.93,82717394,82717394,1.94,91.019
2020-01-01,17,Illinois,IL,3.7,-0.9,6140900,0.46,810200898,810200898,-5.57,100.341
2020-01-01,18,Indiana,IN,3.4,-0.1,3162400,-0.08,359787289,359787289,-2.89,91.766
2020-01-01,19,Iowa,IA,2.7,0.1,1589100,0.05,186328235,186328235,-1.14,90.606
2020-01-01,20,Kansas,KS,3.1,-0.2,1429400,0.73,168056838,168056838,-0.89,92.264
2020-01-01,21,Kentucky,KY,4.1,-0.1,1951800,0.67,206049605,206049605,-2.71,89.084
2020-01-01,22,Louisiana,LA,4.7,0,1991800,-0.22,228951277,228951277,-7.18,91.152
2020-01-01,23,Maine,ME,3.2,0.1,638800,0.79,67410917,67410917,0.98,97.886
2020-01-01,24,Maryland,MD,3.3,-0.3,2792700,0.28,388782771,388782771,-3.41,106.386
2020-01-01,25,Massachusetts,MA,3,-0.2,3734300,1.38,559764997,559764997,-1.16,109.097
2020-01-01,26,Michigan,MI,3.8,-0.4,4448300,0.25,501893842,501893842,-3.68,94.424
2020-01-01,27,Minnesota,MN,3.4,0.1,2993900,0.68,357475563,357475563,-3.28,97.749
2020-01-01,28,Mississippi,MS,5.6,0.2,1160500,0.14,110322805,110322805,-0.8,85.58
2020-01-01,29,Missouri,MO,3.4,0.1,2925900,0.68,315332580,315332580,-1.87,92.157
2020-01-01,30,Montana,MT,3.5,-0.1,488700,1.35,49981446,49981446,-0.56,91.973
2020-01-01,31,Nebraska,NE,3,-0.1,1032200,0.39,126734862,126734862,-0.65,92.81
2020-01-01,32,Nevada,NV,4.2,-0.1,1442400,2.54,166076969,166076969,-5.65,97.188
2020-01-01,33,New Hampshire,NH,2.5,-0.1,687500,0.82,83152633,83152633,-1.52,105.271
2020-01-01,34,New Jersey,NJ,4,0.5,4219600,0.76,597221366,597221366,-3.47,110.712
2020-01-01,35,New Mexico,NM,5.1,0,863300,1.8,97622409,97622409,-2.71,91.807
2020-01-01,36,New York,NY,4.1,0.1,9828000,0.72,1656784776,1656784776,-2.79,110.118
2020-01-01,37,North Carolina,NC,3.8,-0.2,4640100,1.47,564504431,564504431,-0.61,91.345
2020-01-01,38,North Dakota,ND,2.1,-0.3,440500,0.14,55850615,55850615,-5.99,91.814
2020-01-01,39,Ohio,OH,4.4,0,5611000,0.48,655243295,655243295,-2.79,91.932
2020-01-01,40,Oklahoma,OK,3.1,-0.1,1704200,0.18,191560857,191560857,-4.25,89.634
2020-01-01,41,Oregon,OR,3.4,-0.8,1969600,1.3,237424218,237424218,-0.99,103.246
2020-01-01,42,Pennsylvania,PA,4.4,0.1,6088500,0.71,736381296,736381296,-4.6,97.687
2020-01-01,44,Rhode Island,RI,3.5,-0.3,507000,0.38,58231651,58231651,-3.2,101.767
2020-01-01,45,South Carolina,SC,2.8,-0.4,2200600,1.23,233650126,233650126,-2.25,90.874
2020-01-01,46,South Dakota,SD,2.5,-0.3,441900,0.39,52770673,52770673,0.5,91.326
2020-01-01,47,Tennessee,TN,3.4,-0.1,3154300,1.43,367863561,367863561,-0.63,90.499
2020-01-01,48,Texas,TX,3.5,-0.2,12945900,2.07,1773657126,1773657126,-1.83,98.774
2020-01-01,49,Utah,UT,2.5,-0.3,1572300,2.09,194750236,194750236,1.03,95.262
2020-01-01,50,Vermont,VT,2.1,-0.2,316500,0.06,32252651,32252651,-3.26,102.132
2020-01-01,51,Virginia,VA,2.8,-0.3,4090000,1.36,534532298,534532298,-1.2,101.01
2020-01-01,53,Washington,WA,3.6,-1.1,3507100,1.88,589156766,589156766,0.06,107.869
2020-01-01,54,West Virginia,WV,5.2,0.2,715700,-0.32,74553772,74553772,-3.38,87.333
2020-01-01,55,Wisconsin,WI,3.1,0,2999000,0.23,322470643,322470643,-3.24,92.665
2020-01-01,56,Wyoming,WY,4.4,0.7,291000,0.62,36198198,36198198,-6.17,91.831
2020-01-01,91,New England,,,,,,1061531776,1061531776,-2.27,
2020-01-01,92,Mideast,,,,,,3589546702,3589546702,-3.27,
2020-01-01,93,Great Lakes,,,,,,2649553265,2649553265,-3.9,
2020-01-01,94,Plains,,,,,,1262663108,1262663108,-2,
2020-01-01,95,Southeast,,,,,,4345697448,4345697448,-1.75,
2020-01-01,96,Southwest,,,,,,2428217260,2428217260,-1.56,
2020-01-01,97,Rocky Mountain,,,,,,743870716,743870716,-0.34,
2020-01-01,98,Far West,,,,,,4055843532,4055843532,-1.44,
2019-12-01,01,Alabama,AL,3.1,-0.7,2084199.9999999998,1.18,,,2.02,
2019-12-01,02,Alaska,AK,5.2,-0.9,328300,0.27,,,-0.19,
2019-12-01,04,Arizona,AZ,4.7,-0.3,2987400,3.17,,,3.8,
2019-12-01,05,Arkansas,AR,3.5,-0.2,1290000,1.14,,,0.67,
2019-12-01,10,Delaware,DE,3.6,0.1,466900,0.91,,,5.32,
2019-12-01,11,District of Columbia,DC,5.4,-0.5,799900,0.74,,,0.62,
2019-12-01,12,Florida,FL,3,-0.5,9065100,2.19,,,3.28,
2019-12-01,13,Georgia,GA,3.5,-0.4,4664600,1.87,,,3.3,
2019-12-01,15,Hawaii,HI,2.2,-0.5,659300,-0.11,,,0.02,
2019-12-01,16,Idaho,ID,2.8,-0.2,771600,3.04,,,4.5,
2019-12-01,17,Illinois,IL,3.6,-1,6128700,0.28,,,0.76,
2019-12-01,18,Indiana,IN,3.3,-0.3,3168300,0.74,,,0.47,
2019-12-01,19,Iowa,IA,2.7,0.1,1590300,0.27,,,-0.41,
2019-12-01,20,Kansas,KS,3.1,-0.2,1429200,0.63,,,-0.14,
2019-12-01,21,Kentucky,KY,4,-0.2,1950800,0.96,,,2.84,
2019-12-01,22,Louisiana,LA,4.8,0,1988900,-0.22,,,0.59,
2019-12-01,23,Maine,ME,3.1,-0.1,637400,0.65,,,3.01,
2019-12-01,24,Maryland,MD,3.2,-0.4,2797400,0.69,,,0.01,
2019-12-01,25,Massachusetts,MA,3,-0.3,3732600,1.49,,,3.11,
2019-12-01,26,Michigan,MI,3.8,-0.4,4459500,0.45,,,0.82,
2019-12-01,27,Minnesota,MN,3.4,0.2,2988500,0.51,,,1.32,
2019-12-01,28,Mississippi,MS,5.5,0.2,1154400,0.03,,,0.94,
2019-12-01,29,Missouri,MO,3.4,0.2,2930400,1.11,,,2.27,
2019-12-01,30,Montana,MT,3.5,-0.1,487300,1.06,,,1.63,
2019-12-01,31,Nebraska,NE,3.1,0,1029099.9999999999,0.6,,,1.61,
2019-12-01,32,Nevada,NV,4.1,-0.2,1439900,2.86,,,4.38,
2019-12-01,33,New Hampshire,NH,2.5,-0.1,687800,1.06,,,2.64,
2019-12-01,34,New Jersey,NJ,3.9,0.3,4212100,0.72,,,1.94,
2019-12-01,35,New Mexico,NM,5,-0.2,861800,1.89,,,4.44,
2019-12-01,36,New York,NY,4,0,9809000,0.66,,,2.35,
2019-12-01,37,North Carolina,NC,3.7,-0.3,4625800,2.03,,,2.05,
2019-12-01,38,North Dakota,ND,2,-0.3,440800,0.23,,,1.52,
2019-12-01,39,Ohio,OH,4.3,-0.2,5607900,0.61,,,2.72,
2019-12-01,40,Oklahoma,OK,3.1,-0.1,1705700,0.44,,,2.06,
2019-12-01,41,Oregon,OR,3.4,-0.9,1969200,1.61,,,2.34,
2019-12-01,42,Pennsylvania,PA,4.4,0.1,6084900,0.8,,,1.05,
2019-12-01,44,Rhode Island,RI,3.4,-0.4,505800,0.62,,,2.41,
2019-12-01,45,South Carolina,SC,2.6,-0.6,2200700,1.46,,,3.18,
2019-12-01,46,South Dakota,SD,2.6,-0.1,441800,0.55,,,1.1,
2019-12-01,47,Tennessee,TN,3.4,-0.1,3148200,1.64,,,2.16,
2019-12-01,48,Texas,TX,3.5,-0.3,12920400,2.07,,,3.45,
2019-12-01,49,Utah,UT,2.4,-0.4,1572100,2.35,,,5.85,
2019-12-01,50,Vermont,VT,2.1,-0.2,316000,-0.25,,,1.56,
2019-12-01,51,Virginia,VA,2.7,-0.3,4079300,1.3,,,2.51,
2019-12-01,53,Washington,WA,3.7,-0.9,3502500,2.2,,,4.81,
2019-12-01,54,West Virginia,WV,5.1,0.1,711500,-1.26,,,-0.32,
2019-12-01,55,Wisconsin,WI,3.2,0.2,2998300,0.25,,,1.35,
2019-12-01,56,Wyoming,WY,4.2,0.3,290900,0.9,,,1.58,
2019-11-01,01,Alabama,AL,3,-0.8,2083699.9999999998,1.2,,,2.02,
2019-11-01,02,Alaska,AK,5.3,-0.7,329800,0.52,,,-0.19,
2019-11-01,04,Arizona,AZ,4.7,-0.3,2974100,2.92,,,3.8,
2019-11-01,05,Arkansas,AR,3.5,-0.2,1288200,1.18,,,0.67,
2019-11-01,10,Delaware,DE,3.6,0.1,466800,1.19,,,5.32,
2019-11-01,11,District of Columbia,DC,5.2,-0.5,799200,0.71,,,0.62,
2019-11-01,12,Florida,FL,3.1,-0.4,9047600,2.07,,,3.28,
2019-11-01,13,Georgia,GA,3.4,-0.5,4655000,1.7,,,3.3,
2019-11-01,15,Hawaii,HI,2.3,-0.4,660600,-0.02,,,0.02,
2019-11-01,16,Idaho,ID,2.8,-0.2,769900,3.11,,,4.5,
2019-11-01,17,Illinois,IL,3.6,-0.9,6124100,0.14,,,0.76,
2019-11-01,18,Indiana,IN,3.3,-0.3,3164800,0.62,,,0.47,
2019-11-01,19,Iowa,IA,2.7,0.1,1587600,0.08,,,-0.41,
2019-11-01,20,Kansas,KS,3.1,-0.2,1427100,0.54,,,-0.14,
2019-11-01,21,Kentucky,KY,4,-0.2,1951900,0.78,,,2.84,
2019-11-01,22,Louisiana,LA,4.8,0,1993400,-0.08,,,0.59,
2019-11-01,23,Maine,ME,3,-0.3,637300,0.71,,,3.01,
2019-11-01,24,Maryland,MD,3.2,-0.5,2798300,0.59,,,0.01,
2019-11-01,25,Massachusetts,MA,3,-0.3,3723900,1.52,,,3.11,
2019-11-01,26,Michigan,MI,3.8,-0.4,4449100,0.15,,,0.82,
2019-11-01,27,Minnesota,MN,3.3,0.1,2986600,0.45,,,1.32,
2019-11-01,28,Mississippi,MS,5.5,0.3,1156600,0.02,,,0.94,
2019-11-01,29,Missouri,MO,3.4,0.2,2927200,1,,,2.27,
2019-11-01,30,Montana,MT,3.5,-0.2,487600,1.18,,,1.63,
2019-11-01,31,Nebraska,NE,3.1,0.1,1030000,0.51,,,1.61,
2019-11-01,32,Nevada,NV,4.1,-0.2,1436900,2.64,,,4.38,
2019-11-01,33,New Hampshire,NH,2.5,-0.1,686000,0.84,,,2.64,
2019-11-01,34,New Jersey,NJ,3.8,0.1,4215300,0.74,,,1.94,
2019-11-01,35,New Mexico,NM,4.9,-0.2,860500,1.81,,,4.44,
2019-11-01,36,New York,NY,4,0,9810400,0.76,,,2.35,
2019-11-01,37,North Carolina,NC,3.8,-0.2,4623200,1.85,,,2.05,
2019-11-01,38,North Dakota,ND,2,-0.3,441000,0.5,,,1.52,
2019-11-01,39,Ohio,OH,4.3,-0.2,5606000,0.58,,,2.72,
2019-11-01,40,Oklahoma,OK,3.1,-0.1,1707400,0.6,,,2.06,
2019-11-01,41,Oregon,OR,3.4,-0.8,1967500,1.64,,,2.34,
2019-11-01,42,Pennsylvania,PA,4.3,0,6084600,0.81,,,1.05,
2019-11-01,44,Rhode Island,RI,3.4,-0.5,505700,0.72,,,2.41,
2019-11-01,45,South Carolina,SC,2.5,-0.7,2200800,1.38,,,3.18,
2019-11-01,46,South Dakota,SD,2.6,-0.1,442500,0.84,,,1.1,
2019-11-01,47,Tennessee,TN,3.4,-0.1,3145900,1.55,,,2.16,
2019-11-01,48,Texas,TX,3.5,-0.3,12916300,2.24,,,3.45,
2019-11-01,49,Utah,UT,2.4,-0.5,1572400,2.58,,,5.85,
2019-11-01,50,Vermont,VT,2.1,-0.2,315900,-0.28,,,1.56,
2019-11-01,51,Virginia,VA,2.7,-0.3,4078500,1.27,,,2.51,
2019-11-01,53,Washington,WA,3.8,-0.7,3490600,1.9,,,4.81,
2019-11-01,54,West Virginia,WV,5.1,0.1,711600,-1.59,,,-0.32,
2019-11-01,55,Wisconsin,WI,3.2,0.2,2993000,0.04,,,1.35,
2019-11-01,56,Wyoming,WY,4,0,290800,0.97,,,1.58,
2019-10-01,01,Alabama,AL,3,-0.8,2080199.9999999998,1.13,,,2.02,
2019-10-01,02,Alaska,AK,5.4,-0.6,330700,0.61,,,-0.19,
2019-10-01,04,Arizona,AZ,4.7,-0.2,2964400,2.87,,,3.8,
2019-10-01,05,Arkansas,AR,3.5,-0.1,1285200,0.97,,,0.67,
2019-10-01,10,Delaware,DE,3.6,0.1,465500,0.8,,,5.32,
2019-10-01,11,District of Columbia,DC,5.2,-0.4,798400,0.58,,,0.62,
2019-10-01,12,Florida,FL,3.1,-0.4,9028200,1.98,,,3.28,
2019-10-01,13,Georgia,GA,3.4,-0.5,4649000,1.72,,,3.3,
2019-10-01,15,Hawaii,HI,2.4,-0.2,660800,0.21,,,0.02,
2019-10-01,16,Idaho,ID,2.9,0,766700,2.84,,,4.5,
2019-10-01,17,Illinois,IL,3.7,-0.7,6128900,0.31,,,0.76,
2019-10-01,18,Indiana,IN,3.3,-0.2,3159900,0.35,,,0.47,
2019-10-01,19,Iowa,IA,2.7,0.2,1588500,0.28,,,-0.41,
2019-10-01,20,Kansas,KS,3.1,-0.2,1425100,0.55,,,-0.14,
2019-10-01,21,Kentucky,KY,4,-0.2,1945900,0.68,,,2.84,
2019-10-01,22,Louisiana,LA,4.8,0,1991100,-0.33,,,0.59,
2019-10-01,23,Maine,ME,3,-0.3,637600,0.79,,,3.01,
2019-10-01,24,Maryland,MD,3.3,-0.4,2793100,0.63,,,0.01,
2019-10-01,25,Massachusetts,MA,3,-0.3,3718700,1.47,,,3.11,
2019-10-01,26,Michigan,MI,3.9,-0.2,4424800,-0.37,,,0.82,
2019-10-01,27,Minnesota,MN,3.3,0.2,2989400,0.73,,,1.32,
2019-10-01,28,Mississippi,MS,5.6,0.6,1155800,0.03,,,0.94,
2019-10-01,29,Missouri,MO,3.3,0.2,2923800,0.87,,,2.27,
2019-10-01,30,Montana,MT,3.5,-0.2,488100,1.58,,,1.63,
2019-10-01,31,Nebraska,NE,3.1,0.1,1028900.0000000001,0.51,,,1.61,
2019-10-01,32,Nevada,NV,4.1,-0.2,1426400,2.07,,,4.38,
2019-10-01,33,New Hampshire,NH,2.6,0.1,685400,0.88,,,2.64,
2019-10-01,34,New Jersey,NJ,3.7,0,4203000,0.65,,,1.94,
2019-10-01,35,New Mexico,NM,4.9,-0.1,859400,1.95,,,4.44,
2019-10-01,36,New York,NY,3.9,-0.1,9793900,0.66,,,2.35,
2019-10-01,37,North Carolina,NC,3.8,-0.2,4617200,1.76,,,2.05,
2019-10-01,38,North Dakota,ND,2.1,-0.2,441700,0.87,,,1.52,
2019-10-01,39,Ohio,OH,4.3,-0.2,5597800,0.39,,,2.72,
2019-10-01,40,Oklahoma,OK,3.2,0.1,1705900,0.57,,,2.06,
2019-10-01,41,Oregon,OR,3.4,-0.8,1964700,1.68,,,2.34,
2019-10-01,42,Pennsylvania,PA,4.3,0,6079600,0.72,,,1.05,
2019-10-01,44,Rhode Island,RI,3.4,-0.5,505000,0.54,,,2.41,
2019-10-01,45,South Carolina,SC,2.4,-0.9,2199900,1.53,,,3.18,
2019-10-01,46,South Dakota,SD,2.7,0,441900,0.68,,,1.1,
2019-10-01,47,Tennessee,TN,3.3,-0.2,3131800,1.29,,,2.16,
2019-10-01,48,Texas,TX,3.5,-0.3,12881600,2.12,,,3.45,
2019-10-01,49,Utah,UT,2.4,-0.5,1569200,2.64,,,5.85,
2019-10-01,50,Vermont,VT,2.2,-0.1,315500,-0.32,,,1.56,
2019-10-01,51,Virginia,VA,2.7,-0.2,4076400,1.38,,,2.51,
2019-10-01,53,Washington,WA,3.9,-0.5,3485200,1.87,,,4.81,
2019-10-01,54,West Virginia,WV,5,0,714000,-1.59,,,-0.32,
2019-10-01,55,Wisconsin,WI,3.3,0.3,2993400,0.22,,,1.35,
2019-10-01,56,Wyoming,WY,3.9,-0.1,292000,1.64,,,1.58,
2019-09-01,01,Alabama,AL,3,-0.9,2082800.0000000002,1.4,,,2.02,
2019-09-01,02,Alaska,AK,5.5,-0.4,332100,1.28,,,-0.19,
2019-09-01,04,Arizona,AZ,4.7,-0.1,2960500,2.86,,,3.8,
2019-09-01,05,Arkansas,AR,3.5,-0.1,1282500,0.7,,,0.67,
2019-09-01,10,Delaware,DE,3.6,0.1,465800,1.19,,,5.32,
2019-09-01,11,District of Columbia,DC,5.2,-0.3,797500,0.58,,,0.62,
2019-09-01,12,Florida,FL,3.2,-0.3,8989500,1.62,,,3.28,
2019-09-01,13,Georgia,GA,3.5,-0.4,4649500,1.63,,,3.3,
2019-09-01,15,Hawaii,HI,2.4,-0.2,662200,0.61,,,0.02,
2019-09-01,16,Idaho,ID,2.9,0.1,762800,2.8,,,4.5,
2019-09-01,17,Illinois,IL,3.7,-0.7,6129700,0.22,,,0.76,
2019-09-01,18,Indiana,IN,3.3,-0.2,3162600,0.41,,,0.47,
2019-09-01,19,Iowa,IA,2.7,0.2,1587600,0.09,,,-0.41,
2019-09-01,20,Kansas,KS,3.1,-0.1,1425500,0.35,,,-0.14,
2019-09-01,21,Kentucky,KY,4,-0.2,1950900,0.87,,,2.84,
2019-09-01,22,Louisiana,LA,4.8,0,1994500,-0.01,,,0.59,
2019-09-01,23,Maine,ME,2.9,-0.4,638400,1.29,,,3.01,
2019-09-01,24,Maryland,MD,3.3,-0.4,2786100,0.45,,,0.01,
2019-09-01,25,Massachusetts,MA,3,-0.3,3718400,1.53,,,3.11,
2019-09-01,26,Michigan,MI,4,0,4449600,0.51,,,0.82,
2019-09-01,27,Minnesota,MN,3.3,0.3,2987200,0.61,,,1.32,
2019-09-01,28,Mississippi,MS,5.6,0.7,1158700,0.29,,,0.94,
2019-09-01,29,Missouri,MO,3.3,0.2,2922000,0.76,,,2.27,
2019-09-01,30,Montana,MT,3.5,-0.1,486400,1.31,,,1.63,
2019-09-01,31,Nebraska,NE,3.2,0.3,1027599.9999999999,0.17,,,1.61,
2019-09-01,32,Nevada,NV,4,-0.3,1426500,2.25,,,4.38,
2019-09-01,33,New Hampshire,NH,2.6,0.1,684400,1,,,2.64,
2019-09-01,34,New Jersey,NJ,3.6,-0.2,4201500,0.87,,,1.94,
2019-09-01,35,New Mexico,NM,4.9,0,858300,1.67,,,4.44,
2019-09-01,36,New York,NY,3.9,0,9804600,1.08,,,2.35,
2019-09-01,37,North Carolina,NC,3.9,-0.1,4613900,2.33,,,2.05,
2019-09-01,38,North Dakota,ND,2.1,-0.2,440900,0.85,,,1.52,
2019-09-01,39,Ohio,OH,4.2,-0.2,5597900,0.43,,,2.72,
2019-09-01,40,Oklahoma,OK,3.2,0.1,1707500,0.79,,,2.06,
2019-09-01,41,Oregon,OR,3.5,-0.6,1961600,1.6,,,2.34,
2019-09-01,42,Pennsylvania,PA,4.3,0.1,6079400,0.84,,,1.05,
2019-09-01,44,Rhode Island,RI,3.5,-0.4,504900,0.46,,,2.41,
2019-09-01,45,South Carolina,SC,2.4,-0.9,2203700,2.19,,,3.18,
2019-09-01,46,South Dakota,SD,2.7,0,440800,0.41,,,1.1,
2019-09-01,47,Tennessee,TN,3.3,-0.2,3142400,1.72,,,2.16,
2019-09-01,48,Texas,TX,3.5,-0.3,12878700,2.28,,,3.45,
2019-09-01,49,Utah,UT,2.4,-0.5,1566700,2.59,,,5.85,
2019-09-01,50,Vermont,VT,2.1,-0.3,315800,-0.13,,,1.56,
2019-09-01,51,Virginia,VA,2.6,-0.2,4063500,1.2,,,2.51,
2019-09-01,53,Washington,WA,3.9,-0.4,3480100,2.02,,,4.81,
2019-09-01,54,West Virginia,WV,5,0,715500,-1.17,,,-0.32,
2019-09-01,55,Wisconsin,WI,3.3,0.3,2984600,-0.04,,,1.35,
2019-09-01,56,Wyoming,WY,3.8,-0.2,291000,1.57,,,1.58,
2019-08-01,01,Alabama,AL,3,-0.9,2083600,1.59,,,2.02,
2019-08-01,02,Alaska,AK,5.6,-0.3,330900,0.98,,,-0.19,
2019-08-01,04,Arizona,AZ,4.8,0.1,2958600,3.23,,,3.8,
2019-08-01,05,Arkansas,AR,3.5,0,1282200,0.87,,,0.67,
2019-08-01,10,Delaware,DE,3.6,0.1,466500,1.48,,,5.32,
2019-08-01,11,District of Columbia,DC,5.3,-0.2,797000,0.48,,,0.62,
2019-08-01,12,Florida,FL,3.2,-0.3,8995900,1.95,,,3.28,
2019-08-01,13,Georgia,GA,3.5,-0.4,4642300,1.78,,,3.3,
2019-08-01,15,Hawaii,HI,2.4,-0.1,656700,-0.41,,,0.02,
2019-08-01,16,Idaho,ID,2.9,0.1,763600,2.86,,,4.5,
2019-08-01,17,Illinois,IL,3.7,-0.6,6131700,0.33,,,0.76,
2019-08-01,18,Indiana,IN,3.3,-0.2,3162000,0.44,,,0.47,
2019-08-01,19,Iowa,IA,2.7,0.2,1588200,0.25,,,-0.41,
2019-08-01,20,Kansas,KS,3.1,-0.1,1427900,0.51,,,-0.14,
2019-08-01,21,Kentucky,KY,4.1,-0.1,1948700,1.09,,,2.84,
2019-08-01,22,Louisiana,LA,4.7,-0.2,1993200,0.06,,,0.59,
2019-08-01,23,Maine,ME,2.8,-0.5,637100,1.43,,,3.01,
2019-08-01,24,Maryland,MD,3.4,-0.3,2786300,0.35,,,0.01,
2019-08-01,25,Massachusetts,MA,3,-0.4,3714800,1.63,,,3.11,
2019-08-01,26,Michigan,MI,4.1,0.1,4449000,0.44,,,0.82,
2019-08-01,27,Minnesota,MN,3.3,0.4,2990600,0.77,,,1.32,
2019-08-01,28,Mississippi,MS,5.6,0.8,1159500,0.42,,,0.94,
2019-08-01,29,Missouri,MO,3.2,0.1,2913200,0.55,,,2.27,
2019-08-01,30,Montana,MT,3.5,-0.1,486300,1.42,,,1.63,
2019-08-01,31,Nebraska,NE,3.2,0.3,1028200,0.24,,,1.61,
2019-08-01,32,Nevada,NV,4,-0.2,1425500,2.48,,,4.38,
2019-08-01,33,New Hampshire,NH,2.5,-0.1,684500,0.99,,,2.64,
2019-08-01,34,New Jersey,NJ,3.4,-0.5,4201400,0.9,,,1.94,
2019-08-01,35,New Mexico,NM,4.9,0.1,858400,1.79,,,4.44,
2019-08-01,36,New York,NY,3.9,0,9785900,0.89,,,2.35,
2019-08-01,37,North Carolina,NC,3.9,0,4602100,1.7,,,2.05,
2019-08-01,38,North Dakota,ND,2.1,-0.1,442000,1.19,,,1.52,
2019-08-01,39,Ohio,OH,4.1,-0.3,5600900,0.55,,,2.72,
2019-08-01,40,Oklahoma,OK,3.1,0,1706100,0.66,,,2.06,
2019-08-01,41,Oregon,OR,3.6,-0.3,1960100,1.9,,,2.34,
2019-08-01,42,Pennsylvania,PA,4.2,0,6082500,1.08,,,1.05,
2019-08-01,44,Rhode Island,RI,3.5,-0.4,505300,0.62,,,2.41,
2019-08-01,45,South Carolina,SC,2.5,-0.8,2200900,1.79,,,3.18,
2019-08-01,46,South Dakota,SD,2.7,0,441000,0.55,,,1.1,
2019-08-01,47,Tennessee,TN,3.2,-0.3,3138600,1.78,,,2.16,
2019-08-01,48,Texas,TX,3.5,-0.3,12862100,2.25,,,3.45,
2019-08-01,49,Utah,UT,2.5,-0.4,1562600,2.71,,,5.85,
2019-08-01,50,Vermont,VT,2.1,-0.3,315600,-0.47,,,1.56,
2019-08-01,51,Virginia,VA,2.5,-0.3,4062900,1.12,,,2.51,
2019-08-01,53,Washington,WA,4,-0.2,3478200,2.17,,,4.81,
2019-08-01,54,West Virginia,WV,4.9,-0.1,717100,-0.93,,,-0.32,
2019-08-01,55,Wisconsin,WI,3.3,0.3,2986500,-0.02,,,1.35,
2019-08-01,56,Wyoming,WY,3.8,-0.2,291700,1.78,,,1.58,
2019-07-01,01,Alabama,AL,3,-0.9,2080300.0000000002,1.57,,,2.02,
2019-07-01,02,Alaska,AK,5.6,-0.3,331200,1.13,,,-0.19,
2019-07-01,04,Arizona,AZ,4.8,0.1,2936300,2.7,,,3.8,
2019-07-01,05,Arkansas,AR,3.4,-0.1,1281100,0.93,,,0.67,
2019-07-01,10,Delaware,DE,3.6,0,465800,1.28,,,5.32,
2019-07-01,11,District of Columbia,DC,5.4,-0.2,797100,0.53,,,0.62,
2019-07-01,12,Florida,FL,3.2,-0.4,8969700,2.02,,,3.28,
2019-07-01,13,Georgia,GA,3.6,-0.3,4633400,1.78,,,3.3,
2019-07-01,15,Hawaii,HI,2.5,0.1,657400,0.14,,,0.02,
2019-07-01,16,Idaho,ID,2.9,0.1,760000,2.66,,,4.5,
2019-07-01,17,Illinois,IL,3.8,-0.5,6132900,0.39,,,0.76,
2019-07-01,18,Indiana,IN,3.2,-0.2,3149400,0.3,,,0.47,
2019-07-01,19,Iowa,IA,2.7,0.2,1588100,0.21,,,-0.41,
2019-07-01,20,Kansas,KS,3.1,-0.1,1420700,0.37,,,-0.14,
2019-07-01,21,Kentucky,KY,4.1,-0.1,1950000,0.99,,,2.84,
2019-07-01,22,Louisiana,LA,4.6,-0.3,1986700,-0.19,,,0.59,
2019-07-01,23,Maine,ME,2.8,-0.5,634300,0.95,,,3.01,
2019-07-01,24,Maryland,MD,3.4,-0.3,2784700,0.41,,,0.01,
2019-07-01,25,Massachusetts,MA,3,-0.4,3713200,1.63,,,3.11,
2019-07-01,26,Michigan,MI,4.1,0.1,4439400,0.34,,,0.82,
2019-07-01,27,Minnesota,MN,3.2,0.3,2986800,0.67,,,1.32,
2019-07-01,28,Mississippi,MS,5.6,0.8,1158800,0.54,,,0.94,
2019-07-01,29,Missouri,MO,3.1,0,2912500,0.59,,,2.27,
2019-07-01,30,Montana,MT,3.5,-0.2,485700,1.38,,,1.63,
2019-07-01,31,Nebraska,NE,3.1,0.2,1026700,0.05,,,1.61,
2019-07-01,32,Nevada,NV,4,-0.3,1421400,2.59,,,4.38,
2019-07-01,33,New Hampshire,NH,2.5,-0.1,683300,0.78,,,2.64,
2019-07-01,34,New Jersey,NJ,3.3,-0.7,4206200,0.98,,,1.94,
2019-07-01,35,New Mexico,NM,4.9,0.2,857100,1.82,,,4.44,
2019-07-01,36,New York,NY,3.8,-0.1,9785200,0.97,,,2.35,
2019-07-01,37,North Carolina,NC,3.9,0,4596100,1.73,,,2.05,
2019-07-01,38,North Dakota,ND,2.1,-0.2,441200,0.94,,,1.52,
2019-07-01,39,Ohio,OH,4,-0.4,5597800,0.58,,,2.72,
2019-07-01,40,Oklahoma,OK,3.1,0,1707100,0.92,,,2.06,
2019-07-01,41,Oregon,OR,3.7,-0.2,1956100,1.89,,,2.34,
2019-07-01,42,Pennsylvania,PA,4.2,-0.1,6067400,0.92,,,1.05,
2019-07-01,44,Rhode Island,RI,3.5,-0.4,504800,0.66,,,2.41,
2019-07-01,45,South Carolina,SC,2.6,-0.7,2197400,1.74,,,3.18,
2019-07-01,46,South Dakota,SD,2.8,0.1,440600,0.64,,,1.1,
2019-07-01,47,Tennessee,TN,3.2,-0.3,3130100,1.77,,,2.16,
2019-07-01,48,Texas,TX,3.5,-0.4,12835000,2.29,,,3.45,
2019-07-01,49,Utah,UT,2.5,-0.4,1558700,2.76,,,5.85,
2019-07-01,50,Vermont,VT,2,-0.4,315500,-0.63,,,1.56,
2019-07-01,51,Virginia,VA,2.5,-0.3,4061600,1,,,2.51,
2019-07-01,53,Washington,WA,4.1,-0.1,3475800,2.27,,,4.81,
2019-07-01,54,West Virginia,WV,4.8,-0.2,716800,-0.91,,,-0.32,
2019-07-01,55,Wisconsin,WI,3.3,0.3,2991200,0.27,,,1.35,
2019-07-01,56,Wyoming,WY,3.7,-0.4,290900,1.5,,,1.58,
2019-06-01,01,Alabama,AL,3,-1,2078300.0000000002,1.46,,,2.02,
2019-06-01,02,Alaska,AK,5.6,-0.4,332200,1.1,,,-0.19,
2019-06-01,04,Arizona,AZ,4.8,0.1,2931900,2.77,,,3.8,
2019-06-01,05,Arkansas,AR,3.4,-0.2,1278600,1.08,,,0.67,
2019-06-01,10,Delaware,DE,3.5,-0.2,465000,0.78,,,5.32,
2019-06-01,11,District of Columbia,DC,5.5,-0.2,797300,0.43,,,0.62,
2019-06-01,12,Florida,FL,3.2,-0.4,8951700,1.9,,,3.28,
2019-06-01,13,Georgia,GA,3.6,-0.4,4629100,1.85,,,3.3,
2019-06-01,15,Hawaii,HI,2.5,0.1,656500,-0.3,,,0.02,
2019-06-01,16,Idaho,ID,2.8,0,759000,2.65,,,4.5,
2019-06-01,17,Illinois,IL,3.9,-0.4,6133500,0.47,,,0.76,
2019-06-01,18,Indiana,IN,3.2,-0.2,3158400,0.42,,,0.47,
2019-06-01,19,Iowa,IA,2.7,0.2,1586900,0.01,,,-0.41,
2019-06-01,20,Kansas,KS,3.1,-0.2,1422700,0.54,,,-0.14,
2019-06-01,21,Kentucky,KY,4.1,-0.1,1943500,0.38,,,2.84,
2019-06-01,22,Louisiana,LA,4.5,-0.4,1994100,-0.02,,,0.59,
2019-06-01,23,Maine,ME,2.7,-0.5,637700,0.84,,,3.01,
2019-06-01,24,Maryland,MD,3.4,-0.4,2795900,0.84,,,0.01,
2019-06-01,25,Massachusetts,MA,3,-0.5,3717700,1.69,,,3.11,
2019-06-01,26,Michigan,MI,4.2,0.2,4442700,0.19,,,0.82,
2019-06-01,27,Minnesota,MN,3.2,0.3,2985800,0.69,,,1.32,
2019-06-01,28,Mississippi,MS,5.5,0.7,1159200,0.35,,,0.94,
2019-06-01,29,Missouri,MO,3.1,0,2911100,0.52,,,2.27,
2019-06-01,30,Montana,MT,3.4,-0.3,483100,0.83,,,1.63,
2019-06-01,31,Nebraska,NE,3.1,0.3,1025800,,,,1.61,
2019-06-01,32,Nevada,NV,4,-0.3,1418600,2.63,,,4.38,
2019-06-01,33,New Hampshire,NH,2.5,-0.1,684200,0.83,,,2.64,
2019-06-01,34,New Jersey,NJ,3.2,-0.9,4200700,0.88,,,1.94,
2019-06-01,35,New Mexico,NM,4.9,0.2,854000,1.2,,,4.44,
2019-06-01,36,New York,NY,3.8,-0.2,9799200,1.06,,,2.35,
2019-06-01,37,North Carolina,NC,3.9,0,4595600,1.76,,,2.05,
2019-06-01,38,North Dakota,ND,2.1,-0.2,441500,0.96,,,1.52,
2019-06-01,39,Ohio,OH,3.9,-0.5,5596100,0.51,,,2.72,
2019-06-01,40,Oklahoma,OK,3,-0.2,1702800,0.66,,,2.06,
2019-06-01,41,Oregon,OR,3.7,-0.1,1951900,1.46,,,2.34,
2019-06-01,42,Pennsylvania,PA,4.2,-0.1,6059800,0.8,,,1.05,
2019-06-01,44,Rhode Island,RI,3.5,-0.5,503300,0.36,,,2.41,
2019-06-01,45,South Carolina,SC,2.7,-0.5,2195600,1.47,,,3.18,
2019-06-01,46,South Dakota,SD,2.8,0.1,440100,0.57,,,1.1,
2019-06-01,47,Tennessee,TN,3.2,-0.3,3120300,1.66,,,2.16,
2019-06-01,48,Texas,TX,3.4,-0.5,12811800,2.28,,,3.45,
2019-06-01,49,Utah,UT,2.5,-0.4,1554000,2.6,,,5.85,
2019-06-01,50,Vermont,VT,2,-0.5,317200,0.48,,,1.56,
2019-06-01,51,Virginia,VA,2.5,-0.3,4062300,1.11,,,2.51,
2019-06-01,53,Washington,WA,4.2,-0.1,3469700,2.06,,,4.81,
2019-06-01,54,West Virginia,WV,4.8,-0.3,716500,-0.76,,,-0.32,
2019-06-01,55,Wisconsin,WI,3.2,0.2,2996700,0.44,,,1.35,
2019-06-01,56,Wyoming,WY,3.6,-0.5,290700,1.86,,,1.58,
2019-05-01,01,Alabama,AL,3.2,-0.8,2077300.0000000002,1.8,,,2.02,
2019-05-01,02,Alaska,AK,5.6,-0.4,330000,0.73,,,-0.19,
2019-05-01,04,Arizona,AZ,4.8,0.1,2931000,2.94,,,3.8,
2019-05-01,05,Arkansas,AR,3.4,-0.2,1279600,1.15,,,0.67,
2019-05-01,10,Delaware,DE,3.5,-0.2,464800,0.69,,,5.32,
2019-05-01,11,District of Columbia,DC,5.6,-0.1,796400,0.28,,,0.62,
2019-05-01,12,Florida,FL,3.3,-0.4,8944300,2.07,,,3.28,
2019-05-01,13,Georgia,GA,3.6,-0.4,4623400,1.95,,,3.3,
2019-05-01,15,Hawaii,HI,2.6,0.3,658200,0.21,,,0.02,
2019-05-01,16,Idaho,ID,2.8,0,758300,3.03,,,4.5,
2019-05-01,17,Illinois,IL,4,-0.3,6131500,0.61,,,0.76,
2019-05-01,18,Indiana,IN,3.2,-0.2,3147900,0.35,,,0.47,
2019-05-01,19,Iowa,IA,2.6,0.1,1587700,0.09,,,-0.41,
2019-05-01,20,Kansas,KS,3.1,-0.2,1423300,0.71,,,-0.14,
2019-05-01,21,Kentucky,KY,4.1,-0.1,1944500,0.67,,,2.84,
2019-05-01,22,Louisiana,LA,4.4,-0.5,1995300,0.21,,,0.59,
2019-05-01,23,Maine,ME,2.7,-0.4,636800,1.21,,,3.01,
2019-05-01,24,Maryland,MD,3.4,-0.4,2789700,0.75,,,0.01,
2019-05-01,25,Massachusetts,MA,3,-0.5,3713700,1.65,,,3.11,
2019-05-01,26,Michigan,MI,4.2,0.1,4444500,0.49,,,0.82,
2019-05-01,27,Minnesota,MN,3.2,0.3,2985000,0.84,,,1.32,
2019-05-01,28,Mississippi,MS,5.4,0.5,1159500,0.41,,,0.94,
2019-05-01,29,Missouri,MO,3.1,-0.1,2910700,0.79,,,2.27,
2019-05-01,30,Montana,MT,3.4,-0.3,484200,1.25,,,1.63,
2019-05-01,31,Nebraska,NE,3.1,0.3,1026400.0000000001,0.11,,,1.61,
2019-05-01,32,Nevada,NV,4.1,-0.3,1418800,2.91,,,4.38,
2019-05-01,33,New Hampshire,NH,2.5,-0.2,684100,0.99,,,2.64,
2019-05-01,34,New Jersey,NJ,3.2,-0.9,4193800,0.87,,,1.94,
2019-05-01,35,New Mexico,NM,5,0.2,852100,1.59,,,4.44,
2019-05-01,36,New York,NY,3.8,-0.3,9791400,1.28,,,2.35,
2019-05-01,37,North Carolina,NC,3.8,-0.1,4588100,1.79,,,2.05,
2019-05-01,38,North Dakota,ND,2.1,-0.3,442000,1.31,,,1.52,
2019-05-01,39,Ohio,OH,3.9,-0.6,5593200,0.68,,,2.72,
2019-05-01,40,Oklahoma,OK,3,-0.3,1705100,1.11,,,2.06,
2019-05-01,41,Oregon,OR,3.8,-0.1,1950200,1.56,,,2.34,
2019-05-01,42,Pennsylvania,PA,4.2,-0.2,6061100,0.97,,,1.05,
2019-05-01,44,Rhode Island,RI,3.5,-0.5,503900,0.52,,,2.41,
2019-05-01,45,South Carolina,SC,2.9,-0.3,2193100,1.62,,,3.18,
2019-05-01,46,South Dakota,SD,2.8,0,439800,0.46,,,1.1,
2019-05-01,47,Tennessee,TN,3.3,-0.2,3125100,1.85,,,2.16,
2019-05-01,48,Texas,TX,3.4,-0.6,12786000,2.38,,,3.45,
2019-05-01,49,Utah,UT,2.6,-0.3,1555400,3.16,,,5.85,
2019-05-01,50,Vermont,VT,2,-0.5,316300,0.32,,,1.56,
2019-05-01,51,Virginia,VA,2.7,-0.2,4053100,1.06,,,2.51,
2019-05-01,53,Washington,WA,4.3,0,3464900,2.09,,,4.81,
2019-05-01,54,West Virginia,WV,4.8,-0.4,717400,-0.19,,,-0.32,
2019-05-01,55,Wisconsin,WI,3.2,0.2,2991300,0.35,,,1.35,
2019-05-01,56,Wyoming,WY,3.5,-0.6,290600,1.79,,,1.58,
2019-04-01,01,Alabama,AL,3.3,-0.7,2075800.0000000002,1.8,,,2.02,
2019-04-01,02,Alaska,AK,5.7,-0.4,329000,0.61,,,-0.19,
2019-04-01,04,Arizona,AZ,4.9,0.2,2925800,3.06,,,3.8,
2019-04-01,05,Arkansas,AR,3.4,-0.3,1280400,1.39,,,0.67,
2019-04-01,10,Delaware,DE,3.5,-0.3,465200,1.2,,,5.32,
2019-04-01,11,District of Columbia,DC,5.7,-0.1,797300,0.52,,,0.62,
2019-04-01,12,Florida,FL,3.3,-0.4,8937400,2.14,,,3.28,
2019-04-01,13,Georgia,GA,3.7,-0.4,4615400,2.05,,,3.3,
2019-04-01,15,Hawaii,HI,2.6,0.4,657400,0.06,,,0.02,
2019-04-01,16,Idaho,ID,2.9,0.1,755500,3,,,4.5,
2019-04-01,17,Illinois,IL,4.2,-0.1,6127400,0.7,,,0.76,
2019-04-01,18,Indiana,IN,3.3,-0.1,3155600,0.73,,,0.47,
2019-04-01,19,Iowa,IA,2.6,0,1587000,0.51,,,-0.41,
2019-04-01,20,Kansas,KS,3.2,-0.2,1426500,1,,,-0.14,
2019-04-01,21,Kentucky,KY,4.1,-0.1,1940600,0.52,,,2.84,
2019-04-01,22,Louisiana,LA,4.4,-0.5,1998200,0.26,,,0.59,
2019-04-01,23,Maine,ME,2.8,-0.2,634400,0.94,,,3.01,
2019-04-01,24,Maryland,MD,3.4,-0.5,2787600,0.82,,,0.01,
2019-04-01,25,Massachusetts,MA,3.1,-0.5,3710100,1.67,,,3.11,
2019-04-01,26,Michigan,MI,4.2,0,4444600,0.67,,,0.82,
2019-04-01,27,Minnesota,MN,3.2,0.2,2981600,1.08,,,1.32,
2019-04-01,28,Mississippi,MS,5.4,0.5,1157600,0.29,,,0.94,
2019-04-01,29,Missouri,MO,3.1,-0.2,2912900,0.96,,,2.27,
2019-04-01,30,Montana,MT,3.5,-0.3,482400,1.34,,,1.63,
2019-04-01,31,Nebraska,NE,3.1,0.3,1025300,0.33,,,1.61,
2019-04-01,32,Nevada,NV,4.1,-0.4,1414900,3,,,4.38,
2019-04-01,33,New Hampshire,NH,2.6,-0.1,682700,0.93,,,2.64,
2019-04-01,34,New Jersey,NJ,3.2,-1,4196300,1.08,,,1.94,
2019-04-01,35,New Mexico,NM,5,0.2,850300,1.36,,,4.44,
2019-04-01,36,New York,NY,3.8,-0.4,9791200,1.46,,,2.35,
2019-04-01,37,North Carolina,NC,3.9,-0.1,4581800,1.89,,,2.05,
2019-04-01,38,North Dakota,ND,2.2,-0.3,440900,1.82,,,1.52,
2019-04-01,39,Ohio,OH,3.9,-0.6,5591500,0.75,,,2.72,
2019-04-01,40,Oklahoma,OK,3.1,-0.3,1706800,1.58,,,2.06,
2019-04-01,41,Oregon,OR,3.9,0,1947900,1.68,,,2.34,
2019-04-01,42,Pennsylvania,PA,4.2,-0.3,6058600,1.02,,,1.05,
2019-04-01,44,Rhode Island,RI,3.5,-0.6,503900,0.82,,,2.41,
2019-04-01,45,South Carolina,SC,3.1,-0.2,2189200,1.59,,,3.18,
2019-04-01,46,South Dakota,SD,2.8,0,438700,0.8,,,1.1,
2019-04-01,47,Tennessee,TN,3.4,-0.1,3121600,1.98,,,2.16,
2019-04-01,48,Texas,TX,3.5,-0.5,12755500,2.46,,,3.45,
2019-04-01,49,Utah,UT,2.6,-0.3,1550700,3.11,,,5.85,
2019-04-01,50,Vermont,VT,2,-0.6,316600,0.48,,,1.56,
2019-04-01,51,Virginia,VA,2.8,-0.3,4050100,1.14,,,2.51,
2019-04-01,53,Washington,WA,4.4,0,3457000,2.1,,,4.81,
2019-04-01,54,West Virginia,WV,4.8,-0.5,718600,0.31,,,-0.32,
2019-04-01,55,Wisconsin,WI,3.2,0.2,2991400,0.57,,,1.35,
2019-04-01,56,Wyoming,WY,3.5,-0.6,289700,1.65,,,1.58,
2019-03-01,01,Alabama,AL,3.4,-0.6,2070400,1.69,,,2.02,
2019-03-01,02,Alaska,AK,5.8,-0.5,329100,0.43,,,-0.19,
2019-03-01,04,Arizona,AZ,4.9,0.1,2922200,2.91,,,3.8,
2019-03-01,05,Arkansas,AR,3.5,-0.2,1279600,1.39,,,0.67,
2019-03-01,10,Delaware,DE,3.5,-0.4,465800,1.42,,,5.32,
2019-03-01,11,District of Columbia,DC,5.9,0.1,798100,0.74,,,0.62,
2019-03-01,12,Florida,FL,3.4,-0.4,8928600,2.21,,,3.28,
2019-03-01,13,Georgia,GA,3.7,-0.5,4613300,1.99,,,3.3,
2019-03-01,15,Hawaii,HI,2.7,0.5,658300,,,,0.02,
2019-03-01,16,Idaho,ID,2.9,0,752400,2.87,,,4.5,
2019-03-01,17,Illinois,IL,4.4,0,6113300,0.12,,,0.76,
2019-03-01,18,Indiana,IN,3.4,0.1,3162300,0.94,,,0.47,
2019-03-01,19,Iowa,IA,2.6,-0.1,1583100,0.19,,,-0.41,
2019-03-01,20,Kansas,KS,3.2,-0.2,1419200,0.39,,,-0.14,
2019-03-01,21,Kentucky,KY,4.1,-0.1,1938200,0.63,,,2.84,
2019-03-01,22,Louisiana,LA,4.5,-0.3,1996400,0.23,,,0.59,
2019-03-01,23,Maine,ME,2.9,-0.1,634500,1.08,,,3.01,
2019-03-01,24,Maryland,MD,3.5,-0.5,2790400,0.86,,,0.01,
2019-03-01,25,Massachusetts,MA,3.1,-0.5,3695300,1.31,,,3.11,
2019-03-01,26,Michigan,MI,4.2,-0.1,4445900,0.45,,,0.82,
2019-03-01,27,Minnesota,MN,3.3,0.3,2975400,0.57,,,1.32,
2019-03-01,28,Mississippi,MS,5.4,0.5,1158200,0.43,,,0.94,
2019-03-01,29,Missouri,MO,3.2,-0.2,2906800,0.55,,,2.27,
2019-03-01,30,Montana,MT,3.5,-0.3,480100,0.73,,,1.63,
2019-03-01,31,Nebraska,NE,3.1,0.2,1021800,-0.12,,,1.61,
2019-03-01,32,Nevada,NV,4.2,-0.4,1413100,3.01,,,4.38,
2019-03-01,33,New Hampshire,NH,2.6,-0.1,684100,1.05,,,2.64,
2019-03-01,34,New Jersey,NJ,3.3,-1,4192899.9999999995,1.08,,,1.94,
2019-03-01,35,New Mexico,NM,5,0.1,851300,1.71,,,4.44,
2019-03-01,36,New York,NY,3.9,-0.4,9779400,1.32,,,2.35,
2019-03-01,37,North Carolina,NC,3.9,-0.2,4583000,2.06,,,2.05,
2019-03-01,38,North Dakota,ND,2.3,-0.3,440000,1.03,,,1.52,
2019-03-01,39,Ohio,OH,4,-0.5,5587800,0.56,,,2.72,
2019-03-01,40,Oklahoma,OK,3.1,-0.4,1705400,1.17,,,2.06,
2019-03-01,41,Oregon,OR,4,0,1942000,1.31,,,2.34,
2019-03-01,42,Pennsylvania,PA,4.3,-0.3,6052000,1.04,,,1.05,
2019-03-01,44,Rhode Island,RI,3.6,-0.7,503500,0.76,,,2.41,
2019-03-01,45,South Carolina,SC,3.1,-0.4,2180200,1.51,,,3.18,
2019-03-01,46,South Dakota,SD,2.8,-0.1,438700,0.43,,,1.1,
2019-03-01,47,Tennessee,TN,3.4,-0.1,3117400,1.93,,,2.16,
2019-03-01,48,Texas,TX,3.6,-0.4,12728600,2.32,,,3.45,
2019-03-01,49,Utah,UT,2.7,-0.3,1545700,2.8,,,5.85,
2019-03-01,50,Vermont,VT,2.1,-0.6,318800,0.95,,,1.56,
2019-03-01,51,Virginia,VA,2.9,-0.3,4046600,1.14,,,2.51,
2019-03-01,53,Washington,WA,4.6,0.1,3444500,1.65,,,4.81,
2019-03-01,54,West Virginia,WV,4.9,-0.4,716100,0.15,,,-0.32,
2019-03-01,55,Wisconsin,WI,3.1,0.1,2990800,0.3,,,1.35,
2019-03-01,56,Wyoming,WY,3.5,-0.6,290000,1.97,,,1.58,
2019-02-01,01,Alabama,AL,3.6,-0.4,2067500,1.77,,,2.02,
2019-02-01,02,Alaska,AK,5.9,-0.5,328400,0.34,,,-0.19,
2019-02-01,04,Arizona,AZ,5,0.2,2912700,2.96,,,3.8,
2019-02-01,05,Arkansas,AR,3.6,-0.2,1280200,1.54,,,0.67,
2019-02-01,10,Delaware,DE,3.5,-0.5,463900,1.07,,,5.32,
2019-02-01,11,District of Columbia,DC,5.9,0,796600,0.71,,,0.62,
2019-02-01,12,Florida,FL,3.4,-0.5,8916300,2.37,,,3.28,
2019-02-01,13,Georgia,GA,3.8,-0.4,4609200,2.24,,,3.3,
2019-02-01,15,Hawaii,HI,2.7,0.6,658900,0.29,,,0.02,
2019-02-01,16,Idaho,ID,3,0.1,751700,2.92,,,4.5,
2019-02-01,17,Illinois,IL,4.5,0.1,6110600,0.34,,,0.76,
2019-02-01,18,Indiana,IN,3.5,0.2,3165300,1.29,,,0.47,
2019-02-01,19,Iowa,IA,2.6,-0.1,1583200,0.17,,,-0.41,
2019-02-01,20,Kansas,KS,3.3,-0.1,1419700,0.47,,,-0.14,
2019-02-01,21,Kentucky,KY,4.2,0,1937100,0.58,,,2.84,
2019-02-01,22,Louisiana,LA,4.6,-0.1,1998400,1.01,,,0.59,
2019-02-01,23,Maine,ME,3,0,634000,0.94,,,3.01,
2019-02-01,24,Maryland,MD,3.5,-0.5,2785300,0.81,,,0.01,
2019-02-01,25,Massachusetts,MA,3.2,-0.4,3690700,1.14,,,3.11,
2019-02-01,26,Michigan,MI,4.2,-0.2,4441300,0.61,,,0.82,
2019-02-01,27,Minnesota,MN,3.3,0.2,2972300,0.44,,,1.32,
2019-02-01,28,Mississippi,MS,5.4,0.5,1157900,0.7,,,0.94,
2019-02-01,29,Missouri,MO,3.3,-0.2,2904200,0.61,,,2.27,
2019-02-01,30,Montana,MT,3.6,-0.3,480800,1.09,,,1.63,
2019-02-01,31,Nebraska,NE,3.1,0.2,1024599.9999999999,0.27,,,1.61,
2019-02-01,32,Nevada,NV,4.3,-0.4,1409800,3.04,,,4.38,
2019-02-01,33,New Hampshire,NH,2.6,-0.1,683300,0.86,,,2.64,
2019-02-01,34,New Jersey,NJ,3.4,-1,4187500,0.87,,,1.94,
2019-02-01,35,New Mexico,NM,5.1,0,850400,1.76,,,4.44,
2019-02-01,36,New York,NY,3.9,-0.5,9764000,1.25,,,2.35,
2019-02-01,37,North Carolina,NC,4,-0.2,4572700,2.12,,,2.05,
2019-02-01,38,North Dakota,ND,2.3,-0.3,439700,1.24,,,1.52,
2019-02-01,39,Ohio,OH,4.2,-0.3,5582500,0.55,,,2.72,
2019-02-01,40,Oklahoma,OK,3.2,-0.4,1704400,1.46,,,2.06,
2019-02-01,41,Oregon,OR,4.1,0,1938700,1.36,,,2.34,
2019-02-01,42,Pennsylvania,PA,4.3,-0.4,6043300,0.92,,,1.05,
2019-02-01,44,Rhode Island,RI,3.7,-0.7,504300,0.86,,,2.41,
2019-02-01,45,South Carolina,SC,3.2,-0.5,2175100,1.41,,,3.18,
2019-02-01,46,South Dakota,SD,2.8,-0.1,439200,0.62,,,1.1,
2019-02-01,47,Tennessee,TN,3.4,-0.1,3112700,1.98,,,2.16,
2019-02-01,48,Texas,TX,3.7,-0.4,12716400,2.59,,,3.45,
2019-02-01,49,Utah,UT,2.7,-0.3,1541800,2.67,,,5.85,
2019-02-01,50,Vermont,VT,2.2,-0.6,316800,0.35,,,1.56,
2019-02-01,51,Virginia,VA,3,-0.3,4039600,1.1,,,2.51,
2019-02-01,53,Washington,WA,4.6,0.1,3422900,1.2,,,4.81,
2019-02-01,54,West Virginia,WV,4.9,-0.5,716600,0.34,,,-0.32,
2019-02-01,55,Wisconsin,WI,3.1,0.1,2985600,0.18,,,1.35,
2019-02-01,56,Wyoming,WY,3.6,-0.6,290200,2.33,,,1.58,
2019-01-01,01,Alabama,AL,3.7,-0.3,2066500,1.88,225272775,225272775,2.02,88.297
2019-01-01,02,Alaska,AK,6,-0.5,328100,0.52,52377485,52377485,-0.19,103.039
2019-01-01,04,Arizona,AZ,5,0.1,2907100,3.19,359576749,359576749,3.8,97.773
2019-01-01,05,Arkansas,AR,3.7,-0.1,1279200,1.69,127220002,127220002,0.67,87.742
2019-01-01,06,California,CA,,,,,2969608988,2969608988,4.16,111.132
2019-01-01,08,Colorado,CO,,,,,383725638,383725638,5.07,102.499
2019-01-01,09,Connecticut,CT,,,,,275225375,275225375,0.23,103.941
2019-01-01,10,Delaware,DE,3.5,-0.6,463700,1.36,74627793,74627793,5.32,98.822
2019-01-01,11,District of Columbia,DC,5.9,0,793200,0.48,138909669,138909669,0.62,109.225
2019-01-01,12,Florida,FL,3.5,-0.4,8894800,2.37,1084913903,1084913903,3.28,99.647
2019-01-01,13,Georgia,GA,3.9,-0.4,4603100,2.32,620744879,620744879,3.3,94.395
2019-01-01,15,Hawaii,HI,2.8,0.7,656900,0.12,88855240,88855240,0.02,111.781
2019-01-01,16,Idaho,ID,3,0,750600,3.25,81144257,81144257,4.5,92.445
2019-01-01,17,Illinois,IL,4.6,0.1,6112800,0.65,858018321,858018321,0.76,99.466
2019-01-01,18,Indiana,IN,3.5,0.2,3164800,1.4,370507207,370507207,0.47,92.827
2019-01-01,19,Iowa,IA,2.6,-0.2,1588300,0.63,188471397,188471397,-0.41,91.814
2019-01-01,20,Kansas,KS,3.3,-0.1,1419100,0.61,169562265,169562265,-0.14,92.764
2019-01-01,21,Kentucky,KY,4.2,0,1938900,0.93,211783083,211783083,2.84,89.591
2019-01-01,22,Louisiana,LA,4.7,0,1996200,0.88,246674444,246674444,0.59,91.156
2019-01-01,23,Maine,ME,3.1,0,633800,1.15,66758382,66758382,3.01,95.618
2019-01-01,24,Maryland,MD,3.6,-0.5,2784800,1.12,402506244,402506244,0.01,105.086
2019-01-01,25,Massachusetts,MA,3.2,-0.5,3683300,1.31,566326787,566326787,3.11,107.165
2019-01-01,26,Michigan,MI,4.2,-0.3,4437300,0.8,521085050,521085050,0.82,95.356
2019-01-01,27,Minnesota,MN,3.3,0.2,2973700,0.56,369617386,369617386,1.32,98.751
2019-01-01,28,Mississippi,MS,5.4,0.5,1158900,0.74,111207799,111207799,0.94,86.521
2019-01-01,29,Missouri,MO,3.3,-0.2,2906200,0.85,321329082,321329082,2.27,92.522
2019-01-01,30,Montana,MT,3.6,-0.3,482200,1.3,50263472,50263472,1.63,94.25
2019-01-01,31,Nebraska,NE,3.1,0.2,1028200,0.72,127568888,127568888,1.61,92.542
2019-01-01,32,Nevada,NV,4.3,-0.4,1406700,3.44,176029722,176029722,4.38,98.847
2019-01-01,33,New Hampshire,NH,2.6,-0.2,681900,0.96,84438198,84438198,2.64,104.02
2019-01-01,34,New Jersey,NJ,3.5,-0.9,4187800,1.18,618690954,618690954,1.94,111.183
2019-01-01,35,New Mexico,NM,5.1,-0.1,848000,1.64,100342190,100342190,4.44,92.981
2019-01-01,36,New York,NY,4,-0.5,9758200,1.53,1704364321,1704364321,2.35,109.418
2019-01-01,37,North Carolina,NC,4,-0.2,4572700,2.36,567975016,567975016,2.05,91.871
2019-01-01,38,North Dakota,ND,2.4,-0.2,439900,1.34,59408464,59408464,1.52,93.203
2019-01-01,39,Ohio,OH,4.4,-0.2,5584100,0.82,674063934,674063934,2.72,93.284
2019-01-01,40,Oklahoma,OK,3.2,-0.5,1701200,1.32,200072209,200072209,2.06,89.329
2019-01-01,41,Oregon,OR,4.2,0.1,1944400,1.88,239794808,239794808,2.34,103.816
2019-01-01,42,Pennsylvania,PA,4.3,-0.5,6045300,1.16,771852456,771852456,1.05,97.958
2019-01-01,44,Rhode Island,RI,3.8,-0.7,505100,1.43,60157586,60157586,2.41,102.407
2019-01-01,45,South Carolina,SC,3.2,-0.7,2173800,1.64,239021317,239021317,3.18,91.494
2019-01-01,46,South Dakota,SD,2.8,-0.1,440200,0.99,52510223,52510223,1.1,91.833
2019-01-01,47,Tennessee,TN,3.5,0,3109900,2.17,370197434,370197434,2.16,91.255
2019-01-01,48,Texas,TX,3.7,-0.4,12683400,2.65,1806736077,1806736077,3.45,98.503
2019-01-01,49,Utah,UT,2.8,-0.2,1540100,3.02,192760581,192760581,5.85,97.259
2019-01-01,50,Vermont,VT,2.3,-0.5,316300,0.73,33339435,33339435,1.56,99.616
2019-01-01,51,Virginia,VA,3.1,-0.3,4035300,1.11,541027958,541027958,2.51,100.056
2019-01-01,53,Washington,WA,4.7,0.1,3442400,2.08,588794408,588794408,4.81,107.979
2019-01-01,54,West Virginia,WV,5,-0.4,718000,0.59,77162193,77162193,-0.32,88.521
2019-01-01,55,Wisconsin,WI,3.1,0.1,2992000,0.62,333256767,333256767,1.35,94.472
2019-01-01,56,Wyoming,WY,3.7,-0.5,289200,1.76,38577118,38577118,1.58,94.12
2019-01-01,91,New England,,,,,,1086223717,1086223717,2.23,
2019-01-01,92,Mideast,,,,,,3711064230,3711064230,1.75,
2019-01-01,93,Great Lakes,,,,,,2756943488,2756943488,1.28,
2019-01-01,94,Plains,,,,,,1288475929,1288475929,1.13,
2019-01-01,95,Southeast,,,,,,4423102626,4423102626,2.49,
2019-01-01,96,Southwest,,,,,,2466718884,2466718884,3.42,
2019-01-01,97,Rocky Mountain,,,,,,746428762,746428762,4.78,
2019-01-01,98,Far West,,,,,,4115306459,4115306459,4,
2018-12-01,01,Alabama,AL,3.8,-0.2,2059800.0000000002,1.72,,,1.94,
2018-12-01,02,Alaska,AK,6.1,-0.5,327400,0.03,,,-2,
2018-12-01,04,Arizona,AZ,5,0.1,2895600,3.06,,,3.99,
2018-12-01,05,Arkansas,AR,3.7,-0.1,1275500,1.49,,,2.01,
2018-12-01,10,Delaware,DE,3.5,-0.7,462700,1.25,,,1.87,
2018-12-01,11,District of Columbia,DC,5.9,0,794000,0.71,,,2.8,
2018-12-01,12,Florida,FL,3.5,-0.5,8870700,2.29,,,3.5,
2018-12-01,13,Georgia,GA,3.9,-0.5,4578900,1.82,,,2.98,
2018-12-01,15,Hawaii,HI,2.7,0.7,660000,0.4,,,1.6,
2018-12-01,16,Idaho,ID,3,-0.1,748800,3.43,,,6.47,
2018-12-01,17,Illinois,IL,4.6,-0.1,6111500,0.46,,,2.24,
2018-12-01,18,Indiana,IN,3.6,0.3,3145100,0.73,,,3.14,
2018-12-01,19,Iowa,IA,2.6,-0.3,1586000,0.48,,,1.13,
2018-12-01,20,Kansas,KS,3.3,-0.2,1420300,0.67,,,2.12,
2018-12-01,21,Kentucky,KY,4.2,-0.1,1932200,0.42,,,1.17,
2018-12-01,22,Louisiana,LA,4.8,0.1,1993200,0.78,,,2.25,
2018-12-01,23,Maine,ME,3.2,0.1,633300,0.92,,,2.87,
2018-12-01,24,Maryland,MD,3.6,-0.5,2778200,0.95,,,0.69,
2018-12-01,25,Massachusetts,MA,3.3,-0.4,3677800,1.15,,,3.61,
2018-12-01,26,Michigan,MI,4.2,-0.4,4439400,1.1,,,2.32,
2018-12-01,27,Minnesota,MN,3.2,0,2973400,0.81,,,2.84,
2018-12-01,28,Mississippi,MS,5.3,0.4,1154100,0.16,,,-0.1,
2018-12-01,29,Missouri,MO,3.2,-0.4,2898100,0.4,,,0.93,
2018-12-01,30,Montana,MT,3.6,-0.4,482200,1.62,,,2.03,
2018-12-01,31,Nebraska,NE,3.1,0.1,1023000,0.06,,,1.89,
2018-12-01,32,Nevada,NV,4.3,-0.5,1399900,3.06,,,3.33,
2018-12-01,33,New Hampshire,NH,2.6,-0.2,680600,0.73,,,1.34,
2018-12-01,34,New Jersey,NJ,3.6,-0.9,4181800,0.81,,,2.85,
2018-12-01,35,New Mexico,NM,5.2,-0.2,845800,1.54,,,3.08,
2018-12-01,36,New York,NY,4,-0.6,9744300,1.27,,,2.49,
2018-12-01,37,North Carolina,NC,4,-0.3,4533600,1.76,,,1.79,
2018-12-01,38,North Dakota,ND,2.3,-0.3,439800,1.59,,,3.51,
2018-12-01,39,Ohio,OH,4.5,-0.1,5573800,0.61,,,0.62,
2018-12-01,40,Oklahoma,OK,3.2,-0.6,1698200,1.54,,,1.81,
2018-12-01,41,Oregon,OR,4.3,0.2,1938000,1.83,,,3.89,
2018-12-01,42,Pennsylvania,PA,4.3,-0.6,6036400,1.01,,,1.26,
2018-12-01,44,Rhode Island,RI,3.8,-0.7,502700,0.6,,,-0.05,
2018-12-01,45,South Carolina,SC,3.2,-0.8,2169100,2.45,,,2.99,
2018-12-01,46,South Dakota,SD,2.7,-0.3,439400,0.94,,,0.63,
2018-12-01,47,Tennessee,TN,3.5,0,3097400,1.74,,,1.95,
2018-12-01,48,Texas,TX,3.8,-0.3,12658600,2.57,,,4.75,
2018-12-01,49,Utah,UT,2.8,-0.3,1536000,3.05,,,5.83,
2018-12-01,50,Vermont,VT,2.3,-0.5,316800,0.09,,,0.73,
2018-12-01,51,Virginia,VA,3,-0.4,4026900,1.13,,,2.45,
2018-12-01,53,Washington,WA,4.6,0,3427200,2.08,,,6.57,
2018-12-01,54,West Virginia,WV,5,-0.4,720600,1.36,,,2.97,
2018-12-01,55,Wisconsin,WI,3,0,2990800,0.9,,,2.16,
2018-12-01,56,Wyoming,WY,3.9,-0.3,288300,1.66,,,0.95,
2018-11-01,01,Alabama,AL,3.8,-0.2,2058900,1.73,,,1.94,
2018-11-01,02,Alaska,AK,6,-0.6,328100,0.12,,,-2,
2018-11-01,04,Arizona,AZ,5,0.1,2889800,3.14,,,3.99,
2018-11-01,05,Arkansas,AR,3.7,-0.1,1273200,1.34,,,2.01,
2018-11-01,10,Delaware,DE,3.5,-0.7,461300,1.14,,,1.87,
2018-11-01,11,District of Columbia,DC,5.7,-0.2,793600,0.86,,,2.8,
2018-11-01,12,Florida,FL,3.5,-0.6,8864300,2.47,,,3.5,
2018-11-01,13,Georgia,GA,3.9,-0.5,4577400,1.89,,,2.98,
2018-11-01,15,Hawaii,HI,2.7,0.7,660700,0.85,,,1.6,
2018-11-01,16,Idaho,ID,3,-0.1,746700,3.48,,,6.47,
2018-11-01,17,Illinois,IL,4.5,-0.3,6115600,0.69,,,2.24,
2018-11-01,18,Indiana,IN,3.6,0.2,3145200,0.87,,,3.14,
2018-11-01,19,Iowa,IA,2.6,-0.3,1586300,0.7,,,1.13,
2018-11-01,20,Kansas,KS,3.3,-0.2,1419400,0.68,,,2.12,
2018-11-01,21,Kentucky,KY,4.2,-0.2,1936700,0.59,,,1.17,
2018-11-01,22,Louisiana,LA,4.8,0.1,1994900,1.03,,,2.25,
2018-11-01,23,Maine,ME,3.3,0.1,632800,1.07,,,2.87,
2018-11-01,24,Maryland,MD,3.7,-0.4,2782000,0.97,,,0.69,
2018-11-01,25,Massachusetts,MA,3.3,-0.5,3668200,1.01,,,3.61,
2018-11-01,26,Michigan,MI,4.2,-0.5,4442300,1.19,,,2.32,
2018-11-01,27,Minnesota,MN,3.2,0,2973200,0.87,,,2.84,
2018-11-01,28,Mississippi,MS,5.2,0.3,1156400,0.29,,,-0.1,
2018-11-01,29,Missouri,MO,3.2,-0.4,2898100,0.53,,,0.93,
2018-11-01,30,Montana,MT,3.7,-0.4,481900,1.71,,,2.03,
2018-11-01,31,Nebraska,NE,3,0,1024800,0.46,,,1.89,
2018-11-01,32,Nevada,NV,4.3,-0.5,1399900,3.55,,,3.33,
2018-11-01,33,New Hampshire,NH,2.6,-0.2,680300,0.84,,,1.34,
2018-11-01,34,New Jersey,NJ,3.7,-0.9,4184200,1.02,,,2.85,
2018-11-01,35,New Mexico,NM,5.1,-0.4,845200,1.78,,,3.08,
2018-11-01,36,New York,NY,4,-0.6,9736300,1.33,,,2.49,
2018-11-01,37,North Carolina,NC,4,-0.4,4539300,2.03,,,1.79,
2018-11-01,38,North Dakota,ND,2.3,-0.3,438800,1.53,,,3.51,
2018-11-01,39,Ohio,OH,4.5,-0.2,5573800,0.63,,,0.62,
2018-11-01,40,Oklahoma,OK,3.2,-0.6,1697300,1.68,,,1.81,
2018-11-01,41,Oregon,OR,4.2,0,1935700,1.93,,,3.89,
2018-11-01,42,Pennsylvania,PA,4.3,-0.6,6036000,1.16,,,1.26,
2018-11-01,44,Rhode Island,RI,3.9,-0.6,502100,0.58,,,-0.05,
2018-11-01,45,South Carolina,SC,3.2,-1,2170900,2.67,,,2.99,
2018-11-01,46,South Dakota,SD,2.7,-0.3,438800,0.99,,,0.63,
2018-11-01,47,Tennessee,TN,3.5,0,3097900,1.9,,,1.95,
2018-11-01,48,Texas,TX,3.8,-0.3,12632800,2.59,,,4.75,
2018-11-01,49,Utah,UT,2.9,-0.2,1532900,3.17,,,5.83,
2018-11-01,50,Vermont,VT,2.3,-0.6,316800,0.35,,,0.73,
2018-11-01,51,Virginia,VA,3,-0.4,4027200,1.46,,,2.45,
2018-11-01,53,Washington,WA,4.5,-0.1,3425600,2.37,,,6.57,
2018-11-01,54,West Virginia,WV,5,-0.3,723100,1.74,,,2.97,
2018-11-01,55,Wisconsin,WI,3,-0.1,2991900,0.99,,,2.16,
2018-11-01,56,Wyoming,WY,4,-0.3,288000,1.62,,,0.95,
2018-10-01,01,Alabama,AL,3.8,-0.2,2056900,1.49,,,1.94,
2018-10-01,02,Alaska,AK,6,-0.6,328700,0.31,,,-2,
2018-10-01,04,Arizona,AZ,4.9,0.1,2881700,2.98,,,3.99,
2018-10-01,05,Arkansas,AR,3.6,-0.2,1272800,1.44,,,2.01,
2018-10-01,10,Delaware,DE,3.5,-0.8,461800,1.56,,,1.87,
2018-10-01,11,District of Columbia,DC,5.6,-0.4,793800,0.85,,,2.8,
2018-10-01,12,Florida,FL,3.5,-0.6,8852600,2.54,,,3.5,
2018-10-01,13,Georgia,GA,3.9,-0.6,4570300,1.78,,,2.98,
2018-10-01,15,Hawaii,HI,2.6,0.6,659400,0.41,,,1.6,
2018-10-01,16,Idaho,ID,2.9,-0.2,745500,3.54,,,6.47,
2018-10-01,17,Illinois,IL,4.4,-0.5,6109900,0.66,,,2.24,
2018-10-01,18,Indiana,IN,3.5,0,3149000,1.09,,,3.14,
2018-10-01,19,Iowa,IA,2.5,-0.5,1584000,0.64,,,1.13,
2018-10-01,20,Kansas,KS,3.3,-0.2,1417300,0.78,,,2.12,
2018-10-01,21,Kentucky,KY,4.2,-0.3,1932800,0.31,,,1.17,
2018-10-01,22,Louisiana,LA,4.8,0.1,1997700,1.2,,,2.25,
2018-10-01,23,Maine,ME,3.3,0,632600,1.36,,,2.87,
2018-10-01,24,Maryland,MD,3.7,-0.4,2775500,0.86,,,0.69,
2018-10-01,25,Massachusetts,MA,3.3,-0.5,3665000,1.07,,,3.61,
2018-10-01,26,Michigan,MI,4.1,-0.6,4441300,1.31,,,2.32,
2018-10-01,27,Minnesota,MN,3.1,-0.2,2967700,0.84,,,2.84,
2018-10-01,28,Mississippi,MS,5,0,1155400,0.27,,,-0.1,
2018-10-01,29,Missouri,MO,3.1,-0.5,2898500,0.74,,,0.93,
2018-10-01,30,Montana,MT,3.7,-0.4,480500,1.44,,,2.03,
2018-10-01,31,Nebraska,NE,3,0,1023700,0.32,,,1.89,
2018-10-01,32,Nevada,NV,4.3,-0.6,1397500,3.66,,,3.33,
2018-10-01,33,New Hampshire,NH,2.5,-0.3,679400,0.73,,,1.34,
2018-10-01,34,New Jersey,NJ,3.7,-0.9,4175700,0.84,,,2.85,
2018-10-01,35,New Mexico,NM,5,-0.7,843000,1.74,,,3.08,
2018-10-01,36,New York,NY,4,-0.7,9730000,1.37,,,2.49,
2018-10-01,37,North Carolina,NC,4,-0.4,4537200,1.96,,,1.79,
2018-10-01,38,North Dakota,ND,2.3,-0.3,437900,1.27,,,3.51,
2018-10-01,39,Ohio,OH,4.5,-0.3,5576100,0.7,,,0.62,
2018-10-01,40,Oklahoma,OK,3.1,-0.8,1696300,1.67,,,1.81,
2018-10-01,41,Oregon,OR,4.2,0,1932200,1.88,,,3.89,
2018-10-01,42,Pennsylvania,PA,4.3,-0.6,6036200,1.26,,,1.26,
2018-10-01,44,Rhode Island,RI,3.9,-0.6,502300,0.82,,,-0.05,
2018-10-01,45,South Carolina,SC,3.3,-0.9,2166700,2.63,,,2.99,
2018-10-01,46,South Dakota,SD,2.7,-0.3,438900,0.85,,,0.63,
2018-10-01,47,Tennessee,TN,3.5,0.1,3091900,1.79,,,1.95,
2018-10-01,48,Texas,TX,3.8,-0.3,12614200,2.6,,,4.75,
2018-10-01,49,Utah,UT,2.9,-0.2,1528900,3.21,,,5.83,
2018-10-01,50,Vermont,VT,2.3,-0.6,316500,0.44,,,0.73,
2018-10-01,51,Virginia,VA,2.9,-0.6,4020900,1.24,,,2.45,
2018-10-01,53,Washington,WA,4.4,-0.3,3421300,2.42,,,6.57,
2018-10-01,54,West Virginia,WV,5,-0.3,725500,1.98,,,2.97,
2018-10-01,55,Wisconsin,WI,3,-0.2,2986700,0.88,,,2.16,
2018-10-01,56,Wyoming,WY,4,-0.3,287300,1.38,,,0.95,
2018-09-01,01,Alabama,AL,3.9,-0.2,2054000,1.54,,,1.94,
2018-09-01,02,Alaska,AK,5.9,-0.7,327900,-0.52,,,-2,
2018-09-01,04,Arizona,AZ,4.8,0,2878300,2.97,,,3.99,
2018-09-01,05,Arkansas,AR,3.6,-0.2,1273600,1.56,,,2.01,
2018-09-01,10,Delaware,DE,3.5,-0.8,460300,0.88,,,1.87,
2018-09-01,11,District of Columbia,DC,5.5,-0.5,792900,1.17,,,2.8,
2018-09-01,12,Florida,FL,3.5,-0.6,8846600,4.66,,,3.5,
2018-09-01,13,Georgia,GA,3.9,-0.7,4575100,2.43,,,2.98,
2018-09-01,15,Hawaii,HI,2.6,0.6,658200,0.15,,,1.6,
2018-09-01,16,Idaho,ID,2.8,-0.3,742000,3.1,,,6.47,
2018-09-01,17,Illinois,IL,4.4,-0.5,6116200,0.71,,,2.24,
2018-09-01,18,Indiana,IN,3.5,0,3149700,1.01,,,3.14,
2018-09-01,19,Iowa,IA,2.5,-0.5,1586200,0.75,,,1.13,
2018-09-01,20,Kansas,KS,3.2,-0.4,1420500,0.95,,,2.12,
2018-09-01,21,Kentucky,KY,4.2,-0.4,1934000,0.57,,,1.17,
2018-09-01,22,Louisiana,LA,4.8,0,1994600,0.89,,,2.25,
2018-09-01,23,Maine,ME,3.3,-0.1,630300,0.82,,,2.87,
2018-09-01,24,Maryland,MD,3.7,-0.4,2773500,0.87,,,0.69,
2018-09-01,25,Massachusetts,MA,3.3,-0.5,3662300,1.04,,,3.61,
2018-09-01,26,Michigan,MI,4,-0.7,4426900,0.95,,,2.32,
2018-09-01,27,Minnesota,MN,3,-0.3,2969200,0.79,,,2.84,
2018-09-01,28,Mississippi,MS,4.9,-0.1,1155300,0.27,,,-0.1,
2018-09-01,29,Missouri,MO,3.1,-0.5,2900000,0.53,,,0.93,
2018-09-01,30,Montana,MT,3.6,-0.5,480100,1.24,,,2.03,
2018-09-01,31,Nebraska,NE,2.9,-0.1,1025900.0000000001,0.72,,,1.89,
2018-09-01,32,Nevada,NV,4.3,-0.6,1395100,3.62,,,3.33,
2018-09-01,33,New Hampshire,NH,2.5,-0.3,677600,0.58,,,1.34,
2018-09-01,34,New Jersey,NJ,3.8,-0.8,4165200,0.61,,,2.85,
2018-09-01,35,New Mexico,NM,4.9,-0.9,844200,1.58,,,3.08,
2018-09-01,36,New York,NY,3.9,-0.8,9700300,1.14,,,2.49,
2018-09-01,37,North Carolina,NC,4,-0.5,4509000,1.39,,,1.79,
2018-09-01,38,North Dakota,ND,2.3,-0.2,437200,1.32,,,3.51,
2018-09-01,39,Ohio,OH,4.4,-0.5,5573900,0.76,,,0.62,
2018-09-01,40,Oklahoma,OK,3.1,-0.8,1694100,1.43,,,1.81,
2018-09-01,41,Oregon,OR,4.1,0,1930700,1.77,,,3.89,
2018-09-01,42,Pennsylvania,PA,4.2,-0.7,6028900,1.13,,,1.26,
2018-09-01,44,Rhode Island,RI,3.9,-0.6,502600,0.8,,,-0.05,
2018-09-01,45,South Carolina,SC,3.3,-0.9,2156400,2.65,,,2.99,
2018-09-01,46,South Dakota,SD,2.7,-0.3,439000,1.06,,,0.63,
2018-09-01,47,Tennessee,TN,3.5,0.1,3089200,1.79,,,1.95,
2018-09-01,48,Texas,TX,3.8,-0.3,12592100,2.77,,,4.75,
2018-09-01,49,Utah,UT,2.9,-0.2,1527200,3.4,,,5.83,
2018-09-01,50,Vermont,VT,2.4,-0.5,316200,0.29,,,0.73,
2018-09-01,51,Virginia,VA,2.8,-0.7,4015200,1.16,,,2.45,
2018-09-01,53,Washington,WA,4.3,-0.4,3411200,2.32,,,6.57,
2018-09-01,54,West Virginia,WV,5,-0.2,724000,1.94,,,2.97,
2018-09-01,55,Wisconsin,WI,3,-0.2,2985700,0.88,,,2.16,
2018-09-01,56,Wyoming,WY,4,-0.2,286500,0.6,,,0.95,
2018-08-01,01,Alabama,AL,3.9,-0.3,2051000,1.48,,,1.94,
2018-08-01,02,Alaska,AK,5.9,-0.7,327700,-0.7,,,-2,
2018-08-01,04,Arizona,AZ,4.7,-0.1,2866000,2.94,,,3.99,
2018-08-01,05,Arkansas,AR,3.5,-0.2,1271200,1.59,,,2.01,
2018-08-01,10,Delaware,DE,3.5,-0.8,459700,1.06,,,1.87,
2018-08-01,11,District of Columbia,DC,5.5,-0.6,793200,1.19,,,2.8,
2018-08-01,12,Florida,FL,3.5,-0.7,8824100,2.49,,,3.5,
2018-08-01,13,Georgia,GA,3.9,-0.7,4561000,1.95,,,2.98,
2018-08-01,15,Hawaii,HI,2.5,0.4,659400,1.17,,,1.6,
2018-08-01,16,Idaho,ID,2.8,-0.3,742400,3.5,,,6.47,
2018-08-01,17,Illinois,IL,4.3,-0.7,6111800,0.72,,,2.24,
2018-08-01,18,Indiana,IN,3.5,0,3148100,1.34,,,3.14,
2018-08-01,19,Iowa,IA,2.5,-0.6,1584200,0.76,,,1.13,
2018-08-01,20,Kansas,KS,3.2,-0.4,1420700,1.45,,,2.12,
2018-08-01,21,Kentucky,KY,4.2,-0.5,1927600,0.67,,,1.17,
2018-08-01,22,Louisiana,LA,4.9,0,1992000,0.91,,,2.25,
2018-08-01,23,Maine,ME,3.3,-0.1,628100,0.71,,,2.87,
2018-08-01,24,Maryland,MD,3.7,-0.3,2776500,1.09,,,0.69,
2018-08-01,25,Massachusetts,MA,3.4,-0.4,3655300,0.86,,,3.61,
2018-08-01,26,Michigan,MI,4,-0.6,4429500,1.15,,,2.32,
2018-08-01,27,Minnesota,MN,2.9,-0.5,2967700,0.99,,,2.84,
2018-08-01,28,Mississippi,MS,4.8,-0.3,1154600,0.22,,,-0.1,
2018-08-01,29,Missouri,MO,3.1,-0.6,2897200,0.56,,,0.93,
2018-08-01,30,Montana,MT,3.6,-0.5,479500,1.22,,,2.03,
2018-08-01,31,Nebraska,NE,2.9,0,1025700,0.8,,,1.89,
2018-08-01,32,Nevada,NV,4.2,-0.7,1391000,3.7,,,3.33,
2018-08-01,33,New Hampshire,NH,2.6,-0.2,677800,0.5,,,1.34,
2018-08-01,34,New Jersey,NJ,3.9,-0.7,4164100.0000000005,0.84,,,2.85,
2018-08-01,35,New Mexico,NM,4.8,-1.1,843300,1.7,,,3.08,
2018-08-01,36,New York,NY,3.9,-0.8,9699700,1.26,,,2.49,
2018-08-01,37,North Carolina,NC,3.9,-0.6,4525100,1.97,,,1.79,
2018-08-01,38,North Dakota,ND,2.2,-0.3,436800,0.97,,,3.51,
2018-08-01,39,Ohio,OH,4.4,-0.5,5570400,0.7,,,0.62,
2018-08-01,40,Oklahoma,OK,3.1,-0.9,1694900,1.59,,,1.81,
2018-08-01,41,Oregon,OR,3.9,-0.2,1923500,1.53,,,3.89,
2018-08-01,42,Pennsylvania,PA,4.2,-0.7,6017500,1.18,,,1.26,
2018-08-01,44,Rhode Island,RI,3.9,-0.6,502200,0.52,,,-0.05,
2018-08-01,45,South Carolina,SC,3.3,-0.9,2162200,2.9,,,2.99,
2018-08-01,46,South Dakota,SD,2.7,-0.3,438600,1.04,,,0.63,
2018-08-01,47,Tennessee,TN,3.5,0.1,3083700,1.83,,,1.95,
2018-08-01,48,Texas,TX,3.8,-0.4,12579600,2.72,,,4.75,
2018-08-01,49,Utah,UT,2.9,-0.2,1521300,3.33,,,5.83,
2018-08-01,50,Vermont,VT,2.4,-0.5,317100,0.51,,,0.73,
2018-08-01,51,Virginia,VA,2.8,-0.7,4017800,1.38,,,2.45,
2018-08-01,53,Washington,WA,4.2,-0.4,3404300,2.32,,,6.57,
2018-08-01,54,West Virginia,WV,5,-0.2,723800,2.19,,,2.97,
2018-08-01,55,Wisconsin,WI,3,-0.3,2987100,1.14,,,2.16,
2018-08-01,56,Wyoming,WY,4,-0.2,286600,0.7,,,0.95,
2018-07-01,01,Alabama,AL,3.9,-0.4,2048100,1.45,,,1.94,
2018-07-01,02,Alaska,AK,5.9,-0.7,327500,-0.55,,,-2,
2018-07-01,04,Arizona,AZ,4.7,-0.2,2859000,2.88,,,3.99,
2018-07-01,05,Arkansas,AR,3.5,-0.2,1269300,1.54,,,2.01,
2018-07-01,10,Delaware,DE,3.6,-0.8,459900,1.19,,,1.87,
2018-07-01,11,District of Columbia,DC,5.6,-0.5,792900,1.17,,,2.8,
2018-07-01,12,Florida,FL,3.6,-0.6,8792500,2.24,,,3.5,
2018-07-01,13,Georgia,GA,3.9,-0.8,4552400,1.99,,,2.98,
2018-07-01,15,Hawaii,HI,2.4,0.2,656500,0.24,,,1.6,
2018-07-01,16,Idaho,ID,2.8,-0.3,740300,3.58,,,6.47,
2018-07-01,17,Illinois,IL,4.3,-0.7,6109000,0.91,,,2.24,
2018-07-01,18,Indiana,IN,3.4,-0.1,3139900,1.03,,,3.14,
2018-07-01,19,Iowa,IA,2.5,-0.6,1584700,0.83,,,1.13,
2018-07-01,20,Kansas,KS,3.2,-0.4,1415500,0.92,,,2.12,
2018-07-01,21,Kentucky,KY,4.2,-0.6,1930800,0.74,,,1.17,
2018-07-01,22,Louisiana,LA,4.9,-0.1,1990500,0.82,,,2.25,
2018-07-01,23,Maine,ME,3.3,-0.1,628300,0.74,,,2.87,
2018-07-01,24,Maryland,MD,3.7,-0.3,2773400,1.07,,,0.69,
2018-07-01,25,Massachusetts,MA,3.4,-0.4,3653600,0.88,,,3.61,
2018-07-01,26,Michigan,MI,4,-0.5,4424200,1.26,,,2.32,
2018-07-01,27,Minnesota,MN,2.9,-0.5,2967000,0.97,,,2.84,
2018-07-01,28,Mississippi,MS,4.8,-0.4,1152600,0.04,,,-0.1,
2018-07-01,29,Missouri,MO,3.1,-0.6,2895300,0.56,,,0.93,
2018-07-01,30,Montana,MT,3.7,-0.4,479100,1.31,,,2.03,
2018-07-01,31,Nebraska,NE,2.9,0,1026200,0.91,,,1.89,
2018-07-01,32,Nevada,NV,4.3,-0.6,1385500,3.43,,,3.33,
2018-07-01,33,New Hampshire,NH,2.6,-0.1,678000,0.55,,,1.34,
2018-07-01,34,New Jersey,NJ,4,-0.5,4165200,1,,,2.85,
2018-07-01,35,New Mexico,NM,4.7,-1.3,841800,1.54,,,3.08,
2018-07-01,36,New York,NY,3.9,-0.8,9691100,1.33,,,2.49,
2018-07-01,37,North Carolina,NC,3.9,-0.6,4518100,1.92,,,1.79,
2018-07-01,38,North Dakota,ND,2.3,-0.2,437100,0.88,,,3.51,
2018-07-01,39,Ohio,OH,4.4,-0.5,5565300,0.79,,,0.62,
2018-07-01,40,Oklahoma,OK,3.1,-0.9,1691600,1.45,,,1.81,
2018-07-01,41,Oregon,OR,3.9,-0.2,1919900,1.43,,,3.89,
2018-07-01,42,Pennsylvania,PA,4.3,-0.6,6012200,1.16,,,1.26,
2018-07-01,44,Rhode Island,RI,3.9,-0.5,501500,0.62,,,-0.05,
2018-07-01,45,South Carolina,SC,3.3,-0.9,2159900,2.68,,,2.99,
2018-07-01,46,South Dakota,SD,2.7,-0.3,437800,1.09,,,0.63,
2018-07-01,47,Tennessee,TN,3.5,0,3075700,1.67,,,1.95,
2018-07-01,48,Texas,TX,3.9,-0.3,12547700,2.6,,,4.75,
2018-07-01,49,Utah,UT,2.9,-0.3,1516900,3.24,,,5.83,
2018-07-01,50,Vermont,VT,2.4,-0.5,317500,0.83,,,0.73,
2018-07-01,51,Virginia,VA,2.8,-0.7,4021500,1.48,,,2.45,
2018-07-01,53,Washington,WA,4.2,-0.4,3398600,2.15,,,6.57,
2018-07-01,54,West Virginia,WV,5,-0.1,723400,2.02,,,2.97,
2018-07-01,55,Wisconsin,WI,3,-0.3,2983100,0.91,,,2.16,
2018-07-01,56,Wyoming,WY,4.1,-0.1,286600,0.84,,,0.95,
2018-06-01,01,Alabama,AL,4,-0.5,2048400,1.48,,,1.94,
2018-06-01,02,Alaska,AK,6,-0.6,328600,-0.42,,,-2,
2018-06-01,04,Arizona,AZ,4.7,-0.2,2852900,2.67,,,3.99,
2018-06-01,05,Arkansas,AR,3.6,-0.1,1264900,1.25,,,2.01,
2018-06-01,10,Delaware,DE,3.7,-0.7,461400,1.36,,,1.87,
2018-06-01,11,District of Columbia,DC,5.7,-0.5,793900,1.3,,,2.8,
2018-06-01,12,Florida,FL,3.6,-0.6,8784800,2.22,,,3.5,
2018-06-01,13,Georgia,GA,4,-0.8,4544900,1.82,,,2.98,
2018-06-01,15,Hawaii,HI,2.4,0.2,658500,0.43,,,1.6,
2018-06-01,16,Idaho,ID,2.8,-0.3,739400,3.33,,,6.47,
2018-06-01,17,Illinois,IL,4.3,-0.6,6104700,0.72,,,2.24,
2018-06-01,18,Indiana,IN,3.4,-0.1,3145300,1.04,,,3.14,
2018-06-01,19,Iowa,IA,2.5,-0.6,1586800,0.88,,,1.13,
2018-06-01,20,Kansas,KS,3.3,-0.3,1415000,1.11,,,2.12,
2018-06-01,21,Kentucky,KY,4.2,-0.6,1936100,0.8,,,1.17,
2018-06-01,22,Louisiana,LA,4.9,-0.2,1994500,0.83,,,2.25,
2018-06-01,23,Maine,ME,3.2,-0.2,632400,1.39,,,2.87,
2018-06-01,24,Maryland,MD,3.8,-0.2,2772600,0.92,,,0.69,
2018-06-01,25,Massachusetts,MA,3.5,-0.3,3656000,1.14,,,3.61,
2018-06-01,26,Michigan,MI,4,-0.4,4434300,1.17,,,2.32,
2018-06-01,27,Minnesota,MN,2.9,-0.5,2965300,0.91,,,2.84,
2018-06-01,28,Mississippi,MS,4.8,-0.4,1155100,0.32,,,-0.1,
2018-06-01,29,Missouri,MO,3.1,-0.6,2896100,0.41,,,0.93,
2018-06-01,30,Montana,MT,3.7,-0.4,479100,1.14,,,2.03,
2018-06-01,31,Nebraska,NE,2.8,-0.1,1025800,0.66,,,1.89,
2018-06-01,32,Nevada,NV,4.3,-0.7,1382300,3.33,,,3.33,
2018-06-01,33,New Hampshire,NH,2.6,-0.1,678600,0.77,,,1.34,
2018-06-01,34,New Jersey,NJ,4.1,-0.4,4164000,0.86,,,2.85,
2018-06-01,35,New Mexico,NM,4.7,-1.5,843900,1.54,,,3.08,
2018-06-01,36,New York,NY,4,-0.6,9696600,1.42,,,2.49,
2018-06-01,37,North Carolina,NC,3.9,-0.6,4516000,2.04,,,1.79,
2018-06-01,38,North Dakota,ND,2.3,-0.2,437300,0.9,,,3.51,
2018-06-01,39,Ohio,OH,4.4,-0.6,5567500,0.72,,,0.62,
2018-06-01,40,Oklahoma,OK,3.2,-0.8,1691600,1.49,,,1.81,
2018-06-01,41,Oregon,OR,3.8,-0.2,1923800,1.73,,,3.89,
2018-06-01,42,Pennsylvania,PA,4.3,-0.6,6012000,1.28,,,1.26,
2018-06-01,44,Rhode Island,RI,4,-0.4,501500,0.56,,,-0.05,
2018-06-01,45,South Carolina,SC,3.2,-0.9,2163700,3.07,,,2.99,
2018-06-01,46,South Dakota,SD,2.7,-0.3,437600,0.85,,,0.63,
2018-06-01,47,Tennessee,TN,3.5,-0.1,3069300,1.63,,,1.95,
2018-06-01,48,Texas,TX,3.9,-0.4,12526100,2.32,,,4.75,
2018-06-01,49,Utah,UT,2.9,-0.3,1514600,3.29,,,5.83,
2018-06-01,50,Vermont,VT,2.5,-0.4,315700,-0.32,,,0.73,
2018-06-01,51,Virginia,VA,2.8,-0.8,4017900,1.44,,,2.45,
2018-06-01,53,Washington,WA,4.3,-0.3,3399800,2.29,,,6.57,
2018-06-01,54,West Virginia,WV,5.1,0,722000,1.96,,,2.97,
2018-06-01,55,Wisconsin,WI,3,-0.2,2983700,0.92,,,2.16,
2018-06-01,56,Wyoming,WY,4.1,-0.1,285400,0.46,,,0.95,
2018-05-01,01,Alabama,AL,4,-0.6,2040500,1.2,,,1.94,
2018-05-01,02,Alaska,AK,6,-0.6,327600,-0.73,,,-2,
2018-05-01,04,Arizona,AZ,4.7,-0.3,2847400,2.85,,,3.99,
2018-05-01,05,Arkansas,AR,3.6,-0.1,1265000,1.47,,,2.01,
2018-05-01,10,Delaware,DE,3.7,-0.8,461600,1.83,,,1.87,
2018-05-01,11,District of Columbia,DC,5.7,-0.5,794200,1.33,,,2.8,
2018-05-01,12,Florida,FL,3.7,-0.6,8762800,2.17,,,3.5,
2018-05-01,13,Georgia,GA,4,-0.9,4535100,1.98,,,2.98,
2018-05-01,15,Hawaii,HI,2.3,0,656800,0.27,,,1.6,
2018-05-01,16,Idaho,ID,2.8,-0.3,736000,3.28,,,6.47,
2018-05-01,17,Illinois,IL,4.3,-0.6,6094600,0.78,,,2.24,
2018-05-01,18,Indiana,IN,3.4,0,3136900,1.05,,,3.14,
2018-05-01,19,Iowa,IA,2.5,-0.6,1586300,1.06,,,1.13,
2018-05-01,20,Kansas,KS,3.3,-0.4,1413200,1.09,,,2.12,
2018-05-01,21,Kentucky,KY,4.2,-0.7,1931600,0.74,,,1.17,
2018-05-01,22,Louisiana,LA,4.9,-0.3,1991200,0.68,,,2.25,
2018-05-01,23,Maine,ME,3.1,-0.3,629200,1.24,,,2.87,
2018-05-01,24,Maryland,MD,3.8,-0.2,2768800,0.94,,,0.69,
2018-05-01,25,Massachusetts,MA,3.5,-0.4,3653400,1.25,,,3.61,
2018-05-01,26,Michigan,MI,4.1,-0.2,4422800,1.01,,,2.32,
2018-05-01,27,Minnesota,MN,2.9,-0.6,2960000,1.01,,,2.84,
2018-05-01,28,Mississippi,MS,4.9,-0.4,1154800,0.42,,,-0.1,
2018-05-01,29,Missouri,MO,3.2,-0.6,2887800,0.44,,,0.93,
2018-05-01,30,Montana,MT,3.7,-0.4,478200,1.14,,,2.03,
2018-05-01,31,Nebraska,NE,2.8,-0.1,1025300,0.79,,,1.89,
2018-05-01,32,Nevada,NV,4.4,-0.6,1378700,3.18,,,3.33,
2018-05-01,33,New Hampshire,NH,2.7,-0.1,677400,0.71,,,1.34,
2018-05-01,34,New Jersey,NJ,4.1,-0.3,4157800,0.89,,,2.85,
2018-05-01,35,New Mexico,NM,4.8,-1.5,838800,1.4,,,3.08,
2018-05-01,36,New York,NY,4.1,-0.5,9667700,1.31,,,2.49,
2018-05-01,37,North Carolina,NC,3.9,-0.6,4507300,2.1,,,1.79,
2018-05-01,38,North Dakota,ND,2.4,-0.1,436300,0.48,,,3.51,
2018-05-01,39,Ohio,OH,4.5,-0.5,5555400,0.62,,,0.62,
2018-05-01,40,Oklahoma,OK,3.3,-0.7,1686300,1.68,,,1.81,
2018-05-01,41,Oregon,OR,3.9,-0.1,1920300,1.92,,,3.89,
2018-05-01,42,Pennsylvania,PA,4.4,-0.6,6002900,1.15,,,1.26,
2018-05-01,44,Rhode Island,RI,4,-0.4,501300,0.66,,,-0.05,
2018-05-01,45,South Carolina,SC,3.2,-0.9,2158200,3.07,,,2.99,
2018-05-01,46,South Dakota,SD,2.8,-0.2,437800,0.92,,,0.63,
2018-05-01,47,Tennessee,TN,3.5,-0.2,3068200,1.8,,,1.95,
2018-05-01,48,Texas,TX,4,-0.4,12488600,2.22,,,4.75,
2018-05-01,49,Utah,UT,2.9,-0.3,1507800,3.21,,,5.83,
2018-05-01,50,Vermont,VT,2.5,-0.4,315300,0.13,,,0.73,
2018-05-01,51,Virginia,VA,2.9,-0.8,4010500,1.42,,,2.45,
2018-05-01,53,Washington,WA,4.3,-0.3,3394100,2.43,,,6.57,
2018-05-01,54,West Virginia,WV,5.2,0.2,718800,1.35,,,2.97,
2018-05-01,55,Wisconsin,WI,3,-0.3,2981000,0.91,,,2.16,
2018-05-01,56,Wyoming,WY,4.1,-0.1,285500,0.46,,,0.95,
2018-04-01,01,Alabama,AL,4,-0.8,2039100,1.32,,,1.94,
2018-04-01,02,Alaska,AK,6.1,-0.5,327000,-0.7,,,-2,
2018-04-01,04,Arizona,AZ,4.7,-0.3,2838800,2.64,,,3.99,
2018-04-01,05,Arkansas,AR,3.7,0,1262800,1.25,,,2.01,
2018-04-01,10,Delaware,DE,3.8,-0.7,459700,1.1,,,1.87,
2018-04-01,11,District of Columbia,DC,5.8,-0.4,793200,1.25,,,2.8,
2018-04-01,12,Florida,FL,3.7,-0.7,8749800,2.24,,,3.5,
2018-04-01,13,Georgia,GA,4.1,-0.8,4522900,1.85,,,2.98,
2018-04-01,15,Hawaii,HI,2.2,-0.2,657000,0.24,,,1.6,
2018-04-01,16,Idaho,ID,2.8,-0.4,733500,3.3,,,6.47,
2018-04-01,17,Illinois,IL,4.3,-0.7,6084800,0.7,,,2.24,
2018-04-01,18,Indiana,IN,3.4,-0.1,3132700,0.99,,,3.14,
2018-04-01,19,Iowa,IA,2.6,-0.5,1579000,0.33,,,1.13,
2018-04-01,20,Kansas,KS,3.4,-0.3,1412400,0.98,,,2.12,
2018-04-01,21,Kentucky,KY,4.2,-0.7,1930500,0.63,,,1.17,
2018-04-01,22,Louisiana,LA,4.9,-0.5,1993000,0.99,,,2.25,
2018-04-01,23,Maine,ME,3,-0.4,628500,1.09,,,2.87,
2018-04-01,24,Maryland,MD,3.9,-0.1,2765000,0.85,,,0.69,
2018-04-01,25,Massachusetts,MA,3.6,-0.3,3649100,1.18,,,3.61,
2018-04-01,26,Michigan,MI,4.2,-0.2,4415000,0.94,,,2.32,
2018-04-01,27,Minnesota,MN,3,-0.5,2949700,0.54,,,2.84,
2018-04-01,28,Mississippi,MS,4.9,-0.5,1154200,0.28,,,-0.1,
2018-04-01,29,Missouri,MO,3.3,-0.6,2885100,0.34,,,0.93,
2018-04-01,30,Montana,MT,3.8,-0.3,476000,0.74,,,2.03,
2018-04-01,31,Nebraska,NE,2.8,-0.1,1021900,0.26,,,1.89,
2018-04-01,32,Nevada,NV,4.5,-0.6,1373700,3.11,,,3.33,
2018-04-01,33,New Hampshire,NH,2.7,-0.1,676400,0.55,,,1.34,
2018-04-01,34,New Jersey,NJ,4.2,-0.2,4151300,1.09,,,2.85,
2018-04-01,35,New Mexico,NM,4.8,-1.7,838900,1.24,,,3.08,
2018-04-01,36,New York,NY,4.2,-0.4,9650400,1.36,,,2.49,
2018-04-01,37,North Carolina,NC,4,-0.6,4496900,2.02,,,1.79,
2018-04-01,38,North Dakota,ND,2.5,-0.1,433000,-0.51,,,3.51,
2018-04-01,39,Ohio,OH,4.5,-0.5,5549700,0.52,,,0.62,
2018-04-01,40,Oklahoma,OK,3.4,-0.7,1680200,1.33,,,1.81,
2018-04-01,41,Oregon,OR,3.9,0,1915700,1.85,,,3.89,
2018-04-01,42,Pennsylvania,PA,4.5,-0.5,5997300,1.18,,,1.26,
2018-04-01,44,Rhode Island,RI,4.1,-0.3,499800,0.46,,,-0.05,
2018-04-01,45,South Carolina,SC,3.3,-0.9,2155000,3.15,,,2.99,
2018-04-01,46,South Dakota,SD,2.8,-0.2,435200,0.02,,,0.63,
2018-04-01,47,Tennessee,TN,3.5,-0.4,3061100,1.56,,,1.95,
2018-04-01,48,Texas,TX,4,-0.6,12449800,2.1,,,4.75,
2018-04-01,49,Utah,UT,2.9,-0.3,1503900,3.11,,,5.83,
2018-04-01,50,Vermont,VT,2.6,-0.4,315100,0.03,,,0.73,
2018-04-01,51,Virginia,VA,3.1,-0.6,4004600,1.34,,,2.45,
2018-04-01,53,Washington,WA,4.4,-0.2,3385900,2.39,,,6.57,
2018-04-01,54,West Virginia,WV,5.3,0.2,716400,1.04,,,2.97,
2018-04-01,55,Wisconsin,WI,3,-0.3,2974400,0.8,,,2.16,
2018-04-01,56,Wyoming,WY,4.1,-0.2,285000,0.74,,,0.95,
2018-03-01,01,Alabama,AL,4,-1,2035900,0.99,,,1.94,
2018-03-01,02,Alaska,AK,6.3,-0.3,327700,-0.67,,,-2,
2018-03-01,04,Arizona,AZ,4.8,-0.3,2839500,2.98,,,3.99,
2018-03-01,05,Arkansas,AR,3.7,0,1262100,1.37,,,2.01,
2018-03-01,10,Delaware,DE,3.9,-0.6,459300,0.9,,,1.87,
2018-03-01,11,District of Columbia,DC,5.8,-0.4,792200,0.97,,,2.8,
2018-03-01,12,Florida,FL,3.8,-0.7,8735200,2.22,,,3.5,
2018-03-01,13,Georgia,GA,4.2,-0.8,4523500,1.93,,,2.98,
2018-03-01,15,Hawaii,HI,2.2,-0.3,658300,0.6,,,1.6,
2018-03-01,16,Idaho,ID,2.9,-0.4,731400,2.99,,,6.47,
2018-03-01,17,Illinois,IL,4.4,-0.6,6105900,1.08,,,2.24,
2018-03-01,18,Indiana,IN,3.3,-0.3,3132800,1.09,,,3.14,
2018-03-01,19,Iowa,IA,2.7,-0.5,1580100,0.5,,,1.13,
2018-03-01,20,Kansas,KS,3.4,-0.3,1413700,0.4,,,2.12,
2018-03-01,21,Kentucky,KY,4.2,-0.8,1926100,0.33,,,1.17,
2018-03-01,22,Louisiana,LA,4.8,-0.7,1991900,0.84,,,2.25,
2018-03-01,23,Maine,ME,3,-0.5,627700,0.8,,,2.87,
2018-03-01,24,Maryland,MD,4,-0.1,2766500,0.9,,,0.69,
2018-03-01,25,Massachusetts,MA,3.6,-0.3,3647600,1.27,,,3.61,
2018-03-01,26,Michigan,MI,4.3,-0.2,4426000,1.33,,,2.32,
2018-03-01,27,Minnesota,MN,3,-0.6,2958400,0.67,,,2.84,
2018-03-01,28,Mississippi,MS,4.9,-0.5,1153200,0.15,,,-0.1,
2018-03-01,29,Missouri,MO,3.4,-0.6,2890900,0.43,,,0.93,
2018-03-01,30,Montana,MT,3.8,-0.3,476600,0.95,,,2.03,
2018-03-01,31,Nebraska,NE,2.9,0,1023000,0.35,,,1.89,
2018-03-01,32,Nevada,NV,4.6,-0.6,1371800,2.62,,,3.33,
2018-03-01,33,New Hampshire,NH,2.7,-0.2,677000,0.92,,,1.34,
2018-03-01,34,New Jersey,NJ,4.3,-0.1,4148100.0000000005,1,,,2.85,
2018-03-01,35,New Mexico,NM,4.9,-1.7,837000,1.16,,,3.08,
2018-03-01,36,New York,NY,4.3,-0.3,9652100,1.39,,,2.49,
2018-03-01,37,North Carolina,NC,4.1,-0.6,4490600,1.98,,,1.79,
2018-03-01,38,North Dakota,ND,2.6,-0.1,435500,0.67,,,3.51,
2018-03-01,39,Ohio,OH,4.5,-0.6,5556600,0.67,,,0.62,
2018-03-01,40,Oklahoma,OK,3.5,-0.7,1685600,1.89,,,1.81,
2018-03-01,41,Oregon,OR,4,0,1916800,2.17,,,3.89,
2018-03-01,42,Pennsylvania,PA,4.6,-0.5,5989600,1.25,,,1.26,
2018-03-01,44,Rhode Island,RI,4.3,-0.2,499700,0.71,,,-0.05,
2018-03-01,45,South Carolina,SC,3.5,-0.7,2147700,2.62,,,2.99,
2018-03-01,46,South Dakota,SD,2.9,-0.1,436800,0.85,,,0.63,
2018-03-01,47,Tennessee,TN,3.5,-0.6,3058400,1.65,,,1.95,
2018-03-01,48,Texas,TX,4,-0.7,12439800,2.09,,,4.75,
2018-03-01,49,Utah,UT,3,-0.2,1503600,3.23,,,5.83,
2018-03-01,50,Vermont,VT,2.7,-0.4,315800,0.48,,,0.73,
2018-03-01,51,Virginia,VA,3.2,-0.6,4000900,1.33,,,2.45,
2018-03-01,53,Washington,WA,4.5,-0.2,3388600,2.71,,,6.57,
2018-03-01,54,West Virginia,WV,5.3,0.2,715000,0.42,,,2.97,
2018-03-01,55,Wisconsin,WI,3,-0.4,2981800,1.12,,,2.16,
2018-03-01,56,Wyoming,WY,4.1,-0.4,284400,0.53,,,0.95,
2018-02-01,01,Alabama,AL,4,-1.2,2031600,0.96,,,1.94,
2018-02-01,02,Alaska,AK,6.4,-0.2,327300,-0.94,,,-2,
2018-02-01,04,Arizona,AZ,4.8,-0.4,2828900,2.9,,,3.99,
2018-02-01,05,Arkansas,AR,3.8,0.1,1260800,1.39,,,2.01,
2018-02-01,10,Delaware,DE,4,-0.6,459000,0.95,,,1.87,
2018-02-01,11,District of Columbia,DC,5.9,-0.3,791000,1.19,,,2.8,
2018-02-01,12,Florida,FL,3.9,-0.7,8710300,2.14,,,3.5,
2018-02-01,13,Georgia,GA,4.2,-0.9,4508400,1.87,,,2.98,
2018-02-01,15,Hawaii,HI,2.1,-0.4,657000,0.58,,,1.6,
2018-02-01,16,Idaho,ID,2.9,-0.5,730400,3.38,,,6.47,
2018-02-01,17,Illinois,IL,4.4,-0.7,6089600,0.9,,,2.24,
2018-02-01,18,Indiana,IN,3.3,-0.4,3125000,1.01,,,3.14,
2018-02-01,19,Iowa,IA,2.7,-0.6,1580500,0.56,,,1.13,
2018-02-01,20,Kansas,KS,3.4,-0.4,1413000,0.48,,,2.12,
2018-02-01,21,Kentucky,KY,4.2,-0.8,1925900,0.38,,,1.17,
2018-02-01,22,Louisiana,LA,4.7,-1,1978500,-0.03,,,2.25,
2018-02-01,23,Maine,ME,3,-0.5,628100,1.26,,,2.87,
2018-02-01,24,Maryland,MD,4,-0.1,2763000,0.81,,,0.69,
2018-02-01,25,Massachusetts,MA,3.6,-0.3,3649000,1.47,,,3.61,
2018-02-01,26,Michigan,MI,4.4,-0.3,4414300,1.19,,,2.32,
2018-02-01,27,Minnesota,MN,3.1,-0.6,2959300,0.99,,,2.84,
2018-02-01,28,Mississippi,MS,4.9,-0.6,1149800,-0.08,,,-0.1,
2018-02-01,29,Missouri,MO,3.5,-0.6,2886500,0.25,,,0.93,
2018-02-01,30,Montana,MT,3.9,-0.2,475600,1.11,,,2.03,
2018-02-01,31,Nebraska,NE,2.9,-0.1,1021800,0.26,,,1.89,
2018-02-01,32,Nevada,NV,4.7,-0.6,1368200,3.06,,,3.33,
2018-02-01,33,New Hampshire,NH,2.7,-0.2,677500,1.18,,,1.34,
2018-02-01,34,New Jersey,NJ,4.4,-0.1,4151399.9999999995,1.08,,,2.85,
2018-02-01,35,New Mexico,NM,5.1,-1.6,835700,1.22,,,3.08,
2018-02-01,36,New York,NY,4.4,-0.2,9643500,1.28,,,2.49,
2018-02-01,37,North Carolina,NC,4.2,-0.6,4477600,1.89,,,1.79,
2018-02-01,38,North Dakota,ND,2.6,-0.2,434300,0.51,,,3.51,
2018-02-01,39,Ohio,OH,4.5,-0.6,5551900,0.67,,,0.62,
2018-02-01,40,Oklahoma,OK,3.6,-0.7,1679900,1.79,,,1.81,
2018-02-01,41,Oregon,OR,4.1,0.1,1912700,2.28,,,3.89,
2018-02-01,42,Pennsylvania,PA,4.7,-0.4,5988000,1.13,,,1.26,
2018-02-01,44,Rhode Island,RI,4.4,-0.1,500000,0.79,,,-0.05,
2018-02-01,45,South Carolina,SC,3.7,-0.6,2144800,2.81,,,2.99,
2018-02-01,46,South Dakota,SD,2.9,-0.2,436500,0.85,,,0.63,
2018-02-01,47,Tennessee,TN,3.5,-0.8,3052400,1.42,,,1.95,
2018-02-01,48,Texas,TX,4.1,-0.6,12395000,2.07,,,4.75,
2018-02-01,49,Utah,UT,3,-0.2,1501700,3.52,,,5.83,
2018-02-01,50,Vermont,VT,2.8,-0.3,315700,0.83,,,0.73,
2018-02-01,51,Virginia,VA,3.3,-0.6,3995500,1.24,,,2.45,
2018-02-01,53,Washington,WA,4.5,-0.2,3382200,2.8,,,6.57,
2018-02-01,54,West Virginia,WV,5.4,0.2,714200,0.38,,,2.97,
2018-02-01,55,Wisconsin,WI,3,-0.5,2980100,1.22,,,2.16,
2018-02-01,56,Wyoming,WY,4.2,-0.5,283600,0.35,,,0.95,
2018-01-01,01,Alabama,AL,4,-1.4,2028400,0.95,220808767,220808767,1.94,87.388
2018-01-01,02,Alaska,AK,6.5,-0.2,326400,-1.09,52479584,52479584,-2,104.552
2018-01-01,04,Arizona,AZ,4.9,-0.3,2817200,2.77,346398299,346398299,3.99,97.344
2018-01-01,05,Arkansas,AR,3.8,0,1257900,1.43,126371242,126371242,2.01,87.156
2018-01-01,06,California,CA,,,,,2850970282,2850970282,4.03,111.972
2018-01-01,08,Colorado,CO,,,,,365204531,365204531,4.28,100.29
2018-01-01,09,Connecticut,CT,,,,,274582807,274582807,0.26,104.057
2018-01-01,10,Delaware,DE,4.1,-0.5,457500,0.57,70856435,70856435,1.87,99.26
2018-01-01,11,District of Columbia,DC,5.9,-0.4,789400,0.97,138056788,138056788,2.8,111.51
2018-01-01,12,Florida,FL,3.9,-0.8,8688800,1.95,1050433812,1050433812,3.5,100.315
2018-01-01,13,Georgia,GA,4.3,-0.9,4498700,1.79,600934681,600934681,2.98,94.819
2018-01-01,15,Hawaii,HI,2.1,-0.5,656100,0.54,88836402,88836402,1.6,110.831
2018-01-01,16,Idaho,ID,3,-0.5,727000,2.96,77652137,77652137,6.47,91.703
2018-01-01,17,Illinois,IL,4.5,-0.8,6073600,0.83,851517192,851517192,2.24,100.323
2018-01-01,18,Indiana,IN,3.3,-0.6,3121200,0.98,368762945,368762945,3.14,92.737
2018-01-01,19,Iowa,IA,2.8,-0.5,1578300,0.66,189245131,189245131,1.13,91.841
2018-01-01,20,Kansas,KS,3.4,-0.5,1410500,0.69,169796876,169796876,2.12,92.508
2018-01-01,21,Kentucky,KY,4.2,-0.9,1921000,0.31,205940089,205940089,1.17,89.074
2018-01-01,22,Louisiana,LA,4.7,-1.1,1978700,0.38,245220304,245220304,2.25,90.769
2018-01-01,23,Maine,ME,3.1,-0.4,626600,0.8,64806287,64806287,2.87,97.683
2018-01-01,24,Maryland,MD,4.1,-0.1,2753900,0.66,402480892,402480892,0.69,106.355
2018-01-01,25,Massachusetts,MA,3.7,-0.2,3635500,1.11,549262072,549262072,3.61,107.264
2018-01-01,26,Michigan,MI,4.5,-0.4,4402000,0.89,516842963,516842963,2.32,94.458
2018-01-01,27,Minnesota,MN,3.1,-0.7,2957100,1,364799702,364799702,2.84,99.577
2018-01-01,28,Mississippi,MS,4.9,-0.7,1150400,0.13,110174777,110174777,-0.1,86.166
2018-01-01,29,Missouri,MO,3.5,-0.7,2881700,0.44,314182398,314182398,0.93,91.792
2018-01-01,30,Montana,MT,3.9,-0.3,476000,1.21,49454951,49454951,2.03,92.371
2018-01-01,31,Nebraska,NE,2.9,-0.2,1020900,0.41,125543447,125543447,1.89,91.88
2018-01-01,32,Nevada,NV,4.7,-0.6,1359900,2.78,168638546,168638546,3.33,96.198
2018-01-01,33,New Hampshire,NH,2.8,-0.1,675400,0.88,82269495,82269495,1.34,103.53
2018-01-01,34,New Jersey,NJ,4.4,-0.2,4139000,0.9,606892203,606892203,2.85,111.078
2018-01-01,35,New Mexico,NM,5.2,-1.6,834300,1.09,96077043,96077043,3.08,91.625
2018-01-01,36,New York,NY,4.5,-0.2,9611600,1.03,1665186762,1665186762,2.49,109.587
2018-01-01,37,North Carolina,NC,4.2,-0.7,4467200,1.9,556573693,556573693,1.79,92.916
2018-01-01,38,North Dakota,ND,2.6,-0.2,434100,0.6,58516353,58516353,3.51,91.212
2018-01-01,39,Ohio,OH,4.6,-0.6,5538900,0.44,656212004,656212004,0.62,92.932
2018-01-01,40,Oklahoma,OK,3.7,-0.7,1679100,1.88,196030507,196030507,1.81,89.659
2018-01-01,41,Oregon,OR,4.1,0,1908500,2.93,234308332,234308332,3.89,104.706
2018-01-01,42,Pennsylvania,PA,4.8,-0.4,5975800,1.03,763855357,763855357,1.26,98.133
2018-01-01,44,Rhode Island,RI,4.5,-0.1,498000,0.36,58740143,58740143,-0.05,102.076
2018-01-01,45,South Carolina,SC,3.9,-0.5,2138800,2.75,231663274,231663274,2.99,92.261
2018-01-01,46,South Dakota,SD,2.9,-0.2,435900,0.72,51937814,51937814,0.63,91.253
2018-01-01,47,Tennessee,TN,3.5,-1,3043800,1.46,362363704,362363704,1.95,89.66
2018-01-01,48,Texas,TX,4.1,-0.7,12356500,1.86,1746543257,1746543257,4.75,97.745
2018-01-01,49,Utah,UT,3,-0.2,1495000,3.26,182106012,182106012,5.83,95.977
2018-01-01,50,Vermont,VT,2.8,-0.3,314000,-0.29,32827757,32827757,0.73,100.239
2018-01-01,51,Virginia,VA,3.4,-0.6,3991000,1.39,527767531,527767531,2.45,102.018
2018-01-01,53,Washington,WA,4.6,-0.2,3372200,2.82,561785734,561785734,6.57,107.124
2018-01-01,54,West Virginia,WV,5.4,0,713800,0.44,77406536,77406536,2.97,89.427
2018-01-01,55,Wisconsin,WI,3,-0.6,2973600,1.06,328832367,328832367,2.16,93.951
2018-01-01,56,Wyoming,WY,4.2,-0.6,284200,0.67,37977192,37977192,0.95,92.345
2018-01-01,91,New England,,,,,,1062478003,1062478003,2.21,
2018-01-01,92,Mideast,,,,,,3647342192,3647342192,2.09,
2018-01-01,93,Great Lakes,,,,,,2722152196,2722152196,1.97,
2018-01-01,94,Plains,,,,,,1274025842,1274025842,1.86,
2018-01-01,95,Southeast,,,,,,4315633378,4315633378,2.51,
2018-01-01,96,Southwest,,,,,,2385042078,2385042078,4.33,
2018-01-01,97,Rocky Mountain,,,,,,712372100,712372100,4.56,
2018-01-01,98,Far West,,,,,,3956948041,3956948041,4.2,
2017-12-01,01,Alabama,AL,4,-1.6,2025000,1.07,,,1.76,
2017-12-01,02,Alaska,AK,6.6,-0.1,327300,-1.12,,,0.16,
2017-12-01,04,Arizona,AZ,4.9,-0.4,2809600,2.62,,,4.42,
2017-12-01,05,Arkansas,AR,3.8,0,1256800,1.41,,,0.69,
2017-12-01,10,Delaware,DE,4.2,-0.4,457000,0.84,,,-3.32,
2017-12-01,11,District of Columbia,DC,5.9,-0.4,788400,0.83,,,1.57,
2017-12-01,12,Florida,FL,4,-0.8,8672000,2.07,,,3.66,
2017-12-01,13,Georgia,GA,4.4,-0.9,4497000,1.63,,,3.89,
2017-12-01,15,Hawaii,HI,2,-0.6,657400,1.01,,,2.06,
2017-12-01,16,Idaho,ID,3.1,-0.4,724000,2.96,,,3.54,
2017-12-01,17,Illinois,IL,4.7,-0.7,6083600,0.9,,,0.78,
2017-12-01,18,Indiana,IN,3.3,-0.7,3122400,1.16,,,2.61,
2017-12-01,19,Iowa,IA,2.9,-0.5,1578400,0.46,,,0.21,
2017-12-01,20,Kansas,KS,3.5,-0.5,1410900,0.43,,,0.99,
2017-12-01,21,Kentucky,KY,4.3,-0.8,1924100,0.53,,,1.27,
2017-12-01,22,Louisiana,LA,4.7,-1.2,1977700,0.38,,,1.82,
2017-12-01,23,Maine,ME,3.1,-0.5,627500,1.18,,,1.55,
2017-12-01,24,Maryland,MD,4.1,-0.1,2752000,0.61,,,1.98,
2017-12-01,25,Massachusetts,MA,3.7,-0.2,3636000,1.24,,,1.62,
2017-12-01,26,Michigan,MI,4.6,-0.4,4391100,0.91,,,0.99,
2017-12-01,27,Minnesota,MN,3.2,-0.7,2949400,1.35,,,1.17,
2017-12-01,28,Mississippi,MS,4.9,-0.8,1152200,0.29,,,0.34,
2017-12-01,29,Missouri,MO,3.6,-0.8,2886500,0.71,,,0.92,
2017-12-01,30,Montana,MT,4,-0.2,474500,0.94,,,2.71,
2017-12-01,31,Nebraska,NE,3,-0.1,1022400,0.78,,,1.58,
2017-12-01,32,Nevada,NV,4.8,-0.6,1358400,3.16,,,4.61,
2017-12-01,33,New Hampshire,NH,2.8,-0.1,675700,0.96,,,0.55,
2017-12-01,34,New Jersey,NJ,4.5,-0.2,4148200,1.2,,,0.52,
2017-12-01,35,New Mexico,NM,5.4,-1.5,833000,0.8,,,0.18,
2017-12-01,36,New York,NY,4.6,-0.2,9622400,1.38,,,2.15,
2017-12-01,37,North Carolina,NC,4.3,-0.7,4455000,1.44,,,1.96,
2017-12-01,38,North Dakota,ND,2.6,-0.3,432900,0.32,,,3.24,
2017-12-01,39,Ohio,OH,4.6,-0.6,5539800,0.72,,,2.2,
2017-12-01,40,Oklahoma,OK,3.8,-0.7,1672400,1.48,,,1.29,
2017-12-01,41,Oregon,OR,4.1,-0.1,1903100,2.14,,,5.01,
2017-12-01,42,Pennsylvania,PA,4.9,-0.3,5976100,1.23,,,1.27,
2017-12-01,44,Rhode Island,RI,4.5,-0.2,499700,0.87,,,0.24,
2017-12-01,45,South Carolina,SC,4,-0.4,2117200,1.82,,,1.99,
2017-12-01,46,South Dakota,SD,3,-0.1,435300,0.53,,,0.68,
2017-12-01,47,Tennessee,TN,3.5,-1.2,3044400,1.41,,,3.46,
2017-12-01,48,Texas,TX,4.1,-0.7,12341900,2.06,,,2.05,
2017-12-01,49,Utah,UT,3.1,-0.1,1490600,3.36,,,5.87,
2017-12-01,50,Vermont,VT,2.8,-0.3,316500,0.86,,,0.86,
2017-12-01,51,Virginia,VA,3.4,-0.6,3982000,1.2,,,1.99,
2017-12-01,53,Washington,WA,4.6,-0.3,3357500,2.4,,,6.34,
2017-12-01,54,West Virginia,WV,5.4,-0.2,710900,0.27,,,2.26,
2017-12-01,55,Wisconsin,WI,3,-0.7,2964200,0.97,,,0.82,
2017-12-01,56,Wyoming,WY,4.2,-0.8,283600,0.57,,,-0.62,
2017-11-01,01,Alabama,AL,4,-1.7,2023900,1.17,,,1.76,
2017-11-01,02,Alaska,AK,6.6,-0.1,327700,-1,,,0.16,
2017-11-01,04,Arizona,AZ,4.9,-0.4,2801700,2.55,,,4.42,
2017-11-01,05,Arkansas,AR,3.8,-0.1,1256400,1.45,,,0.69,
2017-11-01,10,Delaware,DE,4.2,-0.4,456100,0.73,,,-3.32,
2017-11-01,11,District of Columbia,DC,5.9,-0.4,786800,0.81,,,1.57,
2017-11-01,12,Florida,FL,4.1,-0.7,8650600,2.01,,,3.66,
2017-11-01,13,Georgia,GA,4.4,-1,4492600,1.67,,,3.89,
2017-11-01,15,Hawaii,HI,2,-0.7,655100,0.51,,,2.06,
2017-11-01,16,Idaho,ID,3.1,-0.5,721600,2.72,,,3.54,
2017-11-01,17,Illinois,IL,4.8,-0.8,6073800,0.67,,,0.78,
2017-11-01,18,Indiana,IN,3.4,-0.7,3118000,0.95,,,2.61,
2017-11-01,19,Iowa,IA,2.9,-0.6,1575200,0.27,,,0.21,
2017-11-01,20,Kansas,KS,3.5,-0.6,1409800,0.28,,,0.99,
2017-11-01,21,Kentucky,KY,4.4,-0.7,1925400,0.82,,,1.27,
2017-11-01,22,Louisiana,LA,4.7,-1.3,1974500,0.21,,,1.82,
2017-11-01,23,Maine,ME,3.2,-0.4,626100,0.82,,,1.55,
2017-11-01,24,Maryland,MD,4.1,-0.1,2755400,0.82,,,1.98,
2017-11-01,25,Massachusetts,MA,3.8,0,3631400,1.25,,,1.62,
2017-11-01,26,Michigan,MI,4.7,-0.4,4390000,0.78,,,0.99,
2017-11-01,27,Minnesota,MN,3.2,-0.8,2947500,1.23,,,1.17,
2017-11-01,28,Mississippi,MS,4.9,-0.9,1153100,0.44,,,0.34,
2017-11-01,29,Missouri,MO,3.6,-0.9,2882800,0.66,,,0.92,
2017-11-01,30,Montana,MT,4.1,-0.1,473800,0.74,,,2.71,
2017-11-01,31,Nebraska,NE,3,-0.2,1020100,0.4,,,1.58,
2017-11-01,32,Nevada,NV,4.8,-0.7,1351900,2.88,,,4.61,
2017-11-01,33,New Hampshire,NH,2.8,-0.1,674600,0.79,,,0.55,
2017-11-01,34,New Jersey,NJ,4.6,-0.2,4141899.9999999995,1.17,,,0.52,
2017-11-01,35,New Mexico,NM,5.5,-1.5,830400,0.87,,,0.18,
2017-11-01,36,New York,NY,4.6,-0.3,9608900,1.45,,,2.15,
2017-11-01,37,North Carolina,NC,4.4,-0.7,4449200,1.48,,,1.96,
2017-11-01,38,North Dakota,ND,2.6,-0.3,432200,-0.28,,,3.24,
2017-11-01,39,Ohio,OH,4.7,-0.5,5538800,0.61,,,2.2,
2017-11-01,40,Oklahoma,OK,3.8,-0.8,1669300,1.22,,,1.29,
2017-11-01,41,Oregon,OR,4.2,-0.2,1899100,1.84,,,5.01,
2017-11-01,42,Pennsylvania,PA,4.9,-0.4,5966700,1.11,,,1.27,
2017-11-01,44,Rhode Island,RI,4.5,-0.4,499200,0.89,,,0.24,
2017-11-01,45,South Carolina,SC,4.2,-0.3,2114400,1.93,,,1.99,
2017-11-01,46,South Dakota,SD,3,-0.2,434500,0.28,,,0.68,
2017-11-01,47,Tennessee,TN,3.5,-1.3,3040000,1.5,,,3.46,
2017-11-01,48,Texas,TX,4.1,-0.7,12313500,1.96,,,2.05,
2017-11-01,49,Utah,UT,3.1,-0.1,1485800,3.19,,,5.87,
2017-11-01,50,Vermont,VT,2.9,-0.2,315700,0.64,,,0.86,
2017-11-01,51,Virginia,VA,3.4,-0.6,3969300,0.87,,,1.99,
2017-11-01,53,Washington,WA,4.6,-0.3,3346300,2.19,,,6.34,
2017-11-01,54,West Virginia,WV,5.3,-0.5,710700,-0.96,,,2.26,
2017-11-01,55,Wisconsin,WI,3.1,-0.7,2962500,0.56,,,0.82,
2017-11-01,56,Wyoming,WY,4.3,-0.8,283400,0.14,,,-0.62,
2017-10-01,01,Alabama,AL,4,-1.8,2026800,1.22,,,1.76,
2017-10-01,02,Alaska,AK,6.6,-0.1,327700,-1.06,,,0.16,
2017-10-01,04,Arizona,AZ,4.8,-0.6,2798300,2.45,,,4.42,
2017-10-01,05,Arkansas,AR,3.8,-0.1,1254700,1.33,,,0.69,
2017-10-01,10,Delaware,DE,4.3,-0.3,454700,0.55,,,-3.32,
2017-10-01,11,District of Columbia,DC,6,-0.3,787100,0.96,,,1.57,
2017-10-01,12,Florida,FL,4.1,-0.8,8633000,1.96,,,3.66,
2017-10-01,13,Georgia,GA,4.5,-0.9,4490200,1.92,,,3.89,
2017-10-01,15,Hawaii,HI,2,-0.8,656700,1.05,,,2.06,
2017-10-01,16,Idaho,ID,3.1,-0.6,720000,2.86,,,3.54,
2017-10-01,17,Illinois,IL,4.9,-0.8,6069700,0.63,,,0.78,
2017-10-01,18,Indiana,IN,3.5,-0.7,3115000,1,,,2.61,
2017-10-01,19,Iowa,IA,3,-0.6,1573900,0.04,,,0.21,
2017-10-01,20,Kansas,KS,3.5,-0.7,1406300,0.01,,,0.99,
2017-10-01,21,Kentucky,KY,4.5,-0.6,1926800,0.67,,,1.27,
2017-10-01,22,Louisiana,LA,4.7,-1.3,1974000,0.21,,,1.82,
2017-10-01,23,Maine,ME,3.3,-0.4,624100,0.82,,,1.55,
2017-10-01,24,Maryland,MD,4.1,-0.1,2751700,0.92,,,1.98,
2017-10-01,25,Massachusetts,MA,3.8,0,3626100,1.28,,,1.62,
2017-10-01,26,Michigan,MI,4.7,-0.4,4383800,0.92,,,0.99,
2017-10-01,27,Minnesota,MN,3.3,-0.7,2942900,1.13,,,1.17,
2017-10-01,28,Mississippi,MS,5,-0.9,1152300,0.4,,,0.34,
2017-10-01,29,Missouri,MO,3.6,-1,2877100,0.48,,,0.92,
2017-10-01,30,Montana,MT,4.1,-0.1,473700,0.98,,,2.71,
2017-10-01,31,Nebraska,NE,3,-0.2,1020400,0.22,,,1.58,
2017-10-01,32,Nevada,NV,4.9,-0.7,1348200,2.8,,,4.61,
2017-10-01,33,New Hampshire,NH,2.8,-0.1,674500,0.9,,,0.55,
2017-10-01,34,New Jersey,NJ,4.6,-0.3,4141000,1.25,,,0.52,
2017-10-01,35,New Mexico,NM,5.7,-1.3,828600,0.62,,,0.18,
2017-10-01,36,New York,NY,4.7,-0.3,9598800,1.4,,,2.15,
2017-10-01,37,North Carolina,NC,4.4,-0.7,4449800,1.8,,,1.96,
2017-10-01,38,North Dakota,ND,2.6,-0.3,432400,-0.39,,,3.24,
2017-10-01,39,Ohio,OH,4.8,-0.4,5537600,0.74,,,2.2,
2017-10-01,40,Oklahoma,OK,3.9,-0.8,1668500,1.19,,,1.29,
2017-10-01,41,Oregon,OR,4.2,-0.3,1896500,2.06,,,5.01,
2017-10-01,42,Pennsylvania,PA,4.9,-0.4,5960800,1,,,1.27,
2017-10-01,44,Rhode Island,RI,4.5,-0.5,498200,0.59,,,0.24,
2017-10-01,45,South Carolina,SC,4.2,-0.4,2111100,2.22,,,1.99,
2017-10-01,46,South Dakota,SD,3,-0.2,435200,0.51,,,0.68,
2017-10-01,47,Tennessee,TN,3.4,-1.4,3037400,1.45,,,3.46,
2017-10-01,48,Texas,TX,4.1,-0.7,12294000,1.91,,,2.05,
2017-10-01,49,Utah,UT,3.1,-0.1,1481300,2.97,,,5.87,
2017-10-01,50,Vermont,VT,2.9,-0.2,315100,0.38,,,0.86,
2017-10-01,51,Virginia,VA,3.5,-0.5,3971500,1.06,,,1.99,
2017-10-01,53,Washington,WA,4.7,-0.3,3340600,2.32,,,6.34,
2017-10-01,54,West Virginia,WV,5.3,-0.6,711400,0.62,,,2.26,
2017-10-01,55,Wisconsin,WI,3.2,-0.6,2960600,0.79,,,0.82,
2017-10-01,56,Wyoming,WY,4.3,-0.9,283400,0.21,,,-0.62,
2017-09-01,01,Alabama,AL,4.1,-1.7,2022800,0.86,,,1.76,
2017-09-01,02,Alaska,AK,6.6,-0.1,329600,-0.27,,,0.16,
2017-09-01,04,Arizona,AZ,4.8,-0.6,2795200,2.4,,,4.42,
2017-09-01,05,Arkansas,AR,3.8,-0.1,1254000,1.24,,,0.69,
2017-09-01,10,Delaware,DE,4.3,-0.3,456300,0.84,,,-3.32,
2017-09-01,11,District of Columbia,DC,6,-0.3,783700,0.69,,,1.57,
2017-09-01,12,Florida,FL,4.1,-0.8,8452700,-0.2,,,3.66,
2017-09-01,13,Georgia,GA,4.6,-0.8,4466700,1.37,,,3.89,
2017-09-01,15,Hawaii,HI,2,-0.8,657200,0.94,,,2.06,
2017-09-01,16,Idaho,ID,3.1,-0.6,719700,2.74,,,3.54,
2017-09-01,17,Illinois,IL,4.9,-0.8,6073300,0.79,,,0.78,
2017-09-01,18,Indiana,IN,3.5,-0.7,3118200,0.95,,,2.61,
2017-09-01,19,Iowa,IA,3,-0.6,1574400,-0.01,,,0.21,
2017-09-01,20,Kansas,KS,3.6,-0.6,1407200,0.04,,,0.99,
2017-09-01,21,Kentucky,KY,4.6,-0.5,1923000,0.49,,,1.27,
2017-09-01,22,Louisiana,LA,4.8,-1.3,1977100,0.16,,,1.82,
2017-09-01,23,Maine,ME,3.4,-0.3,625200,1.07,,,1.55,
2017-09-01,24,Maryland,MD,4.1,-0.1,2749500,0.73,,,1.98,
2017-09-01,25,Massachusetts,MA,3.8,0,3624700,1.1,,,1.62,
2017-09-01,26,Michigan,MI,4.7,-0.3,4385300,0.86,,,0.99,
2017-09-01,27,Minnesota,MN,3.3,-0.7,2946000,1.14,,,1.17,
2017-09-01,28,Mississippi,MS,5,-0.9,1152200,0.36,,,0.34,
2017-09-01,29,Missouri,MO,3.6,-1.1,2884700,0.84,,,0.92,
2017-09-01,30,Montana,MT,4.1,-0.1,474200,0.98,,,2.71,
2017-09-01,31,Nebraska,NE,3,-0.2,1018600,-0.14,,,1.58,
2017-09-01,32,Nevada,NV,4.9,-0.7,1346300,2.71,,,4.61,
2017-09-01,33,New Hampshire,NH,2.8,-0.1,673700,0.54,,,0.55,
2017-09-01,34,New Jersey,NJ,4.6,-0.3,4139899.9999999995,1.17,,,0.52,
2017-09-01,35,New Mexico,NM,5.8,-1.2,831100,0.47,,,0.18,
2017-09-01,36,New York,NY,4.7,-0.3,9590600,1.29,,,2.15,
2017-09-01,37,North Carolina,NC,4.5,-0.6,4447000,1.63,,,1.96,
2017-09-01,38,North Dakota,ND,2.5,-0.5,431500,-0.94,,,3.24,
2017-09-01,39,Ohio,OH,4.9,-0.2,5532100,0.57,,,2.2,
2017-09-01,40,Oklahoma,OK,3.9,-0.8,1670200,1.15,,,1.29,
2017-09-01,41,Oregon,OR,4.1,-0.6,1897100,2.3,,,5.01,
2017-09-01,42,Pennsylvania,PA,4.9,-0.4,5961800,0.99,,,1.27,
2017-09-01,44,Rhode Island,RI,4.5,-0.6,498600,0.81,,,0.24,
2017-09-01,45,South Carolina,SC,4.2,-0.5,2100700,1.37,,,1.99,
2017-09-01,46,South Dakota,SD,3,-0.1,434400,0.23,,,0.68,
2017-09-01,47,Tennessee,TN,3.4,-1.4,3034800,1.38,,,3.46,
2017-09-01,48,Texas,TX,4.1,-0.7,12253100,1.55,,,2.05,
2017-09-01,49,Utah,UT,3.1,-0.1,1477000,2.67,,,5.87,
2017-09-01,50,Vermont,VT,2.9,-0.2,315300,0.25,,,0.86,
2017-09-01,51,Virginia,VA,3.5,-0.5,3969200,1.05,,,1.99,
2017-09-01,53,Washington,WA,4.7,-0.4,3333700,2.1,,,6.34,
2017-09-01,54,West Virginia,WV,5.2,-0.8,710200,0.34,,,2.26,
2017-09-01,55,Wisconsin,WI,3.2,-0.6,2959700,0.75,,,0.82,
2017-09-01,56,Wyoming,WY,4.2,-1,284800,0.74,,,-0.62,
2017-08-01,01,Alabama,AL,4.2,-1.6,2021100,1.07,,,1.76,
2017-08-01,02,Alaska,AK,6.6,-0.1,330000,-0.72,,,0.16,
2017-08-01,04,Arizona,AZ,4.8,-0.6,2784100,2.4,,,4.42,
2017-08-01,05,Arkansas,AR,3.7,-0.2,1251300,1.24,,,0.69,
2017-08-01,10,Delaware,DE,4.3,-0.2,454900,0.53,,,-3.32,
2017-08-01,11,District of Columbia,DC,6.1,-0.1,783900,0.88,,,1.57,
2017-08-01,12,Florida,FL,4.2,-0.7,8610000,2.14,,,3.66,
2017-08-01,13,Georgia,GA,4.6,-0.8,4473800,1.94,,,3.89,
2017-08-01,15,Hawaii,HI,2.1,-0.8,651800,-0.12,,,2.06,
2017-08-01,16,Idaho,ID,3.1,-0.6,717300,2.72,,,3.54,
2017-08-01,17,Illinois,IL,5,-0.8,6068400,0.92,,,0.78,
2017-08-01,18,Indiana,IN,3.5,-0.8,3106500,0.92,,,2.61,
2017-08-01,19,Iowa,IA,3.1,-0.6,1572200,0.1,,,0.21,
2017-08-01,20,Kansas,KS,3.6,-0.6,1400400,-0.16,,,0.99,
2017-08-01,21,Kentucky,KY,4.7,-0.3,1914800,0.04,,,1.27,
2017-08-01,22,Louisiana,LA,4.9,-1.2,1974100,0.34,,,1.82,
2017-08-01,23,Maine,ME,3.4,-0.3,623700,0.69,,,1.55,
2017-08-01,24,Maryland,MD,4,-0.2,2746500,0.96,,,1.98,
2017-08-01,25,Massachusetts,MA,3.8,-0.1,3624000,1.13,,,1.62,
2017-08-01,26,Michigan,MI,4.6,-0.4,4379300,1.09,,,0.99,
2017-08-01,27,Minnesota,MN,3.4,-0.5,2938600,0.97,,,1.17,
2017-08-01,28,Mississippi,MS,5.1,-0.9,1152100,0.48,,,0.34,
2017-08-01,29,Missouri,MO,3.7,-1,2881000,0.77,,,0.92,
2017-08-01,30,Montana,MT,4.1,-0.2,473700,1.13,,,2.71,
2017-08-01,31,Nebraska,NE,2.9,-0.3,1017600,0.17,,,1.58,
2017-08-01,32,Nevada,NV,4.9,-0.8,1341400,2.62,,,4.61,
2017-08-01,33,New Hampshire,NH,2.8,-0.1,674400,1.2,,,0.55,
2017-08-01,34,New Jersey,NJ,4.6,-0.4,4129300,1.22,,,0.52,
2017-08-01,35,New Mexico,NM,5.9,-1.1,829200,0.5,,,0.18,
2017-08-01,36,New York,NY,4.7,-0.3,9578600,1.3,,,2.15,
2017-08-01,37,North Carolina,NC,4.5,-0.6,4437700,1.79,,,1.96,
2017-08-01,38,North Dakota,ND,2.5,-0.5,432600,-0.8,,,3.24,
2017-08-01,39,Ohio,OH,4.9,-0.1,5531600,0.87,,,2.2,
2017-08-01,40,Oklahoma,OK,4,-0.8,1668300,0.97,,,1.29,
2017-08-01,41,Oregon,OR,4.1,-0.7,1894600,2.48,,,5.01,
2017-08-01,42,Pennsylvania,PA,4.9,-0.5,5947500,1,,,1.27,
2017-08-01,44,Rhode Island,RI,4.5,-0.7,499600,1.07,,,0.24,
2017-08-01,45,South Carolina,SC,4.2,-0.5,2101200,1.7,,,1.99,
2017-08-01,46,South Dakota,SD,3,-0.1,434100,0.28,,,0.68,
2017-08-01,47,Tennessee,TN,3.4,-1.4,3028300,1.45,,,3.46,
2017-08-01,48,Texas,TX,4.2,-0.6,12247000,1.71,,,2.05,
2017-08-01,49,Utah,UT,3.1,-0.2,1472300,2.68,,,5.87,
2017-08-01,50,Vermont,VT,2.9,-0.2,315500,0.7,,,0.86,
2017-08-01,51,Virginia,VA,3.5,-0.5,3963300,1.05,,,1.99,
2017-08-01,53,Washington,WA,4.6,-0.6,3327200,2.24,,,6.34,
2017-08-01,54,West Virginia,WV,5.2,-0.9,708300,0.23,,,2.26,
2017-08-01,55,Wisconsin,WI,3.3,-0.6,2953400,0.47,,,0.82,
2017-08-01,56,Wyoming,WY,4.2,-1.1,284600,0.14,,,-0.62,
2017-07-01,01,Alabama,AL,4.3,-1.5,2018800,0.96,,,1.76,
2017-07-01,02,Alaska,AK,6.6,-0.1,329300,-1.17,,,0.16,
2017-07-01,04,Arizona,AZ,4.9,-0.6,2779100,2.27,,,4.42,
2017-07-01,05,Arkansas,AR,3.7,-0.3,1250100,1.17,,,0.69,
2017-07-01,10,Delaware,DE,4.4,-0.1,454500,0.42,,,-3.32,
2017-07-01,11,District of Columbia,DC,6.1,-0.1,783700,0.81,,,1.57,
2017-07-01,12,Florida,FL,4.2,-0.7,8600200,2.18,,,3.66,
2017-07-01,13,Georgia,GA,4.7,-0.7,4463500,1.88,,,3.89,
2017-07-01,15,Hawaii,HI,2.2,-0.7,654900,0.86,,,2.06,
2017-07-01,16,Idaho,ID,3.1,-0.6,714700,2.55,,,3.54,
2017-07-01,17,Illinois,IL,5,-0.8,6053700,0.65,,,0.78,
2017-07-01,18,Indiana,IN,3.5,-0.9,3107800,0.94,,,2.61,
2017-07-01,19,Iowa,IA,3.1,-0.6,1571700,0.04,,,0.21,
2017-07-01,20,Kansas,KS,3.6,-0.5,1402600,-0.2,,,0.99,
2017-07-01,21,Kentucky,KY,4.8,-0.2,1916600,0.14,,,1.27,
2017-07-01,22,Louisiana,LA,5,-1.1,1974300,-0.23,,,1.82,
2017-07-01,23,Maine,ME,3.4,-0.4,623700,0.78,,,1.55,
2017-07-01,24,Maryland,MD,4,-0.2,2744000,1.08,,,1.98,
2017-07-01,25,Massachusetts,MA,3.8,-0.1,3621700,1.15,,,1.62,
2017-07-01,26,Michigan,MI,4.5,-0.5,4369000,0.75,,,0.99,
2017-07-01,27,Minnesota,MN,3.4,-0.5,2938400,1.2,,,1.17,
2017-07-01,28,Mississippi,MS,5.2,-0.8,1152100,0.35,,,0.34,
2017-07-01,29,Missouri,MO,3.7,-1,2879300,0.81,,,0.92,
2017-07-01,30,Montana,MT,4.1,-0.2,472900,1.16,,,2.71,
2017-07-01,31,Nebraska,NE,2.9,-0.3,1016900,-0.01,,,1.58,
2017-07-01,32,Nevada,NV,4.9,-0.9,1339500,2.65,,,4.61,
2017-07-01,33,New Hampshire,NH,2.7,-0.2,674300,1.2,,,0.55,
2017-07-01,34,New Jersey,NJ,4.5,-0.5,4124100.0000000005,1.14,,,0.52,
2017-07-01,35,New Mexico,NM,6,-0.9,829000,0.4,,,0.18,
2017-07-01,36,New York,NY,4.7,-0.2,9564200,1.19,,,2.15,
2017-07-01,37,North Carolina,NC,4.5,-0.5,4432900,1.76,,,1.96,
2017-07-01,38,North Dakota,ND,2.5,-0.5,433300,-0.78,,,3.24,
2017-07-01,39,Ohio,OH,4.9,-0.1,5521600,0.64,,,2.2,
2017-07-01,40,Oklahoma,OK,4,-0.8,1667500,0.97,,,1.29,
2017-07-01,41,Oregon,OR,4.1,-0.8,1892800,2.6,,,5.01,
2017-07-01,42,Pennsylvania,PA,4.9,-0.5,5943200,0.89,,,1.27,
2017-07-01,44,Rhode Island,RI,4.4,-0.9,498400,0.75,,,0.24,
2017-07-01,45,South Carolina,SC,4.2,-0.7,2103500,1.93,,,1.99,
2017-07-01,46,South Dakota,SD,3,-0.1,433100,-0.18,,,0.68,
2017-07-01,47,Tennessee,TN,3.5,-1.2,3025200,1.55,,,3.46,
2017-07-01,48,Texas,TX,4.2,-0.5,12230300,1.66,,,2.05,
2017-07-01,49,Utah,UT,3.2,-0.1,1469300,2.5,,,5.87,
2017-07-01,50,Vermont,VT,2.9,-0.2,314900,0.1,,,0.86,
2017-07-01,51,Virginia,VA,3.5,-0.5,3962700,1.2,,,1.99,
2017-07-01,53,Washington,WA,4.6,-0.6,3327200,2.45,,,6.34,
2017-07-01,54,West Virginia,WV,5.1,-1,709100,0.31,,,2.26,
2017-07-01,55,Wisconsin,WI,3.3,-0.6,2956300,0.74,,,0.82,
2017-07-01,56,Wyoming,WY,4.2,-1.2,284200,-0.32,,,-0.62,
2017-06-01,01,Alabama,AL,4.5,-1.3,2018600,1.25,,,1.76,
2017-06-01,02,Alaska,AK,6.6,-0.1,330000,-0.69,,,0.16,
2017-06-01,04,Arizona,AZ,4.9,-0.6,2778600,3.01,,,4.42,
2017-06-01,05,Arkansas,AR,3.7,-0.3,1249300,1.37,,,0.69,
2017-06-01,10,Delaware,DE,4.4,-0.1,455200,1.09,,,-3.32,
2017-06-01,11,District of Columbia,DC,6.2,0.1,783700,0.98,,,1.57,
2017-06-01,12,Florida,FL,4.2,-0.7,8593900,2.67,,,3.66,
2017-06-01,13,Georgia,GA,4.8,-0.6,4463600,2.13,,,3.89,
2017-06-01,15,Hawaii,HI,2.2,-0.8,655700,1.58,,,2.06,
2017-06-01,16,Idaho,ID,3.1,-0.6,715600,3.4,,,3.54,
2017-06-01,17,Illinois,IL,4.9,-1,6061200,1.04,,,0.78,
2017-06-01,18,Indiana,IN,3.5,-1,3112800,1.61,,,2.61,
2017-06-01,19,Iowa,IA,3.1,-0.6,1573000,0.5,,,0.21,
2017-06-01,20,Kansas,KS,3.6,-0.5,1399400,-0.14,,,0.99,
2017-06-01,21,Kentucky,KY,4.8,-0.2,1920800,0.94,,,1.27,
2017-06-01,22,Louisiana,LA,5.1,-1,1978100,0.17,,,1.82,
2017-06-01,23,Maine,ME,3.4,-0.4,623700,1.14,,,1.55,
2017-06-01,24,Maryland,MD,4,-0.2,2747300,1.44,,,1.98,
2017-06-01,25,Massachusetts,MA,3.8,-0.2,3614800,1.8,,,1.62,
2017-06-01,26,Michigan,MI,4.4,-0.6,4383200,1.51,,,0.99,
2017-06-01,27,Minnesota,MN,3.4,-0.5,2938700,1.89,,,1.17,
2017-06-01,28,Mississippi,MS,5.2,-0.8,1151400,0.84,,,0.34,
2017-06-01,29,Missouri,MO,3.7,-1,2884400,1.17,,,0.92,
2017-06-01,30,Montana,MT,4.1,-0.2,473700,1.41,,,2.71,
2017-06-01,31,Nebraska,NE,2.9,-0.2,1019100,0.44,,,1.58,
2017-06-01,32,Nevada,NV,5,-0.9,1337800,3.42,,,4.61,
2017-06-01,33,New Hampshire,NH,2.7,-0.2,673400,1.46,,,0.55,
2017-06-01,34,New Jersey,NJ,4.5,-0.5,4128600.0000000005,1.73,,,0.52,
2017-06-01,35,New Mexico,NM,6.2,-0.6,831100,0.9,,,0.18,
2017-06-01,36,New York,NY,4.6,-0.3,9560500,1.53,,,2.15,
2017-06-01,37,North Carolina,NC,4.5,-0.5,4425900,1.84,,,1.96,
2017-06-01,38,North Dakota,ND,2.5,-0.6,433400,-0.18,,,3.24,
2017-06-01,39,Ohio,OH,5,0,5527800,1.13,,,2.2,
2017-06-01,40,Oklahoma,OK,4,-0.8,1666800,1.18,,,1.29,
2017-06-01,41,Oregon,OR,4,-0.9,1891100,2.77,,,5.01,
2017-06-01,42,Pennsylvania,PA,4.9,-0.5,5936200,1.18,,,1.27,
2017-06-01,44,Rhode Island,RI,4.4,-0.9,498700,1.03,,,0.24,
2017-06-01,45,South Carolina,SC,4.1,-0.9,2099200,2.21,,,1.99,
2017-06-01,46,South Dakota,SD,3,0,433900,0.49,,,0.68,
2017-06-01,47,Tennessee,TN,3.6,-1.1,3020100,1.75,,,3.46,
2017-06-01,48,Texas,TX,4.3,-0.4,12242000,2.2,,,2.05,
2017-06-01,49,Utah,UT,3.2,-0.1,1466400,2.96,,,5.87,
2017-06-01,50,Vermont,VT,2.9,-0.2,316700,1.25,,,0.86,
2017-06-01,51,Virginia,VA,3.6,-0.4,3960700,1.23,,,1.99,
2017-06-01,53,Washington,WA,4.6,-0.7,3323600,2.72,,,6.34,
2017-06-01,54,West Virginia,WV,5.1,-1,708100,0.21,,,2.26,
2017-06-01,55,Wisconsin,WI,3.2,-0.7,2956400,1.18,,,0.82,
2017-06-01,56,Wyoming,WY,4.2,-1.3,284100,-0.59,,,-0.62,
2017-05-01,01,Alabama,AL,4.6,-1.2,2016300,1.08,,,1.76,
2017-05-01,02,Alaska,AK,6.6,0,330000,-1.4,,,0.16,
2017-05-01,04,Arizona,AZ,5,-0.6,2768400,2.46,,,4.42,
2017-05-01,05,Arkansas,AR,3.7,-0.3,1246700,1.29,,,0.69,
2017-05-01,10,Delaware,DE,4.5,0,453300,0.73,,,-3.32,
2017-05-01,11,District of Columbia,DC,6.2,0.1,783800,0.91,,,1.57,
2017-05-01,12,Florida,FL,4.3,-0.6,8576600,2.55,,,3.66,
2017-05-01,13,Georgia,GA,4.9,-0.5,4447100,1.93,,,3.89,
2017-05-01,15,Hawaii,HI,2.3,-0.7,655000,1.39,,,2.06,
2017-05-01,16,Idaho,ID,3.1,-0.6,712600,3.23,,,3.54,
2017-05-01,17,Illinois,IL,4.9,-1.1,6047700,0.8,,,0.78,
2017-05-01,18,Indiana,IN,3.4,-1.1,3104400,1.35,,,2.61,
2017-05-01,19,Iowa,IA,3.1,-0.5,1569700,0.1,,,0.21,
2017-05-01,20,Kansas,KS,3.7,-0.3,1398000,-0.46,,,0.99,
2017-05-01,21,Kentucky,KY,4.9,-0.1,1917500,0.56,,,1.27,
2017-05-01,22,Louisiana,LA,5.2,-0.9,1977700,-0.03,,,1.82,
2017-05-01,23,Maine,ME,3.4,-0.4,621500,0.65,,,1.55,
2017-05-01,24,Maryland,MD,4,-0.2,2742900,1.26,,,1.98,
2017-05-01,25,Massachusetts,MA,3.9,-0.2,3608400,1.39,,,1.62,
2017-05-01,26,Michigan,MI,4.3,-0.7,4378700,1.49,,,0.99,
2017-05-01,27,Minnesota,MN,3.5,-0.3,2930400,1.28,,,1.17,
2017-05-01,28,Mississippi,MS,5.3,-0.7,1150000,0.44,,,0.34,
2017-05-01,29,Missouri,MO,3.8,-0.8,2875100,0.94,,,0.92,
2017-05-01,30,Montana,MT,4.1,-0.2,472800,1.18,,,2.71,
2017-05-01,31,Nebraska,NE,2.9,-0.2,1017300,0.31,,,1.58,
2017-05-01,32,Nevada,NV,5,-0.9,1336200,3.55,,,4.61,
2017-05-01,33,New Hampshire,NH,2.8,-0.1,672600,1.28,,,0.55,
2017-05-01,34,New Jersey,NJ,4.4,-0.6,4121300,1.65,,,0.52,
2017-05-01,35,New Mexico,NM,6.3,-0.4,827200,0.19,,,0.18,
2017-05-01,36,New York,NY,4.6,-0.2,9542500,1.47,,,2.15,
2017-05-01,37,North Carolina,NC,4.5,-0.5,4414600,1.67,,,1.96,
2017-05-01,38,North Dakota,ND,2.5,-0.6,434200,-0.14,,,3.24,
2017-05-01,39,Ohio,OH,5,0,5520900,0.82,,,2.2,
2017-05-01,40,Oklahoma,OK,4,-0.7,1658500,0.45,,,1.29,
2017-05-01,41,Oregon,OR,4,-0.9,1884200,2.52,,,5.01,
2017-05-01,42,Pennsylvania,PA,5,-0.4,5934800,1.08,,,1.27,
2017-05-01,44,Rhode Island,RI,4.4,-1,498000,0.93,,,0.24,
2017-05-01,45,South Carolina,SC,4.1,-1,2094000,1.98,,,1.99,
2017-05-01,46,South Dakota,SD,3,0.1,433800,0.53,,,0.68,
2017-05-01,47,Tennessee,TN,3.7,-1,3014000,1.67,,,3.46,
2017-05-01,48,Texas,TX,4.4,-0.2,12216800,1.88,,,2.05,
2017-05-01,49,Utah,UT,3.2,-0.2,1460900,2.87,,,5.87,
2017-05-01,50,Vermont,VT,2.9,-0.2,314900,0.45,,,0.86,
2017-05-01,51,Virginia,VA,3.7,-0.3,3954200,1.2,,,1.99,
2017-05-01,53,Washington,WA,4.6,-0.7,3313500,2.48,,,6.34,
2017-05-01,54,West Virginia,WV,5,-1.2,709200,-1.49,,,2.26,
2017-05-01,55,Wisconsin,WI,3.3,-0.7,2954100,0.99,,,0.82,
2017-05-01,56,Wyoming,WY,4.2,-1.3,284200,-0.87,,,-0.62,
2017-04-01,01,Alabama,AL,4.8,-1,2012500,0.85,,,1.76,
2017-04-01,02,Alaska,AK,6.6,0,329300,-2.08,,,0.16,
2017-04-01,04,Arizona,AZ,5,-0.6,2765900,2.6,,,4.42,
2017-04-01,05,Arkansas,AR,3.7,-0.3,1247200,1.43,,,0.69,
2017-04-01,10,Delaware,DE,4.5,0,454700,0.87,,,-3.32,
2017-04-01,11,District of Columbia,DC,6.2,0.1,783400,0.99,,,1.57,
2017-04-01,12,Florida,FL,4.4,-0.5,8558400,2.59,,,3.66,
2017-04-01,13,Georgia,GA,4.9,-0.6,4440900,1.96,,,3.89,
2017-04-01,15,Hawaii,HI,2.4,-0.6,655400,1.61,,,2.06,
2017-04-01,16,Idaho,ID,3.2,-0.6,710100,3.03,,,3.54,
2017-04-01,17,Illinois,IL,5,-1.1,6042600,0.54,,,0.78,
2017-04-01,18,Indiana,IN,3.5,-1.1,3101900,1.16,,,2.61,
2017-04-01,19,Iowa,IA,3.1,-0.5,1573800,-0.01,,,0.21,
2017-04-01,20,Kansas,KS,3.7,-0.3,1398700,-0.55,,,0.99,
2017-04-01,21,Kentucky,KY,4.9,-0.1,1918400,0.69,,,1.27,
2017-04-01,22,Louisiana,LA,5.4,-0.7,1973500,-0.29,,,1.82,
2017-04-01,23,Maine,ME,3.4,-0.5,621700,0.73,,,1.55,
2017-04-01,24,Maryland,MD,4,-0.2,2741600,1.06,,,1.98,
2017-04-01,25,Massachusetts,MA,3.9,-0.2,3606500,1.32,,,1.62,
2017-04-01,26,Michigan,MI,4.4,-0.6,4373700,1.08,,,0.99,
2017-04-01,27,Minnesota,MN,3.5,-0.3,2933900,1.17,,,1.17,
2017-04-01,28,Mississippi,MS,5.4,-0.6,1151000,0.44,,,0.34,
2017-04-01,29,Missouri,MO,3.9,-0.6,2875300,0.87,,,0.92,
2017-04-01,30,Montana,MT,4.1,-0.2,472500,1.07,,,2.71,
2017-04-01,31,Nebraska,NE,2.9,-0.1,1019200,0.41,,,1.58,
2017-04-01,32,Nevada,NV,5.1,-0.9,1332300,3.34,,,4.61,
2017-04-01,33,New Hampshire,NH,2.8,-0.1,672700,1.11,,,0.55,
2017-04-01,34,New Jersey,NJ,4.4,-0.6,4106700,1.25,,,0.52,
2017-04-01,35,New Mexico,NM,6.5,-0.1,828600,0.31,,,0.18,
2017-04-01,36,New York,NY,4.6,-0.2,9520600,1.03,,,2.15,
2017-04-01,37,North Carolina,NC,4.6,-0.5,4407900,1.54,,,1.96,
2017-04-01,38,North Dakota,ND,2.6,-0.5,435200,-0.23,,,3.24,
2017-04-01,39,Ohio,OH,5,0,5520800,0.73,,,2.2,
2017-04-01,40,Oklahoma,OK,4.1,-0.5,1658100,0.17,,,1.29,
2017-04-01,41,Oregon,OR,3.9,-1,1880900,2.46,,,5.01,
2017-04-01,42,Pennsylvania,PA,5,-0.4,5927200,0.87,,,1.27,
2017-04-01,44,Rhode Island,RI,4.4,-1,497500,0.79,,,0.24,
2017-04-01,45,South Carolina,SC,4.2,-0.9,2089199.9999999998,1.92,,,1.99,
2017-04-01,46,South Dakota,SD,3,0.1,435100,0.81,,,0.68,
2017-04-01,47,Tennessee,TN,3.9,-0.8,3014000,1.72,,,3.46,
2017-04-01,48,Texas,TX,4.6,0.1,12194300,1.8,,,2.05,
2017-04-01,49,Utah,UT,3.2,-0.2,1458500,2.9,,,5.87,
2017-04-01,50,Vermont,VT,3,-0.1,315000,0.93,,,0.86,
2017-04-01,51,Virginia,VA,3.7,-0.3,3951500,1.03,,,1.99,
2017-04-01,53,Washington,WA,4.6,-0.7,3306800,2.55,,,6.34,
2017-04-01,54,West Virginia,WV,5.1,-1.1,709000,-0.74,,,2.26,
2017-04-01,55,Wisconsin,WI,3.3,-0.7,2950900,0.58,,,0.82,
2017-04-01,56,Wyoming,WY,4.3,-1.2,282900,-1.8,,,-0.62,
2017-03-01,01,Alabama,AL,5,,2016000,,,,1.76,
2017-03-01,02,Alaska,AK,6.6,,329900,,,,0.16,
2017-03-01,04,Arizona,AZ,5.1,,2757400,,,,4.42,
2017-03-01,05,Arkansas,AR,3.7,,1245100,,,,0.69,
2017-03-01,10,Delaware,DE,4.5,,455200,,,,-3.32,
2017-03-01,11,District of Columbia,DC,6.2,,784600,,,,1.57,
2017-03-01,12,Florida,FL,4.5,,8545100,,,,3.66,
2017-03-01,13,Georgia,GA,5,,4438000,,,,3.89,
2017-03-01,15,Hawaii,HI,2.5,,654400,,,,2.06,
2017-03-01,16,Idaho,ID,3.3,,710200,,,,3.54,
2017-03-01,17,Illinois,IL,5,,6040900,,,,0.78,
2017-03-01,18,Indiana,IN,3.6,,3098900,,,,2.61,
2017-03-01,19,Iowa,IA,3.2,,1572200,,,,0.21,
2017-03-01,20,Kansas,KS,3.7,,1408000,,,,0.99,
2017-03-01,21,Kentucky,KY,5,,1919700,,,,1.27,
2017-03-01,22,Louisiana,LA,5.5,,1975400,,,,1.82,
2017-03-01,23,Maine,ME,3.5,,622700,,,,1.55,
2017-03-01,24,Maryland,MD,4.1,,2741900,,,,1.98,
2017-03-01,25,Massachusetts,MA,3.9,,3602000,,,,1.62,
2017-03-01,26,Michigan,MI,4.5,,4367700,,,,0.99,
2017-03-01,27,Minnesota,MN,3.6,,2938800,,,,1.17,
2017-03-01,28,Mississippi,MS,5.4,,1151500,,,,0.34,
2017-03-01,29,Missouri,MO,4,,2878500,,,,0.92,
2017-03-01,30,Montana,MT,4.1,,472100,,,,2.71,
2017-03-01,31,Nebraska,NE,2.9,,1019400,,,,1.58,
2017-03-01,32,Nevada,NV,5.2,,1336800,,,,4.61,
2017-03-01,33,New Hampshire,NH,2.9,,670800,,,,0.55,
2017-03-01,34,New Jersey,NJ,4.4,,4107100.0000000005,,,,0.52,
2017-03-01,35,New Mexico,NM,6.6,,827400,,,,0.18,
2017-03-01,36,New York,NY,4.6,,9520000,,,,2.15,
2017-03-01,37,North Carolina,NC,4.7,,4403400,,,,1.96,
2017-03-01,38,North Dakota,ND,2.7,,432600,,,,3.24,
2017-03-01,39,Ohio,OH,5.1,,5519500,,,,2.2,
2017-03-01,40,Oklahoma,OK,4.2,,1654300,,,,1.29,
2017-03-01,41,Oregon,OR,4,,1876000,,,,5.01,
2017-03-01,42,Pennsylvania,PA,5.1,,5915700,,,,1.27,
2017-03-01,44,Rhode Island,RI,4.5,,496200,,,,0.24,
2017-03-01,45,South Carolina,SC,4.2,,2092800.0000000002,,,,1.99,
2017-03-01,46,South Dakota,SD,3,,433100,,,,0.68,
2017-03-01,47,Tennessee,TN,4.1,,3008900,,,,3.46,
2017-03-01,48,Texas,TX,4.7,,12185500,,,,2.05,
2017-03-01,49,Utah,UT,3.2,,1456600,,,,5.87,
2017-03-01,50,Vermont,VT,3.1,,314300,,,,0.86,
2017-03-01,51,Virginia,VA,3.8,,3948300,,,,1.99,
2017-03-01,53,Washington,WA,4.7,,3299200,,,,6.34,
2017-03-01,54,West Virginia,WV,5.1,,712000,,,,2.26,
2017-03-01,55,Wisconsin,WI,3.4,,2948800,,,,0.82,
2017-03-01,56,Wyoming,WY,4.5,,282900,,,,-0.62,
2017-02-01,01,Alabama,AL,5.2,-0.7,2012300,1.18,,,1.76,
2017-02-01,02,Alaska,AK,6.6,0.1,330400,-1.55,,,0.16,
2017-02-01,04,Arizona,AZ,5.2,-0.5,2749300,2.51,,,4.42,
2017-02-01,05,Arkansas,AR,3.7,-0.4,1243500,1.27,,,0.69,
2017-02-01,10,Delaware,DE,4.6,0.1,454700,1.07,,,-3.32,
2017-02-01,11,District of Columbia,DC,6.2,-0.1,781700,0.92,,,1.57,
2017-02-01,12,Florida,FL,4.6,-0.4,8528100,2.82,,,3.66,
2017-02-01,13,Georgia,GA,5.1,-0.5,4425600,2.13,,,3.89,
2017-02-01,15,Hawaii,HI,2.5,-0.6,653200,1.38,,,2.06,
2017-02-01,16,Idaho,ID,3.4,-0.4,706500,2.97,,,3.54,
2017-02-01,17,Illinois,IL,5.1,-1.1,6035500,0.58,,,0.78,
2017-02-01,18,Indiana,IN,3.7,-1,3093600,0.94,,,2.61,
2017-02-01,19,Iowa,IA,3.3,-0.3,1571700,0.17,,,0.21,
2017-02-01,20,Kansas,KS,3.8,-0.1,1406200,0.11,,,0.99,
2017-02-01,21,Kentucky,KY,5,-0.2,1918700,0.87,,,1.27,
2017-02-01,22,Louisiana,LA,5.7,-0.3,1979000,-0.06,,,1.82,
2017-02-01,23,Maine,ME,3.5,-0.5,620300,0.75,,,1.55,
2017-02-01,24,Maryland,MD,4.1,-0.3,2740900,1.59,,,1.98,
2017-02-01,25,Massachusetts,MA,3.9,-0.4,3596000,1.47,,,1.62,
2017-02-01,26,Michigan,MI,4.7,-0.2,4362600,1.51,,,0.99,
2017-02-01,27,Minnesota,MN,3.7,0,2930200,1.65,,,1.17,
2017-02-01,28,Mississippi,MS,5.5,-0.7,1150700,0.33,,,0.34,
2017-02-01,29,Missouri,MO,4.1,-0.4,2879400,1.43,,,0.92,
2017-02-01,30,Montana,MT,4.1,-0.2,470400,0.79,,,2.71,
2017-02-01,31,Nebraska,NE,3,0,1019100,0.83,,,1.58,
2017-02-01,32,Nevada,NV,5.3,-0.9,1327600,3.65,,,4.61,
2017-02-01,33,New Hampshire,NH,2.9,0,669600,0.93,,,0.55,
2017-02-01,34,New Jersey,NJ,4.5,-0.5,4107100.0000000005,1.57,,,0.52,
2017-02-01,35,New Mexico,NM,6.7,0.2,825600,-0.24,,,0.18,
2017-02-01,36,New York,NY,4.6,-0.2,9522000,1.48,,,2.15,
2017-02-01,37,North Carolina,NC,4.8,-0.4,4394400,1.88,,,1.96,
2017-02-01,38,North Dakota,ND,2.8,-0.3,432100,-1.21,,,3.24,
2017-02-01,39,Ohio,OH,5.1,0.1,5514900,0.97,,,2.2,
2017-02-01,40,Oklahoma,OK,4.3,-0.2,1650400,-0.7,,,1.29,
2017-02-01,41,Oregon,OR,4,-0.9,1870000,2.29,,,5.01,
2017-02-01,42,Pennsylvania,PA,5.1,-0.2,5920800,1.04,,,1.27,
2017-02-01,44,Rhode Island,RI,4.5,-1,496100,0.53,,,0.24,
2017-02-01,45,South Carolina,SC,4.3,-1,2086199.9999999998,2.24,,,1.99,
2017-02-01,46,South Dakota,SD,3.1,0.3,432800,0.63,,,0.68,
2017-02-01,47,Tennessee,TN,4.3,-0.4,3009800,2.1,,,3.46,
2017-02-01,48,Texas,TX,4.7,0.2,12143700,1.47,,,2.05,
2017-02-01,49,Utah,UT,3.2,-0.3,1450600,3.03,,,5.87,
2017-02-01,50,Vermont,VT,3.1,-0.1,313100,0.19,,,0.86,
2017-02-01,51,Virginia,VA,3.9,-0.1,3946600,1.29,,,1.99,
2017-02-01,53,Washington,WA,4.7,-0.7,3290000,2.62,,,6.34,
2017-02-01,54,West Virginia,WV,5.2,-1.1,711500,-0.21,,,2.26,
2017-02-01,55,Wisconsin,WI,3.5,-0.6,2944300,0.7,,,0.82,
2017-02-01,56,Wyoming,WY,4.7,-0.5,282600,-2.59,,,-0.62,
2017-01-01,01,Alabama,AL,5.4,-0.5,2009300,1.04,216615470,216615470,1.76,90.098
2017-01-01,02,Alaska,AK,6.7,0.3,330000,-1.99,53550915,53550915,0.16,104.864
2017-01-01,04,Arizona,AZ,5.2,-0.5,2741400,2.6,333098997,333098997,4.42,97.873
2017-01-01,05,Arkansas,AR,3.8,-0.4,1240200,1.23,123882586,123882586,0.69,88.607
2017-01-01,06,California,CA,,,,,2740550256,2740550256,4.45,110.925
2017-01-01,08,Colorado,CO,,,,,350209112,350209112,3.71,102.957
2017-01-01,09,Connecticut,CT,,,,,273875070,273875070,2.12,107.18
2017-01-01,10,Delaware,DE,4.6,0.1,454900,1.16,69555627,69555627,-3.32,98.564
2017-01-01,11,District of Columbia,DC,6.3,-0.1,781800,1.3,134298772,134298772,1.57,110.087
2017-01-01,12,Florida,FL,4.7,-0.4,8522500,3.05,1014866863,1014866863,3.66,100.871
2017-01-01,13,Georgia,GA,5.2,-0.5,4419500,2.21,583543340,583543340,3.89,95.292
2017-01-01,15,Hawaii,HI,2.6,-0.5,652600,1.79,87436367,87436367,2.06,110.447
2017-01-01,16,Idaho,ID,3.5,-0.3,706100,3.43,72935116,72935116,3.54,94.544
2017-01-01,17,Illinois,IL,5.3,-0.9,6023700,0.39,832826821,832826821,0.78,100.28
2017-01-01,18,Indiana,IN,3.9,-0.7,3090800,1.04,357535761,357535761,2.61,90.884
2017-01-01,19,Iowa,IA,3.3,-0.3,1567900,-0.03,187124993,187124993,0.21,89.257
2017-01-01,20,Kansas,KS,3.9,0,1400800,-0.19,166273557,166273557,0.99,91.563
2017-01-01,21,Kentucky,KY,5.1,-0.1,1915100,0.68,203563965,203563965,1.27,90.031
2017-01-01,22,Louisiana,LA,5.8,-0.2,1971200,-0.72,239830737,239830737,1.82,92.392
2017-01-01,23,Maine,ME,3.5,-0.5,621600,1.16,63000596,63000596,1.55,97.608
2017-01-01,24,Maryland,MD,4.2,-0.3,2735800,1.33,399714534,399714534,1.98,106.743
2017-01-01,25,Massachusetts,MA,3.9,-0.5,3595600,1.62,530129429,530129429,1.62,107.258
2017-01-01,26,Michigan,MI,4.9,0,4363300,1.57,505101516,505101516,0.99,92.704
2017-01-01,27,Minnesota,MN,3.8,0.1,2927900,1.74,354721890,354721890,1.17,96.765
2017-01-01,28,Mississippi,MS,5.6,-0.7,1148900,0.34,110281427,110281427,0.34,87.808
2017-01-01,29,Missouri,MO,4.2,-0.3,2869200,1.11,311273761,311273761,0.92,91.718
2017-01-01,30,Montana,MT,4.2,-0.1,470300,0.92,48470545,48470545,2.71,94.244
2017-01-01,31,Nebraska,NE,3.1,0.1,1016700,0.63,123219865,123219865,1.58,89.833
2017-01-01,32,Nevada,NV,5.3,-1,1323100,3.48,163199058,163199058,4.61,99.827
2017-01-01,33,New Hampshire,NH,2.9,0,669500,1.33,81179571,81179571,0.55,105.765
2017-01-01,34,New Jersey,NJ,4.6,-0.3,4102200,1.67,590086737,590086737,0.52,109.323
2017-01-01,35,New Mexico,NM,6.8,0.3,825300,-0.02,93210058,93210058,0.18,95.72
2017-01-01,36,New York,NY,4.7,-0.1,9513600,1.49,1624800665,1624800665,2.15,109.945
2017-01-01,37,North Carolina,NC,4.9,-0.4,4383900,1.81,546810139,546810139,1.96,93.056
2017-01-01,38,North Dakota,ND,2.8,-0.2,431500,-1.73,56530212,56530212,3.24,88.706
2017-01-01,39,Ohio,OH,5.2,0.2,5514500,1.06,652187459,652187459,2.2,91.938
2017-01-01,40,Oklahoma,OK,4.4,-0.1,1648100,-0.83,192538613,192538613,1.29,90.916
2017-01-01,41,Oregon,OR,4.1,-0.9,1854200,1.89,225534544,225534544,5.01,101.486
2017-01-01,42,Pennsylvania,PA,5.2,-0.1,5914900,1.02,754318029,754318029,1.27,99.123
2017-01-01,44,Rhode Island,RI,4.6,-1,496200,0.77,58771553,58771553,0.24,102.476
2017-01-01,45,South Carolina,SC,4.4,-0.9,2081500,2.31,224937579,224937579,1.99,92.868
2017-01-01,46,South Dakota,SD,3.1,0.3,432800,0.67,51615065,51615065,0.68,87.275
2017-01-01,47,Tennessee,TN,4.5,-0.3,3000000,1.87,355417465,355417465,3.46,93.074
2017-01-01,48,Texas,TX,4.8,0.3,12130800,1.43,1667313043,1667313043,2.05,97.372
2017-01-01,49,Utah,UT,3.2,-0.3,1447800,3.22,172075043,172075043,5.87,98.708
2017-01-01,50,Vermont,VT,3.1,-0.1,314900,0.8,32589227,32589227,0.86,100.398
2017-01-01,51,Virginia,VA,4,0,3936400,1.18,515167162,515167162,1.99,101.267
2017-01-01,53,Washington,WA,4.8,-0.6,3279800,2.71,527169356,527169356,6.34,107.451
2017-01-01,54,West Virginia,WV,5.4,-0.9,710700,-0.56,75172448,75172448,2.26,89.026
2017-01-01,55,Wisconsin,WI,3.6,-0.6,2942500,0.78,321886779,321886779,0.82,93.54
2017-01-01,56,Wyoming,WY,4.8,-0.2,282300,-3.16,37620307,37620307,-0.62,97.185
2017-01-01,91,New England,,,,,,1039545446,1039545446,1.56,
2017-01-01,92,Mideast,,,,,,3572774364,3572774364,1.54,
2017-01-01,93,Great Lakes,,,,,,2669538336,2669538336,1.41,
2017-01-01,94,Plains,,,,,,1250759343,1250759343,1.05,
2017-01-01,95,Southeast,,,,,,4210089181,4210089181,2.63,
2017-01-01,96,Southwest,,,,,,2286160711,2286160711,2.25,
2017-01-01,97,Rocky Mountain,,,,,,681310123,681310123,3.91,
2017-01-01,98,Far West,,,,,,3797440495,3797440495,4.63,
2016-12-01,01,Alabama,AL,5.6,-0.4,2003500,0.85,,,1.87,
2016-12-01,02,Alaska,AK,6.7,0.3,331000,-1.81,,,-0.4,
2016-12-01,04,Arizona,AZ,5.3,-0.5,2738000,2.53,,,3.38,
2016-12-01,05,Arkansas,AR,3.8,-0.5,1239300,0.94,,,1.24,
2016-12-01,10,Delaware,DE,4.6,0,453200,0.55,,,-5.6,
2016-12-01,11,District of Columbia,DC,6.3,-0.2,781900,1.05,,,2.41,
2016-12-01,12,Florida,FL,4.8,-0.3,8496500,2.84,,,3.5,
2016-12-01,13,Georgia,GA,5.3,-0.4,4424900,2.32,,,4,
2016-12-01,15,Hawaii,HI,2.6,-0.5,650800,0.76,,,2.16,
2016-12-01,16,Idaho,ID,3.5,-0.3,703200,3.12,,,3.91,
2016-12-01,17,Illinois,IL,5.4,-0.7,6029300,0.52,,,0.12,
2016-12-01,18,Indiana,IN,4,-0.6,3086600,0.9,,,2.12,
2016-12-01,19,Iowa,IA,3.4,-0.3,1571100,0.28,,,0.4,
2016-12-01,20,Kansas,KS,4,0,1404900,0.14,,,3.81,
2016-12-01,21,Kentucky,KY,5.1,-0.1,1914000,0.58,,,0.76,
2016-12-01,22,Louisiana,LA,5.9,-0.1,1970300,-1.09,,,-1.68,
2016-12-01,23,Maine,ME,3.6,-0.4,620200,1.17,,,2.43,
2016-12-01,24,Maryland,MD,4.2,-0.4,2735300,1.14,,,3.49,
2016-12-01,25,Massachusetts,MA,3.9,-0.6,3591300,1.66,,,1.41,
2016-12-01,26,Michigan,MI,5,0.1,4351700,1.47,,,1.94,
2016-12-01,27,Minnesota,MN,3.9,0.2,2910200,1.06,,,1.49,
2016-12-01,28,Mississippi,MS,5.7,-0.6,1148900,0.53,,,0.47,
2016-12-01,29,Missouri,MO,4.4,-0.1,2866200,1.1,,,0.13,
2016-12-01,30,Montana,MT,4.2,-0.1,470100,0.84,,,-1.21,
2016-12-01,31,Nebraska,NE,3.1,0.1,1014500,0.12,,,1.39,
2016-12-01,32,Nevada,NV,5.4,-1,1316800,2.79,,,3.28,
2016-12-01,33,New Hampshire,NH,2.9,-0.1,669300,1.42,,,1.79,
2016-12-01,34,New Jersey,NJ,4.7,-0.3,4099200,1.48,,,0.97,
2016-12-01,35,New Mexico,NM,6.9,0.4,826400,0.34,,,-0.49,
2016-12-01,36,New York,NY,4.8,0,9491400,1.32,,,1.58,
2016-12-01,37,North Carolina,NC,5,-0.4,4391900,2.01,,,2.11,
2016-12-01,38,North Dakota,ND,2.9,0,431500,-2.73,,,-6.71,
2016-12-01,39,Ohio,OH,5.2,0.3,5500100,0.8,,,0.77,
2016-12-01,40,Oklahoma,OK,4.5,0.1,1648000,-0.91,,,-1.91,
2016-12-01,41,Oregon,OR,4.2,-0.8,1863300,2.54,,,4.47,
2016-12-01,42,Pennsylvania,PA,5.2,-0.1,5903300,0.72,,,1.46,
2016-12-01,44,Rhode Island,RI,4.7,-0.9,495400,0.36,,,0.41,
2016-12-01,45,South Carolina,SC,4.4,-1,2079400,2,,,3.45,
2016-12-01,46,South Dakota,SD,3.1,0.3,433000,0.56,,,0.79,
2016-12-01,47,Tennessee,TN,4.7,-0.2,3002100,1.96,,,2.41,
2016-12-01,48,Texas,TX,4.8,0.3,12092900,1.26,,,-0.02,
2016-12-01,49,Utah,UT,3.2,-0.3,1442100,3.04,,,4.57,
2016-12-01,50,Vermont,VT,3.1,-0.2,313800,0.48,,,0.84,
2016-12-01,51,Virginia,VA,4,-0.1,3934700,0.69,,,1.24,
2016-12-01,53,Washington,WA,4.9,-0.5,3278900,3,,,3.99,
2016-12-01,54,West Virginia,WV,5.6,-0.7,709000,-1.45,,,-1.01,
2016-12-01,55,Wisconsin,WI,3.7,-0.5,2935800,0.69,,,1.14,
2016-12-01,56,Wyoming,WY,5,0.2,282000,-3.79,,,-5.52,
2016-11-01,01,Alabama,AL,5.7,-0.3,2000500,0.85,,,1.87,
2016-11-01,02,Alaska,AK,6.7,0.4,331000,-1.84,,,-0.4,
2016-11-01,04,Arizona,AZ,5.3,-0.6,2732000,2.34,,,3.38,
2016-11-01,05,Arkansas,AR,3.9,-0.5,1238500,1.11,,,1.24,
2016-11-01,10,Delaware,DE,4.6,0,452800,0.22,,,-5.6,
2016-11-01,11,District of Columbia,DC,6.3,-0.2,780500,1.22,,,2.41,
2016-11-01,12,Florida,FL,4.8,-0.4,8480400,2.94,,,3.5,
2016-11-01,13,Georgia,GA,5.4,-0.3,4418600,2.57,,,4,
2016-11-01,15,Hawaii,HI,2.7,-0.5,651800,1.51,,,2.16,
2016-11-01,16,Idaho,ID,3.6,-0.3,702500,3.38,,,3.91,
2016-11-01,17,Illinois,IL,5.6,-0.4,6033500,0.69,,,0.12,
2016-11-01,18,Indiana,IN,4.1,-0.5,3088600,1.09,,,2.12,
2016-11-01,19,Iowa,IA,3.5,-0.2,1571000,0.4,,,0.4,
2016-11-01,20,Kansas,KS,4.1,0.1,1405900,0.23,,,3.81,
2016-11-01,21,Kentucky,KY,5.1,-0.1,1909800,0.4,,,0.76,
2016-11-01,22,Louisiana,LA,6,0,1970400,-1.2,,,-1.68,
2016-11-01,23,Maine,ME,3.6,-0.5,621000,1.39,,,2.43,
2016-11-01,24,Maryland,MD,4.2,-0.5,2733000,1.26,,,3.49,
2016-11-01,25,Massachusetts,MA,3.8,-0.7,3586400,1.67,,,1.41,
2016-11-01,26,Michigan,MI,5.1,0.2,4356100,1.88,,,1.94,
2016-11-01,27,Minnesota,MN,4,0.3,2911700,1.15,,,1.49,
2016-11-01,28,Mississippi,MS,5.8,-0.5,1148000,0.6,,,0.47,
2016-11-01,29,Missouri,MO,4.5,-0.1,2863900,1.15,,,0.13,
2016-11-01,30,Montana,MT,4.2,-0.1,470300,1.01,,,-1.21,
2016-11-01,31,Nebraska,NE,3.2,0.2,1016000,0.44,,,1.39,
2016-11-01,32,Nevada,NV,5.5,-0.9,1314100,2.97,,,3.28,
2016-11-01,33,New Hampshire,NH,2.9,-0.1,669300,1.5,,,1.79,
2016-11-01,34,New Jersey,NJ,4.8,-0.2,4093900,1.36,,,0.97,
2016-11-01,35,New Mexico,NM,7,0.5,823200,-0.35,,,-0.49,
2016-11-01,36,New York,NY,4.9,0.1,9471500,1.21,,,1.58,
2016-11-01,37,North Carolina,NC,5.1,-0.3,4384500,2.15,,,2.11,
2016-11-01,38,North Dakota,ND,2.9,0.1,433400,-2.74,,,-6.71,
2016-11-01,39,Ohio,OH,5.2,0.3,5505400,1.04,,,0.77,
2016-11-01,40,Oklahoma,OK,4.6,0.2,1649200,-0.95,,,-1.91,
2016-11-01,41,Oregon,OR,4.4,-0.7,1864700,2.98,,,4.47,
2016-11-01,42,Pennsylvania,PA,5.3,0,5901300,0.79,,,1.46,
2016-11-01,44,Rhode Island,RI,4.9,-0.8,494800,0.39,,,0.41,
2016-11-01,45,South Carolina,SC,4.5,-0.9,2074400,2.1,,,3.45,
2016-11-01,46,South Dakota,SD,3.2,0.3,433300,0.77,,,0.79,
2016-11-01,47,Tennessee,TN,4.8,-0.2,2995200,1.99,,,2.41,
2016-11-01,48,Texas,TX,4.8,0.3,12077000,1.27,,,-0.02,
2016-11-01,49,Utah,UT,3.2,-0.3,1439900,3.09,,,4.57,
2016-11-01,50,Vermont,VT,3.1,-0.2,313700,0.26,,,0.84,
2016-11-01,51,Virginia,VA,4,-0.1,3935000,0.84,,,1.24,
2016-11-01,53,Washington,WA,4.9,-0.5,3274600,3.15,,,3.99,
2016-11-01,54,West Virginia,WV,5.8,-0.5,717600,-0.18,,,-1.01,
2016-11-01,55,Wisconsin,WI,3.8,-0.4,2946100,1.32,,,1.14,
2016-11-01,56,Wyoming,WY,5.1,0.5,283000,-3.81,,,-5.52,
2016-10-01,01,Alabama,AL,5.8,-0.2,2002300,1.12,,,1.87,
2016-10-01,02,Alaska,AK,6.7,0.4,331200,-1.95,,,-0.4,
2016-10-01,04,Arizona,AZ,5.4,-0.5,2731400,2.72,,,3.38,
2016-10-01,05,Arkansas,AR,3.9,-0.6,1238200,1.3,,,1.24,
2016-10-01,10,Delaware,DE,4.6,-0.1,452200,0.6,,,-5.6,
2016-10-01,11,District of Columbia,DC,6.3,-0.3,779600,1.22,,,2.41,
2016-10-01,12,Florida,FL,4.9,-0.3,8467200,3.13,,,3.5,
2016-10-01,13,Georgia,GA,5.4,-0.4,4405800,2.36,,,4,
2016-10-01,15,Hawaii,HI,2.8,-0.4,649900,0.96,,,2.16,
2016-10-01,16,Idaho,ID,3.7,-0.2,700000,3.31,,,3.91,
2016-10-01,17,Illinois,IL,5.7,-0.2,6032000,0.68,,,0.12,
2016-10-01,18,Indiana,IN,4.2,-0.3,3084300,1.14,,,2.12,
2016-10-01,19,Iowa,IA,3.6,0,1573300,0.62,,,0.4,
2016-10-01,20,Kansas,KS,4.2,0.2,1406100,0.23,,,3.81,
2016-10-01,21,Kentucky,KY,5.1,-0.1,1914000,0.93,,,0.76,
2016-10-01,22,Louisiana,LA,6,0,1969800,-1.32,,,-1.68,
2016-10-01,23,Maine,ME,3.7,-0.4,619000,1.04,,,2.43,
2016-10-01,24,Maryland,MD,4.2,-0.6,2726700,1,,,3.49,
2016-10-01,25,Massachusetts,MA,3.8,-0.8,3580300,1.68,,,1.41,
2016-10-01,26,Michigan,MI,5.1,0.1,4343800,1.62,,,1.94,
2016-10-01,27,Minnesota,MN,4,0.3,2910100,1.23,,,1.49,
2016-10-01,28,Mississippi,MS,5.9,-0.4,1147700,0.63,,,0.47,
2016-10-01,29,Missouri,MO,4.6,-0.1,2863300,1.33,,,0.13,
2016-10-01,30,Montana,MT,4.2,-0.1,469100,0.93,,,-1.21,
2016-10-01,31,Nebraska,NE,3.2,0.2,1018200,0.68,,,1.39,
2016-10-01,32,Nevada,NV,5.6,-0.9,1311500,3.15,,,3.28,
2016-10-01,33,New Hampshire,NH,2.9,-0.2,668500,1.67,,,1.79,
2016-10-01,34,New Jersey,NJ,4.9,-0.2,4090000,1.46,,,0.97,
2016-10-01,35,New Mexico,NM,7,0.4,823500,-0.21,,,-0.49,
2016-10-01,36,New York,NY,5,0.1,9466500,1.29,,,1.58,
2016-10-01,37,North Carolina,NC,5.1,-0.4,4371200,2.04,,,2.11,
2016-10-01,38,North Dakota,ND,2.9,0.1,434100,-2.86,,,-6.71,
2016-10-01,39,Ohio,OH,5.2,0.4,5496800,0.95,,,0.77,
2016-10-01,40,Oklahoma,OK,4.7,0.4,1648900,-1.01,,,-1.91,
2016-10-01,41,Oregon,OR,4.5,-0.7,1858300,2.83,,,4.47,
2016-10-01,42,Pennsylvania,PA,5.3,0,5901600,0.92,,,1.46,
2016-10-01,44,Rhode Island,RI,5,-0.7,495300,0.69,,,0.41,
2016-10-01,45,South Carolina,SC,4.6,-0.9,2065199.9999999998,1.75,,,3.45,
2016-10-01,46,South Dakota,SD,3.2,0.3,433000,0.84,,,0.79,
2016-10-01,47,Tennessee,TN,4.8,-0.3,2994100,2.14,,,2.41,
2016-10-01,48,Texas,TX,4.8,0.3,12063400,1.21,,,-0.02,
2016-10-01,49,Utah,UT,3.2,-0.3,1438600,3.24,,,4.57,
2016-10-01,50,Vermont,VT,3.1,-0.3,313900,0.29,,,0.84,
2016-10-01,51,Virginia,VA,4,-0.1,3929900,0.84,,,1.24,
2016-10-01,53,Washington,WA,5,-0.4,3264900,3.06,,,3.99,
2016-10-01,54,West Virginia,WV,5.9,-0.5,707000,-1.57,,,-1.01,
2016-10-01,55,Wisconsin,WI,3.8,-0.4,2937500,1,,,1.14,
2016-10-01,56,Wyoming,WY,5.2,0.7,282800,-4.2,,,-5.52,
2016-09-01,01,Alabama,AL,5.8,-0.3,2005600,1.46,,,1.87,
2016-09-01,02,Alaska,AK,6.7,0.4,330500,-2.36,,,-0.4,
2016-09-01,04,Arizona,AZ,5.4,-0.6,2729800,3.12,,,3.38,
2016-09-01,05,Arkansas,AR,3.9,-0.7,1238700,1.42,,,1.24,
2016-09-01,10,Delaware,DE,4.6,-0.1,452500,0.73,,,-5.6,
2016-09-01,11,District of Columbia,DC,6.3,-0.4,778300,1.51,,,2.41,
2016-09-01,12,Florida,FL,4.9,-0.4,8469500,3.67,,,3.5,
2016-09-01,13,Georgia,GA,5.4,-0.4,4406500,2.79,,,4,
2016-09-01,15,Hawaii,HI,2.8,-0.4,651100,1.75,,,2.16,
2016-09-01,16,Idaho,ID,3.7,-0.2,700500,3.59,,,3.91,
2016-09-01,17,Illinois,IL,5.7,-0.2,6025900,0.75,,,0.12,
2016-09-01,18,Indiana,IN,4.2,-0.3,3088800,1.45,,,2.12,
2016-09-01,19,Iowa,IA,3.6,0,1574600,0.91,,,0.4,
2016-09-01,20,Kansas,KS,4.2,0.2,1406700,0.33,,,3.81,
2016-09-01,21,Kentucky,KY,5.1,-0.1,1913700,1.2,,,0.76,
2016-09-01,22,Louisiana,LA,6.1,0.1,1973900,-1.15,,,-1.68,
2016-09-01,23,Maine,ME,3.7,-0.4,618600,1.05,,,2.43,
2016-09-01,24,Maryland,MD,4.2,-0.7,2729500,1.54,,,3.49,
2016-09-01,25,Massachusetts,MA,3.8,-0.8,3585200,2.19,,,1.41,
2016-09-01,26,Michigan,MI,5,-0.1,4347700,2.13,,,1.94,
2016-09-01,27,Minnesota,MN,4,0.3,2912700,1.7,,,1.49,
2016-09-01,28,Mississippi,MS,5.9,-0.4,1148100,1.02,,,0.47,
2016-09-01,29,Missouri,MO,4.7,-0.1,2860700,1.44,,,0.13,
2016-09-01,30,Montana,MT,4.2,0,469600,1.32,,,-1.21,
2016-09-01,31,Nebraska,NE,3.2,0.2,1020000,1.06,,,1.39,
2016-09-01,32,Nevada,NV,5.6,-1,1310800,3.59,,,3.28,
2016-09-01,33,New Hampshire,NH,2.9,-0.3,670100,2.16,,,1.79,
2016-09-01,34,New Jersey,NJ,4.9,-0.4,4092000,1.79,,,0.97,
2016-09-01,35,New Mexico,NM,7,0.4,827200,0.35,,,-0.49,
2016-09-01,36,New York,NY,5,0.1,9468200,1.61,,,1.58,
2016-09-01,37,North Carolina,NC,5.1,-0.5,4375500,2.4,,,2.11,
2016-09-01,38,North Dakota,ND,3,0.2,435600,-2.96,,,-6.71,
2016-09-01,39,Ohio,OH,5.1,0.3,5500900,1.17,,,0.77,
2016-09-01,40,Oklahoma,OK,4.7,0.4,1651200,-0.82,,,-1.91,
2016-09-01,41,Oregon,OR,4.7,-0.6,1854400,3.11,,,4.47,
2016-09-01,42,Pennsylvania,PA,5.3,0,5903300,0.99,,,1.46,
2016-09-01,44,Rhode Island,RI,5.1,-0.6,494600,0.69,,,0.41,
2016-09-01,45,South Carolina,SC,4.7,-0.9,2072300.0000000002,2.51,,,3.45,
2016-09-01,46,South Dakota,SD,3.1,0.2,433400,1.12,,,0.79,
2016-09-01,47,Tennessee,TN,4.8,-0.5,2993600,2.52,,,2.41,
2016-09-01,48,Texas,TX,4.8,0.3,12066300,1.31,,,-0.02,
2016-09-01,49,Utah,UT,3.2,-0.3,1438600,3.68,,,4.57,
2016-09-01,50,Vermont,VT,3.1,-0.3,314500,0.74,,,0.84,
2016-09-01,51,Virginia,VA,4,-0.2,3927800,1.04,,,1.24,
2016-09-01,53,Washington,WA,5.1,-0.3,3265000,3.18,,,3.99,
2016-09-01,54,West Virginia,WV,6,-0.5,707800,-1.46,,,-1.01,
2016-09-01,55,Wisconsin,WI,3.8,-0.5,2937700,1.16,,,1.14,
2016-09-01,56,Wyoming,WY,5.2,0.8,282700,-4.62,,,-5.52,
2016-08-01,01,Alabama,AL,5.8,-0.3,1999800,1.25,,,1.87,
2016-08-01,02,Alaska,AK,6.7,0.5,332400,-1.69,,,-0.4,
2016-08-01,04,Arizona,AZ,5.4,-0.7,2718800,2.78,,,3.38,
2016-08-01,05,Arkansas,AR,3.9,-0.9,1236000,1.41,,,1.24,
2016-08-01,10,Delaware,DE,4.5,-0.2,452500,1.07,,,-5.6,
2016-08-01,11,District of Columbia,DC,6.2,-0.5,777100,1.42,,,2.41,
2016-08-01,12,Florida,FL,4.9,-0.5,8429300,3.42,,,3.5,
2016-08-01,13,Georgia,GA,5.4,-0.5,4388600,2.58,,,4,
2016-08-01,15,Hawaii,HI,2.9,-0.4,652600,1.38,,,2.16,
2016-08-01,16,Idaho,ID,3.7,-0.2,698300,3.76,,,3.91,
2016-08-01,17,Illinois,IL,5.8,-0.1,6013200,0.59,,,0.12,
2016-08-01,18,Indiana,IN,4.3,-0.3,3078100,1.19,,,2.12,
2016-08-01,19,Iowa,IA,3.7,0.1,1570600,0.71,,,0.4,
2016-08-01,20,Kansas,KS,4.2,0.2,1402700,0.08,,,3.81,
2016-08-01,21,Kentucky,KY,5,-0.2,1914000,1.28,,,0.76,
2016-08-01,22,Louisiana,LA,6.1,0.1,1967500,-1.59,,,-1.68,
2016-08-01,23,Maine,ME,3.7,-0.5,619400,1.18,,,2.43,
2016-08-01,24,Maryland,MD,4.2,-0.8,2720500,1.22,,,3.49,
2016-08-01,25,Massachusetts,MA,3.9,-0.8,3583400,2.11,,,1.41,
2016-08-01,26,Michigan,MI,5,-0.2,4332000,1.8,,,1.94,
2016-08-01,27,Minnesota,MN,3.9,0.2,2910500,1.6,,,1.49,
2016-08-01,28,Mississippi,MS,6,-0.3,1146600,0.98,,,0.47,
2016-08-01,29,Missouri,MO,4.7,-0.2,2859100,1.47,,,0.13,
2016-08-01,30,Montana,MT,4.3,0.1,468400,1.43,,,-1.21,
2016-08-01,31,Nebraska,NE,3.2,0.2,1015900,0.68,,,1.39,
2016-08-01,32,Nevada,NV,5.7,-1,1307100,3.49,,,3.28,
2016-08-01,33,New Hampshire,NH,2.9,-0.4,666400,1.91,,,1.79,
2016-08-01,34,New Jersey,NJ,5,-0.5,4079600,1.51,,,0.97,
2016-08-01,35,New Mexico,NM,7,0.3,825100,0.04,,,-0.49,
2016-08-01,36,New York,NY,5,0,9455300,1.49,,,1.58,
2016-08-01,37,North Carolina,NC,5.1,-0.6,4359500,2.34,,,2.11,
2016-08-01,38,North Dakota,ND,3,0.2,436100,-3.3,,,-6.71,
2016-08-01,39,Ohio,OH,5,0.2,5484100,0.84,,,0.77,
2016-08-01,40,Oklahoma,OK,4.8,0.5,1652200,-0.88,,,-1.91,
2016-08-01,41,Oregon,OR,4.8,-0.6,1848700,2.94,,,4.47,
2016-08-01,42,Pennsylvania,PA,5.4,0.1,5888900,0.74,,,1.46,
2016-08-01,44,Rhode Island,RI,5.2,-0.6,494300,0.98,,,0.41,
2016-08-01,45,South Carolina,SC,4.7,-1,2066000,2.39,,,3.45,
2016-08-01,46,South Dakota,SD,3.1,0.1,432900,1.07,,,0.79,
2016-08-01,47,Tennessee,TN,4.8,-0.6,2985000,2.53,,,2.41,
2016-08-01,48,Texas,TX,4.8,0.3,12041000,1.16,,,-0.02,
2016-08-01,49,Utah,UT,3.3,-0.2,1433900,3.63,,,4.57,
2016-08-01,50,Vermont,VT,3.1,-0.3,313300,0.45,,,0.84,
2016-08-01,51,Virginia,VA,4,-0.2,3922000,1.13,,,1.24,
2016-08-01,53,Washington,WA,5.2,-0.2,3254300,3.09,,,3.99,
2016-08-01,54,West Virginia,WV,6.1,-0.5,706700,-1.61,,,-1.01,
2016-08-01,55,Wisconsin,WI,3.9,-0.4,2939700,1.44,,,1.14,
2016-08-01,56,Wyoming,WY,5.3,1,284200,-4.02,,,-5.52,
2016-07-01,01,Alabama,AL,5.8,-0.3,1999700,1.48,,,1.87,
2016-07-01,02,Alaska,AK,6.7,0.5,333200,-1.83,,,-0.4,
2016-07-01,04,Arizona,AZ,5.5,-0.6,2717300,3.24,,,3.38,
2016-07-01,05,Arkansas,AR,4,-0.9,1235600,1.61,,,1.24,
2016-07-01,10,Delaware,DE,4.5,-0.3,452600,1.07,,,-5.6,
2016-07-01,11,District of Columbia,DC,6.2,-0.6,777400,1.55,,,2.41,
2016-07-01,12,Florida,FL,4.9,-0.6,8416900,3.6,,,3.5,
2016-07-01,13,Georgia,GA,5.4,-0.6,4381300,2.67,,,4,
2016-07-01,15,Hawaii,HI,2.9,-0.4,649300,1.48,,,2.16,
2016-07-01,16,Idaho,ID,3.7,-0.2,696900,3.64,,,3.91,
2016-07-01,17,Illinois,IL,5.8,-0.1,6014500,0.55,,,0.12,
2016-07-01,18,Indiana,IN,4.4,-0.2,3078900,1.52,,,2.12,
2016-07-01,19,Iowa,IA,3.7,0,1571000,0.63,,,0.4,
2016-07-01,20,Kansas,KS,4.1,0,1405400,0.27,,,3.81,
2016-07-01,21,Kentucky,KY,5,-0.2,1913900,1.6,,,0.76,
2016-07-01,22,Louisiana,LA,6.1,0,1978900,-0.95,,,-1.68,
2016-07-01,23,Maine,ME,3.8,-0.5,618900,1.13,,,2.43,
2016-07-01,24,Maryland,MD,4.2,-0.8,2714700,1.14,,,3.49,
2016-07-01,25,Massachusetts,MA,3.9,-0.8,3580500,2.03,,,1.41,
2016-07-01,26,Michigan,MI,5,-0.4,4336300,2,,,1.94,
2016-07-01,27,Minnesota,MN,3.9,0.1,2903500,1.4,,,1.49,
2016-07-01,28,Mississippi,MS,6,-0.3,1148100,1.27,,,0.47,
2016-07-01,29,Missouri,MO,4.7,-0.3,2856300,1.33,,,0.13,
2016-07-01,30,Montana,MT,4.3,0.1,467500,1.37,,,-1.21,
2016-07-01,31,Nebraska,NE,3.2,0.2,1017000,0.98,,,1.39,
2016-07-01,32,Nevada,NV,5.8,-1,1304900,3.73,,,3.28,
2016-07-01,33,New Hampshire,NH,2.9,-0.4,666300,1.79,,,1.79,
2016-07-01,34,New Jersey,NJ,5,-0.7,4077800,1.6,,,0.97,
2016-07-01,35,New Mexico,NM,6.9,0.2,825700,0.12,,,-0.49,
2016-07-01,36,New York,NY,4.9,-0.2,9451300,1.52,,,1.58,
2016-07-01,37,North Carolina,NC,5,-0.7,4356300,2.45,,,2.11,
2016-07-01,38,North Dakota,ND,3,0.2,436700,-3.47,,,-6.71,
2016-07-01,39,Ohio,OH,5,0.2,5486600,1,,,0.77,
2016-07-01,40,Oklahoma,OK,4.8,0.4,1651400,-1.03,,,-1.91,
2016-07-01,41,Oregon,OR,4.9,-0.6,1844800,3.11,,,4.47,
2016-07-01,42,Pennsylvania,PA,5.4,0,5890900,0.93,,,1.46,
2016-07-01,44,Rhode Island,RI,5.3,-0.6,494700,0.9,,,0.41,
2016-07-01,45,South Carolina,SC,4.9,-0.9,2063699.9999999998,2.57,,,3.45,
2016-07-01,46,South Dakota,SD,3.1,0.1,433900,1.24,,,0.79,
2016-07-01,47,Tennessee,TN,4.7,-0.8,2979100,2.53,,,2.41,
2016-07-01,48,Texas,TX,4.7,0.3,12030800,1.24,,,-0.02,
2016-07-01,49,Utah,UT,3.3,-0.2,1433400,3.88,,,4.57,
2016-07-01,50,Vermont,VT,3.1,-0.4,314600,0.96,,,0.84,
2016-07-01,51,Virginia,VA,4,-0.3,3915700,1.19,,,1.24,
2016-07-01,53,Washington,WA,5.2,-0.2,3247700,3.16,,,3.99,
2016-07-01,54,West Virginia,WV,6.1,-0.6,706900,-1.67,,,-1.01,
2016-07-01,55,Wisconsin,WI,3.9,-0.4,2934500,1.3,,,1.14,
2016-07-01,56,Wyoming,WY,5.4,1.2,285100,-3.65,,,-5.52,
2016-06-01,01,Alabama,AL,5.8,-0.3,1993600,1.23,,,1.87,
2016-06-01,02,Alaska,AK,6.7,0.5,332300,-2.01,,,-0.4,
2016-06-01,04,Arizona,AZ,5.5,-0.6,2697400,2.68,,,3.38,
2016-06-01,05,Arkansas,AR,4,-1.1,1232400,1.7,,,1.24,
2016-06-01,10,Delaware,DE,4.5,-0.3,450300,0.74,,,-5.6,
2016-06-01,11,District of Columbia,DC,6.1,-0.8,776100,2,,,2.41,
2016-06-01,12,Florida,FL,4.9,-0.6,8370799.999999999,3.33,,,3.5,
2016-06-01,13,Georgia,GA,5.4,-0.7,4370600,2.51,,,4,
2016-06-01,15,Hawaii,HI,3,-0.4,645500,1.14,,,2.16,
2016-06-01,16,Idaho,ID,3.7,-0.3,692100,3.25,,,3.91,
2016-06-01,17,Illinois,IL,5.9,-0.1,5998700,0.38,,,0.12,
2016-06-01,18,Indiana,IN,4.5,-0.2,3063500,0.83,,,2.12,
2016-06-01,19,Iowa,IA,3.7,0,1565100,0.2,,,0.4,
2016-06-01,20,Kansas,KS,4.1,-0.1,1401400,-0.06,,,3.81,
2016-06-01,21,Kentucky,KY,5,-0.2,1902900,0.91,,,0.76,
2016-06-01,22,Louisiana,LA,6.1,-0.1,1974800,-0.95,,,-1.68,
2016-06-01,23,Maine,ME,3.8,-0.6,616700,0.92,,,2.43,
2016-06-01,24,Maryland,MD,4.2,-0.9,2708200,1,,,3.49,
2016-06-01,25,Massachusetts,MA,4,-0.8,3551000,1.39,,,1.41,
2016-06-01,26,Michigan,MI,5,-0.5,4318100,1.77,,,1.94,
2016-06-01,27,Minnesota,MN,3.9,0.1,2884300,0.9,,,1.49,
2016-06-01,28,Mississippi,MS,6,-0.4,1141800,0.81,,,0.47,
2016-06-01,29,Missouri,MO,4.7,-0.5,2851000,1.39,,,0.13,
2016-06-01,30,Montana,MT,4.3,0.1,467100,1.43,,,-1.21,
2016-06-01,31,Nebraska,NE,3.1,0.1,1014600,0.86,,,1.39,
2016-06-01,32,Nevada,NV,5.9,-1,1293500,3.06,,,3.28,
2016-06-01,33,New Hampshire,NH,2.9,-0.5,663700,1.48,,,1.79,
2016-06-01,34,New Jersey,NJ,5,-0.8,4058300,1.38,,,0.97,
2016-06-01,35,New Mexico,NM,6.8,0.1,823700,-0.05,,,-0.49,
2016-06-01,36,New York,NY,4.9,-0.4,9416300,1.34,,,1.58,
2016-06-01,37,North Carolina,NC,5,-0.8,4346100,2.41,,,2.11,
2016-06-01,38,North Dakota,ND,3.1,0.3,434200,-4.42,,,-6.71,
2016-06-01,39,Ohio,OH,5,0.1,5466200,0.77,,,0.77,
2016-06-01,40,Oklahoma,OK,4.8,0.4,1647300,-1.18,,,-1.91,
2016-06-01,41,Oregon,OR,4.9,-0.6,1840200,2.84,,,4.47,
2016-06-01,42,Pennsylvania,PA,5.4,0,5867100,0.46,,,1.46,
2016-06-01,44,Rhode Island,RI,5.3,-0.7,493600,0.84,,,0.41,
2016-06-01,45,South Carolina,SC,5,-1,2053800.0000000002,2.36,,,3.45,
2016-06-01,46,South Dakota,SD,3,-0.1,431800,0.86,,,0.79,
2016-06-01,47,Tennessee,TN,4.7,-0.9,2968100,2.35,,,2.41,
2016-06-01,48,Texas,TX,4.7,0.3,11978700,0.96,,,-0.02,
2016-06-01,49,Utah,UT,3.3,-0.2,1424200,3.53,,,4.57,
2016-06-01,50,Vermont,VT,3.1,-0.4,312800,,,,0.84,
2016-06-01,51,Virginia,VA,4,-0.4,3912500,1.53,,,1.24,
2016-06-01,53,Washington,WA,5.3,-0.1,3235500,2.84,,,3.99,
2016-06-01,54,West Virginia,WV,6.1,-0.6,706600,-1.92,,,-1.01,
2016-06-01,55,Wisconsin,WI,3.9,-0.5,2922000,1.06,,,1.14,
2016-06-01,56,Wyoming,WY,5.5,1.4,285800,-3.51,,,-5.52,
2016-05-01,01,Alabama,AL,5.8,-0.3,1994800,1.31,,,1.87,
2016-05-01,02,Alaska,AK,6.6,0.3,334700,-1.53,,,-0.4,
2016-05-01,04,Arizona,AZ,5.6,-0.6,2701900,2.93,,,3.38,
2016-05-01,05,Arkansas,AR,4,-1.2,1230800,1.72,,,1.24,
2016-05-01,10,Delaware,DE,4.5,-0.4,450000,0.78,,,-5.6,
2016-05-01,11,District of Columbia,DC,6.1,-0.9,776700,2.24,,,2.41,
2016-05-01,12,Florida,FL,4.9,-0.7,8363100,3.56,,,3.5,
2016-05-01,13,Georgia,GA,5.4,-0.8,4362700,2.74,,,4,
2016-05-01,15,Hawaii,HI,3,-0.5,646000,1.44,,,2.16,
2016-05-01,16,Idaho,ID,3.7,-0.3,690300,3.15,,,3.91,
2016-05-01,17,Illinois,IL,6,0,5999600,0.46,,,0.12,
2016-05-01,18,Indiana,IN,4.5,-0.3,3063000,1.05,,,2.12,
2016-05-01,19,Iowa,IA,3.6,-0.1,1568200,0.49,,,0.4,
2016-05-01,20,Kansas,KS,4,-0.3,1404400,0.29,,,3.81,
2016-05-01,21,Kentucky,KY,5,-0.3,1906900,1.3,,,0.76,
2016-05-01,22,Louisiana,LA,6.1,-0.3,1978200,-0.84,,,-1.68,
2016-05-01,23,Maine,ME,3.8,-0.7,617500,1.08,,,2.43,
2016-05-01,24,Maryland,MD,4.2,-0.9,2708900,1.05,,,3.49,
2016-05-01,25,Massachusetts,MA,4.1,-0.8,3559100,1.59,,,1.41,
2016-05-01,26,Michigan,MI,5,-0.6,4314300,1.62,,,1.94,
2016-05-01,27,Minnesota,MN,3.8,0,2893300,1.15,,,1.49,
2016-05-01,28,Mississippi,MS,6,-0.5,1145000,1.03,,,0.47,
2016-05-01,29,Missouri,MO,4.6,-0.7,2848400,1.32,,,0.13,
2016-05-01,30,Montana,MT,4.3,0.1,467300,1.39,,,-1.21,
2016-05-01,31,Nebraska,NE,3.1,0.1,1014200,1.02,,,1.39,
2016-05-01,32,Nevada,NV,5.9,-1.1,1290400,2.93,,,3.28,
2016-05-01,33,New Hampshire,NH,2.9,-0.6,664100,1.51,,,1.79,
2016-05-01,34,New Jersey,NJ,5,-1,4054600,1.3,,,0.97,
2016-05-01,35,New Mexico,NM,6.7,0,825600,0.26,,,-0.49,
2016-05-01,36,New York,NY,4.8,-0.6,9403800,1.34,,,1.58,
2016-05-01,37,North Carolina,NC,5,-0.8,4342200,2.46,,,2.11,
2016-05-01,38,North Dakota,ND,3.1,0.3,434800,-4.9,,,-6.71,
2016-05-01,39,Ohio,OH,5,0,5476200,0.97,,,0.77,
2016-05-01,40,Oklahoma,OK,4.7,0.4,1651100,-0.96,,,-1.91,
2016-05-01,41,Oregon,OR,4.9,-0.7,1837800,3.03,,,4.47,
2016-05-01,42,Pennsylvania,PA,5.4,-0.1,5871400,0.64,,,1.46,
2016-05-01,44,Rhode Island,RI,5.4,-0.8,493400,0.55,,,0.41,
2016-05-01,45,South Carolina,SC,5.1,-1,2053300.0000000002,2.62,,,3.45,
2016-05-01,46,South Dakota,SD,2.9,-0.2,431500,0.82,,,0.79,
2016-05-01,47,Tennessee,TN,4.7,-1,2964500,2.42,,,2.41,
2016-05-01,48,Texas,TX,4.6,0.2,11991500,1.27,,,-0.02,
2016-05-01,49,Utah,UT,3.4,-0.1,1420200,3.59,,,4.57,
2016-05-01,50,Vermont,VT,3.1,-0.4,313500,0.06,,,0.84,
2016-05-01,51,Virginia,VA,4,-0.5,3907500,1.55,,,1.24,
2016-05-01,53,Washington,WA,5.3,-0.1,3233300,3.23,,,3.99,
2016-05-01,54,West Virginia,WV,6.2,-0.6,719900,-0.47,,,-1.01,
2016-05-01,55,Wisconsin,WI,4,-0.5,2925000,1.16,,,1.14,
2016-05-01,56,Wyoming,WY,5.5,1.4,286700,-3.63,,,-5.52,
2016-04-01,01,Alabama,AL,5.8,-0.3,1995500,1.68,,,1.87,
2016-04-01,02,Alaska,AK,6.6,0.3,336300,-0.94,,,-0.4,
2016-04-01,04,Arizona,AZ,5.6,-0.6,2695900,3,,,3.38,
2016-04-01,05,Arkansas,AR,4,-1.3,1229600,2.16,,,1.24,
2016-04-01,10,Delaware,DE,4.5,-0.4,450800,1.81,,,-5.6,
2016-04-01,11,District of Columbia,DC,6.1,-1,775700,2.5,,,2.41,
2016-04-01,12,Florida,FL,4.9,-0.8,8342299.999999999,3.77,,,3.5,
2016-04-01,13,Georgia,GA,5.5,-0.7,4355600,3.09,,,4,
2016-04-01,15,Hawaii,HI,3,-0.6,645000,1.43,,,2.16,
2016-04-01,16,Idaho,ID,3.8,-0.1,689200,3.42,,,3.91,
2016-04-01,17,Illinois,IL,6.1,0.1,6010300,1.02,,,0.12,
2016-04-01,18,Indiana,IN,4.6,-0.4,3066200,1.58,,,2.12,
2016-04-01,19,Iowa,IA,3.6,-0.2,1574000,1.01,,,0.4,
2016-04-01,20,Kansas,KS,4,-0.4,1406500,0.8,,,3.81,
2016-04-01,21,Kentucky,KY,5,-0.3,1905300,1.74,,,0.76,
2016-04-01,22,Louisiana,LA,6.1,-0.4,1979300,-0.67,,,-1.68,
2016-04-01,23,Maine,ME,3.9,-0.7,617200,1.43,,,2.43,
2016-04-01,24,Maryland,MD,4.2,-1,2712800,1.63,,,3.49,
2016-04-01,25,Massachusetts,MA,4.1,-0.9,3559500,2.27,,,1.41,
2016-04-01,26,Michigan,MI,5,-0.7,4326800,2.36,,,1.94,
2016-04-01,27,Minnesota,MN,3.8,0,2900100,1.7,,,1.49,
2016-04-01,28,Mississippi,MS,6,-0.6,1146000,1.51,,,0.47,
2016-04-01,29,Missouri,MO,4.5,-1,2850600,1.8,,,0.13,
2016-04-01,30,Montana,MT,4.3,0.1,467500,1.45,,,-1.21,
2016-04-01,31,Nebraska,NE,3,0,1015000,1.16,,,1.39,
2016-04-01,32,Nevada,NV,6,-1.1,1289200,3.24,,,3.28,
2016-04-01,33,New Hampshire,NH,2.9,-0.7,665300,2.31,,,1.79,
2016-04-01,34,New Jersey,NJ,5,-1.1,4056100,1.74,,,0.97,
2016-04-01,35,New Mexico,NM,6.6,-0.1,826000,0.49,,,-0.49,
2016-04-01,36,New York,NY,4.8,-0.7,9423400,2.06,,,1.58,
2016-04-01,37,North Carolina,NC,5.1,-0.7,4341100,2.9,,,2.11,
2016-04-01,38,North Dakota,ND,3.1,0.3,436200,-4.86,,,-6.71,
2016-04-01,39,Ohio,OH,5,-0.1,5480700,1.42,,,0.77,
2016-04-01,40,Oklahoma,OK,4.6,0.3,1655300,-0.67,,,-1.91,
2016-04-01,41,Oregon,OR,4.9,-0.7,1835700,3.29,,,4.47,
2016-04-01,42,Pennsylvania,PA,5.4,-0.1,5875900,0.99,,,1.46,
2016-04-01,44,Rhode Island,RI,5.4,-0.9,493600,1.15,,,0.41,
2016-04-01,45,South Carolina,SC,5.1,-1.1,2049900,2.95,,,3.45,
2016-04-01,46,South Dakota,SD,2.9,-0.2,431600,0.98,,,0.79,
2016-04-01,47,Tennessee,TN,4.7,-1.1,2963000,2.86,,,2.41,
2016-04-01,48,Texas,TX,4.5,0.1,11978800,1.44,,,-0.02,
2016-04-01,49,Utah,UT,3.4,-0.1,1417400,3.85,,,4.57,
2016-04-01,50,Vermont,VT,3.1,-0.4,312100,0.03,,,0.84,
2016-04-01,51,Virginia,VA,4,-0.6,3911300,2.06,,,1.24,
2016-04-01,53,Washington,WA,5.3,-0.2,3224500,3.27,,,3.99,
2016-04-01,54,West Virginia,WV,6.2,-0.5,714300,-1.07,,,-1.01,
2016-04-01,55,Wisconsin,WI,4,-0.6,2933800,1.68,,,1.14,
2016-04-01,56,Wyoming,WY,5.5,1.5,288100,-3.52,,,-5.52,
2016-03-01,01,Alabama,AL,5.9,,1990200,,,,1.87,
2016-03-01,02,Alaska,AK,6.5,,335800,,,,-0.4,
2016-03-01,04,Arizona,AZ,5.6,,2688100,,,,3.38,
2016-03-01,05,Arkansas,AR,4,,1228900,,,,1.24,
2016-03-01,10,Delaware,DE,4.5,,450900,,,,-5.6,
2016-03-01,11,District of Columbia,DC,6.2,,775000,,,,2.41,
2016-03-01,12,Florida,FL,4.9,,8314299.999999999,,,,3.5,
2016-03-01,13,Georgia,GA,5.5,,4332000,,,,4,
2016-03-01,15,Hawaii,HI,3,,643800,,,,2.16,
2016-03-01,16,Idaho,ID,3.8,,688900,,,,3.91,
2016-03-01,17,Illinois,IL,6.2,,5998600,,,,0.12,
2016-03-01,18,Indiana,IN,4.6,,3067100,,,,2.12,
2016-03-01,19,Iowa,IA,3.6,,1573700,,,,0.4,
2016-03-01,20,Kansas,KS,3.9,,1404200,,,,3.81,
2016-03-01,21,Kentucky,KY,5.1,,1902900,,,,0.76,
2016-03-01,22,Louisiana,LA,6,,1978600,,,,-1.68,
2016-03-01,23,Maine,ME,3.9,,616500,,,,2.43,
2016-03-01,24,Maryland,MD,4.3,,2704400,,,,3.49,
2016-03-01,25,Massachusetts,MA,4.2,,3555700,,,,1.41,
2016-03-01,26,Michigan,MI,4.9,,4300100,,,,1.94,
2016-03-01,27,Minnesota,MN,3.8,,2886700,,,,1.49,
2016-03-01,28,Mississippi,MS,6.1,,1146800,,,,0.47,
2016-03-01,29,Missouri,MO,4.5,,2843400,,,,0.13,
2016-03-01,30,Montana,MT,4.3,,467300,,,,-1.21,
2016-03-01,31,Nebraska,NE,3,,1014600,,,,1.39,
2016-03-01,32,Nevada,NV,6.1,,1283600,,,,3.28,
2016-03-01,33,New Hampshire,NH,2.8,,662900,,,,1.79,
2016-03-01,34,New Jersey,NJ,5,,4053900,,,,0.97,
2016-03-01,35,New Mexico,NM,6.5,,825200,,,,-0.49,
2016-03-01,36,New York,NY,4.8,,9407500,,,,1.58,
2016-03-01,37,North Carolina,NC,5.2,,4326100,,,,2.11,
2016-03-01,38,North Dakota,ND,3.1,,435600,,,,-6.71,
2016-03-01,39,Ohio,OH,5,,5468000,,,,0.77,
2016-03-01,40,Oklahoma,OK,4.6,,1657700,,,,-1.91,
2016-03-01,41,Oregon,OR,4.9,,1832400,,,,4.47,
2016-03-01,42,Pennsylvania,PA,5.3,,5872600,,,,1.46,
2016-03-01,44,Rhode Island,RI,5.5,,494900,,,,0.41,
2016-03-01,45,South Carolina,SC,5.2,,2044500,,,,3.45,
2016-03-01,46,South Dakota,SD,2.8,,430700,,,,0.79,
2016-03-01,47,Tennessee,TN,4.7,,2959000,,,,2.41,
2016-03-01,48,Texas,TX,4.5,,11959500,,,,-0.02,
2016-03-01,49,Utah,UT,3.5,,1412700,,,,4.57,
2016-03-01,50,Vermont,VT,3.2,,312500,,,,0.84,
2016-03-01,51,Virginia,VA,4,,3904100,,,,1.24,
2016-03-01,53,Washington,WA,5.3,,3213200,,,,3.99,
2016-03-01,54,West Virginia,WV,6.3,,715400,,,,-1.01,
2016-03-01,55,Wisconsin,WI,4.1,,2922600,,,,1.14,
2016-03-01,56,Wyoming,WY,5.4,,289400,,,,-5.52,
2016-02-01,01,Alabama,AL,5.9,-0.2,1988900,1.44,,,1.87,
2016-02-01,02,Alaska,AK,6.5,0.2,335600,-1.38,,,-0.4,
2016-02-01,04,Arizona,AZ,5.7,-0.6,2682000,2.72,,,3.38,
2016-02-01,05,Arkansas,AR,4.1,-1.3,1227900,1.89,,,1.24,
2016-02-01,10,Delaware,DE,4.5,-0.5,449900,1.51,,,-5.6,
2016-02-01,11,District of Columbia,DC,6.3,-1,774600,2.15,,,2.41,
2016-02-01,12,Florida,FL,5,-0.8,8293900,3.66,,,3.5,
2016-02-01,13,Georgia,GA,5.6,-0.8,4333100,2.73,,,4,
2016-02-01,15,Hawaii,HI,3.1,-0.6,644300,1.56,,,2.16,
2016-02-01,16,Idaho,ID,3.8,-0.1,686100,3.42,,,3.91,
2016-02-01,17,Illinois,IL,6.2,0.1,6000500,1.3,,,0.12,
2016-02-01,18,Indiana,IN,4.7,-0.5,3064800,1.75,,,2.12,
2016-02-01,19,Iowa,IA,3.6,-0.2,1569000,0.63,,,0.4,
2016-02-01,20,Kansas,KS,3.9,-0.5,1404700,0.3,,,3.81,
2016-02-01,21,Kentucky,KY,5.2,-0.1,1902200,1.46,,,0.76,
2016-02-01,22,Louisiana,LA,6,-0.7,1980200,-1.04,,,-1.68,
2016-02-01,23,Maine,ME,4,-0.8,615700,1.45,,,2.43,
2016-02-01,24,Maryland,MD,4.4,-0.9,2697900,1.37,,,3.49,
2016-02-01,25,Massachusetts,MA,4.3,-0.8,3543800,2.32,,,1.41,
2016-02-01,26,Michigan,MI,4.9,-1,4297900,1.82,,,1.94,
2016-02-01,27,Minnesota,MN,3.7,-0.1,2882700,1.55,,,1.49,
2016-02-01,28,Mississippi,MS,6.2,-0.5,1146900,1.79,,,0.47,
2016-02-01,29,Missouri,MO,4.5,-1.1,2838700,1.68,,,0.13,
2016-02-01,30,Montana,MT,4.3,0,466700,1.39,,,-1.21,
2016-02-01,31,Nebraska,NE,3,0.1,1010700,0.91,,,1.39,
2016-02-01,32,Nevada,NV,6.2,-1.1,1280900,2.99,,,3.28,
2016-02-01,33,New Hampshire,NH,2.9,-0.9,663400,2.42,,,1.79,
2016-02-01,34,New Jersey,NJ,5,-1.3,4043700,1.52,,,0.97,
2016-02-01,35,New Mexico,NM,6.5,0,827600,0.33,,,-0.49,
2016-02-01,36,New York,NY,4.8,-0.8,9382900,1.8,,,1.58,
2016-02-01,37,North Carolina,NC,5.2,-0.5,4313200,2.35,,,2.11,
2016-02-01,38,North Dakota,ND,3.1,0.4,437400,-5.92,,,-6.71,
2016-02-01,39,Ohio,OH,5,-0.2,5461900,1.32,,,0.77,
2016-02-01,40,Oklahoma,OK,4.5,0.4,1662100,-0.73,,,-1.91,
2016-02-01,41,Oregon,OR,4.9,-0.9,1828200,3.52,,,4.47,
2016-02-01,42,Pennsylvania,PA,5.3,-0.3,5860000,0.82,,,1.46,
2016-02-01,44,Rhode Island,RI,5.5,-0.9,493500,1.88,,,0.41,
2016-02-01,45,South Carolina,SC,5.3,-1.1,2040500,2.66,,,3.45,
2016-02-01,46,South Dakota,SD,2.8,-0.4,430100,0.77,,,0.79,
2016-02-01,47,Tennessee,TN,4.7,-1.3,2947900,2.84,,,2.41,
2016-02-01,48,Texas,TX,4.5,0,11967200,1.32,,,-0.02,
2016-02-01,49,Utah,UT,3.5,0,1408000,3.51,,,4.57,
2016-02-01,50,Vermont,VT,3.2,-0.4,312500,0.22,,,0.84,
2016-02-01,51,Virginia,VA,4,-0.7,3896200,2.11,,,1.24,
2016-02-01,53,Washington,WA,5.4,-0.1,3205900,3.09,,,3.99,
2016-02-01,54,West Virginia,WV,6.3,-0.2,713000,-1.63,,,-1.01,
2016-02-01,55,Wisconsin,WI,4.1,-0.6,2923800,1.57,,,1.14,
2016-02-01,56,Wyoming,WY,5.2,1.2,290100,-3.27,,,-5.52,
2016-01-01,01,Alabama,AL,5.9,-0.3,1988600,1.53,212862789,212862789,1.87,90.58
2016-01-01,02,Alaska,AK,6.4,0.1,336700,-1.15,53463861,53463861,-0.4,104.075
2016-01-01,04,Arizona,AZ,5.7,-0.7,2671900,2.52,319008379,319008379,3.38,98.588
2016-01-01,05,Arkansas,AR,4.2,-1.3,1225100,1.89,123034853,123034853,1.24,89.275
2016-01-01,06,California,CA,,,,,2623711672,2623711672,3.05,109.866
2016-01-01,08,Colorado,CO,,,,,337685173,337685173,2.17,102.713
2016-01-01,09,Connecticut,CT,,,,,268196181,268196181,-0.25,107.521
2016-01-01,10,Delaware,DE,4.5,-0.5,449700,1.54,71941407,71941407,-5.6,98.499
2016-01-01,11,District of Columbia,DC,6.4,-0.9,771800,1.86,132217775,132217775,2.41,112.475
2016-01-01,12,Florida,FL,5.1,-0.8,8270000,3.65,978989749,978989749,3.5,101.055
2016-01-01,13,Georgia,GA,5.7,-0.8,4323900,2.78,561718262,561718262,4,94.932
2016-01-01,15,Hawaii,HI,3.1,-0.7,641100,1.12,85670434,85670434,2.16,109.881
2016-01-01,16,Idaho,ID,3.8,-0.1,682700,3.03,70442505,70442505,3.91,92.998
2016-01-01,17,Illinois,IL,6.2,0.1,6000400,1.4,826404691,826404691,0.12,99.535
2016-01-01,18,Indiana,IN,4.6,-0.8,3059000,1.49,348439193,348439193,2.12,91.423
2016-01-01,19,Iowa,IA,3.6,-0.3,1568400,0.64,186729878,186729878,0.4,89.56
2016-01-01,20,Kansas,KS,3.9,-0.4,1403400,0.49,164643717,164643717,3.81,92.132
2016-01-01,21,Kentucky,KY,5.2,-0.2,1902100,1.34,201007150,201007150,0.76,90.648
2016-01-01,22,Louisiana,LA,6,-0.7,1985500,-0.95,235554191,235554191,-1.68,93.58
2016-01-01,23,Maine,ME,4,-0.9,614500,1.05,62037088,62037088,2.43,97.318
2016-01-01,24,Maryland,MD,4.5,-0.9,2699800,1.65,391950935,391950935,3.49,107.262
2016-01-01,25,Massachusetts,MA,4.4,-0.8,3538400,1.94,521662771,521662771,1.41,108.185
2016-01-01,26,Michigan,MI,4.9,-1.1,4295900,1.76,500159534,500159534,1.94,93.631
2016-01-01,27,Minnesota,MN,3.7,-0.1,2877700,1.55,350603608,350603608,1.49,97.273
2016-01-01,28,Mississippi,MS,6.3,-0.5,1145000,1.75,109911027,109911027,0.47,88.469
2016-01-01,29,Missouri,MO,4.5,-1.1,2837800,1.89,308423302,308423302,0.13,91.704
2016-01-01,30,Montana,MT,4.3,0,466000,1.55,47189605,47189605,-1.21,93.866
2016-01-01,31,Nebraska,NE,3,0.1,1010300,1.1,121303098,121303098,1.39,90.869
2016-01-01,32,Nevada,NV,6.3,-1.1,1278600,2.96,156007391,156007391,3.28,97.172
2016-01-01,33,New Hampshire,NH,2.9,-0.9,660700,1.85,80736110,80736110,1.79,105.144
2016-01-01,34,New Jersey,NJ,4.9,-1.4,4034700,1.38,587049652,587049652,0.97,109.111
2016-01-01,35,New Mexico,NM,6.5,0,825500,0.08,93043510,93043510,-0.49,94.452
2016-01-01,36,New York,NY,4.8,-0.9,9374200,1.74,1590567799,1590567799,1.58,110.138
2016-01-01,37,North Carolina,NC,5.3,-0.4,4306000,2.39,536308527,536308527,2.11,93.771
2016-01-01,38,North Dakota,ND,3,0.4,439100,-5.99,54756031,54756031,-6.71,91.708
2016-01-01,39,Ohio,OH,5,-0.2,5456600,1.3,638157483,638157483,0.77,92.408
2016-01-01,40,Oklahoma,OK,4.5,0.5,1661900,-0.77,190093471,190093471,-1.91,91.48
2016-01-01,41,Oregon,OR,5,-0.8,1819800,3.42,214769301,214769301,4.47,99.595
2016-01-01,42,Pennsylvania,PA,5.3,-0.2,5854900,0.73,744847129,744847129,1.46,97.815
2016-01-01,44,Rhode Island,RI,5.6,-0.9,492400,0.98,58629978,58629978,0.41,101.725
2016-01-01,45,South Carolina,SC,5.3,-1.1,2034600,2.62,220559341,220559341,3.45,93.609
2016-01-01,46,South Dakota,SD,2.8,-0.4,429900,0.89,51264324,51264324,0.79,87.387
2016-01-01,47,Tennessee,TN,4.8,-1.3,2945000,2.7,343544924,343544924,2.41,93.781
2016-01-01,48,Texas,TX,4.5,0,11959600,1.31,1633863306,1633863306,-0.02,98.024
2016-01-01,49,Utah,UT,3.5,0,1402600,3.47,162528245,162528245,4.57,97.082
2016-01-01,50,Vermont,VT,3.2,-0.5,312400,,32312674,32312674,0.84,98.332
2016-01-01,51,Virginia,VA,4,-0.7,3890300,2.04,505107730,505107730,1.24,102.805
2016-01-01,53,Washington,WA,5.4,-0.2,3193400,2.88,495724874,495724874,3.99,105.555
2016-01-01,54,West Virginia,WV,6.3,-0.1,714700,-1.49,73513255,73513255,-1.01,89.796
2016-01-01,55,Wisconsin,WI,4.2,-0.5,2919700,1.52,319272276,319272276,1.14,93.234
2016-01-01,56,Wyoming,WY,5,1,291500,-2.93,37853539,37853539,-5.52,97.747
2016-01-01,91,New England,,,,,,1023574227,1023574227,0.99,
2016-01-01,92,Mideast,,,,,,3518584521,3518584521,1.53,
2016-01-01,93,Great Lakes,,,,,,2632446921,2632446921,1.01,
2016-01-01,94,Plains,,,,,,1237736420,1237736420,0.86,
2016-01-01,95,Southeast,,,,,,4102066919,4102066919,2.25,
2016-01-01,96,Southwest,,,,,,2235958566,2235958566,0.27,
2016-01-01,97,Rocky Mountain,,,,,,655672594,655672594,2.21,
2016-01-01,98,Far West,,,,,,3629300282,3629300282,3.2,
2015-12-01,01,Alabama,AL,6,-0.2,1986600,1.35,,,1.4,
2015-12-01,02,Alaska,AK,6.4,0.1,337100,-0.79,,,0.71,
2015-12-01,04,Arizona,AZ,5.8,-0.7,2670400,2.56,,,2.27,
2015-12-01,05,Arkansas,AR,4.3,-1.2,1227700,2.04,,,0.1,
2015-12-01,10,Delaware,DE,4.6,-0.5,450700,1.83,,,3.04,
2015-12-01,11,District of Columbia,DC,6.5,-0.9,773800,2.61,,,1.75,
2015-12-01,12,Florida,FL,5.1,-0.9,8261900,3.77,,,4.45,
2015-12-01,13,Georgia,GA,5.7,-0.9,4324500,2.72,,,4.37,
2015-12-01,15,Hawaii,HI,3.1,-0.8,645900,2.59,,,3.14,
2015-12-01,16,Idaho,ID,3.8,-0.1,681900,3.24,,,1.51,
2015-12-01,17,Illinois,IL,6.1,-0.1,5998300,1.31,,,1.72,
2015-12-01,18,Indiana,IN,4.6,-0.9,3059100,1.65,,,-0.76,
2015-12-01,19,Iowa,IA,3.7,-0.3,1566700,0.68,,,3.15,
2015-12-01,20,Kansas,KS,4,-0.3,1403000,0.33,,,2.92,
2015-12-01,21,Kentucky,KY,5.2,-0.2,1903000,1.58,,,1.37,
2015-12-01,22,Louisiana,LA,6,-0.8,1992100,-0.75,,,-1.42,
2015-12-01,23,Maine,ME,4,-1.1,613000,0.71,,,1.63,
2015-12-01,24,Maryland,MD,4.6,-0.8,2704600,1.76,,,2.27,
2015-12-01,25,Massachusetts,MA,4.5,-0.8,3532500,1.71,,,3.66,
2015-12-01,26,Michigan,MI,4.9,-1.3,4288800,1.36,,,2.31,
2015-12-01,27,Minnesota,MN,3.7,-0.2,2879600,1.54,,,2.02,
2015-12-01,28,Mississippi,MS,6.3,-0.6,1142800,1.39,,,0.09,
2015-12-01,29,Missouri,MO,4.5,-1.2,2835100,2.17,,,1.45,
2015-12-01,30,Montana,MT,4.3,-0.1,466200,2.44,,,3.46,
2015-12-01,31,Nebraska,NE,3,0.1,1013300,1.46,,,3.45,
2015-12-01,32,Nevada,NV,6.4,-1.1,1281000,3.51,,,3.96,
2015-12-01,33,New Hampshire,NH,3,-0.9,659900,1.82,,,3.23,
2015-12-01,34,New Jersey,NJ,5,-1.4,4039600,1.3,,,1.88,
2015-12-01,35,New Mexico,NM,6.5,0.1,823600,-0.19,,,0.95,
2015-12-01,36,New York,NY,4.8,-0.9,9367400,1.78,,,1.98,
2015-12-01,37,North Carolina,NC,5.4,-0.4,4305500,2.55,,,3.03,
2015-12-01,38,North Dakota,ND,2.9,0.3,443600,-5.4,,,-2.49,
2015-12-01,39,Ohio,OH,4.9,-0.3,5456700,1.13,,,1.33,
2015-12-01,40,Oklahoma,OK,4.4,0.4,1663100,-0.57,,,3.87,
2015-12-01,41,Oregon,OR,5,-1,1817200,3.44,,,4.99,
2015-12-01,42,Pennsylvania,PA,5.3,-0.2,5861000,0.6,,,2.15,
2015-12-01,44,Rhode Island,RI,5.6,-1.1,493600,1.42,,,1.36,
2015-12-01,45,South Carolina,SC,5.4,-1.1,2038700,2.77,,,3.46,
2015-12-01,46,South Dakota,SD,2.8,-0.4,430600,1.1,,,2.46,
2015-12-01,47,Tennessee,TN,4.9,-1.3,2944500,2.64,,,3.58,
2015-12-01,48,Texas,TX,4.5,-0.1,11941900,1.27,,,4.78,
2015-12-01,49,Utah,UT,3.5,0,1399600,3.83,,,3.57,
2015-12-01,50,Vermont,VT,3.3,-0.4,312300,0.61,,,0.61,
2015-12-01,51,Virginia,VA,4.1,-0.7,3907700,2.8,,,2.05,
2015-12-01,53,Washington,WA,5.4,-0.2,3183400,2.66,,,4.5,
2015-12-01,54,West Virginia,WV,6.3,0,719400,-0.98,,,0.2,
2015-12-01,55,Wisconsin,WI,4.2,-0.6,2915600,1.38,,,2.02,
2015-12-01,56,Wyoming,WY,4.8,0.7,293100,-2.33,,,1.98,
2015-11-01,01,Alabama,AL,6,-0.3,1983600,1.44,,,1.4,
2015-11-01,02,Alaska,AK,6.3,-0.1,337200,-0.56,,,0.71,
2015-11-01,04,Arizona,AZ,5.9,-0.6,2669600,2.84,,,2.27,
2015-11-01,05,Arkansas,AR,4.4,-1.1,1224900,2.18,,,0.1,
2015-11-01,10,Delaware,DE,4.6,-0.6,451800,2.1,,,3.04,
2015-11-01,11,District of Columbia,DC,6.5,-1,771100,2.25,,,1.75,
2015-11-01,12,Florida,FL,5.2,-0.8,8238500,3.8,,,4.45,
2015-11-01,13,Georgia,GA,5.7,-1,4307900,2.73,,,4.37,
2015-11-01,15,Hawaii,HI,3.2,-0.7,642100,1.13,,,3.14,
2015-11-01,16,Idaho,ID,3.9,0,679500,3.16,,,1.51,
2015-11-01,17,Illinois,IL,6,-0.3,5992100,1.35,,,1.72,
2015-11-01,18,Indiana,IN,4.6,-1,3055200,1.7,,,-0.76,
2015-11-01,19,Iowa,IA,3.7,-0.3,1564700,0.76,,,3.15,
2015-11-01,20,Kansas,KS,4,-0.3,1402700,0.4,,,2.92,
2015-11-01,21,Kentucky,KY,5.2,-0.4,1902200,1.71,,,1.37,
2015-11-01,22,Louisiana,LA,6,-0.8,1994400,-0.47,,,-1.42,
2015-11-01,23,Maine,ME,4.1,-1.1,612500,0.92,,,1.63,
2015-11-01,24,Maryland,MD,4.7,-0.8,2699000,1.64,,,2.27,
2015-11-01,25,Massachusetts,MA,4.5,-0.9,3527400,1.71,,,3.66,
2015-11-01,26,Michigan,MI,4.9,-1.5,4275800,1.51,,,2.31,
2015-11-01,27,Minnesota,MN,3.7,-0.2,2878500,1.69,,,2.02,
2015-11-01,28,Mississippi,MS,6.3,-0.8,1141200,1.33,,,0.09,
2015-11-01,29,Missouri,MO,4.6,-1.1,2831200,2.19,,,1.45,
2015-11-01,30,Montana,MT,4.3,-0.1,465600,2.67,,,3.46,
2015-11-01,31,Nebraska,NE,3,0,1011500,1.59,,,3.45,
2015-11-01,32,Nevada,NV,6.4,-1.2,1276200,3.56,,,3.96,
2015-11-01,33,New Hampshire,NH,3,-1,659400,1.92,,,3.23,
2015-11-01,34,New Jersey,NJ,5,-1.5,4038800,1.4,,,1.88,
2015-11-01,35,New Mexico,NM,6.5,0.1,826100,0.24,,,0.95,
2015-11-01,36,New York,NY,4.8,-1,9358000,1.84,,,1.98,
2015-11-01,37,North Carolina,NC,5.4,-0.4,4292300,2.46,,,3.03,
2015-11-01,38,North Dakota,ND,2.8,0.2,445600,-4.93,,,-2.49,
2015-11-01,39,Ohio,OH,4.9,-0.4,5449000,1.16,,,1.33,
2015-11-01,40,Oklahoma,OK,4.4,0.4,1665100,-0.17,,,3.87,
2015-11-01,41,Oregon,OR,5.1,-1.1,1810800,3.55,,,4.99,
2015-11-01,42,Pennsylvania,PA,5.3,-0.3,5855100,0.65,,,2.15,
2015-11-01,44,Rhode Island,RI,5.7,-1.2,492900,1.46,,,1.36,
2015-11-01,45,South Carolina,SC,5.4,-1.1,2031700,2.7,,,3.46,
2015-11-01,46,South Dakota,SD,2.9,-0.3,430000,1.2,,,2.46,
2015-11-01,47,Tennessee,TN,5,-1.3,2936700,2.63,,,3.58,
2015-11-01,48,Texas,TX,4.5,-0.2,11925100,1.44,,,4.78,
2015-11-01,49,Utah,UT,3.5,-0.1,1396800,3.85,,,3.57,
2015-11-01,50,Vermont,VT,3.3,-0.5,312900,0.58,,,0.61,
2015-11-01,51,Virginia,VA,4.1,-0.7,3902300,2.77,,,2.05,
2015-11-01,53,Washington,WA,5.4,-0.3,3174500,2.84,,,4.5,
2015-11-01,54,West Virginia,WV,6.3,0,718900,-1.06,,,0.2,
2015-11-01,55,Wisconsin,WI,4.2,-0.7,2907600,0.99,,,2.02,
2015-11-01,56,Wyoming,WY,4.6,0.4,294200,-1.64,,,1.98,
2015-10-01,01,Alabama,AL,6,-0.4,1980100,1.34,,,1.4,
2015-10-01,02,Alaska,AK,6.3,-0.3,337800,-0.27,,,0.71,
2015-10-01,04,Arizona,AZ,5.9,-0.7,2659200,2.78,,,2.27,
2015-10-01,05,Arkansas,AR,4.5,-1.1,1222300,2.24,,,0.1,
2015-10-01,10,Delaware,DE,4.7,-0.6,449500,2.3,,,3.04,
2015-10-01,11,District of Columbia,DC,6.6,-1,770200,2.24,,,1.75,
2015-10-01,12,Florida,FL,5.2,-0.9,8209900,3.82,,,4.45,
2015-10-01,13,Georgia,GA,5.8,-1,4304400,2.97,,,4.37,
2015-10-01,15,Hawaii,HI,3.2,-0.8,643700,1.95,,,3.14,
2015-10-01,16,Idaho,ID,3.9,-0.1,677600,3.09,,,1.51,
2015-10-01,17,Illinois,IL,5.9,-0.6,5991200,1.56,,,1.72,
2015-10-01,18,Indiana,IN,4.5,-1.2,3049500,1.89,,,-0.76,
2015-10-01,19,Iowa,IA,3.6,-0.5,1563600,0.84,,,3.15,
2015-10-01,20,Kansas,KS,4,-0.3,1402900,0.57,,,2.92,
2015-10-01,21,Kentucky,KY,5.2,-0.5,1896400,1.54,,,1.37,
2015-10-01,22,Louisiana,LA,6,-0.8,1996200,-0.12,,,-1.42,
2015-10-01,23,Maine,ME,4.1,-1.2,612600,0.76,,,1.63,
2015-10-01,24,Maryland,MD,4.8,-0.7,2699800,1.76,,,2.27,
2015-10-01,25,Massachusetts,MA,4.6,-0.9,3521300,1.88,,,3.66,
2015-10-01,26,Michigan,MI,5,-1.6,4274400,1.66,,,2.31,
2015-10-01,27,Minnesota,MN,3.7,-0.2,2874600,1.73,,,2.02,
2015-10-01,28,Mississippi,MS,6.3,-0.9,1140500,1.52,,,0.09,
2015-10-01,29,Missouri,MO,4.7,-1.1,2825800,2.11,,,1.45,
2015-10-01,30,Montana,MT,4.3,-0.2,464800,2.47,,,3.46,
2015-10-01,31,Nebraska,NE,3,0,1011300,1.65,,,3.45,
2015-10-01,32,Nevada,NV,6.5,-1.3,1271500,3.44,,,3.96,
2015-10-01,33,New Hampshire,NH,3.1,-1,657500,1.67,,,3.23,
2015-10-01,34,New Jersey,NJ,5.1,-1.4,4031300,1.39,,,1.88,
2015-10-01,35,New Mexico,NM,6.6,0.2,825200,0.21,,,0.95,
2015-10-01,36,New York,NY,4.9,-1,9345500,1.88,,,1.98,
2015-10-01,37,North Carolina,NC,5.5,-0.4,4284000,2.5,,,3.03,
2015-10-01,38,North Dakota,ND,2.8,0.1,446900,-4.47,,,-2.49,
2015-10-01,39,Ohio,OH,4.8,-0.6,5445000,1.32,,,1.33,
2015-10-01,40,Oklahoma,OK,4.3,0.2,1665700,0.1,,,3.87,
2015-10-01,41,Oregon,OR,5.2,-1.1,1807100,3.71,,,4.99,
2015-10-01,42,Pennsylvania,PA,5.3,-0.3,5847900,0.67,,,2.15,
2015-10-01,44,Rhode Island,RI,5.7,-1.4,491900,1.51,,,1.36,
2015-10-01,45,South Carolina,SC,5.5,-1.1,2029700,2.98,,,3.46,
2015-10-01,46,South Dakota,SD,2.9,-0.4,429400,0.89,,,2.46,
2015-10-01,47,Tennessee,TN,5.1,-1.3,2931300,2.91,,,3.58,
2015-10-01,48,Texas,TX,4.5,-0.4,11919000,1.73,,,4.78,
2015-10-01,49,Utah,UT,3.5,-0.1,1393400,3.99,,,3.57,
2015-10-01,50,Vermont,VT,3.4,-0.5,313000,0.97,,,0.61,
2015-10-01,51,Virginia,VA,4.1,-0.8,3897300,2.76,,,2.05,
2015-10-01,53,Washington,WA,5.4,-0.4,3168000,2.92,,,4.5,
2015-10-01,54,West Virginia,WV,6.4,0,718300,-1.22,,,0.2,
2015-10-01,55,Wisconsin,WI,4.2,-0.8,2908300,1.39,,,2.02,
2015-10-01,56,Wyoming,WY,4.5,0.2,295200,-1.7,,,1.98,
2015-09-01,01,Alabama,AL,6.1,-0.5,1976800,1.31,,,1.4,
2015-09-01,02,Alaska,AK,6.3,-0.4,338500,0.3,,,0.71,
2015-09-01,04,Arizona,AZ,6,-0.7,2647100,2.67,,,2.27,
2015-09-01,05,Arkansas,AR,4.6,-1.1,1221300,2.25,,,0.1,
2015-09-01,10,Delaware,DE,4.7,-0.7,449200,2.44,,,3.04,
2015-09-01,11,District of Columbia,DC,6.7,-0.9,766700,1.83,,,1.75,
2015-09-01,12,Florida,FL,5.3,-0.9,8170000,3.54,,,4.45,
2015-09-01,13,Georgia,GA,5.8,-1.2,4286700,2.7,,,4.37,
2015-09-01,15,Hawaii,HI,3.2,-0.9,639900,1.47,,,3.14,
2015-09-01,16,Idaho,ID,3.9,-0.1,676200,3.24,,,1.51,
2015-09-01,17,Illinois,IL,5.9,-0.7,5980900,1.57,,,1.72,
2015-09-01,18,Indiana,IN,4.5,-1.3,3044800,2,,,-0.76,
2015-09-01,19,Iowa,IA,3.6,-0.6,1560400,0.41,,,3.15,
2015-09-01,20,Kansas,KS,4,-0.4,1402100,0.6,,,2.92,
2015-09-01,21,Kentucky,KY,5.2,-0.7,1891100,1.37,,,1.37,
2015-09-01,22,Louisiana,LA,6,-0.7,1996800,-0.08,,,-1.42,
2015-09-01,23,Maine,ME,4.1,-1.2,612200,0.97,,,1.63,
2015-09-01,24,Maryland,MD,4.9,-0.7,2688200,1.41,,,2.27,
2015-09-01,25,Massachusetts,MA,4.6,-1,3508500,1.73,,,3.66,
2015-09-01,26,Michigan,MI,5.1,-1.7,4257000,1.51,,,2.31,
2015-09-01,27,Minnesota,MN,3.7,-0.3,2863900,1.49,,,2.02,
2015-09-01,28,Mississippi,MS,6.3,-1.1,1136500,1.3,,,0.09,
2015-09-01,29,Missouri,MO,4.8,-1.1,2820000,2.24,,,1.45,
2015-09-01,30,Montana,MT,4.2,-0.4,463500,1.73,,,3.46,
2015-09-01,31,Nebraska,NE,3,-0.1,1009300,1.53,,,3.45,
2015-09-01,32,Nevada,NV,6.6,-1.3,1265400,3.17,,,3.96,
2015-09-01,33,New Hampshire,NH,3.2,-0.9,655900,1.45,,,3.23,
2015-09-01,34,New Jersey,NJ,5.3,-1.2,4020200,1.1,,,1.88,
2015-09-01,35,New Mexico,NM,6.6,0.1,824300,0.5,,,0.95,
2015-09-01,36,New York,NY,4.9,-1.1,9318100,1.7,,,1.98,
2015-09-01,37,North Carolina,NC,5.6,-0.4,4272800,2.51,,,3.03,
2015-09-01,38,North Dakota,ND,2.8,0.1,448900,-3.67,,,-2.49,
2015-09-01,39,Ohio,OH,4.8,-0.7,5437400,1.31,,,1.33,
2015-09-01,40,Oklahoma,OK,4.3,0.2,1664900,0.25,,,3.87,
2015-09-01,41,Oregon,OR,5.3,-1.1,1798500,3.48,,,4.99,
2015-09-01,42,Pennsylvania,PA,5.3,-0.4,5845300,0.71,,,2.15,
2015-09-01,44,Rhode Island,RI,5.7,-1.6,491200,1.26,,,1.36,
2015-09-01,45,South Carolina,SC,5.6,-1,2021600,2.93,,,3.46,
2015-09-01,46,South Dakota,SD,2.9,-0.4,428600,0.75,,,2.46,
2015-09-01,47,Tennessee,TN,5.3,-1.2,2919900,2.62,,,3.58,
2015-09-01,48,Texas,TX,4.5,-0.5,11909900,2.04,,,4.78,
2015-09-01,49,Utah,UT,3.5,-0.1,1387600,3.88,,,3.57,
2015-09-01,50,Vermont,VT,3.4,-0.5,312200,0.68,,,0.61,
2015-09-01,51,Virginia,VA,4.2,-0.7,3887400,2.46,,,2.05,
2015-09-01,53,Washington,WA,5.4,-0.4,3164400,2.85,,,4.5,
2015-09-01,54,West Virginia,WV,6.5,0.1,718300,-0.99,,,0.2,
2015-09-01,55,Wisconsin,WI,4.3,-0.8,2904000,1.32,,,2.02,
2015-09-01,56,Wyoming,WY,4.4,0,296400,-1.04,,,1.98,
2015-08-01,01,Alabama,AL,6.1,-0.6,1975100,1.42,,,1.4,
2015-08-01,02,Alaska,AK,6.2,-0.6,338100,0.06,,,0.71,
2015-08-01,04,Arizona,AZ,6.1,-0.6,2645300,2.82,,,2.27,
2015-08-01,05,Arkansas,AR,4.8,-0.9,1218800,2.35,,,0.1,
2015-08-01,10,Delaware,DE,4.7,-0.8,447700,2.33,,,3.04,
2015-08-01,11,District of Columbia,DC,6.7,-1,766200,2.17,,,1.75,
2015-08-01,12,Florida,FL,5.4,-0.9,8150400,3.64,,,4.45,
2015-08-01,13,Georgia,GA,5.9,-1.2,4278200,2.67,,,4.37,
2015-08-01,15,Hawaii,HI,3.3,-0.8,643700,2.05,,,3.14,
2015-08-01,16,Idaho,ID,3.9,-0.2,673000,2.73,,,1.51,
2015-08-01,17,Illinois,IL,5.9,-0.9,5978200,1.62,,,1.72,
2015-08-01,18,Indiana,IN,4.6,-1.2,3042000,1.93,,,-0.76,
2015-08-01,19,Iowa,IA,3.6,-0.6,1559600,0.65,,,3.15,
2015-08-01,20,Kansas,KS,4,-0.4,1401600,0.58,,,2.92,
2015-08-01,21,Kentucky,KY,5.2,-0.9,1889800,1.31,,,1.37,
2015-08-01,22,Louisiana,LA,6,-0.6,1999200,0.35,,,-1.42,
2015-08-01,23,Maine,ME,4.2,-1.2,612200,1.11,,,1.63,
2015-08-01,24,Maryland,MD,5,-0.7,2687700,1.55,,,2.27,
2015-08-01,25,Massachusetts,MA,4.7,-1,3509200,2.33,,,3.66,
2015-08-01,26,Michigan,MI,5.2,-1.8,4255400,1.38,,,2.31,
2015-08-01,27,Minnesota,MN,3.7,-0.4,2864700,1.48,,,2.02,
2015-08-01,28,Mississippi,MS,6.3,-1.2,1135500,1.32,,,0.09,
2015-08-01,29,Missouri,MO,4.9,-1.1,2817700,2.14,,,1.45,
2015-08-01,30,Montana,MT,4.2,-0.4,461800,1.49,,,3.46,
2015-08-01,31,Nebraska,NE,3,-0.1,1009000,1.65,,,3.45,
2015-08-01,32,Nevada,NV,6.7,-1.3,1263000,3.41,,,3.96,
2015-08-01,33,New Hampshire,NH,3.3,-0.9,653900,2.36,,,3.23,
2015-08-01,34,New Jersey,NJ,5.5,-1,4019100,1.19,,,1.88,
2015-08-01,35,New Mexico,NM,6.7,0.2,824800,0.57,,,0.95,
2015-08-01,36,New York,NY,5,-1.1,9316400,1.73,,,1.98,
2015-08-01,37,North Carolina,NC,5.7,-0.4,4259700,2.47,,,3.03,
2015-08-01,38,North Dakota,ND,2.8,0.1,451000,-3.14,,,-2.49,
2015-08-01,39,Ohio,OH,4.8,-0.8,5438500,1.53,,,1.33,
2015-08-01,40,Oklahoma,OK,4.3,0.1,1666800,0.42,,,3.87,
2015-08-01,41,Oregon,OR,5.4,-1.1,1795900,3.74,,,4.99,
2015-08-01,42,Pennsylvania,PA,5.3,-0.5,5845400,0.82,,,2.15,
2015-08-01,44,Rhode Island,RI,5.8,-1.7,489500,1.18,,,1.36,
2015-08-01,45,South Carolina,SC,5.7,-0.8,2017800,3.15,,,3.46,
2015-08-01,46,South Dakota,SD,3,-0.3,428300,0.8,,,2.46,
2015-08-01,47,Tennessee,TN,5.4,-1.1,2911300,2.54,,,3.58,
2015-08-01,48,Texas,TX,4.5,-0.6,11902600,2.27,,,4.78,
2015-08-01,49,Utah,UT,3.5,-0.1,1383700,3.93,,,3.57,
2015-08-01,50,Vermont,VT,3.4,-0.5,311900,0.35,,,0.61,
2015-08-01,51,Virginia,VA,4.2,-0.8,3878200,2.36,,,2.05,
2015-08-01,53,Washington,WA,5.4,-0.5,3156800,2.88,,,4.5,
2015-08-01,54,West Virginia,WV,6.6,0.2,718300,-0.43,,,0.2,
2015-08-01,55,Wisconsin,WI,4.3,-0.9,2898100,1.2,,,2.02,
2015-08-01,56,Wyoming,WY,4.3,-0.1,296100,-0.97,,,1.98,
2015-07-01,01,Alabama,AL,6.1,-0.7,1970600,1.38,,,1.4,
2015-07-01,02,Alaska,AK,6.2,-0.6,339400,0.27,,,0.71,
2015-07-01,04,Arizona,AZ,6.1,-0.7,2631900,2.42,,,2.27,
2015-07-01,05,Arkansas,AR,4.9,-0.9,1216000,2.28,,,0.1,
2015-07-01,10,Delaware,DE,4.8,-0.8,447800,2.61,,,3.04,
2015-07-01,11,District of Columbia,DC,6.8,-0.9,765500,2.2,,,1.75,
2015-07-01,12,Florida,FL,5.5,-0.9,8124700,3.63,,,4.45,
2015-07-01,13,Georgia,GA,6,-1.2,4267400,2.73,,,4.37,
2015-07-01,15,Hawaii,HI,3.3,-0.9,639800,1.86,,,3.14,
2015-07-01,16,Idaho,ID,3.9,-0.1,672400,2.8,,,1.51,
2015-07-01,17,Illinois,IL,5.9,-1.1,5981500,1.72,,,1.72,
2015-07-01,18,Indiana,IN,4.6,-1.3,3032900,1.84,,,-0.76,
2015-07-01,19,Iowa,IA,3.7,-0.6,1561100,0.93,,,3.15,
2015-07-01,20,Kansas,KS,4.1,-0.4,1401600,0.62,,,2.92,
2015-07-01,21,Kentucky,KY,5.2,-1.1,1883700,1.23,,,1.37,
2015-07-01,22,Louisiana,LA,6.1,-0.3,1997800,0.48,,,-1.42,
2015-07-01,23,Maine,ME,4.3,-1.2,612000,1.19,,,1.63,
2015-07-01,24,Maryland,MD,5,-0.8,2684000,1.75,,,2.27,
2015-07-01,25,Massachusetts,MA,4.7,-1,3509200,2.21,,,3.66,
2015-07-01,26,Michigan,MI,5.4,-1.8,4251200,1.41,,,2.31,
2015-07-01,27,Minnesota,MN,3.8,-0.3,2863300,1.59,,,2.02,
2015-07-01,28,Mississippi,MS,6.3,-1.3,1133700,1.19,,,0.09,
2015-07-01,29,Missouri,MO,5,-1.1,2818700,2.38,,,1.45,
2015-07-01,30,Montana,MT,4.2,-0.4,461200,1.47,,,3.46,
2015-07-01,31,Nebraska,NE,3,-0.2,1007100,1.58,,,3.45,
2015-07-01,32,Nevada,NV,6.8,-1.3,1258000,3.55,,,3.96,
2015-07-01,33,New Hampshire,NH,3.3,-1,654600,1.52,,,3.23,
2015-07-01,34,New Jersey,NJ,5.7,-0.9,4013400,1.05,,,1.88,
2015-07-01,35,New Mexico,NM,6.7,0.2,824700,0.73,,,0.95,
2015-07-01,36,New York,NY,5.1,-1.1,9309800,1.85,,,1.98,
2015-07-01,37,North Carolina,NC,5.7,-0.4,4252300,2.44,,,3.03,
2015-07-01,38,North Dakota,ND,2.8,0.1,452400,-2.79,,,-2.49,
2015-07-01,39,Ohio,OH,4.8,-0.9,5432400,1.78,,,1.33,
2015-07-01,40,Oklahoma,OK,4.4,0.1,1668600,0.68,,,3.87,
2015-07-01,41,Oregon,OR,5.5,-1.1,1789100,3.56,,,4.99,
2015-07-01,42,Pennsylvania,PA,5.4,-0.5,5836800,0.82,,,2.15,
2015-07-01,44,Rhode Island,RI,5.9,-1.7,490300,1.43,,,1.36,
2015-07-01,45,South Carolina,SC,5.8,-0.6,2011900,3.14,,,3.46,
2015-07-01,46,South Dakota,SD,3,-0.3,428600,0.94,,,2.46,
2015-07-01,47,Tennessee,TN,5.5,-1.1,2905600,2.69,,,3.58,
2015-07-01,48,Texas,TX,4.4,-0.8,11883900,2.33,,,4.78,
2015-07-01,49,Utah,UT,3.5,-0.1,1379800,4.08,,,3.57,
2015-07-01,50,Vermont,VT,3.5,-0.4,311600,0.65,,,0.61,
2015-07-01,51,Virginia,VA,4.3,-0.8,3869600,2.21,,,2.05,
2015-07-01,53,Washington,WA,5.4,-0.5,3148200,2.9,,,4.5,
2015-07-01,54,West Virginia,WV,6.7,0.3,718900,-0.01,,,0.2,
2015-07-01,55,Wisconsin,WI,4.3,-1,2896700,1.51,,,2.02,
2015-07-01,56,Wyoming,WY,4.2,-0.2,295900,-1.43,,,1.98,
2015-06-01,01,Alabama,AL,6.1,-0.8,1969300,1.37,,,1.4,
2015-06-01,02,Alaska,AK,6.2,-0.6,339100,0.5,,,0.71,
2015-06-01,04,Arizona,AZ,6.1,-0.7,2627000,2.34,,,2.27,
2015-06-01,05,Arkansas,AR,5.1,-0.8,1211800,1.96,,,0.1,
2015-06-01,10,Delaware,DE,4.8,-0.9,447000,2.38,,,3.04,
2015-06-01,11,District of Columbia,DC,6.9,-0.9,760900,1.56,,,1.75,
2015-06-01,12,Florida,FL,5.5,-1,8101200,3.58,,,4.45,
2015-06-01,13,Georgia,GA,6.1,-1.2,4263600,3.04,,,4.37,
2015-06-01,15,Hawaii,HI,3.4,-0.9,638200,1.67,,,3.14,
2015-06-01,16,Idaho,ID,4,0,670300,2.6,,,1.51,
2015-06-01,17,Illinois,IL,6,-1.2,5975800,1.66,,,1.72,
2015-06-01,18,Indiana,IN,4.7,-1.3,3038300,1.81,,,-0.76,
2015-06-01,19,Iowa,IA,3.7,-0.6,1562000,0.99,,,3.15,
2015-06-01,20,Kansas,KS,4.2,-0.3,1402300,0.78,,,2.92,
2015-06-01,21,Kentucky,KY,5.2,-1.3,1885700,1.63,,,1.37,
2015-06-01,22,Louisiana,LA,6.2,0,1993800,0.51,,,-1.42,
2015-06-01,23,Maine,ME,4.4,-1.2,611100,0.81,,,1.63,
2015-06-01,24,Maryland,MD,5.1,-0.7,2681300,1.5,,,2.27,
2015-06-01,25,Massachusetts,MA,4.8,-1,3502400,2.22,,,3.66,
2015-06-01,26,Michigan,MI,5.5,-1.9,4242800,1.09,,,2.31,
2015-06-01,27,Minnesota,MN,3.8,-0.4,2858600,1.51,,,2.02,
2015-06-01,28,Mississippi,MS,6.4,-1.3,1132600,1.14,,,0.09,
2015-06-01,29,Missouri,MO,5.2,-1,2812000,2.17,,,1.45,
2015-06-01,30,Montana,MT,4.2,-0.4,460500,1.61,,,3.46,
2015-06-01,31,Nebraska,NE,3,-0.3,1005900,1.48,,,3.45,
2015-06-01,32,Nevada,NV,6.9,-1.3,1255100,3.46,,,3.96,
2015-06-01,33,New Hampshire,NH,3.4,-0.9,654000,1.57,,,3.23,
2015-06-01,34,New Jersey,NJ,5.8,-0.8,4003100,0.89,,,1.88,
2015-06-01,35,New Mexico,NM,6.7,0.1,824100,1.12,,,0.95,
2015-06-01,36,New York,NY,5.3,-1,9292200,1.8,,,1.98,
2015-06-01,37,North Carolina,NC,5.8,-0.4,4243800,2.41,,,3.03,
2015-06-01,38,North Dakota,ND,2.8,0.2,454300,-1.69,,,-2.49,
2015-06-01,39,Ohio,OH,4.9,-0.9,5424600,1.54,,,1.33,
2015-06-01,40,Oklahoma,OK,4.4,0.1,1667000,0.77,,,3.87,
2015-06-01,41,Oregon,OR,5.5,-1.2,1789300,3.68,,,4.99,
2015-06-01,42,Pennsylvania,PA,5.4,-0.6,5840100,0.85,,,2.15,
2015-06-01,44,Rhode Island,RI,6,-1.8,489500,1.41,,,1.36,
2015-06-01,45,South Carolina,SC,6,-0.2,2006500,2.82,,,3.46,
2015-06-01,46,South Dakota,SD,3.1,-0.2,428100,1.16,,,2.46,
2015-06-01,47,Tennessee,TN,5.6,-1,2900000,2.7,,,3.58,
2015-06-01,48,Texas,TX,4.4,-0.8,11864600,2.4,,,4.78,
2015-06-01,49,Utah,UT,3.5,-0.1,1375600,3.87,,,3.57,
2015-06-01,50,Vermont,VT,3.5,-0.4,312800,0.84,,,0.61,
2015-06-01,51,Virginia,VA,4.4,-0.7,3853700,1.66,,,2.05,
2015-06-01,53,Washington,WA,5.4,-0.5,3146000,3.27,,,4.5,
2015-06-01,54,West Virginia,WV,6.7,0.2,720400,0.63,,,0.2,
2015-06-01,55,Wisconsin,WI,4.4,-1,2891300,1.39,,,2.02,
2015-06-01,56,Wyoming,WY,4.1,-0.3,296200,-1.23,,,1.98,
2015-05-01,01,Alabama,AL,6.1,-0.8,1969100,1.53,,,1.4,
2015-05-01,02,Alaska,AK,6.3,-0.6,339900,0.35,,,0.71,
2015-05-01,04,Arizona,AZ,6.2,-0.7,2625000,2.59,,,2.27,
2015-05-01,05,Arkansas,AR,5.2,-0.8,1210000,1.85,,,0.1,
2015-05-01,10,Delaware,DE,4.9,-0.9,446500,2.38,,,3.04,
2015-05-01,11,District of Columbia,DC,7,-0.8,759700,2.15,,,1.75,
2015-05-01,12,Florida,FL,5.6,-1,8075500,3.52,,,4.45,
2015-05-01,13,Georgia,GA,6.2,-1.2,4246200,2.78,,,4.37,
2015-05-01,15,Hawaii,HI,3.5,-0.8,636800,1.4,,,3.14,
2015-05-01,16,Idaho,ID,4,-0.5,669200,2.64,,,1.51,
2015-05-01,17,Illinois,IL,6,-1.4,5972100,1.68,,,1.72,
2015-05-01,18,Indiana,IN,4.8,-1.3,3031100,1.7,,,-0.76,
2015-05-01,19,Iowa,IA,3.7,-0.6,1560500,0.83,,,3.15,
2015-05-01,20,Kansas,KS,4.3,-0.3,1400300,0.61,,,2.92,
2015-05-01,21,Kentucky,KY,5.3,-1.5,1882400,1.54,,,1.37,
2015-05-01,22,Louisiana,LA,6.4,0.4,1994900,0.65,,,-1.42,
2015-05-01,23,Maine,ME,4.5,-1.2,610900,0.84,,,1.63,
2015-05-01,24,Maryland,MD,5.1,-0.7,2680800,1.6,,,2.27,
2015-05-01,25,Massachusetts,MA,4.9,-1,3503300,2.35,,,3.66,
2015-05-01,26,Michigan,MI,5.6,-1.9,4245500,1.57,,,2.31,
2015-05-01,27,Minnesota,MN,3.8,-0.6,2860400,1.79,,,2.02,
2015-05-01,28,Mississippi,MS,6.5,-1.3,1133300,1.31,,,0.09,
2015-05-01,29,Missouri,MO,5.3,-1,2811400,2.13,,,1.45,
2015-05-01,30,Montana,MT,4.2,-0.5,460900,1.86,,,3.46,
2015-05-01,31,Nebraska,NE,3,-0.3,1004000,1.22,,,3.45,
2015-05-01,32,Nevada,NV,7,-1.4,1253700,3.45,,,3.96,
2015-05-01,33,New Hampshire,NH,3.5,-0.9,654200,2.19,,,3.23,
2015-05-01,34,New Jersey,NJ,6,-0.7,4002600,0.8,,,1.88,
2015-05-01,35,New Mexico,NM,6.7,0.1,823500,0.67,,,0.95,
2015-05-01,36,New York,NY,5.4,-1,9279900,1.85,,,1.98,
2015-05-01,37,North Carolina,NC,5.8,-0.4,4237800,2.3,,,3.03,
2015-05-01,38,North Dakota,ND,2.8,0.2,457200,-0.61,,,-2.49,
2015-05-01,39,Ohio,OH,5,-1,5423400,1.71,,,1.33,
2015-05-01,40,Oklahoma,OK,4.3,-0.1,1667100,0.96,,,3.87,
2015-05-01,41,Oregon,OR,5.6,-1.2,1783800,3.72,,,4.99,
2015-05-01,42,Pennsylvania,PA,5.5,-0.6,5834200,0.83,,,2.15,
2015-05-01,44,Rhode Island,RI,6.2,-1.8,490700,1.55,,,1.36,
2015-05-01,45,South Carolina,SC,6.1,0,2000800,2.61,,,3.46,
2015-05-01,46,South Dakota,SD,3.1,-0.3,428000,1.21,,,2.46,
2015-05-01,47,Tennessee,TN,5.7,-1,2894500,2.56,,,3.58,
2015-05-01,48,Texas,TX,4.4,-0.9,11841000,2.48,,,4.78,
2015-05-01,49,Utah,UT,3.5,-0.1,1371000,3.79,,,3.57,
2015-05-01,50,Vermont,VT,3.5,-0.4,313300,1.23,,,0.61,
2015-05-01,51,Virginia,VA,4.5,-0.7,3847700,1.54,,,2.05,
2015-05-01,53,Washington,WA,5.4,-0.6,3132100,3.13,,,4.5,
2015-05-01,54,West Virginia,WV,6.8,0.3,723300,-1.65,,,0.2,
2015-05-01,55,Wisconsin,WI,4.5,-1,2891500,1.58,,,2.02,
2015-05-01,56,Wyoming,WY,4.1,-0.3,297500,-0.37,,,1.98,
2015-04-01,01,Alabama,AL,6.1,-0.9,1962500,1.22,,,1.4,
2015-04-01,02,Alaska,AK,6.3,-0.6,339500,0.18,,,0.71,
2015-04-01,04,Arizona,AZ,6.2,-0.8,2617300,2.22,,,2.27,
2015-04-01,05,Arkansas,AR,5.3,-0.7,1203600,1.5,,,0.1,
2015-04-01,10,Delaware,DE,4.9,-1,442800,1.93,,,3.04,
2015-04-01,11,District of Columbia,DC,7.1,-0.7,756800,1.52,,,1.75,
2015-04-01,12,Florida,FL,5.7,-1,8039400,3.32,,,4.45,
2015-04-01,13,Georgia,GA,6.2,-1.2,4224900,2.56,,,4.37,
2015-04-01,15,Hawaii,HI,3.6,-0.8,635900,1.65,,,3.14,
2015-04-01,16,Idaho,ID,3.9,-0.7,666400,2.15,,,1.51,
2015-04-01,17,Illinois,IL,6,-1.6,5949900,1.47,,,1.72,
2015-04-01,18,Indiana,IN,5,-1.1,3018500,1.57,,,-0.76,
2015-04-01,19,Iowa,IA,3.8,-0.6,1558200,0.94,,,3.15,
2015-04-01,20,Kansas,KS,4.4,-0.3,1395300,0.38,,,2.92,
2015-04-01,21,Kentucky,KY,5.3,-1.7,1872800,1.06,,,1.37,
2015-04-01,22,Louisiana,LA,6.5,0.7,1992600,0.74,,,-1.42,
2015-04-01,23,Maine,ME,4.6,-1.2,608500,0.9,,,1.63,
2015-04-01,24,Maryland,MD,5.2,-0.7,2669200,1.41,,,2.27,
2015-04-01,25,Massachusetts,MA,5,-0.9,3480500,1.82,,,3.66,
2015-04-01,26,Michigan,MI,5.7,-2,4227000,1.7,,,2.31,
2015-04-01,27,Minnesota,MN,3.8,-0.7,2851500,1.94,,,2.02,
2015-04-01,28,Mississippi,MS,6.6,-1.3,1128900,0.97,,,0.09,
2015-04-01,29,Missouri,MO,5.5,-1,2800100,1.83,,,1.45,
2015-04-01,30,Montana,MT,4.2,-0.5,460800,1.83,,,3.46,
2015-04-01,31,Nebraska,NE,3,-0.4,1003400,1.26,,,3.45,
2015-04-01,32,Nevada,NV,7.1,-1.4,1248700,3.35,,,3.96,
2015-04-01,33,New Hampshire,NH,3.6,-0.9,650300,1.25,,,3.23,
2015-04-01,34,New Jersey,NJ,6.1,-0.7,3986900,0.61,,,1.88,
2015-04-01,35,New Mexico,NM,6.7,0.1,822000,0.97,,,0.95,
2015-04-01,36,New York,NY,5.5,-1.1,9232900,1.61,,,1.98,
2015-04-01,37,North Carolina,NC,5.8,-0.5,4218800,2.05,,,3.03,
2015-04-01,38,North Dakota,ND,2.8,0.1,458500,0.22,,,-2.49,
2015-04-01,39,Ohio,OH,5.1,-1,5404000,1.54,,,1.33,
2015-04-01,40,Oklahoma,OK,4.3,-0.2,1666500,0.98,,,3.87,
2015-04-01,41,Oregon,OR,5.6,-1.3,1777300,3.52,,,4.99,
2015-04-01,42,Pennsylvania,PA,5.5,-0.7,5818300,0.72,,,2.15,
2015-04-01,44,Rhode Island,RI,6.3,-1.9,488000,1.31,,,1.36,
2015-04-01,45,South Carolina,SC,6.2,0.2,1991200,2.33,,,3.46,
2015-04-01,46,South Dakota,SD,3.1,-0.3,427400,1.16,,,2.46,
2015-04-01,47,Tennessee,TN,5.8,-0.9,2880600,2.24,,,3.58,
2015-04-01,48,Texas,TX,4.4,-1,11808500,2.51,,,4.78,
2015-04-01,49,Utah,UT,3.5,-0.1,1364800,3.5,,,3.57,
2015-04-01,50,Vermont,VT,3.5,-0.4,312000,1.23,,,0.61,
2015-04-01,51,Virginia,VA,4.6,-0.6,3832500,1.35,,,2.05,
2015-04-01,53,Washington,WA,5.5,-0.5,3122500,2.86,,,4.5,
2015-04-01,54,West Virginia,WV,6.7,0.1,722000,-0.39,,,0.2,
2015-04-01,55,Wisconsin,WI,4.6,-1,2885300,1.66,,,2.02,
2015-04-01,56,Wyoming,WY,4,-0.4,298600,0.54,,,1.98,
2015-03-01,01,Alabama,AL,6.1,-1,1958100,1.27,,,1.4,
2015-03-01,02,Alaska,AK,6.3,-0.6,340800,0.89,,,0.71,
2015-03-01,04,Arizona,AZ,6.3,-0.7,2613800,2.46,,,2.27,
2015-03-01,05,Arkansas,AR,5.4,-0.7,1199300,1.33,,,0.1,
2015-03-01,10,Delaware,DE,5,-0.9,443600,2.35,,,3.04,
2015-03-01,11,District of Columbia,DC,7.2,-0.6,758000,2.02,,,1.75,
2015-03-01,12,Florida,FL,5.8,-1,8023000,3.56,,,4.45,
2015-03-01,13,Georgia,GA,6.3,-1.1,4223800,2.93,,,4.37,
2015-03-01,15,Hawaii,HI,3.7,-0.7,634800,1.49,,,3.14,
2015-03-01,16,Idaho,ID,3.9,-1.1,666100,2.37,,,1.51,
2015-03-01,17,Illinois,IL,6,-1.9,5924700,1.24,,,1.72,
2015-03-01,18,Indiana,IN,5.1,-1.1,3013900,1.68,,,-0.76,
2015-03-01,19,Iowa,IA,3.8,-0.6,1561700,1.4,,,3.15,
2015-03-01,20,Kansas,KS,4.4,-0.3,1398900,0.79,,,2.92,
2015-03-01,21,Kentucky,KY,5.3,-1.9,1869900,1.35,,,1.37,
2015-03-01,22,Louisiana,LA,6.6,1,1994400,0.95,,,-1.42,
2015-03-01,23,Maine,ME,4.7,-1.2,607800,0.65,,,1.63,
2015-03-01,24,Maryland,MD,5.3,-0.6,2657200,1.26,,,2.27,
2015-03-01,25,Massachusetts,MA,5,-1,3474500,1.94,,,3.66,
2015-03-01,26,Michigan,MI,5.8,-2,4222900,1.39,,,2.31,
2015-03-01,27,Minnesota,MN,3.8,-0.8,2843600,1.75,,,2.02,
2015-03-01,28,Mississippi,MS,6.6,-1.4,1124600,0.73,,,0.09,
2015-03-01,29,Missouri,MO,5.5,-1.1,2788700,1.9,,,1.45,
2015-03-01,30,Montana,MT,4.2,-0.6,460900,2.17,,,3.46,
2015-03-01,31,Nebraska,NE,2.9,-0.6,1001900,1.15,,,3.45,
2015-03-01,32,Nevada,NV,7.3,-1.3,1246000,3.59,,,3.96,
2015-03-01,33,New Hampshire,NH,3.7,-0.9,650200,1.42,,,3.23,
2015-03-01,34,New Jersey,NJ,6.2,-0.7,3985600,1.13,,,1.88,
2015-03-01,35,New Mexico,NM,6.6,-0.1,825000,1.59,,,0.95,
2015-03-01,36,New York,NY,5.6,-1.1,9226500,1.84,,,1.98,
2015-03-01,37,North Carolina,NC,5.8,-0.5,4211600,2.36,,,3.03,
2015-03-01,38,North Dakota,ND,2.7,0,462900,1.54,,,-2.49,
2015-03-01,39,Ohio,OH,5.1,-1.1,5390900,1.55,,,1.33,
2015-03-01,40,Oklahoma,OK,4.2,-0.4,1668300,1.29,,,3.87,
2015-03-01,41,Oregon,OR,5.7,-1.3,1768900,3.34,,,4.99,
2015-03-01,42,Pennsylvania,PA,5.6,-0.7,5805000,0.78,,,2.15,
2015-03-01,44,Rhode Island,RI,6.4,-2.1,485600,1.25,,,1.36,
2015-03-01,45,South Carolina,SC,6.3,0.3,1990100,2.64,,,3.46,
2015-03-01,46,South Dakota,SD,3.1,-0.3,427300,1.4,,,2.46,
2015-03-01,47,Tennessee,TN,5.9,-0.8,2865900,1.96,,,3.58,
2015-03-01,48,Texas,TX,4.5,-1,11805300,2.91,,,4.78,
2015-03-01,49,Utah,UT,3.5,-0.2,1364900,3.87,,,3.57,
2015-03-01,50,Vermont,VT,3.6,-0.4,312100,0.91,,,0.61,
2015-03-01,51,Virginia,VA,4.6,-0.6,3808300,1.16,,,2.05,
2015-03-01,53,Washington,WA,5.5,-0.6,3120400,2.79,,,4.5,
2015-03-01,54,West Virginia,WV,6.6,-0.1,721700,-0.1,,,0.2,
2015-03-01,55,Wisconsin,WI,4.6,-1.1,2882400,1.63,,,2.02,
2015-03-01,56,Wyoming,WY,4,-0.4,299100,1.05,,,1.98,
2015-02-01,01,Alabama,AL,6.1,-1,1960600,1.62,,,1.4,
2015-02-01,02,Alaska,AK,6.3,-0.6,340300,0.89,,,0.71,
2015-02-01,04,Arizona,AZ,6.3,-0.8,2610900,2.43,,,2.27,
2015-02-01,05,Arkansas,AR,5.4,-0.9,1205100,1.95,,,0.1,
2015-02-01,10,Delaware,DE,5,-1,443200,2.45,,,3.04,
2015-02-01,11,District of Columbia,DC,7.3,-0.6,758300,2.17,,,1.75,
2015-02-01,12,Florida,FL,5.8,-1,8000900,3.59,,,4.45,
2015-02-01,13,Georgia,GA,6.4,-1,4218100,3.5,,,4.37,
2015-02-01,15,Hawaii,HI,3.7,-0.8,634400,1.54,,,3.14,
2015-02-01,16,Idaho,ID,3.9,-1.4,663400,2.17,,,1.51,
2015-02-01,17,Illinois,IL,6.1,-2,5923300,1.4,,,1.72,
2015-02-01,18,Indiana,IN,5.2,-1.1,3012200,1.86,,,-0.76,
2015-02-01,19,Iowa,IA,3.8,-0.6,1559200,1.33,,,3.15,
2015-02-01,20,Kansas,KS,4.4,-0.4,1400500,1.18,,,2.92,
2015-02-01,21,Kentucky,KY,5.3,-2,1874800,1.87,,,1.37,
2015-02-01,22,Louisiana,LA,6.7,1.1,2001000,1.48,,,-1.42,
2015-02-01,23,Maine,ME,4.8,-1.2,606900,0.55,,,1.63,
2015-02-01,24,Maryland,MD,5.3,-0.6,2661500,1.48,,,2.27,
2015-02-01,25,Massachusetts,MA,5.1,-1,3463400,1.72,,,3.66,
2015-02-01,26,Michigan,MI,5.9,-2.1,4221000,1.39,,,2.31,
2015-02-01,27,Minnesota,MN,3.8,-0.8,2838700,1.54,,,2.02,
2015-02-01,28,Mississippi,MS,6.7,-1.3,1126700,1.09,,,0.09,
2015-02-01,29,Missouri,MO,5.6,-1,2791700,2.01,,,1.45,
2015-02-01,30,Montana,MT,4.3,-0.6,460300,1.77,,,3.46,
2015-02-01,31,Nebraska,NE,2.9,-0.6,1001600,1.04,,,3.45,
2015-02-01,32,Nevada,NV,7.3,-1.5,1243700,3.8,,,3.96,
2015-02-01,33,New Hampshire,NH,3.8,-0.8,647700,1,,,3.23,
2015-02-01,34,New Jersey,NJ,6.3,-0.7,3983200,1.1,,,1.88,
2015-02-01,35,New Mexico,NM,6.5,-0.2,824900,1.5,,,0.95,
2015-02-01,36,New York,NY,5.6,-1.2,9217400,1.9,,,1.98,
2015-02-01,37,North Carolina,NC,5.7,-0.6,4214000,3.08,,,3.03,
2015-02-01,38,North Dakota,ND,2.7,0,464900,2.36,,,-2.49,
2015-02-01,39,Ohio,OH,5.2,-1.2,5390600,1.7,,,1.33,
2015-02-01,40,Oklahoma,OK,4.1,-0.6,1674300,1.77,,,3.87,
2015-02-01,41,Oregon,OR,5.8,-1.3,1766100,3.61,,,4.99,
2015-02-01,42,Pennsylvania,PA,5.6,-0.8,5812600,1.14,,,2.15,
2015-02-01,44,Rhode Island,RI,6.4,-2.3,484400,0.92,,,1.36,
2015-02-01,45,South Carolina,SC,6.4,0.4,1987700,3.21,,,3.46,
2015-02-01,46,South Dakota,SD,3.2,-0.3,426800,1.19,,,2.46,
2015-02-01,47,Tennessee,TN,6,-0.8,2866500,2.36,,,3.58,
2015-02-01,48,Texas,TX,4.5,-1.1,11811600,3.33,,,4.78,
2015-02-01,49,Utah,UT,3.5,-0.2,1360200,3.67,,,3.57,
2015-02-01,50,Vermont,VT,3.6,-0.4,311800,1.07,,,0.61,
2015-02-01,51,Virginia,VA,4.7,-0.6,3815800,1.51,,,2.05,
2015-02-01,53,Washington,WA,5.5,-0.7,3109900,2.68,,,4.5,
2015-02-01,54,West Virginia,WV,6.5,-0.2,724800,0.47,,,0.2,
2015-02-01,55,Wisconsin,WI,4.7,-1.2,2878500,1.57,,,2.02,
2015-02-01,56,Wyoming,WY,4,-0.4,299900,1.39,,,1.98,
2015-01-01,01,Alabama,AL,6.2,-1,1958700,1.44,208950294,208950294,1.4,89.706
2015-01-01,02,Alaska,AK,6.3,-0.6,340600,0.92,53681146,53681146,0.71,103.331
2015-01-01,04,Arizona,AZ,6.4,-0.8,2606300,2.3,308582795,308582795,2.27,97.871
2015-01-01,05,Arkansas,AR,5.5,-0.9,1202400,1.86,121532512,121532512,0.1,88.98
2015-01-01,06,California,CA,,,,,2545979525,2545979525,4.83,110.644
2015-01-01,08,Colorado,CO,,,,,330526147,330526147,4.8,103.084
2015-01-01,09,Connecticut,CT,,,,,268869760,268869760,3.17,107.612
2015-01-01,10,Delaware,DE,5,-1,442900,2.29,76211173,76211173,3.04,97.946
2015-01-01,11,District of Columbia,DC,7.3,-0.7,757700,2.24,129110196,129110196,1.75,113.386
2015-01-01,12,Florida,FL,5.9,-1,7978700,3.59,945929031,945929031,4.45,101.256
2015-01-01,13,Georgia,GA,6.5,-1,4206800,3.05,540108516,540108516,4.37,94.667
2015-01-01,15,Hawaii,HI,3.8,-0.8,634000,1.44,83857638,83857638,3.14,111.515
2015-01-01,16,Idaho,ID,3.9,-1.7,662600,2.38,67790538,67790538,1.51,94.308
2015-01-01,17,Illinois,IL,6.1,-2.2,5917800,1.28,825424943,825424943,1.72,98.932
2015-01-01,18,Indiana,IN,5.4,-1,3014000,2.38,341205184,341205184,-0.76,91.483
2015-01-01,19,Iowa,IA,3.9,-0.6,1558400,1.44,185989189,185989189,3.15,89.632
2015-01-01,20,Kansas,KS,4.3,-0.5,1396600,1.13,158602592,158602592,2.92,92.873
2015-01-01,21,Kentucky,KY,5.4,-2.1,1876900,1.94,199487129,199487129,1.37,90.699
2015-01-01,22,Louisiana,LA,6.7,1.1,2004500,1.76,239584133,239584133,-1.42,92.81
2015-01-01,23,Maine,ME,4.9,-1.2,608100,0.93,60562978,60562978,1.63,95.984
2015-01-01,24,Maryland,MD,5.4,-0.6,2656100,1.29,378745902,378745902,2.27,107.944
2015-01-01,25,Massachusetts,MA,5.2,-1,3470900,2.2,514398745,514398745,3.66,104.948
2015-01-01,26,Michigan,MI,6,-2.1,4221600,1.83,490618679,490618679,2.31,93.725
2015-01-01,27,Minnesota,MN,3.8,-0.9,2833700,1.46,345456250,345456250,2.02,97.713
2015-01-01,28,Mississippi,MS,6.8,-1.3,1125300,0.57,109401724,109401724,0.09,88.233
2015-01-01,29,Missouri,MO,5.6,-1,2785200,2.06,308009904,308009904,1.45,92.296
2015-01-01,30,Montana,MT,4.3,-0.6,458900,1.62,47765609,47765609,3.46,95.01
2015-01-01,31,Nebraska,NE,2.9,-0.6,999300,1.03,119640844,119640844,3.45,91.256
2015-01-01,32,Nevada,NV,7.4,-1.6,1241900,4.06,151055866,151055866,3.96,98.588
2015-01-01,33,New Hampshire,NH,3.8,-1,648700,1.17,79319322,79319322,3.23,103.956
2015-01-01,34,New Jersey,NJ,6.3,-0.9,3979900,0.92,581414922,581414922,1.88,108.99
2015-01-01,35,New Mexico,NM,6.5,-0.3,824800,1.34,93503891,93503891,0.95,95.414
2015-01-01,36,New York,NY,5.7,-1.3,9214200,2.17,1565835160,1565835160,1.98,109.666
2015-01-01,37,North Carolina,NC,5.7,-0.7,4205400,2.52,525229133,525229133,3.03,93.552
2015-01-01,38,North Dakota,ND,2.6,-0.1,467100,3.27,58694473,58694473,-2.49,91.178
2015-01-01,39,Ohio,OH,5.2,-1.4,5386400,1.77,633274797,633274797,1.33,92.269
2015-01-01,40,Oklahoma,OK,4,-0.9,1674800,1.87,193792588,193792588,3.87,91.327
2015-01-01,41,Oregon,OR,5.8,-1.4,1759600,3.11,205581804,205581804,4.99,101.144
2015-01-01,42,Pennsylvania,PA,5.5,-1,5812500,1.03,734145090,734145090,2.15,98.205
2015-01-01,44,Rhode Island,RI,6.5,-2.4,487600,1.97,58387945,58387945,1.36,102.176
2015-01-01,45,South Carolina,SC,6.4,0.2,1982600,2.78,213212377,213212377,3.46,93.289
2015-01-01,46,South Dakota,SD,3.2,-0.3,426100,1,50860751,50860751,2.46,87.89
2015-01-01,47,Tennessee,TN,6.1,-0.8,2867700,2.46,335461078,335461078,3.58,92.777
2015-01-01,48,Texas,TX,4.5,-1.2,11804900,3.52,1634127089,1634127089,4.78,98.223
2015-01-01,49,Utah,UT,3.5,-0.3,1355500,3.58,155431501,155431501,3.57,97.656
2015-01-01,50,Vermont,VT,3.7,-0.4,312400,1.26,32042859,32042859,0.61,100.159
2015-01-01,51,Virginia,VA,4.7,-0.6,3812500,1.29,498943604,498943604,2.05,103.591
2015-01-01,53,Washington,WA,5.6,-0.7,3104000,2.42,476715369,476715369,4.5,104.344
2015-01-01,54,West Virginia,WV,6.4,-0.3,725500,0.43,74261375,74261375,0.2,90.535
2015-01-01,55,Wisconsin,WI,4.7,-1.3,2876000,1.54,315687778,315687778,2.02,93.314
2015-01-01,56,Wyoming,WY,4,-0.5,300300,1.66,40063871,40063871,1.98,96.972
2015-01-01,91,New England,,,,,,1013587488,1013587488,3.14,
2015-01-01,92,Mideast,,,,,,3465391013,3465391013,2.05,
2015-01-01,93,Great Lakes,,,,,,2606191645,2606191645,1.44,
2015-01-01,94,Plains,,,,,,1227189305,1227189305,2.09,
2015-01-01,95,Southeast,,,,,,4011954269,4011954269,2.8,
2015-01-01,96,Southwest,,,,,,2229860392,2229860392,4.2,
2015-01-01,97,Rocky Mountain,,,,,,641499082,641499082,3.87,
2015-01-01,98,Far West,,,,,,3516768389,3516768389,4.65,
2014-12-01,01,Alabama,AL,6.2,-1,1960100,1.4,,,-0.43,
2014-12-01,02,Alaska,AK,6.3,-0.6,339800,0.65,,,-2.42,
2014-12-01,04,Arizona,AZ,6.5,-0.9,2603800,2.21,,,0.96,
2014-12-01,05,Arkansas,AR,5.5,-1.1,1203100,2.29,,,1.31,
2014-12-01,10,Delaware,DE,5.1,-1,442600,2.79,,,7.73,
2014-12-01,11,District of Columbia,DC,7.4,-0.6,754100,0.88,,,2.25,
2014-12-01,12,Florida,FL,6,-1,7962100,3.55,,,2.89,
2014-12-01,13,Georgia,GA,6.6,-1,4209900,3.38,,,3.52,
2014-12-01,15,Hawaii,HI,3.9,-0.7,629600,0.54,,,0.96,
2014-12-01,16,Idaho,ID,3.9,-2.1,660500,2.39,,,3.11,
2014-12-01,17,Illinois,IL,6.2,-2.3,5920900,1.48,,,2.02,
2014-12-01,18,Indiana,IN,5.5,-1,3009300,1.45,,,3.19,
2014-12-01,19,Iowa,IA,4,-0.5,1556100,1.22,,,5.4,
2014-12-01,20,Kansas,KS,4.3,-0.6,1398400,1.23,,,2.26,
2014-12-01,21,Kentucky,KY,5.4,-2.2,1873400,1.7,,,0.05,
2014-12-01,22,Louisiana,LA,6.8,1.1,2007200,2.2,,,2.77,
2014-12-01,23,Maine,ME,5.1,-1.1,608700,0.83,,,0.98,
2014-12-01,24,Maryland,MD,5.4,-0.7,2657900,1.47,,,1.57,
2014-12-01,25,Massachusetts,MA,5.3,-1,3473000,2.51,,,1.9,
2014-12-01,26,Michigan,MI,6.2,-2,4231100,2.03,,,1.43,
2014-12-01,27,Minnesota,MN,3.9,-0.8,2835900,1.44,,,2.68,
2014-12-01,28,Mississippi,MS,6.9,-1.2,1127100,0.98,,,0.24,
2014-12-01,29,Missouri,MO,5.7,-0.9,2774800,1.5,,,0.53,
2014-12-01,30,Montana,MT,4.4,-0.6,455100,0.86,,,2.33,
2014-12-01,31,Nebraska,NE,2.9,-0.6,998700,1.09,,,3.83,
2014-12-01,32,Nevada,NV,7.5,-1.7,1237600,4.13,,,0.52,
2014-12-01,33,New Hampshire,NH,3.9,-1,648100,1.14,,,1.77,
2014-12-01,34,New Jersey,NJ,6.4,-1,3987700,1.08,,,-0.04,
2014-12-01,35,New Mexico,NM,6.4,-0.4,825200,1.66,,,2.79,
2014-12-01,36,New York,NY,5.7,-1.4,9204000,1.93,,,2.23,
2014-12-01,37,North Carolina,NC,5.8,-0.6,4198600,2.36,,,2.48,
2014-12-01,38,North Dakota,ND,2.6,-0.2,468900,4.11,,,10.06,
2014-12-01,39,Ohio,OH,5.2,-1.7,5395600,1.8,,,3.63,
2014-12-01,40,Oklahoma,OK,4,-1,1672700,2.02,,,5.96,
2014-12-01,41,Oregon,OR,6,-1.2,1756700,3.27,,,3.27,
2014-12-01,42,Pennsylvania,PA,5.5,-1.1,5825900,1.35,,,2.06,
2014-12-01,44,Rhode Island,RI,6.7,-2.4,486700,1.97,,,0.99,
2014-12-01,45,South Carolina,SC,6.5,0.2,1983700,2.95,,,2.96,
2014-12-01,46,South Dakota,SD,3.2,-0.3,425900,1.4,,,2.12,
2014-12-01,47,Tennessee,TN,6.2,-0.8,2868800,2.46,,,1.74,
2014-12-01,48,Texas,TX,4.6,-1.2,11792000,3.66,,,3.16,
2014-12-01,49,Utah,UT,3.5,-0.4,1348000,3.07,,,3.48,
2014-12-01,50,Vermont,VT,3.7,-0.4,310400,0.68,,,1.12,
2014-12-01,51,Virginia,VA,4.8,-0.5,3801400,1,,,0.04,
2014-12-01,53,Washington,WA,5.6,-0.7,3100800,2.76,,,3.8,
2014-12-01,54,West Virginia,WV,6.3,-0.4,726500,0.36,,,0.22,
2014-12-01,55,Wisconsin,WI,4.8,-1.4,2875900,1.63,,,2.61,
2014-12-01,56,Wyoming,WY,4.1,-0.4,300100,1.87,,,2.29,
2014-11-01,01,Alabama,AL,6.3,-0.9,1955500,1.37,,,-0.43,
2014-11-01,02,Alaska,AK,6.4,-0.5,339100,0.53,,,-2.42,
2014-11-01,04,Arizona,AZ,6.5,-1,2596000,2.06,,,0.96,
2014-11-01,05,Arkansas,AR,5.5,-1.2,1198800,1.6,,,1.31,
2014-11-01,10,Delaware,DE,5.2,-1,442500,2.48,,,7.73,
2014-11-01,11,District of Columbia,DC,7.5,-0.6,754100,0.88,,,2.25,
2014-11-01,12,Florida,FL,6,-1.1,7936600,3.46,,,2.89,
2014-11-01,13,Georgia,GA,6.7,-1,4193600.0000000005,3.19,,,3.52,
2014-11-01,15,Hawaii,HI,3.9,-0.8,634900,1.76,,,0.96,
2014-11-01,16,Idaho,ID,3.9,-2.5,658700,2.27,,,3.11,
2014-11-01,17,Illinois,IL,6.3,-2.4,5912000,1.55,,,2.02,
2014-11-01,18,Indiana,IN,5.6,-1.1,3004200,1.29,,,3.19,
2014-11-01,19,Iowa,IA,4,-0.5,1552900,1.04,,,5.4,
2014-11-01,20,Kansas,KS,4.3,-0.7,1397100,1.21,,,2.26,
2014-11-01,21,Kentucky,KY,5.6,-2.1,1870200,1.62,,,0.05,
2014-11-01,22,Louisiana,LA,6.8,1,2003800,1.77,,,2.77,
2014-11-01,23,Maine,ME,5.2,-1.1,606900,0.65,,,0.98,
2014-11-01,24,Maryland,MD,5.5,-0.7,2655400,1.22,,,1.57,
2014-11-01,25,Massachusetts,MA,5.4,-1,3468000,2.52,,,1.9,
2014-11-01,26,Michigan,MI,6.4,-2,4212400,1.64,,,1.43,
2014-11-01,27,Minnesota,MN,3.9,-0.9,2830800,1.36,,,2.68,
2014-11-01,28,Mississippi,MS,7.1,-1.1,1126200,0.9,,,0.24,
2014-11-01,29,Missouri,MO,5.7,-0.9,2770400,1.31,,,0.53,
2014-11-01,30,Montana,MT,4.4,-0.7,453500,0.51,,,2.33,
2014-11-01,31,Nebraska,NE,3,-0.5,995700,0.86,,,3.83,
2014-11-01,32,Nevada,NV,7.6,-1.7,1232300,3.79,,,0.52,
2014-11-01,33,New Hampshire,NH,4,-1,647000,1.14,,,1.77,
2014-11-01,34,New Jersey,NJ,6.5,-1.1,3983000,0.85,,,-0.04,
2014-11-01,35,New Mexico,NM,6.4,-0.4,824100,1.69,,,2.79,
2014-11-01,36,New York,NY,5.8,-1.5,9189100,1.82,,,2.23,
2014-11-01,37,North Carolina,NC,5.8,-0.7,4189100.0000000005,2.32,,,2.48,
2014-11-01,38,North Dakota,ND,2.6,-0.2,468700,3.56,,,10.06,
2014-11-01,39,Ohio,OH,5.3,-1.8,5386400,1.68,,,3.63,
2014-11-01,40,Oklahoma,OK,4,-1,1668000,1.45,,,5.96,
2014-11-01,41,Oregon,OR,6.2,-1,1748800,3.03,,,3.27,
2014-11-01,42,Pennsylvania,PA,5.6,-1.1,5817500,1.2,,,2.06,
2014-11-01,44,Rhode Island,RI,6.9,-2.4,485800,1.46,,,0.99,
2014-11-01,45,South Carolina,SC,6.5,0,1978200,2.96,,,2.96,
2014-11-01,46,South Dakota,SD,3.2,-0.3,424900,1.09,,,2.12,
2014-11-01,47,Tennessee,TN,6.3,-0.9,2861400,2.39,,,1.74,
2014-11-01,48,Texas,TX,4.7,-1.3,11756300,3.42,,,3.16,
2014-11-01,49,Utah,UT,3.6,-0.3,1345000,3.12,,,3.48,
2014-11-01,50,Vermont,VT,3.8,-0.4,311100,0.94,,,1.12,
2014-11-01,51,Virginia,VA,4.8,-0.6,3797000,0.75,,,0.04,
2014-11-01,53,Washington,WA,5.7,-0.7,3086800,2.51,,,3.8,
2014-11-01,54,West Virginia,WV,6.3,-0.4,726600,0.23,,,0.22,
2014-11-01,55,Wisconsin,WI,4.9,-1.4,2879200,1.85,,,2.61,
2014-11-01,56,Wyoming,WY,4.2,-0.4,299100,1.84,,,2.29,
2014-10-01,01,Alabama,AL,6.4,-0.8,1954000,1.4,,,-0.43,
2014-10-01,02,Alaska,AK,6.6,-0.3,338700,0.56,,,-2.42,
2014-10-01,04,Arizona,AZ,6.6,-1,2587200,2.04,,,0.96,
2014-10-01,05,Arkansas,AR,5.6,-1.3,1195500,1.36,,,1.31,
2014-10-01,10,Delaware,DE,5.3,-0.9,439400,1.97,,,7.73,
2014-10-01,11,District of Columbia,DC,7.6,-0.6,753300,1.07,,,2.25,
2014-10-01,12,Florida,FL,6.1,-1.1,7907500,3.33,,,2.89,
2014-10-01,13,Georgia,GA,6.8,-1,4180100.0000000005,3,,,3.52,
2014-10-01,15,Hawaii,HI,4,-0.7,631400,1.02,,,0.96,
2014-10-01,16,Idaho,ID,4,-2.9,657300,2.14,,,3.11,
2014-10-01,17,Illinois,IL,6.5,-2.4,5899400,1.4,,,2.02,
2014-10-01,18,Indiana,IN,5.7,-1.2,2992900,1.38,,,3.19,
2014-10-01,19,Iowa,IA,4.1,-0.4,1550500,1.12,,,5.4,
2014-10-01,20,Kansas,KS,4.3,-0.8,1395000,1.2,,,2.26,
2014-10-01,21,Kentucky,KY,5.7,-2.1,1867700,1.62,,,0.05,
2014-10-01,22,Louisiana,LA,6.8,0.8,1998600,1.66,,,2.77,
2014-10-01,23,Maine,ME,5.3,-1.1,608000,0.51,,,0.98,
2014-10-01,24,Maryland,MD,5.5,-0.8,2653000,1.31,,,1.57,
2014-10-01,25,Massachusetts,MA,5.5,-1,3456400,2.25,,,1.9,
2014-10-01,26,Michigan,MI,6.6,-1.9,4204700,1.57,,,1.43,
2014-10-01,27,Minnesota,MN,3.9,-0.9,2825800,1.23,,,2.68,
2014-10-01,28,Mississippi,MS,7.2,-1.1,1123400,0.83,,,0.24,
2014-10-01,29,Missouri,MO,5.8,-0.8,2767500,1.27,,,0.53,
2014-10-01,30,Montana,MT,4.5,-0.7,453600,0.62,,,2.33,
2014-10-01,31,Nebraska,NE,3,-0.6,994900,0.95,,,3.83,
2014-10-01,32,Nevada,NV,7.8,-1.7,1229200,4.01,,,0.52,
2014-10-01,33,New Hampshire,NH,4.1,-1,646700,1.22,,,1.77,
2014-10-01,34,New Jersey,NJ,6.5,-1.3,3976200,0.79,,,-0.04,
2014-10-01,35,New Mexico,NM,6.4,-0.4,823500,1.59,,,2.79,
2014-10-01,36,New York,NY,5.9,-1.6,9173000,1.81,,,2.23,
2014-10-01,37,North Carolina,NC,5.9,-0.7,4179399.9999999995,2.2,,,2.48,
2014-10-01,38,North Dakota,ND,2.7,-0.1,467800,4.09,,,10.06,
2014-10-01,39,Ohio,OH,5.4,-1.8,5374200,1.67,,,3.63,
2014-10-01,40,Oklahoma,OK,4.1,-1,1664100,1.37,,,5.96,
2014-10-01,41,Oregon,OR,6.3,-1,1742500,2.93,,,3.27,
2014-10-01,42,Pennsylvania,PA,5.6,-1.2,5808900,1.1,,,2.06,
2014-10-01,44,Rhode Island,RI,7.1,-2.3,484600,1.27,,,0.99,
2014-10-01,45,South Carolina,SC,6.6,-0.2,1970900,2.69,,,2.96,
2014-10-01,46,South Dakota,SD,3.3,-0.3,425600,1.55,,,2.12,
2014-10-01,47,Tennessee,TN,6.4,-0.9,2848300,2.24,,,1.74,
2014-10-01,48,Texas,TX,4.9,-1.2,11716400,3.36,,,3.16,
2014-10-01,49,Utah,UT,3.6,-0.4,1339900,3.07,,,3.48,
2014-10-01,50,Vermont,VT,3.9,-0.4,310000,0.85,,,1.12,
2014-10-01,51,Virginia,VA,4.9,-0.5,3792600,0.82,,,0.04,
2014-10-01,53,Washington,WA,5.8,-0.7,3078000,2.36,,,3.8,
2014-10-01,54,West Virginia,WV,6.4,-0.3,727200,0.39,,,0.22,
2014-10-01,55,Wisconsin,WI,5,-1.4,2868500,1.65,,,2.61,
2014-10-01,56,Wyoming,WY,4.3,-0.3,300300,2.11,,,2.29,
2014-09-01,01,Alabama,AL,6.6,-0.7,1951300,1.37,,,-0.43,
2014-09-01,02,Alaska,AK,6.7,-0.2,337500,-0.03,,,-2.42,
2014-09-01,04,Arizona,AZ,6.7,-1,2578200,1.82,,,0.96,
2014-09-01,05,Arkansas,AR,5.7,-1.3,1194400,1.37,,,1.31,
2014-09-01,10,Delaware,DE,5.4,-0.9,438500,2.12,,,7.73,
2014-09-01,11,District of Columbia,DC,7.6,-0.8,752900,0.6,,,2.25,
2014-09-01,12,Florida,FL,6.2,-1.1,7890500,3.34,,,2.89,
2014-09-01,13,Georgia,GA,7,-0.9,4174200,3.14,,,3.52,
2014-09-01,15,Hawaii,HI,4.1,-0.6,630600,1.24,,,0.96,
2014-09-01,16,Idaho,ID,4,-3,655000,2.6,,,3.11,
2014-09-01,17,Illinois,IL,6.6,-2.4,5888700,1.27,,,2.02,
2014-09-01,18,Indiana,IN,5.8,-1.3,2985200,1.35,,,3.19,
2014-09-01,19,Iowa,IA,4.2,-0.4,1554100,1.05,,,5.4,
2014-09-01,20,Kansas,KS,4.4,-0.8,1393800,1.15,,,2.26,
2014-09-01,21,Kentucky,KY,5.9,-2,1865500,1.56,,,0.05,
2014-09-01,22,Louisiana,LA,6.7,0.5,1998300,1.78,,,2.77,
2014-09-01,23,Maine,ME,5.3,-1.2,606300,0.35,,,0.98,
2014-09-01,24,Maryland,MD,5.6,-0.8,2650900,1.14,,,1.57,
2014-09-01,25,Massachusetts,MA,5.6,-1,3448800,2.22,,,1.9,
2014-09-01,26,Michigan,MI,6.8,-1.9,4193500,1.48,,,1.43,
2014-09-01,27,Minnesota,MN,4,-0.9,2821900,1.23,,,2.68,
2014-09-01,28,Mississippi,MS,7.4,-1,1121900,0.65,,,0.24,
2014-09-01,29,Missouri,MO,5.9,-0.8,2758300,1.03,,,0.53,
2014-09-01,30,Montana,MT,4.6,-0.6,455600,1.15,,,2.33,
2014-09-01,31,Nebraska,NE,3.1,-0.5,994100,1.05,,,3.83,
2014-09-01,32,Nevada,NV,7.9,-1.7,1226500,4.03,,,0.52,
2014-09-01,33,New Hampshire,NH,4.1,-1,646500,1.62,,,1.77,
2014-09-01,34,New Jersey,NJ,6.5,-1.5,3976400,0.83,,,-0.04,
2014-09-01,35,New Mexico,NM,6.5,-0.3,820200,1.26,,,2.79,
2014-09-01,36,New York,NY,6,-1.7,9162700,1.83,,,2.23,
2014-09-01,37,North Carolina,NC,6,-0.6,4168000,2.11,,,2.48,
2014-09-01,38,North Dakota,ND,2.7,-0.1,466000,3.79,,,10.06,
2014-09-01,39,Ohio,OH,5.5,-1.9,5367100,1.62,,,3.63,
2014-09-01,40,Oklahoma,OK,4.1,-1,1660800,1.13,,,5.96,
2014-09-01,41,Oregon,OR,6.4,-1,1738000,2.76,,,3.27,
2014-09-01,42,Pennsylvania,PA,5.7,-1.2,5804100,1,,,2.06,
2014-09-01,44,Rhode Island,RI,7.3,-2.2,485100,1.61,,,0.99,
2014-09-01,45,South Carolina,SC,6.6,-0.4,1964100,2.61,,,2.96,
2014-09-01,46,South Dakota,SD,3.3,-0.3,425400,1.7,,,2.12,
2014-09-01,47,Tennessee,TN,6.5,-1,2845400,2.5,,,1.74,
2014-09-01,48,Texas,TX,5,-1.2,11672300,3.16,,,3.16,
2014-09-01,49,Utah,UT,3.6,-0.5,1335800,3.17,,,3.48,
2014-09-01,50,Vermont,VT,3.9,-0.5,310100,1.24,,,1.12,
2014-09-01,51,Virginia,VA,4.9,-0.6,3794100,0.75,,,0.04,
2014-09-01,53,Washington,WA,5.8,-0.8,3076800,2.69,,,3.8,
2014-09-01,54,West Virginia,WV,6.4,-0.2,725500,0.18,,,0.22,
2014-09-01,55,Wisconsin,WI,5.1,-1.4,2866100,1.6,,,2.61,
2014-09-01,56,Wyoming,WY,4.4,-0.2,299500,2.01,,,2.29,
2014-08-01,01,Alabama,AL,6.7,-0.6,1947400,1.11,,,-0.43,
2014-08-01,02,Alaska,AK,6.8,-0.2,337900,0.3,,,-2.42,
2014-08-01,04,Arizona,AZ,6.7,-1.1,2572800,1.84,,,0.96,
2014-08-01,05,Arkansas,AR,5.7,-1.4,1190800,1.28,,,1.31,
2014-08-01,10,Delaware,DE,5.5,-0.9,437500,1.86,,,7.73,
2014-08-01,11,District of Columbia,DC,7.7,-0.7,749900,0.77,,,2.25,
2014-08-01,12,Florida,FL,6.3,-1.1,7864100,3.25,,,2.89,
2014-08-01,13,Georgia,GA,7.1,-0.9,4167100.0000000005,3.23,,,3.52,
2014-08-01,15,Hawaii,HI,4.1,-0.5,630800,1.68,,,0.96,
2014-08-01,16,Idaho,ID,4.1,-2.9,655100,2.68,,,3.11,
2014-08-01,17,Illinois,IL,6.8,-2.3,5882700,1.24,,,2.02,
2014-08-01,18,Indiana,IN,5.8,-1.6,2984500,1.36,,,3.19,
2014-08-01,19,Iowa,IA,4.2,-0.5,1549500,0.9,,,5.4,
2014-08-01,20,Kansas,KS,4.4,-0.9,1393500,1.43,,,2.26,
2014-08-01,21,Kentucky,KY,6.1,-1.9,1865300,1.77,,,0.05,
2014-08-01,22,Louisiana,LA,6.6,0.3,1992200,1.72,,,2.77,
2014-08-01,23,Maine,ME,5.4,-1.2,605500,0.6,,,0.98,
2014-08-01,24,Maryland,MD,5.7,-0.8,2646800,1.09,,,1.57,
2014-08-01,25,Massachusetts,MA,5.7,-1,3429400,1.72,,,1.9,
2014-08-01,26,Michigan,MI,7,-1.8,4197300,1.8,,,1.43,
2014-08-01,27,Minnesota,MN,4.1,-0.9,2822900,1.71,,,2.68,
2014-08-01,28,Mississippi,MS,7.5,-1,1120700,0.87,,,0.24,
2014-08-01,29,Missouri,MO,6,-0.7,2758700,1.25,,,0.53,
2014-08-01,30,Montana,MT,4.6,-0.7,455000,1.27,,,2.33,
2014-08-01,31,Nebraska,NE,3.1,-0.6,992600,1.03,,,3.83,
2014-08-01,32,Nevada,NV,8,-1.8,1221400,3.51,,,0.52,
2014-08-01,33,New Hampshire,NH,4.2,-1,638800,0.24,,,1.77,
2014-08-01,34,New Jersey,NJ,6.5,-1.8,3971700,0.71,,,-0.04,
2014-08-01,35,New Mexico,NM,6.5,-0.4,820100,1.32,,,2.79,
2014-08-01,36,New York,NY,6.1,-1.7,9158000,2.16,,,2.23,
2014-08-01,37,North Carolina,NC,6.1,-1.2,4157200,2.23,,,2.48,
2014-08-01,38,North Dakota,ND,2.7,-0.2,465600,4,,,10.06,
2014-08-01,39,Ohio,OH,5.6,-1.9,5356500,1.55,,,3.63,
2014-08-01,40,Oklahoma,OK,4.2,-0.9,1659800,1.25,,,5.96,
2014-08-01,41,Oregon,OR,6.5,-1,1731100,2.83,,,3.27,
2014-08-01,42,Pennsylvania,PA,5.8,-1.2,5798000,0.97,,,2.06,
2014-08-01,44,Rhode Island,RI,7.5,-2.1,483800,1.43,,,0.99,
2014-08-01,45,South Carolina,SC,6.5,-0.7,1956200,2.48,,,2.96,
2014-08-01,46,South Dakota,SD,3.3,-0.4,424900,1.77,,,2.12,
2014-08-01,47,Tennessee,TN,6.5,-1.1,2839300,2.46,,,1.74,
2014-08-01,48,Texas,TX,5.1,-1.2,11637900,3.15,,,3.16,
2014-08-01,49,Utah,UT,3.6,-0.5,1331400,2.91,,,3.48,
2014-08-01,50,Vermont,VT,3.9,-0.5,310800,1.3,,,1.12,
2014-08-01,51,Virginia,VA,5,-0.5,3788900,0.73,,,0.04,
2014-08-01,53,Washington,WA,5.9,-0.8,3068500,2.62,,,3.8,
2014-08-01,54,West Virginia,WV,6.4,-0.2,721400,-0.62,,,0.22,
2014-08-01,55,Wisconsin,WI,5.2,-1.4,2863700,1.83,,,2.61,
2014-08-01,56,Wyoming,WY,4.4,-0.2,299000,1.49,,,2.29,
2014-07-01,01,Alabama,AL,6.8,-0.5,1943800,1,,,-0.43,
2014-07-01,02,Alaska,AK,6.8,-0.1,338500,0.71,,,-2.42,
2014-07-01,04,Arizona,AZ,6.8,-1.1,2569600,1.94,,,0.96,
2014-07-01,05,Arkansas,AR,5.8,-1.3,1188900,1.06,,,1.31,
2014-07-01,10,Delaware,DE,5.6,-0.9,436400,2.15,,,7.73,
2014-07-01,11,District of Columbia,DC,7.7,-0.8,749000,0.88,,,2.25,
2014-07-01,12,Florida,FL,6.4,-1.1,7840200,3.2,,,2.89,
2014-07-01,13,Georgia,GA,7.2,-0.9,4153899.9999999995,3.08,,,3.52,
2014-07-01,15,Hawaii,HI,4.2,-0.4,628100,0.93,,,0.96,
2014-07-01,16,Idaho,ID,4,-3.1,654100,2.77,,,3.11,
2014-07-01,17,Illinois,IL,7,-2.2,5880100,1.36,,,2.02,
2014-07-01,18,Indiana,IN,5.9,-1.6,2978000,1.83,,,3.19,
2014-07-01,19,Iowa,IA,4.3,-0.4,1546700,0.77,,,5.4,
2014-07-01,20,Kansas,KS,4.5,-0.8,1392900,1.51,,,2.26,
2014-07-01,21,Kentucky,KY,6.3,-1.7,1860800,1.81,,,0.05,
2014-07-01,22,Louisiana,LA,6.4,-0.1,1988300,1.7,,,2.77,
2014-07-01,23,Maine,ME,5.5,-1.2,604800,0.4,,,0.98,
2014-07-01,24,Maryland,MD,5.8,-0.8,2637800,0.69,,,1.57,
2014-07-01,25,Massachusetts,MA,5.7,-1,3433400,2.06,,,1.9,
2014-07-01,26,Michigan,MI,7.2,-1.6,4192100.0000000005,2.15,,,1.43,
2014-07-01,27,Minnesota,MN,4.1,-0.9,2818600,2.1,,,2.68,
2014-07-01,28,Mississippi,MS,7.6,-0.9,1120400,0.97,,,0.24,
2014-07-01,29,Missouri,MO,6.1,-0.7,2753100,1.16,,,0.53,
2014-07-01,30,Montana,MT,4.6,-0.7,454500,1.66,,,2.33,
2014-07-01,31,Nebraska,NE,3.2,-0.5,991400,1.1,,,3.83,
2014-07-01,32,Nevada,NV,8.1,-1.8,1214900,3.26,,,0.52,
2014-07-01,33,New Hampshire,NH,4.3,-0.9,644800,1.54,,,1.77,
2014-07-01,34,New Jersey,NJ,6.6,-1.8,3971700,0.94,,,-0.04,
2014-07-01,35,New Mexico,NM,6.5,-0.4,818700,1.3,,,2.79,
2014-07-01,36,New York,NY,6.2,-1.7,9140300,2.04,,,2.23,
2014-07-01,37,North Carolina,NC,6.1,-1.4,4151200,2.34,,,2.48,
2014-07-01,38,North Dakota,ND,2.7,-0.2,465400,4.3,,,10.06,
2014-07-01,39,Ohio,OH,5.7,-1.8,5337500,1.35,,,3.63,
2014-07-01,40,Oklahoma,OK,4.3,-0.8,1657400,1.26,,,5.96,
2014-07-01,41,Oregon,OR,6.6,-1.1,1727600,2.92,,,3.27,
2014-07-01,42,Pennsylvania,PA,5.9,-1.1,5789500,0.87,,,2.06,
2014-07-01,44,Rhode Island,RI,7.6,-2,483400,1.58,,,0.99,
2014-07-01,45,South Carolina,SC,6.4,-1,1950600,2.42,,,2.96,
2014-07-01,46,South Dakota,SD,3.3,-0.4,424600,1.8,,,2.12,
2014-07-01,47,Tennessee,TN,6.6,-1.1,2829500,2.32,,,1.74,
2014-07-01,48,Texas,TX,5.2,-1.1,11613700,3.12,,,3.16,
2014-07-01,49,Utah,UT,3.6,-0.6,1325700,2.54,,,3.48,
2014-07-01,50,Vermont,VT,3.9,-0.6,309600,1.41,,,1.12,
2014-07-01,51,Virginia,VA,5.1,-0.5,3786000,0.76,,,0.04,
2014-07-01,53,Washington,WA,5.9,-0.8,3059600,2.66,,,3.8,
2014-07-01,54,West Virginia,WV,6.4,-0.2,719000,-0.96,,,0.22,
2014-07-01,55,Wisconsin,WI,5.3,-1.4,2853700,1.61,,,2.61,
2014-07-01,56,Wyoming,WY,4.4,-0.2,300200,1.9,,,2.29,
2014-06-01,01,Alabama,AL,6.9,-0.4,1942700,0.92,,,-0.43,
2014-06-01,02,Alaska,AK,6.8,-0.1,337400,0.27,,,-2.42,
2014-06-01,04,Arizona,AZ,6.8,-1.1,2566900,1.98,,,0.96,
2014-06-01,05,Arkansas,AR,5.9,-1.2,1188500,1.18,,,1.31,
2014-06-01,10,Delaware,DE,5.7,-0.9,436600,2.42,,,7.73,
2014-06-01,11,District of Columbia,DC,7.8,-0.7,749200,1.08,,,2.25,
2014-06-01,12,Florida,FL,6.5,-1.1,7821400,3.15,,,2.89,
2014-06-01,13,Georgia,GA,7.3,-0.9,4138000,2.85,,,3.52,
2014-06-01,15,Hawaii,HI,4.3,-0.3,627700,1.19,,,0.96,
2014-06-01,16,Idaho,ID,4,-3.1,653300,2.57,,,3.11,
2014-06-01,17,Illinois,IL,7.2,-2,5878100,1.39,,,2.02,
2014-06-01,18,Indiana,IN,6,-1.7,2984200,1.87,,,3.19,
2014-06-01,19,Iowa,IA,4.3,-0.5,1546700,1.34,,,5.4,
2014-06-01,20,Kansas,KS,4.5,-0.9,1391500,1.59,,,2.26,
2014-06-01,21,Kentucky,KY,6.5,-1.5,1855500,1.6,,,0.05,
2014-06-01,22,Louisiana,LA,6.2,-0.4,1983600,1.4,,,2.77,
2014-06-01,23,Maine,ME,5.6,-1.1,606200,0.7,,,0.98,
2014-06-01,24,Maryland,MD,5.8,-0.9,2641700,0.84,,,1.57,
2014-06-01,25,Massachusetts,MA,5.8,-1,3426200,1.68,,,1.9,
2014-06-01,26,Michigan,MI,7.4,-1.4,4197000,2.16,,,1.43,
2014-06-01,27,Minnesota,MN,4.2,-0.9,2816000,1.59,,,2.68,
2014-06-01,28,Mississippi,MS,7.7,-0.8,1119800,0.8,,,0.24,
2014-06-01,29,Missouri,MO,6.2,-0.6,2752400,1.06,,,0.53,
2014-06-01,30,Montana,MT,4.6,-0.8,453200,1.14,,,2.33,
2014-06-01,31,Nebraska,NE,3.3,-0.5,991200,1.29,,,3.83,
2014-06-01,32,Nevada,NV,8.2,-1.8,1213100,3.15,,,0.52,
2014-06-01,33,New Hampshire,NH,4.3,-0.9,643900,1.35,,,1.77,
2014-06-01,34,New Jersey,NJ,6.6,-2,3967600,0.9,,,-0.04,
2014-06-01,35,New Mexico,NM,6.6,-0.3,815000,0.85,,,2.79,
2014-06-01,36,New York,NY,6.3,-1.6,9127700,2.05,,,2.23,
2014-06-01,37,North Carolina,NC,6.2,-1.7,4143800,2.36,,,2.48,
2014-06-01,38,North Dakota,ND,2.6,-0.3,462100,3.82,,,10.06,
2014-06-01,39,Ohio,OH,5.8,-1.7,5342300,1.44,,,3.63,
2014-06-01,40,Oklahoma,OK,4.3,-0.8,1654200,1.16,,,5.96,
2014-06-01,41,Oregon,OR,6.7,-1.1,1725800,2.96,,,3.27,
2014-06-01,42,Pennsylvania,PA,6,-1.1,5791000,0.99,,,2.06,
2014-06-01,44,Rhode Island,RI,7.8,-1.8,482700,1.32,,,0.99,
2014-06-01,45,South Carolina,SC,6.2,-1.4,1951400,2.68,,,2.96,
2014-06-01,46,South Dakota,SD,3.3,-0.4,423200,1.51,,,2.12,
2014-06-01,47,Tennessee,TN,6.6,-1.2,2823700,2.06,,,1.74,
2014-06-01,48,Texas,TX,5.2,-1.2,11586100,3.16,,,3.16,
2014-06-01,49,Utah,UT,3.6,-0.6,1324300,2.89,,,3.48,
2014-06-01,50,Vermont,VT,3.9,-0.6,310200,1.14,,,1.12,
2014-06-01,51,Virginia,VA,5.1,-0.5,3790600,0.89,,,0.04,
2014-06-01,53,Washington,WA,5.9,-0.8,3046400,2.27,,,3.8,
2014-06-01,54,West Virginia,WV,6.5,-0.1,715900,-1.43,,,0.22,
2014-06-01,55,Wisconsin,WI,5.4,-1.3,2851700,1.56,,,2.61,
2014-06-01,56,Wyoming,WY,4.4,-0.3,299900,1.7,,,2.29,
2014-05-01,01,Alabama,AL,6.9,-0.4,1939400,0.79,,,-0.43,
2014-05-01,02,Alaska,AK,6.9,0,338700,0.95,,,-2.42,
2014-05-01,04,Arizona,AZ,6.9,-1.1,2558800,1.75,,,0.96,
2014-05-01,05,Arkansas,AR,6,-1.2,1188000,0.95,,,1.31,
2014-05-01,10,Delaware,DE,5.8,-0.9,436100,2.42,,,7.73,
2014-05-01,11,District of Columbia,DC,7.8,-0.7,743700,0.09,,,2.25,
2014-05-01,12,Florida,FL,6.6,-1,7800800,3.24,,,2.89,
2014-05-01,13,Georgia,GA,7.4,-0.9,4131200,2.86,,,3.52,
2014-05-01,15,Hawaii,HI,4.3,-0.4,628000,1.27,,,0.96,
2014-05-01,16,Idaho,ID,4.5,-2.5,652000,2.39,,,3.11,
2014-05-01,17,Illinois,IL,7.4,-1.8,5873500,1.47,,,2.02,
2014-05-01,18,Indiana,IN,6.1,-1.7,2980500,2.08,,,3.19,
2014-05-01,19,Iowa,IA,4.3,-0.5,1547700,1.55,,,5.4,
2014-05-01,20,Kansas,KS,4.6,-0.8,1391800,1.74,,,2.26,
2014-05-01,21,Kentucky,KY,6.8,-1.2,1853800,1.58,,,0.05,
2014-05-01,22,Louisiana,LA,6,-0.6,1982000,1.51,,,2.77,
2014-05-01,23,Maine,ME,5.7,-1.1,605800,0.53,,,0.98,
2014-05-01,24,Maryland,MD,5.8,-0.9,2638500,0.91,,,1.57,
2014-05-01,25,Massachusetts,MA,5.9,-0.9,3422800,1.79,,,1.9,
2014-05-01,26,Michigan,MI,7.5,-1.3,4179800,1.77,,,1.43,
2014-05-01,27,Minnesota,MN,4.4,-0.7,2810000,1.5,,,2.68,
2014-05-01,28,Mississippi,MS,7.8,-0.8,1118700,0.92,,,0.24,
2014-05-01,29,Missouri,MO,6.3,-0.5,2752700,1.2,,,0.53,
2014-05-01,30,Montana,MT,4.7,-0.7,452500,0.89,,,2.33,
2014-05-01,31,Nebraska,NE,3.3,-0.5,991900,1.4,,,3.83,
2014-05-01,32,Nevada,NV,8.4,-1.8,1211900,3.63,,,0.52,
2014-05-01,33,New Hampshire,NH,4.4,-0.9,640200,0.61,,,1.77,
2014-05-01,34,New Jersey,NJ,6.7,-2,3970700,1.2,,,-0.04,
2014-05-01,35,New Mexico,NM,6.6,-0.3,818000,0.7,,,2.79,
2014-05-01,36,New York,NY,6.4,-1.6,9111600,1.96,,,2.23,
2014-05-01,37,North Carolina,NC,6.2,-2,4142600.0000000005,2.27,,,2.48,
2014-05-01,38,North Dakota,ND,2.6,-0.3,460000,3.74,,,10.06,
2014-05-01,39,Ohio,OH,6,-1.5,5332100,1.29,,,3.63,
2014-05-01,40,Oklahoma,OK,4.4,-0.7,1651200,1.05,,,5.96,
2014-05-01,41,Oregon,OR,6.8,-1.1,1719900,2.76,,,3.27,
2014-05-01,42,Pennsylvania,PA,6.1,-1,5785900,0.83,,,2.06,
2014-05-01,44,Rhode Island,RI,8,-1.6,483200,1.92,,,0.99,
2014-05-01,45,South Carolina,SC,6.1,-1.6,1949900,2.9,,,2.96,
2014-05-01,46,South Dakota,SD,3.4,-0.4,422900,1.37,,,2.12,
2014-05-01,47,Tennessee,TN,6.7,-1.1,2822200,2.12,,,1.74,
2014-05-01,48,Texas,TX,5.3,-1.2,11555000,3.18,,,3.16,
2014-05-01,49,Utah,UT,3.6,-0.7,1321000,2.67,,,3.48,
2014-05-01,50,Vermont,VT,3.9,-0.6,309500,1.11,,,1.12,
2014-05-01,51,Virginia,VA,5.2,-0.4,3789300,0.88,,,0.04,
2014-05-01,53,Washington,WA,6,-0.7,3036900,2.04,,,3.8,
2014-05-01,54,West Virginia,WV,6.5,-0.1,735400,1.06,,,0.22,
2014-05-01,55,Wisconsin,WI,5.5,-1.3,2846600,1.5,,,2.61,
2014-05-01,56,Wyoming,WY,4.4,-0.3,298600,1.53,,,2.29,
2014-04-01,01,Alabama,AL,7,-0.4,1938900,0.88,,,-0.43,
2014-04-01,02,Alaska,AK,6.9,0,338900,0.56,,,-2.42,
2014-04-01,04,Arizona,AZ,7,-1,2560500,2.02,,,0.96,
2014-04-01,05,Arkansas,AR,6,-1.2,1185800,0.61,,,1.31,
2014-04-01,10,Delaware,DE,5.9,-0.9,434400,2.21,,,7.73,
2014-04-01,11,District of Columbia,DC,7.8,-0.8,745500,0.24,,,2.25,
2014-04-01,12,Florida,FL,6.7,-1,7781400,3.17,,,2.89,
2014-04-01,13,Georgia,GA,7.4,-1,4119500,2.59,,,3.52,
2014-04-01,15,Hawaii,HI,4.4,-0.3,625600,1.43,,,0.96,
2014-04-01,16,Idaho,ID,4.6,-2.4,652400,2.84,,,3.11,
2014-04-01,17,Illinois,IL,7.6,-1.7,5863800,1.44,,,2.02,
2014-04-01,18,Indiana,IN,6.1,-1.9,2971700,1.5,,,3.19,
2014-04-01,19,Iowa,IA,4.4,-0.5,1543700,1.8,,,5.4,
2014-04-01,20,Kansas,KS,4.7,-0.8,1390000,1.45,,,2.26,
2014-04-01,21,Kentucky,KY,7,-1,1853200,1.61,,,0.05,
2014-04-01,22,Louisiana,LA,5.8,-0.9,1977900,1.24,,,2.77,
2014-04-01,23,Maine,ME,5.8,-1.1,603100,0.38,,,0.98,
2014-04-01,24,Maryland,MD,5.9,-0.9,2632200,0.66,,,1.57,
2014-04-01,25,Massachusetts,MA,5.9,-0.9,3418200,1.8,,,1.9,
2014-04-01,26,Michigan,MI,7.7,-1.2,4156399.9999999995,1.67,,,1.43,
2014-04-01,27,Minnesota,MN,4.5,-0.7,2797200,1.59,,,2.68,
2014-04-01,28,Mississippi,MS,7.9,-0.8,1118100,0.85,,,0.24,
2014-04-01,29,Missouri,MO,6.5,-0.3,2749900,1.21,,,0.53,
2014-04-01,30,Montana,MT,4.7,-0.7,452500,0.91,,,2.33,
2014-04-01,31,Nebraska,NE,3.4,-0.4,990900,1.64,,,3.83,
2014-04-01,32,Nevada,NV,8.5,-1.8,1208200,3.44,,,0.52,
2014-04-01,33,New Hampshire,NH,4.5,-0.9,642300,1.15,,,1.77,
2014-04-01,34,New Jersey,NJ,6.8,-2.1,3962600,1.12,,,-0.04,
2014-04-01,35,New Mexico,NM,6.6,-0.4,814100,0.38,,,2.79,
2014-04-01,36,New York,NY,6.6,-1.4,9086900,1.68,,,2.23,
2014-04-01,37,North Carolina,NC,6.3,-2.2,4133899.9999999995,2.09,,,2.48,
2014-04-01,38,North Dakota,ND,2.7,-0.2,457500,4.29,,,10.06,
2014-04-01,39,Ohio,OH,6.1,-1.4,5322200,1.31,,,3.63,
2014-04-01,40,Oklahoma,OK,4.5,-0.7,1650400,1.22,,,5.96,
2014-04-01,41,Oregon,OR,6.9,-1.2,1716800,2.75,,,3.27,
2014-04-01,42,Pennsylvania,PA,6.2,-1,5776700,0.75,,,2.06,
2014-04-01,44,Rhode Island,RI,8.2,-1.3,481700,1.75,,,0.99,
2014-04-01,45,South Carolina,SC,6,-1.9,1945800,2.86,,,2.96,
2014-04-01,46,South Dakota,SD,3.4,-0.4,422500,2,,,2.12,
2014-04-01,47,Tennessee,TN,6.7,-1.2,2817600,2.09,,,1.74,
2014-04-01,48,Texas,TX,5.4,-1.1,11519900,3.01,,,3.16,
2014-04-01,49,Utah,UT,3.6,-0.7,1318700,2.63,,,3.48,
2014-04-01,50,Vermont,VT,3.9,-0.6,308200,0.23,,,1.12,
2014-04-01,51,Virginia,VA,5.2,-0.4,3781400,0.52,,,0.04,
2014-04-01,53,Washington,WA,6,-0.7,3035600,2.24,,,3.8,
2014-04-01,54,West Virginia,WV,6.6,-0.1,724800,-0.28,,,0.22,
2014-04-01,55,Wisconsin,WI,5.6,-1.3,2838300,1.67,,,2.61,
2014-04-01,56,Wyoming,WY,4.4,-0.4,297000,1.12,,,2.29,
2014-03-01,01,Alabama,AL,7.1,-0.4,1933600,0.65,,,-0.43,
2014-03-01,02,Alaska,AK,6.9,0,337800,0.27,,,-2.42,
2014-03-01,04,Arizona,AZ,7,-1.1,2551100,1.95,,,0.96,
2014-03-01,05,Arkansas,AR,6.1,-1.1,1183600,0.39,,,1.31,
2014-03-01,10,Delaware,DE,5.9,-0.9,433400,2.05,,,7.73,
2014-03-01,11,District of Columbia,DC,7.8,-0.8,743000,0.47,,,2.25,
2014-03-01,12,Florida,FL,6.8,-1.1,7747500,2.92,,,2.89,
2014-03-01,13,Georgia,GA,7.4,-1.1,4103700,2.37,,,3.52,
2014-03-01,15,Hawaii,HI,4.4,-0.4,625500,1.3,,,0.96,
2014-03-01,16,Idaho,ID,5,-2,650700,2.63,,,3.11,
2014-03-01,17,Illinois,IL,7.9,-1.4,5852000,1.03,,,2.02,
2014-03-01,18,Indiana,IN,6.2,-1.9,2964200,1.18,,,3.19,
2014-03-01,19,Iowa,IA,4.4,-0.5,1540100,1.38,,,5.4,
2014-03-01,20,Kansas,KS,4.7,-0.8,1387900,1.6,,,2.26,
2014-03-01,21,Kentucky,KY,7.2,-0.8,1845000,1.08,,,0.05,
2014-03-01,22,Louisiana,LA,5.6,-1.2,1975600,1.3,,,2.77,
2014-03-01,23,Maine,ME,5.9,-1.1,603900,0.62,,,0.98,
2014-03-01,24,Maryland,MD,5.9,-0.9,2624200,0.26,,,1.57,
2014-03-01,25,Massachusetts,MA,6,-0.8,3408300,1.66,,,1.9,
2014-03-01,26,Michigan,MI,7.8,-1.1,4165100.0000000005,1.54,,,1.43,
2014-03-01,27,Minnesota,MN,4.6,-0.6,2794800,0.91,,,2.68,
2014-03-01,28,Mississippi,MS,8,-0.7,1116500,0.59,,,0.24,
2014-03-01,29,Missouri,MO,6.6,-0.3,2736700,0.73,,,0.53,
2014-03-01,30,Montana,MT,4.8,-0.6,451100,0.8,,,2.33,
2014-03-01,31,Nebraska,NE,3.5,-0.3,990500,1.61,,,3.83,
2014-03-01,32,Nevada,NV,8.6,-1.9,1202800,3.35,,,0.52,
2014-03-01,33,New Hampshire,NH,4.6,-0.9,641100,1.09,,,1.77,
2014-03-01,34,New Jersey,NJ,6.9,-2.1,3941000,0.2,,,-0.04,
2014-03-01,35,New Mexico,NM,6.7,-0.3,812100,0.45,,,2.79,
2014-03-01,36,New York,NY,6.7,-1.4,9060200,1.67,,,2.23,
2014-03-01,37,North Carolina,NC,6.3,-2.6,4114300,1.7,,,2.48,
2014-03-01,38,North Dakota,ND,2.7,-0.3,455900,3.26,,,10.06,
2014-03-01,39,Ohio,OH,6.2,-1.3,5308800,1.26,,,3.63,
2014-03-01,40,Oklahoma,OK,4.6,-0.6,1647000,1.07,,,5.96,
2014-03-01,41,Oregon,OR,7,-1.2,1711700,2.77,,,3.27,
2014-03-01,42,Pennsylvania,PA,6.3,-1,5760100,0.26,,,2.06,
2014-03-01,44,Rhode Island,RI,8.5,-1,479600,1.07,,,0.99,
2014-03-01,45,South Carolina,SC,6,-2.1,1938900,2.72,,,2.96,
2014-03-01,46,South Dakota,SD,3.4,-0.4,421400,1.18,,,2.12,
2014-03-01,47,Tennessee,TN,6.7,-1.2,2810700,2.11,,,1.74,
2014-03-01,48,Texas,TX,5.5,-1.1,11471800,2.71,,,3.16,
2014-03-01,49,Utah,UT,3.7,-0.7,1314000,2.64,,,3.48,
2014-03-01,50,Vermont,VT,4,-0.5,309300,0.78,,,1.12,
2014-03-01,51,Virginia,VA,5.2,-0.4,3764700,-0.14,,,0.04,
2014-03-01,53,Washington,WA,6.1,-0.5,3035600,2.43,,,3.8,
2014-03-01,54,West Virginia,WV,6.7,-0.1,722400,-0.74,,,0.22,
2014-03-01,55,Wisconsin,WI,5.7,-1.3,2836300,1.13,,,2.61,
2014-03-01,56,Wyoming,WY,4.4,-0.5,296000,0.89,,,2.29,
2014-02-01,01,Alabama,AL,7.1,-0.5,1929300,0.56,,,-0.43,
2014-02-01,02,Alaska,AK,6.9,-0.1,337300,0.12,,,-2.42,
2014-02-01,04,Arizona,AZ,7.1,-1,2548900,2.05,,,0.96,
2014-02-01,05,Arkansas,AR,6.3,-0.9,1182100,0.18,,,1.31,
2014-02-01,10,Delaware,DE,6,-0.9,432600,2.17,,,7.73,
2014-02-01,11,District of Columbia,DC,7.9,-0.7,742200,0.42,,,2.25,
2014-02-01,12,Florida,FL,6.8,-1.1,7723400,2.81,,,2.89,
2014-02-01,13,Georgia,GA,7.4,-1.1,4075300,1.7,,,3.52,
2014-02-01,15,Hawaii,HI,4.5,-0.4,624800,1.23,,,0.96,
2014-02-01,16,Idaho,ID,5.3,-1.8,649300,2.66,,,3.11,
2014-02-01,17,Illinois,IL,8.1,-1.2,5841400,0.8,,,2.02,
2014-02-01,18,Indiana,IN,6.3,-1.9,2957300,0.91,,,3.19,
2014-02-01,19,Iowa,IA,4.4,-0.5,1538700,1.26,,,5.4,
2014-02-01,20,Kansas,KS,4.8,-0.8,1384100,1.3,,,2.26,
2014-02-01,21,Kentucky,KY,7.3,-0.7,1840400,1.01,,,0.05,
2014-02-01,22,Louisiana,LA,5.6,-1.1,1971900,1.19,,,2.77,
2014-02-01,23,Maine,ME,6,-1,603600,0.67,,,0.98,
2014-02-01,24,Maryland,MD,5.9,-1,2622800,0.29,,,1.57,
2014-02-01,25,Massachusetts,MA,6.1,-0.7,3404700,1.81,,,1.9,
2014-02-01,26,Michigan,MI,8,-1,4163000,1.64,,,1.43,
2014-02-01,27,Minnesota,MN,4.6,-0.7,2795700,1.07,,,2.68,
2014-02-01,28,Mississippi,MS,8,-0.7,1114500,0.5,,,0.24,
2014-02-01,29,Missouri,MO,6.6,-0.3,2736700,0.67,,,0.53,
2014-02-01,30,Montana,MT,4.9,-0.5,452300,1.25,,,2.33,
2014-02-01,31,Nebraska,NE,3.5,-0.4,991300,1.64,,,3.83,
2014-02-01,32,Nevada,NV,8.8,-1.8,1198200,3.26,,,0.52,
2014-02-01,33,New Hampshire,NH,4.6,-0.9,641300,0.94,,,1.77,
2014-02-01,34,New Jersey,NJ,7,-2.1,3939800,0.31,,,-0.04,
2014-02-01,35,New Mexico,NM,6.7,-0.3,812700,0.41,,,2.79,
2014-02-01,36,New York,NY,6.8,-1.4,9045200,1.71,,,2.23,
2014-02-01,37,North Carolina,NC,6.3,-2.9,4088200,1.25,,,2.48,
2014-02-01,38,North Dakota,ND,2.7,-0.3,454200,3.23,,,10.06,
2014-02-01,39,Ohio,OH,6.4,-1.1,5300700,1.12,,,3.63,
2014-02-01,40,Oklahoma,OK,4.7,-0.5,1645100,1.12,,,5.96,
2014-02-01,41,Oregon,OR,7.1,-1.2,1704600,2.49,,,3.27,
2014-02-01,42,Pennsylvania,PA,6.4,-1,5747000,0.1,,,2.06,
2014-02-01,44,Rhode Island,RI,8.7,-0.8,480000,1.63,,,0.99,
2014-02-01,45,South Carolina,SC,6,-2.2,1925900,2.09,,,2.96,
2014-02-01,46,South Dakota,SD,3.5,-0.3,421800,1.27,,,2.12,
2014-02-01,47,Tennessee,TN,6.8,-1.1,2800400,1.76,,,1.74,
2014-02-01,48,Texas,TX,5.6,-1,11431400,2.63,,,3.16,
2014-02-01,49,Utah,UT,3.7,-0.7,1312000,2.72,,,3.48,
2014-02-01,50,Vermont,VT,4,-0.5,308500,0.82,,,1.12,
2014-02-01,51,Virginia,VA,5.3,-0.3,3759100,-0.28,,,0.04,
2014-02-01,53,Washington,WA,6.2,-0.4,3028700,2.24,,,3.8,
2014-02-01,54,West Virginia,WV,6.7,-0.2,721400,-0.95,,,0.22,
2014-02-01,55,Wisconsin,WI,5.9,-1.1,2834100,1.1,,,2.61,
2014-02-01,56,Wyoming,WY,4.4,-0.6,295800,0.99,,,2.29,
2014-01-01,01,Alabama,AL,7.2,-0.5,1930900,0.88,206070026,206070026,-0.43,90.137
2014-01-01,02,Alaska,AK,6.9,-0.1,337500,0.81,53303253,53303253,-2.42,102.412
2014-01-01,04,Arizona,AZ,7.2,-0.9,2547600,2.24,301721179,301721179,0.96,97.934
2014-01-01,05,Arkansas,AR,6.4,-0.8,1180500,0.24,121409411,121409411,1.31,89.357
2014-01-01,06,California,CA,,,,,2428675697,2428675697,3.77,109.887
2014-01-01,08,Colorado,CO,,,,,315399050,315399050,4.62,103.076
2014-01-01,09,Connecticut,CT,,,,,260605767,260605767,0.65,107.01
2014-01-01,10,Delaware,DE,6,-0.9,433000,2.68,73961749,73961749,7.73,99.704
2014-01-01,11,District of Columbia,DC,8,-0.6,741100,0.37,126883923,126883923,2.25,114.291
2014-01-01,12,Florida,FL,6.9,-1.1,7702300,2.83,905648485,905648485,2.89,100.856
2014-01-01,13,Georgia,GA,7.5,-1.1,4082100,2.1,517511928,517511928,3.52,94.903
2014-01-01,15,Hawaii,HI,4.6,-0.4,625000,2.85,81304891,81304891,0.96,110.592
2014-01-01,16,Idaho,ID,5.6,-1.6,647200,2.65,66784897,66784897,3.11,93.701
2014-01-01,17,Illinois,IL,8.3,-0.9,5842800,1,811490102,811490102,2.02,99.686
2014-01-01,18,Indiana,IN,6.4,-1.8,2944000,0.87,343827774,343827774,3.19,92.696
2014-01-01,19,Iowa,IA,4.5,-0.4,1536300,1.34,180309935,180309935,5.4,91.07
2014-01-01,20,Kansas,KS,4.8,-0.8,1381000,1.25,154110108,154110108,2.26,93.188
2014-01-01,21,Kentucky,KY,7.5,-0.5,1841100,1.08,196795825,196795825,0.05,91.025
2014-01-01,22,Louisiana,LA,5.6,-1,1969800,1.46,243042891,243042891,2.77,93.373
2014-01-01,23,Maine,ME,6.1,-1,602500,0.53,59589798,59589798,0.98,92.632
2014-01-01,24,Maryland,MD,6,-0.8,2622400,0.38,370343936,370343936,1.57,107.909
2014-01-01,25,Massachusetts,MA,6.2,-0.5,3396300,1.76,496250920,496250920,1.9,104.535
2014-01-01,26,Michigan,MI,8.1,-0.9,4145800,1.47,479534941,479534941,1.43,95.485
2014-01-01,27,Minnesota,MN,4.7,-0.7,2793000,1.27,338623914,338623914,2.68,98.338
2014-01-01,28,Mississippi,MS,8.1,-0.6,1118900,1.25,109299569,109299569,0.24,88.92
2014-01-01,29,Missouri,MO,6.6,-0.3,2729100,0.6,303617847,303617847,0.53,93.373
2014-01-01,30,Montana,MT,4.9,-0.6,451600,1.39,46166675,46166675,2.33,95.172
2014-01-01,31,Nebraska,NE,3.5,-0.4,989100,1.59,115651916,115651916,3.83,91.839
2014-01-01,32,Nevada,NV,9,-1.7,1193400,2.99,145303555,145303555,0.52,99.16
2014-01-01,33,New Hampshire,NH,4.8,-0.8,641200,1.07,76836226,76836226,1.77,102.144
2014-01-01,34,New Jersey,NJ,7.2,-2,3943600,0.55,570696371,570696371,-0.04,109.154
2014-01-01,35,New Mexico,NM,6.8,-0.2,813900,0.62,92621054,92621054,2.79,95.469
2014-01-01,36,New York,NY,7,-1.3,9018200,1.52,1535375930,1535375930,2.23,108.954
2014-01-01,37,North Carolina,NC,6.4,-3.3,4102200,1.8,509782385,509782385,2.48,93.788
2014-01-01,38,North Dakota,ND,2.7,-0.3,452300,3.41,60192970,60192970,10.06,92.576
2014-01-01,39,Ohio,OH,6.6,-0.9,5292900,1.21,624973400,624973400,3.63,93.064
2014-01-01,40,Oklahoma,OK,4.9,-0.3,1644100,1.29,186574444,186574444,5.96,91.779
2014-01-01,41,Oregon,OR,7.2,-1.2,1706500,2.86,195808217,195808217,3.27,99.747
2014-01-01,42,Pennsylvania,PA,6.5,-1,5753400,0.4,718691570,718691570,2.06,97.25
2014-01-01,44,Rhode Island,RI,8.9,-0.7,478200,0.99,57602681,57602681,0.99,100.436
2014-01-01,45,South Carolina,SC,6.2,-2.2,1928900,2.35,206077883,206077883,2.96,93.198
2014-01-01,46,South Dakota,SD,3.5,-0.4,421900,1.44,49640865,49640865,2.12,89.448
2014-01-01,47,Tennessee,TN,6.9,-1,2798800,2.01,323879637,323879637,1.74,92.747
2014-01-01,48,Texas,TX,5.7,-0.8,11403800,2.94,1559636095,1559636095,3.16,98.364
2014-01-01,49,Utah,UT,3.8,-0.7,1308700,2.72,150076296,150076296,3.48,97.934
2014-01-01,50,Vermont,VT,4.1,-0.5,308500,0.85,31847684,31847684,1.12,98.076
2014-01-01,51,Virginia,VA,5.3,-0.3,3763900,-0.01,488918588,488918588,0.04,103.455
2014-01-01,53,Washington,WA,6.3,-0.7,3030700,2.59,456186522,456186522,3.8,103.861
2014-01-01,54,West Virginia,WV,6.7,-0.3,722400,-0.76,74111275,74111275,0.22,89.834
2014-01-01,55,Wisconsin,WI,6,-0.9,2832400,1.64,309425837,309425837,2.61,93.832
2014-01-01,56,Wyoming,WY,4.5,-0.5,295400,0.65,39287223,39287223,2.29,97.424
2014-01-01,91,New England,,,,,,982746180,982746180,1.42,
2014-01-01,92,Mideast,,,,,,3395872868,3395872868,1.84,
2014-01-01,93,Great Lakes,,,,,,2569254665,2569254665,2.52,
2014-01-01,94,Plains,,,,,,1202106677,1202106677,2.93,
2014-01-01,95,Southeast,,,,,,3902765273,3902765273,1.95,
2014-01-01,96,Southwest,,,,,,2140042238,2140042238,3.1,
2014-01-01,97,Rocky Mountain,,,,,,617617804,617617804,3.85,
2014-01-01,98,Far West,,,,,,3360531450,3360531450,3.42,
2013-12-01,01,Alabama,AL,7.2,-0.5,1933100,1.06,,,1.61,
2013-12-01,02,Alaska,AK,6.9,-0.1,337600,0.21,,,-4.31,
2013-12-01,04,Arizona,AZ,7.4,-0.7,2547600,2.37,,,0.6,
2013-12-01,05,Arkansas,AR,6.6,-0.6,1176200,-0.23,,,2.77,
2013-12-01,10,Delaware,DE,6.1,-0.8,430600,2.09,,,-2.7,
2013-12-01,11,District of Columbia,DC,8,-0.6,747500,1.16,,,0.43,
2013-12-01,12,Florida,FL,7,-1.1,7689300,2.86,,,2.6,
2013-12-01,13,Georgia,GA,7.6,-1,4072100,2.23,,,2.22,
2013-12-01,15,Hawaii,HI,4.6,-0.5,626200,1.97,,,2.34,
2013-12-01,16,Idaho,ID,6,-1.2,645100,2.41,,,4.46,
2013-12-01,17,Illinois,IL,8.5,-0.6,5834300,1.01,,,0.6,
2013-12-01,18,Indiana,IN,6.5,-1.7,2966400,1.72,,,2.88,
2013-12-01,19,Iowa,IA,4.5,-0.4,1537400,1.38,,,0.09,
2013-12-01,20,Kansas,KS,4.9,-0.7,1381400,1.36,,,0.42,
2013-12-01,21,Kentucky,KY,7.6,-0.4,1842000,1.38,,,2.41,
2013-12-01,22,Louisiana,LA,5.7,-0.8,1963900,1.35,,,-2.45,
2013-12-01,23,Maine,ME,6.2,-0.9,603700,0.92,,,-0.28,
2013-12-01,24,Maryland,MD,6.1,-0.7,2619300,0.51,,,0.85,
2013-12-01,25,Massachusetts,MA,6.3,-0.4,3388100,1.82,,,0.77,
2013-12-01,26,Michigan,MI,8.2,-0.8,4147100.0000000005,1.88,,,2.05,
2013-12-01,27,Minnesota,MN,4.7,-0.7,2795600,1.67,,,2.72,
2013-12-01,28,Mississippi,MS,8.1,-0.5,1116200,1.01,,,0.36,
2013-12-01,29,Missouri,MO,6.6,-0.3,2733900,0.82,,,1.86,
2013-12-01,30,Montana,MT,5,-0.5,451200,1.6,,,1.77,
2013-12-01,31,Nebraska,NE,3.5,-0.4,987900,1.41,,,1.55,
2013-12-01,32,Nevada,NV,9.2,-1.6,1188500,2.97,,,1.09,
2013-12-01,33,New Hampshire,NH,4.9,-0.7,640800,1.23,,,1.92,
2013-12-01,34,New Jersey,NJ,7.4,-1.9,3944900,1,,,1.82,
2013-12-01,35,New Mexico,NM,6.8,-0.1,811700,0.46,,,-0.73,
2013-12-01,36,New York,NY,7.1,-1.3,9030000,1.77,,,0.37,
2013-12-01,37,North Carolina,NC,6.4,-3.2,4101800,1.94,,,1.91,
2013-12-01,38,North Dakota,ND,2.8,-0.2,450400,3.14,,,2.56,
2013-12-01,39,Ohio,OH,6.9,-0.5,5300200,1.48,,,2.82,
2013-12-01,40,Oklahoma,OK,5,-0.1,1639600,0.61,,,2.37,
2013-12-01,41,Oregon,OR,7.2,-1.3,1701100,2.76,,,1.2,
2013-12-01,42,Pennsylvania,PA,6.6,-1,5748100,0.32,,,2.2,
2013-12-01,44,Rhode Island,RI,9.1,-0.5,477300,1.08,,,0.97,
2013-12-01,45,South Carolina,SC,6.3,-2.1,1926900,2.37,,,2.43,
2013-12-01,46,South Dakota,SD,3.5,-0.4,420000,1.06,,,-0.09,
2013-12-01,47,Tennessee,TN,7,-0.8,2799900,2.09,,,2.12,
2013-12-01,48,Texas,TX,5.8,-0.7,11375600,2.71,,,5.11,
2013-12-01,49,Utah,UT,3.9,-0.6,1307800,3.1,,,3.13,
2013-12-01,50,Vermont,VT,4.1,-0.5,308300,0.85,,,-1.27,
2013-12-01,51,Virginia,VA,5.3,-0.3,3763800,0.07,,,1.18,
2013-12-01,53,Washington,WA,6.3,-0.9,3017600,2.37,,,3.05,
2013-12-01,54,West Virginia,WV,6.7,-0.4,723900,-0.34,,,1.13,
2013-12-01,55,Wisconsin,WI,6.2,-0.7,2829800,1.25,,,0.85,
2013-12-01,56,Wyoming,WY,4.5,-0.6,294600,0.48,,,0.85,
2013-11-01,01,Alabama,AL,7.2,-0.6,1929000,0.83,,,1.61,
2013-11-01,02,Alaska,AK,6.9,-0.1,337300,-0.03,,,-4.31,
2013-11-01,04,Arizona,AZ,7.5,-0.6,2543500,2.42,,,0.6,
2013-11-01,05,Arkansas,AR,6.7,-0.5,1179900,0.4,,,2.77,
2013-11-01,10,Delaware,DE,6.2,-0.7,431800,2.54,,,-2.7,
2013-11-01,11,District of Columbia,DC,8.1,-0.5,747500,1.25,,,0.43,
2013-11-01,12,Florida,FL,7.1,-1.1,7670900,2.75,,,2.6,
2013-11-01,13,Georgia,GA,7.7,-1,4063900,2.06,,,2.22,
2013-11-01,15,Hawaii,HI,4.7,-0.5,623900,1.12,,,2.34,
2013-11-01,16,Idaho,ID,6.4,-0.7,644100,2.3,,,4.46,
2013-11-01,17,Illinois,IL,8.7,-0.3,5821800,0.83,,,0.6,
2013-11-01,18,Indiana,IN,6.7,-1.5,2966000,1.76,,,2.88,
2013-11-01,19,Iowa,IA,4.5,-0.4,1536900,1.47,,,0.09,
2013-11-01,20,Kansas,KS,5,-0.6,1380400,1.4,,,0.42,
2013-11-01,21,Kentucky,KY,7.7,-0.4,1840300,1.33,,,2.41,
2013-11-01,22,Louisiana,LA,5.8,-0.6,1969000,1.71,,,-2.45,
2013-11-01,23,Maine,ME,6.3,-0.8,603000,0.74,,,-0.28,
2013-11-01,24,Maryland,MD,6.2,-0.6,2623500,0.95,,,0.85,
2013-11-01,25,Massachusetts,MA,6.4,-0.3,3382600,1.68,,,0.77,
2013-11-01,26,Michigan,MI,8.4,-0.6,4144300,2.06,,,2.05,
2013-11-01,27,Minnesota,MN,4.8,-0.7,2792700,1.69,,,2.72,
2013-11-01,28,Mississippi,MS,8.2,-0.4,1116100,1.08,,,0.36,
2013-11-01,29,Missouri,MO,6.6,-0.4,2734600,0.94,,,1.86,
2013-11-01,30,Montana,MT,5.1,-0.4,451200,1.87,,,1.77,
2013-11-01,31,Nebraska,NE,3.5,-0.4,987200,1.52,,,1.55,
2013-11-01,32,Nevada,NV,9.3,-1.6,1187300,2.76,,,1.09,
2013-11-01,33,New Hampshire,NH,5,-0.6,639700,0.91,,,1.92,
2013-11-01,34,New Jersey,NJ,7.6,-1.8,3949300,1.64,,,1.82,
2013-11-01,35,New Mexico,NM,6.8,-0.1,810400,0.07,,,-0.73,
2013-11-01,36,New York,NY,7.3,-1.1,9025000,2.22,,,0.37,
2013-11-01,37,North Carolina,NC,6.5,-3,4094000,1.89,,,1.91,
2013-11-01,38,North Dakota,ND,2.8,-0.2,452600,4.43,,,2.56,
2013-11-01,39,Ohio,OH,7.1,-0.2,5297300,1.51,,,2.82,
2013-11-01,40,Oklahoma,OK,5,-0.1,1644100,1.1,,,2.37,
2013-11-01,41,Oregon,OR,7.2,-1.3,1697300,2.67,,,1.2,
2013-11-01,42,Pennsylvania,PA,6.7,-0.9,5748500,0.34,,,2.2,
2013-11-01,44,Rhode Island,RI,9.3,-0.4,478800,1.83,,,0.97,
2013-11-01,45,South Carolina,SC,6.5,-2,1921400,2.17,,,2.43,
2013-11-01,46,South Dakota,SD,3.5,-0.4,420300,1.18,,,-0.09,
2013-11-01,47,Tennessee,TN,7.2,-0.6,2794500,2.09,,,2.12,
2013-11-01,48,Texas,TX,6,-0.5,11367100,2.88,,,5.11,
2013-11-01,49,Utah,UT,3.9,-0.7,1304300,2.9,,,3.13,
2013-11-01,50,Vermont,VT,4.2,-0.4,308200,1.02,,,-1.27,
2013-11-01,51,Virginia,VA,5.4,-0.2,3768600,0.26,,,1.18,
2013-11-01,53,Washington,WA,6.4,-1,3011100,2.22,,,3.05,
2013-11-01,54,West Virginia,WV,6.7,-0.5,724900,-0.07,,,1.13,
2013-11-01,55,Wisconsin,WI,6.3,-0.5,2827000,1.02,,,0.85,
2013-11-01,56,Wyoming,WY,4.6,-0.5,293700,0.34,,,0.85,
2013-10-01,01,Alabama,AL,7.2,-0.6,1927100,0.81,,,1.61,
2013-10-01,02,Alaska,AK,6.9,-0.1,336800,-0.82,,,-4.31,
2013-10-01,04,Arizona,AZ,7.6,-0.5,2535500,2.33,,,0.6,
2013-10-01,05,Arkansas,AR,6.9,-0.3,1179500,0.31,,,2.77,
2013-10-01,10,Delaware,DE,6.2,-0.7,430900,2.57,,,-2.7,
2013-10-01,11,District of Columbia,DC,8.2,-0.4,745300,0.95,,,0.43,
2013-10-01,12,Florida,FL,7.2,-1.1,7653000,2.62,,,2.6,
2013-10-01,13,Georgia,GA,7.8,-0.9,4058200,2.15,,,2.22,
2013-10-01,15,Hawaii,HI,4.7,-0.6,625000,2.11,,,2.34,
2013-10-01,16,Idaho,ID,6.9,-0.4,643500,2.57,,,4.46,
2013-10-01,17,Illinois,IL,8.9,-0.1,5818000,0.94,,,0.6,
2013-10-01,18,Indiana,IN,6.9,-1.3,2952100,1.21,,,2.88,
2013-10-01,19,Iowa,IA,4.5,-0.4,1533400,1.33,,,0.09,
2013-10-01,20,Kansas,KS,5.1,-0.4,1378500,1.24,,,0.42,
2013-10-01,21,Kentucky,KY,7.8,-0.3,1837900,1.23,,,2.41,
2013-10-01,22,Louisiana,LA,6,-0.4,1965900,1.75,,,-2.45,
2013-10-01,23,Maine,ME,6.4,-0.7,604900,1.09,,,-0.28,
2013-10-01,24,Maryland,MD,6.3,-0.5,2618600,0.66,,,0.85,
2013-10-01,25,Massachusetts,MA,6.5,-0.2,3380300,1.8,,,0.77,
2013-10-01,26,Michigan,MI,8.5,-0.5,4139899.9999999995,2.18,,,2.05,
2013-10-01,27,Minnesota,MN,4.8,-0.8,2791500,1.86,,,2.72,
2013-10-01,28,Mississippi,MS,8.3,-0.4,1114100,0.98,,,0.36,
2013-10-01,29,Missouri,MO,6.6,-0.4,2732900,1.09,,,1.86,
2013-10-01,30,Montana,MT,5.2,-0.4,450800,1.81,,,1.77,
2013-10-01,31,Nebraska,NE,3.6,-0.3,985500,1.41,,,1.55,
2013-10-01,32,Nevada,NV,9.5,-1.5,1181800,2.51,,,1.09,
2013-10-01,33,New Hampshire,NH,5.1,-0.5,638900,0.9,,,1.92,
2013-10-01,34,New Jersey,NJ,7.8,-1.6,3945200,1.09,,,1.82,
2013-10-01,35,New Mexico,NM,6.8,-0.1,810600,0.05,,,-0.73,
2013-10-01,36,New York,NY,7.5,-1,9010100,1.73,,,0.37,
2013-10-01,37,North Carolina,NC,6.6,-2.9,4089500,2,,,1.91,
2013-10-01,38,North Dakota,ND,2.8,-0.2,449400,3.33,,,2.56,
2013-10-01,39,Ohio,OH,7.2,-0.1,5285900,1.27,,,2.82,
2013-10-01,40,Oklahoma,OK,5.1,0,1641600,1.03,,,2.37,
2013-10-01,41,Oregon,OR,7.3,-1.3,1692900,2.42,,,1.2,
2013-10-01,42,Pennsylvania,PA,6.8,-0.8,5745900,0.3,,,2.2,
2013-10-01,44,Rhode Island,RI,9.4,-0.5,478500,1.77,,,0.97,
2013-10-01,45,South Carolina,SC,6.8,-1.8,1919300,2.41,,,2.43,
2013-10-01,46,South Dakota,SD,3.6,-0.4,419100,1.06,,,-0.09,
2013-10-01,47,Tennessee,TN,7.3,-0.4,2785800,1.85,,,2.12,
2013-10-01,48,Texas,TX,6.1,-0.4,11335200,2.87,,,5.11,
2013-10-01,49,Utah,UT,4,-0.6,1300000,3.08,,,3.13,
2013-10-01,50,Vermont,VT,4.3,-0.4,307400,1.02,,,-1.27,
2013-10-01,51,Virginia,VA,5.4,-0.3,3761600,0.1,,,1.18,
2013-10-01,53,Washington,WA,6.5,-1.2,3007000,2.21,,,3.05,
2013-10-01,54,West Virginia,WV,6.7,-0.6,724400,-0.54,,,1.13,
2013-10-01,55,Wisconsin,WI,6.4,-0.4,2821900,1.18,,,0.85,
2013-10-01,56,Wyoming,WY,4.6,-0.6,294100,0.58,,,0.85,
2013-09-01,01,Alabama,AL,7.3,-0.6,1925000,0.87,,,1.61,
2013-09-01,02,Alaska,AK,6.9,-0.1,337600,0.75,,,-4.31,
2013-09-01,04,Arizona,AZ,7.7,-0.5,2532100,2.26,,,0.6,
2013-09-01,05,Arkansas,AR,7,-0.2,1178200,0.25,,,2.77,
2013-09-01,10,Delaware,DE,6.3,-0.7,429400,2.53,,,-2.7,
2013-09-01,11,District of Columbia,DC,8.4,-0.2,748400,1.81,,,0.43,
2013-09-01,12,Florida,FL,7.3,-1.1,7635500,2.75,,,2.6,
2013-09-01,13,Georgia,GA,7.9,-0.9,4047000,2.23,,,2.22,
2013-09-01,15,Hawaii,HI,4.7,-0.7,622900,2.03,,,2.34,
2013-09-01,16,Idaho,ID,7,-0.3,638400,1.95,,,4.46,
2013-09-01,17,Illinois,IL,9,0.1,5815000,0.85,,,0.6,
2013-09-01,18,Indiana,IN,7.1,-1,2945500,1,,,2.88,
2013-09-01,19,Iowa,IA,4.6,-0.4,1537900,1.65,,,0.09,
2013-09-01,20,Kansas,KS,5.2,-0.4,1378000,1.56,,,0.42,
2013-09-01,21,Kentucky,KY,7.9,-0.2,1836800,1.3,,,2.41,
2013-09-01,22,Louisiana,LA,6.2,-0.2,1963300,1.89,,,-2.45,
2013-09-01,23,Maine,ME,6.5,-0.7,604200,0.95,,,-0.28,
2013-09-01,24,Maryland,MD,6.4,-0.4,2621000,0.8,,,0.85,
2013-09-01,25,Massachusetts,MA,6.6,-0.1,3374000,1.57,,,0.77,
2013-09-01,26,Michigan,MI,8.7,-0.3,4132300,2.04,,,2.05,
2013-09-01,27,Minnesota,MN,4.9,-0.7,2787600,1.77,,,2.72,
2013-09-01,28,Mississippi,MS,8.4,-0.3,1114600,1.02,,,0.36,
2013-09-01,29,Missouri,MO,6.7,-0.3,2730300,1.09,,,1.86,
2013-09-01,30,Montana,MT,5.2,-0.5,450400,1.62,,,1.77,
2013-09-01,31,Nebraska,NE,3.6,-0.3,983800,1.38,,,1.55,
2013-09-01,32,Nevada,NV,9.6,-1.6,1179000,2.51,,,1.09,
2013-09-01,33,New Hampshire,NH,5.1,-0.5,636200,0.2,,,1.92,
2013-09-01,34,New Jersey,NJ,8,-1.5,3943700,1.15,,,1.82,
2013-09-01,35,New Mexico,NM,6.8,-0.1,810000,0.86,,,-0.73,
2013-09-01,36,New York,NY,7.7,-0.9,8998100,1.76,,,0.37,
2013-09-01,37,North Carolina,NC,6.6,-2.9,4081700,2,,,1.91,
2013-09-01,38,North Dakota,ND,2.8,-0.2,449000,3.38,,,2.56,
2013-09-01,39,Ohio,OH,7.4,0.2,5281300,1.42,,,2.82,
2013-09-01,40,Oklahoma,OK,5.1,0.1,1642300,1.58,,,2.37,
2013-09-01,41,Oregon,OR,7.4,-1.2,1691300,2.58,,,1.2,
2013-09-01,42,Pennsylvania,PA,6.9,-0.7,5746600,0.3,,,2.2,
2013-09-01,44,Rhode Island,RI,9.5,-0.5,477400,1.21,,,0.97,
2013-09-01,45,South Carolina,SC,7,-1.7,1914100,2.3,,,2.43,
2013-09-01,46,South Dakota,SD,3.6,-0.4,418300,0.87,,,-0.09,
2013-09-01,47,Tennessee,TN,7.5,-0.3,2775900,1.66,,,2.12,
2013-09-01,48,Texas,TX,6.2,-0.3,11315200,2.97,,,5.11,
2013-09-01,49,Utah,UT,4.1,-0.6,1294800,2.86,,,3.13,
2013-09-01,50,Vermont,VT,4.4,-0.4,306300,0.26,,,-1.27,
2013-09-01,51,Virginia,VA,5.5,-0.2,3765800,0.52,,,1.18,
2013-09-01,53,Washington,WA,6.6,-1.4,2996300,2.29,,,3.05,
2013-09-01,54,West Virginia,WV,6.6,-0.7,724200,-0.64,,,1.13,
2013-09-01,55,Wisconsin,WI,6.5,-0.3,2820900,1.29,,,0.85,
2013-09-01,56,Wyoming,WY,4.6,-0.7,293600,0.41,,,0.85,
2013-08-01,01,Alabama,AL,7.3,-0.8,1926000,1.03,,,1.61,
2013-08-01,02,Alaska,AK,7,-0.1,336900,0.75,,,-4.31,
2013-08-01,04,Arizona,AZ,7.8,-0.5,2526300,2.35,,,0.6,
2013-08-01,05,Arkansas,AR,7.1,-0.1,1175800,-0.07,,,2.77,
2013-08-01,10,Delaware,DE,6.4,-0.6,429500,2.53,,,-2.7,
2013-08-01,11,District of Columbia,DC,8.4,-0.3,744200,1.74,,,0.43,
2013-08-01,12,Florida,FL,7.4,-1.1,7616900,2.76,,,2.6,
2013-08-01,13,Georgia,GA,8,-0.9,4036600,2.07,,,2.22,
2013-08-01,15,Hawaii,HI,4.6,-1,620400,0.93,,,2.34,
2013-08-01,16,Idaho,ID,7,-0.5,638000,2.44,,,4.46,
2013-08-01,17,Illinois,IL,9.1,0.1,5810800,0.99,,,0.6,
2013-08-01,18,Indiana,IN,7.4,-0.8,2944600,1.43,,,2.88,
2013-08-01,19,Iowa,IA,4.7,-0.3,1535700,1.66,,,0.09,
2013-08-01,20,Kansas,KS,5.3,-0.3,1373900,1.18,,,0.42,
2013-08-01,21,Kentucky,KY,8,-0.2,1832900,1.33,,,2.41,
2013-08-01,22,Louisiana,LA,6.3,-0.2,1958500,1.7,,,-2.45,
2013-08-01,23,Maine,ME,6.6,-0.6,601900,0.58,,,-0.28,
2013-08-01,24,Maryland,MD,6.5,-0.3,2618300,1,,,0.85,
2013-08-01,25,Massachusetts,MA,6.7,0,3371500,1.72,,,0.77,
2013-08-01,26,Michigan,MI,8.8,-0.2,4122899.9999999995,1.96,,,2.05,
2013-08-01,27,Minnesota,MN,5,-0.7,2775400,1.8,,,2.72,
2013-08-01,28,Mississippi,MS,8.5,-0.3,1111000,0.62,,,0.36,
2013-08-01,29,Missouri,MO,6.7,-0.3,2724600,1.02,,,1.86,
2013-08-01,30,Montana,MT,5.3,-0.5,449300,1.81,,,1.77,
2013-08-01,31,Nebraska,NE,3.7,-0.1,982500,1.33,,,1.55,
2013-08-01,32,Nevada,NV,9.8,-1.5,1180000,2.83,,,1.09,
2013-08-01,33,New Hampshire,NH,5.2,-0.4,637300,0.7,,,1.92,
2013-08-01,34,New Jersey,NJ,8.3,-1.2,3943800,1.34,,,1.82,
2013-08-01,35,New Mexico,NM,6.9,0,809400,1.14,,,-0.73,
2013-08-01,36,New York,NY,7.8,-0.9,8964100,1.64,,,0.37,
2013-08-01,37,North Carolina,NC,7.3,-2.3,4066600,1.85,,,1.91,
2013-08-01,38,North Dakota,ND,2.9,0,447700,3.56,,,2.56,
2013-08-01,39,Ohio,OH,7.5,0.3,5274500,1.43,,,2.82,
2013-08-01,40,Oklahoma,OK,5.1,0.1,1639300,1.54,,,2.37,
2013-08-01,41,Oregon,OR,7.5,-1.2,1683400,2.14,,,1.2,
2013-08-01,42,Pennsylvania,PA,7,-0.7,5742200,0.4,,,2.2,
2013-08-01,44,Rhode Island,RI,9.6,-0.6,477000,1.45,,,0.97,
2013-08-01,45,South Carolina,SC,7.2,-1.6,1908900,2.13,,,2.43,
2013-08-01,46,South Dakota,SD,3.7,-0.3,417500,0.92,,,-0.09,
2013-08-01,47,Tennessee,TN,7.6,-0.2,2771000,1.69,,,2.12,
2013-08-01,48,Texas,TX,6.3,-0.3,11282100,2.93,,,5.11,
2013-08-01,49,Utah,UT,4.1,-0.6,1293700,3.12,,,3.13,
2013-08-01,50,Vermont,VT,4.4,-0.4,306800,0.49,,,-1.27,
2013-08-01,51,Virginia,VA,5.5,-0.3,3761500,0.77,,,1.18,
2013-08-01,53,Washington,WA,6.7,-1.7,2990200,2.23,,,3.05,
2013-08-01,54,West Virginia,WV,6.6,-0.8,725900,0.25,,,1.13,
2013-08-01,55,Wisconsin,WI,6.6,-0.3,2812200,1.13,,,0.85,
2013-08-01,56,Wyoming,WY,4.6,-0.8,294600,0.86,,,0.85,
2013-07-01,01,Alabama,AL,7.3,-0.9,1924600,1.21,,,1.61,
2013-07-01,02,Alaska,AK,6.9,-0.2,336100,0.39,,,-4.31,
2013-07-01,04,Arizona,AZ,7.9,-0.5,2520700,2.7,,,0.6,
2013-07-01,05,Arkansas,AR,7.1,-0.1,1176400,0.12,,,2.77,
2013-07-01,10,Delaware,DE,6.5,-0.5,427200,2.23,,,-2.7,
2013-07-01,11,District of Columbia,DC,8.5,-0.3,742500,1.77,,,0.43,
2013-07-01,12,Florida,FL,7.5,-1.2,7597200,2.64,,,2.6,
2013-07-01,13,Georgia,GA,8.1,-0.9,4029800,2.03,,,2.22,
2013-07-01,15,Hawaii,HI,4.6,-1.2,622300,2.25,,,2.34,
2013-07-01,16,Idaho,ID,7.1,-0.5,636500,2.43,,,4.46,
2013-07-01,17,Illinois,IL,9.2,0.2,5801300,0.96,,,0.6,
2013-07-01,18,Indiana,IN,7.5,-0.7,2924500,0.96,,,2.88,
2013-07-01,19,Iowa,IA,4.7,-0.3,1534900,1.67,,,0.09,
2013-07-01,20,Kansas,KS,5.3,-0.3,1372200,1.28,,,0.42,
2013-07-01,21,Kentucky,KY,8,-0.2,1827800,0.94,,,2.41,
2013-07-01,22,Louisiana,LA,6.5,-0.2,1955100,1.43,,,-2.45,
2013-07-01,23,Maine,ME,6.7,-0.6,602400,0.63,,,-0.28,
2013-07-01,24,Maryland,MD,6.6,-0.3,2619800,1.11,,,0.85,
2013-07-01,25,Massachusetts,MA,6.7,0,3364100,1.62,,,0.77,
2013-07-01,26,Michigan,MI,8.8,-0.3,4103800,1.5,,,2.05,
2013-07-01,27,Minnesota,MN,5,-0.7,2760600,1.7,,,2.72,
2013-07-01,28,Mississippi,MS,8.5,-0.3,1109600,0.65,,,0.36,
2013-07-01,29,Missouri,MO,6.8,-0.3,2721500,0.96,,,1.86,
2013-07-01,30,Montana,MT,5.3,-0.5,447100,1.48,,,1.77,
2013-07-01,31,Nebraska,NE,3.7,-0.2,980600,1.08,,,1.55,
2013-07-01,32,Nevada,NV,9.9,-1.6,1176500,2.85,,,1.09,
2013-07-01,33,New Hampshire,NH,5.2,-0.4,635000,0.59,,,1.92,
2013-07-01,34,New Jersey,NJ,8.4,-1.2,3934800,1.26,,,1.82,
2013-07-01,35,New Mexico,NM,6.9,0,808200,0.8,,,-0.73,
2013-07-01,36,New York,NY,7.9,-0.9,8957400,1.77,,,0.37,
2013-07-01,37,North Carolina,NC,7.5,-2.2,4056300,1.85,,,1.91,
2013-07-01,38,North Dakota,ND,2.9,0,446200,3.55,,,2.56,
2013-07-01,39,Ohio,OH,7.5,0.2,5266200,1.3,,,2.82,
2013-07-01,40,Oklahoma,OK,5.1,0,1636800,1.53,,,2.37,
2013-07-01,41,Oregon,OR,7.7,-1,1678600,2.07,,,1.2,
2013-07-01,42,Pennsylvania,PA,7,-0.7,5739500,0.37,,,2.2,
2013-07-01,44,Rhode Island,RI,9.6,-0.7,475900,1.73,,,0.97,
2013-07-01,45,South Carolina,SC,7.4,-1.6,1904600,2.12,,,2.43,
2013-07-01,46,South Dakota,SD,3.7,-0.4,417100,0.87,,,-0.09,
2013-07-01,47,Tennessee,TN,7.7,-0.2,2765400,1.58,,,2.12,
2013-07-01,48,Texas,TX,6.3,-0.4,11262200,3.08,,,5.11,
2013-07-01,49,Utah,UT,4.2,-0.6,1292800,3.35,,,3.13,
2013-07-01,50,Vermont,VT,4.5,-0.4,305300,0.13,,,-1.27,
2013-07-01,51,Virginia,VA,5.6,-0.2,3757400,1.05,,,1.18,
2013-07-01,53,Washington,WA,6.7,-2.1,2980200,2.04,,,3.05,
2013-07-01,54,West Virginia,WV,6.6,-0.8,726000,0.12,,,1.13,
2013-07-01,55,Wisconsin,WI,6.7,-0.3,2808400,1.1,,,0.85,
2013-07-01,56,Wyoming,WY,4.6,-0.9,294600,0.99,,,0.85,
2013-06-01,01,Alabama,AL,7.3,-1,1924900,1.1,,,1.61,
2013-06-01,02,Alaska,AK,6.9,-0.3,336500,0.36,,,-4.31,
2013-06-01,04,Arizona,AZ,7.9,-0.5,2517100,2.24,,,0.6,
2013-06-01,05,Arkansas,AR,7.1,-0.2,1174600,-0.36,,,2.77,
2013-06-01,10,Delaware,DE,6.6,-0.4,426300,2.16,,,-2.7,
2013-06-01,11,District of Columbia,DC,8.5,-0.5,741200,1.46,,,0.43,
2013-06-01,12,Florida,FL,7.6,-1.2,7582300,2.5,,,2.6,
2013-06-01,13,Georgia,GA,8.2,-0.9,4023300,1.74,,,2.22,
2013-06-01,15,Hawaii,HI,4.6,-1.4,620300,2.14,,,2.34,
2013-06-01,16,Idaho,ID,7.1,-0.6,636900,2.58,,,4.46,
2013-06-01,17,Illinois,IL,9.2,0.2,5797700,0.9,,,0.6,
2013-06-01,18,Indiana,IN,7.7,-0.5,2929400,0.9,,,2.88,
2013-06-01,19,Iowa,IA,4.8,-0.2,1526300,1.24,,,0.09,
2013-06-01,20,Kansas,KS,5.4,-0.3,1369700,0.67,,,0.42,
2013-06-01,21,Kentucky,KY,8,-0.2,1826300,0.67,,,2.41,
2013-06-01,22,Louisiana,LA,6.6,-0.2,1956300,1.19,,,-2.45,
2013-06-01,23,Maine,ME,6.7,-0.6,602000,0.42,,,-0.28,
2013-06-01,24,Maryland,MD,6.7,-0.2,2619800,1.18,,,0.85,
2013-06-01,25,Massachusetts,MA,6.8,0.1,3369600,1.72,,,0.77,
2013-06-01,26,Michigan,MI,8.8,-0.3,4108399.9999999995,1.9,,,2.05,
2013-06-01,27,Minnesota,MN,5.1,-0.6,2772000,1.81,,,2.72,
2013-06-01,28,Mississippi,MS,8.5,-0.4,1110900,0.87,,,0.36,
2013-06-01,29,Missouri,MO,6.8,-0.3,2723400,1.14,,,1.86,
2013-06-01,30,Montana,MT,5.4,-0.5,448100,1.82,,,1.77,
2013-06-01,31,Nebraska,NE,3.8,-0.1,978600,0.95,,,1.55,
2013-06-01,32,Nevada,NV,10,-1.7,1176000,2.69,,,1.09,
2013-06-01,33,New Hampshire,NH,5.2,-0.3,635300,0.65,,,1.92,
2013-06-01,34,New Jersey,NJ,8.6,-1,3932400,1.08,,,1.82,
2013-06-01,35,New Mexico,NM,6.9,-0.1,808100,0.53,,,-0.73,
2013-06-01,36,New York,NY,7.9,-0.9,8944200,1.43,,,0.37,
2013-06-01,37,North Carolina,NC,7.9,-1.7,4048200,1.8,,,1.91,
2013-06-01,38,North Dakota,ND,2.9,0,445100,2.98,,,2.56,
2013-06-01,39,Ohio,OH,7.5,0.2,5266400,1.09,,,2.82,
2013-06-01,40,Oklahoma,OK,5.1,0,1635300,1.24,,,2.37,
2013-06-01,41,Oregon,OR,7.8,-1,1676200,2.13,,,1.2,
2013-06-01,42,Pennsylvania,PA,7.1,-0.6,5734200,0.16,,,2.2,
2013-06-01,44,Rhode Island,RI,9.6,-0.8,476400,1.49,,,0.97,
2013-06-01,45,South Carolina,SC,7.6,-1.6,1900500,1.87,,,2.43,
2013-06-01,46,South Dakota,SD,3.7,-0.4,416900,0.6,,,-0.09,
2013-06-01,47,Tennessee,TN,7.8,-0.2,2766600,1.55,,,2.12,
2013-06-01,48,Texas,TX,6.4,-0.4,11231600,2.95,,,5.11,
2013-06-01,49,Utah,UT,4.2,-0.6,1287100,2.78,,,3.13,
2013-06-01,50,Vermont,VT,4.5,-0.4,306700,0.76,,,-1.27,
2013-06-01,51,Virginia,VA,5.6,-0.3,3757300,0.82,,,1.18,
2013-06-01,53,Washington,WA,6.7,-2.4,2978800,2.06,,,3.05,
2013-06-01,54,West Virginia,WV,6.6,-0.7,726300,0.14,,,1.13,
2013-06-01,55,Wisconsin,WI,6.7,-0.3,2807800,0.89,,,0.85,
2013-06-01,56,Wyoming,WY,4.7,-0.9,294900,0.92,,,0.85,
2013-05-01,01,Alabama,AL,7.3,-1.1,1924200,1.12,,,1.61,
2013-05-01,02,Alaska,AK,6.9,-0.3,335500,0.21,,,-4.31,
2013-05-01,04,Arizona,AZ,8,-0.5,2514800,2.55,,,0.6,
2013-05-01,05,Arkansas,AR,7.2,-0.1,1176800,-0.22,,,2.77,
2013-05-01,10,Delaware,DE,6.7,-0.3,425800,1.94,,,-2.7,
2013-05-01,11,District of Columbia,DC,8.5,-0.6,743000,1.43,,,0.43,
2013-05-01,12,Florida,FL,7.6,-1.3,7555900,2.36,,,2.6,
2013-05-01,13,Georgia,GA,8.3,-0.9,4016500,1.69,,,2.22,
2013-05-01,15,Hawaii,HI,4.7,-1.4,620100,2.29,,,2.34,
2013-05-01,16,Idaho,ID,7,-0.7,636800,2.79,,,4.46,
2013-05-01,17,Illinois,IL,9.2,0.2,5788300,0.8,,,0.6,
2013-05-01,18,Indiana,IN,7.8,-0.4,2919900,0.72,,,2.88,
2013-05-01,19,Iowa,IA,4.8,-0.2,1524100,1.11,,,0.09,
2013-05-01,20,Kansas,KS,5.4,-0.3,1368000,0.75,,,0.42,
2013-05-01,21,Kentucky,KY,8,-0.2,1825000,0.74,,,2.41,
2013-05-01,22,Louisiana,LA,6.6,-0.3,1952500,0.87,,,-2.45,
2013-05-01,23,Maine,ME,6.8,-0.5,602600,0.5,,,-0.28,
2013-05-01,24,Maryland,MD,6.7,-0.2,2614800,1.1,,,0.85,
2013-05-01,25,Massachusetts,MA,6.8,0.1,3362700,1.9,,,0.77,
2013-05-01,26,Michigan,MI,8.8,-0.3,4107000,1.92,,,2.05,
2013-05-01,27,Minnesota,MN,5.1,-0.6,2768400,1.85,,,2.72,
2013-05-01,28,Mississippi,MS,8.6,-0.3,1108500,0.67,,,0.36,
2013-05-01,29,Missouri,MO,6.8,-0.4,2720100,1.05,,,1.86,
2013-05-01,30,Montana,MT,5.4,-0.5,448500,1.93,,,1.77,
2013-05-01,31,Nebraska,NE,3.8,-0.1,978200,1.04,,,1.55,
2013-05-01,32,Nevada,NV,10.2,-1.6,1169400,2.41,,,1.09,
2013-05-01,33,New Hampshire,NH,5.3,-0.2,636300,1.05,,,1.92,
2013-05-01,34,New Jersey,NJ,8.7,-0.9,3923500,1.09,,,1.82,
2013-05-01,35,New Mexico,NM,6.9,-0.1,812300,1.46,,,-0.73,
2013-05-01,36,New York,NY,8,-0.8,8936800,1.33,,,0.37,
2013-05-01,37,North Carolina,NC,8.2,-1.4,4050800,1.59,,,1.91,
2013-05-01,38,North Dakota,ND,2.9,0,443400,3.36,,,2.56,
2013-05-01,39,Ohio,OH,7.5,0.1,5264400,1.2,,,2.82,
2013-05-01,40,Oklahoma,OK,5.1,0.1,1634000,1.3,,,2.37,
2013-05-01,41,Oregon,OR,7.9,-0.9,1673700,2.02,,,1.2,
2013-05-01,42,Pennsylvania,PA,7.1,-0.5,5738000,0.15,,,2.2,
2013-05-01,44,Rhode Island,RI,9.6,-0.9,474100,1,,,0.97,
2013-05-01,45,South Carolina,SC,7.7,-1.6,1895000,1.83,,,2.43,
2013-05-01,46,South Dakota,SD,3.8,-0.2,417200,0.85,,,-0.09,
2013-05-01,47,Tennessee,TN,7.8,-0.2,2763500,1.57,,,2.12,
2013-05-01,48,Texas,TX,6.5,-0.3,11199300,2.93,,,5.11,
2013-05-01,49,Utah,UT,4.3,-0.5,1286600,2.91,,,3.13,
2013-05-01,50,Vermont,VT,4.5,-0.3,306100,0.33,,,-1.27,
2013-05-01,51,Virginia,VA,5.6,-0.3,3756200,0.85,,,1.18,
2013-05-01,53,Washington,WA,6.7,-2.3,2976100,2.15,,,3.05,
2013-05-01,54,West Virginia,WV,6.6,-0.6,727700,-1.7,,,1.13,
2013-05-01,55,Wisconsin,WI,6.8,-0.2,2804400,0.72,,,0.85,
2013-05-01,56,Wyoming,WY,4.7,-0.9,294100,0.27,,,0.85,
2013-04-01,01,Alabama,AL,7.4,-1,1921900,0.83,,,1.61,
2013-04-01,02,Alaska,AK,6.9,-0.3,337000,0.78,,,-4.31,
2013-04-01,04,Arizona,AZ,8,-0.5,2509700,2.38,,,0.6,
2013-04-01,05,Arkansas,AR,7.2,-0.1,1178600,-0.05,,,2.77,
2013-04-01,10,Delaware,DE,6.8,-0.2,425000,1.92,,,-2.7,
2013-04-01,11,District of Columbia,DC,8.6,-0.6,743700,2.07,,,0.43,
2013-04-01,12,Florida,FL,7.7,-1.2,7542100,2.18,,,2.6,
2013-04-01,13,Georgia,GA,8.4,-0.9,4015500,1.82,,,2.22,
2013-04-01,15,Hawaii,HI,4.7,-1.5,616800,1.97,,,2.34,
2013-04-01,16,Idaho,ID,7,-0.6,634400,2.72,,,4.46,
2013-04-01,17,Illinois,IL,9.3,0.3,5780800,0.65,,,0.6,
2013-04-01,18,Indiana,IN,8,-0.2,2927800,1.12,,,2.88,
2013-04-01,19,Iowa,IA,4.9,-0.1,1516400,0.65,,,0.09,
2013-04-01,20,Kansas,KS,5.5,-0.3,1370100,1.09,,,0.42,
2013-04-01,21,Kentucky,KY,8,-0.2,1823800,0.88,,,2.41,
2013-04-01,22,Louisiana,LA,6.7,-0.2,1953600,0.98,,,-2.45,
2013-04-01,23,Maine,ME,6.9,-0.3,600800,0.25,,,-0.28,
2013-04-01,24,Maryland,MD,6.8,-0.1,2615000,1.06,,,0.85,
2013-04-01,25,Massachusetts,MA,6.8,0.1,3357800,1.86,,,0.77,
2013-04-01,26,Michigan,MI,8.9,-0.2,4088300,1.26,,,2.05,
2013-04-01,27,Minnesota,MN,5.2,-0.5,2753500,1.09,,,2.72,
2013-04-01,28,Mississippi,MS,8.7,-0.2,1108700,0.65,,,0.36,
2013-04-01,29,Missouri,MO,6.8,-0.4,2717100,1.02,,,1.86,
2013-04-01,30,Montana,MT,5.4,-0.5,448400,2.21,,,1.77,
2013-04-01,31,Nebraska,NE,3.8,-0.1,974900,0.83,,,1.55,
2013-04-01,32,Nevada,NV,10.3,-1.6,1168000,2.53,,,1.09,
2013-04-01,33,New Hampshire,NH,5.4,0,635000,0.84,,,1.92,
2013-04-01,34,New Jersey,NJ,8.9,-0.6,3918900,1.16,,,1.82,
2013-04-01,35,New Mexico,NM,7,0,811000,1.4,,,-0.73,
2013-04-01,36,New York,NY,8,-0.8,8936700,1.56,,,0.37,
2013-04-01,37,North Carolina,NC,8.5,-1,4049100,1.76,,,1.91,
2013-04-01,38,North Dakota,ND,2.9,0,438700,2.69,,,2.56,
2013-04-01,39,Ohio,OH,7.5,0.1,5253400,1.16,,,2.82,
2013-04-01,40,Oklahoma,OK,5.2,0.2,1630500,1.21,,,2.37,
2013-04-01,41,Oregon,OR,8.1,-0.7,1670800,2.01,,,1.2,
2013-04-01,42,Pennsylvania,PA,7.2,-0.3,5733600,0.06,,,2.2,
2013-04-01,44,Rhode Island,RI,9.5,-1.1,473400,0.98,,,0.97,
2013-04-01,45,South Carolina,SC,7.9,-1.5,1891700,1.67,,,2.43,
2013-04-01,46,South Dakota,SD,3.8,-0.2,414200,-0.12,,,-0.09,
2013-04-01,47,Tennessee,TN,7.9,-0.1,2759800,1.55,,,2.12,
2013-04-01,48,Texas,TX,6.5,-0.3,11183800,3.1,,,5.11,
2013-04-01,49,Utah,UT,4.3,-0.5,1284900,3.27,,,3.13,
2013-04-01,50,Vermont,VT,4.5,-0.3,307500,1.32,,,-1.27,
2013-04-01,51,Virginia,VA,5.6,-0.3,3761700,0.9,,,1.18,
2013-04-01,53,Washington,WA,6.7,-2.2,2969200,2.13,,,3.05,
2013-04-01,54,West Virginia,WV,6.7,-0.4,726800,-0.64,,,1.13,
2013-04-01,55,Wisconsin,WI,6.9,-0.1,2791600,0.26,,,0.85,
2013-04-01,56,Wyoming,WY,4.8,-0.8,293700,-0.27,,,0.85,
2013-03-01,01,Alabama,AL,7.5,,1921100,,,,1.61,
2013-03-01,02,Alaska,AK,6.9,,336900,,,,-4.31,
2013-03-01,04,Arizona,AZ,8.1,,2502300,,,,0.6,
2013-03-01,05,Arkansas,AR,7.2,,1179000,,,,2.77,
2013-03-01,10,Delaware,DE,6.8,,424700,,,,-2.7,
2013-03-01,11,District of Columbia,DC,8.6,,739500,,,,0.43,
2013-03-01,12,Florida,FL,7.9,,7527600,,,,2.6,
2013-03-01,13,Georgia,GA,8.5,,4008800,,,,2.22,
2013-03-01,15,Hawaii,HI,4.8,,617500,,,,2.34,
2013-03-01,16,Idaho,ID,7,,634000,,,,4.46,
2013-03-01,17,Illinois,IL,9.3,,5792300,,,,0.6,
2013-03-01,18,Indiana,IN,8.1,,2929600,,,,2.88,
2013-03-01,19,Iowa,IA,4.9,,1519200,,,,0.09,
2013-03-01,20,Kansas,KS,5.5,,1366100,,,,0.42,
2013-03-01,21,Kentucky,KY,8,,1825300,,,,2.41,
2013-03-01,22,Louisiana,LA,6.8,,1950300,,,,-2.45,
2013-03-01,23,Maine,ME,7,,600200,,,,-0.28,
2013-03-01,24,Maryland,MD,6.8,,2617500,,,,0.85,
2013-03-01,25,Massachusetts,MA,6.8,,3352700,,,,0.77,
2013-03-01,26,Michigan,MI,8.9,,4102000,,,,2.05,
2013-03-01,27,Minnesota,MN,5.2,,2769500,,,,2.72,
2013-03-01,28,Mississippi,MS,8.7,,1109900,,,,0.36,
2013-03-01,29,Missouri,MO,6.9,,2716800,,,,1.86,
2013-03-01,30,Montana,MT,5.4,,447500,,,,1.77,
2013-03-01,31,Nebraska,NE,3.8,,974800,,,,1.55,
2013-03-01,32,Nevada,NV,10.5,,1163800,,,,1.09,
2013-03-01,33,New Hampshire,NH,5.5,,634200,,,,1.92,
2013-03-01,34,New Jersey,NJ,9,,3933000,,,,1.82,
2013-03-01,35,New Mexico,NM,7,,808500,,,,-0.73,
2013-03-01,36,New York,NY,8.1,,8911800,,,,0.37,
2013-03-01,37,North Carolina,NC,8.9,,4045400,,,,1.91,
2013-03-01,38,North Dakota,ND,3,,441500,,,,2.56,
2013-03-01,39,Ohio,OH,7.5,,5242600,,,,2.82,
2013-03-01,40,Oklahoma,OK,5.2,,1629500,,,,2.37,
2013-03-01,41,Oregon,OR,8.2,,1665600,,,,1.2,
2013-03-01,42,Pennsylvania,PA,7.3,,5745000,,,,2.2,
2013-03-01,44,Rhode Island,RI,9.5,,474500,,,,0.97,
2013-03-01,45,South Carolina,SC,8.1,,1887500,,,,2.43,
2013-03-01,46,South Dakota,SD,3.8,,416500,,,,-0.09,
2013-03-01,47,Tennessee,TN,7.9,,2752500,,,,2.12,
2013-03-01,48,Texas,TX,6.6,,11168600,,,,5.11,
2013-03-01,49,Utah,UT,4.4,,1280200,,,,3.13,
2013-03-01,50,Vermont,VT,4.5,,306900,,,,-1.27,
2013-03-01,51,Virginia,VA,5.6,,3770100,,,,1.18,
2013-03-01,53,Washington,WA,6.6,,2963600,,,,3.05,
2013-03-01,54,West Virginia,WV,6.8,,727800,,,,1.13,
2013-03-01,55,Wisconsin,WI,7,,2804700,,,,0.85,
2013-03-01,56,Wyoming,WY,4.9,,293400,,,,0.85,
2013-02-01,01,Alabama,AL,7.6,-0.9,1918600,1.04,,,1.61,
2013-02-01,02,Alaska,AK,7,-0.3,336900,0.69,,,-4.31,
2013-02-01,04,Arizona,AZ,8.1,-0.6,2497700,2.25,,,0.6,
2013-02-01,05,Arkansas,AR,7.2,-0.1,1180000,0.29,,,2.77,
2013-02-01,10,Delaware,DE,6.9,0,423400,1.71,,,-2.7,
2013-02-01,11,District of Columbia,DC,8.6,-0.8,739100,1.4,,,0.43,
2013-02-01,12,Florida,FL,7.9,-1.2,7512300,2.38,,,2.6,
2013-02-01,13,Georgia,GA,8.5,-0.9,4007200,2.04,,,2.22,
2013-02-01,15,Hawaii,HI,4.9,-1.4,617200,2.56,,,2.34,
2013-02-01,16,Idaho,ID,7.1,-0.7,632500,2.66,,,4.46,
2013-02-01,17,Illinois,IL,9.3,0.2,5794900,1.14,,,0.6,
2013-02-01,18,Indiana,IN,8.2,-0.1,2930600,1.3,,,2.88,
2013-02-01,19,Iowa,IA,4.9,-0.2,1519600,1.2,,,0.09,
2013-02-01,20,Kansas,KS,5.6,-0.2,1366400,0.9,,,0.42,
2013-02-01,21,Kentucky,KY,8,-0.3,1822000,0.95,,,2.41,
2013-02-01,22,Louisiana,LA,6.7,-0.3,1948800,1.47,,,-2.45,
2013-02-01,23,Maine,ME,7,-0.2,599600,0.23,,,-0.28,
2013-02-01,24,Maryland,MD,6.9,0,2615100,1.14,,,0.85,
2013-02-01,25,Massachusetts,MA,6.8,0.1,3344200,1.47,,,0.77,
2013-02-01,26,Michigan,MI,9,-0.1,4095800,2.03,,,2.05,
2013-02-01,27,Minnesota,MN,5.3,-0.5,2766200,2.15,,,2.72,
2013-02-01,28,Mississippi,MS,8.7,-0.3,1109000,0.8,,,0.36,
2013-02-01,29,Missouri,MO,6.9,-0.5,2718600,0.97,,,1.86,
2013-02-01,30,Montana,MT,5.4,-0.5,446700,2.34,,,1.77,
2013-02-01,31,Nebraska,NE,3.9,-0.1,975300,1.26,,,1.55,
2013-02-01,32,Nevada,NV,10.6,-1.5,1160400,2.26,,,1.09,
2013-02-01,33,New Hampshire,NH,5.5,0.3,635300,1.24,,,1.92,
2013-02-01,34,New Jersey,NJ,9.1,-0.2,3927600,1.15,,,1.82,
2013-02-01,35,New Mexico,NM,7,0,809400,1.26,,,-0.73,
2013-02-01,36,New York,NY,8.2,-0.5,8893300,1.14,,,0.37,
2013-02-01,37,North Carolina,NC,9.2,-0.5,4037800,1.83,,,1.91,
2013-02-01,38,North Dakota,ND,3,0.1,440000,4.54,,,2.56,
2013-02-01,39,Ohio,OH,7.5,-0.1,5242100,1.15,,,2.82,
2013-02-01,40,Oklahoma,OK,5.2,0.1,1626800,1.5,,,2.37,
2013-02-01,41,Oregon,OR,8.3,-0.5,1663200,1.66,,,1.2,
2013-02-01,42,Pennsylvania,PA,7.4,0,5741000,0.26,,,2.2,
2013-02-01,44,Rhode Island,RI,9.5,-1.3,472300,0.66,,,0.97,
2013-02-01,45,South Carolina,SC,8.2,-1.3,1886500,1.64,,,2.43,
2013-02-01,46,South Dakota,SD,3.8,-0.3,416500,1.29,,,-0.09,
2013-02-01,47,Tennessee,TN,7.9,-0.2,2751900,1.61,,,2.12,
2013-02-01,48,Texas,TX,6.6,-0.4,11138400,3.29,,,5.11,
2013-02-01,49,Utah,UT,4.4,-0.3,1277300,3.7,,,3.13,
2013-02-01,50,Vermont,VT,4.5,-0.3,306000,0.66,,,-1.27,
2013-02-01,51,Virginia,VA,5.6,-0.4,3769600,1.12,,,1.18,
2013-02-01,53,Washington,WA,6.6,-2.3,2962300,2.42,,,3.05,
2013-02-01,54,West Virginia,WV,6.9,-0.1,728300,-0.4,,,1.13,
2013-02-01,55,Wisconsin,WI,7,0.1,2803200,1.41,,,0.85,
2013-02-01,56,Wyoming,WY,5,-0.6,292900,-0.07,,,0.85,
2013-01-01,01,Alabama,AL,7.7,-0.9,1914000,0.81,206962905,206962905,1.61,90.273
2013-01-01,02,Alaska,AK,7,-0.3,334800,0.6,54627629,54627629,-4.31,102.079
2013-01-01,04,Arizona,AZ,8.1,-0.7,2491700,2.11,298859949,298859949,0.6,98.415
2013-01-01,05,Arkansas,AR,7.2,-0.2,1177700,0.12,119842786,119842786,2.77,89.445
2013-01-01,06,California,CA,,,,,2340335324,2340335324,3.76,109.638
2013-01-01,08,Colorado,CO,,,,,301484129,301484129,4.2,103.118
2013-01-01,09,Connecticut,CT,,,,,258910988,258910988,-1.8,107.703
2013-01-01,10,Delaware,DE,6.9,-0.1,421700,1.47,68656786,68656786,-2.7,98.591
2013-01-01,11,District of Columbia,DC,8.6,-1,738400,1.29,124094795,124094795,0.43,113.585
2013-01-01,12,Florida,FL,8,-1.2,7490000,2.21,880183486,880183486,2.6,100.718
2013-01-01,13,Georgia,GA,8.6,-0.9,3998100,1.9,499900185,499900185,2.22,94.787
2013-01-01,15,Hawaii,HI,5,-1.4,607700,2.74,80534850,80534850,2.34,112.299
2013-01-01,16,Idaho,ID,7.2,-0.6,630500,2.5,64769794,64769794,4.46,93.679
2013-01-01,17,Illinois,IL,9.2,-0.1,5784800,1.11,795435232,795435232,0.6,100.238
2013-01-01,18,Indiana,IN,8.2,-0.2,2918500,1.22,333207355,333207355,2.88,92.926
2013-01-01,19,Iowa,IA,4.9,-0.3,1516000,1.15,171069145,171069145,0.09,90.94
2013-01-01,20,Kansas,KS,5.6,-0.3,1364000,0.74,150702889,150702889,0.42,92.63
2013-01-01,21,Kentucky,KY,8,-0.5,1821400,1.03,196698049,196698049,2.41,90.845
2013-01-01,22,Louisiana,LA,6.6,-0.5,1941500,1.22,236482281,236482281,-2.45,92.889
2013-01-01,23,Maine,ME,7.1,-0.2,599300,0.59,59013939,59013939,-0.28,98.392
2013-01-01,24,Maryland,MD,6.8,-0.2,2612600,1.17,364633242,364633242,0.85,108.543
2013-01-01,25,Massachusetts,MA,6.7,0,3337500,1.34,486991788,486991788,0.77,103.316
2013-01-01,26,Michigan,MI,9,-0.2,4085600,1.91,472779860,472779860,2.05,95.232
2013-01-01,27,Minnesota,MN,5.4,-0.4,2758000,1.98,329774497,329774497,2.72,97.487
2013-01-01,28,Mississippi,MS,8.7,-0.4,1105100,0.6,109032695,109032695,0.36,88.843
2013-01-01,29,Missouri,MO,6.9,-0.6,2712800,0.78,302025663,302025663,1.86,92.837
2013-01-01,30,Montana,MT,5.5,-0.5,445400,1.92,45114692,45114692,1.77,92.881
2013-01-01,31,Nebraska,NE,3.9,-0.2,973600,1.15,111382221,111382221,1.55,91.876
2013-01-01,32,Nevada,NV,10.7,-1.5,1158800,2.2,144549285,144549285,1.09,99.816
2013-01-01,33,New Hampshire,NH,5.6,0.4,634400,0.84,75503436,75503436,1.92,102.84
2013-01-01,34,New Jersey,NJ,9.2,-0.1,3922200,1.21,570952438,570952438,1.82,109.077
2013-01-01,35,New Mexico,NM,7,0,808900,1.61,90104025,90104025,-0.73,95.561
2013-01-01,36,New York,NY,8.3,-0.3,8883600,1.24,1501818048,1501818048,0.37,109.791
2013-01-01,37,North Carolina,NC,9.7,-0.1,4029700,1.73,497456561,497456561,1.91,93.683
2013-01-01,38,North Dakota,ND,3,0,437400,4.64,54690941,54690941,2.56,92.349
2013-01-01,39,Ohio,OH,7.5,-0.3,5229700,1.23,603057362,603057362,2.82,93.285
2013-01-01,40,Oklahoma,OK,5.2,0,1623200,1.62,176086805,176086805,2.37,91.465
2013-01-01,41,Oregon,OR,8.4,-0.5,1659100,1.52,189609749,189609749,1.2,100.146
2013-01-01,42,Pennsylvania,PA,7.5,0,5730500,0.34,704195021,704195021,2.2,97.858
2013-01-01,44,Rhode Island,RI,9.6,-1.3,473500,1.33,57037208,57037208,0.97,101.54
2013-01-01,45,South Carolina,SC,8.4,-1.2,1884700,1.68,200147292,200147292,2.43,93.258
2013-01-01,46,South Dakota,SD,3.9,-0.2,415900,1.17,48610061,48610061,-0.09,90.265
2013-01-01,47,Tennessee,TN,7.9,-0.3,2743600,1.58,318347920,318347920,2.12,92.944
2013-01-01,48,Texas,TX,6.5,-0.6,11078300,3.03,1511806546,1511806546,5.11,98.048
2013-01-01,49,Utah,UT,4.5,-0.8,1274000,3.71,145026883,145026883,3.13,98.575
2013-01-01,50,Vermont,VT,4.6,-0.3,305900,0.86,31494602,31494602,-1.27,100.497
2013-01-01,51,Virginia,VA,5.6,-0.4,3764200,1.08,488741274,488741274,1.18,103.515
2013-01-01,53,Washington,WA,7,-2,2954100,2.28,439472182,439472182,3.05,102.45
2013-01-01,54,West Virginia,WV,7,-0.1,727900,-0.27,73948954,73948954,1.13,90.2
2013-01-01,55,Wisconsin,WI,6.9,-0.1,2786700,1.15,301550506,301550506,0.85,93.911
2013-01-01,56,Wyoming,WY,5,-0.7,293500,0.27,38408734,38408734,0.85,97.35
2013-01-01,91,New England,,,,,,968966586,968966586,0.04,
2013-01-01,92,Mideast,,,,,,3334509232,3334509232,1.01,
2013-01-01,93,Great Lakes,,,,,,2505982390,2505982390,1.73,
2013-01-01,94,Plains,,,,,,1167911493,1167911493,1.57,
2013-01-01,95,Southeast,,,,,,3828029948,3828029948,1.74,
2013-01-01,96,Southwest,,,,,,2075730850,2075730850,3.98,
2013-01-01,97,Rocky Mountain,,,,,,594720656,594720656,3.55,
2013-01-01,98,Far West,,,,,,3249257573,3249257573,3.2,
2012-12-01,01,Alabama,AL,7.7,-1,1912800,1.08,,,1.14,
2012-12-01,02,Alaska,AK,7,-0.4,336900,1.54,,,5.63,
2012-12-01,04,Arizona,AZ,8.1,-0.8,2488600,2.31,,,2.3,
2012-12-01,05,Arkansas,AR,7.2,-0.3,1178900,0.29,,,1.19,
2012-12-01,10,Delaware,DE,6.9,-0.2,421800,1.49,,,-0.76,
2012-12-01,11,District of Columbia,DC,8.6,-1.1,738900,1.47,,,0.76,
2012-12-01,12,Florida,FL,8.1,-1.3,7475800,2.32,,,1,
2012-12-01,13,Georgia,GA,8.6,-1,3983400,1.8,,,1.62,
2012-12-01,15,Hawaii,HI,5.1,-1.4,614100,2.35,,,1.97,
2012-12-01,16,Idaho,ID,7.2,-0.8,629900,1.96,,,-1.11,
2012-12-01,17,Illinois,IL,9.1,-0.4,5775900,1.27,,,2.4,
2012-12-01,18,Indiana,IN,8.2,-0.4,2916200,1.57,,,0.73,
2012-12-01,19,Iowa,IA,4.9,-0.4,1516500,1.36,,,3.87,
2012-12-01,20,Kansas,KS,5.6,-0.4,1362800,1.35,,,1.52,
2012-12-01,21,Kentucky,KY,8,-0.7,1817000,1.23,,,1.95,
2012-12-01,22,Louisiana,LA,6.5,-0.6,1937800,1.26,,,0.49,
2012-12-01,23,Maine,ME,7.1,-0.3,598200,0.42,,,-0.42,
2012-12-01,24,Maryland,MD,6.8,-0.2,2606000,1.26,,,0.39,
2012-12-01,25,Massachusetts,MA,6.7,-0.1,3327500,1.46,,,2.25,
2012-12-01,26,Michigan,MI,9,-0.4,4070600,1.91,,,2.05,
2012-12-01,27,Minnesota,MN,5.4,-0.5,2749700,1.67,,,1.85,
2012-12-01,28,Mississippi,MS,8.6,-0.7,1105000,0.99,,,2.02,
2012-12-01,29,Missouri,MO,6.9,-0.8,2711600,0.95,,,1.2,
2012-12-01,30,Montana,MT,5.5,-0.6,444100,1.93,,,1.83,
2012-12-01,31,Nebraska,NE,3.9,-0.2,974200,1.51,,,-0.04,
2012-12-01,32,Nevada,NV,10.8,-1.6,1154200,2.11,,,-0.94,
2012-12-01,33,New Hampshire,NH,5.6,0.3,633000,0.99,,,0.84,
2012-12-01,34,New Jersey,NJ,9.3,0,3905800,1.12,,,2.23,
2012-12-01,35,New Mexico,NM,6.9,-0.2,808000,1.22,,,0.23,
2012-12-01,36,New York,NY,8.4,-0.2,8873100,1.45,,,3.88,
2012-12-01,37,North Carolina,NC,9.6,-0.4,4023600,2.05,,,0.81,
2012-12-01,38,North Dakota,ND,3,-0.1,436700,5.89,,,23.16,
2012-12-01,39,Ohio,OH,7.4,-0.6,5222800,1.45,,,1.08,
2012-12-01,40,Oklahoma,OK,5.1,-0.3,1629600,2.39,,,4.98,
2012-12-01,41,Oregon,OR,8.5,-0.5,1655400,1.49,,,0.75,
2012-12-01,42,Pennsylvania,PA,7.6,0,5729900,0.42,,,1.85,
2012-12-01,44,Rhode Island,RI,9.6,-1.4,472200,1.35,,,0.82,
2012-12-01,45,South Carolina,SC,8.4,-1.3,1882300,2.06,,,1.13,
2012-12-01,46,South Dakota,SD,3.9,-0.3,415600,1.12,,,2.15,
2012-12-01,47,Tennessee,TN,7.8,-0.6,2742700,1.84,,,3.4,
2012-12-01,48,Texas,TX,6.5,-0.8,11075400,3.43,,,4.98,
2012-12-01,49,Utah,UT,4.5,-1,1268500,3.68,,,1.68,
2012-12-01,50,Vermont,VT,4.6,-0.4,305700,0.82,,,0.74,
2012-12-01,51,Virginia,VA,5.6,-0.5,3761000,1.33,,,0.72,
2012-12-01,53,Washington,WA,7.2,-1.9,2947700,2.13,,,3.61,
2012-12-01,54,West Virginia,WV,7.1,-0.1,726400,-0.36,,,-0.07,
2012-12-01,55,Wisconsin,WI,6.9,-0.2,2795000,1.25,,,1.82,
2012-12-01,56,Wyoming,WY,5.1,-0.7,293200,0.17,,,-2.17,
2012-11-01,01,Alabama,AL,7.8,-1.1,1913200,1.05,,,1.14,
2012-11-01,02,Alaska,AK,7,-0.5,337400,1.5,,,5.63,
2012-11-01,04,Arizona,AZ,8.1,-1,2483400,2.24,,,2.3,
2012-11-01,05,Arkansas,AR,7.2,-0.4,1175200,-0.07,,,1.19,
2012-11-01,10,Delaware,DE,6.9,-0.3,421100,1.47,,,-0.76,
2012-11-01,11,District of Columbia,DC,8.6,-1.3,738300,1.64,,,0.76,
2012-11-01,12,Florida,FL,8.2,-1.3,7465700,2.36,,,1,
2012-11-01,13,Georgia,GA,8.7,-1,3981700,1.71,,,1.62,
2012-11-01,15,Hawaii,HI,5.2,-1.5,617000,3.04,,,1.97,
2012-11-01,16,Idaho,ID,7.1,-0.9,629600,2.19,,,-1.11,
2012-11-01,17,Illinois,IL,9,-0.7,5773700,1.31,,,2.4,
2012-11-01,18,Indiana,IN,8.2,-0.7,2914800,1.86,,,0.73,
2012-11-01,19,Iowa,IA,4.9,-0.5,1514700,1.34,,,3.87,
2012-11-01,20,Kansas,KS,5.6,-0.5,1361400,1.18,,,1.52,
2012-11-01,21,Kentucky,KY,8.1,-0.8,1816200,1.16,,,1.95,
2012-11-01,22,Louisiana,LA,6.4,-0.8,1935900,1.26,,,0.49,
2012-11-01,23,Maine,ME,7.1,-0.4,598600,0.32,,,-0.42,
2012-11-01,24,Maryland,MD,6.8,-0.3,2598900,1.18,,,0.39,
2012-11-01,25,Massachusetts,MA,6.7,-0.2,3326800,1.58,,,2.25,
2012-11-01,26,Michigan,MI,9,-0.6,4060700,1.66,,,2.05,
2012-11-01,27,Minnesota,MN,5.5,-0.6,2746300,1.74,,,1.85,
2012-11-01,28,Mississippi,MS,8.6,-0.9,1104200,0.91,,,2.02,
2012-11-01,29,Missouri,MO,7,-1,2709000,0.98,,,1.2,
2012-11-01,30,Montana,MT,5.5,-0.8,442900,1.89,,,1.83,
2012-11-01,31,Nebraska,NE,3.9,-0.3,972400,1.42,,,-0.04,
2012-11-01,32,Nevada,NV,10.9,-1.7,1155400,2.26,,,-0.94,
2012-11-01,33,New Hampshire,NH,5.6,0.3,633900,1,,,0.84,
2012-11-01,34,New Jersey,NJ,9.4,0.1,3885400,0.67,,,2.23,
2012-11-01,35,New Mexico,NM,6.9,-0.3,809800,1.53,,,0.23,
2012-11-01,36,New York,NY,8.4,-0.1,8828600,1.12,,,3.88,
2012-11-01,37,North Carolina,NC,9.5,-0.6,4018200,2.09,,,0.81,
2012-11-01,38,North Dakota,ND,3,-0.2,433400,6.1,,,23.16,
2012-11-01,39,Ohio,OH,7.3,-1,5218700,1.52,,,1.08,
2012-11-01,40,Oklahoma,OK,5.1,-0.4,1626200,2.35,,,4.98,
2012-11-01,41,Oregon,OR,8.5,-0.6,1653200,1.46,,,0.75,
2012-11-01,42,Pennsylvania,PA,7.6,-0.1,5729300,0.46,,,1.85,
2012-11-01,44,Rhode Island,RI,9.7,-1.4,470200,0.92,,,0.82,
2012-11-01,45,South Carolina,SC,8.5,-1.4,1880500,2.19,,,1.13,
2012-11-01,46,South Dakota,SD,3.9,-0.4,415400,1.44,,,2.15,
2012-11-01,47,Tennessee,TN,7.8,-0.8,2737200,1.74,,,3.4,
2012-11-01,48,Texas,TX,6.5,-1,11049400,3.4,,,4.98,
2012-11-01,49,Utah,UT,4.6,-1.2,1267600,4.03,,,1.68,
2012-11-01,50,Vermont,VT,4.6,-0.5,305100,0.99,,,0.74,
2012-11-01,51,Virginia,VA,5.6,-0.6,3759000,1.23,,,0.72,
2012-11-01,53,Washington,WA,7.4,-1.7,2945700,2.05,,,3.61,
2012-11-01,54,West Virginia,WV,7.2,-0.1,725400,-0.26,,,-0.07,
2012-11-01,55,Wisconsin,WI,6.8,-0.5,2798400,1.55,,,1.82,
2012-11-01,56,Wyoming,WY,5.1,-0.8,292700,0.14,,,-2.17,
2012-10-01,01,Alabama,AL,7.8,-1.3,1911700,1.05,,,1.14,
2012-10-01,02,Alaska,AK,7,-0.5,339600,2.1,,,5.63,
2012-10-01,04,Arizona,AZ,8.1,-1.1,2477800,2.19,,,2.3,
2012-10-01,05,Arkansas,AR,7.2,-0.6,1175800,-0.05,,,1.19,
2012-10-01,10,Delaware,DE,6.9,-0.4,420100,1.38,,,-0.76,
2012-10-01,11,District of Columbia,DC,8.6,-1.5,738300,1.48,,,0.76,
2012-10-01,12,Florida,FL,8.3,-1.4,7457400,2.33,,,1,
2012-10-01,13,Georgia,GA,8.7,-1.2,3972800,1.59,,,1.62,
2012-10-01,15,Hawaii,HI,5.3,-1.5,612100,2.37,,,1.97,
2012-10-01,16,Idaho,ID,7.3,-0.9,627400,2.15,,,-1.11,
2012-10-01,17,Illinois,IL,9,-0.9,5764000,1.2,,,2.4,
2012-10-01,18,Indiana,IN,8.2,-0.8,2916900,1.86,,,0.73,
2012-10-01,19,Iowa,IA,4.9,-0.6,1513200,1.4,,,3.87,
2012-10-01,20,Kansas,KS,5.5,-0.7,1361600,1.23,,,1.52,
2012-10-01,21,Kentucky,KY,8.1,-1,1815600,1.32,,,1.95,
2012-10-01,22,Louisiana,LA,6.4,-0.8,1932000,1.08,,,0.49,
2012-10-01,23,Maine,ME,7.1,-0.5,598400,0.4,,,-0.42,
2012-10-01,24,Maryland,MD,6.8,-0.4,2601400,1.17,,,0.39,
2012-10-01,25,Massachusetts,MA,6.7,-0.3,3320600,1.44,,,2.25,
2012-10-01,26,Michigan,MI,9,-0.8,4051600,1.58,,,2.05,
2012-10-01,27,Minnesota,MN,5.6,-0.6,2740400,1.62,,,1.85,
2012-10-01,28,Mississippi,MS,8.7,-0.9,1103300,0.79,,,2.02,
2012-10-01,29,Missouri,MO,7,-1.2,2703400,0.89,,,1.2,
2012-10-01,30,Montana,MT,5.6,-0.8,442800,2.12,,,1.83,
2012-10-01,31,Nebraska,NE,3.9,-0.4,971800,1.54,,,-0.04,
2012-10-01,32,Nevada,NV,11,-1.8,1152900,2.01,,,-0.94,
2012-10-01,33,New Hampshire,NH,5.6,0.2,633200,1.18,,,0.84,
2012-10-01,34,New Jersey,NJ,9.4,0.1,3902500,1.2,,,2.23,
2012-10-01,35,New Mexico,NM,6.9,-0.3,810200,1.55,,,0.23,
2012-10-01,36,New York,NY,8.5,0,8857000,1.61,,,3.88,
2012-10-01,37,North Carolina,NC,9.5,-0.9,4009500,2.04,,,0.81,
2012-10-01,38,North Dakota,ND,3,-0.3,434900,7.3,,,23.16,
2012-10-01,39,Ohio,OH,7.3,-1.2,5219700,1.82,,,1.08,
2012-10-01,40,Oklahoma,OK,5.1,-0.4,1624900,2.29,,,4.98,
2012-10-01,41,Oregon,OR,8.6,-0.7,1652900,1.6,,,0.75,
2012-10-01,42,Pennsylvania,PA,7.6,-0.2,5728800,0.59,,,1.85,
2012-10-01,44,Rhode Island,RI,9.9,-1.2,470200,1.03,,,0.82,
2012-10-01,45,South Carolina,SC,8.6,-1.4,1874200,1.87,,,1.13,
2012-10-01,46,South Dakota,SD,4,-0.4,414700,1.29,,,2.15,
2012-10-01,47,Tennessee,TN,7.7,-1.1,2735100,1.81,,,3.4,
2012-10-01,48,Texas,TX,6.5,-1.3,11019200,3.3,,,4.98,
2012-10-01,49,Utah,UT,4.6,-1.7,1261200,3.63,,,1.68,
2012-10-01,50,Vermont,VT,4.7,-0.5,304300,0.73,,,0.74,
2012-10-01,51,Virginia,VA,5.7,-0.6,3758000,1.31,,,0.72,
2012-10-01,53,Washington,WA,7.7,-1.6,2942100,2.13,,,3.61,
2012-10-01,54,West Virginia,WV,7.3,-0.2,728300,0.34,,,-0.07,
2012-10-01,55,Wisconsin,WI,6.8,-0.6,2788900,1.2,,,1.82,
2012-10-01,56,Wyoming,WY,5.2,-0.8,292400,0.27,,,-2.17,
2012-09-01,01,Alabama,AL,7.9,-1.4,1908400,0.68,,,1.14,
2012-09-01,02,Alaska,AK,7,-0.6,335100,0.87,,,5.63,
2012-09-01,04,Arizona,AZ,8.2,-1.2,2476100,2.19,,,2.3,
2012-09-01,05,Arkansas,AR,7.2,-0.7,1175300,0.31,,,1.19,
2012-09-01,10,Delaware,DE,7,-0.4,418800,0.53,,,-0.76,
2012-09-01,11,District of Columbia,DC,8.6,-1.6,735100,0.55,,,0.76,
2012-09-01,12,Florida,FL,8.4,-1.4,7431500,2.01,,,1,
2012-09-01,13,Georgia,GA,8.8,-1.2,3958700,1.08,,,1.62,
2012-09-01,15,Hawaii,HI,5.4,-1.5,610500,2.23,,,1.97,
2012-09-01,16,Idaho,ID,7.3,-1.1,626200,2.02,,,-1.11,
2012-09-01,17,Illinois,IL,8.9,-1.2,5766200,1.19,,,2.4,
2012-09-01,18,Indiana,IN,8.1,-1,2916200,1.95,,,0.73,
2012-09-01,19,Iowa,IA,5,-0.6,1513000,1.29,,,3.87,
2012-09-01,20,Kansas,KS,5.6,-0.7,1356900,1.08,,,1.52,
2012-09-01,21,Kentucky,KY,8.1,-1.2,1813200,1.14,,,1.95,
2012-09-01,22,Louisiana,LA,6.4,-0.8,1926800,0.82,,,0.49,
2012-09-01,23,Maine,ME,7.2,-0.5,598500,0.28,,,-0.42,
2012-09-01,24,Maryland,MD,6.8,-0.5,2600100,1.32,,,0.39,
2012-09-01,25,Massachusetts,MA,6.7,-0.4,3322000,1.45,,,2.25,
2012-09-01,26,Michigan,MI,9,-1,4049700,1.68,,,2.05,
2012-09-01,27,Minnesota,MN,5.6,-0.8,2739200,1.3,,,1.85,
2012-09-01,28,Mississippi,MS,8.7,-1.1,1103300,0.83,,,2.02,
2012-09-01,29,Missouri,MO,7,-1.4,2700900,0.6,,,1.2,
2012-09-01,30,Montana,MT,5.7,-0.9,443200,2.26,,,1.83,
2012-09-01,31,Nebraska,NE,3.9,-0.4,970400,1.5,,,-0.04,
2012-09-01,32,Nevada,NV,11.2,-1.7,1150100,1.86,,,-0.94,
2012-09-01,33,New Hampshire,NH,5.6,0.1,634900,1.52,,,0.84,
2012-09-01,34,New Jersey,NJ,9.5,0.1,3898900,1.14,,,2.23,
2012-09-01,35,New Mexico,NM,6.9,-0.3,803100,0.27,,,0.23,
2012-09-01,36,New York,NY,8.6,0.2,8842800,1.39,,,3.88,
2012-09-01,37,North Carolina,NC,9.5,-1,4001500,1.83,,,0.81,
2012-09-01,38,North Dakota,ND,3,-0.3,434300,7.63,,,23.16,
2012-09-01,39,Ohio,OH,7.2,-1.5,5207300,1.57,,,1.08,
2012-09-01,40,Oklahoma,OK,5,-0.6,1616800,1.6,,,4.98,
2012-09-01,41,Oregon,OR,8.6,-0.8,1648700,1.28,,,0.75,
2012-09-01,42,Pennsylvania,PA,7.6,-0.2,5729500,0.63,,,1.85,
2012-09-01,44,Rhode Island,RI,10,-1.1,471700,1.44,,,0.82,
2012-09-01,45,South Carolina,SC,8.7,-1.5,1871000,1.67,,,1.13,
2012-09-01,46,South Dakota,SD,4,-0.4,414700,1.52,,,2.15,
2012-09-01,47,Tennessee,TN,7.8,-1.1,2730600,1.83,,,3.4,
2012-09-01,48,Texas,TX,6.5,-1.6,10988900,2.96,,,4.98,
2012-09-01,49,Utah,UT,4.7,-2,1258800,3.5,,,1.68,
2012-09-01,50,Vermont,VT,4.8,-0.5,305500,1.16,,,0.74,
2012-09-01,51,Virginia,VA,5.7,-0.6,3746400,0.87,,,0.72,
2012-09-01,53,Washington,WA,8,-1.4,2929100,1.65,,,3.61,
2012-09-01,54,West Virginia,WV,7.3,-0.3,728900,0.62,,,-0.07,
2012-09-01,55,Wisconsin,WI,6.8,-0.7,2785000,0.89,,,1.82,
2012-09-01,56,Wyoming,WY,5.3,-0.7,292400,0.21,,,-2.17,
2012-08-01,01,Alabama,AL,8.1,-1.4,1906300,0.79,,,1.14,
2012-08-01,02,Alaska,AK,7.1,-0.5,334400,1.33,,,5.63,
2012-08-01,04,Arizona,AZ,8.3,-1.2,2468200,2.13,,,2.3,
2012-08-01,05,Arkansas,AR,7.2,-0.7,1176600,0.37,,,1.19,
2012-08-01,10,Delaware,DE,7,-0.5,418900,0.99,,,-0.76,
2012-08-01,11,District of Columbia,DC,8.7,-1.6,731500,0.61,,,0.76,
2012-08-01,12,Florida,FL,8.5,-1.6,7412100,2.03,,,1,
2012-08-01,13,Georgia,GA,8.9,-1.2,3954600,1.14,,,1.62,
2012-08-01,15,Hawaii,HI,5.6,-1.3,614700,3.38,,,1.97,
2012-08-01,16,Idaho,ID,7.5,-1,622800,1.63,,,-1.11,
2012-08-01,17,Illinois,IL,9,-1.1,5753900,1.07,,,2.4,
2012-08-01,18,Indiana,IN,8.2,-0.9,2903200,2.21,,,0.73,
2012-08-01,19,Iowa,IA,5,-0.6,1510600,1.44,,,3.87,
2012-08-01,20,Kansas,KS,5.6,-0.7,1357900,0.88,,,1.52,
2012-08-01,21,Kentucky,KY,8.2,-1.2,1808800,1.09,,,1.95,
2012-08-01,22,Louisiana,LA,6.5,-0.8,1925800,0.92,,,0.49,
2012-08-01,23,Maine,ME,7.2,-0.5,598400,0.44,,,-0.42,
2012-08-01,24,Maryland,MD,6.8,-0.5,2592400,1.21,,,0.39,
2012-08-01,25,Massachusetts,MA,6.7,-0.5,3314600,1.56,,,2.25,
2012-08-01,26,Michigan,MI,9,-1.2,4043500,1.82,,,2.05,
2012-08-01,27,Minnesota,MN,5.7,-0.9,2726300,1.3,,,1.85,
2012-08-01,28,Mississippi,MS,8.8,-1.1,1104100,1.06,,,2.02,
2012-08-01,29,Missouri,MO,7,-1.5,2697100,0.64,,,1.2,
2012-08-01,30,Montana,MT,5.8,-0.8,441300,2.18,,,1.83,
2012-08-01,31,Nebraska,NE,3.8,-0.6,969600,1.71,,,-0.04,
2012-08-01,32,Nevada,NV,11.3,-1.7,1147500,1.79,,,-0.94,
2012-08-01,33,New Hampshire,NH,5.6,0,632900,1.49,,,0.84,
2012-08-01,34,New Jersey,NJ,9.5,0.1,3891600,1.17,,,2.23,
2012-08-01,35,New Mexico,NM,6.9,-0.3,800300,-0.05,,,0.23,
2012-08-01,36,New York,NY,8.7,0.3,8819800,1.45,,,3.88,
2012-08-01,37,North Carolina,NC,9.6,-0.9,3992900,1.66,,,0.81,
2012-08-01,38,North Dakota,ND,2.9,-0.5,432300,8.18,,,23.16,
2012-08-01,39,Ohio,OH,7.2,-1.7,5199900,1.48,,,1.08,
2012-08-01,40,Oklahoma,OK,5,-0.6,1614400,2.33,,,4.98,
2012-08-01,41,Oregon,OR,8.7,-0.8,1648100,1.42,,,0.75,
2012-08-01,42,Pennsylvania,PA,7.7,-0.1,5719200,0.59,,,1.85,
2012-08-01,44,Rhode Island,RI,10.2,-0.9,470200,1.25,,,0.82,
2012-08-01,45,South Carolina,SC,8.8,-1.6,1869000,1.59,,,1.13,
2012-08-01,46,South Dakota,SD,4,-0.5,413700,1.6,,,2.15,
2012-08-01,47,Tennessee,TN,7.8,-1.2,2725000,1.71,,,3.4,
2012-08-01,48,Texas,TX,6.6,-1.6,10961100,2.9,,,4.98,
2012-08-01,49,Utah,UT,4.7,-2.5,1254500,3.41,,,1.68,
2012-08-01,50,Vermont,VT,4.8,-0.5,305300,1.16,,,0.74,
2012-08-01,51,Virginia,VA,5.8,-0.6,3732700,1.15,,,0.72,
2012-08-01,53,Washington,WA,8.4,-1.1,2925100,1.54,,,3.61,
2012-08-01,54,West Virginia,WV,7.4,-0.3,724100,0.57,,,-0.07,
2012-08-01,55,Wisconsin,WI,6.9,-0.7,2780900,0.91,,,1.82,
2012-08-01,56,Wyoming,WY,5.4,-0.6,292100,0.27,,,-2.17,
2012-07-01,01,Alabama,AL,8.2,-1.5,1901600,0.56,,,1.14,
2012-07-01,02,Alaska,AK,7.1,-0.5,334800,1.39,,,5.63,
2012-07-01,04,Arizona,AZ,8.4,-1.2,2454500,2.25,,,2.3,
2012-07-01,05,Arkansas,AR,7.2,-0.8,1175000,0.26,,,1.19,
2012-07-01,10,Delaware,DE,7,-0.5,417900,0.43,,,-0.76,
2012-07-01,11,District of Columbia,DC,8.8,-1.6,729600,0.12,,,0.76,
2012-07-01,12,Florida,FL,8.7,-1.5,7402100,1.94,,,1,
2012-07-01,13,Georgia,GA,9,-1.1,3949600,1.04,,,1.62,
2012-07-01,15,Hawaii,HI,5.8,-1,608600,2.11,,,1.97,
2012-07-01,16,Idaho,ID,7.6,-0.9,621400,1.59,,,-1.11,
2012-07-01,17,Illinois,IL,9,-1.1,5746300,1.13,,,2.4,
2012-07-01,18,Indiana,IN,8.2,-0.9,2896700,1.55,,,0.73,
2012-07-01,19,Iowa,IA,5,-0.6,1509700,1.57,,,3.87,
2012-07-01,20,Kansas,KS,5.6,-0.7,1354800,0.8,,,1.52,
2012-07-01,21,Kentucky,KY,8.2,-1.3,1810700,1.67,,,1.95,
2012-07-01,22,Louisiana,LA,6.7,-0.6,1927600,1.04,,,0.49,
2012-07-01,23,Maine,ME,7.3,-0.5,598600,0.44,,,-0.42,
2012-07-01,24,Maryland,MD,6.9,-0.5,2591000,0.83,,,0.39,
2012-07-01,25,Massachusetts,MA,6.7,-0.5,3310600,1.33,,,2.25,
2012-07-01,26,Michigan,MI,9.1,-1.2,4043300,1.88,,,2.05,
2012-07-01,27,Minnesota,MN,5.7,-1,2714400,1.86,,,1.85,
2012-07-01,28,Mississippi,MS,8.8,-1.2,1102400,0.65,,,2.02,
2012-07-01,29,Missouri,MO,7.1,-1.5,2695600,0.52,,,1.2,
2012-07-01,30,Montana,MT,5.8,-0.9,440600,2.58,,,1.83,
2012-07-01,31,Nebraska,NE,3.9,-0.5,970100,1.72,,,-0.04,
2012-07-01,32,Nevada,NV,11.5,-1.6,1143900,1.5,,,-0.94,
2012-07-01,33,New Hampshire,NH,5.6,0,631300,1.17,,,0.84,
2012-07-01,34,New Jersey,NJ,9.6,0.2,3885800,0.86,,,2.23,
2012-07-01,35,New Mexico,NM,6.9,-0.3,801800,-0.35,,,0.23,
2012-07-01,36,New York,NY,8.8,0.5,8801900,1.12,,,3.88,
2012-07-01,37,North Carolina,NC,9.7,-0.8,3982600,1.51,,,0.81,
2012-07-01,38,North Dakota,ND,2.9,-0.5,430900,8.48,,,23.16,
2012-07-01,39,Ohio,OH,7.3,-1.6,5198600,1.6,,,1.08,
2012-07-01,40,Oklahoma,OK,5.1,-0.4,1612200,1.91,,,4.98,
2012-07-01,41,Oregon,OR,8.7,-0.8,1644600,1.25,,,0.75,
2012-07-01,42,Pennsylvania,PA,7.7,-0.1,5718500,0.57,,,1.85,
2012-07-01,44,Rhode Island,RI,10.3,-0.8,467800,0.45,,,0.82,
2012-07-01,45,South Carolina,SC,9,-1.5,1865000,1.41,,,1.13,
2012-07-01,46,South Dakota,SD,4.1,-0.4,413500,1.62,,,2.15,
2012-07-01,47,Tennessee,TN,7.9,-1.2,2722400,1.77,,,3.4,
2012-07-01,48,Texas,TX,6.7,-1.7,10925300,2.71,,,4.98,
2012-07-01,49,Utah,UT,4.8,-2.8,1250900,3.31,,,1.68,
2012-07-01,50,Vermont,VT,4.9,-0.5,304900,1.53,,,0.74,
2012-07-01,51,Virginia,VA,5.8,-0.5,3718500,0.73,,,0.72,
2012-07-01,53,Washington,WA,8.8,-0.7,2920500,1.49,,,3.61,
2012-07-01,54,West Virginia,WV,7.4,-0.3,725100,0.92,,,-0.07,
2012-07-01,55,Wisconsin,WI,7,-0.7,2777800,0.69,,,1.82,
2012-07-01,56,Wyoming,WY,5.5,-0.5,291700,0.76,,,-2.17,
2012-06-01,01,Alabama,AL,8.3,-1.5,1904000,1.06,,,1.14,
2012-06-01,02,Alaska,AK,7.2,-0.4,335300,1.7,,,5.63,
2012-06-01,04,Arizona,AZ,8.4,-1.2,2462000,2.51,,,2.3,
2012-06-01,05,Arkansas,AR,7.3,-0.7,1178900,1.38,,,1.19,
2012-06-01,10,Delaware,DE,7,-0.5,417300,0.34,,,-0.76,
2012-06-01,11,District of Columbia,DC,9,-1.3,730500,0.63,,,0.76,
2012-06-01,12,Florida,FL,8.8,-1.5,7397500,2.22,,,1,
2012-06-01,13,Georgia,GA,9.1,-1,3954400,1.38,,,1.62,
2012-06-01,15,Hawaii,HI,6,-0.8,607300,2.65,,,1.97,
2012-06-01,16,Idaho,ID,7.7,-0.8,620900,2,,,-1.11,
2012-06-01,17,Illinois,IL,9,-0.9,5746200,1.35,,,2.4,
2012-06-01,18,Indiana,IN,8.2,-0.7,2903400,2.3,,,0.73,
2012-06-01,19,Iowa,IA,5,-0.6,1507600,1.67,,,3.87,
2012-06-01,20,Kansas,KS,5.7,-0.7,1360600,2.02,,,1.52,
2012-06-01,21,Kentucky,KY,8.2,-1.3,1814200,1.88,,,1.95,
2012-06-01,22,Louisiana,LA,6.8,-0.5,1933300,1.85,,,0.49,
2012-06-01,23,Maine,ME,7.3,-0.5,599500,1.16,,,-0.42,
2012-06-01,24,Maryland,MD,6.9,-0.5,2589300,1.2,,,0.39,
2012-06-01,25,Massachusetts,MA,6.7,-0.6,3312500,2.06,,,2.25,
2012-06-01,26,Michigan,MI,9.1,-1.2,4031800,2.12,,,2.05,
2012-06-01,27,Minnesota,MN,5.7,-1,2722600,1.51,,,1.85,
2012-06-01,28,Mississippi,MS,8.9,-1.1,1101300,0.71,,,2.02,
2012-06-01,29,Missouri,MO,7.1,-1.6,2692600,0.62,,,1.2,
2012-06-01,30,Montana,MT,5.9,-0.8,440100,2.28,,,1.83,
2012-06-01,31,Nebraska,NE,3.9,-0.5,969400,1.75,,,-0.04,
2012-06-01,32,Nevada,NV,11.7,-1.4,1145200,1.96,,,-0.94,
2012-06-01,33,New Hampshire,NH,5.5,-0.1,631200,1.14,,,0.84,
2012-06-01,34,New Jersey,NJ,9.6,0.2,3890500,1.33,,,2.23,
2012-06-01,35,New Mexico,NM,7,-0.2,803800,0.15,,,0.23,
2012-06-01,36,New York,NY,8.8,0.5,8817900,1.66,,,3.88,
2012-06-01,37,North Carolina,NC,9.6,-0.8,3976800,1.44,,,0.81,
2012-06-01,38,North Dakota,ND,2.9,-0.5,432200,9.86,,,23.16,
2012-06-01,39,Ohio,OH,7.3,-1.6,5209700,2.44,,,1.08,
2012-06-01,40,Oklahoma,OK,5.1,-0.4,1615200,2.45,,,4.98,
2012-06-01,41,Oregon,OR,8.8,-0.7,1641200,1.23,,,0.75,
2012-06-01,42,Pennsylvania,PA,7.7,0,5725200,0.53,,,1.85,
2012-06-01,44,Rhode Island,RI,10.4,-0.7,469400,0.99,,,0.82,
2012-06-01,45,South Carolina,SC,9.2,-1.4,1865700,1.66,,,1.13,
2012-06-01,46,South Dakota,SD,4.1,-0.4,414400,1.64,,,2.15,
2012-06-01,47,Tennessee,TN,8,-1.1,2724400,2.33,,,3.4,
2012-06-01,48,Texas,TX,6.8,-1.5,10909600,2.88,,,4.98,
2012-06-01,49,Utah,UT,4.8,-3.1,1252300,3.97,,,1.68,
2012-06-01,50,Vermont,VT,4.9,-0.5,304400,1.4,,,0.74,
2012-06-01,51,Virginia,VA,5.9,-0.4,3726800,1.18,,,0.72,
2012-06-01,53,Washington,WA,9.1,-0.4,2918800,1.81,,,3.61,
2012-06-01,54,West Virginia,WV,7.3,-0.4,725300,1.27,,,-0.07,
2012-06-01,55,Wisconsin,WI,7,-0.7,2783100,1.3,,,1.82,
2012-06-01,56,Wyoming,WY,5.6,-0.4,292200,1.25,,,-2.17,
2012-05-01,01,Alabama,AL,8.4,-1.4,1902900,0.79,,,1.14,
2012-05-01,02,Alaska,AK,7.2,-0.4,334800,2.04,,,5.63,
2012-05-01,04,Arizona,AZ,8.5,-1.1,2452300,1.65,,,2.3,
2012-05-01,05,Arkansas,AR,7.3,-0.7,1179400,1.19,,,1.19,
2012-05-01,10,Delaware,DE,7,-0.4,417700,0.38,,,-0.76,
2012-05-01,11,District of Columbia,DC,9.1,-1.2,732500,1.2,,,0.76,
2012-05-01,12,Florida,FL,8.9,-1.5,7381600,1.91,,,1,
2012-05-01,13,Georgia,GA,9.2,-0.9,3949800,1.2,,,1.62,
2012-05-01,15,Hawaii,HI,6.1,-0.6,606200,2.36,,,1.97,
2012-05-01,16,Idaho,ID,7.7,-0.8,619500,1.94,,,-1.11,
2012-05-01,17,Illinois,IL,9,-0.8,5742200,1.3,,,2.4,
2012-05-01,18,Indiana,IN,8.2,-0.6,2898900,1.79,,,0.73,
2012-05-01,19,Iowa,IA,5,-0.6,1507400,1.64,,,3.87,
2012-05-01,20,Kansas,KS,5.7,-0.7,1357800,1.29,,,1.52,
2012-05-01,21,Kentucky,KY,8.2,-1.3,1811600,1.98,,,1.95,
2012-05-01,22,Louisiana,LA,6.9,-0.4,1935700,1.71,,,0.49,
2012-05-01,23,Maine,ME,7.3,-0.6,599600,1.28,,,-0.42,
2012-05-01,24,Maryland,MD,6.9,-0.4,2586300,1.12,,,0.39,
2012-05-01,25,Massachusetts,MA,6.7,-0.6,3299900,1.49,,,2.25,
2012-05-01,26,Michigan,MI,9.1,-1.2,4029500,2.22,,,2.05,
2012-05-01,27,Minnesota,MN,5.7,-1.1,2718000,1.36,,,1.85,
2012-05-01,28,Mississippi,MS,8.9,-1,1101100,0.75,,,2.02,
2012-05-01,29,Missouri,MO,7.2,-1.6,2691800,0.44,,,1.2,
2012-05-01,30,Montana,MT,5.9,-0.8,440000,2.25,,,1.83,
2012-05-01,31,Nebraska,NE,3.9,-0.5,968100,1.81,,,-0.04,
2012-05-01,32,Nevada,NV,11.8,-1.3,1141900,1.55,,,-0.94,
2012-05-01,33,New Hampshire,NH,5.5,0,629700,0.78,,,0.84,
2012-05-01,34,New Jersey,NJ,9.6,0.2,3881300,1.06,,,2.23,
2012-05-01,35,New Mexico,NM,7,-0.2,800600,-0.14,,,0.23,
2012-05-01,36,New York,NY,8.8,0.6,8819500,1.7,,,3.88,
2012-05-01,37,North Carolina,NC,9.6,-0.7,3987400,1.88,,,0.81,
2012-05-01,38,North Dakota,ND,2.9,-0.5,429000,9.3,,,23.16,
2012-05-01,39,Ohio,OH,7.4,-1.5,5202100,2.19,,,1.08,
2012-05-01,40,Oklahoma,OK,5,-0.5,1613000,2.39,,,4.98,
2012-05-01,41,Oregon,OR,8.8,-0.7,1640500,1.27,,,0.75,
2012-05-01,42,Pennsylvania,PA,7.6,-0.1,5729600,0.79,,,1.85,
2012-05-01,44,Rhode Island,RI,10.5,-0.5,469400,1.01,,,0.82,
2012-05-01,45,South Carolina,SC,9.3,-1.3,1860900,1.42,,,1.13,
2012-05-01,46,South Dakota,SD,4,-0.6,413700,1.92,,,2.15,
2012-05-01,47,Tennessee,TN,8,-1.2,2720700,2.11,,,3.4,
2012-05-01,48,Texas,TX,6.8,-1.4,10880100,2.82,,,4.98,
2012-05-01,49,Utah,UT,4.8,-3.1,1250200,4.02,,,1.68,
2012-05-01,50,Vermont,VT,4.8,-0.7,305100,1.46,,,0.74,
2012-05-01,51,Virginia,VA,5.9,-0.4,3724500,1.11,,,0.72,
2012-05-01,53,Washington,WA,9,-0.5,2913500,1.6,,,3.61,
2012-05-01,54,West Virginia,WV,7.2,-0.5,740300,2.93,,,-0.07,
2012-05-01,55,Wisconsin,WI,7,-0.6,2784300,1.3,,,1.82,
2012-05-01,56,Wyoming,WY,5.6,-0.5,293300,1.84,,,-2.17,
2012-04-01,01,Alabama,AL,8.4,-1.5,1906000,0.88,,,1.14,
2012-04-01,02,Alaska,AK,7.2,-0.4,334400,1.77,,,5.63,
2012-04-01,04,Arizona,AZ,8.5,-1.2,2451400,1.92,,,2.3,
2012-04-01,05,Arkansas,AR,7.3,-0.6,1179200,0.56,,,1.19,
2012-04-01,10,Delaware,DE,7,-0.5,417000,-0.55,,,-0.76,
2012-04-01,11,District of Columbia,DC,9.2,-0.9,728600,0.39,,,0.76,
2012-04-01,12,Florida,FL,8.9,-1.6,7381500,1.81,,,1,
2012-04-01,13,Georgia,GA,9.3,-0.8,3943600,1.06,,,1.62,
2012-04-01,15,Hawaii,HI,6.2,-0.4,604900,2.04,,,1.97,
2012-04-01,16,Idaho,ID,7.6,-1,617600,1.6,,,-1.11,
2012-04-01,17,Illinois,IL,9,-0.6,5743600,1.25,,,2.4,
2012-04-01,18,Indiana,IN,8.2,-0.5,2895300,1.95,,,0.73,
2012-04-01,19,Iowa,IA,5,-0.6,1506600,1.48,,,3.87,
2012-04-01,20,Kansas,KS,5.8,-0.6,1355300,1.07,,,1.52,
2012-04-01,21,Kentucky,KY,8.2,-1.3,1807900,1.62,,,1.95,
2012-04-01,22,Louisiana,LA,6.9,-0.5,1934600,1.62,,,0.49,
2012-04-01,23,Maine,ME,7.2,-0.7,599300,0.91,,,-0.42,
2012-04-01,24,Maryland,MD,6.9,-0.4,2587600,1.04,,,0.39,
2012-04-01,25,Massachusetts,MA,6.7,-0.7,3296500,1.41,,,2.25,
2012-04-01,26,Michigan,MI,9.1,-1.1,4037300,2.49,,,2.05,
2012-04-01,27,Minnesota,MN,5.7,-1.1,2723900,1.85,,,1.85,
2012-04-01,28,Mississippi,MS,8.9,-1,1101500,0.77,,,2.02,
2012-04-01,29,Missouri,MO,7.2,-1.6,2689600,0.3,,,1.2,
2012-04-01,30,Montana,MT,5.9,-0.8,438700,2.09,,,1.83,
2012-04-01,31,Nebraska,NE,3.9,-0.5,966900,1.59,,,-0.04,
2012-04-01,32,Nevada,NV,11.9,-1.2,1139200,1.38,,,-0.94,
2012-04-01,33,New Hampshire,NH,5.4,-0.1,629700,0.51,,,0.84,
2012-04-01,34,New Jersey,NJ,9.5,0.1,3874000,0.77,,,2.23,
2012-04-01,35,New Mexico,NM,7,-0.2,799800,-0.21,,,0.23,
2012-04-01,36,New York,NY,8.8,0.6,8799400,1.31,,,3.88,
2012-04-01,37,North Carolina,NC,9.5,-0.8,3979100,1.7,,,0.81,
2012-04-01,38,North Dakota,ND,2.9,-0.5,427200,9.29,,,23.16,
2012-04-01,39,Ohio,OH,7.4,-1.5,5193400,1.87,,,1.08,
2012-04-01,40,Oklahoma,OK,5,-0.5,1611000,2.25,,,4.98,
2012-04-01,41,Oregon,OR,8.8,-0.7,1637800,1.01,,,0.75,
2012-04-01,42,Pennsylvania,PA,7.5,-0.1,5729900,0.82,,,1.85,
2012-04-01,44,Rhode Island,RI,10.6,-0.4,468800,0.82,,,0.82,
2012-04-01,45,South Carolina,SC,9.4,-1.2,1860700,1.42,,,1.13,
2012-04-01,46,South Dakota,SD,4,-0.7,414700,2.34,,,2.15,
2012-04-01,47,Tennessee,TN,8,-1.2,2717700,2.16,,,3.4,
2012-04-01,48,Texas,TX,6.8,-1.3,10847600,2.61,,,4.98,
2012-04-01,49,Utah,UT,4.8,-3.1,1244200,3.52,,,1.68,
2012-04-01,50,Vermont,VT,4.8,-0.7,303500,1.37,,,0.74,
2012-04-01,51,Virginia,VA,5.9,-0.3,3728000,1.1,,,0.72,
2012-04-01,53,Washington,WA,8.9,-0.6,2907200,1.42,,,3.61,
2012-04-01,54,West Virginia,WV,7.1,-0.7,731500,1.72,,,-0.07,
2012-04-01,55,Wisconsin,WI,7,-0.6,2784300,1.32,,,1.82,
2012-04-01,56,Wyoming,WY,5.6,-0.5,294500,2.51,,,-2.17,
2012-03-01,01,Alabama,AL,8.4,,1905200,,,,1.14,
2012-03-01,02,Alaska,AK,7.2,,335200,,,,5.63,
2012-03-01,04,Arizona,AZ,8.6,,2451300,,,,2.3,
2012-03-01,05,Arkansas,AR,7.3,,1179400,,,,1.19,
2012-03-01,10,Delaware,DE,6.9,,417800,,,,-0.76,
2012-03-01,11,District of Columbia,DC,9.3,,730600,,,,0.76,
2012-03-01,12,Florida,FL,9,,7356100,,,,1,
2012-03-01,13,Georgia,GA,9.3,,3937200,,,,1.62,
2012-03-01,15,Hawaii,HI,6.3,,601400,,,,1.97,
2012-03-01,16,Idaho,ID,7.7,,616600,,,,-1.11,
2012-03-01,17,Illinois,IL,9,,5745800,,,,2.4,
2012-03-01,18,Indiana,IN,8.2,,2898000,,,,0.73,
2012-03-01,19,Iowa,IA,5.1,,1506800,,,,3.87,
2012-03-01,20,Kansas,KS,5.8,,1358600,,,,1.52,
2012-03-01,21,Kentucky,KY,8.2,,1810100,,,,1.95,
2012-03-01,22,Louisiana,LA,7,,1924300,,,,0.49,
2012-03-01,23,Maine,ME,7.2,,598800,,,,-0.42,
2012-03-01,24,Maryland,MD,6.9,,2592400,,,,0.39,
2012-03-01,25,Massachusetts,MA,6.7,,3306200,,,,2.25,
2012-03-01,26,Michigan,MI,9.1,,4027100,,,,2.05,
2012-03-01,27,Minnesota,MN,5.7,,2717400,,,,1.85,
2012-03-01,28,Mississippi,MS,8.9,,1102600,,,,2.02,
2012-03-01,29,Missouri,MO,7.3,,2697000,,,,1.2,
2012-03-01,30,Montana,MT,5.9,,437000,,,,1.83,
2012-03-01,31,Nebraska,NE,3.9,,966600,,,,-0.04,
2012-03-01,32,Nevada,NV,12,,1136600,,,,-0.94,
2012-03-01,33,New Hampshire,NH,5.3,,629800,,,,0.84,
2012-03-01,34,New Jersey,NJ,9.4,,3893900,,,,2.23,
2012-03-01,35,New Mexico,NM,7,,802000,,,,0.23,
2012-03-01,36,New York,NY,8.7,,8808900,,,,3.88,
2012-03-01,37,North Carolina,NC,9.6,,3975600,,,,0.81,
2012-03-01,38,North Dakota,ND,2.9,,424400,,,,23.16,
2012-03-01,39,Ohio,OH,7.5,,5200700,,,,1.08,
2012-03-01,40,Oklahoma,OK,5.1,,1606100,,,,4.98,
2012-03-01,41,Oregon,OR,8.8,,1637300,,,,0.75,
2012-03-01,42,Pennsylvania,PA,7.5,,5743800,,,,1.85,
2012-03-01,44,Rhode Island,RI,10.7,,469800,,,,0.82,
2012-03-01,45,South Carolina,SC,9.4,,1860700,,,,1.13,
2012-03-01,46,South Dakota,SD,4,,412700,,,,2.15,
2012-03-01,47,Tennessee,TN,8,,2718700,,,,3.4,
2012-03-01,48,Texas,TX,6.7,,10821900,,,,4.98,
2012-03-01,49,Utah,UT,4.8,,1235800,,,,1.68,
2012-03-01,50,Vermont,VT,4.8,,305100,,,,0.74,
2012-03-01,51,Virginia,VA,5.9,,3733400,,,,0.72,
2012-03-01,53,Washington,WA,8.9,,2900900,,,,3.61,
2012-03-01,54,West Virginia,WV,7,,732600,,,,-0.07,
2012-03-01,55,Wisconsin,WI,6.9,,2778700,,,,1.82,
2012-03-01,56,Wyoming,WY,5.6,,293200,,,,-2.17,
2012-02-01,01,Alabama,AL,8.5,-1.5,1898800,0.53,,,1.14,
2012-02-01,02,Alaska,AK,7.3,-0.5,334600,1.95,,,5.63,
2012-02-01,04,Arizona,AZ,8.7,-1.1,2442800,1.84,,,2.3,
2012-02-01,05,Arkansas,AR,7.3,-0.7,1176600,1.4,,,1.19,
2012-02-01,10,Delaware,DE,6.9,-0.7,416300,-0.14,,,-0.76,
2012-02-01,11,District of Columbia,DC,9.4,-0.5,728900,0.91,,,0.76,
2012-02-01,12,Florida,FL,9.1,-1.7,7337600,1.72,,,1,
2012-02-01,13,Georgia,GA,9.4,-0.8,3927100,1.09,,,1.62,
2012-02-01,15,Hawaii,HI,6.3,-0.3,601800,1.45,,,1.97,
2012-02-01,16,Idaho,ID,7.8,-0.9,616100,1.83,,,-1.11,
2012-02-01,17,Illinois,IL,9.1,-0.4,5729600,1.42,,,2.4,
2012-02-01,18,Indiana,IN,8.3,-0.6,2892900,2.38,,,0.73,
2012-02-01,19,Iowa,IA,5.1,-0.6,1501600,1.65,,,3.87,
2012-02-01,20,Kansas,KS,5.8,-0.8,1354200,1.6,,,1.52,
2012-02-01,21,Kentucky,KY,8.3,-1.4,1804900,1.7,,,1.95,
2012-02-01,22,Louisiana,LA,7,-0.6,1920500,1.1,,,0.49,
2012-02-01,23,Maine,ME,7.2,-0.8,598200,0.59,,,-0.42,
2012-02-01,24,Maryland,MD,6.9,-0.5,2585600,1.17,,,0.39,
2012-02-01,25,Massachusetts,MA,6.7,-0.8,3295600,1.64,,,2.25,
2012-02-01,26,Michigan,MI,9.1,-1.5,4014500,2.61,,,2.05,
2012-02-01,27,Minnesota,MN,5.8,-1.1,2708100,1.66,,,1.85,
2012-02-01,28,Mississippi,MS,9,-0.9,1100200,0.89,,,2.02,
2012-02-01,29,Missouri,MO,7.4,-1.7,2692500,0.88,,,1.2,
2012-02-01,30,Montana,MT,5.9,-1,436500,2.01,,,1.83,
2012-02-01,31,Nebraska,NE,4,-0.5,963200,1.82,,,-0.04,
2012-02-01,32,Nevada,NV,12.1,-1.1,1134700,1.19,,,-0.94,
2012-02-01,33,New Hampshire,NH,5.2,-0.3,627500,0.63,,,0.84,
2012-02-01,34,New Jersey,NJ,9.3,-0.2,3883000,1.16,,,2.23,
2012-02-01,35,New Mexico,NM,7,-0.3,799300,-0.08,,,0.23,
2012-02-01,36,New York,NY,8.7,0.4,8793400,1.71,,,3.88,
2012-02-01,37,North Carolina,NC,9.7,-0.7,3965300,1.6,,,0.81,
2012-02-01,38,North Dakota,ND,2.9,-0.5,420900,8.65,,,23.16,
2012-02-01,39,Ohio,OH,7.6,-1.4,5182300,2,,,1.08,
2012-02-01,40,Oklahoma,OK,5.1,-0.6,1602700,2.98,,,4.98,
2012-02-01,41,Oregon,OR,8.8,-0.9,1636100,1.06,,,0.75,
2012-02-01,42,Pennsylvania,PA,7.4,-0.2,5726200,1.03,,,1.85,
2012-02-01,44,Rhode Island,RI,10.8,-0.4,469200,1.38,,,0.82,
2012-02-01,45,South Carolina,SC,9.5,-1.1,1856100,1.71,,,1.13,
2012-02-01,46,South Dakota,SD,4.1,-0.8,411200,1.71,,,2.15,
2012-02-01,47,Tennessee,TN,8.1,-1.3,2708400,2.3,,,3.4,
2012-02-01,48,Texas,TX,7,-1.2,10783200,2.76,,,4.98,
2012-02-01,49,Utah,UT,4.7,-3.2,1231700,3.04,,,1.68,
2012-02-01,50,Vermont,VT,4.8,-0.9,304000,1.6,,,0.74,
2012-02-01,51,Virginia,VA,6,-0.3,3727700,1.27,,,0.72,
2012-02-01,53,Washington,WA,8.9,-0.7,2892200,1.25,,,3.61,
2012-02-01,54,West Virginia,WV,7,-1.1,731200,2.21,,,-0.07,
2012-02-01,55,Wisconsin,WI,6.9,-0.8,2764100,0.78,,,1.82,
2012-02-01,56,Wyoming,WY,5.6,-0.7,293100,2.48,,,-2.17,
2012-01-01,01,Alabama,AL,8.6,-1.5,1898700,0.68,203675511,203675511,1.14,90.515
2012-01-01,02,Alaska,AK,7.3,-0.5,332800,1.12,57087368,57087368,5.63,102.597
2012-01-01,04,Arizona,AZ,8.8,-1.1,2440100,1.86,297077253,297077253,2.3,98.044
2012-01-01,05,Arkansas,AR,7.4,-0.6,1176300,1.05,116616177,116616177,1.19,89.354
2012-01-01,06,California,CA,,,,,2255437279,2255437279,2.85,109.649
2012-01-01,08,Colorado,CO,,,,,289339541,289339541,1.89,103.152
2012-01-01,09,Connecticut,CT,,,,,263649924,263649924,0.8,107.542
2012-01-01,10,Delaware,DE,7,-0.7,415600,0.02,70562372,70562372,-0.76,99.53
2012-01-01,11,District of Columbia,DC,9.6,-0.2,729000,0.98,123567873,123567873,0.76,111.696
2012-01-01,12,Florida,FL,9.2,-1.7,7327800,1.53,857861342,857861342,1,101.046
2012-01-01,13,Georgia,GA,9.5,-0.8,3923500,1.86,489027294,489027294,1.62,95.243
2012-01-01,15,Hawaii,HI,6.4,-0.2,591500,0.29,78694016,78694016,1.97,108.37
2012-01-01,16,Idaho,ID,7.8,-1,615100,1.65,62007288,62007288,-1.11,93.491
2012-01-01,17,Illinois,IL,9.3,-0.2,5721400,1.3,790723271,790723271,2.4,100.982
2012-01-01,18,Indiana,IN,8.4,-0.6,2883200,2.17,323876247,323876247,0.73,92.784
2012-01-01,19,Iowa,IA,5.2,-0.6,1498800,1.57,170923725,170923725,3.87,90.843
2012-01-01,20,Kansas,KS,5.9,-0.8,1354000,1.2,150077075,150077075,1.52,93.313
2012-01-01,21,Kentucky,KY,8.5,-1.3,1802800,1.86,192060141,192060141,1.95,90.646
2012-01-01,22,Louisiana,LA,7.1,-0.6,1918100,1.17,242416842,242416842,0.49,92.878
2012-01-01,23,Maine,ME,7.3,-0.8,595800,0.47,59181697,59181697,-0.42,97.011
2012-01-01,24,Maryland,MD,7,-0.4,2582500,1.27,361561816,361561816,0.39,107.41
2012-01-01,25,Massachusetts,MA,6.7,-0.9,3293300,1.65,483286306,483286306,2.25,104.444
2012-01-01,26,Michigan,MI,9.2,-1.6,4009100,2.51,463302557,463302557,2.05,95.019
2012-01-01,27,Minnesota,MN,5.8,-1.2,2704500,1.65,321053857,321053857,1.85,97.391
2012-01-01,28,Mississippi,MS,9.1,-0.8,1098500,0.66,108646459,108646459,2.02,88.521
2012-01-01,29,Missouri,MO,7.5,-1.7,2691700,0.78,296514292,296514292,1.2,92.456
2012-01-01,30,Montana,MT,6,-1,437000,2.13,44329081,44329081,1.83,93.207
2012-01-01,31,Nebraska,NE,4.1,-0.4,962500,1.79,109686280,109686280,-0.04,92.325
2012-01-01,32,Nevada,NV,12.2,-1.1,1133800,1.15,142986066,142986066,-0.94,101.595
2012-01-01,33,New Hampshire,NH,5.2,-0.4,629100,0.95,74082814,74082814,0.84,102.937
2012-01-01,34,New Jersey,NJ,9.3,-0.2,3875500,1.06,560729738,560729738,2.23,109.42
2012-01-01,35,New Mexico,NM,7,-0.4,796100,-0.28,90762379,90762379,0.23,96.483
2012-01-01,36,New York,NY,8.6,0.2,8774400,1.53,1496280128,1496280128,3.88,109.733
2012-01-01,37,North Carolina,NC,9.8,-0.7,3961000,1.96,488126533,488126533,0.81,93.471
2012-01-01,38,North Dakota,ND,3,-0.4,418000,8.29,53326806,53326806,23.16,92.068
2012-01-01,39,Ohio,OH,7.8,-1.4,5166100,1.81,586540926,586540926,1.08,93.037
2012-01-01,40,Oklahoma,OK,5.2,-0.7,1597300,2.13,172016039,172016039,4.98,91.179
2012-01-01,41,Oregon,OR,8.9,-1,1634300,0.99,187352391,187352391,0.75,101.112
2012-01-01,42,Pennsylvania,PA,7.5,-0.2,5710900,0.82,689007041,689007041,1.85,98.025
2012-01-01,44,Rhode Island,RI,10.9,-0.4,467300,0.99,56487375,56487375,0.82,99.934
2012-01-01,45,South Carolina,SC,9.6,-1,1853600,2.01,195406148,195406148,1.13,93.36
2012-01-01,46,South Dakota,SD,4.1,-0.8,411100,1.83,48653884,48653884,2.15,90.38
2012-01-01,47,Tennessee,TN,8.2,-1.3,2700900,2.32,311754151,311754151,3.4,93.362
2012-01-01,48,Texas,TX,7.1,-1.1,10752800,2.5,1438354410,1438354410,4.98,97.646
2012-01-01,49,Utah,UT,5.3,-2.7,1228400,2.97,140622492,140622492,1.68,99.423
2012-01-01,50,Vermont,VT,4.9,-0.9,303300,1.34,31898139,31898139,0.74,100.05
2012-01-01,51,Virginia,VA,6,-0.4,3724000,1.27,483041359,483041359,0.72,102.471
2012-01-01,53,Washington,WA,9,-0.7,2888200,1.13,426447018,426447018,3.61,102.509
2012-01-01,54,West Virginia,WV,7.1,-1.1,729900,2.51,73124528,73124528,-0.07,89.267
2012-01-01,55,Wisconsin,WI,7,-0.8,2755100,0.48,299007637,299007637,1.82,94.356
2012-01-01,56,Wyoming,WY,5.7,-0.7,292700,2.49,38084983,38084983,-2.17,96.284
2012-01-01,91,New England,,,,,,968580069,968580069,1.44,
2012-01-01,92,Mideast,,,,,,3301293996,3301293996,2.54,
2012-01-01,93,Great Lakes,,,,,,2463334033,2463334033,1.72,
2012-01-01,94,Plains,,,,,,1149893612,1149893612,2.63,
2012-01-01,95,Southeast,,,,,,3762626344,3762626344,1.25,
2012-01-01,96,Southwest,,,,,,1996352031,1996352031,4.38,
2012-01-01,97,Rocky Mountain,,,,,,574357559,574357559,1.21,
2012-01-01,98,Far West,,,,,,3148430217,3148430217,2.69,
2011-12-01,01,Alabama,AL,8.7,-1.4,1892400,0.08,,,0.96,
2011-12-01,02,Alaska,AK,7.4,-0.5,331800,1.13,,,0.73,
2011-12-01,04,Arizona,AZ,8.9,-1.1,2432300,1.54,,,2.89,
2011-12-01,05,Arkansas,AR,7.5,-0.5,1175500,0.89,,,1.98,
2011-12-01,10,Delaware,DE,7.1,-0.8,415600,0.05,,,4.12,
2011-12-01,11,District of Columbia,DC,9.7,-0.1,728200,1.53,,,1.86,
2011-12-01,12,Florida,FL,9.4,-1.7,7306400,1.47,,,-0.3,
2011-12-01,13,Georgia,GA,9.6,-0.8,3912800,0.99,,,2.04,
2011-12-01,15,Hawaii,HI,6.5,-0.2,600000,1.59,,,1.37,
2011-12-01,16,Idaho,ID,8,-0.9,617800,2.2,,,0.12,
2011-12-01,17,Illinois,IL,9.5,-0.1,5703200,1.11,,,2.23,
2011-12-01,18,Indiana,IN,8.6,-0.7,2871000,2.09,,,0.25,
2011-12-01,19,Iowa,IA,5.3,-0.6,1496100,1.38,,,1.84,
2011-12-01,20,Kansas,KS,6,-0.8,1344600,0.79,,,2.76,
2011-12-01,21,Kentucky,KY,8.7,-1.2,1795000,1.16,,,0.89,
2011-12-01,22,Louisiana,LA,7.1,-0.6,1913600,1.11,,,-4.83,
2011-12-01,23,Maine,ME,7.4,-0.7,595700,0.34,,,-0.88,
2011-12-01,24,Maryland,MD,7,-0.5,2573700,0.93,,,2.14,
2011-12-01,25,Massachusetts,MA,6.8,-0.9,3279700,1.28,,,2.24,
2011-12-01,26,Michigan,MI,9.4,-1.7,3994300,2.53,,,2.88,
2011-12-01,27,Minnesota,MN,5.9,-1.2,2704600,1.99,,,2.31,
2011-12-01,28,Mississippi,MS,9.3,-0.6,1094200,-0.01,,,-0.21,
2011-12-01,29,Missouri,MO,7.7,-1.6,2686000,0.6,,,-1.01,
2011-12-01,30,Montana,MT,6.1,-0.9,435700,1.87,,,2.5,
2011-12-01,31,Nebraska,NE,4.1,-0.4,959700,1.29,,,5.57,
2011-12-01,32,Nevada,NV,12.4,-1,1130400,1.15,,,1.21,
2011-12-01,33,New Hampshire,NH,5.3,-0.4,626800,0.56,,,0.71,
2011-12-01,34,New Jersey,NJ,9.3,-0.2,3862700,0.56,,,-1.13,
2011-12-01,35,New Mexico,NM,7.1,-0.4,798300,-0.26,,,-0.19,
2011-12-01,36,New York,NY,8.6,0.1,8746000,1.9,,,0.61,
2011-12-01,37,North Carolina,NC,10,-0.6,3942700,1.34,,,0.45,
2011-12-01,38,North Dakota,ND,3.1,-0.4,412400,7.12,,,11.89,
2011-12-01,39,Ohio,OH,8,-1.3,5148400,1.57,,,2.91,
2011-12-01,40,Oklahoma,OK,5.4,-0.6,1591600,1.65,,,3.65,
2011-12-01,41,Oregon,OR,9,-1.2,1631100,1.19,,,2.89,
2011-12-01,42,Pennsylvania,PA,7.6,-0.2,5706200,0.84,,,1.45,
2011-12-01,44,Rhode Island,RI,11,-0.4,465900,0.65,,,-0.04,
2011-12-01,45,South Carolina,SC,9.7,-1,1844300,1.11,,,2.35,
2011-12-01,46,South Dakota,SD,4.2,-0.7,411000,1.63,,,6.29,
2011-12-01,47,Tennessee,TN,8.4,-1.2,2693100,2.3,,,3.01,
2011-12-01,48,Texas,TX,7.3,-1,10708200,2.26,,,3.56,
2011-12-01,49,Utah,UT,5.5,-2.6,1223500,2.67,,,3.41,
2011-12-01,50,Vermont,VT,5,-0.9,303200,1.57,,,2.5,
2011-12-01,51,Virginia,VA,6.1,-0.4,3711800,1.26,,,0.81,
2011-12-01,53,Washington,WA,9.1,-0.7,2886200,1.3,,,2.01,
2011-12-01,54,West Virginia,WV,7.2,-1.1,729000,2.19,,,1.88,
2011-12-01,55,Wisconsin,WI,7.1,-0.8,2760400,0.91,,,2.09,
2011-12-01,56,Wyoming,WY,5.8,-0.7,292700,2.52,,,-0.53,
2011-11-01,01,Alabama,AL,8.9,-1.2,1893400,0.05,,,0.96,
2011-11-01,02,Alaska,AK,7.5,-0.4,332400,1.28,,,0.73,
2011-11-01,04,Arizona,AZ,9.1,-1,2429100,1.68,,,2.89,
2011-11-01,05,Arkansas,AR,7.6,-0.4,1176000,1,,,1.98,
2011-11-01,10,Delaware,DE,7.2,-0.8,415000,0.17,,,4.12,
2011-11-01,11,District of Columbia,DC,9.9,0.2,726400,1.4,,,1.86,
2011-11-01,12,Florida,FL,9.5,-1.7,7293800,1.34,,,-0.3,
2011-11-01,13,Georgia,GA,9.7,-0.7,3914800,1.05,,,2.04,
2011-11-01,15,Hawaii,HI,6.7,0,598800,0.88,,,1.37,
2011-11-01,16,Idaho,ID,8,-0.9,616100,1.78,,,0.12,
2011-11-01,17,Illinois,IL,9.7,0,5698900,1.09,,,2.23,
2011-11-01,18,Indiana,IN,8.9,-0.6,2861600,1.85,,,0.25,
2011-11-01,19,Iowa,IA,5.4,-0.5,1494600,1.4,,,1.84,
2011-11-01,20,Kansas,KS,6.1,-0.8,1345500,1.12,,,2.76,
2011-11-01,21,Kentucky,KY,8.9,-1.1,1795400,1.41,,,0.89,
2011-11-01,22,Louisiana,LA,7.2,-0.6,1911800,1.24,,,-4.83,
2011-11-01,23,Maine,ME,7.5,-0.7,596700,0.56,,,-0.88,
2011-11-01,24,Maryland,MD,7.1,-0.5,2568600,0.83,,,2.14,
2011-11-01,25,Massachusetts,MA,6.9,-0.9,3274900,1.25,,,2.24,
2011-11-01,26,Michigan,MI,9.6,-1.9,3994400,2.52,,,2.88,
2011-11-01,27,Minnesota,MN,6.1,-1.2,2699200,1.75,,,2.31,
2011-11-01,28,Mississippi,MS,9.5,-0.4,1094200,0.2,,,-0.21,
2011-11-01,29,Missouri,MO,8,-1.4,2682600,0.39,,,-1.01,
2011-11-01,30,Montana,MT,6.3,-0.7,434700,1.66,,,2.5,
2011-11-01,31,Nebraska,NE,4.2,-0.3,958800,1.27,,,5.57,
2011-11-01,32,Nevada,NV,12.6,-0.8,1129900,1.23,,,1.21,
2011-11-01,33,New Hampshire,NH,5.3,-0.5,627600,0.84,,,0.71,
2011-11-01,34,New Jersey,NJ,9.3,-0.2,3859400,0.49,,,-1.13,
2011-11-01,35,New Mexico,NM,7.2,-0.4,797600,-0.2,,,-0.19,
2011-11-01,36,New York,NY,8.5,0,8730400,1.76,,,0.61,
2011-11-01,37,North Carolina,NC,10.1,-0.6,3935900,1.18,,,0.45,
2011-11-01,38,North Dakota,ND,3.2,-0.3,408500,6.57,,,11.89,
2011-11-01,39,Ohio,OH,8.3,-1.2,5140400,1.51,,,2.91,
2011-11-01,40,Oklahoma,OK,5.5,-0.6,1588800,1.65,,,3.65,
2011-11-01,41,Oregon,OR,9.1,-1.3,1629400,0.98,,,2.89,
2011-11-01,42,Pennsylvania,PA,7.7,-0.2,5703200,0.88,,,1.45,
2011-11-01,44,Rhode Island,RI,11.1,-0.4,465900,0.54,,,-0.04,
2011-11-01,45,South Carolina,SC,9.9,-0.9,1840200,1.19,,,2.35,
2011-11-01,46,South Dakota,SD,4.3,-0.6,409500,1.06,,,6.29,
2011-11-01,47,Tennessee,TN,8.6,-1,2690300,2.22,,,3.01,
2011-11-01,48,Texas,TX,7.5,-0.8,10686100,2.24,,,3.56,
2011-11-01,49,Utah,UT,5.8,-2.4,1218500,2.41,,,3.41,
2011-11-01,50,Vermont,VT,5.1,-0.9,302100,0.94,,,2.5,
2011-11-01,51,Virginia,VA,6.2,-0.4,3713400,1.34,,,0.81,
2011-11-01,53,Washington,WA,9.1,-0.8,2886500,1.38,,,2.01,
2011-11-01,54,West Virginia,WV,7.3,-1.1,727300,1.71,,,1.88,
2011-11-01,55,Wisconsin,WI,7.3,-0.7,2755700,0.62,,,2.09,
2011-11-01,56,Wyoming,WY,5.9,-0.6,292300,2.27,,,-0.53,
2011-10-01,01,Alabama,AL,9.1,-1,1891800,-0.14,,,0.96,
2011-10-01,02,Alaska,AK,7.5,-0.4,332600,1.59,,,0.73,
2011-10-01,04,Arizona,AZ,9.2,-0.9,2424600,1.6,,,2.89,
2011-10-01,05,Arkansas,AR,7.8,-0.1,1176400,1.04,,,1.98,
2011-10-01,10,Delaware,DE,7.3,-0.7,414400,-0.05,,,4.12,
2011-10-01,11,District of Columbia,DC,10.1,0.4,727500,1.55,,,1.86,
2011-10-01,12,Florida,FL,9.7,-1.5,7287300,1.16,,,-0.3,
2011-10-01,13,Georgia,GA,9.9,-0.5,3910700,0.93,,,2.04,
2011-10-01,15,Hawaii,HI,6.8,0.1,597900,1.37,,,1.37,
2011-10-01,16,Idaho,ID,8.2,-0.7,614200,1.35,,,0.12,
2011-10-01,17,Illinois,IL,9.9,0.1,5695500,1.07,,,2.23,
2011-10-01,18,Indiana,IN,9,-0.6,2863700,1.86,,,0.25,
2011-10-01,19,Iowa,IA,5.5,-0.5,1492300,1.32,,,1.84,
2011-10-01,20,Kansas,KS,6.2,-0.7,1345000,0.7,,,2.76,
2011-10-01,21,Kentucky,KY,9.1,-0.9,1792000,1.2,,,0.89,
2011-10-01,22,Louisiana,LA,7.2,-0.5,1911400,1.15,,,-4.83,
2011-10-01,23,Maine,ME,7.6,-0.6,596000,0.35,,,-0.88,
2011-10-01,24,Maryland,MD,7.2,-0.5,2571400,0.87,,,2.14,
2011-10-01,25,Massachusetts,MA,7,-0.8,3273500,1.24,,,2.24,
2011-10-01,26,Michigan,MI,9.8,-2,3988500,2.43,,,2.88,
2011-10-01,27,Minnesota,MN,6.2,-1.1,2696700,1.77,,,2.31,
2011-10-01,28,Mississippi,MS,9.6,-0.3,1094700,-0.13,,,-0.21,
2011-10-01,29,Missouri,MO,8.2,-1.2,2679600,0.23,,,-1.01,
2011-10-01,30,Montana,MT,6.4,-0.6,433600,1.24,,,2.5,
2011-10-01,31,Nebraska,NE,4.3,-0.2,957100,0.97,,,5.57,
2011-10-01,32,Nevada,NV,12.8,-0.6,1130200,1.28,,,1.21,
2011-10-01,33,New Hampshire,NH,5.4,-0.4,625800,0.45,,,0.71,
2011-10-01,34,New Jersey,NJ,9.3,-0.2,3856400,0.32,,,-1.13,
2011-10-01,35,New Mexico,NM,7.2,-0.5,797800,-0.24,,,-0.19,
2011-10-01,36,New York,NY,8.5,-0.1,8717000,1.7,,,0.61,
2011-10-01,37,North Carolina,NC,10.4,-0.1,3929300,1.07,,,0.45,
2011-10-01,38,North Dakota,ND,3.3,-0.3,405300,6.04,,,11.89,
2011-10-01,39,Ohio,OH,8.5,-1.1,5126600,1.34,,,2.91,
2011-10-01,40,Oklahoma,OK,5.5,-0.7,1588500,1.64,,,3.65,
2011-10-01,41,Oregon,OR,9.3,-1.2,1626900,0.82,,,2.89,
2011-10-01,42,Pennsylvania,PA,7.8,-0.1,5695000,0.83,,,1.45,
2011-10-01,44,Rhode Island,RI,11.1,-0.4,465400,0.67,,,-0.04,
2011-10-01,45,South Carolina,SC,10,-0.8,1839800,1.04,,,2.35,
2011-10-01,46,South Dakota,SD,4.4,-0.5,409400,1.19,,,6.29,
2011-10-01,47,Tennessee,TN,8.8,-0.8,2686600,1.95,,,3.01,
2011-10-01,48,Texas,TX,7.8,-0.4,10667500,2.1,,,3.56,
2011-10-01,49,Utah,UT,6.3,-1.8,1217000,2.45,,,3.41,
2011-10-01,50,Vermont,VT,5.2,-0.8,302100,0.37,,,2.5,
2011-10-01,51,Virginia,VA,6.3,-0.3,3709500,1.23,,,0.81,
2011-10-01,53,Washington,WA,9.3,-0.6,2880800,1.19,,,2.01,
2011-10-01,54,West Virginia,WV,7.5,-0.9,725800,1.44,,,1.88,
2011-10-01,55,Wisconsin,WI,7.4,-0.6,2755700,0.7,,,2.09,
2011-10-01,56,Wyoming,WY,6,-0.6,291600,1.71,,,-0.53,
2011-09-01,01,Alabama,AL,9.3,-0.8,1895600,0.42,,,0.96,
2011-09-01,02,Alaska,AK,7.6,-0.2,332200,1.65,,,0.73,
2011-09-01,04,Arizona,AZ,9.4,-0.8,2423000,2.12,,,2.89,
2011-09-01,05,Arkansas,AR,7.9,0.1,1171700,0.61,,,1.98,
2011-09-01,10,Delaware,DE,7.4,-0.7,416600,0.14,,,4.12,
2011-09-01,11,District of Columbia,DC,10.2,0.6,731100,2.32,,,1.86,
2011-09-01,12,Florida,FL,9.8,-1.4,7285300,1.56,,,-0.3,
2011-09-01,13,Georgia,GA,10,-0.4,3916300,1.39,,,2.04,
2011-09-01,15,Hawaii,HI,6.9,0.2,597200,1.69,,,1.37,
2011-09-01,16,Idaho,ID,8.4,-0.6,613800,1.98,,,0.12,
2011-09-01,17,Illinois,IL,10.1,0.2,5698400,1.47,,,2.23,
2011-09-01,18,Indiana,IN,9.1,-0.6,2860300,2.2,,,0.25,
2011-09-01,19,Iowa,IA,5.6,-0.4,1493800,1.95,,,1.84,
2011-09-01,20,Kansas,KS,6.3,-0.5,1342400,1.08,,,2.76,
2011-09-01,21,Kentucky,KY,9.3,-0.7,1792700,1.65,,,0.89,
2011-09-01,22,Louisiana,LA,7.2,-0.5,1911200,1.22,,,-4.83,
2011-09-01,23,Maine,ME,7.7,-0.5,596800,0.62,,,-0.88,
2011-09-01,24,Maryland,MD,7.3,-0.4,2566200,0.99,,,2.14,
2011-09-01,25,Massachusetts,MA,7.1,-0.8,3274400,1.71,,,2.24,
2011-09-01,26,Michigan,MI,10,-2.2,3982800,2.67,,,2.88,
2011-09-01,27,Minnesota,MN,6.4,-0.9,2704100,2.63,,,2.31,
2011-09-01,28,Mississippi,MS,9.8,-0.1,1094200,0.1,,,-0.21,
2011-09-01,29,Missouri,MO,8.4,-0.9,2684900,0.55,,,-1.01,
2011-09-01,30,Montana,MT,6.6,-0.4,433400,1.24,,,2.5,
2011-09-01,31,Nebraska,NE,4.3,-0.2,956100,0.98,,,5.57,
2011-09-01,32,Nevada,NV,12.9,-0.5,1129100,1.5,,,1.21,
2011-09-01,33,New Hampshire,NH,5.5,-0.3,625400,0.69,,,0.71,
2011-09-01,34,New Jersey,NJ,9.4,-0.1,3854800,0.5,,,-1.13,
2011-09-01,35,New Mexico,NM,7.2,-0.5,800900,0.54,,,-0.19,
2011-09-01,36,New York,NY,8.4,-0.2,8721300,2.17,,,0.61,
2011-09-01,37,North Carolina,NC,10.5,0,3929600,1.61,,,0.45,
2011-09-01,38,North Dakota,ND,3.3,-0.3,403500,6.63,,,11.89,
2011-09-01,39,Ohio,OH,8.7,-1,5126800,1.73,,,2.91,
2011-09-01,40,Oklahoma,OK,5.6,-0.6,1591300,2.38,,,3.65,
2011-09-01,41,Oregon,OR,9.4,-1.1,1627800,1.4,,,2.89,
2011-09-01,42,Pennsylvania,PA,7.8,-0.2,5693800,1.12,,,1.45,
2011-09-01,44,Rhode Island,RI,11.1,-0.4,465000,0.41,,,-0.04,
2011-09-01,45,South Carolina,SC,10.2,-0.6,1840300,1.3,,,2.35,
2011-09-01,46,South Dakota,SD,4.4,-0.4,408500,1.31,,,6.29,
2011-09-01,47,Tennessee,TN,8.9,-0.6,2681600,2.13,,,3.01,
2011-09-01,48,Texas,TX,8.1,-0.1,10673200,2.66,,,3.56,
2011-09-01,49,Utah,UT,6.7,-1.5,1216200,2.7,,,3.41,
2011-09-01,50,Vermont,VT,5.3,-0.7,302000,1.07,,,2.5,
2011-09-01,51,Virginia,VA,6.3,-0.4,3714100,1.63,,,0.81,
2011-09-01,53,Washington,WA,9.4,-0.5,2881500,1.74,,,2.01,
2011-09-01,54,West Virginia,WV,7.6,-0.7,724400,1.6,,,1.88,
2011-09-01,55,Wisconsin,WI,7.5,-0.6,2760300,1.23,,,2.09,
2011-09-01,56,Wyoming,WY,6,-0.6,291800,1.99,,,-0.53,
2011-08-01,01,Alabama,AL,9.5,-0.6,1891300,-0.04,,,0.96,
2011-08-01,02,Alaska,AK,7.6,-0.2,330000,1.16,,,0.73,
2011-08-01,04,Arizona,AZ,9.5,-0.7,2416800,1.54,,,2.89,
2011-08-01,05,Arkansas,AR,7.9,0.2,1172300,0.22,,,1.98,
2011-08-01,10,Delaware,DE,7.5,-0.6,414800,-0.24,,,4.12,
2011-08-01,11,District of Columbia,DC,10.3,0.7,727100,2.6,,,1.86,
2011-08-01,12,Florida,FL,10.1,-1.1,7264900,1.02,,,-0.3,
2011-08-01,13,Georgia,GA,10.1,-0.2,3910100,1.12,,,2.04,
2011-08-01,15,Hawaii,HI,6.9,0.3,594600,1.24,,,1.37,
2011-08-01,16,Idaho,ID,8.5,-0.5,612800,1.51,,,0.12,
2011-08-01,17,Illinois,IL,10.1,0.1,5693200,1.4,,,2.23,
2011-08-01,18,Indiana,IN,9.1,-0.7,2840300,1.41,,,0.25,
2011-08-01,19,Iowa,IA,5.6,-0.3,1489200,1.53,,,1.84,
2011-08-01,20,Kansas,KS,6.3,-0.5,1346000,0.69,,,2.76,
2011-08-01,21,Kentucky,KY,9.4,-0.6,1789300,1.77,,,0.89,
2011-08-01,22,Louisiana,LA,7.3,-0.3,1908200,0.98,,,-4.83,
2011-08-01,23,Maine,ME,7.7,-0.5,595800,0.86,,,-0.88,
2011-08-01,24,Maryland,MD,7.3,-0.4,2561400,0.74,,,2.14,
2011-08-01,25,Massachusetts,MA,7.2,-0.7,3263600,1.28,,,2.24,
2011-08-01,26,Michigan,MI,10.2,-2.3,3971300,2.67,,,2.88,
2011-08-01,27,Minnesota,MN,6.6,-0.7,2691300,1.99,,,2.31,
2011-08-01,28,Mississippi,MS,9.9,0.1,1092500,-0.07,,,-0.21,
2011-08-01,29,Missouri,MO,8.5,-0.8,2680000,-0.06,,,-1.01,
2011-08-01,30,Montana,MT,6.6,-0.4,431900,0.72,,,2.5,
2011-08-01,31,Nebraska,NE,4.4,-0.1,953300,0.45,,,5.57,
2011-08-01,32,Nevada,NV,13,-0.3,1127300,0.72,,,1.21,
2011-08-01,33,New Hampshire,NH,5.6,-0.2,623600,0.35,,,0.71,
2011-08-01,34,New Jersey,NJ,9.4,-0.1,3846500,-0.04,,,-1.13,
2011-08-01,35,New Mexico,NM,7.2,-0.6,800700,-0.17,,,-0.19,
2011-08-01,36,New York,NY,8.4,-0.2,8693500,1.91,,,0.61,
2011-08-01,37,North Carolina,NC,10.5,-0.1,3927800,1.39,,,0.45,
2011-08-01,38,North Dakota,ND,3.4,-0.2,399600,5.97,,,11.89,
2011-08-01,39,Ohio,OH,8.9,-0.8,5124200,1.99,,,2.91,
2011-08-01,40,Oklahoma,OK,5.6,-0.7,1577700,1.28,,,3.65,
2011-08-01,41,Oregon,OR,9.5,-1,1625100,1.01,,,2.89,
2011-08-01,42,Pennsylvania,PA,7.8,-0.2,5685400,0.83,,,1.45,
2011-08-01,44,Rhode Island,RI,11.1,-0.4,464400,0.06,,,-0.04,
2011-08-01,45,South Carolina,SC,10.4,-0.5,1839700,1.03,,,2.35,
2011-08-01,46,South Dakota,SD,4.5,-0.3,407200,0.87,,,6.29,
2011-08-01,47,Tennessee,TN,9,-0.5,2679100,2.03,,,3.01,
2011-08-01,48,Texas,TX,8.2,0.1,10652500,2.49,,,3.56,
2011-08-01,49,Utah,UT,7.2,-1,1213100,2.44,,,3.41,
2011-08-01,50,Vermont,VT,5.3,-0.7,301800,1.11,,,2.5,
2011-08-01,51,Virginia,VA,6.4,-0.3,3690300,0.88,,,0.81,
2011-08-01,53,Washington,WA,9.5,-0.4,2880700,1.67,,,2.01,
2011-08-01,54,West Virginia,WV,7.7,-0.5,720000,0.69,,,1.88,
2011-08-01,55,Wisconsin,WI,7.6,-0.5,2755800,1.01,,,2.09,
2011-08-01,56,Wyoming,WY,6,-0.6,291300,2.32,,,-0.53,
2011-07-01,01,Alabama,AL,9.7,-0.4,1891100,-0.26,,,0.96,
2011-07-01,02,Alaska,AK,7.6,-0.2,330200,1.04,,,0.73,
2011-07-01,04,Arizona,AZ,9.6,-0.7,2400400,0.76,,,2.89,
2011-07-01,05,Arkansas,AR,8,0.3,1171900,0.27,,,1.98,
2011-07-01,10,Delaware,DE,7.5,-0.7,416100,0.02,,,4.12,
2011-07-01,11,District of Columbia,DC,10.4,0.9,728700,1.42,,,1.86,
2011-07-01,12,Florida,FL,10.2,-1,7261200,0.98,,,-0.3,
2011-07-01,13,Georgia,GA,10.1,-0.1,3908900,0.97,,,2.04,
2011-07-01,15,Hawaii,HI,6.8,0.2,596000,1.21,,,1.37,
2011-07-01,16,Idaho,ID,8.5,-0.5,611700,1.36,,,0.12,
2011-07-01,17,Illinois,IL,10.1,-0.1,5681900,1.64,,,2.23,
2011-07-01,18,Indiana,IN,9.1,-0.8,2852400,1.32,,,0.25,
2011-07-01,19,Iowa,IA,5.6,-0.3,1486300,1.28,,,1.84,
2011-07-01,20,Kansas,KS,6.3,-0.5,1344100,0.59,,,2.76,
2011-07-01,21,Kentucky,KY,9.5,-0.6,1781000,1.23,,,0.89,
2011-07-01,22,Louisiana,LA,7.3,-0.2,1907800,0.96,,,-4.83,
2011-07-01,23,Maine,ME,7.8,-0.4,596000,0.61,,,-0.88,
2011-07-01,24,Maryland,MD,7.4,-0.3,2569700,1.07,,,2.14,
2011-07-01,25,Massachusetts,MA,7.2,-0.8,3267000,1.45,,,2.24,
2011-07-01,26,Michigan,MI,10.3,-2.6,3968800,2.21,,,2.88,
2011-07-01,27,Minnesota,MN,6.7,-0.5,2664800,1.1,,,2.31,
2011-07-01,28,Mississippi,MS,10,0.1,1095300,-0.18,,,-0.21,
2011-07-01,29,Missouri,MO,8.6,-0.7,2681600,0.65,,,-1.01,
2011-07-01,30,Montana,MT,6.7,-0.3,429500,0.26,,,2.5,
2011-07-01,31,Nebraska,NE,4.4,-0.1,953700,0.58,,,5.57,
2011-07-01,32,Nevada,NV,13.1,-0.2,1127000,0.6,,,1.21,
2011-07-01,33,New Hampshire,NH,5.6,-0.3,624000,0.34,,,0.71,
2011-07-01,34,New Jersey,NJ,9.4,-0.1,3852700,-0.05,,,-1.13,
2011-07-01,35,New Mexico,NM,7.2,-0.6,804600,-0.15,,,-0.19,
2011-07-01,36,New York,NY,8.3,-0.4,8704800,1.73,,,0.61,
2011-07-01,37,North Carolina,NC,10.5,-0.1,3923500,1.27,,,0.45,
2011-07-01,38,North Dakota,ND,3.4,-0.2,397200,5.58,,,11.89,
2011-07-01,39,Ohio,OH,8.9,-0.9,5116800,1.75,,,2.91,
2011-07-01,40,Oklahoma,OK,5.5,-0.8,1582000,1.39,,,3.65,
2011-07-01,41,Oregon,OR,9.5,-1.1,1624300,1.25,,,2.89,
2011-07-01,42,Pennsylvania,PA,7.8,-0.2,5686100,1.03,,,1.45,
2011-07-01,44,Rhode Island,RI,11.1,-0.4,465700,0.63,,,-0.04,
2011-07-01,45,South Carolina,SC,10.5,-0.4,1839000,1,,,2.35,
2011-07-01,46,South Dakota,SD,4.5,-0.3,406900,0.92,,,6.29,
2011-07-01,47,Tennessee,TN,9.1,-0.4,2675100,1.85,,,3.01,
2011-07-01,48,Texas,TX,8.4,0.3,10636900,2.48,,,3.56,
2011-07-01,49,Utah,UT,7.6,-0.6,1210800,2.24,,,3.41,
2011-07-01,50,Vermont,VT,5.4,-0.7,300300,0.23,,,2.5,
2011-07-01,51,Virginia,VA,6.3,-0.4,3691500,0.78,,,0.81,
2011-07-01,53,Washington,WA,9.5,-0.3,2877500,1.52,,,2.01,
2011-07-01,54,West Virginia,WV,7.7,-0.5,718500,0.34,,,1.88,
2011-07-01,55,Wisconsin,WI,7.7,-0.5,2758800,1.18,,,2.09,
2011-07-01,56,Wyoming,WY,6,-0.7,289500,2.12,,,-0.53,
2011-06-01,01,Alabama,AL,9.8,-0.4,1884100,-0.64,,,0.96,
2011-06-01,02,Alaska,AK,7.6,-0.3,329700,1.41,,,0.73,
2011-06-01,04,Arizona,AZ,9.6,-0.8,2401700,0.51,,,2.89,
2011-06-01,05,Arkansas,AR,8,0.3,1162800,-0.95,,,1.98,
2011-06-01,10,Delaware,DE,7.5,-0.8,415900,0.56,,,4.12,
2011-06-01,11,District of Columbia,DC,10.3,0.7,725900,1.43,,,1.86,
2011-06-01,12,Florida,FL,10.3,-0.9,7236600,0.67,,,-0.3,
2011-06-01,13,Georgia,GA,10.1,-0.1,3900400,0.91,,,2.04,
2011-06-01,15,Hawaii,HI,6.8,0.2,591600,0.85,,,1.37,
2011-06-01,16,Idaho,ID,8.5,-0.5,608700,1.08,,,0.12,
2011-06-01,17,Illinois,IL,9.9,-0.5,5669500,1.01,,,2.23,
2011-06-01,18,Indiana,IN,8.9,-1.1,2838200,1.31,,,0.25,
2011-06-01,19,Iowa,IA,5.6,-0.4,1482800,0.91,,,1.84,
2011-06-01,20,Kansas,KS,6.4,-0.4,1333700,-0.19,,,2.76,
2011-06-01,21,Kentucky,KY,9.5,-0.7,1780800,0.83,,,0.89,
2011-06-01,22,Louisiana,LA,7.3,-0.1,1898200,-0.08,,,-4.83,
2011-06-01,23,Maine,ME,7.8,-0.5,592600,0.07,,,-0.88,
2011-06-01,24,Maryland,MD,7.4,-0.3,2558500,0.51,,,2.14,
2011-06-01,25,Massachusetts,MA,7.3,-0.8,3245700,0.92,,,2.24,
2011-06-01,26,Michigan,MI,10.3,-2.6,3948100,2.07,,,2.88,
2011-06-01,27,Minnesota,MN,6.7,-0.6,2682200,1.72,,,2.31,
2011-06-01,28,Mississippi,MS,10,0,1093500,-0.49,,,-0.21,
2011-06-01,29,Missouri,MO,8.7,-0.6,2676000,0.4,,,-1.01,
2011-06-01,30,Montana,MT,6.7,-0.4,430300,0.54,,,2.5,
2011-06-01,31,Nebraska,NE,4.4,-0.2,952700,0.55,,,5.57,
2011-06-01,32,Nevada,NV,13.1,-0.1,1123200,0.23,,,1.21,
2011-06-01,33,New Hampshire,NH,5.6,-0.4,624100,0.43,,,0.71,
2011-06-01,34,New Jersey,NJ,9.4,-0.2,3839500,-0.66,,,-1.13,
2011-06-01,35,New Mexico,NM,7.2,-0.6,802600,-0.64,,,-0.19,
2011-06-01,36,New York,NY,8.3,-0.4,8674200,1.27,,,0.61,
2011-06-01,37,North Carolina,NC,10.4,-0.2,3920500,1.21,,,0.45,
2011-06-01,38,North Dakota,ND,3.4,-0.2,393400,4.91,,,11.89,
2011-06-01,39,Ohio,OH,8.9,-1,5085800,0.93,,,2.91,
2011-06-01,40,Oklahoma,OK,5.5,-0.9,1576600,0.92,,,3.65,
2011-06-01,41,Oregon,OR,9.5,-1.1,1621300,0.68,,,2.89,
2011-06-01,42,Pennsylvania,PA,7.7,-0.4,5694800,1.08,,,1.45,
2011-06-01,44,Rhode Island,RI,11.1,-0.5,464800,0.72,,,-0.04,
2011-06-01,45,South Carolina,SC,10.6,-0.4,1835200,1.04,,,2.35,
2011-06-01,46,South Dakota,SD,4.5,-0.4,407700,1.19,,,6.29,
2011-06-01,47,Tennessee,TN,9.1,-0.5,2662400,1.34,,,3.01,
2011-06-01,48,Texas,TX,8.3,0.2,10603700,2.02,,,3.56,
2011-06-01,49,Utah,UT,7.9,-0.3,1204500,1.82,,,3.41,
2011-06-01,50,Vermont,VT,5.4,-0.8,300200,0.87,,,2.5,
2011-06-01,51,Virginia,VA,6.3,-0.5,3683200,0.64,,,0.81,
2011-06-01,53,Washington,WA,9.5,-0.3,2866800,0.99,,,2.01,
2011-06-01,54,West Virginia,WV,7.7,-0.5,716200,0.14,,,1.88,
2011-06-01,55,Wisconsin,WI,7.7,-0.6,2747300,0.85,,,2.09,
2011-06-01,56,Wyoming,WY,6,-0.8,288600,1.26,,,-0.53,
2011-05-01,01,Alabama,AL,9.8,-0.5,1887900,-0.53,,,0.96,
2011-05-01,02,Alaska,AK,7.6,-0.4,328100,1.42,,,0.73,
2011-05-01,04,Arizona,AZ,9.6,-0.9,2412500,0.57,,,2.89,
2011-05-01,05,Arkansas,AR,8,0.3,1165500,-0.18,,,1.98,
2011-05-01,10,Delaware,DE,7.4,-1,416100,0.7,,,4.12,
2011-05-01,11,District of Columbia,DC,10.3,0.6,723800,1.39,,,1.86,
2011-05-01,12,Florida,FL,10.4,-0.8,7243600,0.59,,,-0.3,
2011-05-01,13,Georgia,GA,10.1,-0.2,3902900,0.88,,,2.04,
2011-05-01,15,Hawaii,HI,6.7,0,592200,0.68,,,1.37,
2011-05-01,16,Idaho,ID,8.5,-0.6,607700,0.33,,,0.12,
2011-05-01,17,Illinois,IL,9.8,-0.8,5668400,0.88,,,2.23,
2011-05-01,18,Indiana,IN,8.8,-1.4,2848000,1.36,,,0.25,
2011-05-01,19,Iowa,IA,5.6,-0.5,1483100,0.72,,,1.84,
2011-05-01,20,Kansas,KS,6.4,-0.5,1340500,0.53,,,2.76,
2011-05-01,21,Kentucky,KY,9.5,-0.8,1776500,0.65,,,0.89,
2011-05-01,22,Louisiana,LA,7.3,0,1903100,0.51,,,-4.83,
2011-05-01,23,Maine,ME,7.9,-0.5,592000,-0.74,,,-0.88,
2011-05-01,24,Maryland,MD,7.3,-0.5,2557700,0.49,,,2.14,
2011-05-01,25,Massachusetts,MA,7.3,-0.9,3251600,0.67,,,2.24,
2011-05-01,26,Michigan,MI,10.3,-2.9,3942000,2,,,2.88,
2011-05-01,27,Minnesota,MN,6.8,-0.5,2681500,1.66,,,2.31,
2011-05-01,28,Mississippi,MS,9.9,-0.4,1092900,-0.41,,,-0.21,
2011-05-01,29,Missouri,MO,8.8,-0.6,2680000,0.36,,,-1.01,
2011-05-01,30,Montana,MT,6.7,-0.5,430300,0.14,,,2.5,
2011-05-01,31,Nebraska,NE,4.4,-0.3,950900,0.62,,,5.57,
2011-05-01,32,Nevada,NV,13.1,-0.2,1124500,0.2,,,1.21,
2011-05-01,33,New Hampshire,NH,5.5,-0.6,624800,0.13,,,0.71,
2011-05-01,34,New Jersey,NJ,9.4,-0.3,3840400,-0.74,,,-1.13,
2011-05-01,35,New Mexico,NM,7.2,-0.7,801700,-0.48,,,-0.19,
2011-05-01,36,New York,NY,8.2,-0.6,8672400,1.08,,,0.61,
2011-05-01,37,North Carolina,NC,10.3,-0.6,3913800,0.92,,,0.45,
2011-05-01,38,North Dakota,ND,3.4,-0.3,392500,4.42,,,11.89,
2011-05-01,39,Ohio,OH,8.9,-1.2,5090400,1,,,2.91,
2011-05-01,40,Oklahoma,OK,5.5,-1,1575300,1.02,,,3.65,
2011-05-01,41,Oregon,OR,9.5,-1.1,1619900,0.77,,,2.89,
2011-05-01,42,Pennsylvania,PA,7.7,-0.5,5684600,0.95,,,1.45,
2011-05-01,44,Rhode Island,RI,11,-0.7,464700,0.48,,,-0.04,
2011-05-01,45,South Carolina,SC,10.6,-0.5,1834800,0.72,,,2.35,
2011-05-01,46,South Dakota,SD,4.6,-0.3,405900,1.02,,,6.29,
2011-05-01,47,Tennessee,TN,9.2,-0.5,2664600,1.2,,,3.01,
2011-05-01,48,Texas,TX,8.2,0,10582100,1.81,,,3.56,
2011-05-01,49,Utah,UT,7.9,-0.4,1201900,1.61,,,3.41,
2011-05-01,50,Vermont,VT,5.5,-0.8,300700,0.87,,,2.5,
2011-05-01,51,Virginia,VA,6.3,-0.6,3683600,0.65,,,0.81,
2011-05-01,53,Washington,WA,9.5,-0.4,2867500,0.93,,,2.01,
2011-05-01,54,West Virginia,WV,7.7,-0.6,719200,-0.53,,,1.88,
2011-05-01,55,Wisconsin,WI,7.6,-0.9,2748500,0.88,,,2.09,
2011-05-01,56,Wyoming,WY,6.1,-0.8,288000,0.91,,,-0.53,
2011-04-01,01,Alabama,AL,9.9,-0.6,1889300,0.15,,,0.96,
2011-04-01,02,Alaska,AK,7.6,-0.5,328600,1.89,,,0.73,
2011-04-01,04,Arizona,AZ,9.7,-0.9,2405300,0.8,,,2.89,
2011-04-01,05,Arkansas,AR,7.9,0.1,1172600,1.22,,,1.98,
2011-04-01,10,Delaware,DE,7.5,-1,419300,1.95,,,4.12,
2011-04-01,11,District of Columbia,DC,10.1,0.3,725800,1.97,,,1.86,
2011-04-01,12,Florida,FL,10.5,-0.8,7250000,1.29,,,-0.3,
2011-04-01,13,Georgia,GA,10.1,-0.3,3902200,1.42,,,2.04,
2011-04-01,15,Hawaii,HI,6.6,-0.1,592800,1.01,,,1.37,
2011-04-01,16,Idaho,ID,8.6,-0.7,607900,0.78,,,0.12,
2011-04-01,17,Illinois,IL,9.6,-1.3,5672600,1.29,,,2.23,
2011-04-01,18,Indiana,IN,8.7,-1.6,2839900,1.54,,,0.25,
2011-04-01,19,Iowa,IA,5.6,-0.6,1484600,0.87,,,1.84,
2011-04-01,20,Kansas,KS,6.4,-0.6,1341000,0.9,,,2.76,
2011-04-01,21,Kentucky,KY,9.5,-1,1779100,1.3,,,0.89,
2011-04-01,22,Louisiana,LA,7.4,0.2,1903800,0.98,,,-4.83,
2011-04-01,23,Maine,ME,7.9,-0.6,593900,-0.03,,,-0.88,
2011-04-01,24,Maryland,MD,7.3,-0.6,2561000,0.9,,,2.14,
2011-04-01,25,Massachusetts,MA,7.4,-0.9,3250800,1.12,,,2.24,
2011-04-01,26,Michigan,MI,10.2,-3.2,3939300,2.29,,,2.88,
2011-04-01,27,Minnesota,MN,6.8,-0.6,2674300,1.46,,,2.31,
2011-04-01,28,Mississippi,MS,9.9,-0.5,1093100,0.11,,,-0.21,
2011-04-01,29,Missouri,MO,8.8,-0.7,2681500,0.53,,,-1.01,
2011-04-01,30,Montana,MT,6.7,-0.6,429700,0.51,,,2.5,
2011-04-01,31,Nebraska,NE,4.4,-0.4,951800,0.91,,,5.57,
2011-04-01,32,Nevada,NV,13.1,-0.1,1123700,0.45,,,1.21,
2011-04-01,33,New Hampshire,NH,5.5,-0.8,626500,0.79,,,0.71,
2011-04-01,34,New Jersey,NJ,9.4,-0.4,3844300,-0.4,,,-1.13,
2011-04-01,35,New Mexico,NM,7.2,-0.8,801500,-0.19,,,-0.19,
2011-04-01,36,New York,NY,8.2,-0.7,8685700,1.64,,,0.61,
2011-04-01,37,North Carolina,NC,10.3,-0.7,3912500,1.38,,,0.45,
2011-04-01,38,North Dakota,ND,3.4,-0.3,390900,4.16,,,11.89,
2011-04-01,39,Ohio,OH,8.9,-1.4,5098000,1.31,,,2.91,
2011-04-01,40,Oklahoma,OK,5.5,-1.2,1575500,1.55,,,3.65,
2011-04-01,41,Oregon,OR,9.5,-1.2,1621400,1.27,,,2.89,
2011-04-01,42,Pennsylvania,PA,7.6,-0.7,5683400,1.35,,,1.45,
2011-04-01,44,Rhode Island,RI,11,-0.8,465000,0.89,,,-0.04,
2011-04-01,45,South Carolina,SC,10.6,-0.7,1834700,1.41,,,2.35,
2011-04-01,46,South Dakota,SD,4.7,-0.2,405200,0.92,,,6.29,
2011-04-01,47,Tennessee,TN,9.2,-0.8,2660200,1.67,,,3.01,
2011-04-01,48,Texas,TX,8.1,-0.2,10571500,2.31,,,3.56,
2011-04-01,49,Utah,UT,7.9,-0.5,1201900,1.96,,,3.41,
2011-04-01,50,Vermont,VT,5.5,-0.9,299400,0.13,,,2.5,
2011-04-01,51,Virginia,VA,6.2,-0.8,3687600,1.32,,,0.81,
2011-04-01,53,Washington,WA,9.5,-0.6,2866600,1.24,,,2.01,
2011-04-01,54,West Virginia,WV,7.8,-0.7,719100,1.31,,,1.88,
2011-04-01,55,Wisconsin,WI,7.6,-1.1,2747900,0.9,,,2.09,
2011-04-01,56,Wyoming,WY,6.1,-1,287300,1.06,,,-0.53,
2011-03-01,01,Alabama,AL,9.9,-1,1889800,0.39,,,0.96,
2011-03-01,02,Alaska,AK,7.7,-0.5,328200,2.21,,,0.73,
2011-03-01,04,Arizona,AZ,9.7,-0.9,2400500,0.71,,,2.89,
2011-03-01,05,Arkansas,AR,8,0.1,1163700,0.72,,,1.98,
2011-03-01,10,Delaware,DE,7.5,-1.1,417000,1.98,,,4.12,
2011-03-01,11,District of Columbia,DC,10,0,723400,2.39,,,1.86,
2011-03-01,12,Florida,FL,10.6,-0.8,7219400,1.15,,,-0.3,
2011-03-01,13,Georgia,GA,10.2,-0.3,3892200,1.29,,,2.04,
2011-03-01,15,Hawaii,HI,6.6,-0.2,594000,1.43,,,1.37,
2011-03-01,16,Idaho,ID,8.6,-0.8,604700,0.45,,,0.12,
2011-03-01,17,Illinois,IL,9.5,-1.6,5659200,1.27,,,2.23,
2011-03-01,18,Indiana,IN,8.8,-1.6,2833300,1.65,,,0.25,
2011-03-01,19,Iowa,IA,5.7,-0.6,1479300,0.79,,,1.84,
2011-03-01,20,Kansas,KS,6.5,-0.6,1333700,0.85,,,2.76,
2011-03-01,21,Kentucky,KY,9.6,-1.1,1777400,1.67,,,0.89,
2011-03-01,22,Louisiana,LA,7.5,0.3,1901900,0.95,,,-4.83,
2011-03-01,23,Maine,ME,7.9,-0.7,594700,0.13,,,-0.88,
2011-03-01,24,Maryland,MD,7.3,-0.6,2558800,1.46,,,2.14,
2011-03-01,25,Massachusetts,MA,7.5,-0.9,3243900,1.12,,,2.24,
2011-03-01,26,Michigan,MI,10.2,-3.5,3925800,2.4,,,2.88,
2011-03-01,27,Minnesota,MN,6.8,-0.8,2667300,1.58,,,2.31,
2011-03-01,28,Mississippi,MS,9.9,-0.6,1093100,0.58,,,-0.21,
2011-03-01,29,Missouri,MO,8.9,-0.7,2675500,0.36,,,-1.01,
2011-03-01,30,Montana,MT,6.8,-0.6,429400,0.35,,,2.5,
2011-03-01,31,Nebraska,NE,4.5,-0.3,947800,0.84,,,5.57,
2011-03-01,32,Nevada,NV,13.2,0,1121200,0.52,,,1.21,
2011-03-01,33,New Hampshire,NH,5.5,-0.9,624500,0.48,,,0.71,
2011-03-01,34,New Jersey,NJ,9.5,-0.4,3839000,-0.15,,,-1.13,
2011-03-01,35,New Mexico,NM,7.2,-0.8,800700,-0.07,,,-0.19,
2011-03-01,36,New York,NY,8.2,-0.7,8652100,1.67,,,0.61,
2011-03-01,37,North Carolina,NC,10.3,-0.9,3906900,1.54,,,0.45,
2011-03-01,38,North Dakota,ND,3.4,-0.4,389500,4.7,,,11.89,
2011-03-01,39,Ohio,OH,8.9,-1.6,5086900,1.4,,,2.91,
2011-03-01,40,Oklahoma,OK,5.6,-1.2,1568300,1.37,,,3.65,
2011-03-01,41,Oregon,OR,9.6,-1.1,1620600,1.53,,,2.89,
2011-03-01,42,Pennsylvania,PA,7.6,-0.8,5674800,1.56,,,1.45,
2011-03-01,44,Rhode Island,RI,11.1,-0.7,463500,0.52,,,-0.04,
2011-03-01,45,South Carolina,SC,10.6,-0.8,1827900,1.7,,,2.35,
2011-03-01,46,South Dakota,SD,4.8,-0.1,404500,1.18,,,6.29,
2011-03-01,47,Tennessee,TN,9.3,-0.9,2651800,1.81,,,3.01,
2011-03-01,48,Texas,TX,8.1,-0.3,10535100,2.17,,,3.56,
2011-03-01,49,Utah,UT,7.9,-0.5,1197700,1.88,,,3.41,
2011-03-01,50,Vermont,VT,5.6,-0.9,299800,1.11,,,2.5,
2011-03-01,51,Virginia,VA,6.3,-0.7,3685500,1.87,,,0.81,
2011-03-01,53,Washington,WA,9.5,-0.7,2856600,1.09,,,2.01,
2011-03-01,54,West Virginia,WV,8,-0.6,715900,0.89,,,1.88,
2011-03-01,55,Wisconsin,WI,7.6,-1.3,2745900,1.2,,,2.09,
2011-03-01,56,Wyoming,WY,6.2,-1.1,286700,1.45,,,-0.53,
2011-02-01,01,Alabama,AL,10,-1,1888700,0.53,,,0.96,
2011-02-01,02,Alaska,AK,7.8,-0.5,328200,2.31,,,0.73,
2011-02-01,04,Arizona,AZ,9.8,-0.9,2398600,0.7,,,2.89,
2011-02-01,05,Arkansas,AR,8,0.1,1160400,0.9,,,1.98,
2011-02-01,10,Delaware,DE,7.6,-1.1,416900,2.81,,,4.12,
2011-02-01,11,District of Columbia,DC,9.9,-0.2,722300,2.97,,,1.86,
2011-02-01,12,Florida,FL,10.8,-0.6,7213300,1.14,,,-0.3,
2011-02-01,13,Georgia,GA,10.2,-0.3,3884900,1.3,,,2.04,
2011-02-01,15,Hawaii,HI,6.6,-0.2,593200,1.37,,,1.37,
2011-02-01,16,Idaho,ID,8.7,-0.8,605000,0.73,,,0.12,
2011-02-01,17,Illinois,IL,9.5,-1.7,5649200,1.11,,,2.23,
2011-02-01,18,Indiana,IN,8.9,-1.6,2825700,1.6,,,0.25,
2011-02-01,19,Iowa,IA,5.7,-0.7,1477200,0.87,,,1.84,
2011-02-01,20,Kansas,KS,6.6,-0.6,1332900,0.86,,,2.76,
2011-02-01,21,Kentucky,KY,9.7,-1.1,1774700,2.01,,,0.89,
2011-02-01,22,Louisiana,LA,7.6,0.5,1899600,1.25,,,-4.83,
2011-02-01,23,Maine,ME,8,-0.6,594700,0.34,,,-0.88,
2011-02-01,24,Maryland,MD,7.4,-0.6,2555700,2.71,,,2.14,
2011-02-01,25,Massachusetts,MA,7.5,-1,3242500,1.08,,,2.24,
2011-02-01,26,Michigan,MI,10.6,-3.2,3912500,1.99,,,2.88,
2011-02-01,27,Minnesota,MN,6.9,-0.7,2663800,1.54,,,2.31,
2011-02-01,28,Mississippi,MS,9.9,-0.6,1090500,0.57,,,-0.21,
2011-02-01,29,Missouri,MO,9.1,-0.5,2669100,0.17,,,-1.01,
2011-02-01,30,Montana,MT,6.9,-0.5,427900,0.38,,,2.5,
2011-02-01,31,Nebraska,NE,4.5,-0.4,946000,0.67,,,5.57,
2011-02-01,32,Nevada,NV,13.2,0.2,1121400,0.35,,,1.21,
2011-02-01,33,New Hampshire,NH,5.5,-1,623600,0.71,,,0.71,
2011-02-01,34,New Jersey,NJ,9.5,-0.5,3838500,-0.09,,,-1.13,
2011-02-01,35,New Mexico,NM,7.3,-0.7,799900,-0.07,,,-0.19,
2011-02-01,36,New York,NY,8.3,-0.7,8645200,1.83,,,0.61,
2011-02-01,37,North Carolina,NC,10.4,-0.8,3902900,1.7,,,0.45,
2011-02-01,38,North Dakota,ND,3.4,-0.4,387400,4.62,,,11.89,
2011-02-01,39,Ohio,OH,9,-1.7,5080600,1.41,,,2.91,
2011-02-01,40,Oklahoma,OK,5.7,-1.2,1556300,0.89,,,3.65,
2011-02-01,41,Oregon,OR,9.7,-1,1618900,1.56,,,2.89,
2011-02-01,42,Pennsylvania,PA,7.6,-0.8,5668100,1.81,,,1.45,
2011-02-01,44,Rhode Island,RI,11.2,-0.6,462800,0.52,,,-0.04,
2011-02-01,45,South Carolina,SC,10.6,-1,1824900,1.61,,,2.35,
2011-02-01,46,South Dakota,SD,4.9,0.1,404300,1.35,,,6.29,
2011-02-01,47,Tennessee,TN,9.4,-0.9,2647400,1.78,,,3.01,
2011-02-01,48,Texas,TX,8.2,-0.2,10493300,2.09,,,3.56,
2011-02-01,49,Utah,UT,7.9,-0.5,1195400,1.9,,,3.41,
2011-02-01,50,Vermont,VT,5.7,-0.8,299200,1.22,,,2.5,
2011-02-01,51,Virginia,VA,6.3,-0.8,3681000,2.31,,,0.81,
2011-02-01,53,Washington,WA,9.6,-0.7,2856600,1.26,,,2.01,
2011-02-01,54,West Virginia,WV,8.1,-0.6,715400,1.55,,,1.88,
2011-02-01,55,Wisconsin,WI,7.7,-1.4,2742600,1.18,,,2.09,
2011-02-01,56,Wyoming,WY,6.3,-1.1,286000,1.35,,,-0.53,
2011-01-01,01,Alabama,AL,10.1,-0.9,1885800,0.22,201372839,201372839,0.96,89.955
2011-01-01,02,Alaska,AK,7.8,-0.5,329100,2.46,54045452,54045452,0.73,103.328
2011-01-01,04,Arizona,AZ,9.9,-0.7,2395500,0.48,290411264,290411264,2.89,99.081
2011-01-01,05,Arkansas,AR,8,0.1,1164100,1.07,115241765,115241765,1.98,89.335
2011-01-01,06,California,CA,,,,,2192887191,2192887191,1.81,109.472
2011-01-01,08,Colorado,CO,,,,,283963779,283963779,1.64,103.391
2011-01-01,09,Connecticut,CT,,,,,261555788,261555788,-1.96,107.87
2011-01-01,10,Delaware,DE,7.7,-1.1,415500,1.71,71103481,71103481,4.12,100.392
2011-01-01,11,District of Columbia,DC,9.8,-0.4,721900,2.31,122636380,122636380,1.86,114.103
2011-01-01,12,Florida,FL,10.9,-0.5,7217600,1.2,849395301,849395301,-0.3,100.816
2011-01-01,13,Georgia,GA,10.3,-0.3,3851900,0.34,481215370,481215370,2.04,93.618
2011-01-01,15,Hawaii,HI,6.6,-0.2,589800,0.37,77174209,77174209,1.37,109.869
2011-01-01,16,Idaho,ID,8.8,-0.7,605100,1.07,62703983,62703983,0.12,94.129
2011-01-01,17,Illinois,IL,9.5,-1.8,5648000,1.16,772225623,772225623,2.23,101.998
2011-01-01,18,Indiana,IN,9,-1.5,2822100,1.47,321532778,321532778,0.25,92.437
2011-01-01,19,Iowa,IA,5.8,-0.7,1475700,0.83,164559278,164559278,1.84,89.907
2011-01-01,20,Kansas,KS,6.7,-0.6,1337900,1.13,147836794,147836794,2.76,92.786
2011-01-01,21,Kentucky,KY,9.8,-1.1,1769800,1.31,188389784,188389784,0.89,90.413
2011-01-01,22,Louisiana,LA,7.7,0.7,1895900,0.99,241235869,241235869,-4.83,92.69
2011-01-01,23,Maine,ME,8.1,-0.6,593000,-0.12,59429729,59429729,-0.88,96.22
2011-01-01,24,Maryland,MD,7.4,-0.6,2550000,1.17,360155864,360155864,2.14,109.324
2011-01-01,25,Massachusetts,MA,7.6,-1,3240000,0.82,472664251,472664251,2.24,104.744
2011-01-01,26,Michigan,MI,10.8,-3.1,3910900,1.87,453989070,453989070,2.88,95.209
2011-01-01,27,Minnesota,MN,7,-0.7,2660600,1.33,315213316,315213316,2.31,97.266
2011-01-01,28,Mississippi,MS,9.9,-0.6,1091300,0.63,106491064,106491064,-0.21,88.833
2011-01-01,29,Missouri,MO,9.2,-0.4,2670900,0.3,292984242,292984242,-1.01,92.522
2011-01-01,30,Montana,MT,7,-0.4,427900,0.07,43532195,43532195,2.5,94.251
2011-01-01,31,Nebraska,NE,4.5,-0.4,945600,0.77,109734204,109734204,5.57,91.444
2011-01-01,32,Nevada,NV,13.3,0.4,1120900,0.15,144341195,144341195,1.21,102.213
2011-01-01,33,New Hampshire,NH,5.6,-1,623200,0.52,73464967,73464967,0.71,103.513
2011-01-01,34,New Jersey,NJ,9.5,-0.5,3835000,-0.52,548479344,548479344,-1.13,109.277
2011-01-01,35,New Mexico,NM,7.4,-0.6,798300,-0.24,90552302,90552302,-0.19,97.088
2011-01-01,36,New York,NY,8.4,-0.6,8642600,1.83,1440346783,1440346783,0.61,110.978
2011-01-01,37,North Carolina,NC,10.5,-0.7,3884800,1.06,484200276,484200276,0.45,93.521
2011-01-01,38,North Dakota,ND,3.4,-0.5,386000,4.61,43300419,43300419,11.89,89.643
2011-01-01,39,Ohio,OH,9.2,-1.6,5074200,1.19,580251353,580251353,2.91,92.236
2011-01-01,40,Oklahoma,OK,5.9,-1,1564000,1.35,163859302,163859302,3.65,90.87
2011-01-01,41,Oregon,OR,9.9,-0.8,1618300,1.47,185959404,185959404,2.89,99.774
2011-01-01,42,Pennsylvania,PA,7.7,-0.7,5664700,1.56,676468333,676468333,1.45,98.473
2011-01-01,44,Rhode Island,RI,11.3,-0.5,462700,0.39,56026561,56026561,-0.04,101.304
2011-01-01,45,South Carolina,SC,10.6,-1.1,1817100,1.28,193221008,193221008,2.35,93.143
2011-01-01,46,South Dakota,SD,4.9,0.1,403700,1.25,47630336,47630336,6.29,87.321
2011-01-01,47,Tennessee,TN,9.5,-1,2639600,1.36,301508885,301508885,3.01,92.839
2011-01-01,48,Texas,TX,8.2,-0.2,10490100,2.09,1370174901,1370174901,3.56,96.925
2011-01-01,49,Utah,UT,8,-0.4,1193000,1.56,138301056,138301056,3.41,99.824
2011-01-01,50,Vermont,VT,5.8,-0.8,299300,1.08,31663596,31663596,2.5,99.253
2011-01-01,51,Virginia,VA,6.4,-0.7,3677400,1.65,479571404,479571404,0.81,103.378
2011-01-01,53,Washington,WA,9.7,-0.7,2856000,1.09,411575705,411575705,2.01,103.205
2011-01-01,54,West Virginia,WV,8.2,-0.5,712000,0.98,73175181,73175181,1.88,89.24
2011-01-01,55,Wisconsin,WI,7.8,-1.4,2742000,1.17,293663960,293663960,2.09,93.773
2011-01-01,56,Wyoming,WY,6.4,-1.1,285600,1.31,38929822,38929822,-0.53,97.638
2011-01-01,91,New England,,,,,,954794908,954794908,0.62,
2011-01-01,92,Mideast,,,,,,3219506525,3219506525,0.78,
2011-01-01,93,Great Lakes,,,,,,2421624389,2421624389,2.23,
2011-01-01,94,Plains,,,,,,1120460066,1120460066,2.23,
2011-01-01,95,Southeast,,,,,,3716013070,3716013070,0.56,
2011-01-01,96,Southwest,,,,,,1912613802,1912613802,3.29,
2011-01-01,97,Rocky Mountain,,,,,,567497994,567497994,1.79,
2011-01-01,98,Far West,,,,,,3066026011,3066026011,1.84,
2010-12-01,01,Alabama,AL,10.1,-0.9,1890800,0.4,,,2.71,
2010-12-01,02,Alaska,AK,7.9,-0.3,328100,2.4,,,-2.37,
2010-12-01,04,Arizona,AZ,10,-0.6,2395300,0.5,,,1.74,
2010-12-01,05,Arkansas,AR,8,0.1,1165100,0.92,,,2.88,
2010-12-01,10,Delaware,DE,7.9,-0.8,415400,1.47,,,-1.29,
2010-12-01,11,District of Columbia,DC,9.8,-0.4,717200,1.82,,,4.1,
2010-12-01,12,Florida,FL,11.1,-0.2,7200400,0.98,,,1.37,
2010-12-01,13,Georgia,GA,10.4,-0.1,3874400,0.72,,,1.63,
2010-12-01,15,Hawaii,HI,6.7,-0.1,590600,1.1,,,2.71,
2010-12-01,16,Idaho,ID,8.9,-0.6,604500,0.18,,,2.2,
2010-12-01,17,Illinois,IL,9.6,-1.6,5640800,1.09,,,1.97,
2010-12-01,18,Indiana,IN,9.3,-1.2,2812100,1.33,,,6.99,
2010-12-01,19,Iowa,IA,5.9,-0.6,1475700,0.79,,,3.1,
2010-12-01,20,Kansas,KS,6.8,-0.5,1334000,0.73,,,1.39,
2010-12-01,21,Kentucky,KY,9.9,-1,1774500,1.45,,,4.83,
2010-12-01,22,Louisiana,LA,7.7,0.7,1892600,0.61,,,4.8,
2010-12-01,23,Maine,ME,8.1,-0.5,593700,0.12,,,2.02,
2010-12-01,24,Maryland,MD,7.5,-0.4,2550100,1.17,,,4.86,
2010-12-01,25,Massachusetts,MA,7.7,-0.9,3238300,1.24,,,4.76,
2010-12-01,26,Michigan,MI,11.1,-2.9,3895900,1.46,,,6,
2010-12-01,27,Minnesota,MN,7.1,-0.6,2651800,0.86,,,3.78,
2010-12-01,28,Mississippi,MS,9.9,-0.5,1094300,0.86,,,1.28,
2010-12-01,29,Missouri,MO,9.3,-0.3,2670100,-0.02,,,2.22,
2010-12-01,30,Montana,MT,7,-0.3,427700,0.16,,,3.74,
2010-12-01,31,Nebraska,NE,4.5,-0.3,947500,0.83,,,3.95,
2010-12-01,32,Nevada,NV,13.4,0.7,1117600,-0.81,,,1.65,
2010-12-01,33,New Hampshire,NH,5.7,-0.9,623300,0.34,,,3.48,
2010-12-01,34,New Jersey,NJ,9.5,-0.5,3841200,-0.6,,,1.54,
2010-12-01,35,New Mexico,NM,7.5,-0.4,800400,-0.09,,,-0.12,
2010-12-01,36,New York,NY,8.5,-0.5,8582700,1.23,,,3.78,
2010-12-01,37,North Carolina,NC,10.6,-0.5,3890400,1.18,,,1.78,
2010-12-01,38,North Dakota,ND,3.5,-0.4,385000,4.36,,,7.58,
2010-12-01,39,Ohio,OH,9.3,-1.4,5068800,1.26,,,2.33,
2010-12-01,40,Oklahoma,OK,6,-0.9,1565700,1.41,,,0.78,
2010-12-01,41,Oregon,OR,10.2,-0.4,1611900,1.03,,,2.14,
2010-12-01,42,Pennsylvania,PA,7.8,-0.5,5658400,1.4,,,3.35,
2010-12-01,44,Rhode Island,RI,11.4,-0.3,462900,0.59,,,2.88,
2010-12-01,45,South Carolina,SC,10.7,-1,1824000,1.84,,,2.55,
2010-12-01,46,South Dakota,SD,4.9,0.2,404400,1.05,,,1.25,
2010-12-01,47,Tennessee,TN,9.6,-0.9,2632600,1.34,,,1.87,
2010-12-01,48,Texas,TX,8.3,-0.1,10471400,2.18,,,2.92,
2010-12-01,49,Utah,UT,8.1,-0.2,1191700,1.47,,,2.12,
2010-12-01,50,Vermont,VT,5.9,-0.7,298500,1.02,,,4.48,
2010-12-01,51,Virginia,VA,6.5,-0.6,3665700,1.14,,,3.4,
2010-12-01,53,Washington,WA,9.8,-0.5,2849200,0.85,,,3.24,
2010-12-01,54,West Virginia,WV,8.3,-0.4,713400,0.93,,,1.32,
2010-12-01,55,Wisconsin,WI,7.9,-1.4,2735600,0.89,,,3.74,
2010-12-01,56,Wyoming,WY,6.5,-1,285500,1.42,,,-3.61,
2010-11-01,01,Alabama,AL,10.1,-0.8,1892500,0.4,,,2.71,
2010-11-01,02,Alaska,AK,7.9,-0.2,328200,2.37,,,-2.37,
2010-11-01,04,Arizona,AZ,10.1,-0.4,2389000,0.03,,,1.74,
2010-11-01,05,Arkansas,AR,8,0.2,1164400,0.71,,,2.88,
2010-11-01,10,Delaware,DE,8,-0.6,414300,0.73,,,-1.29,
2010-11-01,11,District of Columbia,DC,9.7,-0.5,716400,1.78,,,4.1,
2010-11-01,12,Florida,FL,11.2,0,7197100,0.71,,,1.37,
2010-11-01,13,Georgia,GA,10.4,-0.1,3874000,0.64,,,1.63,
2010-11-01,15,Hawaii,HI,6.7,-0.1,593600,1.54,,,2.71,
2010-11-01,16,Idaho,ID,8.9,-0.6,605300,0.2,,,2.2,
2010-11-01,17,Illinois,IL,9.7,-1.3,5637500,0.88,,,1.97,
2010-11-01,18,Indiana,IN,9.5,-0.9,2809500,1.16,,,6.99,
2010-11-01,19,Iowa,IA,5.9,-0.6,1473900,0.47,,,3.1,
2010-11-01,20,Kansas,KS,6.9,-0.4,1330600,0.15,,,1.39,
2010-11-01,21,Kentucky,KY,10,-0.9,1770500,0.98,,,4.83,
2010-11-01,22,Louisiana,LA,7.8,0.9,1888300,-0.03,,,4.8,
2010-11-01,23,Maine,ME,8.2,-0.3,593400,0.07,,,2.02,
2010-11-01,24,Maryland,MD,7.6,-0.2,2547400,0.92,,,4.86,
2010-11-01,25,Massachusetts,MA,7.8,-0.8,3234600,1.32,,,4.76,
2010-11-01,26,Michigan,MI,11.5,-2.5,3896300,1.51,,,6,
2010-11-01,27,Minnesota,MN,7.3,-0.4,2652700,0.94,,,3.78,
2010-11-01,28,Mississippi,MS,9.9,-0.3,1092000,0.54,,,1.28,
2010-11-01,29,Missouri,MO,9.4,-0.1,2672100,-0.03,,,2.22,
2010-11-01,30,Montana,MT,7,-0.3,427600,0.02,,,3.74,
2010-11-01,31,Nebraska,NE,4.5,-0.3,946800,0.3,,,3.95,
2010-11-01,32,Nevada,NV,13.4,1,1116200,-0.77,,,1.65,
2010-11-01,33,New Hampshire,NH,5.8,-0.8,622400,0.31,,,3.48,
2010-11-01,34,New Jersey,NJ,9.5,-0.4,3840400,-0.62,,,1.54,
2010-11-01,35,New Mexico,NM,7.6,-0.2,799200,-0.36,,,-0.12,
2010-11-01,36,New York,NY,8.5,-0.5,8579800,1.19,,,3.78,
2010-11-01,37,North Carolina,NC,10.7,-0.2,3890000,1.02,,,1.78,
2010-11-01,38,North Dakota,ND,3.5,-0.3,383300,3.99,,,7.58,
2010-11-01,39,Ohio,OH,9.5,-1.1,5063900,1.07,,,2.33,
2010-11-01,40,Oklahoma,OK,6.1,-0.8,1563000,1.05,,,0.78,
2010-11-01,41,Oregon,OR,10.4,-0.2,1613600,1.07,,,2.14,
2010-11-01,42,Pennsylvania,PA,7.9,-0.3,5653300,1.24,,,3.35,
2010-11-01,44,Rhode Island,RI,11.5,-0.1,463400,0.76,,,2.88,
2010-11-01,45,South Carolina,SC,10.8,-0.9,1818600,1.3,,,2.55,
2010-11-01,46,South Dakota,SD,4.9,0.3,405200,0.95,,,1.25,
2010-11-01,47,Tennessee,TN,9.6,-1,2631900,1.03,,,1.87,
2010-11-01,48,Texas,TX,8.3,0,10451500,1.97,,,2.92,
2010-11-01,49,Utah,UT,8.2,0,1189800,1.16,,,2.12,
2010-11-01,50,Vermont,VT,6,-0.5,299300,1.11,,,4.48,
2010-11-01,51,Virginia,VA,6.6,-0.5,3664200,0.97,,,3.4,
2010-11-01,53,Washington,WA,9.9,-0.3,2847100,0.66,,,3.24,
2010-11-01,54,West Virginia,WV,8.4,-0.2,715100,1.45,,,1.32,
2010-11-01,55,Wisconsin,WI,8,-1.3,2738800,1.02,,,3.74,
2010-11-01,56,Wyoming,WY,6.5,-0.9,285800,1.24,,,-3.61,
2010-10-01,01,Alabama,AL,10.1,-0.6,1894500,0.61,,,2.71,
2010-10-01,02,Alaska,AK,7.9,-0.2,327400,1.9,,,-2.37,
2010-10-01,04,Arizona,AZ,10.1,-0.3,2386500,-0.19,,,1.74,
2010-10-01,05,Arkansas,AR,7.9,0.1,1164300,0.89,,,2.88,
2010-10-01,10,Delaware,DE,8,-0.5,414600,0.48,,,-1.29,
2010-10-01,11,District of Columbia,DC,9.7,-0.5,716400,1.96,,,4.1,
2010-10-01,12,Florida,FL,11.2,0.1,7203600,0.82,,,1.37,
2010-10-01,13,Georgia,GA,10.4,0,3874600,0.6,,,1.63,
2010-10-01,15,Hawaii,HI,6.7,0,589800,0.48,,,2.71,
2010-10-01,16,Idaho,ID,8.9,-0.6,606000,0.1,,,2.2,
2010-10-01,17,Illinois,IL,9.8,-1,5635300,0.89,,,1.97,
2010-10-01,18,Indiana,IN,9.6,-0.7,2811300,1.45,,,6.99,
2010-10-01,19,Iowa,IA,6,-0.5,1472900,0.34,,,3.1,
2010-10-01,20,Kansas,KS,6.9,-0.5,1335600,0.59,,,1.39,
2010-10-01,21,Kentucky,KY,10,-0.9,1770800,1.07,,,4.83,
2010-10-01,22,Louisiana,LA,7.7,0.8,1889600,0.03,,,4.8,
2010-10-01,23,Maine,ME,8.2,-0.3,593900,0.07,,,2.02,
2010-10-01,24,Maryland,MD,7.7,0.1,2549100,0.87,,,4.86,
2010-10-01,25,Massachusetts,MA,7.8,-0.8,3233500,1.34,,,4.76,
2010-10-01,26,Michigan,MI,11.8,-2.3,3894000,1.29,,,6,
2010-10-01,27,Minnesota,MN,7.3,-0.5,2649900,0.78,,,3.78,
2010-10-01,28,Mississippi,MS,9.9,0,1096100,1,,,1.28,
2010-10-01,29,Missouri,MO,9.4,0,2673400,-0.04,,,2.22,
2010-10-01,30,Montana,MT,7,-0.2,428300,0.23,,,3.74,
2010-10-01,31,Nebraska,NE,4.5,-0.3,947900,0.4,,,3.95,
2010-10-01,32,Nevada,NV,13.4,1.2,1115900,-0.84,,,1.65,
2010-10-01,33,New Hampshire,NH,5.8,-0.8,623000,0.21,,,3.48,
2010-10-01,34,New Jersey,NJ,9.5,-0.3,3844000,-0.48,,,1.54,
2010-10-01,35,New Mexico,NM,7.7,0,799700,-0.42,,,-0.12,
2010-10-01,36,New York,NY,8.6,-0.3,8571200,1.14,,,3.78,
2010-10-01,37,North Carolina,NC,10.5,-0.3,3887800,0.97,,,1.78,
2010-10-01,38,North Dakota,ND,3.6,-0.2,382200,3.92,,,7.58,
2010-10-01,39,Ohio,OH,9.6,-1,5058800,0.89,,,2.33,
2010-10-01,40,Oklahoma,OK,6.2,-0.7,1562900,1.05,,,0.78,
2010-10-01,41,Oregon,OR,10.5,-0.1,1613600,0.96,,,2.14,
2010-10-01,42,Pennsylvania,PA,7.9,-0.3,5648100,1.2,,,3.35,
2010-10-01,44,Rhode Island,RI,11.5,-0.1,462300,0.46,,,2.88,
2010-10-01,45,South Carolina,SC,10.8,-0.8,1820800,1.34,,,2.55,
2010-10-01,46,South Dakota,SD,4.9,0.3,404600,0.92,,,1.25,
2010-10-01,47,Tennessee,TN,9.6,-1,2635100,1.3,,,1.87,
2010-10-01,48,Texas,TX,8.2,-0.2,10447600,1.93,,,2.92,
2010-10-01,49,Utah,UT,8.1,-0.1,1187900,0.96,,,2.12,
2010-10-01,50,Vermont,VT,6,-0.5,301000,1.79,,,4.48,
2010-10-01,51,Virginia,VA,6.6,-0.4,3664300,0.97,,,3.4,
2010-10-01,53,Washington,WA,9.9,-0.3,2846800,0.41,,,3.24,
2010-10-01,54,West Virginia,WV,8.4,-0.1,715500,1.6,,,1.32,
2010-10-01,55,Wisconsin,WI,8,-1.3,2736600,0.78,,,3.74,
2010-10-01,56,Wyoming,WY,6.6,-0.6,286700,1.63,,,-3.61,
2010-09-01,01,Alabama,AL,10.1,-0.4,1887700,0.02,,,2.71,
2010-09-01,02,Alaska,AK,7.8,-0.3,326800,1.9,,,-2.37,
2010-09-01,04,Arizona,AZ,10.2,-0.1,2372700,-1.09,,,1.74,
2010-09-01,05,Arkansas,AR,7.8,0,1164600,0.64,,,2.88,
2010-09-01,10,Delaware,DE,8.1,-0.3,416000,0.87,,,-1.29,
2010-09-01,11,District of Columbia,DC,9.6,-0.5,714500,2.39,,,4.1,
2010-09-01,12,Florida,FL,11.2,0.3,7173200,0.18,,,1.37,
2010-09-01,13,Georgia,GA,10.4,0.1,3862700,0.19,,,1.63,
2010-09-01,15,Hawaii,HI,6.7,0,587300,0.07,,,2.71,
2010-09-01,16,Idaho,ID,9,-0.5,601900,-0.18,,,2.2,
2010-09-01,17,Illinois,IL,9.9,-0.7,5615800,0.33,,,1.97,
2010-09-01,18,Indiana,IN,9.7,-0.6,2798600,1,,,6.99,
2010-09-01,19,Iowa,IA,6,-0.6,1465200,-0.46,,,3.1,
2010-09-01,20,Kansas,KS,6.8,-0.6,1328100,-0.28,,,1.39,
2010-09-01,21,Kentucky,KY,10,-0.9,1763600,0.64,,,4.83,
2010-09-01,22,Louisiana,LA,7.7,0.8,1888200,-0.45,,,4.8,
2010-09-01,23,Maine,ME,8.2,-0.2,593100,-0.25,,,2.02,
2010-09-01,24,Maryland,MD,7.7,0.2,2541100,0.58,,,4.86,
2010-09-01,25,Massachusetts,MA,7.9,-0.6,3219500,0.81,,,4.76,
2010-09-01,26,Michigan,MI,12.2,-2,3879300,1.06,,,6,
2010-09-01,27,Minnesota,MN,7.3,-0.5,2634800,0.64,,,3.78,
2010-09-01,28,Mississippi,MS,9.9,0.2,1093100,0.3,,,1.28,
2010-09-01,29,Missouri,MO,9.3,-0.1,2670100,-0.47,,,2.22,
2010-09-01,30,Montana,MT,7,-0.1,428100,0.26,,,3.74,
2010-09-01,31,Nebraska,NE,4.5,-0.3,946800,0.21,,,3.95,
2010-09-01,32,Nevada,NV,13.4,1.5,1112400,-1.71,,,1.65,
2010-09-01,33,New Hampshire,NH,5.8,-0.7,621100,-0.18,,,3.48,
2010-09-01,34,New Jersey,NJ,9.5,-0.1,3835500,-0.95,,,1.54,
2010-09-01,35,New Mexico,NM,7.7,0.1,796600,-1.2,,,-0.12,
2010-09-01,36,New York,NY,8.6,-0.2,8536300,0.53,,,3.78,
2010-09-01,37,North Carolina,NC,10.5,-0.3,3867200,-0.09,,,1.78,
2010-09-01,38,North Dakota,ND,3.6,-0.2,378400,2.85,,,7.58,
2010-09-01,39,Ohio,OH,9.7,-0.8,5039500,0.42,,,2.33,
2010-09-01,40,Oklahoma,OK,6.2,-0.7,1554300,0.12,,,0.78,
2010-09-01,41,Oregon,OR,10.5,-0.1,1605400,0.17,,,2.14,
2010-09-01,42,Pennsylvania,PA,8,-0.2,5630800,0.9,,,3.35,
2010-09-01,44,Rhode Island,RI,11.5,0,463100,0.63,,,2.88,
2010-09-01,45,South Carolina,SC,10.8,-0.7,1816600,1.06,,,2.55,
2010-09-01,46,South Dakota,SD,4.8,0.2,403200,0.25,,,1.25,
2010-09-01,47,Tennessee,TN,9.5,-1.2,2625700,0.98,,,1.87,
2010-09-01,48,Texas,TX,8.2,-0.2,10396300,1.36,,,2.92,
2010-09-01,49,Utah,UT,8.2,0.1,1184200,0.41,,,2.12,
2010-09-01,50,Vermont,VT,6,-0.6,298800,1.22,,,4.48,
2010-09-01,51,Virginia,VA,6.7,-0.3,3654500,0.71,,,3.4,
2010-09-01,53,Washington,WA,9.9,-0.3,2832200,-0.21,,,3.24,
2010-09-01,54,West Virginia,WV,8.3,-0.2,713000,1.15,,,1.32,
2010-09-01,55,Wisconsin,WI,8.1,-1.1,2726800,0.48,,,3.74,
2010-09-01,56,Wyoming,WY,6.6,-0.5,286100,0.7,,,-3.61,
2010-08-01,01,Alabama,AL,10.1,-0.2,1892100,-0.02,,,2.71,
2010-08-01,02,Alaska,AK,7.8,-0.2,326200,1.78,,,-2.37,
2010-08-01,04,Arizona,AZ,10.2,0,2380100,-1.22,,,1.74,
2010-08-01,05,Arkansas,AR,7.7,-0.1,1169700,0.84,,,2.88,
2010-08-01,10,Delaware,DE,8.1,-0.3,415800,0.75,,,-1.29,
2010-08-01,11,District of Columbia,DC,9.6,-0.3,708700,0.41,,,4.1,
2010-08-01,12,Florida,FL,11.2,0.4,7191800,0.24,,,1.37,
2010-08-01,13,Georgia,GA,10.3,0.1,3866800,0.01,,,1.63,
2010-08-01,15,Hawaii,HI,6.6,-0.1,587300,-0.36,,,2.71,
2010-08-01,16,Idaho,ID,9,-0.5,603700,-0.07,,,2.2,
2010-08-01,17,Illinois,IL,10,-0.4,5614800,0.17,,,1.97,
2010-08-01,18,Indiana,IN,9.8,-0.6,2800900,0.75,,,6.99,
2010-08-01,19,Iowa,IA,5.9,-0.7,1466800,-0.36,,,3.1,
2010-08-01,20,Kansas,KS,6.8,-0.6,1336800,0.13,,,1.39,
2010-08-01,21,Kentucky,KY,10,-1,1758100,0.41,,,4.83,
2010-08-01,22,Louisiana,LA,7.6,0.7,1889700,-0.44,,,4.8,
2010-08-01,23,Maine,ME,8.2,-0.2,590700,-0.3,,,2.02,
2010-08-01,24,Maryland,MD,7.7,0.4,2542500,0.43,,,4.86,
2010-08-01,25,Massachusetts,MA,7.9,-0.6,3222200,0.93,,,4.76,
2010-08-01,26,Michigan,MI,12.5,-1.7,3868000,0.93,,,6,
2010-08-01,27,Minnesota,MN,7.3,-0.5,2638900,0.22,,,3.78,
2010-08-01,28,Mississippi,MS,9.8,0.3,1093300,0.12,,,1.28,
2010-08-01,29,Missouri,MO,9.3,-0.1,2681700,-0.28,,,2.22,
2010-08-01,30,Montana,MT,7,-0.1,428800,0.3,,,3.74,
2010-08-01,31,Nebraska,NE,4.5,-0.3,949000,0.25,,,3.95,
2010-08-01,32,Nevada,NV,13.3,1.7,1119200,-1.22,,,1.65,
2010-08-01,33,New Hampshire,NH,5.8,-0.6,621400,0.03,,,3.48,
2010-08-01,34,New Jersey,NJ,9.5,0.1,3847900,-0.77,,,1.54,
2010-08-01,35,New Mexico,NM,7.8,0.4,802100,-0.78,,,-0.12,
2010-08-01,36,New York,NY,8.6,-0.1,8530900,-0.07,,,3.78,
2010-08-01,37,North Carolina,NC,10.6,-0.2,3873800,0.01,,,1.78,
2010-08-01,38,North Dakota,ND,3.6,-0.2,377100,2.89,,,7.58,
2010-08-01,39,Ohio,OH,9.7,-0.8,5024400,0.29,,,2.33,
2010-08-01,40,Oklahoma,OK,6.3,-0.6,1557700,0.01,,,0.78,
2010-08-01,41,Oregon,OR,10.5,-0.2,1608800,0.31,,,2.14,
2010-08-01,42,Pennsylvania,PA,8,-0.2,5638600,1,,,3.35,
2010-08-01,44,Rhode Island,RI,11.5,0.1,464100,0.96,,,2.88,
2010-08-01,45,South Carolina,SC,10.9,-0.4,1820900,0.95,,,2.55,
2010-08-01,46,South Dakota,SD,4.8,0.2,403700,0.47,,,1.25,
2010-08-01,47,Tennessee,TN,9.5,-1.3,2625900,0.85,,,1.87,
2010-08-01,48,Texas,TX,8.1,-0.2,10393700,1.24,,,2.92,
2010-08-01,49,Utah,UT,8.2,0.2,1184200,0.43,,,2.12,
2010-08-01,50,Vermont,VT,6,-0.6,298500,0.57,,,4.48,
2010-08-01,51,Virginia,VA,6.7,-0.3,3658100,0.52,,,3.4,
2010-08-01,53,Washington,WA,9.9,0.1,2833300,-0.31,,,3.24,
2010-08-01,54,West Virginia,WV,8.2,-0.3,715100,0.89,,,1.32,
2010-08-01,55,Wisconsin,WI,8.1,-1.1,2728200,0.47,,,3.74,
2010-08-01,56,Wyoming,WY,6.6,-0.3,284700,0.39,,,-3.61,
2010-07-01,01,Alabama,AL,10.1,0.1,1896100,-0.16,,,2.71,
2010-07-01,02,Alaska,AK,7.8,-0.2,326800,1.9,,,-2.37,
2010-07-01,04,Arizona,AZ,10.3,0.3,2382300,-1.53,,,1.74,
2010-07-01,05,Arkansas,AR,7.7,-0.2,1168800,0.69,,,2.88,
2010-07-01,10,Delaware,DE,8.2,-0.1,416000,0.6,,,-1.29,
2010-07-01,11,District of Columbia,DC,9.5,-0.3,718500,1.9,,,4.1,
2010-07-01,12,Florida,FL,11.2,0.6,7190400,-0.12,,,1.37,
2010-07-01,13,Georgia,GA,10.2,0.1,3871400,-0.23,,,1.63,
2010-07-01,15,Hawaii,HI,6.6,0,588900,-0.32,,,2.71,
2010-07-01,16,Idaho,ID,9,-0.5,603500,-0.31,,,2.2,
2010-07-01,17,Illinois,IL,10.2,0,5590200,-0.54,,,1.97,
2010-07-01,18,Indiana,IN,9.9,-0.5,2815100,1.8,,,6.99,
2010-07-01,19,Iowa,IA,5.9,-0.8,1467500,-0.22,,,3.1,
2010-07-01,20,Kansas,KS,6.8,-0.6,1336200,-0.18,,,1.39,
2010-07-01,21,Kentucky,KY,10.1,-0.9,1759300,0.44,,,4.83,
2010-07-01,22,Louisiana,LA,7.5,0.6,1889700,-0.42,,,4.8,
2010-07-01,23,Maine,ME,8.2,-0.2,592400,-0.22,,,2.02,
2010-07-01,24,Maryland,MD,7.7,0.5,2542600,0.38,,,4.86,
2010-07-01,25,Massachusetts,MA,8,-0.4,3220200,0.87,,,4.76,
2010-07-01,26,Michigan,MI,12.9,-1.4,3882900,1.34,,,6,
2010-07-01,27,Minnesota,MN,7.2,-0.7,2635900,-0.19,,,3.78,
2010-07-01,28,Mississippi,MS,9.9,0.6,1097300,0.23,,,1.28,
2010-07-01,29,Missouri,MO,9.3,0,2664300,-0.94,,,2.22,
2010-07-01,30,Montana,MT,7,-0.1,428400,0.12,,,3.74,
2010-07-01,31,Nebraska,NE,4.5,-0.2,948200,-0.15,,,3.95,
2010-07-01,32,Nevada,NV,13.3,2,1120300,-1.49,,,1.65,
2010-07-01,33,New Hampshire,NH,5.9,-0.4,621900,0.14,,,3.48,
2010-07-01,34,New Jersey,NJ,9.5,0.4,3854700,-0.65,,,1.54,
2010-07-01,35,New Mexico,NM,7.8,0.5,805800,-0.31,,,-0.12,
2010-07-01,36,New York,NY,8.7,0.1,8556600,0.03,,,3.78,
2010-07-01,37,North Carolina,NC,10.6,-0.3,3874300,-0.16,,,1.78,
2010-07-01,38,North Dakota,ND,3.6,-0.3,376200,2.59,,,7.58,
2010-07-01,39,Ohio,OH,9.8,-0.7,5028600,0.14,,,2.33,
2010-07-01,40,Oklahoma,OK,6.3,-0.6,1560300,-0.14,,,0.78,
2010-07-01,41,Oregon,OR,10.6,-0.3,1604200,-0.38,,,2.14,
2010-07-01,42,Pennsylvania,PA,8,-0.3,5628200,0.69,,,3.35,
2010-07-01,44,Rhode Island,RI,11.5,0.1,462800,0.67,,,2.88,
2010-07-01,45,South Carolina,SC,10.9,-0.3,1820800,0.73,,,2.55,
2010-07-01,46,South Dakota,SD,4.8,0.1,403200,-0.05,,,1.25,
2010-07-01,47,Tennessee,TN,9.5,-1.3,2626500,0.73,,,1.87,
2010-07-01,48,Texas,TX,8.1,-0.2,10379500,0.86,,,2.92,
2010-07-01,49,Utah,UT,8.2,0.4,1184300,0.36,,,2.12,
2010-07-01,50,Vermont,VT,6.1,-0.6,299600,1.46,,,4.48,
2010-07-01,51,Virginia,VA,6.7,-0.3,3662800,0.63,,,3.4,
2010-07-01,53,Washington,WA,9.8,0.3,2834400,-0.45,,,3.24,
2010-07-01,54,West Virginia,WV,8.2,-0.2,716100,1.04,,,1.32,
2010-07-01,55,Wisconsin,WI,8.2,-1,2726500,0.12,,,3.74,
2010-07-01,56,Wyoming,WY,6.7,0,283500,-0.46,,,-3.61,
2010-06-01,01,Alabama,AL,10.2,0.5,1896300,-0.25,,,2.71,
2010-06-01,02,Alaska,AK,7.9,0,325100,1.56,,,-2.37,
2010-06-01,04,Arizona,AZ,10.4,0.6,2389500,-1.55,,,1.74,
2010-06-01,05,Arkansas,AR,7.7,-0.2,1174000,1.12,,,2.88,
2010-06-01,10,Delaware,DE,8.3,0,413600,-0.36,,,-1.29,
2010-06-01,11,District of Columbia,DC,9.6,0,715700,2.45,,,4.1,
2010-06-01,12,Florida,FL,11.2,0.8,7188500,-0.5,,,1.37,
2010-06-01,13,Georgia,GA,10.2,0.2,3865400,-0.84,,,1.63,
2010-06-01,15,Hawaii,HI,6.6,0,586600,-1.31,,,2.71,
2010-06-01,16,Idaho,ID,9,-0.4,602200,-1.18,,,2.2,
2010-06-01,17,Illinois,IL,10.4,0.4,5612900,-0.51,,,1.97,
2010-06-01,18,Indiana,IN,10,-0.5,2801600,0.94,,,6.99,
2010-06-01,19,Iowa,IA,6,-0.7,1469500,-0.41,,,3.1,
2010-06-01,20,Kansas,KS,6.8,-0.5,1336200,-0.42,,,1.39,
2010-06-01,21,Kentucky,KY,10.2,-0.8,1766200,0.68,,,4.83,
2010-06-01,22,Louisiana,LA,7.4,0.6,1899800,0.02,,,4.8,
2010-06-01,23,Maine,ME,8.3,-0.2,592200,-0.52,,,2.02,
2010-06-01,24,Maryland,MD,7.7,0.6,2545400,0.06,,,4.86,
2010-06-01,25,Massachusetts,MA,8.1,-0.2,3216000,0.37,,,4.76,
2010-06-01,26,Michigan,MI,12.9,-1.4,3867900,0.73,,,6,
2010-06-01,27,Minnesota,MN,7.3,-0.6,2636800,-0.26,,,3.78,
2010-06-01,28,Mississippi,MS,10,0.9,1098900,0.21,,,1.28,
2010-06-01,29,Missouri,MO,9.3,0,2665300,-1.2,,,2.22,
2010-06-01,30,Montana,MT,7.1,-0.1,428000,-0.28,,,3.74,
2010-06-01,31,Nebraska,NE,4.6,-0.1,947500,-0.03,,,3.95,
2010-06-01,32,Nevada,NV,13.2,2.2,1120600,-2,,,1.65,
2010-06-01,33,New Hampshire,NH,6,-0.2,621400,-0.58,,,3.48,
2010-06-01,34,New Jersey,NJ,9.6,0.8,3865000,-0.73,,,1.54,
2010-06-01,35,New Mexico,NM,7.8,0.7,807800,-0.27,,,-0.12,
2010-06-01,36,New York,NY,8.7,0.2,8565600,0.53,,,3.78,
2010-06-01,37,North Carolina,NC,10.6,-0.4,3873700,-0.52,,,1.78,
2010-06-01,38,North Dakota,ND,3.6,-0.3,375000,2.12,,,7.58,
2010-06-01,39,Ohio,OH,9.9,-0.6,5038800,-0.26,,,2.33,
2010-06-01,40,Oklahoma,OK,6.4,-0.4,1562300,-0.24,,,0.78,
2010-06-01,41,Oregon,OR,10.6,-0.4,1610400,-0.02,,,2.14,
2010-06-01,42,Pennsylvania,PA,8.1,-0.1,5633800,0.54,,,3.35,
2010-06-01,44,Rhode Island,RI,11.6,0.3,461500,-0.37,,,2.88,
2010-06-01,45,South Carolina,SC,11,-0.1,1816300,0.31,,,2.55,
2010-06-01,46,South Dakota,SD,4.9,0.2,402900,0.02,,,1.25,
2010-06-01,47,Tennessee,TN,9.6,-1.2,2627100,0.61,,,1.87,
2010-06-01,48,Texas,TX,8.1,0,10393300,0.68,,,2.92,
2010-06-01,49,Utah,UT,8.2,0.5,1183000,-0.24,,,2.12,
2010-06-01,50,Vermont,VT,6.2,-0.5,297600,0.34,,,4.48,
2010-06-01,51,Virginia,VA,6.8,-0.1,3659900,0.23,,,3.4,
2010-06-01,53,Washington,WA,9.8,0.7,2838800,-0.77,,,3.24,
2010-06-01,54,West Virginia,WV,8.2,-0.1,715200,0.24,,,1.32,
2010-06-01,55,Wisconsin,WI,8.3,-0.8,2724100,-0.38,,,3.74,
2010-06-01,56,Wyoming,WY,6.8,0.4,285000,-0.52,,,-3.61,
2010-05-01,01,Alabama,AL,10.3,0.9,1898000,-0.56,,,2.71,
2010-05-01,02,Alaska,AK,8,0.2,323500,0.94,,,-2.37,
2010-05-01,04,Arizona,AZ,10.5,0.9,2398900,-1.61,,,1.74,
2010-05-01,05,Arkansas,AR,7.7,-0.2,1167600,0.36,,,2.88,
2010-05-01,10,Delaware,DE,8.4,0.2,413200,-1.12,,,-1.29,
2010-05-01,11,District of Columbia,DC,9.7,0.3,713900,2.41,,,4.1,
2010-05-01,12,Florida,FL,11.2,1.1,7201400,-0.66,,,1.37,
2010-05-01,13,Georgia,GA,10.3,0.4,3868700,-1.06,,,1.63,
2010-05-01,15,Hawaii,HI,6.7,0.2,588200,-0.88,,,2.71,
2010-05-01,16,Idaho,ID,9.1,-0.1,605700,-0.43,,,2.2,
2010-05-01,17,Illinois,IL,10.6,0.8,5618800,-0.78,,,1.97,
2010-05-01,18,Indiana,IN,10.2,-0.3,2809800,0.73,,,6.99,
2010-05-01,19,Iowa,IA,6.1,-0.6,1472500,-0.57,,,3.1,
2010-05-01,20,Kansas,KS,6.9,-0.3,1333400,-1.09,,,1.39,
2010-05-01,21,Kentucky,KY,10.3,-0.6,1765000,0.36,,,4.83,
2010-05-01,22,Louisiana,LA,7.3,0.5,1893500,-0.69,,,4.8,
2010-05-01,23,Maine,ME,8.4,0,596400,-0.38,,,2.02,
2010-05-01,24,Maryland,MD,7.8,0.8,2545300,-0.05,,,4.86,
2010-05-01,25,Massachusetts,MA,8.2,0.1,3229900,0.5,,,4.76,
2010-05-01,26,Michigan,MI,13.2,-0.6,3864800,-0.32,,,6,
2010-05-01,27,Minnesota,MN,7.3,-0.6,2637700,-0.77,,,3.78,
2010-05-01,28,Mississippi,MS,10.3,1.3,1097400,-0.15,,,1.28,
2010-05-01,29,Missouri,MO,9.4,0.3,2670400,-1.22,,,2.22,
2010-05-01,30,Montana,MT,7.2,0,429700,0.14,,,3.74,
2010-05-01,31,Nebraska,NE,4.7,0,945000,-0.57,,,3.95,
2010-05-01,32,Nevada,NV,13.3,2.6,1122300,-2.37,,,1.65,
2010-05-01,33,New Hampshire,NH,6.1,0.1,624000,-0.59,,,3.48,
2010-05-01,34,New Jersey,NJ,9.7,1.2,3869000,-0.93,,,1.54,
2010-05-01,35,New Mexico,NM,7.9,1,805600,-0.81,,,-0.12,
2010-05-01,36,New York,NY,8.8,0.4,8580000,0.52,,,3.78,
2010-05-01,37,North Carolina,NC,10.9,-0.1,3878100,-0.76,,,1.78,
2010-05-01,38,North Dakota,ND,3.7,-0.3,375900,2.37,,,7.58,
2010-05-01,39,Ohio,OH,10.1,-0.3,5040000,-0.81,,,2.33,
2010-05-01,40,Oklahoma,OK,6.5,-0.2,1559400,-0.68,,,0.78,
2010-05-01,41,Oregon,OR,10.6,-0.5,1607500,-0.51,,,2.14,
2010-05-01,42,Pennsylvania,PA,8.2,0,5631100,0.24,,,3.35,
2010-05-01,44,Rhode Island,RI,11.7,0.5,462500,-0.39,,,2.88,
2010-05-01,45,South Carolina,SC,11.1,0.2,1821700,0.14,,,2.55,
2010-05-01,46,South Dakota,SD,4.9,0.1,401800,-0.62,,,1.25,
2010-05-01,47,Tennessee,TN,9.7,-1,2633100,0.24,,,1.87,
2010-05-01,48,Texas,TX,8.2,0.6,10394000,0.39,,,2.92,
2010-05-01,49,Utah,UT,8.3,0.8,1182800,-0.57,,,2.12,
2010-05-01,50,Vermont,VT,6.3,-0.4,298100,-0.07,,,4.48,
2010-05-01,51,Virginia,VA,6.9,0,3659900,0.1,,,3.4,
2010-05-01,53,Washington,WA,9.9,1.1,2841200,-1.05,,,3.24,
2010-05-01,54,West Virginia,WV,8.3,0.2,723000,1.59,,,1.32,
2010-05-01,55,Wisconsin,WI,8.5,-0.5,2724400,-0.81,,,3.74,
2010-05-01,56,Wyoming,WY,6.9,0.8,285400,-1.62,,,-3.61,
2010-04-01,01,Alabama,AL,10.5,1.4,1886400,-1.48,,,2.71,
2010-04-01,02,Alaska,AK,8.1,0.4,322500,0.62,,,-2.37,
2010-04-01,04,Arizona,AZ,10.6,1.2,2386200,-2.49,,,1.74,
2010-04-01,05,Arkansas,AR,7.8,0,1158500,-0.97,,,2.88,
2010-04-01,10,Delaware,DE,8.5,0.4,411300,-1.37,,,-1.29,
2010-04-01,11,District of Columbia,DC,9.8,0.6,711800,2.42,,,4.1,
2010-04-01,12,Florida,FL,11.3,1.8,7158000,-1.58,,,1.37,
2010-04-01,13,Georgia,GA,10.4,0.7,3847700,-1.92,,,1.63,
2010-04-01,15,Hawaii,HI,6.7,0.3,586900,-1.41,,,2.71,
2010-04-01,16,Idaho,ID,9.3,0.8,603200,-1.13,,,2.2,
2010-04-01,17,Illinois,IL,10.9,1.4,5600300,-1.37,,,1.97,
2010-04-01,18,Indiana,IN,10.3,0,2796900,0.02,,,6.99,
2010-04-01,19,Iowa,IA,6.2,-0.4,1471800,-0.73,,,3.1,
2010-04-01,20,Kansas,KS,7,0.1,1329000,-1.66,,,1.39,
2010-04-01,21,Kentucky,KY,10.5,-0.2,1756300,-0.23,,,4.83,
2010-04-01,22,Louisiana,LA,7.2,0.5,1885300,-1.13,,,4.8,
2010-04-01,23,Maine,ME,8.5,0.1,594100,-0.78,,,2.02,
2010-04-01,24,Maryland,MD,7.9,1,2538100,-0.33,,,4.86,
2010-04-01,25,Massachusetts,MA,8.3,0.3,3214700,-0.09,,,4.76,
2010-04-01,26,Michigan,MI,13.4,0.1,3851200,-1.48,,,6,
2010-04-01,27,Minnesota,MN,7.4,-0.4,2635900,-0.96,,,3.78,
2010-04-01,28,Mississippi,MS,10.4,1.5,1091900,-0.78,,,1.28,
2010-04-01,29,Missouri,MO,9.5,0.5,2667400,-1.53,,,2.22,
2010-04-01,30,Montana,MT,7.3,0.1,427500,-0.4,,,3.74,
2010-04-01,31,Nebraska,NE,4.8,0.2,943200,-0.79,,,3.95,
2010-04-01,32,Nevada,NV,13.2,2.9,1118700,-3.26,,,1.65,
2010-04-01,33,New Hampshire,NH,6.3,0.5,621600,-0.73,,,3.48,
2010-04-01,34,New Jersey,NJ,9.8,1.6,3859600,-1.08,,,1.54,
2010-04-01,35,New Mexico,NM,8,1.4,803000,-1.19,,,-0.12,
2010-04-01,36,New York,NY,8.9,0.7,8545300,0.2,,,3.78,
2010-04-01,37,North Carolina,NC,11,0.1,3859400,-1.44,,,1.78,
2010-04-01,38,North Dakota,ND,3.7,-0.3,375300,3.22,,,7.58,
2010-04-01,39,Ohio,OH,10.3,0.1,5031900,-1.44,,,2.33,
2010-04-01,40,Oklahoma,OK,6.7,0.2,1551500,-1.5,,,0.78,
2010-04-01,41,Oregon,OR,10.7,-0.3,1601000,-1.12,,,2.14,
2010-04-01,42,Pennsylvania,PA,8.3,0.3,5607500,-0.29,,,3.35,
2010-04-01,44,Rhode Island,RI,11.8,0.7,460900,-0.67,,,2.88,
2010-04-01,45,South Carolina,SC,11.3,0.6,1809200,-0.82,,,2.55,
2010-04-01,46,South Dakota,SD,4.9,0.2,401500,,,,1.25,
2010-04-01,47,Tennessee,TN,10,-0.4,2616500,-0.63,,,1.87,
2010-04-01,48,Texas,TX,8.3,1.8,10332800,-0.4,,,2.92,
2010-04-01,49,Utah,UT,8.4,1.1,1178800,-1.09,,,2.12,
2010-04-01,50,Vermont,VT,6.4,-0.3,299000,0.57,,,4.48,
2010-04-01,51,Virginia,VA,7,0.3,3639500,-0.37,,,3.4,
2010-04-01,53,Washington,WA,10.1,1.8,2831600,-1.47,,,3.24,
2010-04-01,54,West Virginia,WV,8.5,0.7,709800,-0.24,,,1.32,
2010-04-01,55,Wisconsin,WI,8.7,-0.1,2723500,-0.96,,,3.74,
2010-04-01,56,Wyoming,WY,7.1,1.4,284300,-1.69,,,-3.61,
2010-03-01,01,Alabama,AL,10.9,2.1,1882500,-2.04,,,2.71,
2010-03-01,02,Alaska,AK,8.2,0.6,321100,0.03,,,-2.37,
2010-03-01,04,Arizona,AZ,10.6,1.6,2383500,-3.56,,,1.74,
2010-03-01,05,Arkansas,AR,7.9,0.3,1155400,-1.58,,,2.88,
2010-03-01,10,Delaware,DE,8.6,0.8,408900,-2.64,,,-1.29,
2010-03-01,11,District of Columbia,DC,10,1,706500,0.91,,,4.1,
2010-03-01,12,Florida,FL,11.4,2.1,7137600,-2.39,,,1.37,
2010-03-01,13,Georgia,GA,10.5,1,3842800,-2.57,,,1.63,
2010-03-01,15,Hawaii,HI,6.8,0.5,585600,-2.17,,,2.71,
2010-03-01,16,Idaho,ID,9.4,1,602000,-2.05,,,2.2,
2010-03-01,17,Illinois,IL,11.1,1.9,5588200,-2.41,,,1.97,
2010-03-01,18,Indiana,IN,10.4,0.4,2787300,-1.23,,,6.99,
2010-03-01,19,Iowa,IA,6.3,-0.1,1467700,-1.54,,,3.1,
2010-03-01,20,Kansas,KS,7.1,0.4,1322500,-3.01,,,1.39,
2010-03-01,21,Kentucky,KY,10.7,0.4,1748200,-1.11,,,4.83,
2010-03-01,22,Louisiana,LA,7.2,0.7,1884000,-1.88,,,4.8,
2010-03-01,23,Maine,ME,8.6,0.4,593900,-0.85,,,2.02,
2010-03-01,24,Maryland,MD,7.9,1.2,2522100,-1.21,,,4.86,
2010-03-01,25,Massachusetts,MA,8.4,0.7,3208100,-0.69,,,4.76,
2010-03-01,26,Michigan,MI,13.7,1,3833800,-2.38,,,6,
2010-03-01,27,Minnesota,MN,7.6,-0.1,2625800,-1.92,,,3.78,
2010-03-01,28,Mississippi,MS,10.5,1.9,1086800,-1.73,,,1.28,
2010-03-01,29,Missouri,MO,9.6,0.9,2665800,-2.12,,,2.22,
2010-03-01,30,Montana,MT,7.4,0.3,427900,-0.23,,,3.74,
2010-03-01,31,Nebraska,NE,4.8,0.3,939900,-1.71,,,3.95,
2010-03-01,32,Nevada,NV,13.2,3.2,1115400,-4.7,,,1.65,
2010-03-01,33,New Hampshire,NH,6.4,0.9,621500,-1.21,,,3.48,
2010-03-01,34,New Jersey,NJ,9.9,2,3844800,-2.01,,,1.54,
2010-03-01,35,New Mexico,NM,8,1.6,801300,-1.95,,,-0.12,
2010-03-01,36,New York,NY,8.9,1,8509700,-0.99,,,3.78,
2010-03-01,37,North Carolina,NC,11.2,0.4,3847600,-2.39,,,1.78,
2010-03-01,38,North Dakota,ND,3.8,-0.2,372000,1.53,,,7.58,
2010-03-01,39,Ohio,OH,10.5,0.6,5016600,-2.58,,,2.33,
2010-03-01,40,Oklahoma,OK,6.8,0.7,1547100,-2.55,,,0.78,
2010-03-01,41,Oregon,OR,10.7,0,1596100,-2.03,,,2.14,
2010-03-01,42,Pennsylvania,PA,8.4,0.6,5587900,-1.17,,,3.35,
2010-03-01,44,Rhode Island,RI,11.8,1,461100,-1.24,,,2.88,
2010-03-01,45,South Carolina,SC,11.4,1,1797400,-2.01,,,2.55,
2010-03-01,46,South Dakota,SD,4.9,0.3,399800,-1.41,,,1.25,
2010-03-01,47,Tennessee,TN,10.2,0.1,2604700,-1.85,,,1.87,
2010-03-01,48,Texas,TX,8.4,2,10311800,-1.23,,,2.92,
2010-03-01,49,Utah,UT,8.4,1.2,1175600,-2.23,,,2.12,
2010-03-01,50,Vermont,VT,6.5,0,296500,-0.9,,,4.48,
2010-03-01,51,Virginia,VA,7,0.5,3617700,-1.48,,,3.4,
2010-03-01,53,Washington,WA,10.2,2.5,2825900,-2.45,,,3.24,
2010-03-01,54,West Virginia,WV,8.6,1.3,709600,-0.91,,,1.32,
2010-03-01,55,Wisconsin,WI,8.9,0.5,2713400,-2.14,,,3.74,
2010-03-01,56,Wyoming,WY,7.3,2,282600,-3.25,,,-3.61,
2010-02-01,01,Alabama,AL,11,2.6,1878700,-2.83,,,2.71,
2010-02-01,02,Alaska,AK,8.3,0.9,320800,-0.31,,,-2.37,
2010-02-01,04,Arizona,AZ,10.7,2.1,2381900,-4.39,,,1.74,
2010-02-01,05,Arkansas,AR,7.9,0.6,1150100,-2.59,,,2.88,
2010-02-01,10,Delaware,DE,8.7,1.2,405500,-4.09,,,-1.29,
2010-02-01,11,District of Columbia,DC,10.1,1.5,701500,-0.28,,,4.1,
2010-02-01,12,Florida,FL,11.4,2.5,7131900,-3.12,,,1.37,
2010-02-01,13,Georgia,GA,10.5,1.4,3835100,-3.39,,,1.63,
2010-02-01,15,Hawaii,HI,6.8,0.7,585200,-2.58,,,2.71,
2010-02-01,16,Idaho,ID,9.5,1.4,600600,-2.97,,,2.2,
2010-02-01,17,Illinois,IL,11.2,2.5,5587200,-3.09,,,1.97,
2010-02-01,18,Indiana,IN,10.5,1,2781300,-2.14,,,6.99,
2010-02-01,19,Iowa,IA,6.4,0.3,1464500,-2.33,,,3.1,
2010-02-01,20,Kansas,KS,7.2,0.9,1321600,-3.77,,,1.39,
2010-02-01,21,Kentucky,KY,10.8,1,1739800,-2.15,,,4.83,
2010-02-01,22,Louisiana,LA,7.1,0.9,1876200,-2.81,,,4.8,
2010-02-01,23,Maine,ME,8.6,0.7,592700,-1.59,,,2.02,
2010-02-01,24,Maryland,MD,8,1.5,2488300,-2.98,,,4.86,
2010-02-01,25,Massachusetts,MA,8.5,1.1,3208000,-1.16,,,4.76,
2010-02-01,26,Michigan,MI,13.8,1.9,3836000,-2.95,,,6,
2010-02-01,27,Minnesota,MN,7.6,0.2,2623300,-2.61,,,3.78,
2010-02-01,28,Mississippi,MS,10.5,2.2,1084300,-2.73,,,1.28,
2010-02-01,29,Missouri,MO,9.6,1.2,2664600,-2.72,,,2.22,
2010-02-01,30,Montana,MT,7.4,0.5,426300,-1.46,,,3.74,
2010-02-01,31,Nebraska,NE,4.9,0.6,939700,-2.05,,,3.95,
2010-02-01,32,Nevada,NV,13,3.4,1117500,-5.67,,,1.65,
2010-02-01,33,New Hampshire,NH,6.5,1.3,619200,-2.15,,,3.48,
2010-02-01,34,New Jersey,NJ,10,2.4,3841900,-2.65,,,1.54,
2010-02-01,35,New Mexico,NM,8,1.9,800500,-2.82,,,-0.12,
2010-02-01,36,New York,NY,9,1.5,8490200,-1.61,,,3.78,
2010-02-01,37,North Carolina,NC,11.2,0.7,3837600,-3.48,,,1.78,
2010-02-01,38,North Dakota,ND,3.8,-0.1,370300,0.87,,,7.58,
2010-02-01,39,Ohio,OH,10.7,1.3,5010100,-3.35,,,2.33,
2010-02-01,40,Oklahoma,OK,6.9,1.3,1542600,-3.38,,,0.78,
2010-02-01,41,Oregon,OR,10.7,0.5,1594000,-3.09,,,2.14,
2010-02-01,42,Pennsylvania,PA,8.4,0.9,5567200,-2.15,,,3.35,
2010-02-01,44,Rhode Island,RI,11.8,1.4,460400,-2.02,,,2.88,
2010-02-01,45,South Carolina,SC,11.6,1.6,1795900,-2.8,,,2.55,
2010-02-01,46,South Dakota,SD,4.8,0.4,398900,-2.09,,,1.25,
2010-02-01,47,Tennessee,TN,10.3,0.7,2601100,-2.76,,,1.87,
2010-02-01,48,Texas,TX,8.4,2.1,10278300,-2.1,,,2.92,
2010-02-01,49,Utah,UT,8.4,1.5,1173100,-3.09,,,2.12,
2010-02-01,50,Vermont,VT,6.5,0.3,295600,-1.73,,,4.48,
2010-02-01,51,Virginia,VA,7.1,0.9,3598000,-2.49,,,3.4,
2010-02-01,53,Washington,WA,10.3,2.9,2821100,-3.33,,,3.24,
2010-02-01,54,West Virginia,WV,8.7,1.9,704500,-2.08,,,1.32,
2010-02-01,55,Wisconsin,WI,9.1,1.2,2710500,-2.9,,,3.74,
2010-02-01,56,Wyoming,WY,7.4,2.6,282200,-4.01,,,-3.61,
2010-01-01,01,Alabama,AL,11,3,1881600,-3.39,199454968,199454968,2.71,89.682
2010-01-01,02,Alaska,AK,8.3,1.2,321200,0.03,53652007,53652007,-2.37,103.183
2010-01-01,04,Arizona,AZ,10.6,2.4,2384100,-5.35,282252452,282252452,1.74,100.548
2010-01-01,05,Arkansas,AR,7.9,0.9,1151800,-2.65,113000861,113000861,2.88,88.492
2010-01-01,06,California,CA,,,,,2153852764,2153852764,2.05,109.665
2010-01-01,08,Colorado,CO,,,,,279385573,279385573,1.35,100.594
2010-01-01,09,Connecticut,CT,,,,,266773408,266773408,0.47,107.003
2010-01-01,10,Delaware,DE,8.8,1.7,408500,-3.81,68291851,68291851,-1.29,101.547
2010-01-01,11,District of Columbia,DC,10.2,1.9,705600,0.06,120393223,120393223,4.1,114.189
2010-01-01,12,Florida,FL,11.4,2.9,7132200,-3.85,851956408,851956408,1.37,100.332
2010-01-01,13,Georgia,GA,10.6,1.9,3838900,-3.98,471588220,471588220,1.63,94.463
2010-01-01,15,Hawaii,HI,6.8,1,587600,-2.75,76130166,76130166,2.71,109.395
2010-01-01,16,Idaho,ID,9.5,1.8,598700,-4.22,62626418,62626418,2.2,93.204
2010-01-01,17,Illinois,IL,11.3,3.1,5583100,-3.73,755391375,755391375,1.97,101.745
2010-01-01,18,Indiana,IN,10.5,1.7,2781200,-2.71,320731753,320731753,6.99,93.073
2010-01-01,19,Iowa,IA,6.5,0.8,1463600,-2.65,161593058,161593058,3.1,91.218
2010-01-01,20,Kansas,KS,7.3,1.4,1322900,-4.21,143870087,143870087,1.39,92.993
2010-01-01,21,Kentucky,KY,10.9,1.7,1747000,-2.23,186720558,186720558,4.83,90.358
2010-01-01,22,Louisiana,LA,7,1,1877400,-2.89,253466936,253466936,4.8,92.131
2010-01-01,23,Maine,ME,8.7,1.3,593700,-2.03,59958526,59958526,2.02,97.688
2010-01-01,24,Maryland,MD,8,1.9,2520600,-2,352622878,352622878,4.86,108.432
2010-01-01,25,Massachusetts,MA,8.6,1.5,3213600,-1.21,462330768,462330768,4.76,104.709
2010-01-01,26,Michigan,MI,13.9,2.9,3839200,-2.91,441271527,441271527,6,96.195
2010-01-01,27,Minnesota,MN,7.7,0.7,2625600,-3.06,308091853,308091853,3.78,97.591
2010-01-01,28,Mississippi,MS,10.5,2.5,1084500,-3.19,106711769,106711769,1.28,88.218
2010-01-01,29,Missouri,MO,9.6,1.6,2663000,-3.17,295986430,295986430,2.22,93.124
2010-01-01,30,Montana,MT,7.4,0.9,427600,-1.45,42469794,42469794,3.74,92.458
2010-01-01,31,Nebraska,NE,4.9,0.8,938400,-2.51,103940811,103940811,3.95,92.13
2010-01-01,32,Nevada,NV,12.9,3.7,1119200,-6.55,142614154,142614154,1.65,100.763
2010-01-01,33,New Hampshire,NH,6.6,1.7,620000,-2.71,72950374,72950374,3.48,104.064
2010-01-01,34,New Jersey,NJ,10,2.8,3855200,-2.67,554764355,554764355,1.54,108.867
2010-01-01,35,New Mexico,NM,8,2.2,800200,-3.49,90721033,90721033,-0.12,94.505
2010-01-01,36,New York,NY,9,1.9,8487100,-1.91,1431624004,1431624004,3.78,110.132
2010-01-01,37,North Carolina,NC,11.2,1.2,3843900,-3.85,482030392,482030392,1.78,92.813
2010-01-01,38,North Dakota,ND,3.9,0.2,369000,0.65,38697406,38697406,7.58,89.176
2010-01-01,39,Ohio,OH,10.8,2,5014700,-3.73,563816266,563816266,2.33,93.155
2010-01-01,40,Oklahoma,OK,6.9,1.8,1543100,-3.75,158086399,158086399,0.78,90.456
2010-01-01,41,Oregon,OR,10.7,1.1,1594800,-3.89,180738194,180738194,2.14,99.286
2010-01-01,42,Pennsylvania,PA,8.4,1.3,5577800,-2.26,666805833,666805833,3.35,99.069
2010-01-01,44,Rhode Island,RI,11.8,1.8,460900,-2.31,56050592,56050592,2.88,102.11
2010-01-01,45,South Carolina,SC,11.7,2.2,1794100,-3.61,188777169,188777169,2.55,92.596
2010-01-01,46,South Dakota,SD,4.8,0.6,398700,-2.42,44810730,44810730,1.25,88.863
2010-01-01,47,Tennessee,TN,10.5,1.5,2604200,-3.33,292686951,292686951,1.87,92.269
2010-01-01,48,Texas,TX,8.4,2.3,10275300,-2.72,1323059067,1323059067,2.92,97.591
2010-01-01,49,Utah,UT,8.4,2.1,1174700,-3.59,133739071,133739071,2.12,97.291
2010-01-01,50,Vermont,VT,6.6,0.7,296100,-1.79,30890645,30890645,4.48,99.614
2010-01-01,51,Virginia,VA,7.1,1.3,3617600,-2.35,475699292,475699292,3.4,103.586
2010-01-01,53,Washington,WA,10.4,3.4,2825200,-3.86,403471316,403471316,3.24,102.608
2010-01-01,54,West Virginia,WV,8.7,2.5,705100,-2.3,71823772,71823772,1.32,88.829
2010-01-01,55,Wisconsin,WI,9.2,1.9,2710400,-3.48,287652877,287652877,3.74,94.858
2010-01-01,56,Wyoming,WY,7.5,3.2,281900,-4.83,39135847,39135847,-3.61,95.492
2010-01-01,91,New England,,,,,,948885343,948885343,3.14,
2010-01-01,92,Mideast,,,,,,3194703135,3194703135,3.3,
2010-01-01,93,Great Lakes,,,,,,2368842329,2368842329,3.67,
2010-01-01,94,Plains,,,,,,1096010401,1096010401,2.98,
2010-01-01,95,Southeast,,,,,,3695420192,3695420192,2.33,
2010-01-01,96,Southwest,,,,,,1851648770,1851648770,2.4,
2010-01-01,97,Rocky Mountain,,,,,,557538270,557538270,1.42,
2010-01-01,98,Far West,,,,,,3010545720,3010545720,2.12,
2009-12-01,01,Alabama,AL,11,3.4,1883200,-4.45,,,-3.37,
2009-12-01,02,Alaska,AK,8.2,1.3,320400,-0.96,,,10.07,
2009-12-01,04,Arizona,AZ,10.6,2.8,2383300,-6.24,,,-8.23,
2009-12-01,05,Arkansas,AR,7.9,1.3,1154500,-2.86,,,-3.34,
2009-12-01,10,Delaware,DE,8.7,2.1,409400,-4.26,,,5.19,
2009-12-01,11,District of Columbia,DC,10.2,2.3,704400,0.27,,,-0.49,
2009-12-01,12,Florida,FL,11.3,3.2,7130300,-4.79,,,-5.75,
2009-12-01,13,Georgia,GA,10.5,2.2,3846800,-4.6,,,-3.7,
2009-12-01,15,Hawaii,HI,6.8,1.3,584200,-3.6,,,-3.53,
2009-12-01,16,Idaho,ID,9.5,2.2,603400,-4.45,,,-4.07,
2009-12-01,17,Illinois,IL,11.2,3.4,5579900,-4.59,,,-2.41,
2009-12-01,18,Indiana,IN,10.5,2.4,2775100,-4.11,,,-7.01,
2009-12-01,19,Iowa,IA,6.5,1.2,1464100,-3.17,,,-2.33,
2009-12-01,20,Kansas,KS,7.3,1.7,1324300,-4.39,,,-3.64,
2009-12-01,21,Kentucky,KY,10.9,2.3,1749100,-3.18,,,-4.51,
2009-12-01,22,Louisiana,LA,7,1.3,1881200,-3.22,,,2.03,
2009-12-01,23,Maine,ME,8.6,1.7,593000,-2.61,,,-1.79,
2009-12-01,24,Maryland,MD,7.9,2.1,2520500,-2.54,,,-0.56,
2009-12-01,25,Massachusetts,MA,8.6,1.9,3198600,-2.54,,,-1.39,
2009-12-01,26,Michigan,MI,14,3.9,3839900,-5.33,,,-8.56,
2009-12-01,27,Minnesota,MN,7.7,1.1,2629200,-3.54,,,-4.01,
2009-12-01,28,Mississippi,MS,10.4,2.8,1085000,-3.83,,,-3.72,
2009-12-01,29,Missouri,MO,9.6,2,2670700,-3.5,,,-2.79,
2009-12-01,30,Montana,MT,7.3,1.1,427000,-2.78,,,-2.64,
2009-12-01,31,Nebraska,NE,4.8,0.9,939700,-2.77,,,0.13,
2009-12-01,32,Nevada,NV,12.7,3.9,1126700,-7.15,,,-8.15,
2009-12-01,33,New Hampshire,NH,6.6,2,621200,-2.72,,,-0.98,
2009-12-01,34,New Jersey,NJ,10,3.2,3864300,-2.84,,,-4.68,
2009-12-01,35,New Mexico,NM,7.9,2.4,801100,-4.09,,,2.04,
2009-12-01,36,New York,NY,9,2.3,8478000,-2.49,,,3.87,
2009-12-01,37,North Carolina,NC,11.1,1.7,3845000,-5,,,-3.87,
2009-12-01,38,North Dakota,ND,3.9,0.4,368900,0.08,,,2.69,
2009-12-01,39,Ohio,OH,10.7,2.5,5005900,-4.72,,,-5.07,
2009-12-01,40,Oklahoma,OK,6.9,2.3,1543900,-4.3,,,-1.34,
2009-12-01,41,Oregon,OR,10.6,1.7,1595400,-4.74,,,-4.27,
2009-12-01,42,Pennsylvania,PA,8.3,1.6,5580100,-2.8,,,-3,
2009-12-01,44,Rhode Island,RI,11.7,2.2,460200,-3.24,,,-0.9,
2009-12-01,45,South Carolina,SC,11.7,2.7,1791000,-4.93,,,-4.37,
2009-12-01,46,South Dakota,SD,4.7,0.8,400200,-2.39,,,2.26,
2009-12-01,47,Tennessee,TN,10.5,2.1,2597700,-4.53,,,-3.76,
2009-12-01,48,Texas,TX,8.4,2.5,10248300,-3.48,,,-0.13,
2009-12-01,49,Utah,UT,8.3,2.9,1174400,-4.59,,,-2.02,
2009-12-01,50,Vermont,VT,6.6,1.1,295500,-2.67,,,-2,
2009-12-01,51,Virginia,VA,7.1,1.8,3624500,-2.87,,,-0.42,
2009-12-01,53,Washington,WA,10.3,3.8,2825200,-4.26,,,-2.56,
2009-12-01,54,West Virginia,WV,8.7,3.1,706800,-2.5,,,-0.11,
2009-12-01,55,Wisconsin,WI,9.3,2.6,2711600,-4.34,,,-3.12,
2009-12-01,56,Wyoming,WY,7.5,3.6,281500,-5.73,,,-2.5,
2009-11-01,01,Alabama,AL,10.9,3.7,1884900,-4.75,,,-3.37,
2009-11-01,02,Alaska,AK,8.1,1.3,320600,-0.47,,,10.07,
2009-11-01,04,Arizona,AZ,10.5,3.2,2388200,-6.85,,,-8.23,
2009-11-01,05,Arkansas,AR,7.8,1.6,1156200,-3.15,,,-3.34,
2009-11-01,10,Delaware,DE,8.6,2.4,411300,-4.57,,,5.19,
2009-11-01,11,District of Columbia,DC,10.2,2.7,703900,0.09,,,-0.49,
2009-11-01,12,Florida,FL,11.2,3.5,7146100,-5.14,,,-5.75,
2009-11-01,13,Georgia,GA,10.5,2.6,3849500,-4.96,,,-3.7,
2009-11-01,15,Hawaii,HI,6.8,1.6,584600,-4.8,,,-3.53,
2009-11-01,16,Idaho,ID,9.5,2.7,604100,-4.85,,,-4.07,
2009-11-01,17,Illinois,IL,11,3.6,5588400,-4.97,,,-2.41,
2009-11-01,18,Indiana,IN,10.4,3,2777400,-4.91,,,-7.01,
2009-11-01,19,Iowa,IA,6.5,1.6,1467000,-3.24,,,-2.33,
2009-11-01,20,Kansas,KS,7.3,2,1328600,-4.36,,,-3.64,
2009-11-01,21,Kentucky,KY,10.9,2.9,1753300,-3.59,,,-4.51,
2009-11-01,22,Louisiana,LA,6.9,1.4,1888800,-2.9,,,2.03,
2009-11-01,23,Maine,ME,8.5,2,593000,-3.03,,,-1.79,
2009-11-01,24,Maryland,MD,7.8,2.3,2524200,-2.68,,,-0.56,
2009-11-01,25,Massachusetts,MA,8.6,2.3,3192400,-3.15,,,-1.39,
2009-11-01,26,Michigan,MI,14,4.4,3838500,-6.07,,,-8.56,
2009-11-01,27,Minnesota,MN,7.7,1.4,2628100,-4.06,,,-4.01,
2009-11-01,28,Mississippi,MS,10.2,2.8,1086100,-4.3,,,-3.72,
2009-11-01,29,Missouri,MO,9.5,2.3,2672800,-3.86,,,-2.79,
2009-11-01,30,Montana,MT,7.3,1.5,427500,-3.17,,,-2.64,
2009-11-01,31,Nebraska,NE,4.8,1.1,944000,-2.48,,,0.13,
2009-11-01,32,Nevada,NV,12.4,4,1124900,-8.37,,,-8.15,
2009-11-01,33,New Hampshire,NH,6.6,2.3,620500,-3.48,,,-0.98,
2009-11-01,34,New Jersey,NJ,9.9,3.5,3864200,-3.3,,,-4.68,
2009-11-01,35,New Mexico,NM,7.8,2.6,802100,-4.59,,,2.04,
2009-11-01,36,New York,NY,9,2.7,8478600,-2.81,,,3.87,
2009-11-01,37,North Carolina,NC,10.9,2.6,3850600,-5.32,,,-3.87,
2009-11-01,38,North Dakota,ND,3.8,0.4,368600,-0.19,,,2.69,
2009-11-01,39,Ohio,OH,10.6,2.9,5010400,-5.19,,,-5.07,
2009-11-01,40,Oklahoma,OK,6.9,2.7,1546800,-4.28,,,-1.34,
2009-11-01,41,Oregon,OR,10.6,2.4,1596500,-5.63,,,-4.27,
2009-11-01,42,Pennsylvania,PA,8.2,2,5584000,-3,,,-3,
2009-11-01,44,Rhode Island,RI,11.6,2.5,459900,-3.67,,,-0.9,
2009-11-01,45,South Carolina,SC,11.7,3.2,1795200,-5.36,,,-4.37,
2009-11-01,46,South Dakota,SD,4.6,0.9,401400,-2.17,,,2.26,
2009-11-01,47,Tennessee,TN,10.6,2.7,2605000,-4.81,,,-3.76,
2009-11-01,48,Texas,TX,8.3,2.7,10249700,-3.72,,,-0.13,
2009-11-01,49,Utah,UT,8.2,4.6,1176100,-4.99,,,-2.02,
2009-11-01,50,Vermont,VT,6.5,1.3,296000,-3.11,,,-2,
2009-11-01,51,Virginia,VA,7.1,2.2,3629000,-3.13,,,-0.42,
2009-11-01,53,Washington,WA,10.2,4.2,2828500,-4.81,,,-2.56,
2009-11-01,54,West Virginia,WV,8.6,3.5,704900,-3.01,,,-0.11,
2009-11-01,55,Wisconsin,WI,9.3,3.2,2711200,-4.84,,,-3.12,
2009-11-01,56,Wyoming,WY,7.4,3.8,282300,-5.9,,,-2.5,
2009-10-01,01,Alabama,AL,10.7,3.8,1883100,-5.6,,,-3.37,
2009-10-01,02,Alaska,AK,8.1,1.4,321300,-0.25,,,10.07,
2009-10-01,04,Arizona,AZ,10.4,3.5,2391000,-7.43,,,-8.23,
2009-10-01,05,Arkansas,AR,7.8,1.9,1154000,-3.7,,,-3.34,
2009-10-01,10,Delaware,DE,8.5,2.7,412600,-4.4,,,5.19,
2009-10-01,11,District of Columbia,DC,10.2,3,702600,-0.26,,,-0.49,
2009-10-01,12,Florida,FL,11.1,3.8,7144800,-5.73,,,-5.75,
2009-10-01,13,Georgia,GA,10.4,2.9,3851600,-5.47,,,-3.7,
2009-10-01,15,Hawaii,HI,6.7,1.8,587000,-4.02,,,-3.53,
2009-10-01,16,Idaho,ID,9.5,3.2,605400,-5.51,,,-4.07,
2009-10-01,17,Illinois,IL,10.8,3.7,5585700,-5.44,,,-2.41,
2009-10-01,18,Indiana,IN,10.3,3.4,2771200,-5.72,,,-7.01,
2009-10-01,19,Iowa,IA,6.5,2,1467900,-3.57,,,-2.33,
2009-10-01,20,Kansas,KS,7.4,2.4,1327800,-4.62,,,-3.64,
2009-10-01,21,Kentucky,KY,10.9,3.4,1752000,-3.97,,,-4.51,
2009-10-01,22,Louisiana,LA,6.9,1.6,1889100,-2.87,,,2.03,
2009-10-01,23,Maine,ME,8.5,2.4,593500,-3.45,,,-1.79,
2009-10-01,24,Maryland,MD,7.6,2.5,2527100,-2.96,,,-0.56,
2009-10-01,25,Massachusetts,MA,8.6,2.6,3190600,-3.56,,,-1.39,
2009-10-01,26,Michigan,MI,14.1,5,3844400,-6.54,,,-8.56,
2009-10-01,27,Minnesota,MN,7.8,1.8,2629300,-4.45,,,-4.01,
2009-10-01,28,Mississippi,MS,9.9,2.8,1085200,-4.74,,,-3.72,
2009-10-01,29,Missouri,MO,9.4,2.6,2674400,-4.24,,,-2.79,
2009-10-01,30,Montana,MT,7.2,1.8,427300,-3.39,,,-2.64,
2009-10-01,31,Nebraska,NE,4.8,1.3,944100,-2.66,,,0.13,
2009-10-01,32,Nevada,NV,12.2,4.2,1125300,-9.31,,,-8.15,
2009-10-01,33,New Hampshire,NH,6.6,2.5,621700,-3.54,,,-0.98,
2009-10-01,34,New Jersey,NJ,9.8,3.7,3862400,-3.82,,,-4.68,
2009-10-01,35,New Mexico,NM,7.7,2.8,803100,-4.9,,,2.04,
2009-10-01,36,New York,NY,8.9,2.9,8474900,-3.14,,,3.87,
2009-10-01,37,North Carolina,NC,10.8,4.8,3850500,-5.85,,,-3.87,
2009-10-01,38,North Dakota,ND,3.8,0.6,367800,-0.27,,,2.69,
2009-10-01,39,Ohio,OH,10.6,3.3,5014300,-5.71,,,-5.07,
2009-10-01,40,Oklahoma,OK,6.9,3,1546700,-4.44,,,-1.34,
2009-10-01,41,Oregon,OR,10.6,3.1,1598200,-6.32,,,-4.27,
2009-10-01,42,Pennsylvania,PA,8.2,2.3,5580900,-3.44,,,-3,
2009-10-01,44,Rhode Island,RI,11.6,2.9,460200,-4.11,,,-0.9,
2009-10-01,45,South Carolina,SC,11.6,3.6,1796700,-5.81,,,-4.37,
2009-10-01,46,South Dakota,SD,4.6,1.1,400900,-2.53,,,2.26,
2009-10-01,47,Tennessee,TN,10.6,3.2,2601400,-5.51,,,-3.76,
2009-10-01,48,Texas,TX,8.4,3,10249300,-3.8,,,-0.13,
2009-10-01,49,Utah,UT,8.2,4.7,1176600,-5.45,,,-2.02,
2009-10-01,50,Vermont,VT,6.5,1.6,295700,-3.33,,,-2,
2009-10-01,51,Virginia,VA,7,2.4,3629000,-3.49,,,-0.42,
2009-10-01,53,Washington,WA,10.2,4.5,2835100,-4.39,,,-2.56,
2009-10-01,54,West Virginia,WV,8.5,3.7,704200,-3.24,,,-0.11,
2009-10-01,55,Wisconsin,WI,9.3,3.7,2715300,-5.05,,,-3.12,
2009-10-01,56,Wyoming,WY,7.2,3.9,282100,-6.22,,,-2.5,
2009-09-01,01,Alabama,AL,10.5,4,1887300,-5.87,,,-3.37,
2009-09-01,02,Alaska,AK,8.1,1.5,320700,-0.71,,,10.07,
2009-09-01,04,Arizona,AZ,10.3,3.7,2398800,-7.89,,,-8.23,
2009-09-01,05,Arkansas,AR,7.8,2.2,1157200,-3.78,,,-3.34,
2009-09-01,10,Delaware,DE,8.4,2.9,412400,-4.87,,,5.19,
2009-09-01,11,District of Columbia,DC,10.1,3.2,697800,-1.47,,,-0.49,
2009-09-01,12,Florida,FL,10.9,3.9,7160300,-6.28,,,-5.75,
2009-09-01,13,Georgia,GA,10.3,3.2,3855500,-5.91,,,-3.7,
2009-09-01,15,Hawaii,HI,6.7,2.1,586900,-4.62,,,-3.53,
2009-09-01,16,Idaho,ID,9.5,3.6,603000,-6.9,,,-4.07,
2009-09-01,17,Illinois,IL,10.6,3.7,5597100,-5.61,,,-2.41,
2009-09-01,18,Indiana,IN,10.3,3.9,2770900,-6.24,,,-7.01,
2009-09-01,19,Iowa,IA,6.6,2.3,1471900,-3.54,,,-2.33,
2009-09-01,20,Kansas,KS,7.4,2.6,1331800,-4.37,,,-3.64,
2009-09-01,21,Kentucky,KY,10.9,3.8,1752400,-4.34,,,-4.51,
2009-09-01,22,Louisiana,LA,6.9,1.9,1896800,-1.6,,,2.03,
2009-09-01,23,Maine,ME,8.4,2.7,594600,-3.3,,,-1.79,
2009-09-01,24,Maryland,MD,7.5,2.7,2526500,-3.2,,,-0.56,
2009-09-01,25,Massachusetts,MA,8.5,2.8,3193600,-3.67,,,-1.39,
2009-09-01,26,Michigan,MI,14.2,5.5,3838700,-7.23,,,-8.56,
2009-09-01,27,Minnesota,MN,7.8,2,2618000,-5.05,,,-4.01,
2009-09-01,28,Mississippi,MS,9.7,2.7,1089800,-4.6,,,-3.72,
2009-09-01,29,Missouri,MO,9.4,2.9,2682700,-4.22,,,-2.79,
2009-09-01,30,Montana,MT,7.1,2,427000,-3.76,,,-2.64,
2009-09-01,31,Nebraska,NE,4.8,1.4,944800,-2.46,,,0.13,
2009-09-01,32,Nevada,NV,11.9,4.3,1131700,-9.87,,,-8.15,
2009-09-01,33,New Hampshire,NH,6.5,2.6,622200,-3.89,,,-0.98,
2009-09-01,34,New Jersey,NJ,9.6,3.8,3872300,-4.01,,,-4.68,
2009-09-01,35,New Mexico,NM,7.6,2.9,806300,-4.88,,,2.04,
2009-09-01,36,New York,NY,8.8,3.1,8491600,-3.26,,,3.87,
2009-09-01,37,North Carolina,NC,10.8,5,3870500,-6.04,,,-3.87,
2009-09-01,38,North Dakota,ND,3.8,0.6,367900,-0.24,,,2.69,
2009-09-01,39,Ohio,OH,10.5,3.5,5018600,-6.07,,,-5.07,
2009-09-01,40,Oklahoma,OK,6.9,3.2,1552500,-4.24,,,-1.34,
2009-09-01,41,Oregon,OR,10.6,3.6,1602600,-6.73,,,-4.27,
2009-09-01,42,Pennsylvania,PA,8.2,2.6,5580300,-3.82,,,-3,
2009-09-01,44,Rhode Island,RI,11.5,3.1,460200,-4.62,,,-0.9,
2009-09-01,45,South Carolina,SC,11.5,3.9,1797500,-6.31,,,-4.37,
2009-09-01,46,South Dakota,SD,4.6,1.3,402200,-2.24,,,2.26,
2009-09-01,47,Tennessee,TN,10.7,3.6,2600100,-6.1,,,-3.76,
2009-09-01,48,Texas,TX,8.4,3.2,10256700,-3.69,,,-0.13,
2009-09-01,49,Utah,UT,8.1,4.7,1179400,-5.84,,,-2.02,
2009-09-01,50,Vermont,VT,6.6,1.9,295200,-3.75,,,-2,
2009-09-01,51,Virginia,VA,7,2.6,3628900,-3.75,,,-0.42,
2009-09-01,53,Washington,WA,10.2,4.8,2838300,-5.37,,,-2.56,
2009-09-01,54,West Virginia,WV,8.5,4,704900,-3.13,,,-0.11,
2009-09-01,55,Wisconsin,WI,9.2,3.9,2713800,-5.5,,,-3.12,
2009-09-01,56,Wyoming,WY,7.1,4,284100,-5.3,,,-2.5,
2009-08-01,01,Alabama,AL,10.3,4,1892400,-5.85,,,-3.37,
2009-08-01,02,Alaska,AK,8,1.4,320500,-0.68,,,10.07,
2009-08-01,04,Arizona,AZ,10.2,4,2409600,-7.93,,,-8.23,
2009-08-01,05,Arkansas,AR,7.8,2.4,1159900,-3.62,,,-3.34,
2009-08-01,10,Delaware,DE,8.4,3.3,412700,-5.1,,,5.19,
2009-08-01,11,District of Columbia,DC,9.9,3.2,705800,-1.09,,,-0.49,
2009-08-01,12,Florida,FL,10.8,4.1,7174700,-6.46,,,-5.75,
2009-08-01,13,Georgia,GA,10.2,3.7,3866500,-6.01,,,-3.7,
2009-08-01,15,Hawaii,HI,6.7,2.4,589400,-5.16,,,-3.53,
2009-08-01,16,Idaho,ID,9.5,3.8,604100,-7.08,,,-4.07,
2009-08-01,17,Illinois,IL,10.4,3.6,5605200,-5.8,,,-2.41,
2009-08-01,18,Indiana,IN,10.4,4.3,2780100,-6.29,,,-7.01,
2009-08-01,19,Iowa,IA,6.6,2.4,1472100,-3.53,,,-2.33,
2009-08-01,20,Kansas,KS,7.4,2.8,1335100,-3.71,,,-3.64,
2009-08-01,21,Kentucky,KY,11,4.3,1751000,-4.96,,,-4.51,
2009-08-01,22,Louisiana,LA,6.9,2.1,1898100,-2.48,,,2.03,
2009-08-01,23,Maine,ME,8.4,2.9,592500,-3.96,,,-1.79,
2009-08-01,24,Maryland,MD,7.3,2.7,2531600,-3.28,,,-0.56,
2009-08-01,25,Massachusetts,MA,8.5,3,3192400,-3.88,,,-1.39,
2009-08-01,26,Michigan,MI,14.2,5.8,3832400,-7.8,,,-8.56,
2009-08-01,27,Minnesota,MN,7.8,2.2,2633100,-4.66,,,-4.01,
2009-08-01,28,Mississippi,MS,9.5,2.6,1092000,-4.69,,,-3.72,
2009-08-01,29,Missouri,MO,9.4,3.1,2689200,-4.06,,,-2.79,
2009-08-01,30,Montana,MT,7.1,2.2,427500,-3.82,,,-2.64,
2009-08-01,31,Nebraska,NE,4.8,1.5,946600,-2.29,,,0.13,
2009-08-01,32,Nevada,NV,11.6,4.4,1133000,-10.21,,,-8.15,
2009-08-01,33,New Hampshire,NH,6.4,2.6,621200,-4.03,,,-0.98,
2009-08-01,34,New Jersey,NJ,9.4,3.8,3877900,-4.07,,,-4.68,
2009-08-01,35,New Mexico,NM,7.4,2.9,808400,-4.57,,,2.04,
2009-08-01,36,New York,NY,8.7,3.2,8537100,-3,,,3.87,
2009-08-01,37,North Carolina,NC,10.8,5.1,3873400,-6.08,,,-3.87,
2009-08-01,38,North Dakota,ND,3.8,0.7,366500,-0.43,,,2.69,
2009-08-01,39,Ohio,OH,10.5,3.7,5010000,-6.5,,,-5.07,
2009-08-01,40,Oklahoma,OK,6.9,3.3,1557600,-3.89,,,-1.34,
2009-08-01,41,Oregon,OR,10.7,4.2,1603800,-6.82,,,-4.27,
2009-08-01,42,Pennsylvania,PA,8.2,2.8,5583000,-3.83,,,-3,
2009-08-01,44,Rhode Island,RI,11.4,3.3,459700,-4.88,,,-0.9,
2009-08-01,45,South Carolina,SC,11.3,4.1,1803800,-6.03,,,-4.37,
2009-08-01,46,South Dakota,SD,4.6,1.4,401800,-2.45,,,2.26,
2009-08-01,47,Tennessee,TN,10.8,4,2603700,-6.36,,,-3.76,
2009-08-01,48,Texas,TX,8.3,3.3,10266200,-3.85,,,-0.13,
2009-08-01,49,Utah,UT,8,4.7,1179100,-6.09,,,-2.02,
2009-08-01,50,Vermont,VT,6.6,2.1,296800,-3.2,,,-2,
2009-08-01,51,Virginia,VA,7,2.8,3639100,-3.67,,,-0.42,
2009-08-01,53,Washington,WA,9.8,4.5,2842000,-5.56,,,-2.56,
2009-08-01,54,West Virginia,WV,8.5,4.1,708800,-2.52,,,-0.11,
2009-08-01,55,Wisconsin,WI,9.2,4.2,2715500,-5.3,,,-3.12,
2009-08-01,56,Wyoming,WY,6.9,3.9,283600,-5.21,,,-2.5,
2009-07-01,01,Alabama,AL,10,4,1899100,-5.74,,,-3.37,
2009-07-01,02,Alaska,AK,8,1.4,320700,-0.77,,,10.07,
2009-07-01,04,Arizona,AZ,10,4.1,2419200,-7.68,,,-8.23,
2009-07-01,05,Arkansas,AR,7.9,2.6,1160800,-3.58,,,-3.34,
2009-07-01,10,Delaware,DE,8.3,3.4,413500,-5.14,,,5.19,
2009-07-01,11,District of Columbia,DC,9.8,3.3,705100,-0.56,,,-0.49,
2009-07-01,12,Florida,FL,10.6,4.2,7199200,-6.57,,,-5.75,
2009-07-01,13,Georgia,GA,10.1,3.8,3880200,-5.94,,,-3.7,
2009-07-01,15,Hawaii,HI,6.6,2.5,590800,-4.82,,,-3.53,
2009-07-01,16,Idaho,ID,9.5,4.1,605400,-7.33,,,-4.07,
2009-07-01,17,Illinois,IL,10.2,3.6,5620500,-5.73,,,-2.41,
2009-07-01,18,Indiana,IN,10.4,4.6,2765200,-6.91,,,-7.01,
2009-07-01,19,Iowa,IA,6.7,2.6,1470700,-3.65,,,-2.33,
2009-07-01,20,Kansas,KS,7.4,2.9,1338600,-3.89,,,-3.64,
2009-07-01,21,Kentucky,KY,11,4.5,1751600,-5.01,,,-4.51,
2009-07-01,22,Louisiana,LA,6.9,2.3,1897600,-2.17,,,2.03,
2009-07-01,23,Maine,ME,8.4,3.1,593700,-4.09,,,-1.79,
2009-07-01,24,Maryland,MD,7.2,2.9,2533000,-3.34,,,-0.56,
2009-07-01,25,Massachusetts,MA,8.4,3.1,3192500,-3.99,,,-1.39,
2009-07-01,26,Michigan,MI,14.3,6.1,3831500,-7.92,,,-8.56,
2009-07-01,27,Minnesota,MN,7.9,2.4,2640900,-4.45,,,-4.01,
2009-07-01,28,Mississippi,MS,9.3,2.5,1094800,-4.31,,,-3.72,
2009-07-01,29,Missouri,MO,9.3,3.2,2689600,-3.94,,,-2.79,
2009-07-01,30,Montana,MT,7.1,2.4,427900,-3.93,,,-2.64,
2009-07-01,31,Nebraska,NE,4.7,1.5,949600,-1.91,,,0.13,
2009-07-01,32,Nevada,NV,11.3,4.4,1137200,-10.33,,,-8.15,
2009-07-01,33,New Hampshire,NH,6.3,2.6,621000,-4.08,,,-0.98,
2009-07-01,34,New Jersey,NJ,9.1,3.7,3880100,-4.32,,,-4.68,
2009-07-01,35,New Mexico,NM,7.3,2.9,808300,-4.5,,,2.04,
2009-07-01,36,New York,NY,8.6,3.3,8554000,-2.93,,,3.87,
2009-07-01,37,North Carolina,NC,10.9,5.3,3880500,-6.05,,,-3.87,
2009-07-01,38,North Dakota,ND,3.9,0.8,366700,-0.62,,,2.69,
2009-07-01,39,Ohio,OH,10.5,3.9,5021800,-6.5,,,-5.07,
2009-07-01,40,Oklahoma,OK,6.9,3.4,1562500,-3.53,,,-1.34,
2009-07-01,41,Oregon,OR,10.9,4.8,1610400,-6.74,,,-4.27,
2009-07-01,42,Pennsylvania,PA,8.3,3,5589900,-3.79,,,-3,
2009-07-01,44,Rhode Island,RI,11.4,3.6,459700,-4.96,,,-0.9,
2009-07-01,45,South Carolina,SC,11.2,4.3,1807600,-6.04,,,-4.37,
2009-07-01,46,South Dakota,SD,4.7,1.6,403400,-1.75,,,2.26,
2009-07-01,47,Tennessee,TN,10.8,4.3,2607500,-6.39,,,-3.76,
2009-07-01,48,Texas,TX,8.3,3.5,10290900,-3.62,,,-0.13,
2009-07-01,49,Utah,UT,7.8,4.6,1180000,-5.98,,,-2.02,
2009-07-01,50,Vermont,VT,6.7,2.3,295300,-3.9,,,-2,
2009-07-01,51,Virginia,VA,7,3,3639900,-3.72,,,-0.42,
2009-07-01,53,Washington,WA,9.5,4.3,2847100,-5.34,,,-2.56,
2009-07-01,54,West Virginia,WV,8.4,4.1,708700,-2.69,,,-0.11,
2009-07-01,55,Wisconsin,WI,9.2,4.5,2723300,-5.2,,,-3.12,
2009-07-01,56,Wyoming,WY,6.7,3.8,284800,-4.84,,,-2.5,
2009-06-01,01,Alabama,AL,9.7,4,1901100,-5.73,,,-3.37,
2009-06-01,02,Alaska,AK,7.9,1.4,320100,-0.74,,,10.07,
2009-06-01,04,Arizona,AZ,9.8,4.3,2427100,-7.95,,,-8.23,
2009-06-01,05,Arkansas,AR,7.9,2.8,1161000,-3.64,,,-3.34,
2009-06-01,10,Delaware,DE,8.3,3.7,415100,-4.95,,,5.19,
2009-06-01,11,District of Columbia,DC,9.6,3.3,698600,-0.91,,,-0.49,
2009-06-01,12,Florida,FL,10.4,4.3,7224400,-6.7,,,-5.75,
2009-06-01,13,Georgia,GA,10,3.9,3898100,-5.87,,,-3.7,
2009-06-01,15,Hawaii,HI,6.6,2.7,594400,-4.73,,,-3.53,
2009-06-01,16,Idaho,ID,9.4,4.4,609400,-6.68,,,-4.07,
2009-06-01,17,Illinois,IL,10,3.6,5641400,-5.46,,,-2.41,
2009-06-01,18,Indiana,IN,10.5,4.9,2775600,-6.74,,,-7.01,
2009-06-01,19,Iowa,IA,6.7,2.7,1475600,-3.28,,,-2.33,
2009-06-01,20,Kansas,KS,7.3,3,1341900,-3.86,,,-3.64,
2009-06-01,21,Kentucky,KY,11,4.8,1754300,-5.18,,,-4.51,
2009-06-01,22,Louisiana,LA,6.8,2.4,1899500,-2.16,,,2.03,
2009-06-01,23,Maine,ME,8.5,3.4,595300,-4.11,,,-1.79,
2009-06-01,24,Maryland,MD,7.1,3,2544000,-2.89,,,-0.56,
2009-06-01,25,Massachusetts,MA,8.3,3.2,3204200,-3.66,,,-1.39,
2009-06-01,26,Michigan,MI,14.3,6.4,3839700,-8.5,,,-8.56,
2009-06-01,27,Minnesota,MN,7.9,2.6,2643700,-4.41,,,-4.01,
2009-06-01,28,Mississippi,MS,9.1,2.4,1096600,-4.87,,,-3.72,
2009-06-01,29,Missouri,MO,9.3,3.4,2697600,-4.13,,,-2.79,
2009-06-01,30,Montana,MT,7.2,2.7,429200,-3.49,,,-2.64,
2009-06-01,31,Nebraska,NE,4.7,1.5,947800,-2.16,,,0.13,
2009-06-01,32,Nevada,NV,11,4.4,1143500,-10.27,,,-8.15,
2009-06-01,33,New Hampshire,NH,6.2,2.6,625000,-3.52,,,-0.98,
2009-06-01,34,New Jersey,NJ,8.8,3.6,3893300,-4.3,,,-4.68,
2009-06-01,35,New Mexico,NM,7.1,2.9,810000,-4.47,,,2.04,
2009-06-01,36,New York,NY,8.5,3.4,8520700,-3.23,,,3.87,
2009-06-01,37,North Carolina,NC,11,5.6,3893800,-5.97,,,-3.87,
2009-06-01,38,North Dakota,ND,3.9,0.9,367200,0.05,,,2.69,
2009-06-01,39,Ohio,OH,10.5,4.1,5052100,-6.15,,,-5.07,
2009-06-01,40,Oklahoma,OK,6.8,3.4,1566100,-3.09,,,-1.34,
2009-06-01,41,Oregon,OR,11,5.3,1610700,-6.82,,,-4.27,
2009-06-01,42,Pennsylvania,PA,8.2,3.1,5603800,-3.64,,,-3,
2009-06-01,44,Rhode Island,RI,11.3,3.9,463200,-4.85,,,-0.9,
2009-06-01,45,South Carolina,SC,11.1,4.5,1810700,-6.52,,,-4.37,
2009-06-01,46,South Dakota,SD,4.7,1.8,402800,-1.92,,,2.26,
2009-06-01,47,Tennessee,TN,10.8,4.5,2611300,-6.52,,,-3.76,
2009-06-01,48,Texas,TX,8.1,3.4,10323300,-3.17,,,-0.13,
2009-06-01,49,Utah,UT,7.7,4.6,1185900,-5.6,,,-2.02,
2009-06-01,50,Vermont,VT,6.7,2.4,296600,-3.61,,,-2,
2009-06-01,51,Virginia,VA,6.9,3,3651400,-3.47,,,-0.42,
2009-06-01,53,Washington,WA,9.1,4.1,2860700,-4.81,,,-2.56,
2009-06-01,54,West Virginia,WV,8.3,4.1,713500,-1.75,,,-0.11,
2009-06-01,55,Wisconsin,WI,9.1,4.6,2734600,-4.84,,,-3.12,
2009-06-01,56,Wyoming,WY,6.4,3.6,286500,-4.15,,,-2.5,
2009-05-01,01,Alabama,AL,9.4,4,1908700,-5.56,,,-3.37,
2009-05-01,02,Alaska,AK,7.8,1.4,320500,-0.62,,,10.07,
2009-05-01,04,Arizona,AZ,9.6,4.5,2438200,-7.83,,,-8.23,
2009-05-01,05,Arkansas,AR,7.9,2.9,1163400,-3.35,,,-3.34,
2009-05-01,10,Delaware,DE,8.2,3.9,417900,-4.52,,,5.19,
2009-05-01,11,District of Columbia,DC,9.4,3.3,697100,-0.9,,,-0.49,
2009-05-01,12,Florida,FL,10.1,4.3,7249400,-6.79,,,-5.75,
2009-05-01,13,Georgia,GA,9.9,4.1,3910000,-5.76,,,-3.7,
2009-05-01,15,Hawaii,HI,6.5,2.9,593400,-5.18,,,-3.53,
2009-05-01,16,Idaho,ID,9.2,4.6,608300,-7,,,-4.07,
2009-05-01,17,Illinois,IL,9.8,3.6,5662900,-5.2,,,-2.41,
2009-05-01,18,Indiana,IN,10.5,5.2,2789300,-6.44,,,-7.01,
2009-05-01,19,Iowa,IA,6.7,2.8,1481000,-3.07,,,-2.33,
2009-05-01,20,Kansas,KS,7.2,3,1348100,-3.45,,,-3.64,
2009-05-01,21,Kentucky,KY,10.9,5,1758700,-5.2,,,-4.51,
2009-05-01,22,Louisiana,LA,6.8,2.6,1906700,-1.75,,,2.03,
2009-05-01,23,Maine,ME,8.4,3.5,598700,-3.48,,,-1.79,
2009-05-01,24,Maryland,MD,7,3.1,2546700,-3.03,,,-0.56,
2009-05-01,25,Massachusetts,MA,8.1,3.2,3213700,-3.42,,,-1.39,
2009-05-01,26,Michigan,MI,13.8,6.1,3877200,-7.39,,,-8.56,
2009-05-01,27,Minnesota,MN,7.9,2.8,2658300,-3.97,,,-4.01,
2009-05-01,28,Mississippi,MS,9,2.5,1099100,-4.99,,,-3.72,
2009-05-01,29,Missouri,MO,9.1,3.4,2703300,-3.95,,,-2.79,
2009-05-01,30,Montana,MT,7.2,2.9,429100,-3.81,,,-2.64,
2009-05-01,31,Nebraska,NE,4.7,1.6,950400,-2.06,,,0.13,
2009-05-01,32,Nevada,NV,10.7,4.4,1149500,-10.18,,,-8.15,
2009-05-01,33,New Hampshire,NH,6,2.5,627700,-3.07,,,-0.98,
2009-05-01,34,New Jersey,NJ,8.5,3.5,3905300,-4.14,,,-4.68,
2009-05-01,35,New Mexico,NM,6.9,2.8,812200,-4.18,,,2.04,
2009-05-01,36,New York,NY,8.4,3.4,8535400,-3.04,,,3.87,
2009-05-01,37,North Carolina,NC,11,5.8,3907900,-5.8,,,-3.87,
2009-05-01,38,North Dakota,ND,4,1,367200,0.08,,,2.69,
2009-05-01,39,Ohio,OH,10.4,4.3,5081200,-5.77,,,-5.07,
2009-05-01,40,Oklahoma,OK,6.7,3.4,1570000,-3.03,,,-1.34,
2009-05-01,41,Oregon,OR,11.1,5.7,1615800,-6.73,,,-4.27,
2009-05-01,42,Pennsylvania,PA,8.2,3.2,5617800,-3.5,,,-3,
2009-05-01,44,Rhode Island,RI,11.2,4.2,464300,-4.82,,,-0.9,
2009-05-01,45,South Carolina,SC,10.9,4.7,1819200,-6.43,,,-4.37,
2009-05-01,46,South Dakota,SD,4.8,2,404300,-1.68,,,2.26,
2009-05-01,47,Tennessee,TN,10.7,4.7,2626700,-6.25,,,-3.76,
2009-05-01,48,Texas,TX,7.6,3.1,10353700,-2.82,,,-0.13,
2009-05-01,49,Utah,UT,7.5,4.5,1189600,-5.35,,,-2.02,
2009-05-01,50,Vermont,VT,6.7,2.5,298300,-3.53,,,-2,
2009-05-01,51,Virginia,VA,6.9,3.2,3656200,-3.36,,,-0.42,
2009-05-01,53,Washington,WA,8.8,4,2871300,-4.47,,,-2.56,
2009-05-01,54,West Virginia,WV,8.1,3.9,711700,-3.28,,,-0.11,
2009-05-01,55,Wisconsin,WI,9,4.7,2746700,-4.5,,,-3.12,
2009-05-01,56,Wyoming,WY,6.1,3.4,290100,-2.88,,,-2.5,
2009-04-01,01,Alabama,AL,9.1,3.9,1914800,-5.47,,,-3.37,
2009-04-01,02,Alaska,AK,7.7,1.4,320500,0.03,,,10.07,
2009-04-01,04,Arizona,AZ,9.4,4.6,2447200,-7.73,,,-8.23,
2009-04-01,05,Arkansas,AR,7.8,2.9,1169900,-2.91,,,-3.34,
2009-04-01,10,Delaware,DE,8.1,4.1,417000,-5.27,,,5.19,
2009-04-01,11,District of Columbia,DC,9.2,3.3,695000,-0.97,,,-0.49,
2009-04-01,12,Florida,FL,9.5,4,7272700,-6.88,,,-5.75,
2009-04-01,13,Georgia,GA,9.7,4.1,3923100,-5.62,,,-3.7,
2009-04-01,15,Hawaii,HI,6.4,3,595300,-4.93,,,-3.53,
2009-04-01,16,Idaho,ID,8.5,4.5,610100,-6.74,,,-4.07,
2009-04-01,17,Illinois,IL,9.5,3.6,5678300,-5.02,,,-2.41,
2009-04-01,18,Indiana,IN,10.3,5.2,2796300,-6.17,,,-7.01,
2009-04-01,19,Iowa,IA,6.6,2.8,1482600,-2.89,,,-2.33,
2009-04-01,20,Kansas,KS,6.9,2.7,1351400,-3.37,,,-3.64,
2009-04-01,21,Kentucky,KY,10.7,5,1760300,-5.03,,,-4.51,
2009-04-01,22,Louisiana,LA,6.7,2.5,1906800,-1.73,,,2.03,
2009-04-01,23,Maine,ME,8.4,3.6,598800,-3.56,,,-1.79,
2009-04-01,24,Maryland,MD,6.9,3.3,2546500,-3.25,,,-0.56,
2009-04-01,25,Massachusetts,MA,8,3.3,3217700,-3.41,,,-1.39,
2009-04-01,26,Michigan,MI,13.3,5.9,3909200,-6.78,,,-8.56,
2009-04-01,27,Minnesota,MN,7.8,2.8,2661500,-3.81,,,-4.01,
2009-04-01,28,Mississippi,MS,8.9,2.6,1100500,-5.07,,,-3.72,
2009-04-01,29,Missouri,MO,9,3.4,2708800,-3.74,,,-2.79,
2009-04-01,30,Montana,MT,7.2,3.1,429200,-3.77,,,-2.64,
2009-04-01,31,Nebraska,NE,4.6,1.6,950700,-2.04,,,0.13,
2009-04-01,32,Nevada,NV,10.3,4.2,1156400,-9.83,,,-8.15,
2009-04-01,33,New Hampshire,NH,5.8,2.3,626200,-3.36,,,-0.98,
2009-04-01,34,New Jersey,NJ,8.2,3.3,3901600,-4.44,,,-4.68,
2009-04-01,35,New Mexico,NM,6.6,2.7,812700,-4.24,,,2.04,
2009-04-01,36,New York,NY,8.2,3.3,8528000,-3.16,,,3.87,
2009-04-01,37,North Carolina,NC,10.9,5.8,3915600,-5.73,,,-3.87,
2009-04-01,38,North Dakota,ND,4,1.1,363600,-0.79,,,2.69,
2009-04-01,39,Ohio,OH,10.2,4.3,5105300,-5.41,,,-5.07,
2009-04-01,40,Oklahoma,OK,6.5,3.3,1575100,-2.77,,,-1.34,
2009-04-01,41,Oregon,OR,11,5.8,1619100,-6.78,,,-4.27,
2009-04-01,42,Pennsylvania,PA,8,3.1,5623600,-3.42,,,-3,
2009-04-01,44,Rhode Island,RI,11.1,4.4,464000,-5.05,,,-0.9,
2009-04-01,45,South Carolina,SC,10.7,4.7,1824100,-6.16,,,-4.37,
2009-04-01,46,South Dakota,SD,4.7,2,401500,-2.24,,,2.26,
2009-04-01,47,Tennessee,TN,10.4,4.7,2633100,-6.07,,,-3.76,
2009-04-01,48,Texas,TX,6.5,2.1,10374800,-2.55,,,-0.13,
2009-04-01,49,Utah,UT,7.3,4.3,1191800,-5.38,,,-2.02,
2009-04-01,50,Vermont,VT,6.7,2.6,297300,-3.88,,,-2,
2009-04-01,51,Virginia,VA,6.7,3.1,3653000,-3.55,,,-0.42,
2009-04-01,53,Washington,WA,8.3,3.6,2873900,-4.43,,,-2.56,
2009-04-01,54,West Virginia,WV,7.8,3.6,711500,-2,,,-0.11,
2009-04-01,55,Wisconsin,WI,8.8,4.6,2749900,-4.33,,,-3.12,
2009-04-01,56,Wyoming,WY,5.7,3,289200,-2.79,,,-2.5,
2009-03-01,01,Alabama,AL,8.8,,1921700,,,,-3.37,
2009-03-01,02,Alaska,AK,7.6,,321000,,,,10.07,
2009-03-01,04,Arizona,AZ,9,,2471600,,,,-8.23,
2009-03-01,05,Arkansas,AR,7.6,,1174000,,,,-3.34,
2009-03-01,10,Delaware,DE,7.8,,420000,,,,5.19,
2009-03-01,11,District of Columbia,DC,9,,700100,,,,-0.49,
2009-03-01,12,Florida,FL,9.3,,7312200,,,,-5.75,
2009-03-01,13,Georgia,GA,9.5,,3944300,,,,-3.7,
2009-03-01,15,Hawaii,HI,6.3,,598600,,,,-3.53,
2009-03-01,16,Idaho,ID,8.4,,614600,,,,-4.07,
2009-03-01,17,Illinois,IL,9.2,,5726300,,,,-2.41,
2009-03-01,18,Indiana,IN,10,,2821900,,,,-7.01,
2009-03-01,19,Iowa,IA,6.4,,1490700,,,,-2.33,
2009-03-01,20,Kansas,KS,6.7,,1363600,,,,-3.64,
2009-03-01,21,Kentucky,KY,10.3,,1767900,,,,-4.51,
2009-03-01,22,Louisiana,LA,6.5,,1920000,,,,2.03,
2009-03-01,23,Maine,ME,8.2,,599000,,,,-1.79,
2009-03-01,24,Maryland,MD,6.7,,2552900,,,,-0.56,
2009-03-01,25,Massachusetts,MA,7.7,,3230500,,,,-1.39,
2009-03-01,26,Michigan,MI,12.7,,3927100,,,,-8.56,
2009-03-01,27,Minnesota,MN,7.7,,2677100,,,,-4.01,
2009-03-01,28,Mississippi,MS,8.6,,1105900,,,,-3.72,
2009-03-01,29,Missouri,MO,8.7,,2723500,,,,-2.79,
2009-03-01,30,Montana,MT,7.1,,428900,,,,-2.64,
2009-03-01,31,Nebraska,NE,4.5,,956300,,,,0.13,
2009-03-01,32,Nevada,NV,10,,1170400,,,,-8.15,
2009-03-01,33,New Hampshire,NH,5.5,,629100,,,,-0.98,
2009-03-01,34,New Jersey,NJ,7.9,,3923500,,,,-4.68,
2009-03-01,35,New Mexico,NM,6.4,,817200,,,,2.04,
2009-03-01,36,New York,NY,7.9,,8594700,,,,3.87,
2009-03-01,37,North Carolina,NC,10.8,,3941800,,,,-3.87,
2009-03-01,38,North Dakota,ND,4,,366400,,,,2.69,
2009-03-01,39,Ohio,OH,9.9,,5149400,,,,-5.07,
2009-03-01,40,Oklahoma,OK,6.1,,1587600,,,,-1.34,
2009-03-01,41,Oregon,OR,10.7,,1629100,,,,-4.27,
2009-03-01,42,Pennsylvania,PA,7.8,,5654200,,,,-3,
2009-03-01,44,Rhode Island,RI,10.8,,466900,,,,-0.9,
2009-03-01,45,South Carolina,SC,10.4,,1834300,,,,-4.37,
2009-03-01,46,South Dakota,SD,4.6,,405500,,,,2.26,
2009-03-01,47,Tennessee,TN,10.1,,2653900,,,,-3.76,
2009-03-01,48,Texas,TX,6.4,,10439900,,,,-0.13,
2009-03-01,49,Utah,UT,7.2,,1202400,,,,-2.02,
2009-03-01,50,Vermont,VT,6.5,,299200,,,,-2,
2009-03-01,51,Virginia,VA,6.5,,3672000,,,,-0.42,
2009-03-01,53,Washington,WA,7.7,,2896900,,,,-2.56,
2009-03-01,54,West Virginia,WV,7.3,,716100,,,,-0.11,
2009-03-01,55,Wisconsin,WI,8.4,,2772600,,,,-3.12,
2009-03-01,56,Wyoming,WY,5.3,,292100,,,,-2.5,
2009-02-01,01,Alabama,AL,8.4,3.7,1933500,-4.68,,,-3.37,
2009-02-01,02,Alaska,AK,7.4,1.2,321800,0.34,,,10.07,
2009-02-01,04,Arizona,AZ,8.6,4.2,2491200,-6.76,,,-8.23,
2009-02-01,05,Arkansas,AR,7.3,2.3,1180700,-2.38,,,-3.34,
2009-02-01,10,Delaware,DE,7.5,3.7,422800,-4.04,,,5.19,
2009-02-01,11,District of Columbia,DC,8.6,2.9,703500,0.74,,,-0.49,
2009-02-01,12,Florida,FL,8.9,3.9,7361700,-6.71,,,-5.75,
2009-02-01,13,Georgia,GA,9.1,3.8,3969600,-4.97,,,-3.7,
2009-02-01,15,Hawaii,HI,6.1,2.9,600700,-4.36,,,-3.53,
2009-02-01,16,Idaho,ID,8.1,5.1,619000,-5.37,,,-4.07,
2009-02-01,17,Illinois,IL,8.7,3.1,5765200,-3.67,,,-2.41,
2009-02-01,18,Indiana,IN,9.5,4.7,2842000,-5,,,-7.01,
2009-02-01,19,Iowa,IA,6.1,2.5,1499400,-1.85,,,-2.33,
2009-02-01,20,Kansas,KS,6.3,2.1,1373400,-1.48,,,-3.64,
2009-02-01,21,Kentucky,KY,9.8,4.4,1778000,-4.44,,,-4.51,
2009-02-01,22,Louisiana,LA,6.2,2.1,1930400,-0.47,,,2.03,
2009-02-01,23,Maine,ME,7.9,3.2,602300,-3,,,-1.79,
2009-02-01,24,Maryland,MD,6.5,3.2,2564700,-2.68,,,-0.56,
2009-02-01,25,Massachusetts,MA,7.4,2.9,3245600,-2.5,,,-1.39,
2009-02-01,26,Michigan,MI,11.9,4.7,3952800,-6.68,,,-8.56,
2009-02-01,27,Minnesota,MN,7.4,2.7,2693500,-3,,,-4.01,
2009-02-01,28,Mississippi,MS,8.3,2.2,1114700,-4.05,,,-3.72,
2009-02-01,29,Missouri,MO,8.4,3,2739200,-2.82,,,-2.79,
2009-02-01,30,Montana,MT,6.9,3,432600,-3.35,,,-2.64,
2009-02-01,31,Nebraska,NE,4.3,1.4,959400,-1.18,,,0.13,
2009-02-01,32,Nevada,NV,9.6,4,1184700,-7.93,,,-8.15,
2009-02-01,33,New Hampshire,NH,5.2,1.8,632800,-2.41,,,-0.98,
2009-02-01,34,New Jersey,NJ,7.6,3,3946500,-3.63,,,-4.68,
2009-02-01,35,New Mexico,NM,6.1,2.4,823700,-2.95,,,2.04,
2009-02-01,36,New York,NY,7.5,2.8,8628900,-1.84,,,3.87,
2009-02-01,37,North Carolina,NC,10.5,5.6,3976100,-4.65,,,-3.87,
2009-02-01,38,North Dakota,ND,3.9,1.1,367100,0.38,,,2.69,
2009-02-01,39,Ohio,OH,9.4,3.7,5183600,-4.37,,,-5.07,
2009-02-01,40,Oklahoma,OK,5.6,2.3,1596500,-1.52,,,-1.34,
2009-02-01,41,Oregon,OR,10.2,5.2,1644800,-5.44,,,-4.27,
2009-02-01,42,Pennsylvania,PA,7.5,2.7,5689400,-2.18,,,-3,
2009-02-01,44,Rhode Island,RI,10.4,4.2,469900,-4.24,,,-0.9,
2009-02-01,45,South Carolina,SC,10,4.4,1847600,-5.48,,,-4.37,
2009-02-01,46,South Dakota,SD,4.4,1.8,407400,-1.02,,,2.26,
2009-02-01,47,Tennessee,TN,9.6,4.3,2674800,-4.95,,,-3.76,
2009-02-01,48,Texas,TX,6.3,2,10499200,-1.23,,,-0.13,
2009-02-01,49,Utah,UT,6.9,4,1210500,-3.95,,,-2.02,
2009-02-01,50,Vermont,VT,6.2,2.2,300800,-2.75,,,-2,
2009-02-01,51,Virginia,VA,6.2,2.8,3690000,-2.58,,,-0.42,
2009-02-01,53,Washington,WA,7.4,2.8,2918200,-3.02,,,-2.56,
2009-02-01,54,West Virginia,WV,6.8,2.5,719500,-1.29,,,-0.11,
2009-02-01,55,Wisconsin,WI,7.9,3.6,2791500,-3.16,,,-3.12,
2009-02-01,56,Wyoming,WY,4.8,2.1,294000,-1.04,,,-2.5,
2009-01-01,01,Alabama,AL,8,3.4,1947600,-4,194192061,194192061,-3.37,87.725
2009-01-01,02,Alaska,AK,7.1,0.9,321100,,54951938,54951938,10.07,106.224
2009-01-01,04,Arizona,AZ,8.2,4,2518900,-5.88,277412371,277412371,-8.23,102.847
2009-01-01,05,Arkansas,AR,7,1.9,1183200,-1.96,109833120,109833120,-3.34,86.33
2009-01-01,06,California,CA,,,,,2110679365,2110679365,-3.72,110.629
2009-01-01,08,Colorado,CO,,,,,275659145,275659145,-2.18,102.351
2009-01-01,09,Connecticut,CT,,,,,265530775,265530775,-4.41,110.829
2009-01-01,10,Delaware,DE,7.1,3.4,424700,-3.46,69186157,69186157,5.19,102.125
2009-01-01,11,District of Columbia,DC,8.3,2.7,705200,1.02,115645991,115645991,-0.49,113.041
2009-01-01,12,Florida,FL,8.5,3.7,7417400,-6.11,840480647,840480647,-5.75,100.459
2009-01-01,13,Georgia,GA,8.7,3.6,3998200,-4.29,464016791,464016791,-3.7,91.797
2009-01-01,15,Hawaii,HI,5.8,2.7,604200,-3.74,74118521,74118521,-3.53,112.581
2009-01-01,16,Idaho,ID,7.7,4.6,625100,-4.33,61276051,61276051,-4.07,94.857
2009-01-01,17,Illinois,IL,8.2,2.6,5799400,-3.18,740794302,740794302,-2.41,101.521
2009-01-01,18,Indiana,IN,8.8,4,2858700,-4.44,299789016,299789016,-7.01,92.573
2009-01-01,19,Iowa,IA,5.7,2.1,1503500,-1.58,156737176,156737176,-2.33,89.776
2009-01-01,20,Kansas,KS,5.9,1.7,1381100,-0.8,141902512,141902512,-3.64,91.814
2009-01-01,21,Kentucky,KY,9.2,3.8,1786900,-4,178112837,178112837,-4.51,88.492
2009-01-01,22,Louisiana,LA,6,1.9,1933300,-0.04,241868813,241868813,2.03,90.144
2009-01-01,23,Maine,ME,7.4,2.7,606000,-2.37,58771837,58771837,-1.79,98.881
2009-01-01,24,Maryland,MD,6.1,2.8,2572000,-2.42,336285758,336285758,-0.56,110.488
2009-01-01,25,Massachusetts,MA,7.1,2.6,3253000,-2.19,441307571,441307571,-1.39,105.482
2009-01-01,26,Michigan,MI,11,3.8,3954200,-6.76,416297069,416297069,-8.56,96.044
2009-01-01,27,Minnesota,MN,7,2.3,2708600,-2.31,296875220,296875220,-4.01,98.648
2009-01-01,28,Mississippi,MS,8,2,1120200,-3.57,105360020,105360020,-3.72,85.588
2009-01-01,29,Missouri,MO,8,2.6,2750300,-2.41,289566782,289566782,-2.79,90.473
2009-01-01,30,Montana,MT,6.5,2.7,433900,-2.95,40938421,40938421,-2.64,93.218
2009-01-01,31,Nebraska,NE,4.1,1.2,962600,-0.96,99986382,99986382,0.13,90.668
2009-01-01,32,Nevada,NV,9.2,3.7,1197600,-7.1,140304326,140304326,-8.15,103.042
2009-01-01,33,New Hampshire,NH,4.9,1.5,637300,-1.94,70498580,70498580,-0.98,105.231
2009-01-01,34,New Jersey,NJ,7.2,2.6,3961100,-3.32,546362196,546362196,-4.68,111.124
2009-01-01,35,New Mexico,NM,5.8,2.2,829100,-2.06,90829180,90829180,2.04,95.964
2009-01-01,36,New York,NY,7.1,2.4,8652100,-1.57,1379504556,1379504556,3.87,111.204
2009-01-01,37,North Carolina,NC,10,5.1,3997900,-4.01,473610474,473610474,-3.87,91.214
2009-01-01,38,North Dakota,ND,3.7,0.8,366600,0.6,35971273,35971273,2.69,87.879
2009-01-01,39,Ohio,OH,8.8,3.1,5209200,-3.98,550982383,550982383,-5.07,93.518
2009-01-01,40,Oklahoma,OK,5.1,1.7,1603300,-0.76,156856808,156856808,-1.34,88.408
2009-01-01,41,Oregon,OR,9.6,4.5,1659300,-4.58,176951635,176951635,-4.27,100.232
2009-01-01,42,Pennsylvania,PA,7.1,2.3,5706500,-1.94,645206702,645206702,-3,99.598
2009-01-01,44,Rhode Island,RI,10,3.9,471800,-4.05,54481456,54481456,-0.9,104.293
2009-01-01,45,South Carolina,SC,9.5,3.9,1861200,-4.84,184081292,184081292,-4.37,90.965
2009-01-01,46,South Dakota,SD,4.2,1.6,408600,-0.51,44255803,44255803,2.26,86.07
2009-01-01,47,Tennessee,TN,9,3.8,2694000,-4.22,287308845,287308845,-3.76,90.449
2009-01-01,48,Texas,TX,6.1,1.8,10562100,-0.35,1285560204,1285560204,-0.13,96.653
2009-01-01,49,Utah,UT,6.3,3.5,1218400,-3.27,130958640,130958640,-2.02,100.036
2009-01-01,50,Vermont,VT,5.9,1.9,301500,-2.43,29565738,29565738,-2,101.704
2009-01-01,51,Virginia,VA,5.8,2.4,3704600,-2.19,460075252,460075252,-0.42,102.361
2009-01-01,53,Washington,WA,7,2.4,2938700,-2.19,390813969,390813969,-2.56,104.62
2009-01-01,54,West Virginia,WV,6.2,1.8,721700,-0.87,70886497,70886497,-0.11,86.614
2009-01-01,55,Wisconsin,WI,7.3,2.9,2808200,-2.57,277279381,277279381,-3.12,94.224
2009-01-01,56,Wyoming,WY,4.3,1.6,296200,-0.03,40599568,40599568,-2.5,96.638
2009-01-01,91,New England,,,,,,920013421,920013421,-2.26,
2009-01-01,92,Mideast,,,,,,3092498188,3092498188,0.1,
2009-01-01,93,Great Lakes,,,,,,2284891859,2284891859,-4.93,
2009-01-01,94,Plains,,,,,,1064275981,1064275981,-2.55,
2009-01-01,95,Southeast,,,,,,3611267900,3611267900,-3.41,
2009-01-01,96,Southwest,,,,,,1808209594,1808209594,-1.36,
2009-01-01,97,Rocky Mountain,,,,,,549726516,549726516,-2.41,
2009-01-01,98,Far West,,,,,,2948080132,2948080132,-3.55,
2008-12-01,01,Alabama,AL,7.6,3.1,1970900,-3.03,,,-0.52,
2008-12-01,02,Alaska,AK,6.9,0.7,323500,1.38,,,-0.4,
2008-12-01,04,Arizona,AZ,7.8,3.7,2541800,-5.17,,,-1.41,
2008-12-01,05,Arkansas,AR,6.6,1.4,1188500,-1.51,,,-0.35,
2008-12-01,10,Delaware,DE,6.6,3,427600,-2.88,,,-3.47,
2008-12-01,11,District of Columbia,DC,7.9,2.3,702500,0.43,,,3.5,
2008-12-01,12,Florida,FL,8.1,3.4,7488900,-5.61,,,-3.31,
2008-12-01,13,Georgia,GA,8.3,3.3,4032400,-3.35,,,-2.11,
2008-12-01,15,Hawaii,HI,5.5,2.4,606000,-3.64,,,0.52,
2008-12-01,16,Idaho,ID,7.3,4.2,631500,-3.82,,,3.34,
2008-12-01,17,Illinois,IL,7.8,2.3,5848200,-2.26,,,-1.36,
2008-12-01,18,Indiana,IN,8.1,3.3,2894000,-3.32,,,-0.09,
2008-12-01,19,Iowa,IA,5.3,1.6,1512100,-0.87,,,-1.45,
2008-12-01,20,Kansas,KS,5.6,1.3,1385100,-0.17,,,2.56,
2008-12-01,21,Kentucky,KY,8.6,3.2,1806600,-2.77,,,0.39,
2008-12-01,22,Louisiana,LA,5.7,1.7,1943800,0.28,,,1.21,
2008-12-01,23,Maine,ME,6.9,2.2,608900,-1.95,,,-0.31,
2008-12-01,24,Maryland,MD,5.8,2.5,2586100,-1.73,,,1.93,
2008-12-01,25,Massachusetts,MA,6.7,2.2,3281900,-1.09,,,1.62,
2008-12-01,26,Michigan,MI,10.1,2.9,4056300,-4.57,,,-5.73,
2008-12-01,27,Minnesota,MN,6.6,1.9,2725700,-1.58,,,1.67,
2008-12-01,28,Mississippi,MS,7.6,1.6,1128200,-2.75,,,1.6,
2008-12-01,29,Missouri,MO,7.6,2.2,2767700,-1.59,,,3.32,
2008-12-01,30,Montana,MT,6.2,2.4,439200,-1.63,,,-0.02,
2008-12-01,31,Nebraska,NE,3.9,0.9,966500,-0.14,,,0.08,
2008-12-01,32,Nevada,NV,8.8,3.4,1213400,-6.16,,,-3.16,
2008-12-01,33,New Hampshire,NH,4.6,1.2,638600,-1.36,,,-1.04,
2008-12-01,34,New Jersey,NJ,6.8,2.3,3977200,-2.73,,,2.21,
2008-12-01,35,New Mexico,NM,5.5,2,835300,-1.56,,,-0.42,
2008-12-01,36,New York,NY,6.7,2,8694900,-0.84,,,-1.9,
2008-12-01,37,North Carolina,NC,9.4,4.5,4047500,-2.76,,,3.09,
2008-12-01,38,North Dakota,ND,3.5,0.5,368600,1.74,,,7.69,
2008-12-01,39,Ohio,OH,8.2,2.5,5253700,-3.05,,,-0.86,
2008-12-01,40,Oklahoma,OK,4.6,1,1613300,0.52,,,4,
2008-12-01,41,Oregon,OR,8.9,3.7,1674700,-3.82,,,2.28,
2008-12-01,42,Pennsylvania,PA,6.7,1.9,5740600,-1.22,,,2.39,
2008-12-01,44,Rhode Island,RI,9.5,3.6,475600,-3.2,,,-2.23,
2008-12-01,45,South Carolina,SC,9,3.4,1883900,-3.42,,,-0.46,
2008-12-01,46,South Dakota,SD,3.9,1.2,410000,0.51,,,3.92,
2008-12-01,47,Tennessee,TN,8.4,3.2,2720900,-3.25,,,1.26,
2008-12-01,48,Texas,TX,5.9,1.6,10617800,0.5,,,-0.13,
2008-12-01,49,Utah,UT,5.4,2.6,1230900,-2.73,,,-0.1,
2008-12-01,50,Vermont,VT,5.5,1.5,303600,-1.65,,,2.98,
2008-12-01,51,Virginia,VA,5.3,1.9,3731700,-1.27,,,0.98,
2008-12-01,53,Washington,WA,6.5,1.9,2951000,-1.59,,,1.74,
2008-12-01,54,West Virginia,WV,5.6,1.1,724900,-0.21,,,2.3,
2008-12-01,55,Wisconsin,WI,6.7,2.1,2834500,-1.5,,,-1.26,
2008-12-01,56,Wyoming,WY,3.9,1.2,298600,1.25,,,5.41,
2008-11-01,01,Alabama,AL,7.2,2.9,1979000,-2.43,,,-0.52,
2008-11-01,02,Alaska,AK,6.8,0.5,322100,1,,,-0.4,
2008-11-01,04,Arizona,AZ,7.3,3.3,2563800,-4.5,,,-1.41,
2008-11-01,05,Arkansas,AR,6.2,0.9,1193800,-0.98,,,-0.35,
2008-11-01,10,Delaware,DE,6.2,2.6,431000,-1.8,,,-3.47,
2008-11-01,11,District of Columbia,DC,7.5,1.9,703300,0.82,,,3.5,
2008-11-01,12,Florida,FL,7.7,3.1,7533000,-5.17,,,-3.31,
2008-11-01,13,Georgia,GA,7.9,3,4050600,-2.84,,,-2.11,
2008-11-01,15,Hawaii,HI,5.2,2.1,614100,-1.73,,,0.52,
2008-11-01,16,Idaho,ID,6.8,3.6,634900,-3.35,,,3.34,
2008-11-01,17,Illinois,IL,7.4,1.9,5880400,-1.71,,,-1.36,
2008-11-01,18,Indiana,IN,7.4,2.6,2920800,-2.48,,,-0.09,
2008-11-01,19,Iowa,IA,4.9,1.2,1516200,-0.7,,,-1.45,
2008-11-01,20,Kansas,KS,5.3,1,1389200,-0.08,,,2.56,
2008-11-01,21,Kentucky,KY,8,2.6,1818500,-2.19,,,0.39,
2008-11-01,22,Louisiana,LA,5.5,1.5,1945300,0.58,,,1.21,
2008-11-01,23,Maine,ME,6.5,1.7,611500,-1.53,,,-0.31,
2008-11-01,24,Maryland,MD,5.5,2.2,2593700,-1.34,,,1.93,
2008-11-01,25,Massachusetts,MA,6.3,1.8,3296300,-0.65,,,1.62,
2008-11-01,26,Michigan,MI,9.6,2.3,4086700,-3.86,,,-5.73,
2008-11-01,27,Minnesota,MN,6.3,1.5,2739400,-1.05,,,1.67,
2008-11-01,28,Mississippi,MS,7.4,1.4,1134900,-2.02,,,1.6,
2008-11-01,29,Missouri,MO,7.2,1.8,2780200,-1.14,,,3.32,
2008-11-01,30,Montana,MT,5.8,2,441500,-0.92,,,-0.02,
2008-11-01,31,Nebraska,NE,3.7,0.7,968000,0.1,,,0.08,
2008-11-01,32,Nevada,NV,8.4,3.2,1227700,-4.81,,,-3.16,
2008-11-01,33,New Hampshire,NH,4.3,0.9,642900,-0.59,,,-1.04,
2008-11-01,34,New Jersey,NJ,6.4,2,3996100,-2.23,,,2.21,
2008-11-01,35,New Mexico,NM,5.2,1.7,840700,-0.73,,,-0.42,
2008-11-01,36,New York,NY,6.3,1.6,8723700,-0.44,,,-1.9,
2008-11-01,37,North Carolina,NC,8.3,3.3,4067000,-2.14,,,3.09,
2008-11-01,38,North Dakota,ND,3.4,0.4,369300,2.02,,,7.69,
2008-11-01,39,Ohio,OH,7.7,2,5284400,-2.57,,,-0.86,
2008-11-01,40,Oklahoma,OK,4.2,0.5,1616000,0.47,,,4,
2008-11-01,41,Oregon,OR,8.2,2.9,1691700,-2.76,,,2.28,
2008-11-01,42,Pennsylvania,PA,6.2,1.4,5756900,-0.94,,,2.39,
2008-11-01,44,Rhode Island,RI,9.1,3.4,477400,-2.95,,,-2.23,
2008-11-01,45,South Carolina,SC,8.5,2.9,1896900,-2.67,,,-0.46,
2008-11-01,46,South Dakota,SD,3.7,0.9,410300,0.59,,,3.92,
2008-11-01,47,Tennessee,TN,7.9,2.8,2736600,-2.63,,,1.26,
2008-11-01,48,Texas,TX,5.6,1.2,10645300,0.98,,,-0.13,
2008-11-01,49,Utah,UT,3.6,0.8,1237900,-2.1,,,-0.1,
2008-11-01,50,Vermont,VT,5.2,1.2,305500,-0.91,,,2.98,
2008-11-01,51,Virginia,VA,4.9,1.6,3746300,-0.82,,,0.98,
2008-11-01,53,Washington,WA,6,1.3,2971400,-0.8,,,1.74,
2008-11-01,54,West Virginia,WV,5.1,0.6,726800,0.26,,,2.3,
2008-11-01,55,Wisconsin,WI,6.1,1.3,2849200,-0.85,,,-1.26,
2008-11-01,56,Wyoming,WY,3.6,0.9,300000,2.15,,,5.41,
2008-10-01,01,Alabama,AL,6.9,2.7,1994800,-1.65,,,-0.52,
2008-10-01,02,Alaska,AK,6.7,0.4,322100,1.23,,,-0.4,
2008-10-01,04,Arizona,AZ,6.9,3.1,2582900,-3.88,,,-1.41,
2008-10-01,05,Arkansas,AR,5.9,0.5,1198400,-0.48,,,-0.35,
2008-10-01,10,Delaware,DE,5.8,2.3,431600,-1.26,,,-3.47,
2008-10-01,11,District of Columbia,DC,7.2,1.6,704400,0.9,,,3.5,
2008-10-01,12,Florida,FL,7.3,2.9,7579100,-4.65,,,-3.31,
2008-10-01,13,Georgia,GA,7.5,2.7,4074500,-2.24,,,-2.11,
2008-10-01,15,Hawaii,HI,4.9,1.9,611600,-2.5,,,0.52,
2008-10-01,16,Idaho,ID,6.3,3.1,640700,-2.17,,,3.34,
2008-10-01,17,Illinois,IL,7.1,1.7,5907000,-1.17,,,-1.36,
2008-10-01,18,Indiana,IN,6.9,2.1,2939400,-1.8,,,-0.09,
2008-10-01,19,Iowa,IA,4.5,0.7,1522200,-0.02,,,-1.45,
2008-10-01,20,Kansas,KS,5,0.7,1392100,0.36,,,2.56,
2008-10-01,21,Kentucky,KY,7.5,2.1,1824500,-1.67,,,0.39,
2008-10-01,22,Louisiana,LA,5.3,1.3,1945000,0.64,,,1.21,
2008-10-01,23,Maine,ME,6.1,1.3,614700,-0.63,,,-0.31,
2008-10-01,24,Maryland,MD,5.1,1.7,2604300,-0.84,,,1.93,
2008-10-01,25,Massachusetts,MA,6,1.5,3308400,-0.13,,,1.62,
2008-10-01,26,Michigan,MI,9.1,1.8,4113300,-3.13,,,-5.73,
2008-10-01,27,Minnesota,MN,6,1.2,2751800,-0.5,,,1.67,
2008-10-01,28,Mississippi,MS,7.1,1.1,1139200,-1.61,,,1.6,
2008-10-01,29,Missouri,MO,6.8,1.4,2792700,-0.53,,,3.32,
2008-10-01,30,Montana,MT,5.4,1.6,442300,-0.79,,,-0.02,
2008-10-01,31,Nebraska,NE,3.5,0.5,969900,0.35,,,0.08,
2008-10-01,32,Nevada,NV,8,2.9,1240800,-3.64,,,-3.16,
2008-10-01,33,New Hampshire,NH,4.1,0.7,644500,-0.15,,,-1.04,
2008-10-01,34,New Jersey,NJ,6.1,1.8,4015900,-1.78,,,2.21,
2008-10-01,35,New Mexico,NM,4.9,1.4,844500,-0.13,,,-0.42,
2008-10-01,36,New York,NY,6,1.4,8750000,0.01,,,-1.9,
2008-10-01,37,North Carolina,NC,6,1.1,4089700,-1.41,,,3.09,
2008-10-01,38,North Dakota,ND,3.2,0.1,368800,2.3,,,7.69,
2008-10-01,39,Ohio,OH,7.3,1.6,5317900,-1.9,,,-0.86,
2008-10-01,40,Oklahoma,OK,3.9,0.1,1618500,0.81,,,4,
2008-10-01,41,Oregon,OR,7.5,2.2,1706000,-1.89,,,2.28,
2008-10-01,42,Pennsylvania,PA,5.9,1.1,5779800,-0.47,,,2.39,
2008-10-01,44,Rhode Island,RI,8.7,3.2,479900,-2.66,,,-2.23,
2008-10-01,45,South Carolina,SC,8,2.4,1907500,-2.13,,,-0.46,
2008-10-01,46,South Dakota,SD,3.5,0.6,411300,0.96,,,3.92,
2008-10-01,47,Tennessee,TN,7.4,2.4,2753100,-1.98,,,1.26,
2008-10-01,48,Texas,TX,5.4,1,10654600,1.28,,,-0.13,
2008-10-01,49,Utah,UT,3.5,0.8,1244400,-1.36,,,-0.1,
2008-10-01,50,Vermont,VT,4.9,0.9,305900,-0.58,,,2.98,
2008-10-01,51,Virginia,VA,4.6,1.3,3760100,-0.34,,,0.98,
2008-10-01,53,Washington,WA,5.7,1,2965200,-0.64,,,1.74,
2008-10-01,54,West Virginia,WV,4.8,0.2,727800,0.44,,,2.3,
2008-10-01,55,Wisconsin,WI,5.6,0.7,2859600,-0.47,,,-1.26,
2008-10-01,56,Wyoming,WY,3.3,0.6,300800,3.05,,,5.41,
2008-09-01,01,Alabama,AL,6.5,2.3,2005000,-1.06,,,-0.52,
2008-09-01,02,Alaska,AK,6.6,0.3,323000,1.57,,,-0.4,
2008-09-01,04,Arizona,AZ,6.6,3,2604300,-3.02,,,-1.41,
2008-09-01,05,Arkansas,AR,5.6,0.1,1202700,-0.1,,,-0.35,
2008-09-01,10,Delaware,DE,5.5,2.1,433500,-0.89,,,-3.47,
2008-09-01,11,District of Columbia,DC,6.9,1.4,708200,2.15,,,3.5,
2008-09-01,12,Florida,FL,7,2.7,7640100,-4.13,,,-3.31,
2008-09-01,13,Georgia,GA,7.1,2.4,4097700,-1.68,,,-2.11,
2008-09-01,15,Hawaii,HI,4.6,1.7,615300,-2.01,,,0.52,
2008-09-01,16,Idaho,ID,5.9,2.7,647700,-1.17,,,3.34,
2008-09-01,17,Illinois,IL,6.9,1.6,5930000,-0.8,,,-1.36,
2008-09-01,18,Indiana,IN,6.4,1.7,2955400,-1.24,,,-0.09,
2008-09-01,19,Iowa,IA,4.3,0.5,1525900,0.36,,,-1.45,
2008-09-01,20,Kansas,KS,4.8,0.5,1392700,0.38,,,2.56,
2008-09-01,21,Kentucky,KY,7.1,1.7,1831900,-1.46,,,0.39,
2008-09-01,22,Louisiana,LA,5,1,1927600,0.07,,,1.21,
2008-09-01,23,Maine,ME,5.7,0.9,614900,-0.58,,,-0.31,
2008-09-01,24,Maryland,MD,4.8,1.4,2609900,-0.67,,,1.93,
2008-09-01,25,Massachusetts,MA,5.7,1.2,3315100,0.19,,,1.62,
2008-09-01,26,Michigan,MI,8.7,1.5,4137800,-2.84,,,-5.73,
2008-09-01,27,Minnesota,MN,5.8,1,2757300,-0.39,,,1.67,
2008-09-01,28,Mississippi,MS,7,1,1142300,-1.26,,,1.6,
2008-09-01,29,Missouri,MO,6.5,1.2,2800800,-0.36,,,3.32,
2008-09-01,30,Montana,MT,5.1,1.3,443700,0.09,,,-0.02,
2008-09-01,31,Nebraska,NE,3.4,0.4,968600,0.34,,,0.08,
2008-09-01,32,Nevada,NV,7.6,2.6,1255700,-2.34,,,-3.16,
2008-09-01,33,New Hampshire,NH,3.9,0.5,647400,0.26,,,-1.04,
2008-09-01,34,New Jersey,NJ,5.8,1.5,4033900,-0.99,,,2.21,
2008-09-01,35,New Mexico,NM,4.7,1.2,847700,0.44,,,-0.42,
2008-09-01,36,New York,NY,5.7,1.1,8777700,0.65,,,-1.9,
2008-09-01,37,North Carolina,NC,5.8,0.9,4119399.9999999995,-0.64,,,3.09,
2008-09-01,38,North Dakota,ND,3.2,0.1,368800,2.64,,,7.69,
2008-09-01,39,Ohio,OH,7,1.3,5342900,-1.4,,,-0.86,
2008-09-01,40,Oklahoma,OK,3.7,-0.2,1621200,1.21,,,4,
2008-09-01,41,Oregon,OR,7,1.7,1718200,-0.96,,,2.28,
2008-09-01,42,Pennsylvania,PA,5.6,0.9,5801900,0.03,,,2.39,
2008-09-01,44,Rhode Island,RI,8.4,3,482500,-2.21,,,-2.23,
2008-09-01,45,South Carolina,SC,7.6,2,1918600,-1.63,,,-0.46,
2008-09-01,46,South Dakota,SD,3.3,0.4,411400,1.11,,,3.92,
2008-09-01,47,Tennessee,TN,7.1,2.3,2769000,-1.47,,,1.26,
2008-09-01,48,Texas,TX,5.2,0.9,10649300,1.5,,,-0.13,
2008-09-01,49,Utah,UT,3.4,0.7,1252500,-0.45,,,-0.1,
2008-09-01,50,Vermont,VT,4.7,0.7,306700,-0.49,,,2.98,
2008-09-01,51,Virginia,VA,4.4,1.2,3770300,-0.12,,,0.98,
2008-09-01,53,Washington,WA,5.4,0.7,2999400,0.66,,,1.74,
2008-09-01,54,West Virginia,WV,4.5,0,727700,0.41,,,2.3,
2008-09-01,55,Wisconsin,WI,5.3,0.4,2871700,-0.26,,,-1.26,
2008-09-01,56,Wyoming,WY,3.1,0.4,300000,3.2,,,5.41,
2008-08-01,01,Alabama,AL,6.3,2.2,2010000,-0.62,,,-0.52,
2008-08-01,02,Alaska,AK,6.6,0.3,322700,1.64,,,-0.4,
2008-08-01,04,Arizona,AZ,6.2,2.7,2617000,-2.51,,,-1.41,
2008-08-01,05,Arkansas,AR,5.4,-0.1,1203500,-0.09,,,-0.35,
2008-08-01,10,Delaware,DE,5.1,1.7,434900,-0.69,,,-3.47,
2008-08-01,11,District of Columbia,DC,6.7,1.2,713600,3.11,,,3.5,
2008-08-01,12,Florida,FL,6.7,2.6,7670300,-3.92,,,-3.31,
2008-08-01,13,Georgia,GA,6.5,1.9,4113700,-1.29,,,-2.11,
2008-08-01,15,Hawaii,HI,4.3,1.5,621500,-0.61,,,0.52,
2008-08-01,16,Idaho,ID,5.7,2.6,650100,-0.97,,,3.34,
2008-08-01,17,Illinois,IL,6.8,1.6,5950600,-0.47,,,-1.36,
2008-08-01,18,Indiana,IN,6.1,1.4,2966800,-0.66,,,-0.09,
2008-08-01,19,Iowa,IA,4.2,0.5,1525900,0.38,,,-1.45,
2008-08-01,20,Kansas,KS,4.6,0.3,1386500,0.07,,,2.56,
2008-08-01,21,Kentucky,KY,6.7,1.3,1842400,-0.54,,,0.39,
2008-08-01,22,Louisiana,LA,4.8,0.8,1946300,1.34,,,1.21,
2008-08-01,23,Maine,ME,5.5,0.7,616900,-0.15,,,-0.31,
2008-08-01,24,Maryland,MD,4.6,1.2,2617500,-0.46,,,1.93,
2008-08-01,25,Massachusetts,MA,5.5,1,3321400,0.37,,,1.62,
2008-08-01,26,Michigan,MI,8.4,1.2,4156600.0000000005,-2.49,,,-5.73,
2008-08-01,27,Minnesota,MN,5.6,0.9,2761700,-0.32,,,1.67,
2008-08-01,28,Mississippi,MS,6.9,0.9,1145700,-0.87,,,1.6,
2008-08-01,29,Missouri,MO,6.3,1.1,2802900,-0.22,,,3.32,
2008-08-01,30,Montana,MT,4.9,1.2,444500,-0.04,,,-0.02,
2008-08-01,31,Nebraska,NE,3.3,0.3,968800,0.44,,,0.08,
2008-08-01,32,Nevada,NV,7.2,2.3,1261800,-2.05,,,-3.16,
2008-08-01,33,New Hampshire,NH,3.8,0.4,647300,0.31,,,-1.04,
2008-08-01,34,New Jersey,NJ,5.6,1.4,4042500,-1.02,,,2.21,
2008-08-01,35,New Mexico,NM,4.5,1,847100,0.41,,,-0.42,
2008-08-01,36,New York,NY,5.5,1,8801000,0.92,,,-1.9,
2008-08-01,37,North Carolina,NC,5.7,0.9,4124000,-0.46,,,3.09,
2008-08-01,38,North Dakota,ND,3.1,0,368100,2.62,,,7.69,
2008-08-01,39,Ohio,OH,6.8,1.1,5358400,-1.22,,,-0.86,
2008-08-01,40,Oklahoma,OK,3.6,-0.4,1620600,1.27,,,4,
2008-08-01,41,Oregon,OR,6.5,1.2,1721200,-0.84,,,2.28,
2008-08-01,42,Pennsylvania,PA,5.4,0.7,5805600,0.03,,,2.39,
2008-08-01,44,Rhode Island,RI,8.1,2.9,483300,-2.46,,,-2.23,
2008-08-01,45,South Carolina,SC,7.2,1.7,1919500,-1.38,,,-0.46,
2008-08-01,46,South Dakota,SD,3.2,0.3,411900,1.13,,,3.92,
2008-08-01,47,Tennessee,TN,6.8,2.1,2780500,-1.09,,,1.26,
2008-08-01,48,Texas,TX,5,0.7,10677500,1.99,,,-0.13,
2008-08-01,49,Utah,UT,3.3,0.7,1255600,-0.25,,,-0.1,
2008-08-01,50,Vermont,VT,4.5,0.6,306600,-0.55,,,2.98,
2008-08-01,51,Virginia,VA,4.2,1.1,3777600,0.14,,,0.98,
2008-08-01,53,Washington,WA,5.3,0.6,3009200,1.06,,,1.74,
2008-08-01,54,West Virginia,WV,4.4,-0.1,727100,0.4,,,2.3,
2008-08-01,55,Wisconsin,WI,5,0.1,2867600,-0.41,,,-1.26,
2008-08-01,56,Wyoming,WY,3,0.3,299200,3.17,,,5.41,
2008-07-01,01,Alabama,AL,6,2,2014800,-0.24,,,-0.52,
2008-07-01,02,Alaska,AK,6.6,0.3,323200,2.08,,,-0.4,
2008-07-01,04,Arizona,AZ,5.9,2.5,2620400,-2.38,,,-1.41,
2008-07-01,05,Arkansas,AR,5.3,-0.2,1203900,0.22,,,-0.35,
2008-07-01,10,Delaware,DE,4.9,1.6,435900,-0.46,,,-3.47,
2008-07-01,11,District of Columbia,DC,6.5,1,709100,2.47,,,3.5,
2008-07-01,12,Florida,FL,6.4,2.4,7705400,-3.64,,,-3.31,
2008-07-01,13,Georgia,GA,6.3,1.8,4125300,-0.9,,,-2.11,
2008-07-01,15,Hawaii,HI,4.1,1.4,620700,-0.91,,,0.52,
2008-07-01,16,Idaho,ID,5.4,2.5,653300,-0.37,,,3.34,
2008-07-01,17,Illinois,IL,6.6,1.5,5962000,-0.35,,,-1.36,
2008-07-01,18,Indiana,IN,5.8,1.2,2970600,-0.63,,,-0.09,
2008-07-01,19,Iowa,IA,4.1,0.4,1526400,0.44,,,-1.45,
2008-07-01,20,Kansas,KS,4.5,0.3,1392800,0.38,,,2.56,
2008-07-01,21,Kentucky,KY,6.5,1.2,1844000,-0.59,,,0.39,
2008-07-01,22,Louisiana,LA,4.6,0.5,1939700,1.35,,,1.21,
2008-07-01,23,Maine,ME,5.3,0.5,619000,0.08,,,-0.31,
2008-07-01,24,Maryland,MD,4.3,0.9,2620500,-0.3,,,1.93,
2008-07-01,25,Massachusetts,MA,5.3,0.8,3325300,0.5,,,1.62,
2008-07-01,26,Michigan,MI,8.2,1.1,4161000,-2.5,,,-5.73,
2008-07-01,27,Minnesota,MN,5.5,0.9,2763900,-0.35,,,1.67,
2008-07-01,28,Mississippi,MS,6.8,0.8,1144100,-0.6,,,1.6,
2008-07-01,29,Missouri,MO,6.1,1,2800000,-0.15,,,3.32,
2008-07-01,30,Montana,MT,4.7,1.2,445400,,,,-0.02,
2008-07-01,31,Nebraska,NE,3.2,0.2,968100,0.54,,,0.08,
2008-07-01,32,Nevada,NV,6.9,2.1,1268200,-1.68,,,-3.16,
2008-07-01,33,New Hampshire,NH,3.7,0.2,647400,0.11,,,-1.04,
2008-07-01,34,New Jersey,NJ,5.4,1.2,4055100,-0.7,,,2.21,
2008-07-01,35,New Mexico,NM,4.4,0.9,846400,0.47,,,-0.42,
2008-07-01,36,New York,NY,5.3,0.8,8812200,1.03,,,-1.9,
2008-07-01,37,North Carolina,NC,5.6,0.9,4130500,-0.17,,,3.09,
2008-07-01,38,North Dakota,ND,3.1,0,369000,2.81,,,7.69,
2008-07-01,39,Ohio,OH,6.6,1,5370800,-1.02,,,-0.86,
2008-07-01,40,Oklahoma,OK,3.5,-0.5,1619600,1.54,,,4,
2008-07-01,41,Oregon,OR,6.1,0.9,1726700,-0.36,,,2.28,
2008-07-01,42,Pennsylvania,PA,5.3,0.7,5810100,0.01,,,2.39,
2008-07-01,44,Rhode Island,RI,7.8,2.7,483700,-2.62,,,-2.23,
2008-07-01,45,South Carolina,SC,6.9,1.4,1923700,-1.17,,,-0.46,
2008-07-01,46,South Dakota,SD,3.1,0.2,410600,0.83,,,3.92,
2008-07-01,47,Tennessee,TN,6.5,2,2785600,-0.79,,,1.26,
2008-07-01,48,Texas,TX,4.8,0.5,10677700,2.13,,,-0.13,
2008-07-01,49,Utah,UT,3.2,0.7,1255100,-0.12,,,-0.1,
2008-07-01,50,Vermont,VT,4.4,0.5,307300,-0.61,,,2.98,
2008-07-01,51,Virginia,VA,4,1,3780600,0.17,,,0.98,
2008-07-01,53,Washington,WA,5.2,0.6,3007700,1.16,,,1.74,
2008-07-01,54,West Virginia,WV,4.3,-0.1,728300,0.82,,,2.3,
2008-07-01,55,Wisconsin,WI,4.7,-0.2,2872600,-0.27,,,-1.26,
2008-07-01,56,Wyoming,WY,2.9,0.1,299300,3.39,,,5.41,
2008-06-01,01,Alabama,AL,5.7,1.7,2016600,-0.22,,,-0.52,
2008-06-01,02,Alaska,AK,6.5,0.3,322500,1.42,,,-0.4,
2008-06-01,04,Arizona,AZ,5.5,2,2636600,-1.76,,,-1.41,
2008-06-01,05,Arkansas,AR,5.1,-0.4,1204900,-0.03,,,-0.35,
2008-06-01,10,Delaware,DE,4.6,1.3,436700,-0.59,,,-3.47,
2008-06-01,11,District of Columbia,DC,6.3,0.8,705000,2.09,,,3.5,
2008-06-01,12,Florida,FL,6.1,2.2,7743300,-3.53,,,-3.31,
2008-06-01,13,Georgia,GA,6.1,1.6,4141399.9999999995,-0.6,,,-2.11,
2008-06-01,15,Hawaii,HI,3.9,1.2,623900,-0.83,,,0.52,
2008-06-01,16,Idaho,ID,5,2.2,653000,-0.7,,,3.34,
2008-06-01,17,Illinois,IL,6.4,1.4,5966900,-0.33,,,-1.36,
2008-06-01,18,Indiana,IN,5.6,1.1,2976200,-0.73,,,-0.09,
2008-06-01,19,Iowa,IA,4,0.3,1525600,0.22,,,-1.45,
2008-06-01,20,Kansas,KS,4.3,0.1,1395800,0.58,,,2.56,
2008-06-01,21,Kentucky,KY,6.2,0.9,1850200,-0.63,,,0.39,
2008-06-01,22,Louisiana,LA,4.4,0.3,1941400,1.39,,,1.21,
2008-06-01,23,Maine,ME,5.1,0.4,620800,0.53,,,-0.31,
2008-06-01,24,Maryland,MD,4.1,0.7,2619600,-0.25,,,1.93,
2008-06-01,25,Massachusetts,MA,5.1,0.6,3326100,0.48,,,1.62,
2008-06-01,26,Michigan,MI,7.9,0.9,4196500,-1.9,,,-5.73,
2008-06-01,27,Minnesota,MN,5.3,0.7,2765600,-0.23,,,1.67,
2008-06-01,28,Mississippi,MS,6.7,0.6,1152700,-0.03,,,1.6,
2008-06-01,29,Missouri,MO,5.9,0.9,2813900,0.27,,,3.32,
2008-06-01,30,Montana,MT,4.5,1.1,444700,0.29,,,-0.02,
2008-06-01,31,Nebraska,NE,3.2,0.2,968700,0.69,,,0.08,
2008-06-01,32,Nevada,NV,6.6,1.9,1274400,-1.53,,,-3.16,
2008-06-01,33,New Hampshire,NH,3.6,0.1,647800,0.19,,,-1.04,
2008-06-01,34,New Jersey,NJ,5.2,1.1,4068200,-0.43,,,2.21,
2008-06-01,35,New Mexico,NM,4.2,0.7,847900,0.61,,,-0.42,
2008-06-01,36,New York,NY,5.1,0.7,8804700,0.96,,,-1.9,
2008-06-01,37,North Carolina,NC,5.4,0.8,4141100.0000000005,-0.05,,,3.09,
2008-06-01,38,North Dakota,ND,3,0,367000,2.37,,,7.69,
2008-06-01,39,Ohio,OH,6.4,0.8,5383300,-1.1,,,-0.86,
2008-06-01,40,Oklahoma,OK,3.4,-0.6,1616100,1.35,,,4,
2008-06-01,41,Oregon,OR,5.7,0.6,1728600,-0.29,,,2.28,
2008-06-01,42,Pennsylvania,PA,5.1,0.6,5815500,0.09,,,2.39,
2008-06-01,44,Rhode Island,RI,7.4,2.5,486800,-2.15,,,-2.23,
2008-06-01,45,South Carolina,SC,6.6,1.1,1936900,-0.8,,,-0.46,
2008-06-01,46,South Dakota,SD,2.9,0.1,410700,1.16,,,3.92,
2008-06-01,47,Tennessee,TN,6.3,1.9,2793400,-0.42,,,1.26,
2008-06-01,48,Texas,TX,4.7,0.4,10661100,2.18,,,-0.13,
2008-06-01,49,Utah,UT,3.1,0.6,1256200,0.06,,,-0.1,
2008-06-01,50,Vermont,VT,4.3,0.5,307700,-0.68,,,2.98,
2008-06-01,51,Virginia,VA,3.9,0.9,3782500,0.23,,,0.98,
2008-06-01,53,Washington,WA,5,0.5,3005400,1.13,,,1.74,
2008-06-01,54,West Virginia,WV,4.2,-0.2,726200,0.37,,,2.3,
2008-06-01,55,Wisconsin,WI,4.5,-0.4,2873700,-0.5,,,-1.26,
2008-06-01,56,Wyoming,WY,2.8,0,298900,3.46,,,5.41,
2008-05-01,01,Alabama,AL,5.4,1.4,2021100,0.12,,,-0.52,
2008-05-01,02,Alaska,AK,6.4,0.2,322500,1.45,,,-0.4,
2008-05-01,04,Arizona,AZ,5.1,1.6,2645400,-1.09,,,-1.41,
2008-05-01,05,Arkansas,AR,5,-0.4,1203700,-0.07,,,-0.35,
2008-05-01,10,Delaware,DE,4.3,0.9,437700,-0.21,,,-3.47,
2008-05-01,11,District of Columbia,DC,6.1,0.6,703400,1.84,,,3.5,
2008-05-01,12,Florida,FL,5.8,2,7777100,-3.17,,,-3.31,
2008-05-01,13,Georgia,GA,5.8,1.4,4149200,-0.33,,,-2.11,
2008-05-01,15,Hawaii,HI,3.6,1,625800,-0.06,,,0.52,
2008-05-01,16,Idaho,ID,4.6,1.9,654100,-0.21,,,3.34,
2008-05-01,17,Illinois,IL,6.2,1.3,5973500,-0.17,,,-1.36,
2008-05-01,18,Indiana,IN,5.3,0.8,2981300,-0.33,,,-0.09,
2008-05-01,19,Iowa,IA,3.9,0.2,1527900,0.67,,,-1.45,
2008-05-01,20,Kansas,KS,4.2,0,1396300,1.36,,,2.56,
2008-05-01,21,Kentucky,KY,5.9,0.6,1855200,-0.32,,,0.39,
2008-05-01,22,Louisiana,LA,4.2,0,1940600,1.76,,,1.21,
2008-05-01,23,Maine,ME,4.9,0.3,620300,0.78,,,-0.31,
2008-05-01,24,Maryland,MD,3.9,0.5,2626400,0.01,,,1.93,
2008-05-01,25,Massachusetts,MA,4.9,0.4,3327500,0.73,,,1.62,
2008-05-01,26,Michigan,MI,7.7,0.8,4186600.0000000005,-2.24,,,-5.73,
2008-05-01,27,Minnesota,MN,5.1,0.6,2768100,-0.01,,,1.67,
2008-05-01,28,Mississippi,MS,6.5,0.3,1156800,0.4,,,1.6,
2008-05-01,29,Missouri,MO,5.7,0.8,2814500,0.22,,,3.32,
2008-05-01,30,Montana,MT,4.3,1.1,446100,0.56,,,-0.02,
2008-05-01,31,Nebraska,NE,3.1,0.2,970400,1.08,,,0.08,
2008-05-01,32,Nevada,NV,6.3,1.7,1279800,-1.33,,,-3.16,
2008-05-01,33,New Hampshire,NH,3.5,-0.1,647600,0.37,,,-1.04,
2008-05-01,34,New Jersey,NJ,5,0.9,4073800,-0.27,,,2.21,
2008-05-01,35,New Mexico,NM,4.1,0.6,847600,0.8,,,-0.42,
2008-05-01,36,New York,NY,5,0.7,8803300,1.12,,,-1.9,
2008-05-01,37,North Carolina,NC,5.2,0.6,4148600.0000000005,0.43,,,3.09,
2008-05-01,38,North Dakota,ND,3,0,366900,2.51,,,7.69,
2008-05-01,39,Ohio,OH,6.1,0.6,5392500,-0.79,,,-0.86,
2008-05-01,40,Oklahoma,OK,3.3,-0.8,1619100,1.88,,,4,
2008-05-01,41,Oregon,OR,5.4,0.4,1732300,-0.05,,,2.28,
2008-05-01,42,Pennsylvania,PA,5,0.6,5821800,0.42,,,2.39,
2008-05-01,44,Rhode Island,RI,7,2.2,487800,-1.99,,,-2.23,
2008-05-01,45,South Carolina,SC,6.2,0.7,1944200,0.03,,,-0.46,
2008-05-01,46,South Dakota,SD,2.8,0,411200,1.23,,,3.92,
2008-05-01,47,Tennessee,TN,6,1.7,2801800,0.2,,,1.26,
2008-05-01,48,Texas,TX,4.5,0.2,10654300,2.48,,,-0.13,
2008-05-01,49,Utah,UT,3,0.5,1256900,0.42,,,-0.1,
2008-05-01,50,Vermont,VT,4.2,0.4,309200,0.19,,,2.98,
2008-05-01,51,Virginia,VA,3.7,0.8,3783200,0.34,,,0.98,
2008-05-01,53,Washington,WA,4.8,0.3,3005800,1.42,,,1.74,
2008-05-01,54,West Virginia,WV,4.2,-0.2,735800,2.01,,,2.3,
2008-05-01,55,Wisconsin,WI,4.3,-0.5,2876100,-0.09,,,-1.26,
2008-05-01,56,Wyoming,WY,2.7,-0.1,298700,3.61,,,5.41,
2008-04-01,01,Alabama,AL,5.2,1.3,2025700,0.42,,,-0.52,
2008-04-01,02,Alaska,AK,6.3,0.1,320400,0.98,,,-0.4,
2008-04-01,04,Arizona,AZ,4.8,1.2,2652100,-0.78,,,-1.41,
2008-04-01,05,Arkansas,AR,4.9,-0.5,1205000,0.02,,,-0.35,
2008-04-01,10,Delaware,DE,4,0.6,440200,0.69,,,-3.47,
2008-04-01,11,District of Columbia,DC,5.9,0.4,701800,1.33,,,3.5,
2008-04-01,12,Florida,FL,5.5,1.8,7810200,-2.84,,,-3.31,
2008-04-01,13,Georgia,GA,5.6,1.2,4156800,-0.14,,,-2.11,
2008-04-01,15,Hawaii,HI,3.4,0.8,626200,0.89,,,0.52,
2008-04-01,16,Idaho,ID,4,1.3,654200,,,,3.34,
2008-04-01,17,Illinois,IL,5.9,1.1,5978200,0.05,,,-1.36,
2008-04-01,18,Indiana,IN,5.1,0.6,2980100,-0.43,,,-0.09,
2008-04-01,19,Iowa,IA,3.8,0.1,1526700,0.79,,,-1.45,
2008-04-01,20,Kansas,KS,4.2,0,1398600,1.59,,,2.56,
2008-04-01,21,Kentucky,KY,5.7,0.4,1853500,-0.13,,,0.39,
2008-04-01,22,Louisiana,LA,4.2,0,1940300,1.89,,,1.21,
2008-04-01,23,Maine,ME,4.8,0.2,620900,0.94,,,-0.31,
2008-04-01,24,Maryland,MD,3.6,0.1,2632000,0.38,,,1.93,
2008-04-01,25,Massachusetts,MA,4.7,0.2,3331300,1.03,,,1.62,
2008-04-01,26,Michigan,MI,7.4,0.5,4193500,-2.12,,,-5.73,
2008-04-01,27,Minnesota,MN,5,0.5,2767000,-0.02,,,1.67,
2008-04-01,28,Mississippi,MS,6.3,0.1,1159300,0.66,,,1.6,
2008-04-01,29,Missouri,MO,5.6,0.7,2814100,0.3,,,3.32,
2008-04-01,30,Montana,MT,4.1,1.1,446000,0.54,,,-0.02,
2008-04-01,31,Nebraska,NE,3,0.1,970500,1.33,,,0.08,
2008-04-01,32,Nevada,NV,6.1,1.6,1282400,-1.01,,,-3.16,
2008-04-01,33,New Hampshire,NH,3.5,-0.2,648000,0.84,,,-1.04,
2008-04-01,34,New Jersey,NJ,4.9,0.8,4082900,0.17,,,2.21,
2008-04-01,35,New Mexico,NM,3.9,0.3,848700,1.04,,,-0.42,
2008-04-01,36,New York,NY,4.9,0.7,8806100,1.36,,,-1.9,
2008-04-01,37,North Carolina,NC,5.1,0.6,4153500,0.75,,,3.09,
2008-04-01,38,North Dakota,ND,2.9,-0.1,366500,2.72,,,7.69,
2008-04-01,39,Ohio,OH,5.9,0.4,5397400,-0.62,,,-0.86,
2008-04-01,40,Oklahoma,OK,3.2,-0.9,1620000,2.11,,,4,
2008-04-01,41,Oregon,OR,5.2,0.2,1736800,0.35,,,2.28,
2008-04-01,42,Pennsylvania,PA,4.9,0.5,5822600,0.57,,,2.39,
2008-04-01,44,Rhode Island,RI,6.7,2,488700,-1.65,,,-2.23,
2008-04-01,45,South Carolina,SC,6,0.4,1943900,0.03,,,-0.46,
2008-04-01,46,South Dakota,SD,2.7,-0.1,410700,1.33,,,3.92,
2008-04-01,47,Tennessee,TN,5.7,1.4,2803400,0.32,,,1.26,
2008-04-01,48,Texas,TX,4.4,0.1,10645800,2.64,,,-0.13,
2008-04-01,49,Utah,UT,3,0.6,1259500,0.99,,,-0.1,
2008-04-01,50,Vermont,VT,4.1,0.3,309300,0.45,,,2.98,
2008-04-01,51,Virginia,VA,3.6,0.7,3787400,0.52,,,0.98,
2008-04-01,53,Washington,WA,4.7,0.2,3007100,1.68,,,1.74,
2008-04-01,54,West Virginia,WV,4.2,-0.2,726000,0.69,,,2.3,
2008-04-01,55,Wisconsin,WI,4.2,-0.6,2874300,0.05,,,-1.26,
2008-04-01,56,Wyoming,WY,2.7,0,297500,3.62,,,5.41,
2008-03-01,01,Alabama,AL,4.9,,2023500,,,,-0.52,
2008-03-01,02,Alaska,AK,6.3,,320400,,,,-0.4,
2008-03-01,04,Arizona,AZ,4.5,,2659800,,,,-1.41,
2008-03-01,05,Arkansas,AR,4.9,,1207000,,,,-0.35,
2008-03-01,10,Delaware,DE,3.9,,439800,,,,-3.47,
2008-03-01,11,District of Columbia,DC,5.8,,700600,,,,3.5,
2008-03-01,12,Florida,FL,5.2,,7862900,,,,-3.31,
2008-03-01,13,Georgia,GA,5.4,,4166600.0000000005,,,,-2.11,
2008-03-01,15,Hawaii,HI,3.3,,627800,,,,0.52,
2008-03-01,16,Idaho,ID,3.1,,654500,,,,3.34,
2008-03-01,17,Illinois,IL,5.8,,5978300,,,,-1.36,
2008-03-01,18,Indiana,IN,4.9,,2979900,,,,-0.09,
2008-03-01,19,Iowa,IA,3.7,,1527000,,,,-1.45,
2008-03-01,20,Kansas,KS,4.1,,1396400,,,,2.56,
2008-03-01,21,Kentucky,KY,5.5,,1854300,,,,0.39,
2008-03-01,22,Louisiana,LA,4.1,,1938200,,,,1.21,
2008-03-01,23,Maine,ME,4.7,,620800,,,,-0.31,
2008-03-01,24,Maryland,MD,3.5,,2630300,,,,1.93,
2008-03-01,25,Massachusetts,MA,4.6,,3329700,,,,1.62,
2008-03-01,26,Michigan,MI,7.3,,4217700,,,,-5.73,
2008-03-01,27,Minnesota,MN,4.8,,2775600,,,,1.67,
2008-03-01,28,Mississippi,MS,6.2,,1158700,,,,1.6,
2008-03-01,29,Missouri,MO,5.4,,2811600,,,,3.32,
2008-03-01,30,Montana,MT,4,,448000,,,,-0.02,
2008-03-01,31,Nebraska,NE,3,,971100,,,,0.08,
2008-03-01,32,Nevada,NV,5.8,,1283500,,,,-3.16,
2008-03-01,33,New Hampshire,NH,3.4,,648100,,,,-1.04,
2008-03-01,34,New Jersey,NJ,4.7,,4093500,,,,2.21,
2008-03-01,35,New Mexico,NM,3.8,,848800,,,,-0.42,
2008-03-01,36,New York,NY,4.8,,8789900,,,,-1.9,
2008-03-01,37,North Carolina,NC,4.9,,4163899.9999999995,,,,3.09,
2008-03-01,38,North Dakota,ND,2.8,,366700,,,,7.69,
2008-03-01,39,Ohio,OH,5.8,,5390300,,,,-0.86,
2008-03-01,40,Oklahoma,OK,3.2,,1620400,,,,4,
2008-03-01,41,Oregon,OR,5.1,,1738400,,,,2.28,
2008-03-01,42,Pennsylvania,PA,4.9,,5810400,,,,2.39,
2008-03-01,44,Rhode Island,RI,6.5,,489800,,,,-2.23,
2008-03-01,45,South Carolina,SC,5.8,,1950800,,,,-0.46,
2008-03-01,46,South Dakota,SD,2.6,,411600,,,,3.92,
2008-03-01,47,Tennessee,TN,5.5,,2809000,,,,1.26,
2008-03-01,48,Texas,TX,4.3,,10621000,,,,-0.13,
2008-03-01,49,Utah,UT,2.9,,1259400,,,,-0.1,
2008-03-01,50,Vermont,VT,4,,308700,,,,2.98,
2008-03-01,51,Virginia,VA,3.5,,3783100,,,,0.98,
2008-03-01,53,Washington,WA,4.6,,3008900,,,,1.74,
2008-03-01,54,West Virginia,WV,4.3,,726200,,,,2.3,
2008-03-01,55,Wisconsin,WI,4.2,,2878900,,,,-1.26,
2008-03-01,56,Wyoming,WY,2.6,,297300,,,,5.41,
2008-02-01,01,Alabama,AL,4.7,0.8,2028400,0.38,,,-0.52,
2008-02-01,02,Alaska,AK,6.2,0,320700,0.88,,,-0.4,
2008-02-01,04,Arizona,AZ,4.4,0.6,2671900,0,,,-1.41,
2008-02-01,05,Arkansas,AR,5,-0.3,1209500,0.62,,,-0.35,
2008-02-01,10,Delaware,DE,3.8,0.5,440600,0.99,,,-3.47,
2008-02-01,11,District of Columbia,DC,5.7,0.1,698300,0.65,,,3.5,
2008-02-01,12,Florida,FL,5,1.5,7891200,-1.88,,,-3.31,
2008-02-01,13,Georgia,GA,5.3,0.9,4177300,0.35,,,-2.11,
2008-02-01,15,Hawaii,HI,3.2,0.7,628100,0.59,,,0.52,
2008-02-01,16,Idaho,ID,3,0.2,654100,0.58,,,3.34,
2008-02-01,17,Illinois,IL,5.6,0.9,5985000,0.48,,,-1.36,
2008-02-01,18,Indiana,IN,4.8,0.2,2991500,0.42,,,-0.09,
2008-02-01,19,Iowa,IA,3.6,-0.1,1527700,0.91,,,-1.45,
2008-02-01,20,Kansas,KS,4.2,-0.1,1394100,1.84,,,2.56,
2008-02-01,21,Kentucky,KY,5.4,0,1860600,0.52,,,0.39,
2008-02-01,22,Louisiana,LA,4.1,0,1939500,1.73,,,1.21,
2008-02-01,23,Maine,ME,4.7,0.1,620900,0.55,,,-0.31,
2008-02-01,24,Maryland,MD,3.3,-0.3,2635300,0.69,,,1.93,
2008-02-01,25,Massachusetts,MA,4.5,-0.1,3328900,1.06,,,1.62,
2008-02-01,26,Michigan,MI,7.2,0.3,4235600,-1.32,,,-5.73,
2008-02-01,27,Minnesota,MN,4.7,0.3,2776900,0.37,,,1.67,
2008-02-01,28,Mississippi,MS,6.1,-0.3,1161700,0.82,,,1.6,
2008-02-01,29,Missouri,MO,5.4,0.6,2818700,0.7,,,3.32,
2008-02-01,30,Montana,MT,3.9,1,447600,1.45,,,-0.02,
2008-02-01,31,Nebraska,NE,2.9,0,970900,1.6,,,0.08,
2008-02-01,32,Nevada,NV,5.6,1.3,1286700,-0.78,,,-3.16,
2008-02-01,33,New Hampshire,NH,3.4,-0.3,648400,0.54,,,-1.04,
2008-02-01,34,New Jersey,NJ,4.6,0.5,4095100,0.64,,,2.21,
2008-02-01,35,New Mexico,NM,3.7,0.1,848700,1.11,,,-0.42,
2008-02-01,36,New York,NY,4.7,0.5,8790800,1.21,,,-1.9,
2008-02-01,37,North Carolina,NC,4.9,0.3,4170200,1.4,,,3.09,
2008-02-01,38,North Dakota,ND,2.8,-0.2,365700,2.75,,,7.69,
2008-02-01,39,Ohio,OH,5.7,0.2,5420300,0.06,,,-0.86,
2008-02-01,40,Oklahoma,OK,3.3,-0.8,1621100,2.42,,,4,
2008-02-01,41,Oregon,OR,5,-0.1,1739400,0.5,,,2.28,
2008-02-01,42,Pennsylvania,PA,4.8,0.3,5816400,0.72,,,2.39,
2008-02-01,44,Rhode Island,RI,6.2,1.5,490700,-1.51,,,-2.23,
2008-02-01,45,South Carolina,SC,5.6,-0.2,1954700,0.71,,,-0.46,
2008-02-01,46,South Dakota,SD,2.6,-0.3,411600,2.06,,,3.92,
2008-02-01,47,Tennessee,TN,5.3,0.8,2814000,0.66,,,1.26,
2008-02-01,48,Texas,TX,4.3,-0.1,10630300,3.16,,,-0.13,
2008-02-01,49,Utah,UT,2.9,0.5,1260300,1.72,,,-0.1,
2008-02-01,50,Vermont,VT,4,0.2,309300,0.39,,,2.98,
2008-02-01,51,Virginia,VA,3.4,0.5,3787900,0.67,,,0.98,
2008-02-01,53,Washington,WA,4.6,0,3009200,2.12,,,1.74,
2008-02-01,54,West Virginia,WV,4.3,-0.2,728900,1.57,,,2.3,
2008-02-01,55,Wisconsin,WI,4.3,-0.5,2882600,0.48,,,-1.26,
2008-02-01,56,Wyoming,WY,2.7,0,297100,3.88,,,5.41,
2008-01-01,01,Alabama,AL,4.6,0.8,2028700,0.63,200967427,200967427,-0.52,88.852
2008-01-01,02,Alaska,AK,6.2,-0.1,321100,1.39,49926563,49926563,-0.4,103.924
2008-01-01,04,Arizona,AZ,4.2,0.3,2676400,0.47,302277938,302277938,-1.41,102.501
2008-01-01,05,Arkansas,AR,5.1,-0.2,1206800,0.51,113627974,113627974,-0.35,88.065
2008-01-01,06,California,CA,,,,,2192331807,2192331807,1.08,111.187
2008-01-01,08,Colorado,CO,,,,,281803303,281803303,1.1,103.302
2008-01-01,09,Connecticut,CT,,,,,277793163,277793163,-0.25,110.466
2008-01-01,10,Delaware,DE,3.7,0.4,439900,0.43,65771321,65771321,-3.47,100.826
2008-01-01,11,District of Columbia,DC,5.6,0,698100,1.17,116213705,116213705,3.5,112.385
2008-01-01,12,Florida,FL,4.8,1.3,7900300,-1.74,891766851,891766851,-3.31,101.657
2008-01-01,13,Georgia,GA,5.1,0.7,4177500,0.39,481860301,481860301,-2.11,94.199
2008-01-01,15,Hawaii,HI,3.1,0.7,627700,0.69,76830203,76830203,0.52,109.744
2008-01-01,16,Idaho,ID,3.1,0.2,653400,0.83,63878180,63878180,3.34,94.973
2008-01-01,17,Illinois,IL,5.6,1,5989800,0.39,759095327,759095327,-1.36,100.238
2008-01-01,18,Indiana,IN,4.8,0.1,2991600,0.09,322384267,322384267,-0.09,91.965
2008-01-01,19,Iowa,IA,3.6,-0.1,1527600,0.89,160469102,160469102,-1.45,87.395
2008-01-01,20,Kansas,KS,4.2,-0.1,1392200,1.78,147265037,147265037,2.56,89.865
2008-01-01,21,Kentucky,KY,5.4,-0.1,1861300,0.48,186515929,186515929,0.39,89.803
2008-01-01,22,Louisiana,LA,4.1,0,1934100,1.78,237061610,237061610,1.21,91.436
2008-01-01,23,Maine,ME,4.7,0.1,620700,0.55,59845088,59845088,-0.31,98.591
2008-01-01,24,Maryland,MD,3.3,-0.4,2635900,0.43,338165407,338165407,1.93,108.828
2008-01-01,25,Massachusetts,MA,4.5,-0.1,3325900,0.95,447526788,447526788,1.62,106.23
2008-01-01,26,Michigan,MI,7.2,0.3,4240700,-1.02,455256658,455256658,-5.73,95.858
2008-01-01,27,Minnesota,MN,4.7,0.3,2772700,0.28,309290354,309290354,1.67,96.757
2008-01-01,28,Mississippi,MS,6,-0.4,1161700,0.83,109434038,109434038,1.6,88.038
2008-01-01,29,Missouri,MO,5.4,0.6,2818100,0.69,297881763,297881763,3.32,88.468
2008-01-01,30,Montana,MT,3.8,0.9,447100,1.52,42049328,42049328,-0.02,94.113
2008-01-01,31,Nebraska,NE,2.9,0,971900,1.81,99860115,99860115,0.08,89.609
2008-01-01,32,Nevada,NV,5.5,1.2,1289100,0.01,152745628,152745628,-3.16,101.214
2008-01-01,33,New Hampshire,NH,3.4,-0.3,649900,0.99,71195646,71195646,-1.04,106.272
2008-01-01,34,New Jersey,NJ,4.6,0.5,4097000,0.45,573202674,573202674,2.21,107.563
2008-01-01,35,New Mexico,NM,3.6,-0.1,846500,1.15,89012850,89012850,-0.42,95.114
2008-01-01,36,New York,NY,4.7,0.5,8790400,1.2,1328095698,1328095698,-1.9,111.455
2008-01-01,37,North Carolina,NC,4.9,0.3,4164800,1.51,492688763,492688763,3.09,92.409
2008-01-01,38,North Dakota,ND,2.9,-0.2,364400,2.33,35030391,35030391,7.69,85.946
2008-01-01,39,Ohio,OH,5.7,0.2,5425000,-0.16,580389046,580389046,-0.86,92.55
2008-01-01,40,Oklahoma,OK,3.4,-0.7,1615500,2.36,158987754,158987754,4,89.494
2008-01-01,41,Oregon,OR,5.1,0,1739000,0.76,184842595,184842595,2.28,97.934
2008-01-01,42,Pennsylvania,PA,4.8,0.3,5819600,0.56,665148308,665148308,2.39,99.232
2008-01-01,44,Rhode Island,RI,6.1,1.3,491700,-1.5,54977076,54977076,-2.23,103.855
2008-01-01,45,South Carolina,SC,5.6,-0.3,1955900,0.73,192497138,192497138,-0.46,91.927
2008-01-01,46,South Dakota,SD,2.6,-0.3,410700,1.96,43278516,43278516,3.92,85.044
2008-01-01,47,Tennessee,TN,5.2,0.6,2812600,0.62,298526876,298526876,1.26,91.662
2008-01-01,48,Texas,TX,4.3,-0.1,10598700,3.23,1287191538,1287191538,-0.13,96.977
2008-01-01,49,Utah,UT,2.8,0.4,1259600,2.06,133662879,133662879,-0.1,96.975
2008-01-01,50,Vermont,VT,4,0.2,309000,0.26,30168649,30168649,2.98,100.885
2008-01-01,51,Virginia,VA,3.4,0.4,3787700,0.64,462034720,462034720,0.98,103.145
2008-01-01,53,Washington,WA,4.6,-0.1,3004500,2.49,401093171,401093171,1.74,104.513
2008-01-01,54,West Virginia,WV,4.4,-0.2,728000,0.64,70966758,70966758,2.3,87.601
2008-01-01,55,Wisconsin,WI,4.4,-0.4,2882400,0.43,286204709,286204709,-1.26,93.276
2008-01-01,56,Wyoming,WY,2.7,-0.1,296300,3.96,41641237,41641237,5.41,95.31
2008-01-01,91,New England,,,,,,941279160,941279160,0.56,
2008-01-01,92,Mideast,,,,,,3089355446,3089355446,0.37,
2008-01-01,93,Great Lakes,,,,,,2403345996,2403345996,-1.92,
2008-01-01,94,Plains,,,,,,1092075727,1092075727,1.89,
2008-01-01,95,Southeast,,,,,,3738925147,3738925147,-0.36,
2008-01-01,96,Southwest,,,,,,1833232871,1833232871,0.02,
2008-01-01,97,Rocky Mountain,,,,,,563305602,563305602,1.32,
2008-01-01,98,Far West,,,,,,3056662307,3056662307,0.98,
2007-12-01,01,Alabama,AL,4.5,0.7,2032500,1.35,,,1.05,
2007-12-01,02,Alaska,AK,6.2,-0.1,319100,0.92,,,5.43,
2007-12-01,04,Arizona,AZ,4.1,0.1,2680500,0.61,,,3.44,
2007-12-01,05,Arkansas,AR,5.2,-0.1,1206700,0.58,,,-0.75,
2007-12-01,10,Delaware,DE,3.6,0.3,440300,0.18,,,-0.41,
2007-12-01,11,District of Columbia,DC,5.6,-0.1,699500,1.3,,,3.16,
2007-12-01,12,Florida,FL,4.7,1.3,7933900,-1.25,,,1.43,
2007-12-01,13,Georgia,GA,5,0.6,4172000,0.66,,,0.97,
2007-12-01,15,Hawaii,HI,3.1,0.8,628900,0.87,,,2.06,
2007-12-01,16,Idaho,ID,3.1,0.1,656600,1.64,,,1.77,
2007-12-01,17,Illinois,IL,5.5,1,5983400,0.53,,,1.28,
2007-12-01,18,Indiana,IN,4.8,0,2993400,0.13,,,3.24,
2007-12-01,19,Iowa,IA,3.7,0,1525300,0.74,,,4.58,
2007-12-01,20,Kansas,KS,4.3,0,1387500,1.29,,,5.47,
2007-12-01,21,Kentucky,KY,5.4,-0.1,1858000,0.54,,,-0.29,
2007-12-01,22,Louisiana,LA,4,-0.1,1938300,2.6,,,-5.23,
2007-12-01,23,Maine,ME,4.7,0,621000,0.66,,,0.08,
2007-12-01,24,Maryland,MD,3.3,-0.4,2631500,0.5,,,0.57,
2007-12-01,25,Massachusetts,MA,4.5,-0.1,3318000,0.96,,,3.15,
2007-12-01,26,Michigan,MI,7.2,0.2,4250500,-1.11,,,-0.17,
2007-12-01,27,Minnesota,MN,4.7,0.4,2769500,0.32,,,0.64,
2007-12-01,28,Mississippi,MS,6,-0.4,1160100,0.7,,,1.73,
2007-12-01,29,Missouri,MO,5.4,0.5,2812300,0.31,,,0.62,
2007-12-01,30,Montana,MT,3.8,0.8,446500,1.99,,,5,
2007-12-01,31,Nebraska,NE,3,0.1,967900,1.71,,,2.53,
2007-12-01,32,Nevada,NV,5.4,1.2,1293000,0.36,,,0.92,
2007-12-01,33,New Hampshire,NH,3.4,-0.3,647400,0.59,,,0.73,
2007-12-01,34,New Jersey,NJ,4.5,0.3,4088800,0.13,,,1.01,
2007-12-01,35,New Mexico,NM,3.5,-0.3,848500,1.29,,,0.95,
2007-12-01,36,New York,NY,4.7,0.5,8768400,1.17,,,1.06,
2007-12-01,37,North Carolina,NC,4.9,0.2,4162399.9999999995,1.62,,,1.54,
2007-12-01,38,North Dakota,ND,3,-0.1,362300,1.74,,,5.23,
2007-12-01,39,Ohio,OH,5.7,0.2,5418700,-0.12,,,0.47,
2007-12-01,40,Oklahoma,OK,3.6,-0.5,1605000,1.71,,,2.35,
2007-12-01,41,Oregon,OR,5.2,0,1741200,0.98,,,1.98,
2007-12-01,42,Pennsylvania,PA,4.8,0.2,5811700,0.5,,,3.68,
2007-12-01,44,Rhode Island,RI,5.9,1,491300,-1.54,,,-2.06,
2007-12-01,45,South Carolina,SC,5.6,-0.4,1950600,0.85,,,3.2,
2007-12-01,46,South Dakota,SD,2.7,-0.3,407900,1.39,,,4.22,
2007-12-01,47,Tennessee,TN,5.2,0.5,2812400,0.64,,,-0.29,
2007-12-01,48,Texas,TX,4.3,-0.2,10565000,3.1,,,5.2,
2007-12-01,49,Utah,UT,2.8,0.4,1265500,3.05,,,4.91,
2007-12-01,50,Vermont,VT,4,0.2,308700,0.16,,,-0.42,
2007-12-01,51,Virginia,VA,3.4,0.4,3779600,0.78,,,1.4,
2007-12-01,53,Washington,WA,4.6,-0.2,2998600,2.52,,,5.93,
2007-12-01,54,West Virginia,WV,4.5,-0.2,726400,0.32,,,0.69,
2007-12-01,55,Wisconsin,WI,4.6,-0.2,2877800,0.43,,,0.94,
2007-12-01,56,Wyoming,WY,2.7,-0.1,294900,3.87,,,7.77,
2007-11-01,01,Alabama,AL,4.3,0.5,2028300,1.38,,,1.05,
2007-11-01,02,Alaska,AK,6.3,-0.1,318900,0.98,,,5.43,
2007-11-01,04,Arizona,AZ,4,-0.1,2684500,0.94,,,3.44,
2007-11-01,05,Arkansas,AR,5.3,0,1205600,0.6,,,-0.75,
2007-11-01,10,Delaware,DE,3.6,0.2,438900,0.23,,,-0.41,
2007-11-01,11,District of Columbia,DC,5.6,-0.2,697600,1.16,,,3.16,
2007-11-01,12,Florida,FL,4.6,1.2,7943900,-1.03,,,1.43,
2007-11-01,13,Georgia,GA,4.9,0.4,4169000,0.76,,,0.97,
2007-11-01,15,Hawaii,HI,3.1,0.8,624900,0.35,,,2.06,
2007-11-01,16,Idaho,ID,3.2,0.1,656900,1.91,,,1.77,
2007-11-01,17,Illinois,IL,5.5,1.1,5982700,0.66,,,1.28,
2007-11-01,18,Indiana,IN,4.8,-0.1,2995100,0.47,,,3.24,
2007-11-01,19,Iowa,IA,3.7,0,1526900,1.19,,,4.58,
2007-11-01,20,Kansas,KS,4.3,0,1390300,2.16,,,5.47,
2007-11-01,21,Kentucky,KY,5.4,-0.2,1859200,1.16,,,-0.29,
2007-11-01,22,Louisiana,LA,4,-0.1,1934100,2.81,,,-5.23,
2007-11-01,23,Maine,ME,4.8,0,621000,0.89,,,0.08,
2007-11-01,24,Maryland,MD,3.3,-0.5,2628900,0.62,,,0.57,
2007-11-01,25,Massachusetts,MA,4.5,-0.2,3317800,1.16,,,3.15,
2007-11-01,26,Michigan,MI,7.3,0.3,4250800,-1.09,,,-0.17,
2007-11-01,27,Minnesota,MN,4.8,0.5,2768600,0.53,,,0.64,
2007-11-01,28,Mississippi,MS,6,-0.3,1158300,0.64,,,1.73,
2007-11-01,29,Missouri,MO,5.4,0.5,2812200,0.63,,,0.62,
2007-11-01,30,Montana,MT,3.8,0.7,445600,2.25,,,5,
2007-11-01,31,Nebraska,NE,3,0,967000,1.8,,,2.53,
2007-11-01,32,Nevada,NV,5.2,1,1289700,0.41,,,0.92,
2007-11-01,33,New Hampshire,NH,3.4,-0.3,646700,0.81,,,0.73,
2007-11-01,34,New Jersey,NJ,4.4,0.1,4087200,0.25,,,1.01,
2007-11-01,35,New Mexico,NM,3.5,-0.4,846900,1.29,,,0.95,
2007-11-01,36,New York,NY,4.7,0.5,8762000,1.34,,,1.06,
2007-11-01,37,North Carolina,NC,5,0.2,4155800,1.66,,,1.54,
2007-11-01,38,North Dakota,ND,3,-0.1,362000,2.12,,,5.23,
2007-11-01,39,Ohio,OH,5.7,0.2,5423600,0.07,,,0.47,
2007-11-01,40,Oklahoma,OK,3.7,-0.3,1608500,2.31,,,2.35,
2007-11-01,41,Oregon,OR,5.3,0,1739700,1.09,,,1.98,
2007-11-01,42,Pennsylvania,PA,4.8,0.2,5811300,0.68,,,3.68,
2007-11-01,44,Rhode Island,RI,5.7,0.7,491900,-1.26,,,-2.06,
2007-11-01,45,South Carolina,SC,5.6,-0.5,1949000,1.31,,,3.2,
2007-11-01,46,South Dakota,SD,2.8,-0.2,407900,1.75,,,4.22,
2007-11-01,47,Tennessee,TN,5.1,0.3,2810500,0.75,,,-0.29,
2007-11-01,48,Texas,TX,4.4,-0.2,10541900,3.24,,,5.2,
2007-11-01,49,Utah,UT,2.8,0.3,1264400,3.37,,,4.91,
2007-11-01,50,Vermont,VT,4,0.1,308300,-0.36,,,-0.42,
2007-11-01,51,Virginia,VA,3.3,0.2,3777400,0.91,,,1.4,
2007-11-01,53,Washington,WA,4.7,-0.2,2995400,2.68,,,5.93,
2007-11-01,54,West Virginia,WV,4.5,-0.3,724900,0.18,,,0.69,
2007-11-01,55,Wisconsin,WI,4.8,0,2873700,0.36,,,0.94,
2007-11-01,56,Wyoming,WY,2.7,-0.2,293700,4.48,,,7.77,
2007-10-01,01,Alabama,AL,4.2,0.3,2028200,1.46,,,1.05,
2007-10-01,02,Alaska,AK,6.3,-0.1,318200,1.47,,,5.43,
2007-10-01,04,Arizona,AZ,3.8,-0.3,2687300,1,,,3.44,
2007-10-01,05,Arkansas,AR,5.4,0.1,1204200,0.42,,,-0.75,
2007-10-01,10,Delaware,DE,3.5,0.1,437100,-0.11,,,-0.41,
2007-10-01,11,District of Columbia,DC,5.6,-0.2,698100,1.26,,,3.16,
2007-10-01,12,Florida,FL,4.4,1.1,7948800,-0.87,,,1.43,
2007-10-01,13,Georgia,GA,4.8,0.3,4167700,0.82,,,0.97,
2007-10-01,15,Hawaii,HI,3,0.7,627300,1.31,,,2.06,
2007-10-01,16,Idaho,ID,3.2,0,654900,1.9,,,1.77,
2007-10-01,17,Illinois,IL,5.4,1,5976800,0.62,,,1.28,
2007-10-01,18,Indiana,IN,4.8,-0.2,2993300,0.4,,,3.24,
2007-10-01,19,Iowa,IA,3.8,0.1,1522500,0.93,,,4.58,
2007-10-01,20,Kansas,KS,4.3,0,1387100,1.83,,,5.47,
2007-10-01,21,Kentucky,KY,5.4,-0.3,1855500,1.03,,,-0.29,
2007-10-01,22,Louisiana,LA,4,0,1932700,2.93,,,-5.23,
2007-10-01,23,Maine,ME,4.8,0,618600,0.62,,,0.08,
2007-10-01,24,Maryland,MD,3.4,-0.5,2626300,0.64,,,0.57,
2007-10-01,25,Massachusetts,MA,4.5,-0.2,3312800,1.09,,,3.15,
2007-10-01,26,Michigan,MI,7.3,0.3,4246100,-1.16,,,-0.17,
2007-10-01,27,Minnesota,MN,4.8,0.6,2765600,0.58,,,0.64,
2007-10-01,28,Mississippi,MS,6,-0.3,1157900,0.74,,,1.73,
2007-10-01,29,Missouri,MO,5.4,0.4,2807600,0.67,,,0.62,
2007-10-01,30,Montana,MT,3.8,0.6,445800,2.51,,,5,
2007-10-01,31,Nebraska,NE,3,0,966500,1.98,,,2.53,
2007-10-01,32,Nevada,NV,5.1,0.9,1287700,0.4,,,0.92,
2007-10-01,33,New Hampshire,NH,3.4,-0.2,645500,0.51,,,0.73,
2007-10-01,34,New Jersey,NJ,4.3,-0.1,4088700,0.34,,,1.01,
2007-10-01,35,New Mexico,NM,3.5,-0.5,845600,1.46,,,0.95,
2007-10-01,36,New York,NY,4.6,0.3,8749300,1.42,,,1.06,
2007-10-01,37,North Carolina,NC,4.9,0.1,4148300,1.89,,,1.54,
2007-10-01,38,North Dakota,ND,3.1,0,360500,1.95,,,5.23,
2007-10-01,39,Ohio,OH,5.7,0.2,5420700,-0.05,,,0.47,
2007-10-01,40,Oklahoma,OK,3.8,-0.2,1605500,2.16,,,2.35,
2007-10-01,41,Oregon,OR,5.3,0,1738800,1.28,,,1.98,
2007-10-01,42,Pennsylvania,PA,4.8,0.1,5807100,0.66,,,3.68,
2007-10-01,44,Rhode Island,RI,5.5,0.4,493000,-1,,,-2.06,
2007-10-01,45,South Carolina,SC,5.6,-0.5,1949000,1.29,,,3.2,
2007-10-01,46,South Dakota,SD,2.9,-0.1,407400,1.9,,,4.22,
2007-10-01,47,Tennessee,TN,5,0,2808700,0.72,,,-0.29,
2007-10-01,48,Texas,TX,4.4,-0.3,10519800,3.29,,,5.2,
2007-10-01,49,Utah,UT,2.7,0.2,1261500,3.82,,,4.91,
2007-10-01,50,Vermont,VT,4,0.1,307700,-0.29,,,-0.42,
2007-10-01,51,Virginia,VA,3.3,0.2,3773000,0.91,,,1.4,
2007-10-01,53,Washington,WA,4.7,-0.3,2984300,2.46,,,5.93,
2007-10-01,54,West Virginia,WV,4.6,-0.2,724600,0.36,,,0.69,
2007-10-01,55,Wisconsin,WI,4.9,0.1,2873000,0.38,,,0.94,
2007-10-01,56,Wyoming,WY,2.7,-0.3,291900,4.21,,,7.77,
2007-09-01,01,Alabama,AL,4.2,0.3,2026500,1.21,,,1.05,
2007-09-01,02,Alaska,AK,6.3,-0.2,318000,0.82,,,5.43,
2007-09-01,04,Arizona,AZ,3.6,-0.6,2685500,1.01,,,3.44,
2007-09-01,05,Arkansas,AR,5.5,0.2,1203900,0.35,,,-0.75,
2007-09-01,10,Delaware,DE,3.4,-0.1,437400,0.11,,,-0.41,
2007-09-01,11,District of Columbia,DC,5.5,-0.4,693300,0.73,,,3.16,
2007-09-01,12,Florida,FL,4.3,1,7969600,-0.67,,,1.43,
2007-09-01,13,Georgia,GA,4.7,0.1,4167700,1.26,,,0.97,
2007-09-01,15,Hawaii,HI,2.9,0.5,627900,0.75,,,2.06,
2007-09-01,16,Idaho,ID,3.2,-0.1,655400,1.93,,,1.77,
2007-09-01,17,Illinois,IL,5.3,0.9,5978000,0.5,,,1.28,
2007-09-01,18,Indiana,IN,4.7,-0.3,2992500,0.52,,,3.24,
2007-09-01,19,Iowa,IA,3.8,0.1,1520500,0.86,,,4.58,
2007-09-01,20,Kansas,KS,4.3,0,1387400,1.86,,,5.47,
2007-09-01,21,Kentucky,KY,5.4,-0.3,1859100,1.15,,,-0.29,
2007-09-01,22,Louisiana,LA,4,0,1926300,2.62,,,-5.23,
2007-09-01,23,Maine,ME,4.8,0,618500,0.65,,,0.08,
2007-09-01,24,Maryland,MD,3.4,-0.5,2627600,0.76,,,0.57,
2007-09-01,25,Massachusetts,MA,4.5,-0.2,3308700,1.06,,,3.15,
2007-09-01,26,Michigan,MI,7.2,0.2,4258900,-1.27,,,-0.17,
2007-09-01,27,Minnesota,MN,4.8,0.7,2768100,0.41,,,0.64,
2007-09-01,28,Mississippi,MS,6,-0.3,1156900,0.71,,,1.73,
2007-09-01,29,Missouri,MO,5.3,0.3,2811000,0.85,,,0.62,
2007-09-01,30,Montana,MT,3.8,0.5,443300,2.12,,,5,
2007-09-01,31,Nebraska,NE,3,0,965300,1.76,,,2.53,
2007-09-01,32,Nevada,NV,5,0.8,1285800,0.02,,,0.92,
2007-09-01,33,New Hampshire,NH,3.4,-0.2,645700,0.61,,,0.73,
2007-09-01,34,New Jersey,NJ,4.3,-0.3,4074200,0.02,,,1.01,
2007-09-01,35,New Mexico,NM,3.5,-0.6,844000,0.99,,,0.95,
2007-09-01,36,New York,NY,4.6,0.2,8721100,1.21,,,1.06,
2007-09-01,37,North Carolina,NC,4.9,0.1,4145899.9999999995,2.33,,,1.54,
2007-09-01,38,North Dakota,ND,3.1,-0.1,359300,1.5,,,5.23,
2007-09-01,39,Ohio,OH,5.7,0.2,5418900,-0.2,,,0.47,
2007-09-01,40,Oklahoma,OK,3.9,0,1601800,1.81,,,2.35,
2007-09-01,41,Oregon,OR,5.3,0,1734800,1.2,,,1.98,
2007-09-01,42,Pennsylvania,PA,4.7,0,5800200,0.62,,,3.68,
2007-09-01,44,Rhode Island,RI,5.4,0.2,493400,-0.96,,,-2.06,
2007-09-01,45,South Carolina,SC,5.6,-0.6,1950400,2.2,,,3.2,
2007-09-01,46,South Dakota,SD,2.9,-0.2,406900,1.83,,,4.22,
2007-09-01,47,Tennessee,TN,4.8,-0.3,2810400,0.45,,,-0.29,
2007-09-01,48,Texas,TX,4.3,-0.5,10492200,3.13,,,5.2,
2007-09-01,49,Utah,UT,2.7,0.1,1258100,3.61,,,4.91,
2007-09-01,50,Vermont,VT,4,0.2,308200,-0.13,,,-0.42,
2007-09-01,51,Virginia,VA,3.2,0.1,3775000,1.02,,,1.4,
2007-09-01,53,Washington,WA,4.7,-0.3,2979800,2.35,,,5.93,
2007-09-01,54,West Virginia,WV,4.5,-0.4,724700,0.36,,,0.69,
2007-09-01,55,Wisconsin,WI,4.9,0.2,2879200,0.5,,,0.94,
2007-09-01,56,Wyoming,WY,2.7,-0.3,290700,3.9,,,7.77,
2007-08-01,01,Alabama,AL,4.1,0.1,2022600,1.11,,,1.05,
2007-08-01,02,Alaska,AK,6.3,-0.2,317500,0.79,,,5.43,
2007-08-01,04,Arizona,AZ,3.5,-0.8,2684400,1.23,,,3.44,
2007-08-01,05,Arkansas,AR,5.5,0.2,1204600,0.48,,,-0.75,
2007-08-01,10,Delaware,DE,3.4,-0.2,437900,0.27,,,-0.41,
2007-08-01,11,District of Columbia,DC,5.5,-0.4,692100,0.74,,,3.16,
2007-08-01,12,Florida,FL,4.1,0.8,7983500,-0.41,,,1.43,
2007-08-01,13,Georgia,GA,4.6,0,4167399.9999999995,1.32,,,0.97,
2007-08-01,15,Hawaii,HI,2.8,0.3,625300,0.6,,,2.06,
2007-08-01,16,Idaho,ID,3.1,-0.2,656500,2.26,,,1.77,
2007-08-01,17,Illinois,IL,5.2,0.8,5978500,0.57,,,1.28,
2007-08-01,18,Indiana,IN,4.7,-0.4,2986500,0.39,,,3.24,
2007-08-01,19,Iowa,IA,3.7,0,1520100,1.06,,,4.58,
2007-08-01,20,Kansas,KS,4.3,0,1385500,2.31,,,5.47,
2007-08-01,21,Kentucky,KY,5.4,-0.3,1852400,0.8,,,-0.29,
2007-08-01,22,Louisiana,LA,4,0,1920500,2.93,,,-5.23,
2007-08-01,23,Maine,ME,4.8,0,617800,0.28,,,0.08,
2007-08-01,24,Maryland,MD,3.4,-0.6,2629700,0.96,,,0.57,
2007-08-01,25,Massachusetts,MA,4.5,-0.2,3309000,1.15,,,3.15,
2007-08-01,26,Michigan,MI,7.2,0.2,4262700,-1.1,,,-0.17,
2007-08-01,27,Minnesota,MN,4.7,0.7,2770600,0.53,,,0.64,
2007-08-01,28,Mississippi,MS,6,-0.3,1155800,0.78,,,1.73,
2007-08-01,29,Missouri,MO,5.2,0.3,2809200,0.86,,,0.62,
2007-08-01,30,Montana,MT,3.7,0.3,444700,2.25,,,5,
2007-08-01,31,Nebraska,NE,3,0,964600,1.97,,,2.53,
2007-08-01,32,Nevada,NV,4.9,0.7,1288200,0.19,,,0.92,
2007-08-01,33,New Hampshire,NH,3.4,-0.1,645300,0.62,,,0.73,
2007-08-01,34,New Jersey,NJ,4.2,-0.5,4084300,0.15,,,1.01,
2007-08-01,35,New Mexico,NM,3.5,-0.7,843600,1.25,,,0.95,
2007-08-01,36,New York,NY,4.5,0.1,8720800,1.37,,,1.06,
2007-08-01,37,North Carolina,NC,4.8,0,4143000,2.31,,,1.54,
2007-08-01,38,North Dakota,ND,3.1,0,358700,1.61,,,5.23,
2007-08-01,39,Ohio,OH,5.7,0.2,5424800,-0.12,,,0.47,
2007-08-01,40,Oklahoma,OK,4,0.1,1600200,1.79,,,2.35,
2007-08-01,41,Oregon,OR,5.3,-0.1,1735700,1.46,,,1.98,
2007-08-01,42,Pennsylvania,PA,4.7,-0.1,5804000,0.78,,,3.68,
2007-08-01,44,Rhode Island,RI,5.2,-0.1,495500,-0.14,,,-2.06,
2007-08-01,45,South Carolina,SC,5.5,-0.8,1946300,2.36,,,3.2,
2007-08-01,46,South Dakota,SD,2.9,-0.1,407300,1.9,,,4.22,
2007-08-01,47,Tennessee,TN,4.7,-0.5,2811200,0.48,,,-0.29,
2007-08-01,48,Texas,TX,4.3,-0.6,10469300,3.25,,,5.2,
2007-08-01,49,Utah,UT,2.6,-0.1,1258800,3.85,,,4.91,
2007-08-01,50,Vermont,VT,3.9,0.1,308300,0.1,,,-0.42,
2007-08-01,51,Virginia,VA,3.1,0,3772400,0.88,,,1.4,
2007-08-01,53,Washington,WA,4.7,-0.4,2977700,2.52,,,5.93,
2007-08-01,54,West Virginia,WV,4.5,-0.4,724200,0.49,,,0.69,
2007-08-01,55,Wisconsin,WI,4.9,0.2,2879500,0.64,,,0.94,
2007-08-01,56,Wyoming,WY,2.7,-0.3,290000,3.91,,,7.77,
2007-07-01,01,Alabama,AL,4,0,2019600,1.14,,,1.05,
2007-07-01,02,Alaska,AK,6.3,-0.3,316600,0.67,,,5.43,
2007-07-01,04,Arizona,AZ,3.4,-0.9,2684200,1.47,,,3.44,
2007-07-01,05,Arkansas,AR,5.5,0.2,1201300,0.25,,,-0.75,
2007-07-01,10,Delaware,DE,3.3,-0.3,437900,0.41,,,-0.41,
2007-07-01,11,District of Columbia,DC,5.5,-0.4,692000,0.7,,,3.16,
2007-07-01,12,Florida,FL,4,0.7,7996600,-0.02,,,1.43,
2007-07-01,13,Georgia,GA,4.5,-0.2,4162800,1.37,,,0.97,
2007-07-01,15,Hawaii,HI,2.7,0.1,626400,1.28,,,2.06,
2007-07-01,16,Idaho,ID,2.9,-0.5,655700,2.41,,,1.77,
2007-07-01,17,Illinois,IL,5.1,0.6,5983000,0.8,,,1.28,
2007-07-01,18,Indiana,IN,4.6,-0.5,2989500,0.61,,,3.24,
2007-07-01,19,Iowa,IA,3.7,0,1519700,1.08,,,4.58,
2007-07-01,20,Kansas,KS,4.2,-0.2,1387500,3.08,,,5.47,
2007-07-01,21,Kentucky,KY,5.3,-0.4,1855000,1.42,,,-0.29,
2007-07-01,22,Louisiana,LA,4.1,0.1,1913900,3.29,,,-5.23,
2007-07-01,23,Maine,ME,4.8,0,618500,0.78,,,0.08,
2007-07-01,24,Maryland,MD,3.4,-0.6,2628300,0.98,,,0.57,
2007-07-01,25,Massachusetts,MA,4.5,-0.2,3308800,1.19,,,3.15,
2007-07-01,26,Michigan,MI,7.1,0.2,4267700,-0.91,,,-0.17,
2007-07-01,27,Minnesota,MN,4.6,0.7,2773500,0.6,,,0.64,
2007-07-01,28,Mississippi,MS,6,-0.3,1151000,1.03,,,1.73,
2007-07-01,29,Missouri,MO,5.1,0.2,2804300,0.78,,,0.62,
2007-07-01,30,Montana,MT,3.5,0.1,445400,1.25,,,5,
2007-07-01,31,Nebraska,NE,3,0,962900,1.84,,,2.53,
2007-07-01,32,Nevada,NV,4.8,0.6,1289900,0.6,,,0.92,
2007-07-01,33,New Hampshire,NH,3.5,0,646700,0.76,,,0.73,
2007-07-01,34,New Jersey,NJ,4.2,-0.6,4083600,0.25,,,1.01,
2007-07-01,35,New Mexico,NM,3.5,-0.8,842400,1.19,,,0.95,
2007-07-01,36,New York,NY,4.5,0,8722100,1.43,,,1.06,
2007-07-01,37,North Carolina,NC,4.7,-0.1,4137500,2.3,,,1.54,
2007-07-01,38,North Dakota,ND,3.1,0,358900,2.11,,,5.23,
2007-07-01,39,Ohio,OH,5.6,0.1,5426000,-0.08,,,0.47,
2007-07-01,40,Oklahoma,OK,4,0.1,1595100,1.83,,,2.35,
2007-07-01,41,Oregon,OR,5.2,-0.2,1732900,1.4,,,1.98,
2007-07-01,42,Pennsylvania,PA,4.6,-0.2,5809800,0.96,,,3.68,
2007-07-01,44,Rhode Island,RI,5.1,-0.2,496700,0.3,,,-2.06,
2007-07-01,45,South Carolina,SC,5.5,-0.9,1946400,2.57,,,3.2,
2007-07-01,46,South Dakota,SD,2.9,-0.1,407200,2.23,,,4.22,
2007-07-01,47,Tennessee,TN,4.5,-0.9,2807900,0.49,,,-0.29,
2007-07-01,48,Texas,TX,4.3,-0.7,10455200,3.57,,,5.2,
2007-07-01,49,Utah,UT,2.5,-0.3,1256600,4.09,,,4.91,
2007-07-01,50,Vermont,VT,3.9,0.2,309200,0.52,,,-0.42,
2007-07-01,51,Virginia,VA,3,-0.1,3774100,1.01,,,1.4,
2007-07-01,53,Washington,WA,4.6,-0.5,2973200,2.75,,,5.93,
2007-07-01,54,West Virginia,WV,4.4,-0.5,722400,0.5,,,0.69,
2007-07-01,55,Wisconsin,WI,4.9,0.2,2880300,0.71,,,0.94,
2007-07-01,56,Wyoming,WY,2.8,-0.2,289500,4.25,,,7.77,
2007-06-01,01,Alabama,AL,4,-0.1,2021100,1.16,,,1.05,
2007-06-01,02,Alaska,AK,6.2,-0.5,318000,-0.13,,,5.43,
2007-06-01,04,Arizona,AZ,3.5,-0.9,2683900,1.43,,,3.44,
2007-06-01,05,Arkansas,AR,5.5,0.2,1205300,0.32,,,-0.75,
2007-06-01,10,Delaware,DE,3.3,-0.3,439300,0.41,,,-0.41,
2007-06-01,11,District of Columbia,DC,5.5,-0.4,690600,0.33,,,3.16,
2007-06-01,12,Florida,FL,3.9,0.6,8026700,0.4,,,1.43,
2007-06-01,13,Georgia,GA,4.5,-0.2,4166300,1.35,,,0.97,
2007-06-01,15,Hawaii,HI,2.7,0,629100,1.6,,,2.06,
2007-06-01,16,Idaho,ID,2.8,-0.6,657600,2.99,,,1.77,
2007-06-01,17,Illinois,IL,5,0.5,5986500,0.81,,,1.28,
2007-06-01,18,Indiana,IN,4.5,-0.6,2998200,0.48,,,3.24,
2007-06-01,19,Iowa,IA,3.7,0.1,1522300,0.98,,,4.58,
2007-06-01,20,Kansas,KS,4.2,-0.2,1387700,2.17,,,5.47,
2007-06-01,21,Kentucky,KY,5.3,-0.4,1861900,1.47,,,-0.29,
2007-06-01,22,Louisiana,LA,4.1,0.1,1914800,3.22,,,-5.23,
2007-06-01,23,Maine,ME,4.7,0,617500,0.44,,,0.08,
2007-06-01,24,Maryland,MD,3.4,-0.6,2626100,0.8,,,0.57,
2007-06-01,25,Massachusetts,MA,4.5,-0.2,3310200,1.33,,,3.15,
2007-06-01,26,Michigan,MI,7,0.2,4277600,-1.47,,,-0.17,
2007-06-01,27,Minnesota,MN,4.6,0.7,2771900,0.46,,,0.64,
2007-06-01,28,Mississippi,MS,6.1,-0.2,1153100,0.75,,,1.73,
2007-06-01,29,Missouri,MO,5,0.2,2806200,0.83,,,0.62,
2007-06-01,30,Montana,MT,3.4,0,443400,1.42,,,5,
2007-06-01,31,Nebraska,NE,3,0,962100,1.69,,,2.53,
2007-06-01,32,Nevada,NV,4.7,0.5,1294200,0.84,,,0.92,
2007-06-01,33,New Hampshire,NH,3.5,0,646600,0.97,,,0.73,
2007-06-01,34,New Jersey,NJ,4.1,-0.8,4085700,0.3,,,1.01,
2007-06-01,35,New Mexico,NM,3.5,-0.8,842800,1.07,,,0.95,
2007-06-01,36,New York,NY,4.4,-0.2,8721400,1.41,,,1.06,
2007-06-01,37,North Carolina,NC,4.6,-0.1,4143300,2.93,,,1.54,
2007-06-01,38,North Dakota,ND,3,-0.1,358500,1.76,,,5.23,
2007-06-01,39,Ohio,OH,5.6,0.2,5443200,0.02,,,0.47,
2007-06-01,40,Oklahoma,OK,4,0.2,1594600,1.81,,,2.35,
2007-06-01,41,Oregon,OR,5.1,-0.3,1733600,1.55,,,1.98,
2007-06-01,42,Pennsylvania,PA,4.5,-0.3,5810200,0.96,,,3.68,
2007-06-01,44,Rhode Island,RI,4.9,-0.5,497500,0.16,,,-2.06,
2007-06-01,45,South Carolina,SC,5.5,-1,1952500,3.37,,,3.2,
2007-06-01,46,South Dakota,SD,2.8,-0.2,406000,2.09,,,4.22,
2007-06-01,47,Tennessee,TN,4.4,-1,2805200,0.33,,,-0.29,
2007-06-01,48,Texas,TX,4.3,-0.8,10433900,3.43,,,5.2,
2007-06-01,49,Utah,UT,2.5,-0.4,1255500,4.25,,,4.91,
2007-06-01,50,Vermont,VT,3.8,0.1,309800,0.62,,,-0.42,
2007-06-01,51,Virginia,VA,3,-0.1,3773800,0.99,,,1.4,
2007-06-01,53,Washington,WA,4.5,-0.5,2971700,2.54,,,5.93,
2007-06-01,54,West Virginia,WV,4.4,-0.5,723500,0.15,,,0.69,
2007-06-01,55,Wisconsin,WI,4.9,0.2,2888200,0.87,,,0.94,
2007-06-01,56,Wyoming,WY,2.8,-0.3,288900,3.96,,,7.77,
2007-05-01,01,Alabama,AL,4,-0.1,2018700,1.28,,,1.05,
2007-05-01,02,Alaska,AK,6.2,-0.5,317900,0.89,,,5.43,
2007-05-01,04,Arizona,AZ,3.5,-0.9,2674500,1.47,,,3.44,
2007-05-01,05,Arkansas,AR,5.4,0.2,1204500,0.46,,,-0.75,
2007-05-01,10,Delaware,DE,3.4,-0.2,438600,0.14,,,-0.41,
2007-05-01,11,District of Columbia,DC,5.5,-0.4,690700,0.76,,,3.16,
2007-05-01,12,Florida,FL,3.8,0.6,8031900,0.69,,,1.43,
2007-05-01,13,Georgia,GA,4.4,-0.3,4162899.9999999995,1.38,,,0.97,
2007-05-01,15,Hawaii,HI,2.6,-0.2,626200,1.51,,,2.06,
2007-05-01,16,Idaho,ID,2.7,-0.8,655500,2.97,,,1.77,
2007-05-01,17,Illinois,IL,4.9,0.3,5983500,1.06,,,1.28,
2007-05-01,18,Indiana,IN,4.5,-0.6,2991300,0.57,,,3.24,
2007-05-01,19,Iowa,IA,3.7,0.1,1517700,0.9,,,4.58,
2007-05-01,20,Kansas,KS,4.2,-0.2,1377500,1.83,,,5.47,
2007-05-01,21,Kentucky,KY,5.3,-0.4,1861200,1.39,,,-0.29,
2007-05-01,22,Louisiana,LA,4.2,0.1,1907100,3.14,,,-5.23,
2007-05-01,23,Maine,ME,4.6,0,615500,0.15,,,0.08,
2007-05-01,24,Maryland,MD,3.4,-0.5,2626200,0.87,,,0.57,
2007-05-01,25,Massachusetts,MA,4.5,-0.2,3303500,1.34,,,3.15,
2007-05-01,26,Michigan,MI,6.9,0.1,4282400,-1.34,,,-0.17,
2007-05-01,27,Minnesota,MN,4.5,0.6,2768500,0.63,,,0.64,
2007-05-01,28,Mississippi,MS,6.2,-0.1,1152200,0.96,,,1.73,
2007-05-01,29,Missouri,MO,4.9,0.1,2808300,0.97,,,0.62,
2007-05-01,30,Montana,MT,3.2,-0.3,443600,2.28,,,5,
2007-05-01,31,Nebraska,NE,2.9,-0.1,960000,1.82,,,2.53,
2007-05-01,32,Nevada,NV,4.6,0.4,1297000,1.37,,,0.92,
2007-05-01,33,New Hampshire,NH,3.6,0.2,645200,0.95,,,0.73,
2007-05-01,34,New Jersey,NJ,4.1,-0.8,4084800,0.29,,,1.01,
2007-05-01,35,New Mexico,NM,3.5,-0.8,840900,1.23,,,0.95,
2007-05-01,36,New York,NY,4.3,-0.3,8705800,1.32,,,1.06,
2007-05-01,37,North Carolina,NC,4.6,-0.1,4130700,2.81,,,1.54,
2007-05-01,38,North Dakota,ND,3,-0.1,357900,1.68,,,5.23,
2007-05-01,39,Ohio,OH,5.5,0.2,5435600,-0.11,,,0.47,
2007-05-01,40,Oklahoma,OK,4.1,0.3,1589200,1.73,,,2.35,
2007-05-01,41,Oregon,OR,5,-0.4,1733100,1.7,,,1.98,
2007-05-01,42,Pennsylvania,PA,4.4,-0.4,5797200,0.74,,,3.68,
2007-05-01,44,Rhode Island,RI,4.8,-0.6,497700,0.36,,,-2.06,
2007-05-01,45,South Carolina,SC,5.5,-1,1943600,1.88,,,3.2,
2007-05-01,46,South Dakota,SD,2.8,-0.1,406200,2.29,,,4.22,
2007-05-01,47,Tennessee,TN,4.3,-1.1,2796300,0.29,,,-0.29,
2007-05-01,48,Texas,TX,4.3,-0.9,10396900,3.37,,,5.2,
2007-05-01,49,Utah,UT,2.5,-0.5,1251700,4.53,,,4.91,
2007-05-01,50,Vermont,VT,3.8,0.2,308600,0.46,,,-0.42,
2007-05-01,51,Virginia,VA,2.9,-0.1,3770300,1.08,,,1.4,
2007-05-01,53,Washington,WA,4.5,-0.5,2963600,2.67,,,5.93,
2007-05-01,54,West Virginia,WV,4.4,-0.4,721300,-1.33,,,0.69,
2007-05-01,55,Wisconsin,WI,4.8,0.2,2878600,0.82,,,0.94,
2007-05-01,56,Wyoming,WY,2.8,-0.3,288300,4.23,,,7.77,
2007-04-01,01,Alabama,AL,3.9,-0.2,2017200,1.19,,,1.05,
2007-04-01,02,Alaska,AK,6.2,-0.5,317300,0.63,,,5.43,
2007-04-01,04,Arizona,AZ,3.6,-0.7,2672900,1.72,,,3.44,
2007-04-01,05,Arkansas,AR,5.4,0.2,1204700,0.34,,,-0.75,
2007-04-01,10,Delaware,DE,3.4,-0.2,437200,,,,-0.41,
2007-04-01,11,District of Columbia,DC,5.5,-0.3,692600,0.92,,,3.16,
2007-04-01,12,Florida,FL,3.7,0.5,8038600,0.99,,,1.43,
2007-04-01,13,Georgia,GA,4.4,-0.3,4162500,1.38,,,0.97,
2007-04-01,15,Hawaii,HI,2.6,-0.2,620700,0.96,,,2.06,
2007-04-01,16,Idaho,ID,2.7,-0.9,654200,2.93,,,1.77,
2007-04-01,17,Illinois,IL,4.8,0.1,5975200,0.93,,,1.28,
2007-04-01,18,Indiana,IN,4.5,-0.5,2992900,0.35,,,3.24,
2007-04-01,19,Iowa,IA,3.7,0.1,1514800,0.74,,,4.58,
2007-04-01,20,Kansas,KS,4.2,-0.3,1376700,1.89,,,5.47,
2007-04-01,21,Kentucky,KY,5.3,-0.5,1856000,1.09,,,-0.29,
2007-04-01,22,Louisiana,LA,4.2,0.1,1904400,3.47,,,-5.23,
2007-04-01,23,Maine,ME,4.6,0,615100,-0.31,,,0.08,
2007-04-01,24,Maryland,MD,3.5,-0.3,2622100,0.68,,,0.57,
2007-04-01,25,Massachusetts,MA,4.5,-0.2,3297300,1.03,,,3.15,
2007-04-01,26,Michigan,MI,6.9,0.1,4284300,-1.7,,,-0.17,
2007-04-01,27,Minnesota,MN,4.5,0.6,2767500,0.38,,,0.64,
2007-04-01,28,Mississippi,MS,6.2,-0.1,1151700,1.11,,,1.73,
2007-04-01,29,Missouri,MO,4.9,0.1,2805700,0.75,,,0.62,
2007-04-01,30,Montana,MT,3,-0.5,443600,2.4,,,5,
2007-04-01,31,Nebraska,NE,2.9,-0.1,957800,1.62,,,2.53,
2007-04-01,32,Nevada,NV,4.5,0.4,1295500,1.47,,,0.92,
2007-04-01,33,New Hampshire,NH,3.7,0.3,642600,0.17,,,0.73,
2007-04-01,34,New Jersey,NJ,4.1,-0.8,4076100,0.05,,,1.01,
2007-04-01,35,New Mexico,NM,3.6,-0.8,840000,1.34,,,0.95,
2007-04-01,36,New York,NY,4.2,-0.4,8687800,1.15,,,1.06,
2007-04-01,37,North Carolina,NC,4.5,-0.1,4122700,2.72,,,1.54,
2007-04-01,38,North Dakota,ND,3,-0.1,356800,1.28,,,5.23,
2007-04-01,39,Ohio,OH,5.5,0.2,5431000,-0.32,,,0.47,
2007-04-01,40,Oklahoma,OK,4.1,0.3,1586600,1.93,,,2.35,
2007-04-01,41,Oregon,OR,5,-0.4,1730700,1.81,,,1.98,
2007-04-01,42,Pennsylvania,PA,4.4,-0.3,5789600,0.58,,,3.68,
2007-04-01,44,Rhode Island,RI,4.7,-0.7,496900,-0.28,,,-2.06,
2007-04-01,45,South Carolina,SC,5.6,-0.9,1943300,1.75,,,3.2,
2007-04-01,46,South Dakota,SD,2.8,-0.1,405300,2.25,,,4.22,
2007-04-01,47,Tennessee,TN,4.3,-1.1,2794500,0.27,,,-0.29,
2007-04-01,48,Texas,TX,4.3,-0.9,10371600,3.38,,,5.2,
2007-04-01,49,Utah,UT,2.4,-0.7,1247100,4.53,,,4.91,
2007-04-01,50,Vermont,VT,3.8,0.3,307900,0.13,,,-0.42,
2007-04-01,51,Virginia,VA,2.9,-0.1,3767700,1.14,,,1.4,
2007-04-01,53,Washington,WA,4.5,-0.5,2957500,2.69,,,5.93,
2007-04-01,54,West Virginia,WV,4.4,-0.3,721000,-0.03,,,0.69,
2007-04-01,55,Wisconsin,WI,4.8,0.2,2872800,0.4,,,0.94,
2007-04-01,56,Wyoming,WY,2.7,-0.5,287100,4.21,,,7.77,
2007-03-01,01,Alabama,AL,3.9,-0.2,2024400,1.51,,,1.05,
2007-03-01,02,Alaska,AK,6.2,-0.6,317900,1.15,,,5.43,
2007-03-01,04,Arizona,AZ,3.7,-0.6,2680200,2.25,,,3.44,
2007-03-01,05,Arkansas,AR,5.3,0.2,1206900,0.83,,,-0.75,
2007-03-01,10,Delaware,DE,3.3,-0.4,437700,0.09,,,-0.41,
2007-03-01,11,District of Columbia,DC,5.5,-0.3,693800,0.92,,,3.16,
2007-03-01,12,Florida,FL,3.6,0.4,8055100,1.29,,,1.43,
2007-03-01,13,Georgia,GA,4.3,-0.5,4167300,1.82,,,0.97,
2007-03-01,15,Hawaii,HI,2.5,-0.2,625200,1.82,,,2.06,
2007-03-01,16,Idaho,ID,2.8,-0.8,652800,3.18,,,1.77,
2007-03-01,17,Illinois,IL,4.7,-0.2,5976000,0.93,,,1.28,
2007-03-01,18,Indiana,IN,4.5,-0.5,2994700,0.27,,,3.24,
2007-03-01,19,Iowa,IA,3.7,0.1,1513700,0.76,,,4.58,
2007-03-01,20,Kansas,KS,4.2,-0.3,1378900,2,,,5.47,
2007-03-01,21,Kentucky,KY,5.3,-0.5,1855700,0.82,,,-0.29,
2007-03-01,22,Louisiana,LA,4.2,-0.1,1915100,4.14,,,-5.23,
2007-03-01,23,Maine,ME,4.6,0,618400,0.55,,,0.08,
2007-03-01,24,Maryland,MD,3.5,-0.3,2626800,0.83,,,0.57,
2007-03-01,25,Massachusetts,MA,4.5,-0.2,3294600,1.09,,,3.15,
2007-03-01,26,Michigan,MI,6.9,0.2,4291200,-1.63,,,-0.17,
2007-03-01,27,Minnesota,MN,4.4,0.4,2768300,0.24,,,0.64,
2007-03-01,28,Mississippi,MS,6.3,0,1149300,0.99,,,1.73,
2007-03-01,29,Missouri,MO,4.8,0,2812700,1.13,,,0.62,
2007-03-01,30,Montana,MT,2.9,-0.6,443900,2.95,,,5,
2007-03-01,31,Nebraska,NE,2.9,-0.2,955700,1.25,,,2.53,
2007-03-01,32,Nevada,NV,4.4,0.3,1298000,1.8,,,0.92,
2007-03-01,33,New Hampshire,NH,3.7,0.3,644900,1,,,0.73,
2007-03-01,34,New Jersey,NJ,4.1,-0.8,4075200,-0.08,,,1.01,
2007-03-01,35,New Mexico,NM,3.6,-0.8,843600,1.83,,,0.95,
2007-03-01,36,New York,NY,4.2,-0.5,8696500,1.35,,,1.06,
2007-03-01,37,North Carolina,NC,4.5,-0.1,4125100.0000000005,3.63,,,1.54,
2007-03-01,38,North Dakota,ND,3,-0.1,357300,1.62,,,5.23,
2007-03-01,39,Ohio,OH,5.5,0.2,5431900,-0.36,,,0.47,
2007-03-01,40,Oklahoma,OK,4.1,0.3,1592100,2,,,2.35,
2007-03-01,41,Oregon,OR,5,-0.5,1735200,2.37,,,1.98,
2007-03-01,42,Pennsylvania,PA,4.4,-0.3,5791000,0.74,,,3.68,
2007-03-01,44,Rhode Island,RI,4.7,-0.7,497600,0.5,,,-2.06,
2007-03-01,45,South Carolina,SC,5.7,-0.8,1945500,2.28,,,3.2,
2007-03-01,46,South Dakota,SD,2.9,-0.1,404700,2.09,,,4.22,
2007-03-01,47,Tennessee,TN,4.4,-1,2802200,0.69,,,-0.29,
2007-03-01,48,Texas,TX,4.4,-0.8,10346300,3.27,,,5.2,
2007-03-01,49,Utah,UT,2.4,-0.8,1244900,4.71,,,4.91,
2007-03-01,50,Vermont,VT,3.8,0.3,308700,0.29,,,-0.42,
2007-03-01,51,Virginia,VA,2.9,-0.1,3769100,1.12,,,1.4,
2007-03-01,53,Washington,WA,4.5,-0.4,2951100,2.61,,,5.93,
2007-03-01,54,West Virginia,WV,4.4,-0.2,721900,-0.22,,,0.69,
2007-03-01,55,Wisconsin,WI,4.8,0.2,2873300,0.63,,,0.94,
2007-03-01,56,Wyoming,WY,2.7,-0.5,287500,4.81,,,7.77,
2007-02-01,01,Alabama,AL,3.9,-0.2,2020800,1.61,,,1.05,
2007-02-01,02,Alaska,AK,6.2,-0.7,317900,1.6,,,5.43,
2007-02-01,04,Arizona,AZ,3.8,-0.6,2672000,2.44,,,3.44,
2007-02-01,05,Arkansas,AR,5.3,0.2,1202000,0.56,,,-0.75,
2007-02-01,10,Delaware,DE,3.3,-0.5,436300,-0.25,,,-0.41,
2007-02-01,11,District of Columbia,DC,5.6,-0.2,693800,1.12,,,3.16,
2007-02-01,12,Florida,FL,3.5,0.3,8042100,1.51,,,1.43,
2007-02-01,13,Georgia,GA,4.4,-0.4,4162899.9999999995,1.87,,,0.97,
2007-02-01,15,Hawaii,HI,2.5,-0.2,624400,1.89,,,2.06,
2007-02-01,16,Idaho,ID,2.8,-0.8,650300,3.24,,,1.77,
2007-02-01,17,Illinois,IL,4.7,-0.3,5956400,0.69,,,1.28,
2007-02-01,18,Indiana,IN,4.6,-0.4,2979100,-0.1,,,3.24,
2007-02-01,19,Iowa,IA,3.7,-0.1,1513900,0.91,,,4.58,
2007-02-01,20,Kansas,KS,4.3,-0.3,1368900,1.34,,,5.47,
2007-02-01,21,Kentucky,KY,5.4,-0.5,1851000,0.92,,,-0.29,
2007-02-01,22,Louisiana,LA,4.1,-0.3,1906500,4.49,,,-5.23,
2007-02-01,23,Maine,ME,4.6,0,617500,0.68,,,0.08,
2007-02-01,24,Maryland,MD,3.6,-0.1,2617200,0.74,,,0.57,
2007-02-01,25,Massachusetts,MA,4.6,-0.1,3293900,1.24,,,3.15,
2007-02-01,26,Michigan,MI,6.9,0.2,4292400,-1.59,,,-0.17,
2007-02-01,27,Minnesota,MN,4.4,0.3,2766600,0.4,,,0.64,
2007-02-01,28,Mississippi,MS,6.4,-0.2,1152300,1.65,,,1.73,
2007-02-01,29,Missouri,MO,4.8,-0.1,2799100,0.87,,,0.62,
2007-02-01,30,Montana,MT,2.9,-0.6,441200,2.53,,,5,
2007-02-01,31,Nebraska,NE,2.9,-0.3,955600,1.2,,,2.53,
2007-02-01,32,Nevada,NV,4.3,0.2,1296800,2.24,,,0.92,
2007-02-01,33,New Hampshire,NH,3.7,0.3,644900,1.19,,,0.73,
2007-02-01,34,New Jersey,NJ,4.1,-0.8,4068900,-0.05,,,1.01,
2007-02-01,35,New Mexico,NM,3.6,-0.9,839400,1.7,,,0.95,
2007-02-01,36,New York,NY,4.2,-0.5,8685800,1.43,,,1.06,
2007-02-01,37,North Carolina,NC,4.6,-0.1,4112500,3.53,,,1.54,
2007-02-01,38,North Dakota,ND,3,-0.1,355900,1.66,,,5.23,
2007-02-01,39,Ohio,OH,5.5,0.1,5416800,-0.52,,,0.47,
2007-02-01,40,Oklahoma,OK,4.1,0.2,1582800,1.68,,,2.35,
2007-02-01,41,Oregon,OR,5.1,-0.4,1730700,2.28,,,1.98,
2007-02-01,42,Pennsylvania,PA,4.5,-0.2,5774900,0.59,,,3.68,
2007-02-01,44,Rhode Island,RI,4.7,-0.6,498200,0.93,,,-2.06,
2007-02-01,45,South Carolina,SC,5.8,-0.7,1940900,2.11,,,3.2,
2007-02-01,46,South Dakota,SD,2.9,-0.1,403300,1.97,,,4.22,
2007-02-01,47,Tennessee,TN,4.5,-0.9,2795600,0.7,,,-0.29,
2007-02-01,48,Texas,TX,4.4,-0.8,10304700,3.22,,,5.2,
2007-02-01,49,Utah,UT,2.4,-0.9,1239000,4.7,,,4.91,
2007-02-01,50,Vermont,VT,3.8,0.3,308100,0.16,,,-0.42,
2007-02-01,51,Virginia,VA,2.9,-0.2,3762600,1.13,,,1.4,
2007-02-01,53,Washington,WA,4.6,-0.4,2946700,2.64,,,5.93,
2007-02-01,54,West Virginia,WV,4.5,-0.1,717600,-0.57,,,0.69,
2007-02-01,55,Wisconsin,WI,4.8,0.2,2868700,0.56,,,0.94,
2007-02-01,56,Wyoming,WY,2.7,-0.6,286000,4.88,,,7.77,
2007-01-01,01,Alabama,AL,3.8,-0.4,2016000,1.56,202025481,202025481,1.05,
2007-01-01,02,Alaska,AK,6.3,-0.6,316700,1.87,50126750,50126750,5.43,
2007-01-01,04,Arizona,AZ,3.9,-0.5,2664000,2.69,306611569,306611569,3.44,
2007-01-01,05,Arkansas,AR,5.3,0.2,1200700,0.62,114026706,114026706,-0.75,
2007-01-01,06,California,CA,,,,,2168940424,2168940424,2.29,
2007-01-01,08,Colorado,CO,,,,,278733823,278733823,3.93,
2007-01-01,09,Connecticut,CT,,,,,278485379,278485379,3.34,
2007-01-01,10,Delaware,DE,3.3,-0.6,438000,0.3,68132404,68132404,-0.41,
2007-01-01,11,District of Columbia,DC,5.6,-0.2,690000,0.7,112287649,112287649,3.16,
2007-01-01,12,Florida,FL,3.5,0.2,8040200,1.64,922288301,922288301,1.43,
2007-01-01,13,Georgia,GA,4.4,-0.5,4161300,1.91,492238681,492238681,0.97,
2007-01-01,15,Hawaii,HI,2.4,-0.3,623400,2.36,76434095,76434095,2.06,
2007-01-01,16,Idaho,ID,2.9,-0.8,648000,3.25,61812075,61812075,1.77,
2007-01-01,17,Illinois,IL,4.6,-0.6,5966500,1.09,769571627,769571627,1.28,
2007-01-01,18,Indiana,IN,4.7,-0.4,2989000,0.34,322661718,322661718,3.24,
2007-01-01,19,Iowa,IA,3.7,-0.2,1514100,1.29,162838055,162838055,4.58,
2007-01-01,20,Kansas,KS,4.3,-0.4,1367900,1.75,143586593,143586593,5.47,
2007-01-01,21,Kentucky,KY,5.5,-0.5,1852500,1.17,185790047,185790047,-0.29,
2007-01-01,22,Louisiana,LA,4.1,-0.5,1900200,4.83,234216420,234216420,-5.23,
2007-01-01,23,Maine,ME,4.6,-0.1,617300,0.62,60032647,60032647,0.08,
2007-01-01,24,Maryland,MD,3.7,0,2624700,1.18,331763540,331763540,0.57,
2007-01-01,25,Massachusetts,MA,4.6,-0.1,3294700,1.35,440373821,440373821,3.15,
2007-01-01,26,Michigan,MI,6.9,0.2,4284400,-1.93,482935051,482935051,-0.17,
2007-01-01,27,Minnesota,MN,4.4,0.3,2765000,0.37,304208003,304208003,0.64,
2007-01-01,28,Mississippi,MS,6.4,-0.5,1152100,1.97,107713862,107713862,1.73,
2007-01-01,29,Missouri,MO,4.8,-0.2,2798800,1.05,288320839,288320839,0.62,
2007-01-01,30,Montana,MT,2.9,-0.7,440400,2.97,42057663,42057663,5,
2007-01-01,31,Nebraska,NE,2.9,-0.4,954600,1.46,99780730,99780730,2.53,
2007-01-01,32,Nevada,NV,4.3,0.2,1289000,2.19,157734325,157734325,0.92,
2007-01-01,33,New Hampshire,NH,3.7,0.2,643500,1.21,71943489,71943489,0.73,
2007-01-01,34,New Jersey,NJ,4.1,-0.7,4078600,0.3,560823795,560823795,1.01,
2007-01-01,35,New Mexico,NM,3.7,-0.9,836900,1.87,89392345,89392345,0.95,
2007-01-01,36,New York,NY,4.2,-0.6,8686500,1.45,1353798930,1353798930,1.06,
2007-01-01,37,North Carolina,NC,4.6,-0.2,4102800,3.38,477920775,477920775,1.54,
2007-01-01,38,North Dakota,ND,3.1,-0.1,356100,2.24,32528990,32528990,5.23,
2007-01-01,39,Ohio,OH,5.5,0,5433800,-0.12,585402954,585402954,0.47,
2007-01-01,40,Oklahoma,OK,4.1,0.1,1578300,1.63,152879572,152879572,2.35,
2007-01-01,41,Oregon,OR,5.1,-0.5,1725900,2.38,180724295,180724295,1.98,
2007-01-01,42,Pennsylvania,PA,4.5,-0.3,5787400,1.01,649638062,649638062,3.68,
2007-01-01,44,Rhode Island,RI,4.8,-0.6,499200,1.2,56230541,56230541,-2.06,
2007-01-01,45,South Carolina,SC,5.9,-0.7,1941800,2.5,193386551,193386551,3.2,
2007-01-01,46,South Dakota,SD,2.9,-0.3,402800,2.08,41646169,41646169,4.22,
2007-01-01,47,Tennessee,TN,4.6,-0.8,2795300,0.62,294819816,294819816,-0.29,
2007-01-01,48,Texas,TX,4.4,-0.9,10266600,3.06,1288828678,1288828678,5.2,
2007-01-01,49,Utah,UT,2.4,-1,1234200,4.8,133799806,133799806,4.91,
2007-01-01,50,Vermont,VT,3.8,0.3,308200,0.36,29296631,29296631,-0.42,
2007-01-01,51,Virginia,VA,3,-0.2,3763700,1.3,457568894,457568894,1.4,
2007-01-01,53,Washington,WA,4.7,-0.4,2931600,2.33,394221923,394221923,5.93,
2007-01-01,54,West Virginia,WV,4.6,-0.1,723400,0.28,69374083,69374083,0.69,
2007-01-01,55,Wisconsin,WI,4.8,0.1,2870200,0.74,289855233,289855233,0.94,
2007-01-01,56,Wyoming,WY,2.8,-0.5,285000,4.97,39504839,39504839,7.77,
2007-01-01,91,New England,,,,,,936059913,936059913,2.38,
2007-01-01,92,Mideast,,,,,,3077936798,3077936798,1.6,
2007-01-01,93,Great Lakes,,,,,,2450466500,2450466500,1.01,
2007-01-01,94,Plains,,,,,,1071799659,1071799659,2.29,
2007-01-01,95,Southeast,,,,,,3752274330,3752274330,0.7,
2007-01-01,96,Southwest,,,,,,1832803433,1832803433,4.46,
2007-01-01,97,Rocky Mountain,,,,,,555985280,555985280,4.27,
2007-01-01,98,Far West,,,,,,3026963051,3026963051,2.71,
2006-12-01,01,Alabama,AL,3.8,-0.4,2005500,1.1,,,1.36,
2006-12-01,02,Alaska,AK,6.3,-0.7,316200,1.67,,,7.07,
2006-12-01,04,Arizona,AZ,4,-0.5,2664200,3.59,,,4.45,
2006-12-01,05,Arkansas,AR,5.3,0.1,1199800,1.05,,,2.17,
2006-12-01,10,Delaware,DE,3.3,-0.7,439500,0.64,,,3.06,
2006-12-01,11,District of Columbia,DC,5.7,-0.1,690500,0.45,,,-0.03,
2006-12-01,12,Florida,FL,3.4,0.1,8034600,1.66,,,2.96,
2006-12-01,13,Georgia,GA,4.4,-0.6,4144600.0000000005,1.83,,,1.39,
2006-12-01,15,Hawaii,HI,2.3,-0.4,623500,2.16,,,2.67,
2006-12-01,16,Idaho,ID,3,-0.7,646000,3.46,,,2.37,
2006-12-01,17,Illinois,IL,4.5,-0.8,5952100,1.03,,,2.51,
2006-12-01,18,Indiana,IN,4.8,-0.4,2989400,0.45,,,2.02,
2006-12-01,19,Iowa,IA,3.7,-0.3,1514100,1.65,,,1.35,
2006-12-01,20,Kansas,KS,4.3,-0.5,1369800,2.06,,,5.05,
2006-12-01,21,Kentucky,KY,5.5,-0.6,1848100,1.35,,,2.37,
2006-12-01,22,Louisiana,LA,4.1,-2.3,1889200,4.72,,,-0.97,
2006-12-01,23,Maine,ME,4.7,-0.1,616900,0.62,,,0.67,
2006-12-01,24,Maryland,MD,3.7,-0.1,2618400,1.21,,,1.3,
2006-12-01,25,Massachusetts,MA,4.6,-0.2,3286600,1.28,,,2.36,
2006-12-01,26,Michigan,MI,7,0.3,4298200,-1.8,,,-2.03,
2006-12-01,27,Minnesota,MN,4.3,0.1,2760700,0.52,,,0.17,
2006-12-01,28,Mississippi,MS,6.4,-1.2,1152000,2.1,,,2.11,
2006-12-01,29,Missouri,MO,4.9,-0.1,2803600,1.54,,,0.43,
2006-12-01,30,Montana,MT,3,-0.7,437800,2.84,,,3.1,
2006-12-01,31,Nebraska,NE,2.9,-0.6,951600,1.42,,,2.93,
2006-12-01,32,Nevada,NV,4.2,0.1,1288400,2.72,,,3.73,
2006-12-01,33,New Hampshire,NH,3.7,0.1,643600,0.7,,,2.69,
2006-12-01,34,New Jersey,NJ,4.2,-0.6,4083500,0.67,,,1.62,
2006-12-01,35,New Mexico,NM,3.8,-0.9,837700,2.38,,,2.62,
2006-12-01,36,New York,NY,4.2,-0.6,8666600,1.25,,,2.93,
2006-12-01,37,North Carolina,NC,4.7,-0.2,4096200,3.89,,,6.41,
2006-12-01,38,North Dakota,ND,3.1,-0.1,356100,2.45,,,4.33,
2006-12-01,39,Ohio,OH,5.5,-0.1,5425300,-0.23,,,-0.38,
2006-12-01,40,Oklahoma,OK,4.1,0,1578000,1.92,,,6.42,
2006-12-01,41,Oregon,OR,5.2,-0.5,1724300,2.49,,,5.03,
2006-12-01,42,Pennsylvania,PA,4.6,-0.2,5782600,1.09,,,0.05,
2006-12-01,44,Rhode Island,RI,4.9,-0.5,499000,0.97,,,2.74,
2006-12-01,45,South Carolina,SC,6,-0.7,1934100,3.12,,,2.25,
2006-12-01,46,South Dakota,SD,3,-0.3,402300,2.29,,,1.6,
2006-12-01,47,Tennessee,TN,4.7,-0.7,2794600,1.03,,,2.28,
2006-12-01,48,Texas,TX,4.5,-0.9,10247000,3.28,,,7.15,
2006-12-01,49,Utah,UT,2.4,-1.1,1228000,4.81,,,7.69,
2006-12-01,50,Vermont,VT,3.8,0.2,308200,0.29,,,0.47,
2006-12-01,51,Virginia,VA,3,-0.3,3750200,1.35,,,2.08,
2006-12-01,53,Washington,WA,4.8,-0.4,2925000,2.36,,,3.84,
2006-12-01,54,West Virginia,WV,4.7,-0.1,724100,0.88,,,1.49,
2006-12-01,55,Wisconsin,WI,4.8,0.1,2865600,0.53,,,1.8,
2006-12-01,56,Wyoming,WY,2.8,-0.6,283900,5.46,,,12.91,
2006-11-01,01,Alabama,AL,3.8,-0.4,2000600,0.99,,,1.36,
2006-11-01,02,Alaska,AK,6.4,-0.6,315800,1.25,,,7.07,
2006-11-01,04,Arizona,AZ,4.1,-0.5,2659400,3.86,,,4.45,
2006-11-01,05,Arkansas,AR,5.3,0,1198400,1.03,,,2.17,
2006-11-01,10,Delaware,DE,3.4,-0.7,437900,-0.02,,,3.06,
2006-11-01,11,District of Columbia,DC,5.8,0,689600,0.58,,,-0.03,
2006-11-01,12,Florida,FL,3.4,0,8026400,1.82,,,2.96,
2006-11-01,13,Georgia,GA,4.5,-0.6,4137700,1.78,,,1.39,
2006-11-01,15,Hawaii,HI,2.3,-0.5,622700,2.79,,,2.67,
2006-11-01,16,Idaho,ID,3.1,-0.6,644600,3.73,,,2.37,
2006-11-01,17,Illinois,IL,4.4,-1,5943600,0.94,,,2.51,
2006-11-01,18,Indiana,IN,4.9,-0.4,2981100,0.22,,,2.02,
2006-11-01,19,Iowa,IA,3.7,-0.4,1509000,1.4,,,1.35,
2006-11-01,20,Kansas,KS,4.3,-0.5,1360900,1.51,,,5.05,
2006-11-01,21,Kentucky,KY,5.6,-0.5,1837800,0.72,,,2.37,
2006-11-01,22,Louisiana,LA,4.1,-7.5,1881300,4.92,,,-0.97,
2006-11-01,23,Maine,ME,4.8,-0.1,615500,0.54,,,0.67,
2006-11-01,24,Maryland,MD,3.8,-0.1,2612800,1.02,,,1.3,
2006-11-01,25,Massachusetts,MA,4.7,-0.1,3279700,1.16,,,2.36,
2006-11-01,26,Michigan,MI,7,0.4,4297500,-1.98,,,-2.03,
2006-11-01,27,Minnesota,MN,4.3,0.2,2753900,0.43,,,0.17,
2006-11-01,28,Mississippi,MS,6.3,-2.4,1150900,1.59,,,2.11,
2006-11-01,29,Missouri,MO,4.9,-0.2,2794700,1.33,,,0.43,
2006-11-01,30,Montana,MT,3.1,-0.7,435800,2.35,,,3.1,
2006-11-01,31,Nebraska,NE,3,-0.5,949900,1.21,,,2.93,
2006-11-01,32,Nevada,NV,4.2,0.1,1284400,2.9,,,3.73,
2006-11-01,33,New Hampshire,NH,3.7,0.1,641500,0.63,,,2.69,
2006-11-01,34,New Jersey,NJ,4.3,-0.4,4077100,0.52,,,1.62,
2006-11-01,35,New Mexico,NM,3.9,-0.9,836100,2.33,,,2.62,
2006-11-01,36,New York,NY,4.2,-0.7,8646300,1.2,,,2.93,
2006-11-01,37,North Carolina,NC,4.8,-0.2,4088100,3.83,,,6.41,
2006-11-01,38,North Dakota,ND,3.1,-0.1,354500,2.28,,,4.33,
2006-11-01,39,Ohio,OH,5.5,-0.2,5419700,-0.33,,,-0.38,
2006-11-01,40,Oklahoma,OK,4,-0.2,1572200,1.73,,,6.42,
2006-11-01,41,Oregon,OR,5.3,-0.5,1721000,2.63,,,5.03,
2006-11-01,42,Pennsylvania,PA,4.6,-0.3,5772300,0.9,,,0.05,
2006-11-01,44,Rhode Island,RI,5,-0.4,498200,0.75,,,2.74,
2006-11-01,45,South Carolina,SC,6.1,-0.6,1923800,2.19,,,2.25,
2006-11-01,46,South Dakota,SD,3,-0.3,400900,2.14,,,1.6,
2006-11-01,47,Tennessee,TN,4.8,-0.6,2789600,0.83,,,2.28,
2006-11-01,48,Texas,TX,4.6,-0.8,10211500,3.12,,,7.15,
2006-11-01,49,Utah,UT,2.5,-1.1,1223200,4.73,,,7.69,
2006-11-01,50,Vermont,VT,3.9,0.3,309400,1.14,,,0.47,
2006-11-01,51,Virginia,VA,3.1,-0.2,3743300,1.3,,,2.08,
2006-11-01,53,Washington,WA,4.9,-0.4,2917200,2.49,,,3.84,
2006-11-01,54,West Virginia,WV,4.8,-0.1,723600,1.09,,,1.49,
2006-11-01,55,Wisconsin,WI,4.8,0.1,2863400,0.63,,,1.8,
2006-11-01,56,Wyoming,WY,2.9,-0.6,281100,4.77,,,12.91,
2006-10-01,01,Alabama,AL,3.9,-0.3,1999000,1.19,,,1.36,
2006-10-01,02,Alaska,AK,6.4,-0.6,313600,0.87,,,7.07,
2006-10-01,04,Arizona,AZ,4.1,-0.5,2660600,4.4,,,4.45,
2006-10-01,05,Arkansas,AR,5.3,0,1199200,1.45,,,2.17,
2006-10-01,10,Delaware,DE,3.4,-0.8,437600,0.74,,,3.06,
2006-10-01,11,District of Columbia,DC,5.8,-0.1,689400,1.04,,,-0.03,
2006-10-01,12,Florida,FL,3.3,-0.1,8018400,1.84,,,2.96,
2006-10-01,13,Georgia,GA,4.5,-0.7,4133700,2,,,1.39,
2006-10-01,15,Hawaii,HI,2.3,-0.5,619200,1.96,,,2.67,
2006-10-01,16,Idaho,ID,3.2,-0.6,642700,4,,,2.37,
2006-10-01,17,Illinois,IL,4.4,-1.1,5939700,1.01,,,2.51,
2006-10-01,18,Indiana,IN,5,-0.4,2981400,0.29,,,2.02,
2006-10-01,19,Iowa,IA,3.7,-0.5,1508400,1.41,,,1.35,
2006-10-01,20,Kansas,KS,4.3,-0.6,1362200,1.87,,,5.05,
2006-10-01,21,Kentucky,KY,5.7,-0.4,1836500,0.86,,,2.37,
2006-10-01,22,Louisiana,LA,4,-7.5,1877600,5.8,,,-0.97,
2006-10-01,23,Maine,ME,4.8,-0.1,614800,0.54,,,0.67,
2006-10-01,24,Maryland,MD,3.9,-0.1,2609600,1.08,,,1.3,
2006-10-01,25,Massachusetts,MA,4.7,-0.1,3277100,1.32,,,2.36,
2006-10-01,26,Michigan,MI,7,0.5,4295800,-2.01,,,-2.03,
2006-10-01,27,Minnesota,MN,4.2,0.1,2749600,0.42,,,0.17,
2006-10-01,28,Mississippi,MS,6.3,-2.8,1149400,2.26,,,2.11,
2006-10-01,29,Missouri,MO,5,-0.1,2788900,1.3,,,0.43,
2006-10-01,30,Montana,MT,3.2,-0.7,434900,2.43,,,3.1,
2006-10-01,31,Nebraska,NE,3,-0.6,947700,1.09,,,2.93,
2006-10-01,32,Nevada,NV,4.2,0.1,1282600,3.34,,,3.73,
2006-10-01,33,New Hampshire,NH,3.6,-0.1,642200,0.94,,,2.69,
2006-10-01,34,New Jersey,NJ,4.4,-0.2,4074800,0.68,,,1.62,
2006-10-01,35,New Mexico,NM,4,-0.9,833400,2.5,,,2.62,
2006-10-01,36,New York,NY,4.3,-0.6,8627100,1.15,,,2.93,
2006-10-01,37,North Carolina,NC,4.8,-0.3,4071300,3.62,,,6.41,
2006-10-01,38,North Dakota,ND,3.1,-0.2,353600,2.29,,,4.33,
2006-10-01,39,Ohio,OH,5.5,-0.3,5423200,-0.2,,,-0.38,
2006-10-01,40,Oklahoma,OK,4,-0.3,1571600,2.18,,,6.42,
2006-10-01,41,Oregon,OR,5.3,-0.6,1716900,2.93,,,5.03,
2006-10-01,42,Pennsylvania,PA,4.7,-0.2,5769200,0.98,,,0.05,
2006-10-01,44,Rhode Island,RI,5.1,-0.3,498000,0.77,,,2.74,
2006-10-01,45,South Carolina,SC,6.1,-0.7,1924200,2.51,,,2.25,
2006-10-01,46,South Dakota,SD,3,-0.4,399800,2.25,,,1.6,
2006-10-01,47,Tennessee,TN,5,-0.4,2788500,0.94,,,2.28,
2006-10-01,48,Texas,TX,4.7,-0.8,10184300,3.35,,,7.15,
2006-10-01,49,Utah,UT,2.5,-1.2,1215100,4.54,,,7.69,
2006-10-01,50,Vermont,VT,3.9,0.3,308600,1.01,,,0.47,
2006-10-01,51,Virginia,VA,3.1,-0.3,3738800,1.37,,,2.08,
2006-10-01,53,Washington,WA,5,-0.5,2912700,2.68,,,3.84,
2006-10-01,54,West Virginia,WV,4.8,-0.2,722000,1.19,,,1.49,
2006-10-01,55,Wisconsin,WI,4.8,0.1,2862200,0.69,,,1.8,
2006-10-01,56,Wyoming,WY,3,-0.5,280100,4.75,,,12.91,
2006-09-01,01,Alabama,AL,3.9,-0.3,2002200,1.66,,,1.36,
2006-09-01,02,Alaska,AK,6.5,-0.4,315400,1.48,,,7.07,
2006-09-01,04,Arizona,AZ,4.2,-0.5,2658700,4.36,,,4.45,
2006-09-01,05,Arkansas,AR,5.3,0,1199700,1.49,,,2.17,
2006-09-01,10,Delaware,DE,3.5,-0.7,436900,0.48,,,3.06,
2006-09-01,11,District of Columbia,DC,5.9,-0.1,688300,0.89,,,-0.03,
2006-09-01,12,Florida,FL,3.3,-0.2,8023600,1.89,,,2.96,
2006-09-01,13,Georgia,GA,4.6,-0.7,4115800,1.6,,,1.39,
2006-09-01,15,Hawaii,HI,2.4,-0.4,623200,2.65,,,2.67,
2006-09-01,16,Idaho,ID,3.3,-0.6,643000,4.1,,,2.37,
2006-09-01,17,Illinois,IL,4.4,-1.2,5948000,1.06,,,2.51,
2006-09-01,18,Indiana,IN,5,-0.4,2977100,0.26,,,2.02,
2006-09-01,19,Iowa,IA,3.7,-0.5,1507500,1.28,,,1.35,
2006-09-01,20,Kansas,KS,4.3,-0.6,1362000,1.92,,,5.05,
2006-09-01,21,Kentucky,KY,5.7,-0.3,1837900,0.86,,,2.37,
2006-09-01,22,Louisiana,LA,4,-7.7,1877100,2.79,,,-0.97,
2006-09-01,23,Maine,ME,4.8,-0.1,614500,0.31,,,0.67,
2006-09-01,24,Maryland,MD,3.9,-0.1,2607800,0.8,,,1.3,
2006-09-01,25,Massachusetts,MA,4.7,-0.1,3274100,1.02,,,2.36,
2006-09-01,26,Michigan,MI,7,0.5,4313600,-1.89,,,-2.03,
2006-09-01,27,Minnesota,MN,4.1,0.1,2756900,0.72,,,0.17,
2006-09-01,28,Mississippi,MS,6.3,-3.6,1148800,2.9,,,2.11,
2006-09-01,29,Missouri,MO,5,-0.1,2787300,1.23,,,0.43,
2006-09-01,30,Montana,MT,3.3,-0.7,434100,2.6,,,3.1,
2006-09-01,31,Nebraska,NE,3,-0.7,948600,1.25,,,2.93,
2006-09-01,32,Nevada,NV,4.2,0,1285600,3.71,,,3.73,
2006-09-01,33,New Hampshire,NH,3.6,-0.1,641800,0.74,,,2.69,
2006-09-01,34,New Jersey,NJ,4.6,0.1,4073500,0.49,,,1.62,
2006-09-01,35,New Mexico,NM,4.1,-0.9,835700,2.84,,,2.62,
2006-09-01,36,New York,NY,4.4,-0.6,8617000,0.76,,,2.93,
2006-09-01,37,North Carolina,NC,4.8,-0.4,4051600,3.17,,,6.41,
2006-09-01,38,North Dakota,ND,3.2,-0.1,354000,2.08,,,4.33,
2006-09-01,39,Ohio,OH,5.5,-0.3,5429900,-0.16,,,-0.38,
2006-09-01,40,Oklahoma,OK,3.9,-0.4,1573400,2.62,,,6.42,
2006-09-01,41,Oregon,OR,5.3,-0.7,1714200,2.84,,,5.03,
2006-09-01,42,Pennsylvania,PA,4.7,-0.2,5764600,0.79,,,0.05,
2006-09-01,44,Rhode Island,RI,5.2,-0.2,498200,0.46,,,2.74,
2006-09-01,45,South Carolina,SC,6.2,-0.6,1908400,1.81,,,2.25,
2006-09-01,46,South Dakota,SD,3.1,-0.3,399600,1.94,,,1.6,
2006-09-01,47,Tennessee,TN,5.1,-0.3,2797700,1.2,,,2.28,
2006-09-01,48,Texas,TX,4.8,-0.6,10173800,3.38,,,7.15,
2006-09-01,49,Utah,UT,2.6,-1.2,1214300,4.66,,,7.69,
2006-09-01,50,Vermont,VT,3.8,0.3,308600,0.78,,,0.47,
2006-09-01,51,Virginia,VA,3.1,-0.4,3736800,1.14,,,2.08,
2006-09-01,53,Washington,WA,5,-0.5,2911300,3.33,,,3.84,
2006-09-01,54,West Virginia,WV,4.9,-0.2,722100,0.91,,,1.49,
2006-09-01,55,Wisconsin,WI,4.7,0,2865000,0.63,,,1.8,
2006-09-01,56,Wyoming,WY,3,-0.6,279800,4.99,,,12.91,
2006-08-01,01,Alabama,AL,4,-0.2,2000400,1.72,,,1.36,
2006-08-01,02,Alaska,AK,6.5,-0.4,315000,1.29,,,7.07,
2006-08-01,04,Arizona,AZ,4.3,-0.4,2651800,4.64,,,4.45,
2006-08-01,05,Arkansas,AR,5.3,0,1198900,1.67,,,2.17,
2006-08-01,10,Delaware,DE,3.6,-0.6,436700,0.74,,,3.06,
2006-08-01,11,District of Columbia,DC,5.9,-0.2,687000,0.7,,,-0.03,
2006-08-01,12,Florida,FL,3.3,-0.3,8016000,2.27,,,2.96,
2006-08-01,13,Georgia,GA,4.6,-0.7,4113300,1.65,,,1.39,
2006-08-01,15,Hawaii,HI,2.5,-0.3,621600,2.3,,,2.67,
2006-08-01,16,Idaho,ID,3.3,-0.7,642000,4.56,,,2.37,
2006-08-01,17,Illinois,IL,4.4,-1.3,5944900,1.1,,,2.51,
2006-08-01,18,Indiana,IN,5.1,-0.3,2974800,0.62,,,2.02,
2006-08-01,19,Iowa,IA,3.7,-0.5,1504100,1.33,,,1.35,
2006-08-01,20,Kansas,KS,4.3,-0.6,1354200,1.77,,,5.05,
2006-08-01,21,Kentucky,KY,5.7,-0.2,1837700,0.87,,,2.37,
2006-08-01,22,Louisiana,LA,4,-1.3,1865800,-4.57,,,-0.97,
2006-08-01,23,Maine,ME,4.8,-0.1,616100,0.62,,,0.67,
2006-08-01,24,Maryland,MD,4,-0.1,2604700,1.01,,,1.3,
2006-08-01,25,Massachusetts,MA,4.7,0,3271500,1.09,,,2.36,
2006-08-01,26,Michigan,MI,7,0.5,4310000,-1.67,,,-2.03,
2006-08-01,27,Minnesota,MN,4,0,2755900,0.85,,,0.17,
2006-08-01,28,Mississippi,MS,6.3,-0.9,1146900,0.84,,,2.11,
2006-08-01,29,Missouri,MO,4.9,-0.3,2785200,0.95,,,0.43,
2006-08-01,30,Montana,MT,3.4,-0.7,434900,3.33,,,3.1,
2006-08-01,31,Nebraska,NE,3,-0.7,946000,1.11,,,2.93,
2006-08-01,32,Nevada,NV,4.2,0,1285700,4.39,,,3.73,
2006-08-01,33,New Hampshire,NH,3.5,-0.2,641300,1.02,,,2.69,
2006-08-01,34,New Jersey,NJ,4.7,0.3,4078000,0.66,,,1.62,
2006-08-01,35,New Mexico,NM,4.2,-0.9,833200,2.72,,,2.62,
2006-08-01,36,New York,NY,4.4,-0.6,8603000,0.71,,,2.93,
2006-08-01,37,North Carolina,NC,4.8,-0.4,4049600,3.5,,,6.41,
2006-08-01,38,North Dakota,ND,3.1,-0.2,353000,2.05,,,4.33,
2006-08-01,39,Ohio,OH,5.5,-0.3,5431500,0.01,,,-0.38,
2006-08-01,40,Oklahoma,OK,3.9,-0.4,1572100,2.72,,,6.42,
2006-08-01,41,Oregon,OR,5.4,-0.7,1710700,2.92,,,5.03,
2006-08-01,42,Pennsylvania,PA,4.8,-0.1,5759100,0.8,,,0.05,
2006-08-01,44,Rhode Island,RI,5.3,0,496200,,,,2.74,
2006-08-01,45,South Carolina,SC,6.3,-0.4,1901400,1.32,,,2.25,
2006-08-01,46,South Dakota,SD,3,-0.4,399700,2.3,,,1.6,
2006-08-01,47,Tennessee,TN,5.2,-0.2,2797800,1.55,,,2.28,
2006-08-01,48,Texas,TX,4.9,-0.5,10139300,3.32,,,7.15,
2006-08-01,49,Utah,UT,2.7,-1.2,1212100,4.82,,,7.69,
2006-08-01,50,Vermont,VT,3.8,0.3,308000,0.42,,,0.47,
2006-08-01,51,Virginia,VA,3.1,-0.4,3739600,1.56,,,2.08,
2006-08-01,53,Washington,WA,5.1,-0.5,2904600,2.82,,,3.84,
2006-08-01,54,West Virginia,WV,4.9,-0.2,720700,0.83,,,1.49,
2006-08-01,55,Wisconsin,WI,4.7,0,2861100,0.76,,,1.8,
2006-08-01,56,Wyoming,WY,3,-0.6,279100,5,,,12.91,
2006-07-01,01,Alabama,AL,4,-0.3,1996800,1.72,,,1.36,
2006-07-01,02,Alaska,AK,6.6,-0.2,314500,1.22,,,7.07,
2006-07-01,04,Arizona,AZ,4.3,-0.4,2645200,4.8,,,4.45,
2006-07-01,05,Arkansas,AR,5.3,0.1,1198300,1.73,,,2.17,
2006-07-01,10,Delaware,DE,3.6,-0.6,436100,0.93,,,3.06,
2006-07-01,11,District of Columbia,DC,5.9,-0.3,687200,0.94,,,-0.03,
2006-07-01,12,Florida,FL,3.3,-0.3,7998300,2.35,,,2.96,
2006-07-01,13,Georgia,GA,4.7,-0.6,4106399.9999999995,1.88,,,1.39,
2006-07-01,15,Hawaii,HI,2.6,-0.2,618500,2.21,,,2.67,
2006-07-01,16,Idaho,ID,3.4,-0.6,640300,4.61,,,2.37,
2006-07-01,17,Illinois,IL,4.5,-1.2,5935700,1.03,,,2.51,
2006-07-01,18,Indiana,IN,5.1,-0.2,2971500,0.41,,,2.02,
2006-07-01,19,Iowa,IA,3.7,-0.5,1503400,1.31,,,1.35,
2006-07-01,20,Kansas,KS,4.4,-0.6,1346000,1.3,,,5.05,
2006-07-01,21,Kentucky,KY,5.7,-0.1,1829000,0.86,,,2.37,
2006-07-01,22,Louisiana,LA,4,-1.3,1852900,-5.21,,,-0.97,
2006-07-01,23,Maine,ME,4.8,-0.1,613700,0.23,,,0.67,
2006-07-01,24,Maryland,MD,4,-0.1,2602700,1.08,,,1.3,
2006-07-01,25,Massachusetts,MA,4.7,0,3269800,1.07,,,2.36,
2006-07-01,26,Michigan,MI,6.9,0.3,4306700,-1.76,,,-2.03,
2006-07-01,27,Minnesota,MN,3.9,-0.1,2757000,1.05,,,0.17,
2006-07-01,28,Mississippi,MS,6.3,-0.9,1139300,0.2,,,2.11,
2006-07-01,29,Missouri,MO,4.9,-0.3,2782500,1.21,,,0.43,
2006-07-01,30,Montana,MT,3.4,-0.7,439900,4.24,,,3.1,
2006-07-01,31,Nebraska,NE,3,-0.7,945500,1,,,2.93,
2006-07-01,32,Nevada,NV,4.2,0,1282200,4.41,,,3.73,
2006-07-01,33,New Hampshire,NH,3.5,-0.1,641800,1.04,,,2.69,
2006-07-01,34,New Jersey,NJ,4.8,0.5,4073500,0.59,,,1.62,
2006-07-01,35,New Mexico,NM,4.3,-0.9,832500,2.8,,,2.62,
2006-07-01,36,New York,NY,4.5,-0.4,8599200,0.79,,,2.93,
2006-07-01,37,North Carolina,NC,4.8,-0.4,4044300,3.6,,,6.41,
2006-07-01,38,North Dakota,ND,3.1,-0.2,351500,1.8,,,4.33,
2006-07-01,39,Ohio,OH,5.5,-0.3,5430100,-0.04,,,-0.38,
2006-07-01,40,Oklahoma,OK,3.9,-0.4,1566400,2.59,,,6.42,
2006-07-01,41,Oregon,OR,5.4,-0.8,1709000,2.95,,,5.03,
2006-07-01,42,Pennsylvania,PA,4.8,-0.1,5754800,0.69,,,0.05,
2006-07-01,44,Rhode Island,RI,5.3,0.1,495200,-0.2,,,2.74,
2006-07-01,45,South Carolina,SC,6.4,-0.3,1897600,1.5,,,2.25,
2006-07-01,46,South Dakota,SD,3,-0.5,398300,2.08,,,1.6,
2006-07-01,47,Tennessee,TN,5.4,0,2794300,1.42,,,2.28,
2006-07-01,48,Texas,TX,5,-0.3,10094500,3.03,,,7.15,
2006-07-01,49,Utah,UT,2.8,-1.2,1207200,4.89,,,7.69,
2006-07-01,50,Vermont,VT,3.7,0.2,307600,0.42,,,0.47,
2006-07-01,51,Virginia,VA,3.1,-0.4,3736400,1.66,,,2.08,
2006-07-01,53,Washington,WA,5.1,-0.5,2893500,2.68,,,3.84,
2006-07-01,54,West Virginia,WV,4.9,-0.1,718800,0.6,,,1.49,
2006-07-01,55,Wisconsin,WI,4.7,0,2860000,0.81,,,1.8,
2006-07-01,56,Wyoming,WY,3,-0.6,277700,4.99,,,12.91,
2006-06-01,01,Alabama,AL,4.1,-0.3,1997900,2.19,,,1.36,
2006-06-01,02,Alaska,AK,6.7,-0.1,318400,3.21,,,7.07,
2006-06-01,04,Arizona,AZ,4.4,-0.3,2646000,5.49,,,4.45,
2006-06-01,05,Arkansas,AR,5.3,0.1,1201500,2.19,,,2.17,
2006-06-01,10,Delaware,DE,3.6,-0.5,437500,1.86,,,3.06,
2006-06-01,11,District of Columbia,DC,5.9,-0.5,688300,0.97,,,-0.03,
2006-06-01,12,Florida,FL,3.3,-0.4,7995100,2.99,,,2.96,
2006-06-01,13,Georgia,GA,4.7,-0.6,4111000,2.36,,,1.39,
2006-06-01,15,Hawaii,HI,2.7,-0.1,619200,2.77,,,2.67,
2006-06-01,16,Idaho,ID,3.4,-0.7,638500,5.19,,,2.37,
2006-06-01,17,Illinois,IL,4.5,-1.3,5938500,1.66,,,2.51,
2006-06-01,18,Indiana,IN,5.1,-0.2,2983800,0.94,,,2.02,
2006-06-01,19,Iowa,IA,3.6,-0.6,1507500,1.84,,,1.35,
2006-06-01,20,Kansas,KS,4.4,-0.7,1358200,1.8,,,5.05,
2006-06-01,21,Kentucky,KY,5.7,-0.1,1835000,1.14,,,2.37,
2006-06-01,22,Louisiana,LA,4,-1.4,1855000,-4.76,,,-0.97,
2006-06-01,23,Maine,ME,4.7,-0.2,614800,0.65,,,0.67,
2006-06-01,24,Maryland,MD,4,-0.2,2605200,1.53,,,1.3,
2006-06-01,25,Massachusetts,MA,4.7,0,3266800,1.22,,,2.36,
2006-06-01,26,Michigan,MI,6.8,0.1,4341600,-1.01,,,-2.03,
2006-06-01,27,Minnesota,MN,3.9,-0.1,2759200,1.51,,,0.17,
2006-06-01,28,Mississippi,MS,6.3,-0.9,1144500,0.91,,,2.11,
2006-06-01,29,Missouri,MO,4.8,-0.6,2783200,1.53,,,0.43,
2006-06-01,30,Montana,MT,3.4,-0.7,437200,4.37,,,3.1,
2006-06-01,31,Nebraska,NE,3,-0.8,946100,1.36,,,2.93,
2006-06-01,32,Nevada,NV,4.2,0,1283400,5.25,,,3.73,
2006-06-01,33,New Hampshire,NH,3.5,-0.1,640400,1.2,,,2.69,
2006-06-01,34,New Jersey,NJ,4.9,0.6,4073600,0.68,,,1.62,
2006-06-01,35,New Mexico,NM,4.3,-1,833900,3.53,,,2.62,
2006-06-01,36,New York,NY,4.6,-0.3,8600100,1.02,,,2.93,
2006-06-01,37,North Carolina,NC,4.7,-0.6,4025200,3.53,,,6.41,
2006-06-01,38,North Dakota,ND,3.1,-0.2,352300,2.12,,,4.33,
2006-06-01,39,Ohio,OH,5.4,-0.4,5442200,0.4,,,-0.38,
2006-06-01,40,Oklahoma,OK,3.8,-0.5,1566300,2.98,,,6.42,
2006-06-01,41,Oregon,OR,5.4,-0.8,1707100,3.34,,,5.03,
2006-06-01,42,Pennsylvania,PA,4.8,-0.2,5755100,0.94,,,0.05,
2006-06-01,44,Rhode Island,RI,5.4,0.3,496700,0.36,,,2.74,
2006-06-01,45,South Carolina,SC,6.5,-0.2,1888900,2.12,,,2.25,
2006-06-01,46,South Dakota,SD,3,-0.5,397700,2.29,,,1.6,
2006-06-01,47,Tennessee,TN,5.4,0,2796000,1.82,,,2.28,
2006-06-01,48,Texas,TX,5.1,-0.2,10087400,3.63,,,7.15,
2006-06-01,49,Utah,UT,2.9,-1.2,1204300,5.42,,,7.69,
2006-06-01,50,Vermont,VT,3.7,0.3,307900,1.05,,,0.47,
2006-06-01,51,Virginia,VA,3.1,-0.4,3736900,2.14,,,2.08,
2006-06-01,53,Washington,WA,5,-0.6,2898100,3.33,,,3.84,
2006-06-01,54,West Virginia,WV,4.9,-0.1,722400,1.38,,,1.49,
2006-06-01,55,Wisconsin,WI,4.7,0,2863200,1.23,,,1.8,
2006-06-01,56,Wyoming,WY,3.1,-0.5,277900,5.95,,,12.91,
2006-05-01,01,Alabama,AL,4.1,-0.4,1993100,1.89,,,1.36,
2006-05-01,02,Alaska,AK,6.7,-0.1,315100,1.94,,,7.07,
2006-05-01,04,Arizona,AZ,4.4,-0.3,2635800,5.48,,,4.45,
2006-05-01,05,Arkansas,AR,5.2,0,1199000,2.11,,,2.17,
2006-05-01,10,Delaware,DE,3.6,-0.5,438000,1.46,,,3.06,
2006-05-01,11,District of Columbia,DC,5.9,-0.8,685500,0.42,,,-0.03,
2006-05-01,12,Florida,FL,3.2,-0.6,7977200,2.87,,,2.96,
2006-05-01,13,Georgia,GA,4.7,-0.7,4106399.9999999995,2.1,,,1.39,
2006-05-01,15,Hawaii,HI,2.8,0,616900,2.65,,,2.67,
2006-05-01,16,Idaho,ID,3.5,-0.6,636600,5.03,,,2.37,
2006-05-01,17,Illinois,IL,4.6,-1.3,5920900,1.13,,,2.51,
2006-05-01,18,Indiana,IN,5.1,-0.3,2974300,0.64,,,2.02,
2006-05-01,19,Iowa,IA,3.6,-0.7,1504100,1.67,,,1.35,
2006-05-01,20,Kansas,KS,4.4,-0.8,1352800,1.39,,,5.05,
2006-05-01,21,Kentucky,KY,5.7,-0.1,1835600,1.3,,,2.37,
2006-05-01,22,Louisiana,LA,4.1,-1.3,1849000,-4.94,,,-0.97,
2006-05-01,23,Maine,ME,4.6,-0.3,614600,0.46,,,0.67,
2006-05-01,24,Maryland,MD,3.9,-0.4,2603600,1.43,,,1.3,
2006-05-01,25,Massachusetts,MA,4.7,-0.1,3259900,0.96,,,2.36,
2006-05-01,26,Michigan,MI,6.8,0,4340500,-1.4,,,-2.03,
2006-05-01,27,Minnesota,MN,3.9,-0.2,2751200,1.08,,,0.17,
2006-05-01,28,Mississippi,MS,6.3,-0.8,1141200,0.56,,,2.11,
2006-05-01,29,Missouri,MO,4.8,-0.7,2781200,1.43,,,0.43,
2006-05-01,30,Montana,MT,3.5,-0.7,433700,3.95,,,3.1,
2006-05-01,31,Nebraska,NE,3,-0.9,942800,1.15,,,2.93,
2006-05-01,32,Nevada,NV,4.2,0,1279500,5.28,,,3.73,
2006-05-01,33,New Hampshire,NH,3.4,-0.2,639100,0.92,,,2.69,
2006-05-01,34,New Jersey,NJ,4.9,0.6,4072900,0.75,,,1.62,
2006-05-01,35,New Mexico,NM,4.3,-1.1,830700,3.09,,,2.62,
2006-05-01,36,New York,NY,4.6,-0.3,8592400,0.96,,,2.93,
2006-05-01,37,North Carolina,NC,4.7,-0.6,4017700,3.22,,,6.41,
2006-05-01,38,North Dakota,ND,3.1,-0.3,352000,2.03,,,4.33,
2006-05-01,39,Ohio,OH,5.3,-0.6,5441500,0.22,,,-0.38,
2006-05-01,40,Oklahoma,OK,3.8,-0.5,1562200,2.74,,,6.42,
2006-05-01,41,Oregon,OR,5.4,-0.9,1704200,3.38,,,5.03,
2006-05-01,42,Pennsylvania,PA,4.8,-0.2,5754700,0.96,,,0.05,
2006-05-01,44,Rhode Island,RI,5.4,0.4,495900,0.38,,,2.74,
2006-05-01,45,South Carolina,SC,6.5,-0.2,1907700,2.61,,,2.25,
2006-05-01,46,South Dakota,SD,2.9,-0.7,397100,2.21,,,1.6,
2006-05-01,47,Tennessee,TN,5.4,-0.1,2788300,1.64,,,2.28,
2006-05-01,48,Texas,TX,5.2,-0.2,10058300,3.42,,,7.15,
2006-05-01,49,Utah,UT,3,-1.2,1197400,5.02,,,7.69,
2006-05-01,50,Vermont,VT,3.6,0.2,307200,0.56,,,0.47,
2006-05-01,51,Virginia,VA,3,-0.5,3730000,2.02,,,2.08,
2006-05-01,53,Washington,WA,5,-0.6,2886600,2.93,,,3.84,
2006-05-01,54,West Virginia,WV,4.8,-0.2,731000,2.63,,,1.49,
2006-05-01,55,Wisconsin,WI,4.6,-0.1,2855100,0.85,,,1.8,
2006-05-01,56,Wyoming,WY,3.1,-0.5,276600,5.45,,,12.91,
2006-04-01,01,Alabama,AL,4.1,-0.5,1993500,2.04,,,1.36,
2006-04-01,02,Alaska,AK,6.7,-0.2,315300,2.24,,,7.07,
2006-04-01,04,Arizona,AZ,4.3,-0.4,2627700,5.57,,,4.45,
2006-04-01,05,Arkansas,AR,5.2,0,1200600,2.34,,,2.17,
2006-04-01,10,Delaware,DE,3.6,-0.5,437200,1.39,,,3.06,
2006-04-01,11,District of Columbia,DC,5.8,-1.1,686300,0.76,,,-0.03,
2006-04-01,12,Florida,FL,3.2,-0.8,7960000,3.1,,,2.96,
2006-04-01,13,Georgia,GA,4.7,-0.7,4105700,2.38,,,1.39,
2006-04-01,15,Hawaii,HI,2.8,0,614800,2.55,,,2.67,
2006-04-01,16,Idaho,ID,3.6,-0.5,635600,4.9,,,2.37,
2006-04-01,17,Illinois,IL,4.7,-1.2,5920400,1.09,,,2.51,
2006-04-01,18,Indiana,IN,5,-0.4,2982600,0.73,,,2.02,
2006-04-01,19,Iowa,IA,3.6,-0.8,1503700,1.71,,,1.35,
2006-04-01,20,Kansas,KS,4.5,-0.8,1351100,1.3,,,5.05,
2006-04-01,21,Kentucky,KY,5.8,0.1,1835900,1.43,,,2.37,
2006-04-01,22,Louisiana,LA,4.1,-1.3,1840600,-5.3,,,-0.97,
2006-04-01,23,Maine,ME,4.6,-0.3,617000,0.77,,,0.67,
2006-04-01,24,Maryland,MD,3.8,-0.6,2604400,1.6,,,1.3,
2006-04-01,25,Massachusetts,MA,4.7,-0.1,3263800,1.13,,,2.36,
2006-04-01,26,Michigan,MI,6.8,-0.1,4358500,-1.05,,,-2.03,
2006-04-01,27,Minnesota,MN,3.9,-0.2,2756900,1.6,,,0.17,
2006-04-01,28,Mississippi,MS,6.3,-0.7,1139100,0.34,,,2.11,
2006-04-01,29,Missouri,MO,4.8,-0.9,2784800,1.51,,,0.43,
2006-04-01,30,Montana,MT,3.5,-0.7,433200,4.13,,,3.1,
2006-04-01,31,Nebraska,NE,3,-0.9,942500,1.05,,,2.93,
2006-04-01,32,Nevada,NV,4.1,-0.2,1276700,5.27,,,3.73,
2006-04-01,33,New Hampshire,NH,3.4,-0.2,641500,1.42,,,2.69,
2006-04-01,34,New Jersey,NJ,4.9,0.6,4074000,0.79,,,1.62,
2006-04-01,35,New Mexico,NM,4.4,-1.1,828900,2.98,,,2.62,
2006-04-01,36,New York,NY,4.6,-0.3,8588900,0.82,,,2.93,
2006-04-01,37,North Carolina,NC,4.6,-0.7,4013700,3.11,,,6.41,
2006-04-01,38,North Dakota,ND,3.1,-0.3,352300,2.12,,,4.33,
2006-04-01,39,Ohio,OH,5.3,-0.7,5448500,0.27,,,-0.38,
2006-04-01,40,Oklahoma,OK,3.8,-0.6,1556500,2.54,,,6.42,
2006-04-01,41,Oregon,OR,5.4,-0.9,1700000,3.22,,,5.03,
2006-04-01,42,Pennsylvania,PA,4.7,-0.4,5756400,1.02,,,0.05,
2006-04-01,44,Rhode Island,RI,5.4,0.5,498300,0.52,,,2.74,
2006-04-01,45,South Carolina,SC,6.5,-0.3,1909900,2.95,,,2.25,
2006-04-01,46,South Dakota,SD,2.9,-0.8,396400,1.93,,,1.6,
2006-04-01,47,Tennessee,TN,5.4,-0.2,2787000,1.7,,,2.28,
2006-04-01,48,Texas,TX,5.2,-0.3,10032500,3.29,,,7.15,
2006-04-01,49,Utah,UT,3.1,-1.2,1193100,4.9,,,7.69,
2006-04-01,50,Vermont,VT,3.5,0.1,307500,0.56,,,0.47,
2006-04-01,51,Virginia,VA,3,-0.6,3725200,2,,,2.08,
2006-04-01,53,Washington,WA,5,-0.7,2880000,2.96,,,3.84,
2006-04-01,54,West Virginia,WV,4.7,-0.4,721200,1.51,,,1.49,
2006-04-01,55,Wisconsin,WI,4.6,-0.1,2861400,0.87,,,1.8,
2006-04-01,56,Wyoming,WY,3.2,-0.4,275500,5.27,,,12.91,
2006-03-01,01,Alabama,AL,4.1,-0.7,1994200,2.59,,,1.36,
2006-03-01,02,Alaska,AK,6.8,-0.1,314300,2.05,,,7.07,
2006-03-01,04,Arizona,AZ,4.3,-0.3,2621300,6.29,,,4.45,
2006-03-01,05,Arkansas,AR,5.1,-0.2,1197000,2.13,,,2.17,
2006-03-01,10,Delaware,DE,3.7,-0.4,437300,1.96,,,3.06,
2006-03-01,11,District of Columbia,DC,5.8,-1.3,687500,1.04,,,-0.03,
2006-03-01,12,Florida,FL,3.2,-0.9,7952300,3.66,,,2.96,
2006-03-01,13,Georgia,GA,4.8,-0.6,4092700,3,,,1.39,
2006-03-01,15,Hawaii,HI,2.7,-0.2,614000,3.04,,,2.67,
2006-03-01,16,Idaho,ID,3.6,-0.6,632700,4.73,,,2.37,
2006-03-01,17,Illinois,IL,4.9,-1.1,5920900,1.49,,,2.51,
2006-03-01,18,Indiana,IN,5,-0.5,2986700,1.18,,,2.02,
2006-03-01,19,Iowa,IA,3.6,-0.9,1502300,1.77,,,1.35,
2006-03-01,20,Kansas,KS,4.5,-0.8,1351900,1.3,,,5.05,
2006-03-01,21,Kentucky,KY,5.8,0.1,1840600,1.93,,,2.37,
2006-03-01,22,Louisiana,LA,4.3,-1.2,1839000,-4.72,,,-0.97,
2006-03-01,23,Maine,ME,4.6,-0.3,615000,0.74,,,0.67,
2006-03-01,24,Maryland,MD,3.8,-0.6,2605100,2.15,,,1.3,
2006-03-01,25,Massachusetts,MA,4.7,-0.1,3259100,1.27,,,2.36,
2006-03-01,26,Michigan,MI,6.7,-0.3,4362200,-0.85,,,-2.03,
2006-03-01,27,Minnesota,MN,4,-0.2,2761600,2.52,,,0.17,
2006-03-01,28,Mississippi,MS,6.3,-0.7,1138000,0.26,,,2.11,
2006-03-01,29,Missouri,MO,4.8,-1,2781200,1.94,,,0.43,
2006-03-01,30,Montana,MT,3.5,-0.8,431200,3.23,,,3.1,
2006-03-01,31,Nebraska,NE,3.1,-0.9,943900,1.3,,,2.93,
2006-03-01,32,Nevada,NV,4.1,-0.2,1275000,6.18,,,3.73,
2006-03-01,33,New Hampshire,NH,3.4,-0.3,638500,1.4,,,2.69,
2006-03-01,34,New Jersey,NJ,4.9,0.6,4078500,1.34,,,1.62,
2006-03-01,35,New Mexico,NM,4.4,-1.2,828400,3.54,,,2.62,
2006-03-01,36,New York,NY,4.7,-0.3,8580300,1.14,,,2.93,
2006-03-01,37,North Carolina,NC,4.6,-0.7,3980500,2.39,,,6.41,
2006-03-01,38,North Dakota,ND,3.1,-0.3,351600,2.48,,,4.33,
2006-03-01,39,Ohio,OH,5.3,-0.8,5451500,0.67,,,-0.38,
2006-03-01,40,Oklahoma,OK,3.8,-0.6,1560900,3.28,,,6.42,
2006-03-01,41,Oregon,OR,5.5,-0.9,1695100,3.04,,,5.03,
2006-03-01,42,Pennsylvania,PA,4.7,-0.4,5748300,1.3,,,0.05,
2006-03-01,44,Rhode Island,RI,5.4,0.5,495100,0.34,,,2.74,
2006-03-01,45,South Carolina,SC,6.5,-0.4,1902200,2.88,,,2.25,
2006-03-01,46,South Dakota,SD,3,-0.7,396400,2.19,,,1.6,
2006-03-01,47,Tennessee,TN,5.4,-0.3,2782900,1.72,,,2.28,
2006-03-01,48,Texas,TX,5.2,-0.4,10018400,3.59,,,7.15,
2006-03-01,49,Utah,UT,3.2,-1.2,1188900,4.92,,,7.69,
2006-03-01,50,Vermont,VT,3.5,0.1,307800,0.85,,,0.47,
2006-03-01,51,Virginia,VA,3,-0.6,3727500,2.44,,,2.08,
2006-03-01,53,Washington,WA,4.9,-0.8,2876100,3.12,,,3.84,
2006-03-01,54,West Virginia,WV,4.6,-0.5,723500,2.2,,,1.49,
2006-03-01,55,Wisconsin,WI,4.6,-0.1,2855200,0.97,,,1.8,
2006-03-01,56,Wyoming,WY,3.2,-0.4,274300,5.06,,,12.91,
2006-02-01,01,Alabama,AL,4.1,-0.8,1988700,2.44,,,1.36,
2006-02-01,02,Alaska,AK,6.9,-0.1,312900,1.82,,,7.07,
2006-02-01,04,Arizona,AZ,4.4,-0.2,2608300,6.13,,,4.45,
2006-02-01,05,Arkansas,AR,5.1,-0.2,1195300,2.08,,,2.17,
2006-02-01,10,Delaware,DE,3.8,-0.3,437400,2.01,,,3.06,
2006-02-01,11,District of Columbia,DC,5.8,-1.5,686100,0.81,,,-0.03,
2006-02-01,12,Florida,FL,3.2,-1,7922100,3.28,,,2.96,
2006-02-01,13,Georgia,GA,4.8,-0.6,4086300,2.65,,,1.39,
2006-02-01,15,Hawaii,HI,2.7,-0.3,612800,3.03,,,2.67,
2006-02-01,16,Idaho,ID,3.6,-0.7,629900,4.51,,,2.37,
2006-02-01,17,Illinois,IL,5,-1,5915500,1.37,,,2.51,
2006-02-01,18,Indiana,IN,5,-0.6,2982100,0.89,,,2.02,
2006-02-01,19,Iowa,IA,3.8,-0.7,1500200,1.95,,,1.35,
2006-02-01,20,Kansas,KS,4.6,-0.8,1350800,1.36,,,5.05,
2006-02-01,21,Kentucky,KY,5.9,0.3,1834100,1.53,,,2.37,
2006-02-01,22,Louisiana,LA,4.4,-1.1,1824600,-5.29,,,-0.97,
2006-02-01,23,Maine,ME,4.6,-0.3,613300,0.25,,,0.67,
2006-02-01,24,Maryland,MD,3.7,-0.7,2597900,1.58,,,1.3,
2006-02-01,25,Massachusetts,MA,4.7,-0.2,3253700,0.92,,,2.36,
2006-02-01,26,Michigan,MI,6.7,-0.4,4361600,-0.98,,,-2.03,
2006-02-01,27,Minnesota,MN,4.1,-0.1,2755700,2.42,,,0.17,
2006-02-01,28,Mississippi,MS,6.6,-0.3,1133600,-0.05,,,2.11,
2006-02-01,29,Missouri,MO,4.9,-1,2774900,1.8,,,0.43,
2006-02-01,30,Montana,MT,3.5,-0.8,430300,3.26,,,3.1,
2006-02-01,31,Nebraska,NE,3.2,-0.8,944300,1.55,,,2.93,
2006-02-01,32,Nevada,NV,4.1,-0.2,1268400,6.31,,,3.73,
2006-02-01,33,New Hampshire,NH,3.4,-0.2,637300,1.13,,,2.69,
2006-02-01,34,New Jersey,NJ,4.9,0.5,4070900,1,,,1.62,
2006-02-01,35,New Mexico,NM,4.5,-1.1,825400,3.21,,,2.62,
2006-02-01,36,New York,NY,4.7,-0.4,8563600,0.9,,,2.93,
2006-02-01,37,North Carolina,NC,4.7,-0.7,3972300,2.2,,,6.41,
2006-02-01,38,North Dakota,ND,3.1,-0.3,350100,2.13,,,4.33,
2006-02-01,39,Ohio,OH,5.4,-0.8,5445300,0.57,,,-0.38,
2006-02-01,40,Oklahoma,OK,3.9,-0.6,1556700,3.3,,,6.42,
2006-02-01,41,Oregon,OR,5.5,-1,1692200,3.21,,,5.03,
2006-02-01,42,Pennsylvania,PA,4.7,-0.5,5741000,1,,,0.05,
2006-02-01,44,Rhode Island,RI,5.3,0.4,493600,0.02,,,2.74,
2006-02-01,45,South Carolina,SC,6.5,-0.4,1900800,2.53,,,2.25,
2006-02-01,46,South Dakota,SD,3,-0.7,395500,2.33,,,1.6,
2006-02-01,47,Tennessee,TN,5.4,-0.3,2776300,1.53,,,2.28,
2006-02-01,48,Texas,TX,5.2,-0.5,9982800,3.4,,,7.15,
2006-02-01,49,Utah,UT,3.3,-1.2,1183400,4.7,,,7.69,
2006-02-01,50,Vermont,VT,3.5,0.1,307600,1.02,,,0.47,
2006-02-01,51,Virginia,VA,3.1,-0.5,3720600,2.19,,,2.08,
2006-02-01,53,Washington,WA,5,-0.8,2870900,3.3,,,3.84,
2006-02-01,54,West Virginia,WV,4.6,-0.6,721700,1.76,,,1.49,
2006-02-01,55,Wisconsin,WI,4.6,-0.1,2852700,0.98,,,1.8,
2006-02-01,56,Wyoming,WY,3.3,-0.3,272700,5.05,,,12.91,
2006-01-01,01,Alabama,AL,4.2,-0.8,1985100,2.39,199923857,199923857,1.36,
2006-01-01,02,Alaska,AK,6.9,-0.2,310900,0.81,47546237,47546237,7.07,
2006-01-01,04,Arizona,AZ,4.4,-0.2,2594200,6.13,296424393,296424393,4.45,
2006-01-01,05,Arkansas,AR,5.1,-0.3,1193300,2.24,114890410,114890410,2.17,
2006-01-01,06,California,CA,,,,,2120435378,2120435378,3.83,
2006-01-01,08,Colorado,CO,,,,,268190805,268190805,2.37,
2006-01-01,09,Connecticut,CT,,,,,269478567,269478567,4.37,
2006-01-01,10,Delaware,DE,3.9,-0.2,436700,2.06,68411829,68411829,3.06,
2006-01-01,11,District of Columbia,DC,5.8,-1.6,685200,0.69,108848328,108848328,-0.03,
2006-01-01,12,Florida,FL,3.3,-1,7910400,3.41,909298863,909298863,2.96,
2006-01-01,13,Georgia,GA,4.9,-0.4,4083300,2.66,487524899,487524899,1.39,
2006-01-01,15,Hawaii,HI,2.7,-0.4,609000,2.54,74892933,74892933,2.67,
2006-01-01,16,Idaho,ID,3.7,-0.7,627600,4.43,60738580,60738580,2.37,
2006-01-01,17,Illinois,IL,5.2,-0.8,5902000,1.21,759825672,759825672,2.51,
2006-01-01,18,Indiana,IN,5.1,-0.5,2978800,0.98,312525549,312525549,2.02,
2006-01-01,19,Iowa,IA,3.9,-0.7,1494800,2,155704453,155704453,1.35,
2006-01-01,20,Kansas,KS,4.7,-0.7,1344400,1.24,136135805,136135805,5.05,
2006-01-01,21,Kentucky,KY,6,0.5,1831100,1.75,186332640,186332640,2.37,
2006-01-01,22,Louisiana,LA,4.6,-1,1812700,-5.98,247139726,247139726,-0.97,
2006-01-01,23,Maine,ME,4.7,-0.1,613500,0.36,59985952,59985952,0.67,
2006-01-01,24,Maryland,MD,3.7,-0.7,2594200,1.66,329874003,329874003,1.3,
2006-01-01,25,Massachusetts,MA,4.7,-0.2,3250800,1.1,426926105,426926105,2.36,
2006-01-01,26,Michigan,MI,6.7,-0.5,4368500,-0.56,483763581,483763581,-2.03,
2006-01-01,27,Minnesota,MN,4.1,-0.2,2754900,2.71,302272714,302272714,0.17,
2006-01-01,28,Mississippi,MS,6.9,0,1129800,-0.16,105879896,105879896,2.11,
2006-01-01,29,Missouri,MO,5,-1,2769700,1.91,286558332,286558332,0.43,
2006-01-01,30,Montana,MT,3.6,-0.7,427700,3.43,40055038,40055038,3.1,
2006-01-01,31,Nebraska,NE,3.3,-0.7,940900,1.46,97322776,97322776,2.93,
2006-01-01,32,Nevada,NV,4.1,-0.2,1261400,6.32,156297854,156297854,3.73,
2006-01-01,33,New Hampshire,NH,3.5,-0.1,635800,0.6,71424518,71424518,2.69,
2006-01-01,34,New Jersey,NJ,4.8,0.4,4066300,0.99,555210982,555210982,1.62,
2006-01-01,35,New Mexico,NM,4.6,-1,821500,2.85,88554483,88554483,2.62,
2006-01-01,36,New York,NY,4.8,-0.3,8562000,0.84,1339568524,1339568524,2.93,
2006-01-01,37,North Carolina,NC,4.8,-0.6,3968500,2.3,470663854,470663854,6.41,
2006-01-01,38,North Dakota,ND,3.2,-0.2,348300,2.05,30911368,30911368,4.33,
2006-01-01,39,Ohio,OH,5.5,-0.8,5440500,0.67,582637629,582637629,-0.38,
2006-01-01,40,Oklahoma,OK,4,-0.5,1553000,3.35,149367146,149367146,6.42,
2006-01-01,41,Oregon,OR,5.6,-1,1685800,3.01,177222425,177222425,5.03,
2006-01-01,42,Pennsylvania,PA,4.8,-0.4,5729300,0.96,626589933,626589933,0.05,
2006-01-01,44,Rhode Island,RI,5.4,0.6,493300,0.04,57415808,57415808,2.74,
2006-01-01,45,South Carolina,SC,6.6,-0.4,1894400,2.23,187386059,187386059,2.25,
2006-01-01,46,South Dakota,SD,3.2,-0.5,394600,2.31,39961632,39961632,1.6,
2006-01-01,47,Tennessee,TN,5.4,-0.3,2778100,2.02,295668201,295668201,2.28,
2006-01-01,48,Texas,TX,5.3,-0.5,9961900,3.31,1225147261,1225147261,7.15,
2006-01-01,49,Utah,UT,3.4,-1.1,1177700,4.65,127539423,127539423,7.69,
2006-01-01,50,Vermont,VT,3.5,0.1,307100,0.85,29420875,29420875,0.47,
2006-01-01,51,Virginia,VA,3.2,-0.4,3715300,2.27,451263106,451263106,2.08,
2006-01-01,53,Washington,WA,5.1,-0.7,2864900,3.13,372145035,372145035,3.84,
2006-01-01,54,West Virginia,WV,4.7,-0.5,721400,1.84,68900010,68900010,1.49,
2006-01-01,55,Wisconsin,WI,4.7,-0.1,2849200,1.1,287146577,287146577,1.8,
2006-01-01,56,Wyoming,WY,3.3,-0.3,271500,4.95,36655636,36655636,12.91,
2006-01-01,91,New England,,,,,,914340548,914340548,2.81,
2006-01-01,92,Mideast,,,,,,3029492023,3029492023,1.78,
2006-01-01,93,Great Lakes,,,,,,2425979694,2425979694,0.72,
2006-01-01,94,Plains,,,,,,1047757569,1047757569,1.46,
2006-01-01,95,Southeast,,,,,,3726096703,3726096703,2.51,
2006-01-01,96,Southwest,,,,,,1754561799,1754561799,6.42,
2006-01-01,97,Rocky Mountain,,,,,,533204603,533204603,4.32,
2006-01-01,98,Far West,,,,,,2947201499,2947201499,3.93,
2005-12-01,01,Alabama,AL,4.2,-0.9,1983700,2.45,,,3.86,
2005-12-01,02,Alaska,AK,7,-0.2,311000,1.17,,,3.56,
2005-12-01,04,Arizona,AZ,4.5,-0.1,2571900,5.24,,,7.1,
2005-12-01,05,Arkansas,AR,5.2,-0.2,1187300,1.76,,,3.56,
2005-12-01,10,Delaware,DE,4,-0.1,436700,2.1,,,-2,
2005-12-01,11,District of Columbia,DC,5.8,-1.8,687400,1.48,,,2.19,
2005-12-01,12,Florida,FL,3.3,-1,7903200,3.61,,,5.9,
2005-12-01,13,Georgia,GA,5,-0.2,4070300,2.74,,,4.25,
2005-12-01,15,Hawaii,HI,2.7,-0.4,610300,2.99,,,5.21,
2005-12-01,16,Idaho,ID,3.7,-0.8,624400,4.4,,,7.61,
2005-12-01,17,Illinois,IL,5.3,-0.7,5891700,0.7,,,2.08,
2005-12-01,18,Indiana,IN,5.2,-0.4,2976100,0.89,,,0.83,
2005-12-01,19,Iowa,IA,4,-0.6,1489500,1.51,,,3.06,
2005-12-01,20,Kansas,KS,4.8,-0.6,1342200,0.52,,,3.84,
2005-12-01,21,Kentucky,KY,6.1,0.7,1823500,1.19,,,3.81,
2005-12-01,22,Louisiana,LA,6.4,0.8,1804000,-6.35,,,6.37,
2005-12-01,23,Maine,ME,4.8,0,613100,0.15,,,1.11,
2005-12-01,24,Maryland,MD,3.8,-0.6,2587200,1.4,,,4.54,
2005-12-01,25,Massachusetts,MA,4.8,-0.1,3245200,0.81,,,2.25,
2005-12-01,26,Michigan,MI,6.7,-0.5,4376800,-0.61,,,1.8,
2005-12-01,27,Minnesota,MN,4.2,-0.1,2746400,1.74,,,2.73,
2005-12-01,28,Mississippi,MS,7.6,0.8,1128300,-0.19,,,2.29,
2005-12-01,29,Missouri,MO,5,-1,2761200,1.51,,,2.23,
2005-12-01,30,Montana,MT,3.7,-0.7,425700,2.43,,,5.14,
2005-12-01,31,Nebraska,NE,3.5,-0.5,938300,1.19,,,4.36,
2005-12-01,32,Nevada,NV,4.1,-0.2,1254300,5.7,,,8.11,
2005-12-01,33,New Hampshire,NH,3.6,0,639100,1.67,,,1.65,
2005-12-01,34,New Jersey,NJ,4.8,0.4,4056400,0.71,,,1.9,
2005-12-01,35,New Mexico,NM,4.7,-0.9,818200,2.38,,,0.64,
2005-12-01,36,New York,NY,4.8,-0.4,8560000,0.77,,,2.52,
2005-12-01,37,North Carolina,NC,4.9,-0.4,3942900,1.87,,,5.17,
2005-12-01,38,North Dakota,ND,3.2,-0.2,347600,1.88,,,3.47,
2005-12-01,39,Ohio,OH,5.6,-0.7,5437600,0.32,,,2.19,
2005-12-01,40,Oklahoma,OK,4.1,-0.4,1548300,3.04,,,4.27,
2005-12-01,41,Oregon,OR,5.7,-1,1682400,3.09,,,3.49,
2005-12-01,42,Pennsylvania,PA,4.8,-0.4,5720200,0.74,,,1.84,
2005-12-01,44,Rhode Island,RI,5.4,0.6,494200,0.2,,,1.32,
2005-12-01,45,South Carolina,SC,6.7,-0.3,1875500,1.45,,,3.44,
2005-12-01,46,South Dakota,SD,3.3,-0.4,393300,2.16,,,4.56,
2005-12-01,47,Tennessee,TN,5.4,-0.3,2766200,1.15,,,2.66,
2005-12-01,48,Texas,TX,5.4,-0.4,9922000,3.19,,,2.9,
2005-12-01,49,Utah,UT,3.5,-1.1,1171600,4.37,,,6.39,
2005-12-01,50,Vermont,VT,3.6,0.2,307300,1.05,,,1.01,
2005-12-01,51,Virginia,VA,3.3,-0.3,3700100,1.89,,,4.82,
2005-12-01,53,Washington,WA,5.2,-0.7,2857600,3.07,,,6.84,
2005-12-01,54,West Virginia,WV,4.8,-0.4,717800,1.53,,,2.74,
2005-12-01,55,Wisconsin,WI,4.7,-0.1,2850600,1.16,,,2.42,
2005-12-01,56,Wyoming,WY,3.4,-0.3,269200,4.26,,,5.47,
2005-11-01,01,Alabama,AL,4.2,-1,1981000,2.52,,,3.86,
2005-11-01,02,Alaska,AK,7,-0.2,311900,1.86,,,3.56,
2005-11-01,04,Arizona,AZ,4.6,0,2560500,5.31,,,7.1,
2005-11-01,05,Arkansas,AR,5.3,-0.1,1186200,1.79,,,3.56,
2005-11-01,10,Delaware,DE,4.1,0,438000,2.29,,,-2,
2005-11-01,11,District of Columbia,DC,5.8,-1.9,685600,1.06,,,2.19,
2005-11-01,12,Florida,FL,3.4,-1,7883300,3.68,,,5.9,
2005-11-01,13,Georgia,GA,5.1,-0.1,4065200,2.72,,,4.25,
2005-11-01,15,Hawaii,HI,2.8,-0.3,605800,2.12,,,5.21,
2005-11-01,16,Idaho,ID,3.7,-0.9,621400,4.14,,,7.61,
2005-11-01,17,Illinois,IL,5.4,-0.7,5888400,0.94,,,2.08,
2005-11-01,18,Indiana,IN,5.3,-0.2,2974500,0.82,,,0.83,
2005-11-01,19,Iowa,IA,4.1,-0.5,1488200,1.6,,,3.06,
2005-11-01,20,Kansas,KS,4.8,-0.6,1340700,0.47,,,3.84,
2005-11-01,21,Kentucky,KY,6.1,0.8,1824600,1.39,,,3.81,
2005-11-01,22,Louisiana,LA,11.6,6,1793000,-6.95,,,6.37,
2005-11-01,23,Maine,ME,4.9,0.2,612200,-0.24,,,1.11,
2005-11-01,24,Maryland,MD,3.9,-0.4,2586400,1.48,,,4.54,
2005-11-01,25,Massachusetts,MA,4.8,-0.1,3242000,0.76,,,2.25,
2005-11-01,26,Michigan,MI,6.6,-0.6,4384400,-0.45,,,1.8,
2005-11-01,27,Minnesota,MN,4.1,-0.3,2742200,1.8,,,2.73,
2005-11-01,28,Mississippi,MS,8.7,2.1,1132900,0.3,,,2.29,
2005-11-01,29,Missouri,MO,5.1,-0.9,2757900,1.45,,,2.23,
2005-11-01,30,Montana,MT,3.8,-0.6,425800,2.78,,,5.14,
2005-11-01,31,Nebraska,NE,3.5,-0.4,938500,1.36,,,4.36,
2005-11-01,32,Nevada,NV,4.1,-0.2,1248200,5.63,,,8.11,
2005-11-01,33,New Hampshire,NH,3.6,0.1,637500,1.43,,,1.65,
2005-11-01,34,New Jersey,NJ,4.7,0.2,4056000,0.82,,,1.9,
2005-11-01,35,New Mexico,NM,4.8,-0.7,817100,2.43,,,0.64,
2005-11-01,36,New York,NY,4.9,-0.4,8543600,0.69,,,2.52,
2005-11-01,37,North Carolina,NC,5,-0.3,3937200,2.04,,,5.17,
2005-11-01,38,North Dakota,ND,3.2,-0.2,346600,1.52,,,3.47,
2005-11-01,39,Ohio,OH,5.7,-0.6,5437400,0.36,,,2.19,
2005-11-01,40,Oklahoma,OK,4.2,-0.3,1545400,3.06,,,4.27,
2005-11-01,41,Oregon,OR,5.8,-1.1,1676900,2.99,,,3.49,
2005-11-01,42,Pennsylvania,PA,4.9,-0.3,5720800,0.86,,,1.84,
2005-11-01,44,Rhode Island,RI,5.4,0.6,494500,0.26,,,1.32,
2005-11-01,45,South Carolina,SC,6.7,-0.2,1882500,1.96,,,3.44,
2005-11-01,46,South Dakota,SD,3.3,-0.4,392500,1.82,,,4.56,
2005-11-01,47,Tennessee,TN,5.4,-0.2,2766500,1.39,,,2.66,
2005-11-01,48,Texas,TX,5.4,-0.5,9902500,3.14,,,2.9,
2005-11-01,49,Utah,UT,3.6,-1,1168000,4.24,,,6.39,
2005-11-01,50,Vermont,VT,3.6,0.2,305900,0.49,,,1.01,
2005-11-01,51,Virginia,VA,3.3,-0.3,3695100,1.98,,,4.82,
2005-11-01,53,Washington,WA,5.3,-0.6,2846200,2.87,,,6.84,
2005-11-01,54,West Virginia,WV,4.9,-0.3,715800,1.36,,,2.74,
2005-11-01,55,Wisconsin,WI,4.7,-0.1,2845500,0.96,,,2.42,
2005-11-01,56,Wyoming,WY,3.5,-0.2,268300,4.07,,,5.47,
2005-10-01,01,Alabama,AL,4.2,-1.1,1975500,2.43,,,3.86,
2005-10-01,02,Alaska,AK,7,-0.2,310900,1.2,,,3.56,
2005-10-01,04,Arizona,AZ,4.6,0,2548500,5.07,,,7.1,
2005-10-01,05,Arkansas,AR,5.3,-0.1,1182100,1.69,,,3.56,
2005-10-01,10,Delaware,DE,4.2,0.1,434400,1.59,,,-2,
2005-10-01,11,District of Columbia,DC,5.9,-1.8,682300,0.78,,,2.19,
2005-10-01,12,Florida,FL,3.4,-1,7873700,4.12,,,5.9,
2005-10-01,13,Georgia,GA,5.2,0.1,4052500,2.52,,,4.25,
2005-10-01,15,Hawaii,HI,2.8,-0.4,607300,2.76,,,5.21,
2005-10-01,16,Idaho,ID,3.8,-1,618000,3.9,,,7.61,
2005-10-01,17,Illinois,IL,5.5,-0.6,5880200,0.85,,,2.08,
2005-10-01,18,Indiana,IN,5.4,-0.1,2972800,0.83,,,0.83,
2005-10-01,19,Iowa,IA,4.2,-0.4,1487500,1.66,,,3.06,
2005-10-01,20,Kansas,KS,4.9,-0.5,1337200,0.19,,,3.84,
2005-10-01,21,Kentucky,KY,6.1,0.8,1820900,1.3,,,3.81,
2005-10-01,22,Louisiana,LA,11.5,5.9,1774600,-7.63,,,6.37,
2005-10-01,23,Maine,ME,4.9,0.3,611500,-0.15,,,1.11,
2005-10-01,24,Maryland,MD,4,-0.3,2581600,1.32,,,4.54,
2005-10-01,25,Massachusetts,MA,4.8,-0.1,3234300,0.5,,,2.25,
2005-10-01,26,Michigan,MI,6.5,-0.7,4383800,-0.57,,,1.8,
2005-10-01,27,Minnesota,MN,4.1,-0.4,2738200,1.65,,,2.73,
2005-10-01,28,Mississippi,MS,9.1,2.6,1124000,-0.5,,,2.29,
2005-10-01,29,Missouri,MO,5.1,-0.9,2753100,1.24,,,2.23,
2005-10-01,30,Montana,MT,3.9,-0.5,424600,2.68,,,5.14,
2005-10-01,31,Nebraska,NE,3.6,-0.3,937500,1.33,,,4.36,
2005-10-01,32,Nevada,NV,4.1,-0.2,1241200,5.17,,,8.11,
2005-10-01,33,New Hampshire,NH,3.7,0.2,636200,1.13,,,1.65,
2005-10-01,34,New Jersey,NJ,4.6,0,4047200,0.79,,,1.9,
2005-10-01,35,New Mexico,NM,4.9,-0.6,813100,2.03,,,0.64,
2005-10-01,36,New York,NY,4.9,-0.5,8528700,0.49,,,2.52,
2005-10-01,37,North Carolina,NC,5.1,-0.2,3928900,1.96,,,5.17,
2005-10-01,38,North Dakota,ND,3.3,-0.1,345700,1.32,,,3.47,
2005-10-01,39,Ohio,OH,5.8,-0.5,5434000,0.21,,,2.19,
2005-10-01,40,Oklahoma,OK,4.3,-0.2,1538100,2.61,,,4.27,
2005-10-01,41,Oregon,OR,5.9,-1.1,1668100,2.56,,,3.49,
2005-10-01,42,Pennsylvania,PA,4.9,-0.4,5713300,0.77,,,1.84,
2005-10-01,44,Rhode Island,RI,5.4,0.6,494200,0.02,,,1.32,
2005-10-01,45,South Carolina,SC,6.8,-0.1,1877000,1.86,,,3.44,
2005-10-01,46,South Dakota,SD,3.4,-0.3,391000,1.43,,,4.56,
2005-10-01,47,Tennessee,TN,5.4,-0.1,2762600,1.28,,,2.66,
2005-10-01,48,Texas,TX,5.5,-0.4,9854300,2.71,,,2.9,
2005-10-01,49,Utah,UT,3.7,-1,1162300,4.2,,,6.39,
2005-10-01,50,Vermont,VT,3.6,0.1,305500,0.33,,,1.01,
2005-10-01,51,Virginia,VA,3.4,-0.2,3688100,1.96,,,4.82,
2005-10-01,53,Washington,WA,5.5,-0.5,2836700,2.68,,,6.84,
2005-10-01,54,West Virginia,WV,5,-0.2,713500,0.91,,,2.74,
2005-10-01,55,Wisconsin,WI,4.7,-0.1,2842700,0.91,,,2.42,
2005-10-01,56,Wyoming,WY,3.5,-0.3,267400,4.33,,,5.47,
2005-09-01,01,Alabama,AL,4.2,-1.2,1969500,2.57,,,3.86,
2005-09-01,02,Alaska,AK,6.9,-0.4,310800,1.64,,,3.56,
2005-09-01,04,Arizona,AZ,4.7,0,2547600,6.2,,,7.1,
2005-09-01,05,Arkansas,AR,5.3,-0.2,1182100,1.97,,,3.56,
2005-09-01,10,Delaware,DE,4.2,0.1,434800,2.04,,,-2,
2005-09-01,11,District of Columbia,DC,6,-1.8,682200,0.8,,,2.19,
2005-09-01,12,Florida,FL,3.5,-1,7874400,5.21,,,5.9,
2005-09-01,13,Georgia,GA,5.3,0.3,4051100,3.14,,,4.25,
2005-09-01,15,Hawaii,HI,2.8,-0.4,607100,3.44,,,5.21,
2005-09-01,16,Idaho,ID,3.9,-0.9,617700,4.54,,,7.61,
2005-09-01,17,Illinois,IL,5.6,-0.5,5885900,1.16,,,2.08,
2005-09-01,18,Indiana,IN,5.4,0,2969500,0.9,,,0.83,
2005-09-01,19,Iowa,IA,4.2,-0.4,1488500,1.98,,,3.06,
2005-09-01,20,Kansas,KS,4.9,-0.5,1336300,0.14,,,3.84,
2005-09-01,21,Kentucky,KY,6,0.7,1822300,1.66,,,3.81,
2005-09-01,22,Louisiana,LA,11.7,6.2,1826200,-4.63,,,6.37,
2005-09-01,23,Maine,ME,4.9,0.3,612600,0.05,,,1.11,
2005-09-01,24,Maryland,MD,4,-0.3,2587000,1.96,,,4.54,
2005-09-01,25,Massachusetts,MA,4.8,-0.1,3241200,0.71,,,2.25,
2005-09-01,26,Michigan,MI,6.5,-0.6,4396900,-0.12,,,1.8,
2005-09-01,27,Minnesota,MN,4,-0.6,2737300,1.89,,,2.73,
2005-09-01,28,Mississippi,MS,9.9,3.5,1116400,-1.08,,,2.29,
2005-09-01,29,Missouri,MO,5.1,-0.9,2753500,1.63,,,2.23,
2005-09-01,30,Montana,MT,4,-0.4,423100,2.52,,,5.14,
2005-09-01,31,Nebraska,NE,3.7,-0.2,936900,1.26,,,4.36,
2005-09-01,32,Nevada,NV,4.2,-0.1,1239600,6.18,,,8.11,
2005-09-01,33,New Hampshire,NH,3.7,0.1,637100,1.55,,,1.65,
2005-09-01,34,New Jersey,NJ,4.5,-0.2,4053800,0.99,,,1.9,
2005-09-01,35,New Mexico,NM,5,-0.4,812600,2.9,,,0.64,
2005-09-01,36,New York,NY,5,-0.5,8552400,0.96,,,2.52,
2005-09-01,37,North Carolina,NC,5.2,-0.1,3927100,1.87,,,5.17,
2005-09-01,38,North Dakota,ND,3.3,-0.1,346800,2.12,,,3.47,
2005-09-01,39,Ohio,OH,5.8,-0.5,5438700,0.53,,,2.19,
2005-09-01,40,Oklahoma,OK,4.3,-0.2,1533300,2.77,,,4.27,
2005-09-01,41,Oregon,OR,6,-1.2,1666900,2.81,,,3.49,
2005-09-01,42,Pennsylvania,PA,4.9,-0.4,5719200,1.12,,,1.84,
2005-09-01,44,Rhode Island,RI,5.4,0.5,495900,0.55,,,1.32,
2005-09-01,45,South Carolina,SC,6.8,-0.1,1874500,1.92,,,3.44,
2005-09-01,46,South Dakota,SD,3.4,-0.2,392000,1.69,,,4.56,
2005-09-01,47,Tennessee,TN,5.4,-0.1,2764400,1.85,,,2.66,
2005-09-01,48,Texas,TX,5.4,-0.5,9841100,3.08,,,2.9,
2005-09-01,49,Utah,UT,3.8,-1,1160200,4.55,,,6.39,
2005-09-01,50,Vermont,VT,3.5,0,306200,0.43,,,1.01,
2005-09-01,51,Virginia,VA,3.5,-0.1,3694800,2.55,,,4.82,
2005-09-01,53,Washington,WA,5.5,-0.5,2817500,2.63,,,6.84,
2005-09-01,54,West Virginia,WV,5.1,-0.1,715600,1.58,,,2.74,
2005-09-01,55,Wisconsin,WI,4.7,-0.1,2847000,1.39,,,2.42,
2005-09-01,56,Wyoming,WY,3.6,-0.2,266500,4.55,,,5.47,
2005-08-01,01,Alabama,AL,4.2,-1.3,1966500,2.3,,,3.86,
2005-08-01,02,Alaska,AK,6.9,-0.4,311000,2,,,3.56,
2005-08-01,04,Arizona,AZ,4.7,-0.1,2534200,5.78,,,7.1,
2005-08-01,05,Arkansas,AR,5.3,-0.2,1179200,1.57,,,3.56,
2005-08-01,10,Delaware,DE,4.2,0.1,433500,1.95,,,-2,
2005-08-01,11,District of Columbia,DC,6.1,-1.6,682200,0.8,,,2.19,
2005-08-01,12,Florida,FL,3.6,-0.9,7837800,4.26,,,5.9,
2005-08-01,13,Georgia,GA,5.3,0.4,4046600,2.81,,,4.25,
2005-08-01,15,Hawaii,HI,2.8,-0.4,607600,3.69,,,5.21,
2005-08-01,16,Idaho,ID,4,-0.9,614000,3.93,,,7.61,
2005-08-01,17,Illinois,IL,5.7,-0.4,5880100,0.89,,,2.08,
2005-08-01,18,Indiana,IN,5.4,0,2956600,0.52,,,0.83,
2005-08-01,19,Iowa,IA,4.2,-0.4,1484300,1.62,,,3.06,
2005-08-01,20,Kansas,KS,4.9,-0.5,1330700,0.03,,,3.84,
2005-08-01,21,Kentucky,KY,5.9,0.5,1821900,1.73,,,3.81,
2005-08-01,22,Louisiana,LA,5.3,-0.3,1955100,1.67,,,6.37,
2005-08-01,23,Maine,ME,4.9,0.3,612300,-0.08,,,1.11,
2005-08-01,24,Maryland,MD,4.1,-0.2,2578600,1.66,,,4.54,
2005-08-01,25,Massachusetts,MA,4.7,-0.3,3236100,0.65,,,2.25,
2005-08-01,26,Michigan,MI,6.5,-0.5,4383000,-0.36,,,1.8,
2005-08-01,27,Minnesota,MN,4,-0.7,2732600,1.84,,,2.73,
2005-08-01,28,Mississippi,MS,7.2,0.9,1137300,0.98,,,2.29,
2005-08-01,29,Missouri,MO,5.2,-0.8,2759000,1.91,,,2.23,
2005-08-01,30,Montana,MT,4.1,-0.4,420900,2.36,,,5.14,
2005-08-01,31,Nebraska,NE,3.7,-0.2,935600,1.18,,,4.36,
2005-08-01,32,Nevada,NV,4.2,-0.1,1231600,6.16,,,8.11,
2005-08-01,33,New Hampshire,NH,3.7,0,634800,1.24,,,1.65,
2005-08-01,34,New Jersey,NJ,4.4,-0.4,4051300,1.05,,,1.9,
2005-08-01,35,New Mexico,NM,5.1,-0.3,811100,2.57,,,0.64,
2005-08-01,36,New York,NY,5,-0.6,8542200,0.88,,,2.52,
2005-08-01,37,North Carolina,NC,5.2,-0.1,3912700,1.74,,,5.17,
2005-08-01,38,North Dakota,ND,3.3,-0.1,345900,1.83,,,3.47,
2005-08-01,39,Ohio,OH,5.8,-0.5,5431000,0.33,,,2.19,
2005-08-01,40,Oklahoma,OK,4.3,-0.2,1530500,2.64,,,4.27,
2005-08-01,41,Oregon,OR,6.1,-1.1,1662100,2.72,,,3.49,
2005-08-01,42,Pennsylvania,PA,4.9,-0.4,5713300,1.12,,,1.84,
2005-08-01,44,Rhode Island,RI,5.3,0.2,496200,0.71,,,1.32,
2005-08-01,45,South Carolina,SC,6.7,-0.2,1876700,2.24,,,3.44,
2005-08-01,46,South Dakota,SD,3.4,-0.2,390700,1.72,,,4.56,
2005-08-01,47,Tennessee,TN,5.4,0,2755200,1.38,,,2.66,
2005-08-01,48,Texas,TX,5.4,-0.5,9813900,2.72,,,2.9,
2005-08-01,49,Utah,UT,3.9,-1,1156400,4.45,,,6.39,
2005-08-01,50,Vermont,VT,3.5,0,306700,0.82,,,1.01,
2005-08-01,51,Virginia,VA,3.5,-0.2,3682100,2.27,,,4.82,
2005-08-01,53,Washington,WA,5.6,-0.5,2824900,2.87,,,6.84,
2005-08-01,54,West Virginia,WV,5.1,-0.1,714800,1.56,,,2.74,
2005-08-01,55,Wisconsin,WI,4.7,-0.2,2839500,0.86,,,2.42,
2005-08-01,56,Wyoming,WY,3.6,-0.2,265800,3.75,,,5.47,
2005-07-01,01,Alabama,AL,4.3,-1.3,1963000,2.2,,,3.86,
2005-07-01,02,Alaska,AK,6.8,-0.6,310700,2.07,,,3.56,
2005-07-01,04,Arizona,AZ,4.7,-0.2,2524100,5.68,,,7.1,
2005-07-01,05,Arkansas,AR,5.2,-0.3,1177900,1.8,,,3.56,
2005-07-01,10,Delaware,DE,4.2,0.2,432100,1.84,,,-2,
2005-07-01,11,District of Columbia,DC,6.2,-1.5,680800,1.31,,,2.19,
2005-07-01,12,Florida,FL,3.6,-1,7814300,4.01,,,5.9,
2005-07-01,13,Georgia,GA,5.3,0.5,4030600,2.59,,,4.25,
2005-07-01,15,Hawaii,HI,2.8,-0.4,605100,3.26,,,5.21,
2005-07-01,16,Idaho,ID,4,-0.9,612100,3.9,,,7.61,
2005-07-01,17,Illinois,IL,5.7,-0.4,5875000,0.9,,,2.08,
2005-07-01,18,Indiana,IN,5.3,0,2959400,0.7,,,0.83,
2005-07-01,19,Iowa,IA,4.2,-0.4,1483900,1.54,,,3.06,
2005-07-01,20,Kansas,KS,5,-0.5,1328700,-0.08,,,3.84,
2005-07-01,21,Kentucky,KY,5.8,0.3,1813400,1.78,,,3.81,
2005-07-01,22,Louisiana,LA,5.3,-0.3,1954700,1.83,,,6.37,
2005-07-01,23,Maine,ME,4.9,0.3,612300,,,,1.11,
2005-07-01,24,Maryland,MD,4.1,-0.2,2574800,1.67,,,4.54,
2005-07-01,25,Massachusetts,MA,4.7,-0.4,3235200,0.63,,,2.25,
2005-07-01,26,Michigan,MI,6.6,-0.4,4384000,0.07,,,1.8,
2005-07-01,27,Minnesota,MN,4,-0.7,2728300,1.71,,,2.73,
2005-07-01,28,Mississippi,MS,7.2,1,1137000,0.95,,,2.29,
2005-07-01,29,Missouri,MO,5.2,-0.8,2749200,2.03,,,2.23,
2005-07-01,30,Montana,MT,4.1,-0.4,422000,2.33,,,5.14,
2005-07-01,31,Nebraska,NE,3.7,-0.1,936100,1.54,,,4.36,
2005-07-01,32,Nevada,NV,4.2,-0.2,1228100,6.18,,,8.11,
2005-07-01,33,New Hampshire,NH,3.6,-0.2,635200,1.32,,,1.65,
2005-07-01,34,New Jersey,NJ,4.3,-0.6,4049800,1.11,,,1.9,
2005-07-01,35,New Mexico,NM,5.2,-0.3,809800,2.39,,,0.64,
2005-07-01,36,New York,NY,4.9,-0.9,8531800,0.81,,,2.52,
2005-07-01,37,North Carolina,NC,5.2,-0.2,3903700,1.76,,,5.17,
2005-07-01,38,North Dakota,ND,3.3,-0.1,345300,1.74,,,3.47,
2005-07-01,39,Ohio,OH,5.8,-0.4,5432500,0.31,,,2.19,
2005-07-01,40,Oklahoma,OK,4.3,-0.3,1526900,2.64,,,4.27,
2005-07-01,41,Oregon,OR,6.2,-1.1,1660000,2.88,,,3.49,
2005-07-01,42,Pennsylvania,PA,4.9,-0.5,5715600,1.25,,,1.84,
2005-07-01,44,Rhode Island,RI,5.2,-0.1,496200,0.81,,,1.32,
2005-07-01,45,South Carolina,SC,6.7,-0.3,1869500,2.18,,,3.44,
2005-07-01,46,South Dakota,SD,3.5,-0.1,390200,1.91,,,4.56,
2005-07-01,47,Tennessee,TN,5.4,0.1,2755100,1.6,,,2.66,
2005-07-01,48,Texas,TX,5.3,-0.6,9797200,2.78,,,2.9,
2005-07-01,49,Utah,UT,4,-1,1150900,4.1,,,6.39,
2005-07-01,50,Vermont,VT,3.5,-0.1,306300,0.82,,,1.01,
2005-07-01,51,Virginia,VA,3.5,-0.2,3675500,2.19,,,4.82,
2005-07-01,53,Washington,WA,5.6,-0.5,2818000,2.79,,,6.84,
2005-07-01,54,West Virginia,WV,5,-0.3,714500,1.52,,,2.74,
2005-07-01,55,Wisconsin,WI,4.7,-0.2,2837000,0.93,,,2.42,
2005-07-01,56,Wyoming,WY,3.6,-0.2,264500,3.4,,,5.47,
2005-06-01,01,Alabama,AL,4.4,-1.3,1955000,2.09,,,3.86,
2005-06-01,02,Alaska,AK,6.8,-0.7,308500,1.71,,,3.56,
2005-06-01,04,Arizona,AZ,4.7,-0.3,2508300,5.52,,,7.1,
2005-06-01,05,Arkansas,AR,5.2,-0.4,1175800,1.68,,,3.56,
2005-06-01,10,Delaware,DE,4.1,0.1,429500,1.23,,,-2,
2005-06-01,11,District of Columbia,DC,6.4,-1.2,681700,0.75,,,2.19,
2005-06-01,12,Florida,FL,3.7,-1,7763100,3.78,,,5.9,
2005-06-01,13,Georgia,GA,5.3,0.6,4016200,2.62,,,4.25,
2005-06-01,15,Hawaii,HI,2.8,-0.4,602500,3.43,,,5.21,
2005-06-01,16,Idaho,ID,4.1,-0.8,607000,3.18,,,7.61,
2005-06-01,17,Illinois,IL,5.8,-0.4,5841500,0.43,,,2.08,
2005-06-01,18,Indiana,IN,5.3,0,2956000,0.79,,,0.83,
2005-06-01,19,Iowa,IA,4.2,-0.3,1480300,1.63,,,3.06,
2005-06-01,20,Kansas,KS,5.1,-0.4,1334200,0.69,,,3.84,
2005-06-01,21,Kentucky,KY,5.8,0.3,1814300,1.57,,,3.81,
2005-06-01,22,Louisiana,LA,5.4,-0.3,1947700,1.51,,,6.37,
2005-06-01,23,Maine,ME,4.9,0.3,610800,-0.18,,,1.11,
2005-06-01,24,Maryland,MD,4.2,-0.1,2565900,1.48,,,4.54,
2005-06-01,25,Massachusetts,MA,4.7,-0.5,3227300,0.45,,,2.25,
2005-06-01,26,Michigan,MI,6.7,-0.2,4386100,-0.22,,,1.8,
2005-06-01,27,Minnesota,MN,4,-0.7,2718200,1.4,,,2.73,
2005-06-01,28,Mississippi,MS,7.2,1.1,1134200,0.78,,,2.29,
2005-06-01,29,Missouri,MO,5.4,-0.5,2741300,1.38,,,2.23,
2005-06-01,30,Montana,MT,4.1,-0.5,418900,1.35,,,5.14,
2005-06-01,31,Nebraska,NE,3.8,0,933400,1.3,,,4.36,
2005-06-01,32,Nevada,NV,4.2,-0.2,1219400,6.12,,,8.11,
2005-06-01,33,New Hampshire,NH,3.6,-0.3,632800,1.26,,,1.65,
2005-06-01,34,New Jersey,NJ,4.3,-0.7,4046100,1.05,,,1.9,
2005-06-01,35,New Mexico,NM,5.3,-0.2,805500,2.12,,,0.64,
2005-06-01,36,New York,NY,4.9,-1,8513600,0.67,,,2.52,
2005-06-01,37,North Carolina,NC,5.3,-0.1,3888100,1.71,,,5.17,
2005-06-01,38,North Dakota,ND,3.3,-0.1,345000,2.04,,,3.47,
2005-06-01,39,Ohio,OH,5.8,-0.4,5420400,0.26,,,2.19,
2005-06-01,40,Oklahoma,OK,4.3,-0.4,1521000,2.68,,,4.27,
2005-06-01,41,Oregon,OR,6.2,-1.2,1651900,2.72,,,3.49,
2005-06-01,42,Pennsylvania,PA,5,-0.4,5701400,0.97,,,1.84,
2005-06-01,44,Rhode Island,RI,5.1,-0.4,494900,0.63,,,1.32,
2005-06-01,45,South Carolina,SC,6.7,-0.3,1849700,1.23,,,3.44,
2005-06-01,46,South Dakota,SD,3.5,-0.1,388800,1.41,,,4.56,
2005-06-01,47,Tennessee,TN,5.4,0.2,2746100,1.32,,,2.66,
2005-06-01,48,Texas,TX,5.3,-0.7,9733800,2.35,,,2.9,
2005-06-01,49,Utah,UT,4.1,-1,1142400,3.5,,,6.39,
2005-06-01,50,Vermont,VT,3.4,-0.2,304700,0.46,,,1.01,
2005-06-01,51,Virginia,VA,3.5,-0.2,3658600,2.04,,,4.82,
2005-06-01,53,Washington,WA,5.6,-0.6,2804800,2.36,,,6.84,
2005-06-01,54,West Virginia,WV,5,-0.4,712600,1.42,,,2.74,
2005-06-01,55,Wisconsin,WI,4.7,-0.3,2828300,1.07,,,2.42,
2005-06-01,56,Wyoming,WY,3.6,-0.2,262300,2.62,,,5.47,
2005-05-01,01,Alabama,AL,4.5,-1.2,1956200,2.34,,,3.86,
2005-05-01,02,Alaska,AK,6.8,-0.7,309100,2.28,,,3.56,
2005-05-01,04,Arizona,AZ,4.7,-0.4,2498800,5.55,,,7.1,
2005-05-01,05,Arkansas,AR,5.2,-0.5,1174200,1.74,,,3.56,
2005-05-01,10,Delaware,DE,4.1,0.1,431700,2.18,,,-2,
2005-05-01,11,District of Columbia,DC,6.7,-0.8,682600,1.17,,,2.19,
2005-05-01,12,Florida,FL,3.8,-0.9,7754500,4.02,,,5.9,
2005-05-01,13,Georgia,GA,5.4,0.8,4022100,2.8,,,4.25,
2005-05-01,15,Hawaii,HI,2.8,-0.5,601000,3.44,,,5.21,
2005-05-01,16,Idaho,ID,4.1,-0.9,606100,3.34,,,7.61,
2005-05-01,17,Illinois,IL,5.9,-0.3,5854900,0.77,,,2.08,
2005-05-01,18,Indiana,IN,5.4,0,2955500,0.78,,,0.83,
2005-05-01,19,Iowa,IA,4.3,-0.2,1479400,1.76,,,3.06,
2005-05-01,20,Kansas,KS,5.2,-0.3,1334200,0.71,,,3.84,
2005-05-01,21,Kentucky,KY,5.8,0.2,1812100,1.64,,,3.81,
2005-05-01,22,Louisiana,LA,5.4,-0.4,1945000,1.53,,,6.37,
2005-05-01,23,Maine,ME,4.9,0.3,611800,0.08,,,1.11,
2005-05-01,24,Maryland,MD,4.3,0,2566900,1.58,,,4.54,
2005-05-01,25,Massachusetts,MA,4.8,-0.4,3229000,0.53,,,2.25,
2005-05-01,26,Michigan,MI,6.8,0,4402300,-0.06,,,1.8,
2005-05-01,27,Minnesota,MN,4.1,-0.6,2721800,1.53,,,2.73,
2005-05-01,28,Mississippi,MS,7.1,1.1,1134800,0.84,,,2.29,
2005-05-01,29,Missouri,MO,5.5,-0.3,2742100,1.68,,,2.23,
2005-05-01,30,Montana,MT,4.2,-0.4,417200,1.71,,,5.14,
2005-05-01,31,Nebraska,NE,3.9,0.1,932100,1.36,,,4.36,
2005-05-01,32,Nevada,NV,4.2,-0.3,1215300,6.4,,,8.11,
2005-05-01,33,New Hampshire,NH,3.6,-0.3,633300,1.26,,,1.65,
2005-05-01,34,New Jersey,NJ,4.3,-0.8,4042400,1.09,,,1.9,
2005-05-01,35,New Mexico,NM,5.4,-0.2,805800,2.22,,,0.64,
2005-05-01,36,New York,NY,4.9,-1.1,8510300,0.77,,,2.52,
2005-05-01,37,North Carolina,NC,5.3,-0.2,3892300,1.94,,,5.17,
2005-05-01,38,North Dakota,ND,3.4,0.1,345000,2.28,,,3.47,
2005-05-01,39,Ohio,OH,5.9,-0.3,5429600,0.48,,,2.19,
2005-05-01,40,Oklahoma,OK,4.3,-0.5,1520600,2.67,,,4.27,
2005-05-01,41,Oregon,OR,6.3,-1.2,1648500,2.88,,,3.49,
2005-05-01,42,Pennsylvania,PA,5,-0.4,5699800,1.12,,,1.84,
2005-05-01,44,Rhode Island,RI,5,-0.6,494000,0.24,,,1.32,
2005-05-01,45,South Carolina,SC,6.7,-0.3,1859200,1.95,,,3.44,
2005-05-01,46,South Dakota,SD,3.6,0.1,388500,1.38,,,4.56,
2005-05-01,47,Tennessee,TN,5.5,0.3,2743200,1.49,,,2.66,
2005-05-01,48,Texas,TX,5.4,-0.7,9726000,2.38,,,2.9,
2005-05-01,49,Utah,UT,4.2,-1,1140200,3.63,,,6.39,
2005-05-01,50,Vermont,VT,3.4,-0.3,305500,0.79,,,1.01,
2005-05-01,51,Virginia,VA,3.5,-0.3,3656100,2.19,,,4.82,
2005-05-01,53,Washington,WA,5.6,-0.7,2804300,2.62,,,6.84,
2005-05-01,54,West Virginia,WV,5,-0.4,712300,-0.24,,,2.74,
2005-05-01,55,Wisconsin,WI,4.7,-0.3,2831000,1.28,,,2.42,
2005-05-01,56,Wyoming,WY,3.6,-0.2,262300,3.02,,,5.47,
2005-04-01,01,Alabama,AL,4.6,-1.2,1953700,2.29,,,3.86,
2005-04-01,02,Alaska,AK,6.9,-0.7,308400,2.09,,,3.56,
2005-04-01,04,Arizona,AZ,4.7,-0.5,2489000,5.58,,,7.1,
2005-04-01,05,Arkansas,AR,5.2,-0.5,1173100,1.8,,,3.56,
2005-04-01,10,Delaware,DE,4.1,0.2,431200,2.64,,,-2,
2005-04-01,11,District of Columbia,DC,6.9,-0.5,681100,1.17,,,2.19,
2005-04-01,12,Florida,FL,4,-0.8,7720400,3.86,,,5.9,
2005-04-01,13,Georgia,GA,5.4,0.9,4010400,2.63,,,4.25,
2005-04-01,15,Hawaii,HI,2.8,-0.6,599500,3.47,,,5.21,
2005-04-01,16,Idaho,ID,4.1,-0.9,605900,3.59,,,7.61,
2005-04-01,17,Illinois,IL,5.9,-0.4,5856400,0.96,,,2.08,
2005-04-01,18,Indiana,IN,5.4,0,2961100,1.03,,,0.83,
2005-04-01,19,Iowa,IA,4.4,0,1478400,1.66,,,3.06,
2005-04-01,20,Kansas,KS,5.3,-0.3,1333700,0.85,,,3.84,
2005-04-01,21,Kentucky,KY,5.7,0,1810100,1.47,,,3.81,
2005-04-01,22,Louisiana,LA,5.4,-0.4,1943700,1.24,,,6.37,
2005-04-01,23,Maine,ME,4.9,0.3,612300,0.18,,,1.11,
2005-04-01,24,Maryland,MD,4.4,0.1,2563500,1.67,,,4.54,
2005-04-01,25,Massachusetts,MA,4.8,-0.5,3227300,0.58,,,2.25,
2005-04-01,26,Michigan,MI,6.9,0.1,4404900,,,,1.8,
2005-04-01,27,Minnesota,MN,4.1,-0.6,2713400,1.38,,,2.73,
2005-04-01,28,Mississippi,MS,7,1.1,1135200,0.86,,,2.29,
2005-04-01,29,Missouri,MO,5.7,0,2743300,1.74,,,2.23,
2005-04-01,30,Montana,MT,4.2,-0.4,416000,1.41,,,5.14,
2005-04-01,31,Nebraska,NE,3.9,0.1,932700,1.47,,,4.36,
2005-04-01,32,Nevada,NV,4.3,-0.3,1212800,6.64,,,8.11,
2005-04-01,33,New Hampshire,NH,3.6,-0.4,632500,1.46,,,1.65,
2005-04-01,34,New Jersey,NJ,4.3,-0.8,4041900,1.37,,,1.9,
2005-04-01,35,New Mexico,NM,5.5,-0.2,804900,2.34,,,0.64,
2005-04-01,36,New York,NY,4.9,-1.3,8518800,1.24,,,2.52,
2005-04-01,37,North Carolina,NC,5.3,-0.3,3892800,2.28,,,5.17,
2005-04-01,38,North Dakota,ND,3.4,0.1,345000,2.68,,,3.47,
2005-04-01,39,Ohio,OH,6,-0.2,5433700,0.53,,,2.19,
2005-04-01,40,Oklahoma,OK,4.4,-0.5,1517900,2.57,,,4.27,
2005-04-01,41,Oregon,OR,6.3,-1.3,1646900,3.02,,,3.49,
2005-04-01,42,Pennsylvania,PA,5.1,-0.3,5698100,1.29,,,1.84,
2005-04-01,44,Rhode Island,RI,4.9,-0.8,495700,1.06,,,1.32,
2005-04-01,45,South Carolina,SC,6.8,-0.2,1855200,2.01,,,3.44,
2005-04-01,46,South Dakota,SD,3.7,0.2,388900,1.65,,,4.56,
2005-04-01,47,Tennessee,TN,5.6,0.5,2740500,1.47,,,2.66,
2005-04-01,48,Texas,TX,5.5,-0.7,9713200,2.33,,,2.9,
2005-04-01,49,Utah,UT,4.3,-0.9,1137400,3.58,,,6.39,
2005-04-01,50,Vermont,VT,3.4,-0.4,305800,1.16,,,1.01,
2005-04-01,51,Virginia,VA,3.6,-0.2,3652100,2.31,,,4.82,
2005-04-01,53,Washington,WA,5.7,-0.7,2797200,2.53,,,6.84,
2005-04-01,54,West Virginia,WV,5.1,-0.4,710500,1.15,,,2.74,
2005-04-01,55,Wisconsin,WI,4.7,-0.4,2836700,1.66,,,2.42,
2005-04-01,56,Wyoming,WY,3.6,-0.3,261700,2.51,,,5.47,
2005-03-01,01,Alabama,AL,4.8,,1943900,,,,3.86,
2005-03-01,02,Alaska,AK,6.9,,308000,,,,3.56,
2005-03-01,04,Arizona,AZ,4.6,,2466100,,,,7.1,
2005-03-01,05,Arkansas,AR,5.3,,1172000,,,,3.56,
2005-03-01,10,Delaware,DE,4.1,,428900,,,,-2,
2005-03-01,11,District of Columbia,DC,7.1,,680400,,,,2.19,
2005-03-01,12,Florida,FL,4.1,,7671700,,,,5.9,
2005-03-01,13,Georgia,GA,5.4,,3973600,,,,4.25,
2005-03-01,15,Hawaii,HI,2.9,,595900,,,,5.21,
2005-03-01,16,Idaho,ID,4.2,,604100,,,,7.61,
2005-03-01,17,Illinois,IL,6,,5834100,,,,2.08,
2005-03-01,18,Indiana,IN,5.5,,2952000,,,,0.83,
2005-03-01,19,Iowa,IA,4.5,,1476200,,,,3.06,
2005-03-01,20,Kansas,KS,5.3,,1334500,,,,3.84,
2005-03-01,21,Kentucky,KY,5.7,,1805800,,,,3.81,
2005-03-01,22,Louisiana,LA,5.5,,1930100,,,,6.37,
2005-03-01,23,Maine,ME,4.9,,610500,,,,1.11,
2005-03-01,24,Maryland,MD,4.4,,2550300,,,,4.54,
2005-03-01,25,Massachusetts,MA,4.8,,3218200,,,,2.25,
2005-03-01,26,Michigan,MI,7,,4399500,,,,1.8,
2005-03-01,27,Minnesota,MN,4.2,,2693800,,,,2.73,
2005-03-01,28,Mississippi,MS,7,,1135100,,,,2.29,
2005-03-01,29,Missouri,MO,5.8,,2728400,,,,2.23,
2005-03-01,30,Montana,MT,4.3,,417700,,,,5.14,
2005-03-01,31,Nebraska,NE,4,,931800,,,,4.36,
2005-03-01,32,Nevada,NV,4.3,,1200800,,,,8.11,
2005-03-01,33,New Hampshire,NH,3.7,,629700,,,,1.65,
2005-03-01,34,New Jersey,NJ,4.3,,4024600,,,,1.9,
2005-03-01,35,New Mexico,NM,5.6,,800100,,,,0.64,
2005-03-01,36,New York,NY,5,,8483700,,,,2.52,
2005-03-01,37,North Carolina,NC,5.3,,3887600,,,,5.17,
2005-03-01,38,North Dakota,ND,3.4,,343100,,,,3.47,
2005-03-01,39,Ohio,OH,6.1,,5415000,,,,2.19,
2005-03-01,40,Oklahoma,OK,4.4,,1511400,,,,4.27,
2005-03-01,41,Oregon,OR,6.4,,1645100,,,,3.49,
2005-03-01,42,Pennsylvania,PA,5.1,,5674800,,,,1.84,
2005-03-01,44,Rhode Island,RI,4.9,,493400,,,,1.32,
2005-03-01,45,South Carolina,SC,6.9,,1849000,,,,3.44,
2005-03-01,46,South Dakota,SD,3.7,,387900,,,,4.56,
2005-03-01,47,Tennessee,TN,5.7,,2735900,,,,2.66,
2005-03-01,48,Texas,TX,5.6,,9671500,,,,2.9,
2005-03-01,49,Utah,UT,4.4,,1133200,,,,6.39,
2005-03-01,50,Vermont,VT,3.4,,305200,,,,1.01,
2005-03-01,51,Virginia,VA,3.6,,3638800,,,,4.82,
2005-03-01,53,Washington,WA,5.7,,2789100,,,,6.84,
2005-03-01,54,West Virginia,WV,5.1,,707900,,,,2.74,
2005-03-01,55,Wisconsin,WI,4.7,,2827700,,,,2.42,
2005-03-01,56,Wyoming,WY,3.6,,261100.00000000003,,,,5.47,
2005-02-01,01,Alabama,AL,4.9,-1,1941300,2,,,3.86,
2005-02-01,02,Alaska,AK,7,-0.6,307300,2.3,,,3.56,
2005-02-01,04,Arizona,AZ,4.6,-0.7,2457600,4.94,,,7.1,
2005-02-01,05,Arkansas,AR,5.3,-0.4,1170900,1.63,,,3.56,
2005-02-01,10,Delaware,DE,4.1,0.2,428800,1.3,,,-2,
2005-02-01,11,District of Columbia,DC,7.3,0.2,680600,1.51,,,2.19,
2005-02-01,12,Florida,FL,4.2,-0.6,7670700,4.04,,,5.9,
2005-02-01,13,Georgia,GA,5.4,1,3980700,2.31,,,4.25,
2005-02-01,15,Hawaii,HI,3,-0.6,594800,3.26,,,5.21,
2005-02-01,16,Idaho,ID,4.3,-0.8,602700,4.08,,,7.61,
2005-02-01,17,Illinois,IL,6,-0.4,5835800,0.74,,,2.08,
2005-02-01,18,Indiana,IN,5.6,0.1,2955700,1.51,,,0.83,
2005-02-01,19,Iowa,IA,4.5,0.1,1471500,1.57,,,3.06,
2005-02-01,20,Kansas,KS,5.4,-0.2,1332700,1.82,,,3.84,
2005-02-01,21,Kentucky,KY,5.6,-0.1,1806400,1.37,,,3.81,
2005-02-01,22,Louisiana,LA,5.5,-0.3,1926500,0.53,,,6.37,
2005-02-01,23,Maine,ME,4.9,0.1,611800,-0.05,,,1.11,
2005-02-01,24,Maryland,MD,4.4,0.1,2557400,1.75,,,4.54,
2005-02-01,25,Massachusetts,MA,4.9,-0.5,3223900,0.68,,,2.25,
2005-02-01,26,Michigan,MI,7.1,0.4,4404800,0.2,,,1.8,
2005-02-01,27,Minnesota,MN,4.2,-0.5,2690500,1.25,,,2.73,
2005-02-01,28,Mississippi,MS,6.9,1.2,1134200,1.1,,,2.29,
2005-02-01,29,Missouri,MO,5.9,0.3,2725800,1.6,,,2.23,
2005-02-01,30,Montana,MT,4.3,-0.4,416700,2.89,,,5.14,
2005-02-01,31,Nebraska,NE,4,0.2,929900,1.82,,,4.36,
2005-02-01,32,Nevada,NV,4.3,-0.4,1193100,6.41,,,8.11,
2005-02-01,33,New Hampshire,NH,3.6,-0.5,630200,1.76,,,1.65,
2005-02-01,34,New Jersey,NJ,4.4,-0.9,4030700,1.1,,,1.9,
2005-02-01,35,New Mexico,NM,5.6,-0.2,799700,1.99,,,0.64,
2005-02-01,36,New York,NY,5.1,-1.2,8487200,0.94,,,2.52,
2005-02-01,37,North Carolina,NC,5.4,-0.3,3886700,2.63,,,5.17,
2005-02-01,38,North Dakota,ND,3.4,0.1,342800,2.48,,,3.47,
2005-02-01,39,Ohio,OH,6.2,0.1,5414200,0.37,,,2.19,
2005-02-01,40,Oklahoma,OK,4.5,-0.5,1506900,2.12,,,4.27,
2005-02-01,41,Oregon,OR,6.5,-1.2,1639500,3.51,,,3.49,
2005-02-01,42,Pennsylvania,PA,5.2,-0.2,5684300,1.22,,,1.84,
2005-02-01,44,Rhode Island,RI,4.9,-0.7,493500,0.59,,,1.32,
2005-02-01,45,South Carolina,SC,6.9,0.1,1853900,2.73,,,3.44,
2005-02-01,46,South Dakota,SD,3.7,0.3,386500,1.66,,,4.56,
2005-02-01,47,Tennessee,TN,5.7,0.5,2734500,1,,,2.66,
2005-02-01,48,Texas,TX,5.7,-0.5,9654400,2.05,,,2.9,
2005-02-01,49,Utah,UT,4.5,-0.8,1130300,3.68,,,6.39,
2005-02-01,50,Vermont,VT,3.4,-0.5,304500,1.2,,,1.01,
2005-02-01,51,Virginia,VA,3.6,-0.2,3640700,2.52,,,4.82,
2005-02-01,53,Washington,WA,5.8,-0.9,2779300,2.43,,,6.84,
2005-02-01,54,West Virginia,WV,5.2,-0.4,709200,1.62,,,2.74,
2005-02-01,55,Wisconsin,WI,4.7,-0.5,2825000,1.44,,,2.42,
2005-02-01,56,Wyoming,WY,3.6,-0.4,259600.00000000003,2.45,,,5.47,
2005-01-01,01,Alabama,AL,5,-0.9,1938800,2.03,197246483,197246483,3.86,
2005-01-01,02,Alaska,AK,7.1,-0.5,308400,2.15,44406803,44406803,3.56,
2005-01-01,04,Arizona,AZ,4.6,-0.8,2444300,4.54,283806171,283806171,7.1,
2005-01-01,05,Arkansas,AR,5.4,-0.3,1167200,1.4,112451090,112451090,3.56,
2005-01-01,06,California,CA,,,,,2042141033,2042141033,4.36,
2005-01-01,08,Colorado,CO,,,,,261992919,261992919,4.77,
2005-01-01,09,Connecticut,CT,,,,,258203694,258203694,2.19,
2005-01-01,10,Delaware,DE,4.1,0.2,427900,1.76,66381193,66381193,-2,
2005-01-01,11,District of Columbia,DC,7.4,0.4,680500,2.1,108884101,108884101,2.19,
2005-01-01,12,Florida,FL,4.3,-0.5,7649900,4.01,883164468,883164468,5.9,
2005-01-01,13,Georgia,GA,5.3,0.9,3977600,2.39,480838326,480838326,4.25,
2005-01-01,15,Hawaii,HI,3.1,-0.6,593900,3.22,72941857,72941857,5.21,
2005-01-01,16,Idaho,ID,4.4,-0.8,601000,4.09,59331913,59331913,7.61,
2005-01-01,17,Illinois,IL,6,-0.4,5831400,0.58,741248580,741248580,2.08,
2005-01-01,18,Indiana,IN,5.6,0.3,2949800,1.27,306344585,306344585,0.83,
2005-01-01,19,Iowa,IA,4.6,0.3,1465500,1.17,153626763,153626763,3.06,
2005-01-01,20,Kansas,KS,5.4,-0.2,1327900,1.07,129588206,129588206,3.84,
2005-01-01,21,Kentucky,KY,5.5,-0.3,1799600,1.11,182017881,182017881,3.81,
2005-01-01,22,Louisiana,LA,5.6,-0.2,1928000,0.69,249560897,249560897,6.37,
2005-01-01,23,Maine,ME,4.8,0,611300,-0.02,59589666,59589666,1.11,
2005-01-01,24,Maryland,MD,4.4,0.1,2551900,1.52,325644492,325644492,4.54,
2005-01-01,25,Massachusetts,MA,4.9,-0.6,3215500,0.64,417075605,417075605,2.25,
2005-01-01,26,Michigan,MI,7.2,0.5,4393100,-0.25,493796257,493796257,1.8,
2005-01-01,27,Minnesota,MN,4.3,-0.5,2682200,1.04,301761219,301761219,2.73,
2005-01-01,28,Mississippi,MS,6.9,1.2,1131600,0.84,103691757,103691757,2.29,
2005-01-01,29,Missouri,MO,6,0.5,2717700,0.95,285341740,285341740,2.23,
2005-01-01,30,Montana,MT,4.3,-0.4,413500,2.45,38848976,38848976,5.14,
2005-01-01,31,Nebraska,NE,4,0.2,927400,1.15,94555959,94555959,4.36,
2005-01-01,32,Nevada,NV,4.3,-0.4,1186400,5.92,150680865,150680865,8.11,
2005-01-01,33,New Hampshire,NH,3.6,-0.6,632000,2.22,69556141,69556141,1.65,
2005-01-01,34,New Jersey,NJ,4.4,-1,4026400,1.1,546357781,546357781,1.9,
2005-01-01,35,New Mexico,NM,5.6,-0.2,798700,2.06,86295933,86295933,0.64,
2005-01-01,36,New York,NY,5.1,-1.2,8490600,1.17,1301438005,1301438005,2.52,
2005-01-01,37,North Carolina,NC,5.4,-0.4,3879300,2.54,442305623,442305623,5.17,
2005-01-01,38,North Dakota,ND,3.4,0.1,341300,2.06,29629028,29629028,3.47,
2005-01-01,39,Ohio,OH,6.3,0.2,5404400,0.26,584867668,584867668,2.19,
2005-01-01,40,Oklahoma,OK,4.5,-0.6,1502700,1.85,140360102,140360102,4.27,
2005-01-01,41,Oregon,OR,6.6,-1.1,1636500,3.77,168734422,168734422,3.49,
2005-01-01,42,Pennsylvania,PA,5.2,-0.2,5675000,1.16,626290144,626290144,1.84,
2005-01-01,44,Rhode Island,RI,4.8,-0.8,493100,0.65,55885918,55885918,1.32,
2005-01-01,45,South Carolina,SC,7,0.2,1853100,2.7,183267536,183267536,3.44,
2005-01-01,46,South Dakota,SD,3.7,0.3,385700,1.53,39330564,39330564,4.56,
2005-01-01,47,Tennessee,TN,5.7,0.4,2723200,1.35,289064255,289064255,2.66,
2005-01-01,48,Texas,TX,5.8,-0.5,9642500,2.03,1143413077,1143413077,2.9,
2005-01-01,49,Utah,UT,4.5,-0.8,1125400,3.56,118430200,118430200,6.39,
2005-01-01,50,Vermont,VT,3.4,-0.6,304500,1.13,29283221,29283221,1.01,
2005-01-01,51,Virginia,VA,3.6,-0.3,3633000,2.64,442089548,442089548,4.82,
2005-01-01,53,Washington,WA,5.8,-1,2778000,2.57,358396321,358396321,6.84,
2005-01-01,54,West Virginia,WV,5.2,-0.5,708400,1.61,67888756,67888756,2.74,
2005-01-01,55,Wisconsin,WI,4.8,-0.4,2818300,1.35,282065657,282065657,2.42,
2005-01-01,56,Wyoming,WY,3.6,-0.4,258700,2.09,32463117,32463117,5.47,
2005-01-01,91,New England,,,,,,889361439,889361439,2.01,
2005-01-01,92,Mideast,,,,,,2976619316,2976619316,2.36,
2005-01-01,93,Great Lakes,,,,,,2408650149,2408650149,1.93,
2005-01-01,94,Plains,,,,,,1032697339,1032697339,3.01,
2005-01-01,95,Southeast,,,,,,3634909922,3634909922,4.65,
2005-01-01,96,Southwest,,,,,,1648724344,1648724344,3.55,
2005-01-01,97,Rocky Mountain,,,,,,511144300,511144300,5.53,
2005-01-01,98,Far West,,,,,,2835774939,2835774939,4.8,
2004-12-01,01,Alabama,AL,5.1,-0.8,1936300,2.2,,,6.67,
2004-12-01,02,Alaska,AK,7.2,-0.4,307400,2.3,,,3.99,
2004-12-01,04,Arizona,AZ,4.6,-0.8,2443900,4.87,,,4.43,
2004-12-01,05,Arkansas,AR,5.4,-0.3,1166800,1.38,,,5.47,
2004-12-01,10,Delaware,DE,4.1,0.2,427700,2.03,,,5.32,
2004-12-01,11,District of Columbia,DC,7.6,0.7,677400,1.59,,,5.52,
2004-12-01,12,Florida,FL,4.3,-0.6,7628100,4.55,,,6.67,
2004-12-01,13,Georgia,GA,5.2,0.8,3961900,2.01,,,5.05,
2004-12-01,15,Hawaii,HI,3.1,-0.7,592600,3.35,,,5.65,
2004-12-01,16,Idaho,ID,4.5,-0.8,598100,3.69,,,6.97,
2004-12-01,17,Illinois,IL,6,-0.5,5850700,0.94,,,3.21,
2004-12-01,18,Indiana,IN,5.6,0.2,2949900,1.36,,,3.68,
2004-12-01,19,Iowa,IA,4.6,0.2,1467300,1.35,,,8.43,
2004-12-01,20,Kansas,KS,5.4,-0.3,1335300,1.79,,,1.06,
2004-12-01,21,Kentucky,KY,5.4,-0.5,1802000,1.18,,,2.85,
2004-12-01,22,Louisiana,LA,5.6,-0.2,1926400,0.67,,,4.94,
2004-12-01,23,Maine,ME,4.8,-0.1,612200,0.36,,,3.61,
2004-12-01,24,Maryland,MD,4.4,0.1,2551600,1.62,,,4.64,
2004-12-01,25,Massachusetts,MA,4.9,-0.6,3219000,0.75,,,2.72,
2004-12-01,26,Michigan,MI,7.2,0.4,4403800,-0.05,,,1.68,
2004-12-01,27,Minnesota,MN,4.3,-0.5,2699400,1.64,,,4.61,
2004-12-01,28,Mississippi,MS,6.8,1.1,1130400,0.96,,,2.64,
2004-12-01,29,Missouri,MO,6,0.5,2720100,1.24,,,2.63,
2004-12-01,30,Montana,MT,4.4,-0.4,415600,3,,,4.82,
2004-12-01,31,Nebraska,NE,4,0.2,927300,1.34,,,2.6,
2004-12-01,32,Nevada,NV,4.3,-0.5,1186700,6.51,,,10.7,
2004-12-01,33,New Hampshire,NH,3.6,-0.7,628600,1.39,,,3.49,
2004-12-01,34,New Jersey,NJ,4.4,-1.1,4027700,0.97,,,1.2,
2004-12-01,35,New Mexico,NM,5.6,-0.3,799200,2.29,,,8.87,
2004-12-01,36,New York,NY,5.2,-1.2,8494200,1.15,,,2.66,
2004-12-01,37,North Carolina,NC,5.3,-0.5,3870600,2.3,,,3.95,
2004-12-01,38,North Dakota,ND,3.4,0,341200,1.91,,,1.09,
2004-12-01,39,Ohio,OH,6.3,0.2,5420000,0.59,,,2.74,
2004-12-01,40,Oklahoma,OK,4.5,-0.6,1502600,2.17,,,3.43,
2004-12-01,41,Oregon,OR,6.7,-1,1631900,2.97,,,5.57,
2004-12-01,42,Pennsylvania,PA,5.2,-0.3,5678000,1.02,,,2.7,
2004-12-01,44,Rhode Island,RI,4.8,-0.7,493200,0.61,,,4.21,
2004-12-01,45,South Carolina,SC,7,0.3,1848700,2.53,,,1.66,
2004-12-01,46,South Dakota,SD,3.7,0.2,385000,1.53,,,4.08,
2004-12-01,47,Tennessee,TN,5.7,0.3,2734800,2.05,,,5.22,
2004-12-01,48,Texas,TX,5.8,-0.6,9615300,2.06,,,5.61,
2004-12-01,49,Utah,UT,4.6,-0.7,1122500,3.57,,,6.19,
2004-12-01,50,Vermont,VT,3.4,-0.7,304100,0.86,,,5.23,
2004-12-01,51,Virginia,VA,3.6,-0.3,3631300,2.88,,,4.26,
2004-12-01,53,Washington,WA,5.9,-1,2772500,2.16,,,2.38,
2004-12-01,54,West Virginia,WV,5.2,-0.5,707000,1.57,,,1.49,
2004-12-01,55,Wisconsin,WI,4.8,-0.5,2817800,1.44,,,3.64,
2004-12-01,56,Wyoming,WY,3.7,-0.4,258200,2.22,,,3.27,
2004-11-01,01,Alabama,AL,5.2,-0.7,1932300,2.02,,,6.67,
2004-11-01,02,Alaska,AK,7.2,-0.4,306200,2.07,,,3.99,
2004-11-01,04,Arizona,AZ,4.6,-0.9,2431400,4.65,,,4.43,
2004-11-01,05,Arkansas,AR,5.4,-0.4,1165300,1.37,,,5.47,
2004-11-01,10,Delaware,DE,4.1,0.1,428200,2.39,,,5.32,
2004-11-01,11,District of Columbia,DC,7.7,0.9,678400,1.92,,,5.52,
2004-11-01,12,Florida,FL,4.4,-0.6,7603800,4.45,,,6.67,
2004-11-01,13,Georgia,GA,5.2,0.7,3957600,2.13,,,5.05,
2004-11-01,15,Hawaii,HI,3.1,-0.8,593200,3.89,,,5.65,
2004-11-01,16,Idaho,ID,4.6,-0.8,596700,3.7,,,6.97,
2004-11-01,17,Illinois,IL,6.1,-0.5,5833400,0.71,,,3.21,
2004-11-01,18,Indiana,IN,5.5,0.2,2950200,1.4,,,3.68,
2004-11-01,19,Iowa,IA,4.6,0.2,1464800,1.35,,,8.43,
2004-11-01,20,Kansas,KS,5.4,-0.3,1334400,1.59,,,1.06,
2004-11-01,21,Kentucky,KY,5.3,-0.7,1799500,1.22,,,2.85,
2004-11-01,22,Louisiana,LA,5.6,-0.3,1927000,0.63,,,4.94,
2004-11-01,23,Maine,ME,4.7,-0.3,613700,0.66,,,3.61,
2004-11-01,24,Maryland,MD,4.3,-0.1,2548800,1.57,,,4.64,
2004-11-01,25,Massachusetts,MA,4.9,-0.7,3217600,0.43,,,2.72,
2004-11-01,26,Michigan,MI,7.2,0.3,4404000,-0.06,,,1.68,
2004-11-01,27,Minnesota,MN,4.4,-0.5,2693800,1.54,,,4.61,
2004-11-01,28,Mississippi,MS,6.6,0.9,1129500,0.68,,,2.64,
2004-11-01,29,Missouri,MO,6,0.4,2718500,1.18,,,2.63,
2004-11-01,30,Montana,MT,4.4,-0.4,414300,3.09,,,4.82,
2004-11-01,31,Nebraska,NE,3.9,0,925900,1.27,,,2.6,
2004-11-01,32,Nevada,NV,4.3,-0.6,1181700,6.64,,,10.7,
2004-11-01,33,New Hampshire,NH,3.5,-0.9,628500,1.4,,,3.49,
2004-11-01,34,New Jersey,NJ,4.5,-1.1,4023200,0.77,,,1.2,
2004-11-01,35,New Mexico,NM,5.5,-0.5,797700,2.2,,,8.87,
2004-11-01,36,New York,NY,5.3,-1.1,8485000,0.99,,,2.66,
2004-11-01,37,North Carolina,NC,5.3,-0.7,3858400,2.08,,,3.95,
2004-11-01,38,North Dakota,ND,3.4,0,341400,2.09,,,1.09,
2004-11-01,39,Ohio,OH,6.3,0.2,5417900,0.57,,,2.74,
2004-11-01,40,Oklahoma,OK,4.5,-0.7,1499500,1.96,,,3.43,
2004-11-01,41,Oregon,OR,6.9,-0.9,1628200,3.05,,,5.57,
2004-11-01,42,Pennsylvania,PA,5.2,-0.3,5672300,0.98,,,2.7,
2004-11-01,44,Rhode Island,RI,4.8,-0.6,493200,0.69,,,4.21,
2004-11-01,45,South Carolina,SC,6.9,0.1,1846300,2.6,,,1.66,
2004-11-01,46,South Dakota,SD,3.7,0.2,385500,1.58,,,4.08,
2004-11-01,47,Tennessee,TN,5.6,0.1,2728600,1.92,,,5.22,
2004-11-01,48,Texas,TX,5.9,-0.6,9601200,1.97,,,5.61,
2004-11-01,49,Utah,UT,4.6,-0.8,1120500,3.53,,,6.19,
2004-11-01,50,Vermont,VT,3.4,-0.8,304400,1.26,,,5.23,
2004-11-01,51,Virginia,VA,3.6,-0.3,3623200,2.65,,,4.26,
2004-11-01,53,Washington,WA,5.9,-1.1,2766900,2.15,,,2.38,
2004-11-01,54,West Virginia,WV,5.2,-0.6,706200,1.74,,,1.49,
2004-11-01,55,Wisconsin,WI,4.8,-0.6,2818400,1.55,,,3.64,
2004-11-01,56,Wyoming,WY,3.7,-0.4,257800,2.18,,,3.27,
2004-10-01,01,Alabama,AL,5.3,-0.7,1928600,1.92,,,6.67,
2004-10-01,02,Alaska,AK,7.2,-0.5,307200,2.5,,,3.99,
2004-10-01,04,Arizona,AZ,4.6,-1,2425500,4.65,,,4.43,
2004-10-01,05,Arkansas,AR,5.4,-0.4,1162500,1.03,,,5.47,
2004-10-01,10,Delaware,DE,4.1,0,427600,2.3,,,5.32,
2004-10-01,11,District of Columbia,DC,7.7,0.9,677000,1.74,,,5.52,
2004-10-01,12,Florida,FL,4.4,-0.7,7562300,3.97,,,6.67,
2004-10-01,13,Georgia,GA,5.1,0.5,3952700,2.15,,,5.05,
2004-10-01,15,Hawaii,HI,3.2,-0.7,591000,3.43,,,5.65,
2004-10-01,16,Idaho,ID,4.8,-0.7,594800,3.57,,,6.97,
2004-10-01,17,Illinois,IL,6.1,-0.7,5830900,0.6,,,3.21,
2004-10-01,18,Indiana,IN,5.5,0.1,2948400,1.37,,,3.68,
2004-10-01,19,Iowa,IA,4.6,0.2,1463200,1.29,,,8.43,
2004-10-01,20,Kansas,KS,5.4,-0.4,1334700,1.69,,,1.06,
2004-10-01,21,Kentucky,KY,5.3,-0.8,1797600,1.09,,,2.85,
2004-10-01,22,Louisiana,LA,5.6,-0.4,1921100,0.37,,,4.94,
2004-10-01,23,Maine,ME,4.6,-0.5,612400,0.51,,,3.61,
2004-10-01,24,Maryland,MD,4.3,-0.1,2548000,1.59,,,4.64,
2004-10-01,25,Massachusetts,MA,4.9,-0.8,3218300,0.54,,,2.72,
2004-10-01,26,Michigan,MI,7.2,0.1,4408800,-0.08,,,1.68,
2004-10-01,27,Minnesota,MN,4.5,-0.4,2693700,1.49,,,4.61,
2004-10-01,28,Mississippi,MS,6.5,0.7,1129700,0.89,,,2.64,
2004-10-01,29,Missouri,MO,6,0.3,2719300,1.04,,,2.63,
2004-10-01,30,Montana,MT,4.4,-0.4,413500,2.76,,,4.82,
2004-10-01,31,Nebraska,NE,3.9,0,925200,1.3,,,2.6,
2004-10-01,32,Nevada,NV,4.3,-0.7,1180200,6.83,,,10.7,
2004-10-01,33,New Hampshire,NH,3.5,-0.9,629100,1.75,,,3.49,
2004-10-01,34,New Jersey,NJ,4.6,-1.1,4015600,0.62,,,1.2,
2004-10-01,35,New Mexico,NM,5.5,-0.6,796900,2.34,,,8.87,
2004-10-01,36,New York,NY,5.4,-1,8486800,1.13,,,2.66,
2004-10-01,37,North Carolina,NC,5.3,-0.8,3853500,1.8,,,3.95,
2004-10-01,38,North Dakota,ND,3.4,0,341200,2.19,,,1.09,
2004-10-01,39,Ohio,OH,6.3,0.2,5422500,0.55,,,2.74,
2004-10-01,40,Oklahoma,OK,4.5,-0.8,1499000,1.95,,,3.43,
2004-10-01,41,Oregon,OR,7,-0.9,1626400,2.98,,,5.57,
2004-10-01,42,Pennsylvania,PA,5.3,-0.3,5669400,1.03,,,2.7,
2004-10-01,44,Rhode Island,RI,4.8,-0.6,494100,0.98,,,4.21,
2004-10-01,45,South Carolina,SC,6.9,0.1,1842700,2.42,,,1.66,
2004-10-01,46,South Dakota,SD,3.7,0.2,385500,1.74,,,4.08,
2004-10-01,47,Tennessee,TN,5.5,-0.1,2727600,2.05,,,5.22,
2004-10-01,48,Texas,TX,5.9,-0.7,9594000,2.01,,,5.61,
2004-10-01,49,Utah,UT,4.7,-0.7,1115400,3.32,,,6.19,
2004-10-01,50,Vermont,VT,3.5,-0.8,304500,1.53,,,5.23,
2004-10-01,51,Virginia,VA,3.6,-0.4,3617100,2.77,,,4.26,
2004-10-01,53,Washington,WA,6,-1.2,2762700,2.05,,,2.38,
2004-10-01,54,West Virginia,WV,5.2,-0.7,707100,1.62,,,1.49,
2004-10-01,55,Wisconsin,WI,4.8,-0.7,2817200,1.41,,,3.64,
2004-10-01,56,Wyoming,WY,3.8,-0.4,256300,1.3,,,3.27,
2004-09-01,01,Alabama,AL,5.4,-0.6,1920100,1.64,,,6.67,
2004-09-01,02,Alaska,AK,7.3,-0.4,305800,1.76,,,3.99,
2004-09-01,04,Arizona,AZ,4.7,-1,2398900,4.08,,,4.43,
2004-09-01,05,Arkansas,AR,5.5,-0.4,1159300,1.15,,,5.47,
2004-09-01,10,Delaware,DE,4.1,-0.1,426100,2.04,,,5.32,
2004-09-01,11,District of Columbia,DC,7.8,0.9,676800,1.61,,,5.52,
2004-09-01,12,Florida,FL,4.5,-0.7,7484600,3.2,,,6.67,
2004-09-01,13,Georgia,GA,5,0.3,3927600,1.26,,,5.05,
2004-09-01,15,Hawaii,HI,3.2,-0.8,586900,3.07,,,5.65,
2004-09-01,16,Idaho,ID,4.8,-0.8,590900,3.16,,,6.97,
2004-09-01,17,Illinois,IL,6.1,-0.8,5818400,0.33,,,3.21,
2004-09-01,18,Indiana,IN,5.4,0,2943100,1.51,,,3.68,
2004-09-01,19,Iowa,IA,4.6,0.1,1459600,1.17,,,8.43,
2004-09-01,20,Kansas,KS,5.4,-0.4,1334400,1.73,,,1.06,
2004-09-01,21,Kentucky,KY,5.3,-0.9,1792500,0.86,,,2.85,
2004-09-01,22,Louisiana,LA,5.5,-0.7,1914900,0.25,,,4.94,
2004-09-01,23,Maine,ME,4.6,-0.5,612300,0.67,,,3.61,
2004-09-01,24,Maryland,MD,4.3,-0.1,2537300,1.2,,,4.64,
2004-09-01,25,Massachusetts,MA,4.9,-0.9,3218300,0.16,,,2.72,
2004-09-01,26,Michigan,MI,7.1,-0.2,4402400,-0.08,,,1.68,
2004-09-01,27,Minnesota,MN,4.6,-0.3,2686500,1.06,,,4.61,
2004-09-01,28,Mississippi,MS,6.4,0.5,1128600,1.18,,,2.64,
2004-09-01,29,Missouri,MO,6,0.2,2709400,0.89,,,2.63,
2004-09-01,30,Montana,MT,4.4,-0.4,412700,2.92,,,4.82,
2004-09-01,31,Nebraska,NE,3.9,-0.1,925200,1.53,,,2.6,
2004-09-01,32,Nevada,NV,4.3,-0.8,1167400,6.38,,,10.7,
2004-09-01,33,New Hampshire,NH,3.6,-0.9,627400,1.72,,,3.49,
2004-09-01,34,New Jersey,NJ,4.7,-1.1,4014100,0.62,,,1.2,
2004-09-01,35,New Mexico,NM,5.4,-0.7,789700,1.65,,,8.87,
2004-09-01,36,New York,NY,5.5,-1,8471000,0.95,,,2.66,
2004-09-01,37,North Carolina,NC,5.3,-0.9,3855000,2.24,,,3.95,
2004-09-01,38,North Dakota,ND,3.4,-0.1,339600,1.37,,,1.09,
2004-09-01,39,Ohio,OH,6.3,0.1,5409900,0.44,,,2.74,
2004-09-01,40,Oklahoma,OK,4.5,-1,1491900,1.63,,,3.43,
2004-09-01,41,Oregon,OR,7.2,-0.8,1621400,3.03,,,5.57,
2004-09-01,42,Pennsylvania,PA,5.3,-0.3,5656100,0.86,,,2.7,
2004-09-01,44,Rhode Island,RI,4.9,-0.5,493200,0.98,,,4.21,
2004-09-01,45,South Carolina,SC,6.9,0,1839200,2.23,,,1.66,
2004-09-01,46,South Dakota,SD,3.6,0,385500,2.09,,,4.08,
2004-09-01,47,Tennessee,TN,5.5,-0.2,2714200,1.83,,,5.22,
2004-09-01,48,Texas,TX,5.9,-0.8,9546600,1.55,,,5.61,
2004-09-01,49,Utah,UT,4.8,-0.7,1109700,3.19,,,6.19,
2004-09-01,50,Vermont,VT,3.5,-0.8,304900,1.91,,,5.23,
2004-09-01,51,Virginia,VA,3.6,-0.5,3602800,2.71,,,4.26,
2004-09-01,53,Washington,WA,6,-1.3,2745400,1.53,,,2.38,
2004-09-01,54,West Virginia,WV,5.2,-0.8,704500,1.44,,,1.49,
2004-09-01,55,Wisconsin,WI,4.8,-0.8,2808000,1.5,,,3.64,
2004-09-01,56,Wyoming,WY,3.8,-0.5,254900,1.11,,,3.27,
2004-08-01,01,Alabama,AL,5.5,-0.5,1922300,1.89,,,6.67,
2004-08-01,02,Alaska,AK,7.3,-0.5,304900,1.8,,,3.99,
2004-08-01,04,Arizona,AZ,4.8,-1,2395800,4.1,,,4.43,
2004-08-01,05,Arkansas,AR,5.5,-0.5,1161000,1.42,,,5.47,
2004-08-01,10,Delaware,DE,4.1,-0.2,425200,2.29,,,5.32,
2004-08-01,11,District of Columbia,DC,7.7,0.8,676800,2.51,,,5.52,
2004-08-01,12,Florida,FL,4.5,-0.8,7517800,3.9,,,6.67,
2004-08-01,13,Georgia,GA,4.9,0.1,3936000,1.7,,,5.05,
2004-08-01,15,Hawaii,HI,3.2,-0.9,586000,3.04,,,5.65,
2004-08-01,16,Idaho,ID,4.9,-0.8,590800,3.43,,,6.97,
2004-08-01,17,Illinois,IL,6.1,-0.8,5828100,0.44,,,3.21,
2004-08-01,18,Indiana,IN,5.4,0,2941200,1.5,,,3.68,
2004-08-01,19,Iowa,IA,4.6,0,1460700,1.46,,,8.43,
2004-08-01,20,Kansas,KS,5.4,-0.4,1330300,1.45,,,1.06,
2004-08-01,21,Kentucky,KY,5.4,-0.9,1791000,1.24,,,2.85,
2004-08-01,22,Louisiana,LA,5.6,-0.8,1923000,0.88,,,4.94,
2004-08-01,23,Maine,ME,4.6,-0.6,612800,0.84,,,3.61,
2004-08-01,24,Maryland,MD,4.3,-0.2,2536600,1.33,,,4.64,
2004-08-01,25,Massachusetts,MA,5,-0.9,3215300,0.25,,,2.72,
2004-08-01,26,Michigan,MI,7,-0.4,4399000,-0.07,,,1.68,
2004-08-01,27,Minnesota,MN,4.7,-0.2,2683100,0.88,,,4.61,
2004-08-01,28,Mississippi,MS,6.3,0.2,1126300,1.36,,,2.64,
2004-08-01,29,Missouri,MO,6,0.1,2707400,0.95,,,2.63,
2004-08-01,30,Montana,MT,4.5,-0.3,411200,2.65,,,4.82,
2004-08-01,31,Nebraska,NE,3.9,-0.1,924700,1.5,,,2.6,
2004-08-01,32,Nevada,NV,4.3,-0.9,1160100,6.25,,,10.7,
2004-08-01,33,New Hampshire,NH,3.7,-0.8,627000,1.47,,,3.49,
2004-08-01,34,New Jersey,NJ,4.8,-1.1,4009100,0.54,,,1.2,
2004-08-01,35,New Mexico,NM,5.4,-0.7,790800,1.83,,,8.87,
2004-08-01,36,New York,NY,5.6,-0.9,8467300,1.03,,,2.66,
2004-08-01,37,North Carolina,NC,5.3,-1.1,3845900,2.13,,,3.95,
2004-08-01,38,North Dakota,ND,3.4,-0.1,339700,1.49,,,1.09,
2004-08-01,39,Ohio,OH,6.3,0,5413300,0.42,,,2.74,
2004-08-01,40,Oklahoma,OK,4.5,-1.1,1491100,1.66,,,3.43,
2004-08-01,41,Oregon,OR,7.2,-1,1618100,2.96,,,5.57,
2004-08-01,42,Pennsylvania,PA,5.3,-0.4,5649900,0.8,,,2.7,
2004-08-01,44,Rhode Island,RI,5.1,-0.4,492700,0.88,,,4.21,
2004-08-01,45,South Carolina,SC,6.9,0,1835600,2.02,,,1.66,
2004-08-01,46,South Dakota,SD,3.6,0,384100,1.43,,,4.08,
2004-08-01,47,Tennessee,TN,5.4,-0.4,2717800,2.12,,,5.22,
2004-08-01,48,Texas,TX,5.9,-1,9553900,1.78,,,5.61,
2004-08-01,49,Utah,UT,4.9,-0.6,1107100,3.07,,,6.19,
2004-08-01,50,Vermont,VT,3.5,-0.9,304200,1.54,,,5.23,
2004-08-01,51,Virginia,VA,3.7,-0.4,3600300,2.78,,,4.26,
2004-08-01,53,Washington,WA,6.1,-1.3,2746200,1.65,,,2.38,
2004-08-01,54,West Virginia,WV,5.2,-0.9,703800,1.32,,,1.49,
2004-08-01,55,Wisconsin,WI,4.9,-0.8,2815400,2.03,,,3.64,
2004-08-01,56,Wyoming,WY,3.8,-0.6,256200,1.91,,,3.27,
2004-07-01,01,Alabama,AL,5.6,-0.4,1920700,1.89,,,6.67,
2004-07-01,02,Alaska,AK,7.4,-0.4,304400,1.94,,,3.99,
2004-07-01,04,Arizona,AZ,4.9,-1,2388400,4.1,,,4.43,
2004-07-01,05,Arkansas,AR,5.5,-0.5,1157100,1.3,,,5.47,
2004-07-01,10,Delaware,DE,4,-0.4,424300,2.29,,,5.32,
2004-07-01,11,District of Columbia,DC,7.7,0.8,672000,1.04,,,5.52,
2004-07-01,12,Florida,FL,4.6,-0.8,7513000,3.95,,,6.67,
2004-07-01,13,Georgia,GA,4.8,-0.1,3928700,1.58,,,5.05,
2004-07-01,15,Hawaii,HI,3.2,-0.9,586000,2.92,,,5.65,
2004-07-01,16,Idaho,ID,4.9,-0.8,589100,3.3,,,6.97,
2004-07-01,17,Illinois,IL,6.1,-0.8,5822500,0.34,,,3.21,
2004-07-01,18,Indiana,IN,5.3,0,2938700,1.69,,,3.68,
2004-07-01,19,Iowa,IA,4.6,0,1461400,1.75,,,8.43,
2004-07-01,20,Kansas,KS,5.5,-0.3,1329800,1.4,,,1.06,
2004-07-01,21,Kentucky,KY,5.5,-0.9,1781600,0.91,,,2.85,
2004-07-01,22,Louisiana,LA,5.6,-0.9,1919500,0.72,,,4.94,
2004-07-01,23,Maine,ME,4.6,-0.6,612300,0.96,,,3.61,
2004-07-01,24,Maryland,MD,4.3,-0.2,2532500,1.14,,,4.64,
2004-07-01,25,Massachusetts,MA,5.1,-0.8,3214900,0.12,,,2.72,
2004-07-01,26,Michigan,MI,7,-0.5,4381000,-0.32,,,1.68,
2004-07-01,27,Minnesota,MN,4.7,-0.2,2682500,0.98,,,4.61,
2004-07-01,28,Mississippi,MS,6.2,0,1126300,0.9,,,2.64,
2004-07-01,29,Missouri,MO,6,0.1,2694500,0.7,,,2.63,
2004-07-01,30,Montana,MT,4.5,-0.3,412400,3.33,,,4.82,
2004-07-01,31,Nebraska,NE,3.8,-0.3,921900,1.2,,,2.6,
2004-07-01,32,Nevada,NV,4.4,-0.9,1156600,6.44,,,10.7,
2004-07-01,33,New Hampshire,NH,3.8,-0.7,626900,1.8,,,3.49,
2004-07-01,34,New Jersey,NJ,4.9,-1.1,4005400,0.44,,,1.2,
2004-07-01,35,New Mexico,NM,5.5,-0.6,790900,1.92,,,8.87,
2004-07-01,36,New York,NY,5.8,-0.7,8463200,0.97,,,2.66,
2004-07-01,37,North Carolina,NC,5.4,-1,3836200,1.93,,,3.95,
2004-07-01,38,North Dakota,ND,3.4,-0.1,339400,2.26,,,1.09,
2004-07-01,39,Ohio,OH,6.2,-0.2,5415500,0.47,,,2.74,
2004-07-01,40,Oklahoma,OK,4.6,-1,1487600,1.27,,,3.43,
2004-07-01,41,Oregon,OR,7.3,-1,1613500,2.84,,,5.57,
2004-07-01,42,Pennsylvania,PA,5.4,-0.3,5645000,0.78,,,2.7,
2004-07-01,44,Rhode Island,RI,5.3,-0.2,492200,0.78,,,4.21,
2004-07-01,45,South Carolina,SC,7,0.1,1829700,1.8,,,1.66,
2004-07-01,46,South Dakota,SD,3.6,0,382900,1.3,,,4.08,
2004-07-01,47,Tennessee,TN,5.3,-0.5,2711700,1.99,,,5.22,
2004-07-01,48,Texas,TX,5.9,-1,9532100,1.66,,,5.61,
2004-07-01,49,Utah,UT,5,-0.6,1105600,3.1,,,6.19,
2004-07-01,50,Vermont,VT,3.6,-0.8,303800,1.4,,,5.23,
2004-07-01,51,Virginia,VA,3.7,-0.5,3596900,2.82,,,4.26,
2004-07-01,53,Washington,WA,6.1,-1.3,2741400,1.5,,,2.38,
2004-07-01,54,West Virginia,WV,5.3,-0.9,703800,1.32,,,1.49,
2004-07-01,55,Wisconsin,WI,4.9,-0.9,2810800,1.84,,,3.64,
2004-07-01,56,Wyoming,WY,3.8,-0.6,255800,2.28,,,3.27,
2004-06-01,01,Alabama,AL,5.7,-0.3,1915000,1.63,,,6.67,
2004-06-01,02,Alaska,AK,7.5,-0.3,303300,1.2,,,3.99,
2004-06-01,04,Arizona,AZ,5,-0.9,2377000,3.68,,,4.43,
2004-06-01,05,Arkansas,AR,5.6,-0.3,1156400,1.45,,,5.47,
2004-06-01,10,Delaware,DE,4,-0.4,424300,2.17,,,5.32,
2004-06-01,11,District of Columbia,DC,7.6,0.7,676600,1.56,,,5.52,
2004-06-01,12,Florida,FL,4.7,-0.7,7480600,3.61,,,6.67,
2004-06-01,13,Georgia,GA,4.7,-0.3,3913600,1.37,,,5.05,
2004-06-01,15,Hawaii,HI,3.2,-0.8,582500,2.75,,,5.65,
2004-06-01,16,Idaho,ID,4.9,-0.8,588300,2.99,,,6.97,
2004-06-01,17,Illinois,IL,6.2,-0.6,5816300,0.2,,,3.21,
2004-06-01,18,Indiana,IN,5.3,0.2,2932900,1.31,,,3.68,
2004-06-01,19,Iowa,IA,4.5,-0.1,1456500,1.49,,,8.43,
2004-06-01,20,Kansas,KS,5.5,-0.2,1325100,1.19,,,1.06,
2004-06-01,21,Kentucky,KY,5.5,-0.9,1786300,0.87,,,2.85,
2004-06-01,22,Louisiana,LA,5.7,-0.8,1918700,0.73,,,4.94,
2004-06-01,23,Maine,ME,4.6,-0.6,611900,1.11,,,3.61,
2004-06-01,24,Maryland,MD,4.3,-0.2,2528500,0.89,,,4.64,
2004-06-01,25,Massachusetts,MA,5.2,-0.7,3212700,0.01,,,2.72,
2004-06-01,26,Michigan,MI,6.9,-0.5,4395700,-0.56,,,1.68,
2004-06-01,27,Minnesota,MN,4.7,-0.1,2680700,0.88,,,4.61,
2004-06-01,28,Mississippi,MS,6.1,-0.2,1125400,1.41,,,2.64,
2004-06-01,29,Missouri,MO,5.9,0,2704000,0.56,,,2.63,
2004-06-01,30,Montana,MT,4.6,-0.2,413300,3.48,,,4.82,
2004-06-01,31,Nebraska,NE,3.8,-0.2,921400,0.81,,,2.6,
2004-06-01,32,Nevada,NV,4.4,-0.9,1149100,6.43,,,10.7,
2004-06-01,33,New Hampshire,NH,3.9,-0.6,624900,1.58,,,3.49,
2004-06-01,34,New Jersey,NJ,5,-1,4004200,0.72,,,1.2,
2004-06-01,35,New Mexico,NM,5.5,-0.5,788800,1.9,,,8.87,
2004-06-01,36,New York,NY,5.9,-0.6,8456600,0.74,,,2.66,
2004-06-01,37,North Carolina,NC,5.4,-1.1,3822900,1.06,,,3.95,
2004-06-01,38,North Dakota,ND,3.4,-0.1,338100,1.75,,,1.09,
2004-06-01,39,Ohio,OH,6.2,-0.2,5406400,0.28,,,2.74,
2004-06-01,40,Oklahoma,OK,4.7,-0.9,1481300,1.24,,,3.43,
2004-06-01,41,Oregon,OR,7.4,-0.9,1608200,2.53,,,5.57,
2004-06-01,42,Pennsylvania,PA,5.4,-0.4,5646400,0.6,,,2.7,
2004-06-01,44,Rhode Island,RI,5.5,-0.1,491800,0.78,,,4.21,
2004-06-01,45,South Carolina,SC,7,0.1,1827300,1.79,,,1.66,
2004-06-01,46,South Dakota,SD,3.6,0.1,383400,1.59,,,4.08,
2004-06-01,47,Tennessee,TN,5.2,-0.5,2710300,1.67,,,5.22,
2004-06-01,48,Texas,TX,6,-1,9510400,1.38,,,5.61,
2004-06-01,49,Utah,UT,5.1,-0.5,1103800,3.18,,,6.19,
2004-06-01,50,Vermont,VT,3.6,-0.8,303300,1.23,,,5.23,
2004-06-01,51,Virginia,VA,3.7,-0.5,3585600,2.71,,,4.26,
2004-06-01,53,Washington,WA,6.2,-1.3,2740200,1.57,,,2.38,
2004-06-01,54,West Virginia,WV,5.4,-0.9,702600,1.33,,,1.49,
2004-06-01,55,Wisconsin,WI,5,-0.8,2798300,0.99,,,3.64,
2004-06-01,56,Wyoming,WY,3.8,-0.7,255600,2.24,,,3.27,
2004-05-01,01,Alabama,AL,5.7,-0.3,1911500,1.14,,,6.67,
2004-05-01,02,Alaska,AK,7.5,-0.2,302200,1,,,3.99,
2004-05-01,04,Arizona,AZ,5.1,-0.8,2367500,3.37,,,4.43,
2004-05-01,05,Arkansas,AR,5.7,-0.1,1154100,1.16,,,5.47,
2004-05-01,10,Delaware,DE,4,-0.4,422500,2.1,,,5.32,
2004-05-01,11,District of Columbia,DC,7.5,0.6,674700,1.02,,,5.52,
2004-05-01,12,Florida,FL,4.7,-0.7,7454700,3.37,,,6.67,
2004-05-01,13,Georgia,GA,4.6,-0.4,3912400,1.32,,,5.05,
2004-05-01,15,Hawaii,HI,3.3,-0.7,581000,2.49,,,5.65,
2004-05-01,16,Idaho,ID,5,-0.7,586500,2.88,,,6.97,
2004-05-01,17,Illinois,IL,6.2,-0.6,5810300,0.07,,,3.21,
2004-05-01,18,Indiana,IN,5.4,0.2,2932500,1.15,,,3.68,
2004-05-01,19,Iowa,IA,4.5,-0.1,1453800,1.19,,,8.43,
2004-05-01,20,Kansas,KS,5.5,-0.1,1324800,0.85,,,1.06,
2004-05-01,21,Kentucky,KY,5.6,-0.7,1782800,0.69,,,2.85,
2004-05-01,22,Louisiana,LA,5.8,-0.7,1915700,0.54,,,4.94,
2004-05-01,23,Maine,ME,4.6,-0.6,611300,0.89,,,3.61,
2004-05-01,24,Maryland,MD,4.3,-0.3,2526900,0.84,,,4.64,
2004-05-01,25,Massachusetts,MA,5.2,-0.6,3212000,-0.18,,,2.72,
2004-05-01,26,Michigan,MI,6.8,-0.5,4404800,-0.42,,,1.68,
2004-05-01,27,Minnesota,MN,4.7,-0.1,2680800,0.68,,,4.61,
2004-05-01,28,Mississippi,MS,6,-0.4,1125300,1.17,,,2.64,
2004-05-01,29,Missouri,MO,5.8,0,2696900,0.37,,,2.63,
2004-05-01,30,Montana,MT,4.6,-0.1,410200,2.6,,,4.82,
2004-05-01,31,Nebraska,NE,3.8,-0.2,919600,0.6,,,2.6,
2004-05-01,32,Nevada,NV,4.5,-0.8,1142200,5.91,,,10.7,
2004-05-01,33,New Hampshire,NH,3.9,-0.5,625400,2.07,,,3.49,
2004-05-01,34,New Jersey,NJ,5.1,-0.9,3999000,0.45,,,1.2,
2004-05-01,35,New Mexico,NM,5.6,-0.3,788300,2.05,,,8.87,
2004-05-01,36,New York,NY,6,-0.4,8445000,0.54,,,2.66,
2004-05-01,37,North Carolina,NC,5.5,-0.9,3818200,0.81,,,3.95,
2004-05-01,38,North Dakota,ND,3.3,-0.2,337300,1.5,,,1.09,
2004-05-01,39,Ohio,OH,6.2,-0.2,5403800,-0.02,,,2.74,
2004-05-01,40,Oklahoma,OK,4.8,-0.8,1481100,0.86,,,3.43,
2004-05-01,41,Oregon,OR,7.5,-0.8,1602300,2.1,,,5.57,
2004-05-01,42,Pennsylvania,PA,5.4,-0.4,5636700,0.44,,,2.7,
2004-05-01,44,Rhode Island,RI,5.6,0,492800,1.17,,,4.21,
2004-05-01,45,South Carolina,SC,7,0.2,1823700,1.49,,,1.66,
2004-05-01,46,South Dakota,SD,3.5,0,383200,1.59,,,4.08,
2004-05-01,47,Tennessee,TN,5.2,-0.4,2702900,1.34,,,5.22,
2004-05-01,48,Texas,TX,6.1,-0.8,9500100,1.14,,,5.61,
2004-05-01,49,Utah,UT,5.2,-0.4,1100300,2.97,,,6.19,
2004-05-01,50,Vermont,VT,3.7,-0.7,303100,1.47,,,5.23,
2004-05-01,51,Virginia,VA,3.8,-0.4,3577700,2.42,,,4.26,
2004-05-01,53,Washington,WA,6.3,-1.1,2732600,1.3,,,2.38,
2004-05-01,54,West Virginia,WV,5.4,-0.9,714000,3.03,,,1.49,
2004-05-01,55,Wisconsin,WI,5,-0.8,2795300,0.79,,,3.64,
2004-05-01,56,Wyoming,WY,3.8,-0.7,254600,2.33,,,3.27,
2004-04-01,01,Alabama,AL,5.8,-0.1,1909900,0.91,,,6.67,
2004-04-01,02,Alaska,AK,7.6,-0.1,302100,1.58,,,3.99,
2004-04-01,04,Arizona,AZ,5.2,-0.7,2357500,3.11,,,4.43,
2004-04-01,05,Arkansas,AR,5.7,0,1152400,1.1,,,5.47,
2004-04-01,10,Delaware,DE,3.9,-0.5,420100,1.89,,,5.32,
2004-04-01,11,District of Columbia,DC,7.4,0.6,673200,0.82,,,5.52,
2004-04-01,12,Florida,FL,4.8,-0.6,7433600,3.15,,,6.67,
2004-04-01,13,Georgia,GA,4.5,-0.5,3907800,1.14,,,5.05,
2004-04-01,15,Hawaii,HI,3.4,-0.5,579400,2.6,,,5.65,
2004-04-01,16,Idaho,ID,5,-0.7,584900,2.7,,,6.97,
2004-04-01,17,Illinois,IL,6.3,-0.4,5800500,-0.26,,,3.21,
2004-04-01,18,Indiana,IN,5.4,0.3,2930900,1.09,,,3.68,
2004-04-01,19,Iowa,IA,4.4,-0.1,1454300,1.24,,,8.43,
2004-04-01,20,Kansas,KS,5.6,0.2,1322500,0.78,,,1.06,
2004-04-01,21,Kentucky,KY,5.7,-0.6,1783800,0.79,,,2.85,
2004-04-01,22,Louisiana,LA,5.8,-0.6,1919900,0.86,,,4.94,
2004-04-01,23,Maine,ME,4.6,-0.6,611200,1.01,,,3.61,
2004-04-01,24,Maryland,MD,4.3,-0.3,2521500,0.71,,,4.64,
2004-04-01,25,Massachusetts,MA,5.3,-0.5,3208700,-0.31,,,2.72,
2004-04-01,26,Michigan,MI,6.8,-0.4,4404900,-0.19,,,1.68,
2004-04-01,27,Minnesota,MN,4.7,0,2676400,0.52,,,4.61,
2004-04-01,28,Mississippi,MS,5.9,-0.5,1125500,1.04,,,2.64,
2004-04-01,29,Missouri,MO,5.7,0,2696300,0.33,,,2.63,
2004-04-01,30,Montana,MT,4.6,-0.1,410200,2.5,,,4.82,
2004-04-01,31,Nebraska,NE,3.8,-0.1,919200,0.38,,,2.6,
2004-04-01,32,Nevada,NV,4.6,-0.7,1137300,5.77,,,10.7,
2004-04-01,33,New Hampshire,NH,4,-0.4,623400,1.88,,,3.49,
2004-04-01,34,New Jersey,NJ,5.1,-0.8,3987100,0.27,,,1.2,
2004-04-01,35,New Mexico,NM,5.7,-0.1,786500,1.79,,,8.87,
2004-04-01,36,New York,NY,6.2,-0.2,8414500,0.17,,,2.66,
2004-04-01,37,North Carolina,NC,5.6,-0.8,3806000,0.48,,,3.95,
2004-04-01,38,North Dakota,ND,3.3,-0.2,336000,1.27,,,1.09,
2004-04-01,39,Ohio,OH,6.2,-0.2,5405100,-0.01,,,2.74,
2004-04-01,40,Oklahoma,OK,4.9,-0.6,1479800,0.61,,,3.43,
2004-04-01,41,Oregon,OR,7.6,-0.6,1598600,1.72,,,5.57,
2004-04-01,42,Pennsylvania,PA,5.4,-0.4,5625400,0.3,,,2.7,
2004-04-01,44,Rhode Island,RI,5.7,0.1,490500,0.88,,,4.21,
2004-04-01,45,South Carolina,SC,7,0.3,1818600,1.1,,,1.66,
2004-04-01,46,South Dakota,SD,3.5,0.1,382600,1.32,,,4.08,
2004-04-01,47,Tennessee,TN,5.1,-0.4,2700900,1.27,,,5.22,
2004-04-01,48,Texas,TX,6.2,-0.7,9492100,0.98,,,5.61,
2004-04-01,49,Utah,UT,5.2,-0.5,1098100,2.64,,,6.19,
2004-04-01,50,Vermont,VT,3.8,-0.6,302300,1.55,,,5.23,
2004-04-01,51,Virginia,VA,3.8,-0.4,3569700,2.38,,,4.26,
2004-04-01,53,Washington,WA,6.4,-1,2728300,1.23,,,2.38,
2004-04-01,54,West Virginia,WV,5.5,-0.8,702400,1.22,,,1.49,
2004-04-01,55,Wisconsin,WI,5.1,-0.6,2790500,0.62,,,3.64,
2004-04-01,56,Wyoming,WY,3.9,-0.6,255300,2.9,,,3.27,
2004-03-01,01,Alabama,AL,5.8,,1904700,,,,6.67,
2004-03-01,02,Alaska,AK,7.6,,302200,,,,3.99,
2004-03-01,04,Arizona,AZ,5.3,,2349900,,,,4.43,
2004-03-01,05,Arkansas,AR,5.7,,1152500,,,,5.47,
2004-03-01,10,Delaware,DE,3.9,,422900,,,,5.32,
2004-03-01,11,District of Columbia,DC,7.2,,671700,,,,5.52,
2004-03-01,12,Florida,FL,4.8,,7393800,,,,6.67,
2004-03-01,13,Georgia,GA,4.4,,3901500,,,,5.05,
2004-03-01,15,Hawaii,HI,3.5,,576600,,,,5.65,
2004-03-01,16,Idaho,ID,5.1,,581700,,,,6.97,
2004-03-01,17,Illinois,IL,6.3,,5800200,,,,3.21,
2004-03-01,18,Indiana,IN,5.4,,2920500,,,,3.68,
2004-03-01,19,Iowa,IA,4.4,,1449800,,,,8.43,
2004-03-01,20,Kansas,KS,5.6,,1313400,,,,1.06,
2004-03-01,21,Kentucky,KY,5.7,,1783300,,,,2.85,
2004-03-01,22,Louisiana,LA,5.8,,1919900,,,,4.94,
2004-03-01,23,Maine,ME,4.7,,612300,,,,3.61,
2004-03-01,24,Maryland,MD,4.3,,2520900,,,,4.64,
2004-03-01,25,Massachusetts,MA,5.3,,3209400,,,,2.72,
2004-03-01,26,Michigan,MI,6.7,,4399600,,,,1.68,
2004-03-01,27,Minnesota,MN,4.7,,2658600,,,,4.61,
2004-03-01,28,Mississippi,MS,5.8,,1122800,,,,2.64,
2004-03-01,29,Missouri,MO,5.6,,2691800,,,,2.63,
2004-03-01,30,Montana,MT,4.7,,406600,,,,4.82,
2004-03-01,31,Nebraska,NE,3.8,,915700,,,,2.6,
2004-03-01,32,Nevada,NV,4.6,,1127000,,,,10.7,
2004-03-01,33,New Hampshire,NH,4.1,,622900,,,,3.49,
2004-03-01,34,New Jersey,NJ,5.2,,3993500,,,,1.2,
2004-03-01,35,New Mexico,NM,5.7,,785100,,,,8.87,
2004-03-01,36,New York,NY,6.2,,8431300,,,,2.66,
2004-03-01,37,North Carolina,NC,5.7,,3794900,,,,3.95,
2004-03-01,38,North Dakota,ND,3.3,,335200,,,,1.09,
2004-03-01,39,Ohio,OH,6.2,,5402600,,,,2.74,
2004-03-01,40,Oklahoma,OK,4.9,,1478600,,,,3.43,
2004-03-01,41,Oregon,OR,7.6,,1591500,,,,5.57,
2004-03-01,42,Pennsylvania,PA,5.4,,5626100,,,,2.7,
2004-03-01,44,Rhode Island,RI,5.7,,490700,,,,4.21,
2004-03-01,45,South Carolina,SC,6.9,,1812400,,,,1.66,
2004-03-01,46,South Dakota,SD,3.5,,380200,,,,4.08,
2004-03-01,47,Tennessee,TN,5.2,,2697300,,,,5.22,
2004-03-01,48,Texas,TX,6.2,,9471200,,,,5.61,
2004-03-01,49,Utah,UT,5.3,,1093200,,,,6.19,
2004-03-01,50,Vermont,VT,3.8,,301700,,,,5.23,
2004-03-01,51,Virginia,VA,3.8,,3561700,,,,4.26,
2004-03-01,53,Washington,WA,6.6,,2722700,,,,2.38,
2004-03-01,54,West Virginia,WV,5.6,,700700,,,,1.49,
2004-03-01,55,Wisconsin,WI,5.1,,2789000,,,,3.64,
2004-03-01,56,Wyoming,WY,3.9,,253800,,,,3.27,
2004-02-01,01,Alabama,AL,5.9,0,1903200,0.41,,,6.67,
2004-02-01,02,Alaska,AK,7.6,0,300400,0.77,,,3.99,
2004-02-01,04,Arizona,AZ,5.3,-0.6,2342000,2.64,,,4.43,
2004-02-01,05,Arkansas,AR,5.7,0.2,1152100,0.83,,,5.47,
2004-02-01,10,Delaware,DE,3.9,-0.4,423300,3.12,,,5.32,
2004-02-01,11,District of Columbia,DC,7.1,0.4,670500,0.77,,,5.52,
2004-02-01,12,Florida,FL,4.8,-0.7,7373100,2.37,,,6.67,
2004-02-01,13,Georgia,GA,4.4,-0.6,3890800,0.6,,,5.05,
2004-02-01,15,Hawaii,HI,3.6,-0.1,576000,1.77,,,5.65,
2004-02-01,16,Idaho,ID,5.1,-0.5,579100,1.24,,,6.97,
2004-02-01,17,Illinois,IL,6.4,-0.3,5792700,-0.68,,,3.21,
2004-02-01,18,Indiana,IN,5.5,0.5,2911600,0.23,,,3.68,
2004-02-01,19,Iowa,IA,4.4,0.1,1448700,0.54,,,8.43,
2004-02-01,20,Kansas,KS,5.6,0.4,1308900,-0.86,,,1.06,
2004-02-01,21,Kentucky,KY,5.7,-0.4,1781900,0.63,,,2.85,
2004-02-01,22,Louisiana,LA,5.8,-0.4,1916400,0.46,,,4.94,
2004-02-01,23,Maine,ME,4.8,-0.3,612100,1.11,,,3.61,
2004-02-01,24,Maryland,MD,4.3,-0.2,2513300,0.91,,,4.64,
2004-02-01,25,Massachusetts,MA,5.4,-0.3,3202000,-0.66,,,2.72,
2004-02-01,26,Michigan,MI,6.7,-0.1,4396000,-0.96,,,1.68,
2004-02-01,27,Minnesota,MN,4.7,0.2,2657400,-0.19,,,4.61,
2004-02-01,28,Mississippi,MS,5.7,-0.7,1121900,0.33,,,2.64,
2004-02-01,29,Missouri,MO,5.6,0.1,2683000,-0.52,,,2.63,
2004-02-01,30,Montana,MT,4.7,0.1,405000,1.38,,,4.82,
2004-02-01,31,Nebraska,NE,3.8,0,913300,-0.11,,,2.6,
2004-02-01,32,Nevada,NV,4.7,-0.7,1121200,4.24,,,10.7,
2004-02-01,33,New Hampshire,NH,4.1,-0.3,619300,1.11,,,3.49,
2004-02-01,34,New Jersey,NJ,5.3,-0.6,3986700,0.28,,,1.2,
2004-02-01,35,New Mexico,NM,5.8,0.1,784100,1.55,,,8.87,
2004-02-01,36,New York,NY,6.3,0,8408300,-0.11,,,2.66,
2004-02-01,37,North Carolina,NC,5.7,-0.6,3787200,-0.16,,,3.95,
2004-02-01,38,North Dakota,ND,3.3,-0.1,334500,0.84,,,1.09,
2004-02-01,39,Ohio,OH,6.1,-0.1,5394300,-0.25,,,2.74,
2004-02-01,40,Oklahoma,OK,5,-0.2,1475600,-0.3,,,3.43,
2004-02-01,41,Oregon,OR,7.7,-0.1,1583900,0.04,,,5.57,
2004-02-01,42,Pennsylvania,PA,5.4,-0.4,5615700,0.02,,,2.7,
2004-02-01,44,Rhode Island,RI,5.6,0,490600,1.18,,,4.21,
2004-02-01,45,South Carolina,SC,6.8,0.3,1804600,0.04,,,1.66,
2004-02-01,46,South Dakota,SD,3.4,0.1,380200,0.77,,,4.08,
2004-02-01,47,Tennessee,TN,5.2,-0.1,2707300,1.49,,,5.22,
2004-02-01,48,Texas,TX,6.2,-0.6,9460500,0.47,,,5.61,
2004-02-01,49,Utah,UT,5.3,-0.5,1090200,1.75,,,6.19,
2004-02-01,50,Vermont,VT,3.9,-0.5,300900,0.97,,,5.23,
2004-02-01,51,Virginia,VA,3.8,-0.4,3551200,1.73,,,4.26,
2004-02-01,53,Washington,WA,6.7,-0.5,2713300,0.44,,,2.38,
2004-02-01,54,West Virginia,WV,5.6,-0.7,697900,1,,,1.49,
2004-02-01,55,Wisconsin,WI,5.2,-0.4,2785000,0.28,,,3.64,
2004-02-01,56,Wyoming,WY,4,-0.4,253400,2.26,,,3.27,
2004-01-01,01,Alabama,AL,5.9,0,1900200,0.24,189913745,189913745,6.67,
2004-01-01,02,Alaska,AK,7.6,0.1,301900,1.58,42880090,42880090,3.99,
2004-01-01,04,Arizona,AZ,5.4,-0.6,2338200,2.49,264989995,264989995,4.43,
2004-01-01,05,Arkansas,AR,5.7,0.3,1151100,0.52,108581758,108581758,5.47,
2004-01-01,06,California,CA,,,,,1956745474,1956745474,3.24,
2004-01-01,08,Colorado,CO,,,,,250069293,250069293,1.65,
2004-01-01,09,Connecticut,CT,,,,,252680831,252680831,6.74,
2004-01-01,10,Delaware,DE,3.9,-0.3,420500,1.91,67735474,67735474,5.32,
2004-01-01,11,District of Columbia,DC,7,0.3,666500,0.08,106547191,106547191,5.52,
2004-01-01,12,Florida,FL,4.8,-0.7,7354800,2.14,833946815,833946815,6.67,
2004-01-01,13,Georgia,GA,4.4,-0.6,3884800,0.39,461245412,461245412,5.05,
2004-01-01,15,Hawaii,HI,3.7,0,575400,1.66,69331961,69331961,5.65,
2004-01-01,16,Idaho,ID,5.2,-0.4,577400,0.56,55137063,55137063,6.97,
2004-01-01,17,Illinois,IL,6.4,-0.3,5797700,-0.84,726139030,726139030,3.21,
2004-01-01,18,Indiana,IN,5.3,0.4,2912800,0.24,303819771,303819771,3.68,
2004-01-01,19,Iowa,IA,4.3,0.1,1448500,0.41,149063210,149063210,8.43,
2004-01-01,20,Kansas,KS,5.6,0.4,1313800,-0.7,124793232,124793232,1.06,
2004-01-01,21,Kentucky,KY,5.8,-0.2,1779900,0.33,175344567,175344567,2.85,
2004-01-01,22,Louisiana,LA,5.8,-0.3,1914800,0.38,234620824,234620824,4.94,
2004-01-01,23,Maine,ME,4.8,-0.1,611400,0.72,58934847,58934847,3.61,
2004-01-01,24,Maryland,MD,4.3,-0.2,2513700,0.52,311504756,311504756,4.64,
2004-01-01,25,Massachusetts,MA,5.5,-0.1,3195000,-1.27,407886035,407886035,2.72,
2004-01-01,26,Michigan,MI,6.7,0.1,4404200,-1.1,485082677,485082677,1.68,
2004-01-01,27,Minnesota,MN,4.8,0.4,2654500,-0.27,293753938,293753938,4.61,
2004-01-01,28,Mississippi,MS,5.7,-0.7,1122200,0.12,101369486,101369486,2.64,
2004-01-01,29,Missouri,MO,5.5,0.1,2692200,-0.38,279128189,279128189,2.63,
2004-01-01,30,Montana,MT,4.7,0.1,403600,1.1,36949912,36949912,4.82,
2004-01-01,31,Nebraska,NE,3.8,0.1,916900,0.05,90607570,90607570,2.6,
2004-01-01,32,Nevada,NV,4.7,-0.7,1120100,4.57,139372999,139372999,10.7,
2004-01-01,33,New Hampshire,NH,4.2,-0.3,618300,0.82,68428131,68428131,3.49,
2004-01-01,34,New Jersey,NJ,5.4,-0.6,3982400,-0.11,536174006,536174006,1.2,
2004-01-01,35,New Mexico,NM,5.8,0.2,782600,1.31,85750994,85750994,8.87,
2004-01-01,36,New York,NY,6.3,0,8392600,-0.39,1269433125,1269433125,2.66,
2004-01-01,37,North Carolina,NC,5.8,-0.5,3783300,-0.44,420579406,420579406,3.95,
2004-01-01,38,North Dakota,ND,3.3,-0.1,334400,0.84,28636235,28636235,1.09,
2004-01-01,39,Ohio,OH,6.1,0,5390400,-0.6,572308497,572308497,2.74,
2004-01-01,40,Oklahoma,OK,5.1,0,1475400,-0.58,134606646,134606646,3.43,
2004-01-01,41,Oregon,OR,7.7,0,1577000,-0.7,163046121,163046121,5.57,
2004-01-01,42,Pennsylvania,PA,5.4,-0.4,5610100,-0.26,614957107,614957107,2.7,
2004-01-01,44,Rhode Island,RI,5.6,0,489900,0.74,55160485,55160485,4.21,
2004-01-01,45,South Carolina,SC,6.8,0.3,1804400,0.22,177169370,177169370,1.66,
2004-01-01,46,South Dakota,SD,3.4,0.1,379900,0.53,37616551,37616551,4.08,
2004-01-01,47,Tennessee,TN,5.3,0.2,2687000,0.61,281564198,281564198,5.22,
2004-01-01,48,Texas,TX,6.3,-0.4,9450800,0.25,1111189147,1111189147,5.61,
2004-01-01,49,Utah,UT,5.3,-0.5,1086700,1.31,111318873,111318873,6.19,
2004-01-01,50,Vermont,VT,4,-0.4,301100,0.5,28989183,28989183,5.23,
2004-01-01,51,Virginia,VA,3.9,-0.2,3539600,1.29,421744430,421744430,4.26,
2004-01-01,53,Washington,WA,6.8,-0.4,2708400,0.14,335449261,335449261,2.38,
2004-01-01,54,West Virginia,WV,5.7,-0.6,697200,0.27,66077577,66077577,1.49,
2004-01-01,55,Wisconsin,WI,5.2,-0.3,2780700,0.25,275412405,275412405,3.64,
2004-01-01,56,Wyoming,WY,4,-0.4,253400,2.05,30780132,30780132,3.27,
2004-01-01,91,New England,,,,,,871834386,871834386,4.13,
2004-01-01,92,Mideast,,,,,,2907954735,2907954735,2.76,
2004-01-01,93,Great Lakes,,,,,,2363124339,2363124339,2.88,
2004-01-01,94,Plains,,,,,,1002489691,1002489691,3.84,
2004-01-01,95,Southeast,,,,,,3473548695,3473548695,4.88,
2004-01-01,96,Southwest,,,,,,1592175931,1592175931,5.4,
2004-01-01,97,Rocky Mountain,,,,,,484373456,484373456,3.56,
2004-01-01,98,Far West,,,,,,2705895007,2705895007,3.68,
2003-12-01,01,Alabama,AL,5.9,0,1894700,-0.12,,,3.25,
2003-12-01,02,Alaska,AK,7.6,0.1,300500,0.6,,,-1.6,
2003-12-01,04,Arizona,AZ,5.4,-0.6,2330500,2.26,,,6.5,
2003-12-01,05,Arkansas,AR,5.7,0.3,1150900,0.53,,,4.46,
2003-12-01,10,Delaware,DE,3.9,-0.2,419200,1.01,,,0.96,
2003-12-01,11,District of Columbia,DC,6.9,0.3,666800,-0.18,,,1.97,
2003-12-01,12,Florida,FL,4.9,-0.6,7295900,1.29,,,4.77,
2003-12-01,13,Georgia,GA,4.4,-0.6,3884000,-0.31,,,2.75,
2003-12-01,15,Hawaii,HI,3.8,0.1,573400,1.56,,,5.24,
2003-12-01,16,Idaho,ID,5.3,-0.2,576800,0.61,,,3.41,
2003-12-01,17,Illinois,IL,6.5,-0.1,5796500,-1.09,,,1.61,
2003-12-01,18,Indiana,IN,5.4,0.5,2910200,0.04,,,4.39,
2003-12-01,19,Iowa,IA,4.4,0.3,1447700,0.21,,,4.92,
2003-12-01,20,Kansas,KS,5.7,0.6,1311800,-1.11,,,2.01,
2003-12-01,21,Kentucky,KY,5.9,0,1781000,0.2,,,3.05,
2003-12-01,22,Louisiana,LA,5.8,-0.2,1913600,0.87,,,4.06,
2003-12-01,23,Maine,ME,4.9,0.1,610000,0.63,,,2.66,
2003-12-01,24,Maryland,MD,4.3,-0.1,2510800,0.67,,,2.51,
2003-12-01,25,Massachusetts,MA,5.5,-0.1,3195100,-1.61,,,2.22,
2003-12-01,26,Michigan,MI,6.8,0.5,4405900,-1.46,,,2.43,
2003-12-01,27,Minnesota,MN,4.8,0.5,2655900,-0.18,,,4.39,
2003-12-01,28,Mississippi,MS,5.7,-0.7,1119700,0.01,,,4.44,
2003-12-01,29,Missouri,MO,5.5,0.2,2686700,-0.74,,,2.63,
2003-12-01,30,Montana,MT,4.8,0.3,403500,1,,,4.71,
2003-12-01,31,Nebraska,NE,3.8,0.1,915000,0.51,,,5.85,
2003-12-01,32,Nevada,NV,4.8,-0.7,1114200,4.42,,,4.76,
2003-12-01,33,New Hampshire,NH,4.3,-0.3,620000,0.88,,,4.17,
2003-12-01,34,New Jersey,NJ,5.5,-0.5,3989000,0.21,,,2.33,
2003-12-01,35,New Mexico,NM,5.9,0.3,781300,1.41,,,4.54,
2003-12-01,36,New York,NY,6.4,0.2,8398000,-0.47,,,0.65,
2003-12-01,37,North Carolina,NC,5.8,-0.6,3783400,-0.74,,,2.77,
2003-12-01,38,North Dakota,ND,3.4,0,334800,0.9,,,6.52,
2003-12-01,39,Ohio,OH,6.1,0.2,5388000,-0.61,,,1.89,
2003-12-01,40,Oklahoma,OK,5.1,0.2,1470700,-1.07,,,1.73,
2003-12-01,41,Oregon,OR,7.7,0.2,1584900,0.04,,,4.76,
2003-12-01,42,Pennsylvania,PA,5.5,-0.2,5620500,0.02,,,2.62,
2003-12-01,44,Rhode Island,RI,5.5,-0.1,490200,1.16,,,3.21,
2003-12-01,45,South Carolina,SC,6.7,0.3,1803000,0.27,,,4.15,
2003-12-01,46,South Dakota,SD,3.5,0.3,379200,0.29,,,1.02,
2003-12-01,47,Tennessee,TN,5.4,0.4,2679900,0.14,,,3.5,
2003-12-01,48,Texas,TX,6.4,-0.2,9421300,-0.09,,,0.92,
2003-12-01,49,Utah,UT,5.3,-0.5,1083800,1.1,,,1.95,
2003-12-01,50,Vermont,VT,4.1,-0.2,301500,1.24,,,3.87,
2003-12-01,51,Virginia,VA,3.9,-0.2,3529700,0.94,,,3.66,
2003-12-01,53,Washington,WA,6.9,-0.2,2714000,0.62,,,1.76,
2003-12-01,54,West Virginia,WV,5.7,-0.5,696100,0.19,,,0.99,
2003-12-01,55,Wisconsin,WI,5.3,-0.1,2777700,-0.13,,,3.02,
2003-12-01,56,Wyoming,WY,4.1,-0.2,252600,1.69,,,3.13,
2003-11-01,01,Alabama,AL,5.9,0,1894100,-0.33,,,3.25,
2003-11-01,02,Alaska,AK,7.6,0.2,300000,0.67,,,-1.6,
2003-11-01,04,Arizona,AZ,5.5,-0.6,2323400,1.67,,,6.5,
2003-11-01,05,Arkansas,AR,5.8,0.5,1149600,0.44,,,4.46,
2003-11-01,10,Delaware,DE,4,0,418200,0.77,,,0.96,
2003-11-01,11,District of Columbia,DC,6.8,0.3,665600,-0.34,,,1.97,
2003-11-01,12,Florida,FL,5,-0.5,7279500,1.18,,,4.77,
2003-11-01,13,Georgia,GA,4.5,-0.5,3875000,-0.51,,,2.75,
2003-11-01,15,Hawaii,HI,3.9,0.1,571000,1.67,,,5.24,
2003-11-01,16,Idaho,ID,5.4,-0.1,575400,0.37,,,3.41,
2003-11-01,17,Illinois,IL,6.6,0,5792300,-1.34,,,1.61,
2003-11-01,18,Indiana,IN,5.3,0.4,2909500,-0.1,,,4.39,
2003-11-01,19,Iowa,IA,4.4,0.4,1445300,-0.01,,,4.92,
2003-11-01,20,Kansas,KS,5.7,0.6,1313500,-1.2,,,2.01,
2003-11-01,21,Kentucky,KY,6,0.2,1777800,-0.09,,,3.05,
2003-11-01,22,Louisiana,LA,5.9,-0.1,1914900,0.77,,,4.06,
2003-11-01,23,Maine,ME,5,0.3,609700,0.79,,,2.66,
2003-11-01,24,Maryland,MD,4.4,0,2509400,0.55,,,2.51,
2003-11-01,25,Massachusetts,MA,5.6,0.1,3203900,-1.49,,,2.22,
2003-11-01,26,Michigan,MI,6.9,0.7,4406500,-1.7,,,2.43,
2003-11-01,27,Minnesota,MN,4.9,0.6,2653000,-0.42,,,4.39,
2003-11-01,28,Mississippi,MS,5.7,-0.7,1121900,0.18,,,4.44,
2003-11-01,29,Missouri,MO,5.6,0.3,2686700,-0.72,,,2.63,
2003-11-01,30,Montana,MT,4.8,0.3,401900,0.9,,,4.71,
2003-11-01,31,Nebraska,NE,3.9,0.3,914300,0.58,,,5.85,
2003-11-01,32,Nevada,NV,4.9,-0.6,1108100,4.16,,,4.76,
2003-11-01,33,New Hampshire,NH,4.4,-0.2,619800,0.91,,,4.17,
2003-11-01,34,New Jersey,NJ,5.6,-0.3,3992300,0.25,,,2.33,
2003-11-01,35,New Mexico,NM,6,0.5,780500,1.47,,,4.54,
2003-11-01,36,New York,NY,6.4,0.2,8401700,-0.47,,,0.65,
2003-11-01,37,North Carolina,NC,6,-0.4,3779600,-1.02,,,2.77,
2003-11-01,38,North Dakota,ND,3.4,0,334400,0.94,,,6.52,
2003-11-01,39,Ohio,OH,6.1,0.3,5387300,-0.79,,,1.89,
2003-11-01,40,Oklahoma,OK,5.2,0.4,1470700,-1.2,,,1.73,
2003-11-01,41,Oregon,OR,7.8,0.4,1580000,-0.47,,,4.76,
2003-11-01,42,Pennsylvania,PA,5.5,-0.1,5617500,-0.25,,,2.62,
2003-11-01,44,Rhode Island,RI,5.4,-0.2,489800,1.24,,,3.21,
2003-11-01,45,South Carolina,SC,6.8,0.5,1799600,0.01,,,4.15,
2003-11-01,46,South Dakota,SD,3.5,0.3,379500,0.42,,,1.02,
2003-11-01,47,Tennessee,TN,5.5,0.6,2677300,0.15,,,3.5,
2003-11-01,48,Texas,TX,6.5,0,9416100,-0.24,,,0.92,
2003-11-01,49,Utah,UT,5.4,-0.5,1082300,0.82,,,1.95,
2003-11-01,50,Vermont,VT,4.2,0,300600,0.77,,,3.87,
2003-11-01,51,Virginia,VA,3.9,-0.2,3529800,0.92,,,3.66,
2003-11-01,53,Washington,WA,7,-0.1,2708700,0.33,,,1.76,
2003-11-01,54,West Virginia,WV,5.8,-0.4,694100,-0.37,,,0.99,
2003-11-01,55,Wisconsin,WI,5.4,0.1,2775400,-0.51,,,3.02,
2003-11-01,56,Wyoming,WY,4.1,-0.1,252300,1.53,,,3.13,
2003-10-01,01,Alabama,AL,6,0.1,1892300,-0.42,,,3.25,
2003-10-01,02,Alaska,AK,7.7,0.3,299700,0.6,,,-1.6,
2003-10-01,04,Arizona,AZ,5.6,-0.5,2317700,2.1,,,6.5,
2003-10-01,05,Arkansas,AR,5.8,0.6,1150700,0.48,,,4.46,
2003-10-01,10,Delaware,DE,4.1,0.1,418000,0.82,,,0.96,
2003-10-01,11,District of Columbia,DC,6.8,0.3,665400,0.11,,,1.97,
2003-10-01,12,Florida,FL,5.1,-0.4,7273700,1.17,,,4.77,
2003-10-01,13,Georgia,GA,4.6,-0.4,3869500,-0.64,,,2.75,
2003-10-01,15,Hawaii,HI,3.9,0.1,571400,1.67,,,5.24,
2003-10-01,16,Idaho,ID,5.5,0,574300,0.26,,,3.41,
2003-10-01,17,Illinois,IL,6.8,0.2,5796100,-1.3,,,1.61,
2003-10-01,18,Indiana,IN,5.4,0.5,2908500,-0.09,,,4.39,
2003-10-01,19,Iowa,IA,4.4,0.4,1444600,0.06,,,4.92,
2003-10-01,20,Kansas,KS,5.8,0.7,1312500,-1.15,,,2.01,
2003-10-01,21,Kentucky,KY,6.1,0.3,1778300,-0.06,,,3.05,
2003-10-01,22,Louisiana,LA,6,0.1,1914000,0.93,,,4.06,
2003-10-01,23,Maine,ME,5.1,0.5,609300,0.49,,,2.66,
2003-10-01,24,Maryland,MD,4.4,0.1,2508000,0.57,,,2.51,
2003-10-01,25,Massachusetts,MA,5.7,0.3,3201100,-1.68,,,2.22,
2003-10-01,26,Michigan,MI,7.1,1.1,4412200,-1.67,,,2.43,
2003-10-01,27,Minnesota,MN,4.9,0.6,2654100,-0.26,,,4.39,
2003-10-01,28,Mississippi,MS,5.8,-0.5,1119700,-0.22,,,4.44,
2003-10-01,29,Missouri,MO,5.7,0.4,2691300,-0.47,,,2.63,
2003-10-01,30,Montana,MT,4.8,0.4,402400,1.31,,,4.71,
2003-10-01,31,Nebraska,NE,3.9,0.3,913300,0.3,,,5.85,
2003-10-01,32,Nevada,NV,5,-0.5,1104700,4.03,,,4.76,
2003-10-01,33,New Hampshire,NH,4.4,-0.2,618300,0.5,,,4.17,
2003-10-01,34,New Jersey,NJ,5.7,-0.2,3990900,0.36,,,2.33,
2003-10-01,35,New Mexico,NM,6.1,0.6,778700,1.51,,,4.54,
2003-10-01,36,New York,NY,6.4,0.3,8391700,-0.65,,,0.65,
2003-10-01,37,North Carolina,NC,6.1,-0.2,3785300,-1.04,,,2.77,
2003-10-01,38,North Dakota,ND,3.4,0,333900,1,,,6.52,
2003-10-01,39,Ohio,OH,6.1,0.3,5392600,-0.79,,,1.89,
2003-10-01,40,Oklahoma,OK,5.3,0.6,1470300,-1.32,,,1.73,
2003-10-01,41,Oregon,OR,7.9,0.6,1579300,-0.64,,,4.76,
2003-10-01,42,Pennsylvania,PA,5.6,0.1,5611600,-0.44,,,2.62,
2003-10-01,44,Rhode Island,RI,5.4,-0.1,489300,1.2,,,3.21,
2003-10-01,45,South Carolina,SC,6.8,0.6,1799200,-0.11,,,4.15,
2003-10-01,46,South Dakota,SD,3.5,0.4,378900,0.11,,,1.02,
2003-10-01,47,Tennessee,TN,5.6,0.7,2672700,-0.17,,,3.5,
2003-10-01,48,Texas,TX,6.6,0.2,9404800,-0.34,,,0.92,
2003-10-01,49,Utah,UT,5.4,-0.4,1079600,0.62,,,1.95,
2003-10-01,50,Vermont,VT,4.3,0.1,299900,0.3,,,3.87,
2003-10-01,51,Virginia,VA,4,-0.1,3519700,0.6,,,3.66,
2003-10-01,53,Washington,WA,7.2,0.2,2707200,0.3,,,1.76,
2003-10-01,54,West Virginia,WV,5.9,-0.2,695800,-0.09,,,0.99,
2003-10-01,55,Wisconsin,WI,5.5,0.2,2778100,-0.28,,,3.02,
2003-10-01,56,Wyoming,WY,4.2,0.1,253000,1.93,,,3.13,
2003-09-01,01,Alabama,AL,6,0.1,1889100,-0.55,,,3.25,
2003-09-01,02,Alaska,AK,7.7,0.4,300500,1.69,,,-1.6,
2003-09-01,04,Arizona,AZ,5.7,-0.5,2304800,1.64,,,6.5,
2003-09-01,05,Arkansas,AR,5.9,0.7,1146100,-0.16,,,4.46,
2003-09-01,10,Delaware,DE,4.2,0.2,417600,-0.07,,,0.96,
2003-09-01,11,District of Columbia,DC,6.9,0.5,666100,-0.05,,,1.97,
2003-09-01,12,Florida,FL,5.2,-0.3,7252700,1.2,,,4.77,
2003-09-01,13,Georgia,GA,4.7,-0.2,3878900,-0.25,,,2.75,
2003-09-01,15,Hawaii,HI,4,0.1,569400,1.52,,,5.24,
2003-09-01,16,Idaho,ID,5.6,0.1,572800,0.56,,,3.41,
2003-09-01,17,Illinois,IL,6.9,0.3,5799000,-1.21,,,1.61,
2003-09-01,18,Indiana,IN,5.4,0.4,2899300,-0.59,,,4.39,
2003-09-01,19,Iowa,IA,4.5,0.5,1442700,-0.28,,,4.92,
2003-09-01,20,Kansas,KS,5.8,0.7,1311700,-1.8,,,2.01,
2003-09-01,21,Kentucky,KY,6.2,0.5,1777200,0.01,,,3.05,
2003-09-01,22,Louisiana,LA,6.2,0.3,1910100,0.53,,,4.06,
2003-09-01,23,Maine,ME,5.1,0.6,608200,0.3,,,2.66,
2003-09-01,24,Maryland,MD,4.4,0.1,2507300,0.38,,,2.51,
2003-09-01,25,Massachusetts,MA,5.8,0.4,3213300,-1.6,,,2.22,
2003-09-01,26,Michigan,MI,7.3,1.3,4406000,-1.9,,,2.43,
2003-09-01,27,Minnesota,MN,4.9,0.6,2658400,-0.36,,,4.39,
2003-09-01,28,Mississippi,MS,5.9,-0.4,1115400,-0.94,,,4.44,
2003-09-01,29,Missouri,MO,5.8,0.5,2685400,-0.89,,,2.63,
2003-09-01,30,Montana,MT,4.8,0.4,401000,1.06,,,4.71,
2003-09-01,31,Nebraska,NE,4,0.4,911300,0.12,,,5.85,
2003-09-01,32,Nevada,NV,5.1,-0.4,1097400,3.82,,,4.76,
2003-09-01,33,New Hampshire,NH,4.5,-0.1,616800,0.05,,,4.17,
2003-09-01,34,New Jersey,NJ,5.8,0,3989500,0.35,,,2.33,
2003-09-01,35,New Mexico,NM,6.1,0.6,776900,0.97,,,4.54,
2003-09-01,36,New York,NY,6.5,0.4,8390900,-0.61,,,0.65,
2003-09-01,37,North Carolina,NC,6.2,-0.1,3770700,-1.42,,,2.77,
2003-09-01,38,North Dakota,ND,3.5,0.1,335000,1.33,,,6.52,
2003-09-01,39,Ohio,OH,6.2,0.5,5386200,-1.03,,,1.89,
2003-09-01,40,Oklahoma,OK,5.5,1,1468000,-1.84,,,1.73,
2003-09-01,41,Oregon,OR,8,0.7,1573700,-1.07,,,4.76,
2003-09-01,42,Pennsylvania,PA,5.6,0.1,5608100,-0.58,,,2.62,
2003-09-01,44,Rhode Island,RI,5.4,0,488400,1.18,,,3.21,
2003-09-01,45,South Carolina,SC,6.9,0.8,1799100,0.08,,,4.15,
2003-09-01,46,South Dakota,SD,3.6,0.5,377600,-0.16,,,1.02,
2003-09-01,47,Tennessee,TN,5.7,0.8,2665300,-0.31,,,3.5,
2003-09-01,48,Texas,TX,6.7,0.3,9401000,-0.57,,,0.92,
2003-09-01,49,Utah,UT,5.5,-0.3,1075400,0.35,,,1.95,
2003-09-01,50,Vermont,VT,4.3,0.2,299200,0.23,,,3.87,
2003-09-01,51,Virginia,VA,4.1,0,3507700,0.26,,,3.66,
2003-09-01,53,Washington,WA,7.3,0.3,2703900,0.27,,,1.76,
2003-09-01,54,West Virginia,WV,6,-0.1,694500,-0.5,,,0.99,
2003-09-01,55,Wisconsin,WI,5.6,0.4,2766400,-0.28,,,3.02,
2003-09-01,56,Wyoming,WY,4.3,0.3,252100,1.37,,,3.13,
2003-08-01,01,Alabama,AL,6,0.1,1886600,-0.53,,,3.25,
2003-08-01,02,Alaska,AK,7.8,0.5,299500,1.32,,,-1.6,
2003-08-01,04,Arizona,AZ,5.8,-0.4,2301500,1.43,,,6.5,
2003-08-01,05,Arkansas,AR,6,0.8,1144800,-0.12,,,4.46,
2003-08-01,10,Delaware,DE,4.3,0.3,415700,0.07,,,0.96,
2003-08-01,11,District of Columbia,DC,6.9,0.4,660200,-0.89,,,1.97,
2003-08-01,12,Florida,FL,5.3,-0.3,7235800,1.06,,,4.77,
2003-08-01,13,Georgia,GA,4.8,-0.2,3870200,-0.52,,,2.75,
2003-08-01,15,Hawaii,HI,4.1,0.2,568700,1.68,,,5.24,
2003-08-01,16,Idaho,ID,5.7,0.2,571200,0.37,,,3.41,
2003-08-01,17,Illinois,IL,6.9,0.3,5802700,-1.23,,,1.61,
2003-08-01,18,Indiana,IN,5.4,0.4,2897600,-0.76,,,4.39,
2003-08-01,19,Iowa,IA,4.6,0.6,1439700,-0.34,,,4.92,
2003-08-01,20,Kansas,KS,5.8,0.7,1311300,-2.09,,,2.01,
2003-08-01,21,Kentucky,KY,6.3,0.6,1769100,-0.3,,,3.05,
2003-08-01,22,Louisiana,LA,6.4,0.5,1906200,0.37,,,4.06,
2003-08-01,23,Maine,ME,5.2,0.8,607700,0.07,,,2.66,
2003-08-01,24,Maryland,MD,4.5,0.2,2503200,0.14,,,2.51,
2003-08-01,25,Massachusetts,MA,5.9,0.6,3207300,-1.86,,,2.22,
2003-08-01,26,Michigan,MI,7.4,1.4,4402200,-2.04,,,2.43,
2003-08-01,27,Minnesota,MN,4.9,0.6,2659800,-0.13,,,4.39,
2003-08-01,28,Mississippi,MS,6.1,-0.2,1111200,-1.37,,,4.44,
2003-08-01,29,Missouri,MO,5.9,0.6,2681900,-0.57,,,2.63,
2003-08-01,30,Montana,MT,4.8,0.4,400600,1.42,,,4.71,
2003-08-01,31,Nebraska,NE,4,0.4,911000,0.09,,,5.85,
2003-08-01,32,Nevada,NV,5.2,-0.3,1091900,3.44,,,4.76,
2003-08-01,33,New Hampshire,NH,4.5,-0.1,617900,0.36,,,4.17,
2003-08-01,34,New Jersey,NJ,5.9,0.1,3987400,0.31,,,2.33,
2003-08-01,35,New Mexico,NM,6.1,0.6,776600,1.17,,,4.54,
2003-08-01,36,New York,NY,6.5,0.4,8381200.000000001,-0.91,,,0.65,
2003-08-01,37,North Carolina,NC,6.4,0.1,3765700,-1.74,,,2.77,
2003-08-01,38,North Dakota,ND,3.5,0.1,334700,1.3,,,6.52,
2003-08-01,39,Ohio,OH,6.3,0.6,5390500,-0.96,,,1.89,
2003-08-01,40,Oklahoma,OK,5.6,1.1,1466700,-2.28,,,1.73,
2003-08-01,41,Oregon,OR,8.2,1,1571600,-1.26,,,4.76,
2003-08-01,42,Pennsylvania,PA,5.7,0.3,5604900,-0.6,,,2.62,
2003-08-01,44,Rhode Island,RI,5.5,0.3,488400,1.2,,,3.21,
2003-08-01,45,South Carolina,SC,6.9,0.9,1799200,-0.1,,,4.15,
2003-08-01,46,South Dakota,SD,3.6,0.5,378700,0.21,,,1.02,
2003-08-01,47,Tennessee,TN,5.8,0.9,2661500,-0.49,,,3.5,
2003-08-01,48,Texas,TX,6.9,0.5,9386700,-0.63,,,0.92,
2003-08-01,49,Utah,UT,5.5,-0.3,1074100,0.35,,,1.95,
2003-08-01,50,Vermont,VT,4.4,0.4,299600,0.3,,,3.87,
2003-08-01,51,Virginia,VA,4.1,0,3502800,0.09,,,3.66,
2003-08-01,53,Washington,WA,7.4,0.4,2701500,0.18,,,1.76,
2003-08-01,54,West Virginia,WV,6.1,0,694600,-0.59,,,0.99,
2003-08-01,55,Wisconsin,WI,5.7,0.5,2759400,-0.65,,,3.02,
2003-08-01,56,Wyoming,WY,4.4,0.5,251400,1.41,,,3.13,
2003-07-01,01,Alabama,AL,6,0.1,1885100,-0.49,,,3.25,
2003-07-01,02,Alaska,AK,7.8,0.6,298600,1.32,,,-1.6,
2003-07-01,04,Arizona,AZ,5.9,-0.3,2294300,1.33,,,6.5,
2003-07-01,05,Arkansas,AR,6,0.8,1142300,-0.55,,,4.46,
2003-07-01,10,Delaware,DE,4.4,0.3,414800,0.02,,,0.96,
2003-07-01,11,District of Columbia,DC,6.9,0.4,665100,-0.17,,,1.97,
2003-07-01,12,Florida,FL,5.4,-0.2,7227300,1.12,,,4.77,
2003-07-01,13,Georgia,GA,4.9,-0.1,3867500,-0.6,,,2.75,
2003-07-01,15,Hawaii,HI,4.1,0.1,569400,1.79,,,5.24,
2003-07-01,16,Idaho,ID,5.7,0.2,570300,0.05,,,3.41,
2003-07-01,17,Illinois,IL,6.9,0.3,5802900,-1.2,,,1.61,
2003-07-01,18,Indiana,IN,5.3,0.2,2889900,-0.99,,,4.39,
2003-07-01,19,Iowa,IA,4.6,0.6,1436300,-0.73,,,4.92,
2003-07-01,20,Kansas,KS,5.8,0.7,1311400,-2.11,,,2.01,
2003-07-01,21,Kentucky,KY,6.4,0.7,1765500,-0.71,,,3.05,
2003-07-01,22,Louisiana,LA,6.5,0.6,1905700,0.36,,,4.06,
2003-07-01,23,Maine,ME,5.2,0.8,606500,-0.28,,,2.66,
2003-07-01,24,Maryland,MD,4.5,0.1,2504000,0.26,,,2.51,
2003-07-01,25,Massachusetts,MA,5.9,0.6,3211100,-1.87,,,2.22,
2003-07-01,26,Michigan,MI,7.5,1.4,4394900,-2.32,,,2.43,
2003-07-01,27,Minnesota,MN,4.9,0.5,2656400,-0.43,,,4.39,
2003-07-01,28,Mississippi,MS,6.2,-0.1,1116200,-1.3,,,4.44,
2003-07-01,29,Missouri,MO,5.9,0.6,2675900,-0.24,,,2.63,
2003-07-01,30,Montana,MT,4.8,0.3,399100,0.96,,,4.71,
2003-07-01,31,Nebraska,NE,4.1,0.5,911000,0.03,,,5.85,
2003-07-01,32,Nevada,NV,5.3,-0.3,1086600,3.2,,,4.76,
2003-07-01,33,New Hampshire,NH,4.5,-0.1,615800,-0.16,,,4.17,
2003-07-01,34,New Jersey,NJ,6,0.2,3988000,0.42,,,2.33,
2003-07-01,35,New Mexico,NM,6.1,0.6,776000,1.12,,,4.54,
2003-07-01,36,New York,NY,6.5,0.4,8382299.999999999,-0.88,,,0.65,
2003-07-01,37,North Carolina,NC,6.4,0,3763700,-1.91,,,2.77,
2003-07-01,38,North Dakota,ND,3.5,0.1,331900,0.58,,,6.52,
2003-07-01,39,Ohio,OH,6.4,0.6,5390100,-0.99,,,1.89,
2003-07-01,40,Oklahoma,OK,5.6,1.1,1468900,-2.1,,,1.73,
2003-07-01,41,Oregon,OR,8.3,1.1,1568900,-1.43,,,4.76,
2003-07-01,42,Pennsylvania,PA,5.7,0.3,5601100,-0.69,,,2.62,
2003-07-01,44,Rhode Island,RI,5.5,0.5,488400,1.48,,,3.21,
2003-07-01,45,South Carolina,SC,6.9,1,1797300,0.08,,,4.15,
2003-07-01,46,South Dakota,SD,3.6,0.5,378000,0.05,,,1.02,
2003-07-01,47,Tennessee,TN,5.8,0.8,2658700,-0.73,,,3.5,
2003-07-01,48,Texas,TX,6.9,0.5,9376500,-0.66,,,0.92,
2003-07-01,49,Utah,UT,5.6,-0.1,1072400,-0.05,,,1.95,
2003-07-01,50,Vermont,VT,4.4,0.5,299600,0.13,,,3.87,
2003-07-01,51,Virginia,VA,4.2,0,3498200,-0.01,,,3.66,
2003-07-01,53,Washington,WA,7.4,0.3,2700900,0.13,,,1.76,
2003-07-01,54,West Virginia,WV,6.2,0.1,694600,-0.71,,,0.99,
2003-07-01,55,Wisconsin,WI,5.8,0.6,2759900,-0.6,,,3.02,
2003-07-01,56,Wyoming,WY,4.4,0.5,250100,0.72,,,3.13,
2003-06-01,01,Alabama,AL,6,0.1,1884300,-0.55,,,3.25,
2003-06-01,02,Alaska,AK,7.8,0.6,299700,1.9,,,-1.6,
2003-06-01,04,Arizona,AZ,5.9,-0.4,2292700,0.99,,,6.5,
2003-06-01,05,Arkansas,AR,5.9,0.6,1139900,-0.77,,,4.46,
2003-06-01,10,Delaware,DE,4.4,0.3,415300,0.51,,,0.96,
2003-06-01,11,District of Columbia,DC,6.9,0.3,666200,0.24,,,1.97,
2003-06-01,12,Florida,FL,5.4,-0.3,7220200,0.97,,,4.77,
2003-06-01,13,Georgia,GA,5,0,3860700,-1.31,,,2.75,
2003-06-01,15,Hawaii,HI,4,0,566900,0.85,,,5.24,
2003-06-01,16,Idaho,ID,5.7,0.1,571200,0.3,,,3.41,
2003-06-01,17,Illinois,IL,6.8,0.2,5804500,-1.37,,,1.61,
2003-06-01,18,Indiana,IN,5.1,0,2895100,-0.26,,,4.39,
2003-06-01,19,Iowa,IA,4.6,0.6,1435100,-0.97,,,4.92,
2003-06-01,20,Kansas,KS,5.7,0.6,1309500,-2.2,,,2.01,
2003-06-01,21,Kentucky,KY,6.4,0.7,1770900,-0.48,,,3.05,
2003-06-01,22,Louisiana,LA,6.5,0.6,1904800,0.25,,,4.06,
2003-06-01,23,Maine,ME,5.2,0.8,605200,-0.59,,,2.66,
2003-06-01,24,Maryland,MD,4.5,0.1,2506200,0.39,,,2.51,
2003-06-01,25,Massachusetts,MA,5.9,0.7,3212400,-1.9,,,2.22,
2003-06-01,26,Michigan,MI,7.4,1.2,4420500,-1.64,,,2.43,
2003-06-01,27,Minnesota,MN,4.8,0.4,2657300,-0.18,,,4.39,
2003-06-01,28,Mississippi,MS,6.3,-0.1,1109700,-1.88,,,4.44,
2003-06-01,29,Missouri,MO,5.9,0.6,2688900,-0.64,,,2.63,
2003-06-01,30,Montana,MT,4.8,0.3,399400,0.48,,,4.71,
2003-06-01,31,Nebraska,NE,4,0.3,914000,0.19,,,5.85,
2003-06-01,32,Nevada,NV,5.3,-0.4,1079700,2.86,,,4.76,
2003-06-01,33,New Hampshire,NH,4.5,0,615200,-0.19,,,4.17,
2003-06-01,34,New Jersey,NJ,6,0.2,3975400,-0.38,,,2.33,
2003-06-01,35,New Mexico,NM,6,0.5,774100,0.94,,,4.54,
2003-06-01,36,New York,NY,6.5,0.3,8394100,-0.68,,,0.65,
2003-06-01,37,North Carolina,NC,6.5,0,3782900,-1.17,,,2.77,
2003-06-01,38,North Dakota,ND,3.5,0.1,332300,0.48,,,6.52,
2003-06-01,39,Ohio,OH,6.4,0.5,5391100,-0.95,,,1.89,
2003-06-01,40,Oklahoma,OK,5.6,1.1,1463200,-2.67,,,1.73,
2003-06-01,41,Oregon,OR,8.3,1,1568500,-1.22,,,4.76,
2003-06-01,42,Pennsylvania,PA,5.8,0.3,5612500,-0.65,,,2.62,
2003-06-01,44,Rhode Island,RI,5.6,0.8,488000,1.12,,,3.21,
2003-06-01,45,South Carolina,SC,6.9,0.9,1795200,-0.31,,,4.15,
2003-06-01,46,South Dakota,SD,3.5,0.3,377400,-0.08,,,1.02,
2003-06-01,47,Tennessee,TN,5.7,0.6,2665900,-0.09,,,3.5,
2003-06-01,48,Texas,TX,7,0.6,9381400,-0.74,,,0.92,
2003-06-01,49,Utah,UT,5.6,-0.1,1069800,-0.03,,,1.95,
2003-06-01,50,Vermont,VT,4.4,0.5,299600,-0.33,,,3.87,
2003-06-01,51,Virginia,VA,4.2,0,3490900,-0.37,,,3.66,
2003-06-01,53,Washington,WA,7.5,0.3,2697900,0.66,,,1.76,
2003-06-01,54,West Virginia,WV,6.3,0.2,693400,-0.62,,,0.99,
2003-06-01,55,Wisconsin,WI,5.8,0.5,2770900,-0.23,,,3.02,
2003-06-01,56,Wyoming,WY,4.5,0.5,250000,0.89,,,3.13,
2003-05-01,01,Alabama,AL,6,0.1,1889900,-0.44,,,3.25,
2003-05-01,02,Alaska,AK,7.7,0.6,299200,2.01,,,-1.6,
2003-05-01,04,Arizona,AZ,5.9,-0.4,2290300,1.05,,,6.5,
2003-05-01,05,Arkansas,AR,5.8,0.4,1140900,-0.58,,,4.46,
2003-05-01,10,Delaware,DE,4.4,0.2,413800,-0.39,,,0.96,
2003-05-01,11,District of Columbia,DC,6.9,0.3,667900,0.68,,,1.97,
2003-05-01,12,Florida,FL,5.4,-0.3,7212000,0.92,,,4.77,
2003-05-01,13,Georgia,GA,5,0,3861600,-1.06,,,2.75,
2003-05-01,15,Hawaii,HI,4,-0.1,566900,1.92,,,5.24,
2003-05-01,16,Idaho,ID,5.7,0,570100,0.35,,,3.41,
2003-05-01,17,Illinois,IL,6.8,0.2,5806000,-1.36,,,1.61,
2003-05-01,18,Indiana,IN,5.2,0,2899300,-0.07,,,4.39,
2003-05-01,19,Iowa,IA,4.6,0.6,1436700,-0.88,,,4.92,
2003-05-01,20,Kansas,KS,5.6,0.5,1313600,-1.95,,,2.01,
2003-05-01,21,Kentucky,KY,6.3,0.6,1770600,-0.4,,,3.05,
2003-05-01,22,Louisiana,LA,6.5,0.6,1905500,0.35,,,4.06,
2003-05-01,23,Maine,ME,5.2,0.8,605900,-0.33,,,2.66,
2003-05-01,24,Maryland,MD,4.6,0.1,2505800,0.35,,,2.51,
2003-05-01,25,Massachusetts,MA,5.8,0.6,3217800,-1.83,,,2.22,
2003-05-01,26,Michigan,MI,7.3,1,4423200,-1.5,,,2.43,
2003-05-01,27,Minnesota,MN,4.8,0.3,2662800,0.12,,,4.39,
2003-05-01,28,Mississippi,MS,6.4,0,1112300,-1.32,,,4.44,
2003-05-01,29,Missouri,MO,5.8,0.4,2687000,-0.58,,,2.63,
2003-05-01,30,Montana,MT,4.7,0.1,399800,1.27,,,4.71,
2003-05-01,31,Nebraska,NE,4,0.3,914100,0.27,,,5.85,
2003-05-01,32,Nevada,NV,5.3,-0.4,1078500,2.67,,,4.76,
2003-05-01,33,New Hampshire,NH,4.4,-0.1,612700,-0.55,,,4.17,
2003-05-01,34,New Jersey,NJ,6,0.2,3981100,-0.43,,,2.33,
2003-05-01,35,New Mexico,NM,5.9,0.4,772500,0.95,,,4.54,
2003-05-01,36,New York,NY,6.4,0.1,8399800,-0.69,,,0.65,
2003-05-01,37,North Carolina,NC,6.4,-0.2,3787700,-1.35,,,2.77,
2003-05-01,38,North Dakota,ND,3.5,0.1,332300,0.85,,,6.52,
2003-05-01,39,Ohio,OH,6.4,0.5,5404700,-0.76,,,1.89,
2003-05-01,40,Oklahoma,OK,5.6,1,1468500,-2.55,,,1.73,
2003-05-01,41,Oregon,OR,8.3,0.9,1569300,-1.1,,,4.76,
2003-05-01,42,Pennsylvania,PA,5.8,0.3,5612200,-0.61,,,2.62,
2003-05-01,44,Rhode Island,RI,5.6,0.9,487100,1.04,,,3.21,
2003-05-01,45,South Carolina,SC,6.8,0.8,1797000,-0.09,,,4.15,
2003-05-01,46,South Dakota,SD,3.5,0.2,377200,,,,1.02,
2003-05-01,47,Tennessee,TN,5.6,0.3,2667200,0.05,,,3.5,
2003-05-01,48,Texas,TX,6.9,0.5,9393400,-0.73,,,0.92,
2003-05-01,49,Utah,UT,5.6,-0.1,1068600,-0.22,,,1.95,
2003-05-01,50,Vermont,VT,4.4,0.5,298700,-0.47,,,3.87,
2003-05-01,51,Virginia,VA,4.2,-0.1,3493000,-0.27,,,3.66,
2003-05-01,53,Washington,WA,7.4,0.2,2697500,0.6,,,1.76,
2003-05-01,54,West Virginia,WV,6.3,0.1,693000,-2.15,,,0.99,
2003-05-01,55,Wisconsin,WI,5.8,0.5,2773400,-0.21,,,3.02,
2003-05-01,56,Wyoming,WY,4.5,0.4,248800,0.28,,,3.13,
2003-04-01,01,Alabama,AL,5.9,0,1892600,-0.47,,,3.25,
2003-04-01,02,Alaska,AK,7.7,0.7,297400,1.09,,,-1.6,
2003-04-01,04,Arizona,AZ,5.9,-0.3,2286300,0.81,,,6.5,
2003-04-01,05,Arkansas,AR,5.7,0.3,1139900,-0.59,,,4.46,
2003-04-01,10,Delaware,DE,4.4,0.2,412300,-0.34,,,0.96,
2003-04-01,11,District of Columbia,DC,6.8,0.1,667700,0.48,,,1.97,
2003-04-01,12,Florida,FL,5.4,-0.3,7206900,1,,,4.77,
2003-04-01,13,Georgia,GA,5,0,3863800,-0.98,,,2.75,
2003-04-01,15,Hawaii,HI,3.9,-0.3,564700,2.67,,,5.24,
2003-04-01,16,Idaho,ID,5.7,-0.1,569500,0.44,,,3.41,
2003-04-01,17,Illinois,IL,6.7,0.1,5815400,-1.31,,,1.61,
2003-04-01,18,Indiana,IN,5.1,-0.2,2899200,0.06,,,4.39,
2003-04-01,19,Iowa,IA,4.5,0.5,1436500,-0.9,,,4.92,
2003-04-01,20,Kansas,KS,5.4,0.3,1312200,-2.16,,,2.01,
2003-04-01,21,Kentucky,KY,6.3,0.5,1769800,-0.4,,,3.05,
2003-04-01,22,Louisiana,LA,6.4,0.4,1903600,0.16,,,4.06,
2003-04-01,23,Maine,ME,5.2,0.9,605100,-0.49,,,2.66,
2003-04-01,24,Maryland,MD,4.6,0,2503600,0.34,,,2.51,
2003-04-01,25,Massachusetts,MA,5.8,0.7,3218700,-1.91,,,2.22,
2003-04-01,26,Michigan,MI,7.2,0.9,4413200,-1.7,,,2.43,
2003-04-01,27,Minnesota,MN,4.7,0.1,2662500,0.18,,,4.39,
2003-04-01,28,Mississippi,MS,6.4,-0.1,1113900,-1.1,,,4.44,
2003-04-01,29,Missouri,MO,5.7,0.3,2687400,-0.55,,,2.63,
2003-04-01,30,Montana,MT,4.7,0,400200,1.55,,,4.71,
2003-04-01,31,Nebraska,NE,3.9,0.2,915700,0.34,,,5.85,
2003-04-01,32,Nevada,NV,5.3,-0.4,1075300,2.61,,,4.76,
2003-04-01,33,New Hampshire,NH,4.4,0,611900,-0.83,,,4.17,
2003-04-01,34,New Jersey,NJ,5.9,0.1,3976300,-0.68,,,2.33,
2003-04-01,35,New Mexico,NM,5.8,0.3,772700,1.1,,,4.54,
2003-04-01,36,New York,NY,6.4,0.1,8399900,-0.63,,,0.65,
2003-04-01,37,North Carolina,NC,6.4,-0.3,3787800,-1.46,,,2.77,
2003-04-01,38,North Dakota,ND,3.5,0.1,331800,0.88,,,6.52,
2003-04-01,39,Ohio,OH,6.4,0.5,5405500,-0.75,,,1.89,
2003-04-01,40,Oklahoma,OK,5.5,0.9,1470800,-2.37,,,1.73,
2003-04-01,41,Oregon,OR,8.2,0.7,1571600,-0.92,,,4.76,
2003-04-01,42,Pennsylvania,PA,5.8,0.2,5608500,-0.68,,,2.62,
2003-04-01,44,Rhode Island,RI,5.6,0.9,486200,0.68,,,3.21,
2003-04-01,45,South Carolina,SC,6.7,0.7,1798900,0.04,,,4.15,
2003-04-01,46,South Dakota,SD,3.4,0,377600,0.37,,,1.02,
2003-04-01,47,Tennessee,TN,5.5,0.1,2667000,0.09,,,3.5,
2003-04-01,48,Texas,TX,6.9,0.6,9399600,-0.55,,,0.92,
2003-04-01,49,Utah,UT,5.7,0.1,1069900,-0.41,,,1.95,
2003-04-01,50,Vermont,VT,4.4,0.6,297700,-1.16,,,3.87,
2003-04-01,51,Virginia,VA,4.2,-0.1,3486700,-0.39,,,3.66,
2003-04-01,53,Washington,WA,7.4,0.1,2695200,0.62,,,1.76,
2003-04-01,54,West Virginia,WV,6.3,0.2,693900,-0.72,,,0.99,
2003-04-01,55,Wisconsin,WI,5.7,0.3,2773400,-0.22,,,3.02,
2003-04-01,56,Wyoming,WY,4.5,0.4,248100,0.24,,,3.13,
2003-03-01,01,Alabama,AL,5.9,0,1894100,-0.37,,,3.25,
2003-03-01,02,Alaska,AK,7.6,0.7,298700,1.56,,,-1.6,
2003-03-01,04,Arizona,AZ,5.9,-0.3,2283200,1.12,,,6.5,
2003-03-01,05,Arkansas,AR,5.6,0.1,1139500,-0.51,,,4.46,
2003-03-01,10,Delaware,DE,4.4,0.2,409800,-0.73,,,0.96,
2003-03-01,11,District of Columbia,DC,6.8,0,666800,0.63,,,1.97,
2003-03-01,12,Florida,FL,5.4,-0.4,7210600,1.15,,,4.77,
2003-03-01,13,Georgia,GA,5,0,3867800,-0.78,,,2.75,
2003-03-01,15,Hawaii,HI,3.8,-0.5,566200,2.5,,,5.24,
2003-03-01,16,Idaho,ID,5.6,-0.3,571200,1.35,,,3.41,
2003-03-01,17,Illinois,IL,6.7,0.2,5818100,-1.24,,,1.61,
2003-03-01,18,Indiana,IN,5,-0.3,2900600,0.16,,,4.39,
2003-03-01,19,Iowa,IA,4.4,0.4,1437700,-0.66,,,4.92,
2003-03-01,20,Kansas,KS,5.3,0.2,1313800,-1.85,,,2.01,
2003-03-01,21,Kentucky,KY,6.2,0.4,1772200,-0.38,,,3.05,
2003-03-01,22,Louisiana,LA,6.3,0.3,1901300,0.39,,,4.06,
2003-03-01,23,Maine,ME,5.1,0.8,605900,-0.15,,,2.66,
2003-03-01,24,Maryland,MD,4.5,-0.2,2490400,-0.37,,,2.51,
2003-03-01,25,Massachusetts,MA,5.7,0.7,3219400,-2.09,,,2.22,
2003-03-01,26,Michigan,MI,7,0.7,4428500,-1.42,,,2.43,
2003-03-01,27,Minnesota,MN,4.6,0,2657800,-0.05,,,4.39,
2003-03-01,28,Mississippi,MS,6.4,-0.1,1115300,-0.81,,,4.44,
2003-03-01,29,Missouri,MO,5.6,0.2,2689000,-0.95,,,2.63,
2003-03-01,30,Montana,MT,4.6,-0.1,397500,1.22,,,4.71,
2003-03-01,31,Nebraska,NE,3.9,0.2,911700,0.02,,,5.85,
2003-03-01,32,Nevada,NV,5.4,-0.4,1076600,3.3,,,4.76,
2003-03-01,33,New Hampshire,NH,4.4,0.1,612100,-0.92,,,4.17,
2003-03-01,34,New Jersey,NJ,5.9,0.2,3969900,-1.17,,,2.33,
2003-03-01,35,New Mexico,NM,5.8,0.4,771500,1.19,,,4.54,
2003-03-01,36,New York,NY,6.4,0.1,8412000,-0.44,,,0.65,
2003-03-01,37,North Carolina,NC,6.3,-0.5,3786400,-1.33,,,2.77,
2003-03-01,38,North Dakota,ND,3.4,0,331800,1.04,,,6.52,
2003-03-01,39,Ohio,OH,6.3,0.4,5398700,-1.08,,,1.89,
2003-03-01,40,Oklahoma,OK,5.3,0.7,1471800,-2.16,,,1.73,
2003-03-01,41,Oregon,OR,8,0.3,1578400,-0.35,,,4.76,
2003-03-01,42,Pennsylvania,PA,5.8,0.2,5611200,-0.76,,,2.62,
2003-03-01,44,Rhode Island,RI,5.6,0.9,485600,0.52,,,3.21,
2003-03-01,45,South Carolina,SC,6.6,0.6,1802500,0.77,,,4.15,
2003-03-01,46,South Dakota,SD,3.4,0,377200,0.43,,,1.02,
2003-03-01,47,Tennessee,TN,5.4,-0.1,2665400,0.06,,,3.5,
2003-03-01,48,Texas,TX,6.8,0.5,9398600,-0.57,,,0.92,
2003-03-01,49,Utah,UT,5.7,0.2,1069500,-0.32,,,1.95,
2003-03-01,50,Vermont,VT,4.4,0.7,298100,-0.67,,,3.87,
2003-03-01,51,Virginia,VA,4.2,-0.1,3487900,-0.3,,,3.66,
2003-03-01,53,Washington,WA,7.3,0,2692500,0.62,,,1.76,
2003-03-01,54,West Virginia,WV,6.3,0.3,691700,-1.27,,,0.99,
2003-03-01,55,Wisconsin,WI,5.6,0.2,2771700,-0.32,,,3.02,
2003-03-01,56,Wyoming,WY,4.5,0.4,247000,-0.12,,,3.13,
2003-02-01,01,Alabama,AL,5.9,0,1895400,-0.31,,,3.25,
2003-02-01,02,Alaska,AK,7.6,0.7,298100,1.57,,,-1.6,
2003-02-01,04,Arizona,AZ,5.9,-0.2,2281800,1.33,,,6.5,
2003-02-01,05,Arkansas,AR,5.5,0,1142600,-0.09,,,4.46,
2003-02-01,10,Delaware,DE,4.3,0.2,410500,-1.01,,,0.96,
2003-02-01,11,District of Columbia,DC,6.7,-0.1,665400,0.82,,,1.97,
2003-02-01,12,Florida,FL,5.5,-0.3,7202700,1.16,,,4.77,
2003-02-01,13,Georgia,GA,5,0,3867600,-0.71,,,2.75,
2003-02-01,15,Hawaii,HI,3.7,-0.7,566000,2.78,,,5.24,
2003-02-01,16,Idaho,ID,5.6,-0.3,572000,1.4,,,3.41,
2003-02-01,17,Illinois,IL,6.7,0.3,5832100,-1.15,,,1.61,
2003-02-01,18,Indiana,IN,5,-0.4,2905000,0.17,,,4.39,
2003-02-01,19,Iowa,IA,4.3,0.3,1440900,-0.69,,,4.92,
2003-02-01,20,Kansas,KS,5.2,0.1,1320200,-1.36,,,2.01,
2003-02-01,21,Kentucky,KY,6.1,0.2,1770800,-0.51,,,3.05,
2003-02-01,22,Louisiana,LA,6.2,0.1,1907600,0.65,,,4.06,
2003-02-01,23,Maine,ME,5.1,0.9,605400,-0.03,,,2.66,
2003-02-01,24,Maryland,MD,4.5,-0.2,2490700,-0.22,,,2.51,
2003-02-01,25,Massachusetts,MA,5.7,0.7,3223200,-1.97,,,2.22,
2003-02-01,26,Michigan,MI,6.8,0.5,4438500,-1.24,,,2.43,
2003-02-01,27,Minnesota,MN,4.5,0,2662500,0.01,,,4.39,
2003-02-01,28,Mississippi,MS,6.4,-0.1,1118200,-0.52,,,4.44,
2003-02-01,29,Missouri,MO,5.5,0.2,2697100,-0.74,,,2.63,
2003-02-01,30,Montana,MT,4.6,-0.2,399500,1.34,,,4.71,
2003-02-01,31,Nebraska,NE,3.8,0.1,914300,0.27,,,5.85,
2003-02-01,32,Nevada,NV,5.4,-0.4,1075600,3.69,,,4.76,
2003-02-01,33,New Hampshire,NH,4.4,0.2,612500,-0.73,,,4.17,
2003-02-01,34,New Jersey,NJ,5.9,0.3,3975400,-1.07,,,2.33,
2003-02-01,35,New Mexico,NM,5.7,0.3,772100,1.53,,,4.54,
2003-02-01,36,New York,NY,6.3,0,8417200,-0.38,,,0.65,
2003-02-01,37,North Carolina,NC,6.3,-0.5,3793200,-1.1,,,2.77,
2003-02-01,38,North Dakota,ND,3.4,0.1,331700,0.55,,,6.52,
2003-02-01,39,Ohio,OH,6.2,0.4,5407900,-1,,,1.89,
2003-02-01,40,Oklahoma,OK,5.2,0.6,1480100,-1.61,,,1.73,
2003-02-01,41,Oregon,OR,7.8,0,1583300,-0.09,,,4.76,
2003-02-01,42,Pennsylvania,PA,5.8,0.2,5614600,-0.74,,,2.62,
2003-02-01,44,Rhode Island,RI,5.6,0.9,484900,0.69,,,3.21,
2003-02-01,45,South Carolina,SC,6.5,0.5,1803900,0.92,,,4.15,
2003-02-01,46,South Dakota,SD,3.3,-0.2,377300,0.4,,,1.02,
2003-02-01,47,Tennessee,TN,5.3,-0.3,2667600,0.06,,,3.5,
2003-02-01,48,Texas,TX,6.8,0.6,9416300,-0.33,,,0.92,
2003-02-01,49,Utah,UT,5.8,0.4,1071400,-0.93,,,1.95,
2003-02-01,50,Vermont,VT,4.4,0.7,298000,-0.63,,,3.87,
2003-02-01,51,Virginia,VA,4.2,-0.1,3490900,-0.22,,,3.66,
2003-02-01,53,Washington,WA,7.2,-0.1,2701500,0.73,,,1.76,
2003-02-01,54,West Virginia,WV,6.3,0.4,691000,-1.36,,,0.99,
2003-02-01,55,Wisconsin,WI,5.6,0.2,2777100,-0.14,,,3.02,
2003-02-01,56,Wyoming,WY,4.4,0.4,247800,0.12,,,3.13,
2003-01-01,01,Alabama,AL,5.9,0.1,1895600,-0.21,178039962,178039962,3.25,
2003-01-01,02,Alaska,AK,7.5,0.7,297200,2.31,41235016,41235016,-1.6,
2003-01-01,04,Arizona,AZ,6,0,2281500,1.13,253743083,253743083,6.5,
2003-01-01,05,Arkansas,AR,5.4,0,1145100,0.18,102947977,102947977,4.46,
2003-01-01,06,California,CA,,,,,1895287618,1895287618,4.05,
2003-01-01,08,Colorado,CO,,,,,246017435,246017435,0.95,
2003-01-01,09,Connecticut,CT,,,,,236719115,236719115,1.03,
2003-01-01,10,Delaware,DE,4.2,0.2,412600,-0.15,64316787,64316787,0.96,
2003-01-01,11,District of Columbia,DC,6.7,-0.1,666000,0.95,100969449,100969449,1.97,
2003-01-01,12,Florida,FL,5.5,-0.3,7200800,1.15,781834214,781834214,4.77,
2003-01-01,13,Georgia,GA,5,0.1,3869700,-0.63,439074597,439074597,2.75,
2003-01-01,15,Hawaii,HI,3.7,-0.7,566000,2.97,65623658,65623658,5.24,
2003-01-01,16,Idaho,ID,5.6,-0.2,574200,1.66,51542561,51542561,3.41,
2003-01-01,17,Illinois,IL,6.7,0.4,5847100,-1.11,703548764,703548764,1.61,
2003-01-01,18,Indiana,IN,4.9,-0.4,2905900,0.35,293045179,293045179,4.39,
2003-01-01,19,Iowa,IA,4.2,0.3,1442600,-0.74,137476895,137476895,4.92,
2003-01-01,20,Kansas,KS,5.2,0.2,1323000,-1.54,123486685,123486685,2.01,
2003-01-01,21,Kentucky,KY,6,0.1,1774100,-0.37,170481890,170481890,3.05,
2003-01-01,22,Louisiana,LA,6.1,0,1907500,0.45,223576040,223576040,4.06,
2003-01-01,23,Maine,ME,4.9,0.7,607000,0.26,56882376,56882376,2.66,
2003-01-01,24,Maryland,MD,4.5,-0.3,2500800,0.33,297690592,297690592,2.51,
2003-01-01,25,Massachusetts,MA,5.6,0.7,3236000,-1.8,397069872,397069872,2.22,
2003-01-01,26,Michigan,MI,6.6,0.3,4453000,-0.81,477085414,477085414,2.43,
2003-01-01,27,Minnesota,MN,4.4,-0.1,2661600,-0.09,280796863,280796863,4.39,
2003-01-01,28,Mississippi,MS,6.4,-0.1,1120900,-0.29,98762106,98762106,4.44,
2003-01-01,29,Missouri,MO,5.4,0.1,2702500,-0.65,271970479,271970479,2.63,
2003-01-01,30,Montana,MT,4.6,-0.2,399200,1.37,35249512,35249512,4.71,
2003-01-01,31,Nebraska,NE,3.7,0,916400,0.63,88310697,88310697,5.85,
2003-01-01,32,Nevada,NV,5.4,-0.3,1071100,3.38,125905375,125905375,4.76,
2003-01-01,33,New Hampshire,NH,4.5,0.4,613300,-0.68,66119382,66119382,4.17,
2003-01-01,34,New Jersey,NJ,6,0.6,3986600,-0.71,529815914,529815914,2.33,
2003-01-01,35,New Mexico,NM,5.6,0.3,772500,1.55,78766781,78766781,4.54,
2003-01-01,36,New York,NY,6.3,0.1,8425400,-0.23,1236563061,1236563061,0.65,
2003-01-01,37,North Carolina,NC,6.3,-0.5,3800100,-0.91,404582505,404582505,2.77,
2003-01-01,38,North Dakota,ND,3.4,0.2,331600,0.52,28326734,28326734,6.52,
2003-01-01,39,Ohio,OH,6.1,0.4,5423000,-0.77,557024452,557024452,1.89,
2003-01-01,40,Oklahoma,OK,5.1,0.5,1484000,-1.43,130147794,130147794,1.73,
2003-01-01,41,Oregon,OR,7.7,-0.1,1588100,0.21,154445322,154445322,4.76,
2003-01-01,42,Pennsylvania,PA,5.8,0.2,5624500,-0.52,598809508,598809508,2.62,
2003-01-01,44,Rhode Island,RI,5.6,0.9,486300,1,52933114,52933114,3.21,
2003-01-01,45,South Carolina,SC,6.5,0.5,1800500,0.72,174270810,174270810,4.15,
2003-01-01,46,South Dakota,SD,3.3,-0.2,377900,0.51,36141857,36141857,1.02,
2003-01-01,47,Tennessee,TN,5.1,-0.5,2670700,0.12,267589422,267589422,3.5,
2003-01-01,48,Texas,TX,6.7,0.6,9426800,-0.31,1052132349,1052132349,0.92,
2003-01-01,49,Utah,UT,5.8,0.5,1072700,-0.44,104829230,104829230,1.95,
2003-01-01,50,Vermont,VT,4.4,0.8,299600,-0.4,27548116,27548116,3.87,
2003-01-01,51,Virginia,VA,4.1,-0.1,3494600,-0.03,404522231,404522231,3.66,
2003-01-01,53,Washington,WA,7.2,0,2704700,0.54,327645232,327645232,1.76,
2003-01-01,54,West Virginia,WV,6.3,0.5,695300,-0.47,65106806,65106806,0.99,
2003-01-01,55,Wisconsin,WI,5.5,0.1,2773900,-0.32,265745807,265745807,3.02,
2003-01-01,56,Wyoming,WY,4.4,0.4,248300,0.4,29806642,29806642,3.13,
2003-01-01,91,New England,,,,,,837234287,837234287,2.18,
2003-01-01,92,Mideast,,,,,,2829745761,2829745761,1.64,
2003-01-01,93,Great Lakes,,,,,,2296970504,2296970504,2.36,
2003-01-01,94,Plains,,,,,,965431834,965431834,3.72,
2003-01-01,95,Southeast,,,,,,3312051560,3312051560,3.66,
2003-01-01,96,Southwest,,,,,,1510596470,1510596470,2.05,
2003-01-01,97,Rocky Mountain,,,,,,467703707,467703707,1.83,
2003-01-01,98,Far West,,,,,,2609835821,2609835821,3.77,
2002-12-01,01,Alabama,AL,5.9,0.1,1896900,-0.68,,,2.36,
2002-12-01,02,Alaska,AK,7.5,0.8,298700,3.36,,,4.72,
2002-12-01,04,Arizona,AZ,6,0.1,2279100,1.38,,,3.19,
2002-12-01,05,Arkansas,AR,5.4,0.1,1144800,0.06,,,3.17,
2002-12-01,10,Delaware,DE,4.1,0.2,415000,-0.17,,,-3.08,
2002-12-01,11,District of Columbia,DC,6.6,-0.2,668000,1.8,,,2.94,
2002-12-01,12,Florida,FL,5.5,-0.2,7203100,1.21,,,4.42,
2002-12-01,13,Georgia,GA,5,0.2,3895900,-0.8,,,1.09,
2002-12-01,15,Hawaii,HI,3.7,-0.8,564600,3.33,,,3.16,
2002-12-01,16,Idaho,ID,5.5,-0.2,573300,1.68,,,2.35,
2002-12-01,17,Illinois,IL,6.6,0.5,5860500,-0.89,,,0.58,
2002-12-01,18,Indiana,IN,4.9,-0.3,2908900,0.29,,,2.5,
2002-12-01,19,Iowa,IA,4.1,0.2,1444600,-0.43,,,2.31,
2002-12-01,20,Kansas,KS,5.1,0.2,1326500,-1.18,,,1.32,
2002-12-01,21,Kentucky,KY,5.9,0,1777400,0.21,,,2.55,
2002-12-01,22,Louisiana,LA,6,-0.1,1897100,-0.38,,,2.05,
2002-12-01,23,Maine,ME,4.8,0.7,606200,0.48,,,2.48,
2002-12-01,24,Maryland,MD,4.4,-0.4,2494100,0.08,,,3.33,
2002-12-01,25,Massachusetts,MA,5.6,0.9,3247300,-1.51,,,0.07,
2002-12-01,26,Michigan,MI,6.3,0.1,4471100,-0.5,,,2.75,
2002-12-01,27,Minnesota,MN,4.3,-0.1,2660800,-0.21,,,2.07,
2002-12-01,28,Mississippi,MS,6.4,0,1119600,-0.25,,,1.12,
2002-12-01,29,Missouri,MO,5.3,0.1,2706600,-0.31,,,1.77,
2002-12-01,30,Montana,MT,4.5,-0.2,399500,2.2,,,2.98,
2002-12-01,31,Nebraska,NE,3.7,0.1,910400,-0.71,,,1.42,
2002-12-01,32,Nevada,NV,5.5,-0.2,1067000,2.8,,,3.37,
2002-12-01,33,New Hampshire,NH,4.6,0.6,614600,-0.52,,,2.84,
2002-12-01,34,New Jersey,NJ,6,0.8,3980600,-0.53,,,1.59,
2002-12-01,35,New Mexico,NM,5.6,0.3,770400,1.77,,,3.22,
2002-12-01,36,New York,NY,6.2,0.2,8438000,-0.05,,,-0.98,
2002-12-01,37,North Carolina,NC,6.4,-0.3,3811600,-0.49,,,1.61,
2002-12-01,38,North Dakota,ND,3.4,0.3,331800,0.76,,,4.98,
2002-12-01,39,Ohio,OH,5.9,0.4,5421000,-0.96,,,2.26,
2002-12-01,40,Oklahoma,OK,4.9,0.4,1486600,-1.62,,,1.78,
2002-12-01,41,Oregon,OR,7.5,-0.3,1584300,0.01,,,2.04,
2002-12-01,42,Pennsylvania,PA,5.7,0.2,5619400,-0.42,,,1.01,
2002-12-01,44,Rhode Island,RI,5.6,0.9,484600,0.83,,,3.18,
2002-12-01,45,South Carolina,SC,6.4,0.4,1798200,0.3,,,2.76,
2002-12-01,46,South Dakota,SD,3.2,-0.2,378100,0.42,,,10.43,
2002-12-01,47,Tennessee,TN,5,-0.5,2676200,0.6,,,3.29,
2002-12-01,48,Texas,TX,6.6,0.6,9429500,-0.31,,,2.16,
2002-12-01,49,Utah,UT,5.8,0.6,1072000,0.08,,,2.58,
2002-12-01,50,Vermont,VT,4.3,0.8,297800,-0.57,,,3.27,
2002-12-01,51,Virginia,VA,4.1,0,3496900,0.05,,,0.98,
2002-12-01,53,Washington,WA,7.1,0,2697200,0.12,,,1.3,
2002-12-01,54,West Virginia,WV,6.2,0.5,694800,-0.63,,,1.36,
2002-12-01,55,Wisconsin,WI,5.4,0.2,2781300,0.16,,,1.99,
2002-12-01,56,Wyoming,WY,4.3,0.3,248400,0.32,,,1.99,
2002-11-01,01,Alabama,AL,5.9,0.2,1900400,-0.56,,,2.36,
2002-11-01,02,Alaska,AK,7.4,0.8,298000,2.79,,,4.72,
2002-11-01,04,Arizona,AZ,6.1,0.4,2285300,1.52,,,3.19,
2002-11-01,05,Arkansas,AR,5.3,0.1,1144600,-0.19,,,3.17,
2002-11-01,10,Delaware,DE,4,0.2,415000,-0.36,,,-3.08,
2002-11-01,11,District of Columbia,DC,6.5,-0.3,667900,1.8,,,2.94,
2002-11-01,12,Florida,FL,5.5,-0.1,7194500,0.98,,,4.42,
2002-11-01,13,Georgia,GA,5,0.3,3894800,-0.97,,,1.09,
2002-11-01,15,Hawaii,HI,3.8,-0.7,561600,2.65,,,3.16,
2002-11-01,16,Idaho,ID,5.5,-0.1,573300,1.61,,,2.35,
2002-11-01,17,Illinois,IL,6.6,0.6,5871100,-0.81,,,0.58,
2002-11-01,18,Indiana,IN,4.9,-0.1,2912300,0.18,,,2.5,
2002-11-01,19,Iowa,IA,4,0.3,1445400,-0.49,,,2.31,
2002-11-01,20,Kansas,KS,5.1,0.3,1329400,-1.1,,,1.32,
2002-11-01,21,Kentucky,KY,5.8,0,1779400,0.11,,,2.55,
2002-11-01,22,Louisiana,LA,6,0,1900300,-0.38,,,2.05,
2002-11-01,23,Maine,ME,4.7,0.6,604900,0.03,,,2.48,
2002-11-01,24,Maryland,MD,4.4,-0.3,2495600,0.25,,,3.33,
2002-11-01,25,Massachusetts,MA,5.5,0.9,3252300,-1.5,,,0.07,
2002-11-01,26,Michigan,MI,6.2,0.2,4482800,-0.41,,,2.75,
2002-11-01,27,Minnesota,MN,4.3,0.1,2664100,-0.29,,,2.07,
2002-11-01,28,Mississippi,MS,6.4,0.2,1119900,-0.44,,,1.12,
2002-11-01,29,Missouri,MO,5.3,0.3,2706200,-0.38,,,1.77,
2002-11-01,30,Montana,MT,4.5,-0.2,398300,1.79,,,2.98,
2002-11-01,31,Nebraska,NE,3.6,0.1,909000,-1.1,,,1.42,
2002-11-01,32,Nevada,NV,5.5,-0.1,1063800,2.47,,,3.37,
2002-11-01,33,New Hampshire,NH,4.6,0.7,614200,-0.71,,,2.84,
2002-11-01,34,New Jersey,NJ,5.9,0.9,3982200,-0.56,,,1.59,
2002-11-01,35,New Mexico,NM,5.5,0.3,769200,1.58,,,3.22,
2002-11-01,36,New York,NY,6.2,0.4,8441200,-0.15,,,-0.98,
2002-11-01,37,North Carolina,NC,6.4,-0.1,3818600,-0.59,,,1.61,
2002-11-01,38,North Dakota,ND,3.4,0.4,331300,0.42,,,4.98,
2002-11-01,39,Ohio,OH,5.8,0.6,5430400,-0.99,,,2.26,
2002-11-01,40,Oklahoma,OK,4.8,0.4,1488500,-1.67,,,1.78,
2002-11-01,41,Oregon,OR,7.4,-0.1,1587400,0.07,,,2.04,
2002-11-01,42,Pennsylvania,PA,5.6,0.2,5631500,-0.29,,,1.01,
2002-11-01,44,Rhode Island,RI,5.6,1,483800,0.98,,,3.18,
2002-11-01,45,South Carolina,SC,6.3,0.4,1799500,0.08,,,2.76,
2002-11-01,46,South Dakota,SD,3.2,-0.1,377900,0.21,,,10.43,
2002-11-01,47,Tennessee,TN,4.9,-0.4,2673400,0.39,,,3.29,
2002-11-01,48,Texas,TX,6.5,0.7,9439000,-0.4,,,2.16,
2002-11-01,49,Utah,UT,5.9,0.9,1073500,-0.07,,,2.58,
2002-11-01,50,Vermont,VT,4.2,0.7,298300,-0.96,,,3.27,
2002-11-01,51,Virginia,VA,4.1,0.1,3497500,-0.01,,,0.98,
2002-11-01,53,Washington,WA,7.1,0.3,2699900,-0.07,,,1.3,
2002-11-01,54,West Virginia,WV,6.2,0.6,696700,-0.43,,,1.36,
2002-11-01,55,Wisconsin,WI,5.3,0.2,2789500,0.13,,,1.99,
2002-11-01,56,Wyoming,WY,4.2,0.2,248500,0.4,,,1.99,
2002-10-01,01,Alabama,AL,5.9,0.3,1900300,-0.67,,,2.36,
2002-10-01,02,Alaska,AK,7.4,0.9,297900,2.23,,,4.72,
2002-10-01,04,Arizona,AZ,6.1,0.7,2270100,0.56,,,3.19,
2002-10-01,05,Arkansas,AR,5.2,0.1,1145200,-0.3,,,3.17,
2002-10-01,10,Delaware,DE,4,0.4,414600,-0.55,,,-3.08,
2002-10-01,11,District of Columbia,DC,6.5,-0.2,664700,1.1,,,2.94,
2002-10-01,12,Florida,FL,5.5,0.1,7189700,0.68,,,4.42,
2002-10-01,13,Georgia,GA,5,0.5,3894300,-1.26,,,1.09,
2002-10-01,15,Hawaii,HI,3.8,-0.6,562000,2.27,,,3.16,
2002-10-01,16,Idaho,ID,5.5,0.1,572800,1.27,,,2.35,
2002-10-01,17,Illinois,IL,6.6,0.8,5872400,-1.04,,,0.58,
2002-10-01,18,Indiana,IN,4.9,0.1,2911200,-0.16,,,2.5,
2002-10-01,19,Iowa,IA,4,0.4,1443700,-0.78,,,2.31,
2002-10-01,20,Kansas,KS,5.1,0.5,1327800,-1.43,,,1.32,
2002-10-01,21,Kentucky,KY,5.8,0.1,1779400,-0.1,,,2.55,
2002-10-01,22,Louisiana,LA,5.9,0,1896400,-0.74,,,2.05,
2002-10-01,23,Maine,ME,4.6,0.6,606300,0.02,,,2.48,
2002-10-01,24,Maryland,MD,4.3,-0.3,2493700,0.26,,,3.33,
2002-10-01,25,Massachusetts,MA,5.4,1,3255900,-1.74,,,0.07,
2002-10-01,26,Michigan,MI,6,0.2,4487200,-0.61,,,2.75,
2002-10-01,27,Minnesota,MN,4.3,0.2,2660900,-0.54,,,2.07,
2002-10-01,28,Mississippi,MS,6.3,0.3,1122200,-0.28,,,1.12,
2002-10-01,29,Missouri,MO,5.3,0.4,2703900,-0.52,,,1.77,
2002-10-01,30,Montana,MT,4.4,-0.3,397200,1.59,,,2.98,
2002-10-01,31,Nebraska,NE,3.6,0.2,910600,-0.68,,,1.42,
2002-10-01,32,Nevada,NV,5.5,0,1061900,2.17,,,3.37,
2002-10-01,33,New Hampshire,NH,4.6,0.8,615200,-0.85,,,2.84,
2002-10-01,34,New Jersey,NJ,5.9,1.1,3976600,-0.79,,,1.59,
2002-10-01,35,New Mexico,NM,5.5,0.4,767100,1.4,,,3.22,
2002-10-01,36,New York,NY,6.1,0.5,8446400,-0.15,,,-0.98,
2002-10-01,37,North Carolina,NC,6.3,0.1,3825100,-0.68,,,1.61,
2002-10-01,38,North Dakota,ND,3.4,0.5,330600,0.18,,,4.98,
2002-10-01,39,Ohio,OH,5.8,0.8,5435600,-1.11,,,2.26,
2002-10-01,40,Oklahoma,OK,4.7,0.5,1489900,-1.41,,,1.78,
2002-10-01,41,Oregon,OR,7.3,0.1,1589500,-0.14,,,2.04,
2002-10-01,42,Pennsylvania,PA,5.5,0.3,5636400,-0.28,,,1.01,
2002-10-01,44,Rhode Island,RI,5.5,0.9,483500,0.73,,,3.18,
2002-10-01,45,South Carolina,SC,6.2,0.4,1801100,0.18,,,2.76,
2002-10-01,46,South Dakota,SD,3.1,-0.1,378500,0.4,,,10.43,
2002-10-01,47,Tennessee,TN,4.9,-0.2,2677300,0.34,,,3.29,
2002-10-01,48,Texas,TX,6.4,0.8,9437200,-0.62,,,2.16,
2002-10-01,49,Utah,UT,5.8,0.9,1073000,-0.37,,,2.58,
2002-10-01,50,Vermont,VT,4.2,0.8,299000,-0.86,,,3.27,
2002-10-01,51,Virginia,VA,4.1,0.3,3498600,-0.09,,,0.98,
2002-10-01,53,Washington,WA,7,0.4,2699000,-0.55,,,1.3,
2002-10-01,54,West Virginia,WV,6.1,0.7,696400,-0.54,,,1.36,
2002-10-01,55,Wisconsin,WI,5.3,0.4,2786000,-0.24,,,1.99,
2002-10-01,56,Wyoming,WY,4.1,0.1,248200,0.73,,,1.99,
2002-09-01,01,Alabama,AL,5.9,0.5,1899600,-1.06,,,2.36,
2002-09-01,02,Alaska,AK,7.3,0.9,295500,1.44,,,4.72,
2002-09-01,04,Arizona,AZ,6.2,1.1,2267500,0.01,,,3.19,
2002-09-01,05,Arkansas,AR,5.2,0.3,1147900,-0.09,,,3.17,
2002-09-01,10,Delaware,DE,4,0.5,417900,0.43,,,-3.08,
2002-09-01,11,District of Columbia,DC,6.4,-0.2,666400,1.57,,,2.94,
2002-09-01,12,Florida,FL,5.5,0.5,7166600,0.09,,,4.42,
2002-09-01,13,Georgia,GA,4.9,0.6,3888700,-1.64,,,1.09,
2002-09-01,15,Hawaii,HI,3.9,-0.5,560900,0.27,,,3.16,
2002-09-01,16,Idaho,ID,5.5,0.2,569600,0.32,,,2.35,
2002-09-01,17,Illinois,IL,6.6,1,5870200,-1.51,,,0.58,
2002-09-01,18,Indiana,IN,5,0.4,2916600,-0.41,,,2.5,
2002-09-01,19,Iowa,IA,4,0.6,1446700,-1.16,,,2.31,
2002-09-01,20,Kansas,KS,5.1,0.7,1335700,-0.88,,,1.32,
2002-09-01,21,Kentucky,KY,5.7,0.2,1777100,-0.41,,,2.55,
2002-09-01,22,Louisiana,LA,5.9,0.2,1900000,-0.89,,,2.05,
2002-09-01,23,Maine,ME,4.5,0.5,606400,-0.12,,,2.48,
2002-09-01,24,Maryland,MD,4.3,-0.2,2497800,0.61,,,3.33,
2002-09-01,25,Massachusetts,MA,5.4,1.2,3265600,-1.87,,,0.07,
2002-09-01,26,Michigan,MI,6,0.5,4491200,-1.07,,,2.75,
2002-09-01,27,Minnesota,MN,4.3,0.4,2668100,-0.38,,,2.07,
2002-09-01,28,Mississippi,MS,6.3,0.6,1126000,,,,1.12,
2002-09-01,29,Missouri,MO,5.3,0.6,2709400,-0.66,,,1.77,
2002-09-01,30,Montana,MT,4.4,-0.2,396800,1.8,,,2.98,
2002-09-01,31,Nebraska,NE,3.6,0.3,910200,-0.89,,,1.42,
2002-09-01,32,Nevada,NV,5.5,0.1,1057000,0.07,,,3.37,
2002-09-01,33,New Hampshire,NH,4.6,0.9,616500,-0.8,,,2.84,
2002-09-01,34,New Jersey,NJ,5.8,1.3,3975600,-0.6,,,1.59,
2002-09-01,35,New Mexico,NM,5.5,0.5,769400,1.38,,,3.22,
2002-09-01,36,New York,NY,6.1,0.8,8442800,-1.22,,,-0.98,
2002-09-01,37,North Carolina,NC,6.3,0.3,3824900,-0.92,,,1.61,
2002-09-01,38,North Dakota,ND,3.4,0.5,330600,0.03,,,4.98,
2002-09-01,39,Ohio,OH,5.7,0.9,5442300,-1.15,,,2.26,
2002-09-01,40,Oklahoma,OK,4.5,0.5,1495500,-1.55,,,1.78,
2002-09-01,41,Oregon,OR,7.3,0.4,1590800,-0.35,,,2.04,
2002-09-01,42,Pennsylvania,PA,5.5,0.4,5640900,-0.52,,,1.01,
2002-09-01,44,Rhode Island,RI,5.4,0.9,482700,0.54,,,3.18,
2002-09-01,45,South Carolina,SC,6.1,0.5,1797700,-0.64,,,2.76,
2002-09-01,46,South Dakota,SD,3.1,0,378200,0.21,,,10.43,
2002-09-01,47,Tennessee,TN,4.9,0,2673700,-0.22,,,3.29,
2002-09-01,48,Texas,TX,6.4,1,9455100,-0.87,,,2.16,
2002-09-01,49,Utah,UT,5.8,1.1,1071700,-0.87,,,2.58,
2002-09-01,50,Vermont,VT,4.1,0.8,298500,-1.06,,,3.27,
2002-09-01,51,Virginia,VA,4.1,0.5,3498600,-0.51,,,0.98,
2002-09-01,53,Washington,WA,7,0.7,2696500,-0.93,,,1.3,
2002-09-01,54,West Virginia,WV,6.1,0.8,698000,-0.14,,,1.36,
2002-09-01,55,Wisconsin,WI,5.2,0.5,2774200,-0.99,,,1.99,
2002-09-01,56,Wyoming,WY,4,0,248700,1.22,,,1.99,
2002-08-01,01,Alabama,AL,5.9,0.7,1896600,-1.32,,,2.36,
2002-08-01,02,Alaska,AK,7.3,1,295600,1.2,,,4.72,
2002-08-01,04,Arizona,AZ,6.2,1.4,2269000,0.06,,,3.19,
2002-08-01,05,Arkansas,AR,5.2,0.4,1146200,-0.53,,,3.17,
2002-08-01,10,Delaware,DE,4,0.6,415400,-0.67,,,-3.08,
2002-08-01,11,District of Columbia,DC,6.5,0.1,666100,1.03,,,2.94,
2002-08-01,12,Florida,FL,5.6,0.8,7160100,-0.04,,,4.42,
2002-08-01,13,Georgia,GA,5,0.9,3890400,-1.83,,,1.09,
2002-08-01,15,Hawaii,HI,3.9,-0.4,559300,-0.02,,,3.16,
2002-08-01,16,Idaho,ID,5.5,0.4,569100,-0.09,,,2.35,
2002-08-01,17,Illinois,IL,6.6,1.2,5875000,-1.71,,,0.58,
2002-08-01,18,Indiana,IN,5,0.7,2919900,-0.28,,,2.5,
2002-08-01,19,Iowa,IA,4,0.7,1444600,-1.56,,,2.31,
2002-08-01,20,Kansas,KS,5.1,0.8,1339300,-0.67,,,1.32,
2002-08-01,21,Kentucky,KY,5.7,0.4,1774400,-0.92,,,2.55,
2002-08-01,22,Louisiana,LA,5.9,0.4,1899100,-0.94,,,2.05,
2002-08-01,23,Maine,ME,4.4,0.5,607300,-0.08,,,2.48,
2002-08-01,24,Maryland,MD,4.3,0,2499600,0.43,,,3.33,
2002-08-01,25,Massachusetts,MA,5.3,1.3,3268100,-2.16,,,0.07,
2002-08-01,26,Michigan,MI,6,0.8,4493800,-1.39,,,2.75,
2002-08-01,27,Minnesota,MN,4.3,0.5,2663300,-0.56,,,2.07,
2002-08-01,28,Mississippi,MS,6.3,0.8,1126600,-0.18,,,1.12,
2002-08-01,29,Missouri,MO,5.3,0.8,2697400,-1.39,,,1.77,
2002-08-01,30,Montana,MT,4.4,-0.2,395000,1.13,,,2.98,
2002-08-01,31,Nebraska,NE,3.6,0.4,910200,-1.37,,,1.42,
2002-08-01,32,Nevada,NV,5.5,0.3,1055600,-0.02,,,3.37,
2002-08-01,33,New Hampshire,NH,4.6,1,615700,-0.92,,,2.84,
2002-08-01,34,New Jersey,NJ,5.8,1.5,3974900,-0.56,,,1.59,
2002-08-01,35,New Mexico,NM,5.5,0.7,767600,1.16,,,3.22,
2002-08-01,36,New York,NY,6.1,1.1,8458100,-1.17,,,-0.98,
2002-08-01,37,North Carolina,NC,6.3,0.6,3832400,-1.15,,,1.61,
2002-08-01,38,North Dakota,ND,3.4,0.6,330400,0.58,,,4.98,
2002-08-01,39,Ohio,OH,5.7,1.2,5442700,-1.42,,,2.26,
2002-08-01,40,Oklahoma,OK,4.5,0.7,1500900,-1.22,,,1.78,
2002-08-01,41,Oregon,OR,7.2,0.7,1591700,-0.5,,,2.04,
2002-08-01,42,Pennsylvania,PA,5.4,0.5,5639000,-0.69,,,1.01,
2002-08-01,44,Rhode Island,RI,5.2,0.7,482600,0.19,,,3.18,
2002-08-01,45,South Carolina,SC,6,0.6,1801000,-0.74,,,2.76,
2002-08-01,46,South Dakota,SD,3.1,0.1,377900,,,,10.43,
2002-08-01,47,Tennessee,TN,4.9,0.2,2674500,-0.36,,,3.29,
2002-08-01,48,Texas,TX,6.4,1.2,9446600,-1.11,,,2.16,
2002-08-01,49,Utah,UT,5.8,1.3,1070400,-1.07,,,2.58,
2002-08-01,50,Vermont,VT,4,0.8,298700,-1.13,,,3.27,
2002-08-01,51,Virginia,VA,4.1,0.7,3499700,-0.74,,,0.98,
2002-08-01,53,Washington,WA,7,0.9,2696700,-1.2,,,1.3,
2002-08-01,54,West Virginia,WV,6.1,0.9,698700,-0.24,,,1.36,
2002-08-01,55,Wisconsin,WI,5.2,0.7,2777400,-1.08,,,1.99,
2002-08-01,56,Wyoming,WY,3.9,0,247900,0.28,,,1.99,
2002-07-01,01,Alabama,AL,5.9,0.8,1894300,-1.27,,,2.36,
2002-07-01,02,Alaska,AK,7.2,1,294700,1.17,,,4.72,
2002-07-01,04,Arizona,AZ,6.2,1.6,2264100,-0.17,,,3.19,
2002-07-01,05,Arkansas,AR,5.2,0.5,1148600,-0.3,,,3.17,
2002-07-01,10,Delaware,DE,4.1,0.8,414700,-0.96,,,-3.08,
2002-07-01,11,District of Columbia,DC,6.5,0.2,666200,1.88,,,2.94,
2002-07-01,12,Florida,FL,5.6,1,7147500,-0.16,,,4.42,
2002-07-01,13,Georgia,GA,5,1.1,3891000,-1.84,,,1.09,
2002-07-01,15,Hawaii,HI,4,-0.2,559400,0.16,,,3.16,
2002-07-01,16,Idaho,ID,5.5,0.5,570000,0.25,,,2.35,
2002-07-01,17,Illinois,IL,6.6,1.3,5873100,-1.98,,,0.58,
2002-07-01,18,Indiana,IN,5.1,0.9,2918700,-0.3,,,2.5,
2002-07-01,19,Iowa,IA,4,0.8,1446900,-1.4,,,2.31,
2002-07-01,20,Kansas,KS,5.1,0.9,1339700,-0.88,,,1.32,
2002-07-01,21,Kentucky,KY,5.7,0.5,1778100,-0.93,,,2.55,
2002-07-01,22,Louisiana,LA,5.9,0.5,1898900,-0.84,,,2.05,
2002-07-01,23,Maine,ME,4.4,0.6,608200,,,,2.48,
2002-07-01,24,Maryland,MD,4.4,0.3,2497600,0.52,,,3.33,
2002-07-01,25,Massachusetts,MA,5.3,1.5,3272300,-2.18,,,0.07,
2002-07-01,26,Michigan,MI,6.1,1.1,4499400,-1.55,,,2.75,
2002-07-01,27,Minnesota,MN,4.4,0.7,2667800,-0.62,,,2.07,
2002-07-01,28,Mississippi,MS,6.3,1,1130900,-0.05,,,1.12,
2002-07-01,29,Missouri,MO,5.3,0.9,2682300,-1.65,,,1.77,
2002-07-01,30,Montana,MT,4.5,-0.1,395300,1.07,,,2.98,
2002-07-01,31,Nebraska,NE,3.6,0.5,910700,-1.02,,,1.42,
2002-07-01,32,Nevada,NV,5.6,0.5,1052900,-0.3,,,3.37,
2002-07-01,33,New Hampshire,NH,4.6,1.1,616800,-1.07,,,2.84,
2002-07-01,34,New Jersey,NJ,5.8,1.7,3971400,-0.71,,,1.59,
2002-07-01,35,New Mexico,NM,5.5,0.7,767400,1.2,,,3.22,
2002-07-01,36,New York,NY,6.1,1.3,8456600,-1.43,,,-0.98,
2002-07-01,37,North Carolina,NC,6.4,0.9,3837100,-1.27,,,1.61,
2002-07-01,38,North Dakota,ND,3.4,0.7,330000,0.21,,,4.98,
2002-07-01,39,Ohio,OH,5.8,1.5,5444200,-1.59,,,2.26,
2002-07-01,40,Oklahoma,OK,4.5,0.9,1500400,-1.3,,,1.78,
2002-07-01,41,Oregon,OR,7.2,0.9,1591700,-0.8,,,2.04,
2002-07-01,42,Pennsylvania,PA,5.4,0.6,5640300,-0.66,,,1.01,
2002-07-01,44,Rhode Island,RI,5,0.5,481300,0.12,,,3.18,
2002-07-01,45,South Carolina,SC,5.9,0.6,1795900,-1.12,,,2.76,
2002-07-01,46,South Dakota,SD,3.1,0.1,377800,-0.18,,,10.43,
2002-07-01,47,Tennessee,TN,5,0.4,2678300,-0.32,,,3.29,
2002-07-01,48,Texas,TX,6.4,1.4,9438400,-1.14,,,2.16,
2002-07-01,49,Utah,UT,5.7,1.3,1072900,-0.87,,,2.58,
2002-07-01,50,Vermont,VT,3.9,0.7,299200,-1.29,,,3.27,
2002-07-01,51,Virginia,VA,4.2,1,3498700,-0.89,,,0.98,
2002-07-01,53,Washington,WA,7.1,1.2,2697400,-1.34,,,1.3,
2002-07-01,54,West Virginia,WV,6.1,1,699600,-0.06,,,1.36,
2002-07-01,55,Wisconsin,WI,5.2,0.8,2776500,-1.26,,,1.99,
2002-07-01,56,Wyoming,WY,3.9,0,248300,1.06,,,1.99,
2002-06-01,01,Alabama,AL,5.9,0.9,1894800,-1.56,,,2.36,
2002-06-01,02,Alaska,AK,7.2,1.1,294100,1.66,,,4.72,
2002-06-01,04,Arizona,AZ,6.3,1.9,2270200,0.06,,,3.19,
2002-06-01,05,Arkansas,AR,5.3,0.7,1148700,-0.42,,,3.17,
2002-06-01,10,Delaware,DE,4.1,0.9,413200,-1.92,,,-3.08,
2002-06-01,11,District of Columbia,DC,6.6,0.4,664600,1.84,,,2.94,
2002-06-01,12,Florida,FL,5.7,1.3,7150800,-0.2,,,4.42,
2002-06-01,13,Georgia,GA,5,1.3,3911900,-1.54,,,1.09,
2002-06-01,15,Hawaii,HI,4,-0.2,562100,0.39,,,3.16,
2002-06-01,16,Idaho,ID,5.6,0.7,569500,0.02,,,2.35,
2002-06-01,17,Illinois,IL,6.6,1.3,5885400,-2.32,,,0.58,
2002-06-01,18,Indiana,IN,5.1,1.1,2902600,-1.57,,,2.5,
2002-06-01,19,Iowa,IA,4,0.8,1449200,-1.44,,,2.31,
2002-06-01,20,Kansas,KS,5.1,1,1339000,-0.74,,,1.32,
2002-06-01,21,Kentucky,KY,5.7,0.7,1779400,-1.19,,,2.55,
2002-06-01,22,Louisiana,LA,5.9,0.6,1900000,-1.08,,,2.05,
2002-06-01,23,Maine,ME,4.4,0.6,608800,-0.28,,,2.48,
2002-06-01,24,Maryland,MD,4.4,0.4,2496500,0.24,,,3.33,
2002-06-01,25,Massachusetts,MA,5.2,1.5,3274500,-2.6,,,0.07,
2002-06-01,26,Michigan,MI,6.2,1.3,4494000,-2.05,,,2.75,
2002-06-01,27,Minnesota,MN,4.4,0.8,2662100,-1.02,,,2.07,
2002-06-01,28,Mississippi,MS,6.4,1.2,1131000,-0.1,,,1.12,
2002-06-01,29,Missouri,MO,5.3,1,2706300,-1.57,,,1.77,
2002-06-01,30,Montana,MT,4.5,0,397500,1.35,,,2.98,
2002-06-01,31,Nebraska,NE,3.7,0.7,912300,-1.07,,,1.42,
2002-06-01,32,Nevada,NV,5.7,0.7,1049700,-0.62,,,3.37,
2002-06-01,33,New Hampshire,NH,4.5,1.2,616400,-1.71,,,2.84,
2002-06-01,34,New Jersey,NJ,5.8,1.8,3990500,-0.74,,,1.59,
2002-06-01,35,New Mexico,NM,5.5,0.7,766900,1.03,,,3.22,
2002-06-01,36,New York,NY,6.2,1.6,8451900,-1.89,,,-0.98,
2002-06-01,37,North Carolina,NC,6.5,1.2,3827700,-1.58,,,1.61,
2002-06-01,38,North Dakota,ND,3.4,0.7,330700,,,,4.98,
2002-06-01,39,Ohio,OH,5.9,1.7,5442800,-2.08,,,2.26,
2002-06-01,40,Oklahoma,OK,4.5,1.1,1503400,-1.58,,,1.78,
2002-06-01,41,Oregon,OR,7.3,1.2,1587900,-1.57,,,2.04,
2002-06-01,42,Pennsylvania,PA,5.5,0.8,5649000,-0.83,,,1.01,
2002-06-01,44,Rhode Island,RI,4.8,0.2,482600,0.37,,,3.18,
2002-06-01,45,South Carolina,SC,6,0.9,1800800,-0.72,,,2.76,
2002-06-01,46,South Dakota,SD,3.2,0.3,377700,-0.24,,,10.43,
2002-06-01,47,Tennessee,TN,5.1,0.7,2668300,-1.14,,,3.29,
2002-06-01,48,Texas,TX,6.4,1.6,9451800,-1.3,,,2.16,
2002-06-01,49,Utah,UT,5.7,1.5,1070100,-1.25,,,2.58,
2002-06-01,50,Vermont,VT,3.9,0.7,300600,-0.79,,,3.27,
2002-06-01,51,Virginia,VA,4.2,1.2,3504000,-0.68,,,0.98,
2002-06-01,53,Washington,WA,7.2,1.4,2680100,-2.17,,,1.3,
2002-06-01,54,West Virginia,WV,6.1,1,697700,-0.46,,,1.36,
2002-06-01,55,Wisconsin,WI,5.3,1,2777400,-1.37,,,1.99,
2002-06-01,56,Wyoming,WY,4,0.2,247800,1.06,,,1.99,
2002-05-01,01,Alabama,AL,5.9,1,1898200,-1.57,,,2.36,
2002-05-01,02,Alaska,AK,7.1,1,293300,1.42,,,4.72,
2002-05-01,04,Arizona,AZ,6.3,2,2266500,-0.1,,,3.19,
2002-05-01,05,Arkansas,AR,5.4,0.8,1147600,-0.75,,,3.17,
2002-05-01,10,Delaware,DE,4.2,0.9,415400,-1.35,,,-3.08,
2002-05-01,11,District of Columbia,DC,6.6,0.5,663400,1.84,,,2.94,
2002-05-01,12,Florida,FL,5.7,1.4,7146300,-0.15,,,4.42,
2002-05-01,13,Georgia,GA,5,1.3,3903000,-1.87,,,1.09,
2002-05-01,15,Hawaii,HI,4.1,-0.1,556200,0.04,,,3.16,
2002-05-01,16,Idaho,ID,5.7,0.8,568100,-0.3,,,2.35,
2002-05-01,17,Illinois,IL,6.6,1.4,5886200,-2.37,,,0.58,
2002-05-01,18,Indiana,IN,5.2,1.3,2901200,-1.63,,,2.5,
2002-05-01,19,Iowa,IA,4,0.8,1449500,-1.61,,,2.31,
2002-05-01,20,Kansas,KS,5.1,1,1339700,-0.88,,,1.32,
2002-05-01,21,Kentucky,KY,5.7,0.8,1777800,-1.29,,,2.55,
2002-05-01,22,Louisiana,LA,5.9,0.6,1898900,-1.23,,,2.05,
2002-05-01,23,Maine,ME,4.4,0.7,607900,-0.39,,,2.48,
2002-05-01,24,Maryland,MD,4.5,0.7,2497000,0.34,,,3.33,
2002-05-01,25,Massachusetts,MA,5.2,1.7,3277900,-2.69,,,0.07,
2002-05-01,26,Michigan,MI,6.3,1.5,4490600,-2.18,,,2.75,
2002-05-01,27,Minnesota,MN,4.5,0.9,2659600,-1.28,,,2.07,
2002-05-01,28,Mississippi,MS,6.4,1.3,1127200,-0.56,,,1.12,
2002-05-01,29,Missouri,MO,5.4,1.1,2702800,-1.59,,,1.77,
2002-05-01,30,Montana,MT,4.6,0,394800,0.56,,,2.98,
2002-05-01,31,Nebraska,NE,3.7,0.7,911600,-1.01,,,1.42,
2002-05-01,32,Nevada,NV,5.7,0.8,1050500,-0.45,,,3.37,
2002-05-01,33,New Hampshire,NH,4.5,1.3,616100,-2.04,,,2.84,
2002-05-01,34,New Jersey,NJ,5.8,1.9,3998300,-0.53,,,1.59,
2002-05-01,35,New Mexico,NM,5.5,0.7,765200,0.95,,,3.22,
2002-05-01,36,New York,NY,6.3,1.9,8457900,-1.97,,,-0.98,
2002-05-01,37,North Carolina,NC,6.6,1.5,3839700,-1.58,,,1.61,
2002-05-01,38,North Dakota,ND,3.4,0.7,329500,-0.33,,,4.98,
2002-05-01,39,Ohio,OH,5.9,1.9,5446000,-2.15,,,2.26,
2002-05-01,40,Oklahoma,OK,4.6,1.3,1507000,-1.22,,,1.78,
2002-05-01,41,Oregon,OR,7.4,1.5,1586800,-1.73,,,2.04,
2002-05-01,42,Pennsylvania,PA,5.5,0.9,5646800,-0.85,,,1.01,
2002-05-01,44,Rhode Island,RI,4.7,0.1,482100,0.08,,,3.18,
2002-05-01,45,South Carolina,SC,6,1,1798600,-1.18,,,2.76,
2002-05-01,46,South Dakota,SD,3.3,0.4,377200,-0.58,,,10.43,
2002-05-01,47,Tennessee,TN,5.3,1,2665800,-1.44,,,3.29,
2002-05-01,48,Texas,TX,6.4,1.8,9462200,-1.19,,,2.16,
2002-05-01,49,Utah,UT,5.7,1.6,1071000,-1.27,,,2.58,
2002-05-01,50,Vermont,VT,3.9,0.7,300100,-0.73,,,3.27,
2002-05-01,51,Virginia,VA,4.3,1.4,3502400,-0.75,,,0.98,
2002-05-01,53,Washington,WA,7.2,1.4,2681300,-2.35,,,1.3,
2002-05-01,54,West Virginia,WV,6.2,1.1,708200,1.08,,,1.36,
2002-05-01,55,Wisconsin,WI,5.3,1.1,2779200,-1.58,,,1.99,
2002-05-01,56,Wyoming,WY,4.1,0.3,248100,1.18,,,1.99,
2002-04-01,01,Alabama,AL,5.9,1.1,1901600,-1.59,,,2.36,
2002-04-01,02,Alaska,AK,7,0.9,294200,1.76,,,4.72,
2002-04-01,04,Arizona,AZ,6.2,2,2267900,-0.26,,,3.19,
2002-04-01,05,Arkansas,AR,5.4,0.9,1146700,-1.05,,,3.17,
2002-04-01,10,Delaware,DE,4.2,0.9,413700,-1.87,,,-3.08,
2002-04-01,11,District of Columbia,DC,6.7,0.7,664500,2.33,,,2.94,
2002-04-01,12,Florida,FL,5.7,1.5,7135200,-0.24,,,4.42,
2002-04-01,13,Georgia,GA,5,1.4,3902200,-2.09,,,1.09,
2002-04-01,15,Hawaii,HI,4.2,0,550000,-1.4,,,3.16,
2002-04-01,16,Idaho,ID,5.8,1,567000,-0.61,,,2.35,
2002-04-01,17,Illinois,IL,6.6,1.4,5892700,-2.32,,,0.58,
2002-04-01,18,Indiana,IN,5.3,1.6,2897600,-2.14,,,2.5,
2002-04-01,19,Iowa,IA,4,0.8,1449600,-1.61,,,2.31,
2002-04-01,20,Kansas,KS,5.1,1,1341200,-0.82,,,1.32,
2002-04-01,21,Kentucky,KY,5.8,1,1776900,-1.44,,,2.55,
2002-04-01,22,Louisiana,LA,6,0.6,1900500,-1.18,,,2.05,
2002-04-01,23,Maine,ME,4.3,0.7,608100,-0.49,,,2.48,
2002-04-01,24,Maryland,MD,4.6,0.8,2495100,0.41,,,3.33,
2002-04-01,25,Massachusetts,MA,5.1,1.7,3281400,-2.74,,,0.07,
2002-04-01,26,Michigan,MI,6.3,1.5,4489600,-2.5,,,2.75,
2002-04-01,27,Minnesota,MN,4.6,1.1,2657700,-1.48,,,2.07,
2002-04-01,28,Mississippi,MS,6.5,1.5,1126300,-0.84,,,1.12,
2002-04-01,29,Missouri,MO,5.4,1.1,2702300,-1.66,,,1.77,
2002-04-01,30,Montana,MT,4.7,0.1,394100,0.69,,,2.98,
2002-04-01,31,Nebraska,NE,3.7,0.7,912600,-0.74,,,1.42,
2002-04-01,32,Nevada,NV,5.7,0.9,1047900.0000000001,-0.72,,,3.37,
2002-04-01,33,New Hampshire,NH,4.4,1.2,617000,-1.8,,,2.84,
2002-04-01,34,New Jersey,NJ,5.8,2,4003600,-0.33,,,1.59,
2002-04-01,35,New Mexico,NM,5.5,0.6,764300,0.96,,,3.22,
2002-04-01,36,New York,NY,6.3,2,8453200,-2.01,,,-0.98,
2002-04-01,37,North Carolina,NC,6.7,1.8,3844000,-1.67,,,1.61,
2002-04-01,38,North Dakota,ND,3.4,0.7,328900,-0.48,,,4.98,
2002-04-01,39,Ohio,OH,5.9,1.9,5446100,-2.36,,,2.26,
2002-04-01,40,Oklahoma,OK,4.6,1.4,1506500,-1.3,,,1.78,
2002-04-01,41,Oregon,OR,7.5,1.7,1586200,-1.97,,,2.04,
2002-04-01,42,Pennsylvania,PA,5.6,1.1,5646700,-0.96,,,1.01,
2002-04-01,44,Rhode Island,RI,4.7,0.2,482900,-0.04,,,3.18,
2002-04-01,45,South Carolina,SC,6,1.2,1798100,-1.48,,,2.76,
2002-04-01,46,South Dakota,SD,3.4,0.5,376200,-0.69,,,10.43,
2002-04-01,47,Tennessee,TN,5.4,1.2,2664600,-1.72,,,3.29,
2002-04-01,48,Texas,TX,6.3,1.8,9451700,-1.34,,,2.16,
2002-04-01,49,Utah,UT,5.6,1.6,1074300,-0.93,,,2.58,
2002-04-01,50,Vermont,VT,3.8,0.7,301200,-0.69,,,3.27,
2002-04-01,51,Virginia,VA,4.3,1.6,3500500,-0.8,,,0.98,
2002-04-01,53,Washington,WA,7.3,1.6,2678700,-2.56,,,1.3,
2002-04-01,54,West Virginia,WV,6.1,0.9,698900,-0.44,,,1.36,
2002-04-01,55,Wisconsin,WI,5.4,1.3,2779600,-1.73,,,1.99,
2002-04-01,56,Wyoming,WY,4.1,0.3,247500,1.23,,,1.99,
2002-03-01,01,Alabama,AL,5.9,1.1,1901200,-1.66,,,2.36,
2002-03-01,02,Alaska,AK,6.9,0.8,294100,2.51,,,4.72,
2002-03-01,04,Arizona,AZ,6.2,2,2258000,-0.89,,,3.19,
2002-03-01,05,Arkansas,AR,5.5,1,1145300,-1.16,,,3.17,
2002-03-01,10,Delaware,DE,4.2,0.8,412800,-2.82,,,-3.08,
2002-03-01,11,District of Columbia,DC,6.8,0.8,662600,1.92,,,2.94,
2002-03-01,12,Florida,FL,5.8,1.7,7128800,-0.33,,,4.42,
2002-03-01,13,Georgia,GA,5,1.4,3898300,-2.8,,,1.09,
2002-03-01,15,Hawaii,HI,4.3,0.1,552400,-1.25,,,3.16,
2002-03-01,16,Idaho,ID,5.9,1.1,563600,-1.28,,,2.35,
2002-03-01,17,Illinois,IL,6.5,1.3,5891300,-2.53,,,0.58,
2002-03-01,18,Indiana,IN,5.3,1.7,2895900,-2.35,,,2.5,
2002-03-01,19,Iowa,IA,4,0.8,1447200,-1.8,,,2.31,
2002-03-01,20,Kansas,KS,5.1,1,1338500,-1.17,,,1.32,
2002-03-01,21,Kentucky,KY,5.8,1.1,1779000,-1.45,,,2.55,
2002-03-01,22,Louisiana,LA,6,0.5,1893900,-1.7,,,2.05,
2002-03-01,23,Maine,ME,4.3,0.8,606800,-0.48,,,2.48,
2002-03-01,24,Maryland,MD,4.7,1,2499700,0.45,,,3.33,
2002-03-01,25,Massachusetts,MA,5,1.8,3288200,-2.87,,,0.07,
2002-03-01,26,Michigan,MI,6.3,1.6,4492400,-2.59,,,2.75,
2002-03-01,27,Minnesota,MN,4.6,1.1,2659200,-1.69,,,2.07,
2002-03-01,28,Mississippi,MS,6.5,1.5,1124400,-1.05,,,1.12,
2002-03-01,29,Missouri,MO,5.4,1.1,2714800,-1.31,,,1.77,
2002-03-01,30,Montana,MT,4.7,0.1,392700,0.1,,,2.98,
2002-03-01,31,Nebraska,NE,3.7,0.7,911500,-0.76,,,1.42,
2002-03-01,32,Nevada,NV,5.8,1,1042200,-1.37,,,3.37,
2002-03-01,33,New Hampshire,NH,4.3,1.3,617800,-2.06,,,2.84,
2002-03-01,34,New Jersey,NJ,5.7,2,4017100,0.27,,,1.59,
2002-03-01,35,New Mexico,NM,5.4,0.5,762400,0.7,,,3.22,
2002-03-01,36,New York,NY,6.3,2.1,8449400,-2.41,,,-0.98,
2002-03-01,37,North Carolina,NC,6.8,2,3837400,-2.22,,,1.61,
2002-03-01,38,North Dakota,ND,3.4,0.7,328400,-0.79,,,4.98,
2002-03-01,39,Ohio,OH,5.9,2,5457700,-2.39,,,2.26,
2002-03-01,40,Oklahoma,OK,4.6,1.5,1504300,-1.27,,,1.78,
2002-03-01,41,Oregon,OR,7.7,2.1,1583900,-2.47,,,2.04,
2002-03-01,42,Pennsylvania,PA,5.6,1.1,5654400,-1.09,,,1.01,
2002-03-01,44,Rhode Island,RI,4.7,0.3,483100,-0.27,,,3.18,
2002-03-01,45,South Carolina,SC,6,1.4,1788700,-2.26,,,2.76,
2002-03-01,46,South Dakota,SD,3.4,0.6,375600,-1.05,,,10.43,
2002-03-01,47,Tennessee,TN,5.5,1.4,2663800,-2.14,,,3.29,
2002-03-01,48,Texas,TX,6.3,2,9452900,-1.39,,,2.16,
2002-03-01,49,Utah,UT,5.5,1.6,1072900,-1.27,,,2.58,
2002-03-01,50,Vermont,VT,3.7,0.6,300100,-0.79,,,3.27,
2002-03-01,51,Virginia,VA,4.3,1.7,3498400,-1.11,,,0.98,
2002-03-01,53,Washington,WA,7.3,1.7,2675900,-2.86,,,1.3,
2002-03-01,54,West Virginia,WV,6,0.8,700600,-0.47,,,1.36,
2002-03-01,55,Wisconsin,WI,5.4,1.4,2780600,-1.87,,,1.99,
2002-03-01,56,Wyoming,WY,4.1,0.3,247300,1.31,,,1.99,
2002-02-01,01,Alabama,AL,5.9,1.1,1901200,-1.84,,,2.36,
2002-02-01,02,Alaska,AK,6.9,0.8,293500,2.23,,,4.72,
2002-02-01,04,Arizona,AZ,6.1,2,2251900,-0.92,,,3.19,
2002-02-01,05,Arkansas,AR,5.5,1.1,1143600,-1.33,,,3.17,
2002-02-01,10,Delaware,DE,4.1,0.6,414700,-1.73,,,-3.08,
2002-02-01,11,District of Columbia,DC,6.8,0.9,660000,1.73,,,2.94,
2002-02-01,12,Florida,FL,5.8,1.8,7119800,-0.3,,,4.42,
2002-02-01,13,Georgia,GA,5,1.5,3895400,-2.86,,,1.09,
2002-02-01,15,Hawaii,HI,4.4,0.3,550700,-1.38,,,3.16,
2002-02-01,16,Idaho,ID,5.9,1.2,564100,-0.91,,,2.35,
2002-02-01,17,Illinois,IL,6.4,1.3,5900100,-2.41,,,0.58,
2002-02-01,18,Indiana,IN,5.4,1.9,2900000,-2.22,,,2.5,
2002-02-01,19,Iowa,IA,4,0.9,1450900,-1.69,,,2.31,
2002-02-01,20,Kansas,KS,5.1,1.1,1338400,-0.98,,,1.32,
2002-02-01,21,Kentucky,KY,5.9,1.3,1779800,-1.96,,,2.55,
2002-02-01,22,Louisiana,LA,6.1,0.6,1895300,-1.56,,,2.05,
2002-02-01,23,Maine,ME,4.2,0.9,605600,-0.77,,,2.48,
2002-02-01,24,Maryland,MD,4.7,1,2496300,0.29,,,3.33,
2002-02-01,25,Massachusetts,MA,5,1.9,3287900,-3.16,,,0.07,
2002-02-01,26,Michigan,MI,6.3,1.8,4494400,-2.68,,,2.75,
2002-02-01,27,Minnesota,MN,4.5,1.1,2662200,-1.57,,,2.07,
2002-02-01,28,Mississippi,MS,6.5,1.5,1124000,-1.41,,,1.12,
2002-02-01,29,Missouri,MO,5.3,1.1,2717100,-1.15,,,1.77,
2002-02-01,30,Montana,MT,4.8,0.2,394200,0.56,,,2.98,
2002-02-01,31,Nebraska,NE,3.7,0.8,911800,-0.64,,,1.42,
2002-02-01,32,Nevada,NV,5.8,1.1,1037300,-1.77,,,3.37,
2002-02-01,33,New Hampshire,NH,4.2,1.3,617000,-2.33,,,2.84,
2002-02-01,34,New Jersey,NJ,5.6,1.9,4018200,0.18,,,1.59,
2002-02-01,35,New Mexico,NM,5.4,0.4,760500,0.76,,,3.22,
2002-02-01,36,New York,NY,6.3,2.1,8449000,-2.51,,,-0.98,
2002-02-01,37,North Carolina,NC,6.8,2.2,3835400,-2.5,,,1.61,
2002-02-01,38,North Dakota,ND,3.3,0.5,329900,-0.09,,,4.98,
2002-02-01,39,Ohio,OH,5.8,1.9,5462300,-2.4,,,2.26,
2002-02-01,40,Oklahoma,OK,4.6,1.6,1504300,-1.07,,,1.78,
2002-02-01,41,Oregon,OR,7.8,2.4,1584800,-2.69,,,2.04,
2002-02-01,42,Pennsylvania,PA,5.6,1.2,5656400,-1.13,,,1.01,
2002-02-01,44,Rhode Island,RI,4.7,0.4,481600,-0.76,,,3.18,
2002-02-01,45,South Carolina,SC,6,1.6,1787400,-2.57,,,2.76,
2002-02-01,46,South Dakota,SD,3.5,0.7,375800,-1.11,,,10.43,
2002-02-01,47,Tennessee,TN,5.6,1.6,2666100,-2.25,,,3.29,
2002-02-01,48,Texas,TX,6.2,2,9447800,-1.39,,,2.16,
2002-02-01,49,Utah,UT,5.4,1.5,1081500,-0.3,,,2.58,
2002-02-01,50,Vermont,VT,3.7,0.7,299900,-1.09,,,3.27,
2002-02-01,51,Virginia,VA,4.3,1.9,3498700,-1.02,,,0.98,
2002-02-01,53,Washington,WA,7.3,1.8,2681900,-2.64,,,1.3,
2002-02-01,54,West Virginia,WV,5.9,0.7,700500,-0.33,,,1.36,
2002-02-01,55,Wisconsin,WI,5.4,1.5,2781100,-2.09,,,1.99,
2002-02-01,56,Wyoming,WY,4,0.2,247500,1.68,,,1.99,
2002-01-01,01,Alabama,AL,5.8,1.1,1899600,-1.8,172430379,172430379,2.36,
2002-01-01,02,Alaska,AK,6.8,0.6,290500,2.22,41904674,41904674,4.72,
2002-01-01,04,Arizona,AZ,6,2,2256100,-0.4,238257096,238257096,3.19,
2002-01-01,05,Arkansas,AR,5.4,1.1,1143000,-1.3,98556605,98556605,3.17,
2002-01-01,06,California,CA,,,,,1821509513,1821509513,2.07,
2002-01-01,08,Colorado,CO,,,,,243701932,243701932,0.43,
2002-01-01,09,Connecticut,CT,,,,,234307344,234307344,-0.86,
2002-01-01,10,Delaware,DE,4,0.4,413200,-1.78,63702543,63702543,-3.08,
2002-01-01,11,District of Columbia,DC,6.8,0.9,659700,1.09,99014659,99014659,2.94,
2002-01-01,12,Florida,FL,5.8,1.9,7119200,-0.07,746252840,746252840,4.42,
2002-01-01,13,Georgia,GA,4.9,1.5,3894100,-2.94,427329710,427329710,1.09,
2002-01-01,15,Hawaii,HI,4.4,0.3,549700,-0.85,62355155,62355155,3.16,
2002-01-01,16,Idaho,ID,5.8,1.1,564800,-0.55,49840510,49840510,2.35,
2002-01-01,17,Illinois,IL,6.3,1.3,5912800,-2.14,692398081,692398081,0.58,
2002-01-01,18,Indiana,IN,5.3,2,2895900,-2.17,280722997,280722997,2.5,
2002-01-01,19,Iowa,IA,3.9,0.9,1453400,-1.7,131035207,131035207,2.31,
2002-01-01,20,Kansas,KS,5,1,1343700,-0.68,121050453,121050453,1.32,
2002-01-01,21,Kentucky,KY,5.9,1.4,1780600,-1.87,165435295,165435295,2.55,
2002-01-01,22,Louisiana,LA,6.1,0.6,1899000,-1.37,214856125,214856125,2.05,
2002-01-01,23,Maine,ME,4.2,1,605400,-0.75,55406487,55406487,2.48,
2002-01-01,24,Maryland,MD,4.8,1.1,2492600,0.26,290400312,290400312,3.33,
2002-01-01,25,Massachusetts,MA,4.9,2,3295300,-2.88,388451607,388451607,0.07,
2002-01-01,26,Michigan,MI,6.3,1.9,4489400,-2.6,465788388,465788388,2.75,
2002-01-01,27,Minnesota,MN,4.5,1.1,2664000,-1.33,268982848,268982848,2.07,
2002-01-01,28,Mississippi,MS,6.5,1.5,1124200,-1.63,94561460,94561460,1.12,
2002-01-01,29,Missouri,MO,5.3,1.1,2720100,-1.02,264997650,264997650,1.77,
2002-01-01,30,Montana,MT,4.8,0.2,393800,0.54,33663844,33663844,2.98,
2002-01-01,31,Nebraska,NE,3.7,0.8,910700,-0.88,83433233,83433233,1.42,
2002-01-01,32,Nevada,NV,5.7,1.1,1036099.9999999999,-1.46,120180066,120180066,3.37,
2002-01-01,33,New Hampshire,NH,4.1,1.3,617500,-2.15,63474207,63474207,2.84,
2002-01-01,34,New Jersey,NJ,5.4,1.7,4015200,0.19,517752210,517752210,1.59,
2002-01-01,35,New Mexico,NM,5.3,0.3,760700,1.05,75345940,75345940,3.22,
2002-01-01,36,New York,NY,6.2,2,8444700,-2.64,1228580763,1228580763,-0.98,
2002-01-01,37,North Carolina,NC,6.8,2.4,3835100,-2.57,393685863,393685863,1.61,
2002-01-01,38,North Dakota,ND,3.2,0.4,329900,-0.03,26592117,26592117,4.98,
2002-01-01,39,Ohio,OH,5.7,1.8,5464900,-2.47,546688202,546688202,2.26,
2002-01-01,40,Oklahoma,OK,4.6,1.6,1505500,-0.78,127930241,127930241,1.78,
2002-01-01,41,Oregon,OR,7.8,2.5,1584700,-2.84,147432841,147432841,2.04,
2002-01-01,42,Pennsylvania,PA,5.6,1.3,5654000,-1.11,583507433,583507433,1.01,
2002-01-01,44,Rhode Island,RI,4.7,0.6,481500,-0.45,51284341,51284341,3.18,
2002-01-01,45,South Carolina,SC,6,1.9,1787700,-2.74,167333032,167333032,2.76,
2002-01-01,46,South Dakota,SD,3.5,0.8,376000,-0.92,35775980,35775980,10.43,
2002-01-01,47,Tennessee,TN,5.6,1.6,2667500,-2.29,258542366,258542366,3.29,
2002-01-01,48,Texas,TX,6.1,2,9456000,-1.21,1042584367,1042584367,2.16,
2002-01-01,49,Utah,UT,5.3,1.5,1077400,-0.63,102828054,102828054,2.58,
2002-01-01,50,Vermont,VT,3.6,0.7,300800,-0.86,26522838,26522838,3.27,
2002-01-01,51,Virginia,VA,4.2,1.9,3495700,-1.08,390242390,390242390,0.98,
2002-01-01,53,Washington,WA,7.2,1.8,2690200,-2.5,321977108,321977108,1.3,
2002-01-01,54,West Virginia,WV,5.8,0.5,698600,-0.48,64465686,64465686,1.36,
2002-01-01,55,Wisconsin,WI,5.4,1.6,2782700,-1.85,257966938,257966938,1.99,
2002-01-01,56,Wyoming,WY,4,0.3,247300,1.98,28901290,28901290,1.99,
2002-01-01,91,New England,,,,,,819333731,819333731,0.46,
2002-01-01,92,Mideast,,,,,,2784056153,2784056153,0.45,
2002-01-01,93,Great Lakes,,,,,,2243919009,2243919009,1.85,
2002-01-01,94,Plains,,,,,,930798771,930798771,2.24,
2002-01-01,95,Southeast,,,,,,3195086660,3195086660,2.44,
2002-01-01,96,Southwest,,,,,,1480277662,1480277662,2.34,
2002-01-01,97,Rocky Mountain,,,,,,459318533,459318533,1.37,
2002-01-01,98,Far West,,,,,,2514956943,2514956943,2.09,
2001-12-01,01,Alabama,AL,5.8,1.1,1909800,-1.81,,,,
2001-12-01,02,Alaska,AK,6.7,0.5,289000,0.87,,,,
2001-12-01,04,Arizona,AZ,5.9,1.9,2248000,-1.19,,,,
2001-12-01,05,Arkansas,AR,5.3,1.1,1144100,-1.08,,,,
2001-12-01,10,Delaware,DE,3.9,0.3,415700,-1.42,,,,
2001-12-01,11,District of Columbia,DC,6.8,1,656200,-1.04,,,,
2001-12-01,12,Florida,FL,5.7,1.9,7117200,-0.4,,,,
2001-12-01,13,Georgia,GA,4.8,1.4,3927200,-1.91,,,,
2001-12-01,15,Hawaii,HI,4.5,0.5,546400,-2.2,,,,
2001-12-01,16,Idaho,ID,5.7,1.1,563800,-0.46,,,,
2001-12-01,17,Illinois,IL,6.1,1.3,5913300,-2.16,,,,
2001-12-01,18,Indiana,IN,5.2,2.1,2900600,-2.46,,,,
2001-12-01,19,Iowa,IA,3.9,0.9,1450900,-1.84,,,,
2001-12-01,20,Kansas,KS,4.9,0.9,1342400,-0.57,,,,
2001-12-01,21,Kentucky,KY,5.9,1.5,1773600,-2.43,,,,
2001-12-01,22,Louisiana,LA,6.1,0.7,1904400,-0.97,,,,
2001-12-01,23,Maine,ME,4.1,0.9,603300,-0.77,,,,
2001-12-01,24,Maryland,MD,4.8,1.1,2492200,-0.33,,,,
2001-12-01,25,Massachusetts,MA,4.7,1.9,3297000,-2.48,,,,
2001-12-01,26,Michigan,MI,6.2,2,4493700,-3.68,,,,
2001-12-01,27,Minnesota,MN,4.4,1.1,2666300,-1.3,,,,
2001-12-01,28,Mississippi,MS,6.4,1.4,1122400,-2.08,,,,
2001-12-01,29,Missouri,MO,5.2,1.1,2715000,-1.23,,,,
2001-12-01,30,Montana,MT,4.7,0.1,390900,0.03,,,,
2001-12-01,31,Nebraska,NE,3.6,0.7,916900,0.31,,,,
2001-12-01,32,Nevada,NV,5.7,1.2,1037900.0000000001,-0.75,,,,
2001-12-01,33,New Hampshire,NH,4,1.4,617800,-1.56,,,,
2001-12-01,34,New Jersey,NJ,5.2,1.5,4001700,-0.73,,,,
2001-12-01,35,New Mexico,NM,5.3,0.3,757000,0.46,,,,
2001-12-01,36,New York,NY,6,1.7,8442500,-2.77,,,,
2001-12-01,37,North Carolina,NC,6.7,2.5,3830500,-2.1,,,,
2001-12-01,38,North Dakota,ND,3.1,0.3,329300,0.34,,,,
2001-12-01,39,Ohio,OH,5.5,1.6,5473500,-2.52,,,,
2001-12-01,40,Oklahoma,OK,4.5,1.6,1511100,-0.39,,,,
2001-12-01,41,Oregon,OR,7.8,2.6,1584200,-2.96,,,,
2001-12-01,42,Pennsylvania,PA,5.5,1.2,5643200,-1.24,,,,
2001-12-01,44,Rhode Island,RI,4.7,0.7,480600,-0.8,,,,
2001-12-01,45,South Carolina,SC,6,2.2,1792800,-3.12,,,,
2001-12-01,46,South Dakota,SD,3.4,0.7,376500,-0.19,,,,
2001-12-01,47,Tennessee,TN,5.5,1.6,2660200,-2.75,,,,
2001-12-01,48,Texas,TX,6,1.9,9458900,-1.14,,,,
2001-12-01,49,Utah,UT,5.2,1.5,1071100,-1.48,,,,
2001-12-01,50,Vermont,VT,3.5,0.6,299500,-0.93,,,,
2001-12-01,51,Virginia,VA,4.1,1.9,3495000,-1.82,,,,
2001-12-01,53,Washington,WA,7.1,1.8,2694000,-2.73,,,,
2001-12-01,54,West Virginia,WV,5.7,0.4,699200,-0.46,,,,
2001-12-01,55,Wisconsin,WI,5.2,1.6,2776900,-1.89,,,,
2001-12-01,56,Wyoming,WY,4,0.3,247600,2.48,,,,
2001-11-01,01,Alabama,AL,5.7,1.1,1911100,-1.74,,,,
2001-11-01,02,Alaska,AK,6.6,0.3,289900,1.72,,,,
2001-11-01,04,Arizona,AZ,5.7,1.8,2251100,-0.64,,,,
2001-11-01,05,Arkansas,AR,5.2,1,1146800,-1.18,,,,
2001-11-01,10,Delaware,DE,3.8,0.2,416500,-1,,,,
2001-11-01,11,District of Columbia,DC,6.8,1.1,656100,-0.5,,,,
2001-11-01,12,Florida,FL,5.6,1.9,7125000,-0.12,,,,
2001-11-01,13,Georgia,GA,4.7,1.3,3932900,-1.57,,,,
2001-11-01,15,Hawaii,HI,4.5,0.5,547100,-1.92,,,,
2001-11-01,16,Idaho,ID,5.6,0.9,564200,-0.32,,,,
2001-11-01,17,Illinois,IL,6,1.4,5919000,-2.25,,,,
2001-11-01,18,Indiana,IN,5,2,2907000,-2.56,,,,
2001-11-01,19,Iowa,IA,3.7,0.8,1452500,-2.06,,,,
2001-11-01,20,Kansas,KS,4.8,0.9,1344200,-0.61,,,,
2001-11-01,21,Kentucky,KY,5.8,1.5,1777400,-2.18,,,,
2001-11-01,22,Louisiana,LA,6,0.6,1907600,-0.55,,,,
2001-11-01,23,Maine,ME,4.1,0.9,604700,-0.43,,,,
2001-11-01,24,Maryland,MD,4.7,1,2489300,-0.12,,,,
2001-11-01,25,Massachusetts,MA,4.6,1.9,3301900,-2.12,,,,
2001-11-01,26,Michigan,MI,6,2,4501400,-3.75,,,,
2001-11-01,27,Minnesota,MN,4.2,0.9,2671800,-0.99,,,,
2001-11-01,28,Mississippi,MS,6.2,1.2,1124900,-2.06,,,,
2001-11-01,29,Missouri,MO,5,1.1,2716600,-1.53,,,,
2001-11-01,30,Montana,MT,4.7,0,391300,-0.23,,,,
2001-11-01,31,Nebraska,NE,3.5,0.6,919100,0.33,,,,
2001-11-01,32,Nevada,NV,5.6,1.2,1038200,-0.37,,,,
2001-11-01,33,New Hampshire,NH,3.9,1.4,618600,-1.23,,,,
2001-11-01,34,New Jersey,NJ,5,1.2,4004500,-0.34,,,,
2001-11-01,35,New Mexico,NM,5.2,0.2,757200,0.75,,,,
2001-11-01,36,New York,NY,5.8,1.5,8454000,-2.55,,,,
2001-11-01,37,North Carolina,NC,6.5,2.4,3841200,-1.95,,,,
2001-11-01,38,North Dakota,ND,3,0.1,329900,0.67,,,,
2001-11-01,39,Ohio,OH,5.2,1.3,5484700,-2.39,,,,
2001-11-01,40,Oklahoma,OK,4.4,1.5,1513800,-0.21,,,,
2001-11-01,41,Oregon,OR,7.5,2.3,1586300,-2.84,,,,
2001-11-01,42,Pennsylvania,PA,5.4,1.1,5648100,-1.12,,,,
2001-11-01,44,Rhode Island,RI,4.6,0.7,479100,-0.89,,,,
2001-11-01,45,South Carolina,SC,5.9,2.3,1798000,-2.91,,,,
2001-11-01,46,South Dakota,SD,3.3,0.6,377100,0.05,,,,
2001-11-01,47,Tennessee,TN,5.3,1.4,2662900,-2.7,,,,
2001-11-01,48,Texas,TX,5.8,1.7,9477200,-0.67,,,,
2001-11-01,49,Utah,UT,5,1.4,1074300,-0.87,,,,
2001-11-01,50,Vermont,VT,3.5,0.7,301200,0.2,,,,
2001-11-01,51,Virginia,VA,4,1.8,3498000,-1.64,,,,
2001-11-01,53,Washington,WA,6.8,1.6,2701700,-2.17,,,,
2001-11-01,54,West Virginia,WV,5.6,0.2,699700,-0.46,,,,
2001-11-01,55,Wisconsin,WI,5.1,1.5,2785800,-1.97,,,,
2001-11-01,56,Wyoming,WY,4,0.3,247500,3.04,,,,
2001-10-01,01,Alabama,AL,5.6,1,1913100,-1.69,,,,
2001-10-01,02,Alaska,AK,6.5,0.2,291400,2.25,,,,
2001-10-01,04,Arizona,AZ,5.4,1.5,2257500,-0.19,,,,
2001-10-01,05,Arkansas,AR,5.1,1,1148700,-1.05,,,,
2001-10-01,10,Delaware,DE,3.6,0,416900,-1.02,,,,
2001-10-01,11,District of Columbia,DC,6.7,1,657500,0.38,,,,
2001-10-01,12,Florida,FL,5.4,1.7,7141400,0.3,,,,
2001-10-01,13,Georgia,GA,4.5,1.1,3943800,-1.35,,,,
2001-10-01,15,Hawaii,HI,4.4,0.4,549500,-1.35,,,,
2001-10-01,16,Idaho,ID,5.4,0.7,565600,0.35,,,,
2001-10-01,17,Illinois,IL,5.8,1.3,5933900,-1.93,,,,
2001-10-01,18,Indiana,IN,4.8,1.9,2916000,-2.56,,,,
2001-10-01,19,Iowa,IA,3.6,0.8,1455100,-1.91,,,,
2001-10-01,20,Kansas,KS,4.6,0.7,1347100,-0.33,,,,
2001-10-01,21,Kentucky,KY,5.7,1.4,1781200,-2.19,,,,
2001-10-01,22,Louisiana,LA,5.9,0.6,1910500,-0.53,,,,
2001-10-01,23,Maine,ME,4,0.8,606200,0.58,,,,
2001-10-01,24,Maryland,MD,4.6,0.9,2487300,-0.04,,,,
2001-10-01,25,Massachusetts,MA,4.4,1.7,3313700,-1.56,,,,
2001-10-01,26,Michigan,MI,5.8,1.8,4514800,-3.58,,,,
2001-10-01,27,Minnesota,MN,4.1,0.8,2675400,-0.74,,,,
2001-10-01,28,Mississippi,MS,6,0.9,1125300,-2.17,,,,
2001-10-01,29,Missouri,MO,4.9,1.1,2718000,-1.49,,,,
2001-10-01,30,Montana,MT,4.7,0,391000,0.05,,,,
2001-10-01,31,Nebraska,NE,3.4,0.5,916800,0.21,,,,
2001-10-01,32,Nevada,NV,5.5,1.2,1039300,0.1,,,,
2001-10-01,33,New Hampshire,NH,3.8,1.3,620500,-0.51,,,,
2001-10-01,34,New Jersey,NJ,4.8,1.1,4008400,-0.02,,,,
2001-10-01,35,New Mexico,NM,5.1,0.1,756500,1,,,,
2001-10-01,36,New York,NY,5.6,1.2,8458900,-2.41,,,,
2001-10-01,37,North Carolina,NC,6.2,2.2,3851400,-1.52,,,,
2001-10-01,38,North Dakota,ND,2.9,0,330000,0.67,,,,
2001-10-01,39,Ohio,OH,5,1,5496800,-2.18,,,,
2001-10-01,40,Oklahoma,OK,4.2,1.3,1511200,-0.15,,,,
2001-10-01,41,Oregon,OR,7.2,2,1591800,-2.07,,,,
2001-10-01,42,Pennsylvania,PA,5.2,0.9,5652200,-0.95,,,,
2001-10-01,44,Rhode Island,RI,4.6,0.7,480000,-0.52,,,,
2001-10-01,45,South Carolina,SC,5.8,2.3,1797800,-2.92,,,,
2001-10-01,46,South Dakota,SD,3.2,0.6,377000,-0.11,,,,
2001-10-01,47,Tennessee,TN,5.1,1.2,2668200,-2.66,,,,
2001-10-01,48,Texas,TX,5.6,1.5,9496200,-0.33,,,,
2001-10-01,49,Utah,UT,4.9,1.4,1077000,-0.57,,,,
2001-10-01,50,Vermont,VT,3.4,0.6,301600,0.4,,,,
2001-10-01,51,Virginia,VA,3.8,1.6,3501700,-1.34,,,,
2001-10-01,53,Washington,WA,6.6,1.4,2713800,-1.62,,,,
2001-10-01,54,West Virginia,WV,5.4,0,700200,-0.27,,,,
2001-10-01,55,Wisconsin,WI,4.9,1.4,2792600,-1.52,,,,
2001-10-01,56,Wyoming,WY,4,0.3,246400,2.5,,,,
2001-09-01,01,Alabama,AL,5.4,0.8,1919900,-1.57,,,,
2001-09-01,02,Alaska,AK,6.4,0.1,291300,2.57,,,,
2001-09-01,04,Arizona,AZ,5.1,1.2,2267200,0.38,,,,
2001-09-01,05,Arkansas,AR,4.9,0.8,1148900,-0.89,,,,
2001-09-01,10,Delaware,DE,3.5,0,416100,-1,,,,
2001-09-01,11,District of Columbia,DC,6.6,1,656100,0.4,,,,
2001-09-01,12,Florida,FL,5,1.3,7160000,0.65,,,,
2001-09-01,13,Georgia,GA,4.3,0.8,3953400,-1.14,,,,
2001-09-01,15,Hawaii,HI,4.4,0.3,559400,0.47,,,,
2001-09-01,16,Idaho,ID,5.3,0.6,567800,0.66,,,,
2001-09-01,17,Illinois,IL,5.6,1.2,5960300,-1.57,,,,
2001-09-01,18,Indiana,IN,4.6,1.7,2928600,-2.49,,,,
2001-09-01,19,Iowa,IA,3.4,0.6,1463700,-1.27,,,,
2001-09-01,20,Kansas,KS,4.4,0.6,1347500,0.08,,,,
2001-09-01,21,Kentucky,KY,5.5,1.3,1784500,-1.72,,,,
2001-09-01,22,Louisiana,LA,5.7,0.4,1917000,-0.05,,,,
2001-09-01,23,Maine,ME,4,0.8,607100,0.58,,,,
2001-09-01,24,Maryland,MD,4.5,0.8,2482600,-0.24,,,,
2001-09-01,25,Massachusetts,MA,4.2,1.5,3327700,-0.86,,,,
2001-09-01,26,Michigan,MI,5.5,1.6,4540000,-2.91,,,,
2001-09-01,27,Minnesota,MN,3.9,0.7,2678300,-0.6,,,,
2001-09-01,28,Mississippi,MS,5.7,0.5,1126000,-2.08,,,,
2001-09-01,29,Missouri,MO,4.7,1.1,2727500,-0.83,,,,
2001-09-01,30,Montana,MT,4.6,-0.2,389800,-0.69,,,,
2001-09-01,31,Nebraska,NE,3.3,0.4,918400,0.42,,,,
2001-09-01,32,Nevada,NV,5.4,1.1,1056300,1.83,,,,
2001-09-01,33,New Hampshire,NH,3.7,1.2,621500,-0.16,,,,
2001-09-01,34,New Jersey,NJ,4.5,0.8,3999500,-0.34,,,,
2001-09-01,35,New Mexico,NM,5,0,758900,1.39,,,,
2001-09-01,36,New York,NY,5.3,0.8,8547500,-1.29,,,,
2001-09-01,37,North Carolina,NC,6,2,3860400,-1.55,,,,
2001-09-01,38,North Dakota,ND,2.9,0,330500,0.61,,,,
2001-09-01,39,Ohio,OH,4.8,0.7,5505500,-2.03,,,,
2001-09-01,40,Oklahoma,OK,4,1,1519000,0.54,,,,
2001-09-01,41,Oregon,OR,6.9,1.6,1596400,-1.77,,,,
2001-09-01,42,Pennsylvania,PA,5.1,0.8,5670200,-0.73,,,,
2001-09-01,44,Rhode Island,RI,4.5,0.6,480100,-0.27,,,,
2001-09-01,45,South Carolina,SC,5.6,2.1,1809300,-1.92,,,,
2001-09-01,46,South Dakota,SD,3.1,0.5,377400,0.05,,,,
2001-09-01,47,Tennessee,TN,4.9,1,2679500,-2.18,,,,
2001-09-01,48,Texas,TX,5.4,1.2,9537700,0.18,,,,
2001-09-01,49,Utah,UT,4.7,1.2,1081100,0.05,,,,
2001-09-01,50,Vermont,VT,3.3,0.5,301700,0.73,,,,
2001-09-01,51,Virginia,VA,3.6,1.4,3516500,-0.62,,,,
2001-09-01,53,Washington,WA,6.3,1.1,2721800,-1.16,,,,
2001-09-01,54,West Virginia,WV,5.3,-0.2,699000,-0.37,,,,
2001-09-01,55,Wisconsin,WI,4.7,1.2,2802000,-1.17,,,,
2001-09-01,56,Wyoming,WY,4,0.2,245700,2.8,,,,
2001-08-01,01,Alabama,AL,5.2,0.6,1922000,-1.42,,,,
2001-08-01,02,Alaska,AK,6.3,-0.1,292100,2.56,,,,
2001-08-01,04,Arizona,AZ,4.8,0.8,2267700,0.78,,,,
2001-08-01,05,Arkansas,AR,4.8,0.7,1152300,-0.67,,,,
2001-08-01,10,Delaware,DE,3.4,-0.1,418200,-0.33,,,,
2001-08-01,11,District of Columbia,DC,6.4,0.8,659300,0.7,,,,
2001-08-01,12,Florida,FL,4.8,1.1,7163000,1.01,,,,
2001-08-01,13,Georgia,GA,4.1,0.6,3962800,-0.74,,,,
2001-08-01,15,Hawaii,HI,4.3,0.2,559400,1.19,,,,
2001-08-01,16,Idaho,ID,5.1,0.4,569600,1.06,,,,
2001-08-01,17,Illinois,IL,5.4,1,5977000,-1.28,,,,
2001-08-01,18,Indiana,IN,4.3,1.4,2928100,-2.78,,,,
2001-08-01,19,Iowa,IA,3.3,0.6,1467500,-1.13,,,,
2001-08-01,20,Kansas,KS,4.3,0.5,1348400,-0.03,,,,
2001-08-01,21,Kentucky,KY,5.3,1.1,1790800,-1.52,,,,
2001-08-01,22,Louisiana,LA,5.5,0.3,1917100,-0.15,,,,
2001-08-01,23,Maine,ME,3.9,0.7,607800,0.43,,,,
2001-08-01,24,Maryland,MD,4.3,0.6,2488800,0.45,,,,
2001-08-01,25,Massachusetts,MA,4,1.3,3340400,-0.12,,,,
2001-08-01,26,Michigan,MI,5.2,1.3,4557100,-2.69,,,,
2001-08-01,27,Minnesota,MN,3.8,0.6,2678400,-0.53,,,,
2001-08-01,28,Mississippi,MS,5.5,0.2,1128600,-2.24,,,,
2001-08-01,29,Missouri,MO,4.5,1,2735400,-0.61,,,,
2001-08-01,30,Montana,MT,4.6,-0.2,390600,-0.51,,,,
2001-08-01,31,Nebraska,NE,3.2,0.4,922800,0.79,,,,
2001-08-01,32,Nevada,NV,5.2,1,1055800,1.71,,,,
2001-08-01,33,New Hampshire,NH,3.6,1,621400,0.05,,,,
2001-08-01,34,New Jersey,NJ,4.3,0.7,3997200,-0.14,,,,
2001-08-01,35,New Mexico,NM,4.8,-0.2,758800,1.5,,,,
2001-08-01,36,New York,NY,5,0.5,8558200,-0.56,,,,
2001-08-01,37,North Carolina,NC,5.7,1.8,3876900,-1.25,,,,
2001-08-01,38,North Dakota,ND,2.8,-0.1,328500,-0.3,,,,
2001-08-01,39,Ohio,OH,4.5,0.4,5521200,-1.87,,,,
2001-08-01,40,Oklahoma,OK,3.8,0.8,1519500,0.74,,,,
2001-08-01,41,Oregon,OR,6.5,1.2,1599700,-1.33,,,,
2001-08-01,42,Pennsylvania,PA,4.9,0.6,5677900,-0.34,,,,
2001-08-01,44,Rhode Island,RI,4.5,0.5,481700,0.38,,,,
2001-08-01,45,South Carolina,SC,5.4,1.8,1814400,-1.83,,,,
2001-08-01,46,South Dakota,SD,3,0.4,377900,0.37,,,,
2001-08-01,47,Tennessee,TN,4.7,0.8,2684200,-2.19,,,,
2001-08-01,48,Texas,TX,5.2,0.9,9552400,0.56,,,,
2001-08-01,49,Utah,UT,4.5,1.1,1082000,0.4,,,,
2001-08-01,50,Vermont,VT,3.2,0.4,302100,0.97,,,,
2001-08-01,51,Virginia,VA,3.4,1.2,3525800,0.01,,,,
2001-08-01,53,Washington,WA,6.1,0.9,2729500,-0.97,,,,
2001-08-01,54,West Virginia,WV,5.2,-0.3,700400,0.39,,,,
2001-08-01,55,Wisconsin,WI,4.5,1,2807800,-1.1,,,,
2001-08-01,56,Wyoming,WY,3.9,0.1,247200,2.83,,,,
2001-07-01,01,Alabama,AL,5.1,0.5,1918700,-1.38,,,,
2001-07-01,02,Alaska,AK,6.2,-0.2,291300,2.28,,,,
2001-07-01,04,Arizona,AZ,4.6,0.6,2267900,1.09,,,,
2001-07-01,05,Arkansas,AR,4.7,0.6,1152000,-0.52,,,,
2001-07-01,10,Delaware,DE,3.3,-0.2,418700,-0.57,,,,
2001-07-01,11,District of Columbia,DC,6.3,0.7,653900,0.18,,,,
2001-07-01,12,Florida,FL,4.6,0.8,7159300,1.19,,,,
2001-07-01,13,Georgia,GA,3.9,0.3,3963900,-0.7,,,,
2001-07-01,15,Hawaii,HI,4.2,0,558500,0.96,,,,
2001-07-01,16,Idaho,ID,5,0.3,568600,1.35,,,,
2001-07-01,17,Illinois,IL,5.3,0.9,5991700,-0.82,,,,
2001-07-01,18,Indiana,IN,4.2,1.2,2927500,-2.75,,,,
2001-07-01,19,Iowa,IA,3.2,0.5,1467400,-1.14,,,,
2001-07-01,20,Kansas,KS,4.2,0.5,1351600,0.42,,,,
2001-07-01,21,Kentucky,KY,5.2,1.1,1794800,-1.16,,,,
2001-07-01,22,Louisiana,LA,5.4,0.3,1915000,-0.17,,,,
2001-07-01,23,Maine,ME,3.8,0.6,608200,0.2,,,,
2001-07-01,24,Maryland,MD,4.1,0.4,2484700,0.37,,,,
2001-07-01,25,Massachusetts,MA,3.8,1.1,3345300,-0.1,,,,
2001-07-01,26,Michigan,MI,5,1.2,4570200,-2.55,,,,
2001-07-01,27,Minnesota,MN,3.7,0.6,2684500,-0.04,,,,
2001-07-01,28,Mississippi,MS,5.3,-0.1,1131500,-2.2,,,,
2001-07-01,29,Missouri,MO,4.4,1.1,2727200,-0.71,,,,
2001-07-01,30,Montana,MT,4.6,-0.3,391100,-0.13,,,,
2001-07-01,31,Nebraska,NE,3.1,0.3,920100,0.72,,,,
2001-07-01,32,Nevada,NV,5.1,0.9,1056100,2.72,,,,
2001-07-01,33,New Hampshire,NH,3.5,0.8,623500,0.31,,,,
2001-07-01,34,New Jersey,NJ,4.1,0.5,3999700,-0.14,,,,
2001-07-01,35,New Mexico,NM,4.8,-0.2,758300,1.72,,,,
2001-07-01,36,New York,NY,4.8,0.3,8579700,-0.67,,,,
2001-07-01,37,North Carolina,NC,5.5,1.7,3886300,-0.92,,,,
2001-07-01,38,North Dakota,ND,2.7,-0.2,329300,-0.72,,,,
2001-07-01,39,Ohio,OH,4.3,0.2,5531900,-1.74,,,,
2001-07-01,40,Oklahoma,OK,3.6,0.6,1520200,1,,,,
2001-07-01,41,Oregon,OR,6.3,1,1604600,-1.01,,,,
2001-07-01,42,Pennsylvania,PA,4.8,0.5,5677600,-0.58,,,,
2001-07-01,44,Rhode Island,RI,4.5,0.5,480700,-0.08,,,,
2001-07-01,45,South Carolina,SC,5.3,1.7,1816300,-1.71,,,,
2001-07-01,46,South Dakota,SD,3,0.5,378500,0.53,,,,
2001-07-01,47,Tennessee,TN,4.6,0.7,2687000,-2.05,,,,
2001-07-01,48,Texas,TX,5,0.7,9547300,0.82,,,,
2001-07-01,49,Utah,UT,4.4,1.1,1082300,0.53,,,,
2001-07-01,50,Vermont,VT,3.2,0.4,303100,1.41,,,,
2001-07-01,51,Virginia,VA,3.2,0.9,3530000,0.26,,,,
2001-07-01,53,Washington,WA,5.9,0.8,2734000,-0.26,,,,
2001-07-01,54,West Virginia,WV,5.1,-0.4,700000,-0.36,,,,
2001-07-01,55,Wisconsin,WI,4.4,0.9,2811800,-0.83,,,,
2001-07-01,56,Wyoming,WY,3.9,0.2,245700,2.72,,,,
2001-06-01,01,Alabama,AL,5,0.4,1924800,-1.28,,,,
2001-06-01,02,Alaska,AK,6.1,-0.3,289300,1.83,,,,
2001-06-01,04,Arizona,AZ,4.4,0.4,2268800,1.23,,,,
2001-06-01,05,Arkansas,AR,4.6,0.5,1153600,-0.58,,,,
2001-06-01,10,Delaware,DE,3.2,-0.3,421300,0.07,,,,
2001-06-01,11,District of Columbia,DC,6.2,0.6,652600,0.42,,,,
2001-06-01,12,Florida,FL,4.4,0.6,7165200,1.56,,,,
2001-06-01,13,Georgia,GA,3.7,0.1,3972900,-0.2,,,,
2001-06-01,15,Hawaii,HI,4.2,-0.1,559900,1.19,,,,
2001-06-01,16,Idaho,ID,4.9,0.3,569400,1.7,,,,
2001-06-01,17,Illinois,IL,5.3,0.9,6025000,-0.52,,,,
2001-06-01,18,Indiana,IN,4,0.9,2949000,-2.35,,,,
2001-06-01,19,Iowa,IA,3.2,0.6,1470300,-0.44,,,,
2001-06-01,20,Kansas,KS,4.1,0.4,1349000,-0.07,,,,
2001-06-01,21,Kentucky,KY,5,0.9,1800900,-0.9,,,,
2001-06-01,22,Louisiana,LA,5.3,0.2,1920800,0.11,,,,
2001-06-01,23,Maine,ME,3.8,0.5,610500,1.19,,,,
2001-06-01,24,Maryland,MD,4,0.4,2490600,0.81,,,,
2001-06-01,25,Massachusetts,MA,3.7,0.9,3362000,0.88,,,,
2001-06-01,26,Michigan,MI,4.9,1.2,4588100,-2.26,,,,
2001-06-01,27,Minnesota,MN,3.6,0.6,2689500,0.27,,,,
2001-06-01,28,Mississippi,MS,5.2,-0.3,1132100,-2.4,,,,
2001-06-01,29,Missouri,MO,4.3,1.1,2749600,-0.41,,,,
2001-06-01,30,Montana,MT,4.5,-0.4,392200,0.33,,,,
2001-06-01,31,Nebraska,NE,3,0.2,922200,0.61,,,,
2001-06-01,32,Nevada,NV,5,0.9,1056300,3.39,,,,
2001-06-01,33,New Hampshire,NH,3.3,0.6,627100,1.1,,,,
2001-06-01,34,New Jersey,NJ,4,0.5,4020300,0.51,,,,
2001-06-01,35,New Mexico,NM,4.8,-0.2,759100,2.26,,,,
2001-06-01,36,New York,NY,4.6,0.1,8614400,0.04,,,,
2001-06-01,37,North Carolina,NC,5.3,1.6,3889300,-0.88,,,,
2001-06-01,38,North Dakota,ND,2.7,-0.2,330700,1.16,,,,
2001-06-01,39,Ohio,OH,4.2,0.1,5558300,-1.39,,,,
2001-06-01,40,Oklahoma,OK,3.4,0.4,1527600,1.48,,,,
2001-06-01,41,Oregon,OR,6.1,0.8,1613300,-0.53,,,,
2001-06-01,42,Pennsylvania,PA,4.7,0.5,5696100,-0.06,,,,
2001-06-01,44,Rhode Island,RI,4.6,0.5,480800,0.44,,,,
2001-06-01,45,South Carolina,SC,5.1,1.4,1813900,-3.19,,,,
2001-06-01,46,South Dakota,SD,2.9,0.4,378600,0.37,,,,
2001-06-01,47,Tennessee,TN,4.4,0.5,2699100,-1.67,,,,
2001-06-01,48,Texas,TX,4.8,0.4,9576600,1.18,,,,
2001-06-01,49,Utah,UT,4.2,0.9,1083600,0.71,,,,
2001-06-01,50,Vermont,VT,3.2,0.4,303000,1.44,,,,
2001-06-01,51,Virginia,VA,3,0.7,3528000,0.24,,,,
2001-06-01,53,Washington,WA,5.8,0.7,2739600,-0.22,,,,
2001-06-01,54,West Virginia,WV,5.1,-0.5,700900,0.19,,,,
2001-06-01,55,Wisconsin,WI,4.3,0.9,2815900,-0.85,,,,
2001-06-01,56,Wyoming,WY,3.8,0.1,245200,3.24,,,,
2001-05-01,01,Alabama,AL,4.9,0.3,1928400,-1.29,,,,
2001-05-01,02,Alaska,AK,6.1,-0.2,289200,1.87,,,,
2001-05-01,04,Arizona,AZ,4.3,0.3,2268800,1.15,,,,
2001-05-01,05,Arkansas,AR,4.6,0.5,1156300,-0.28,,,,
2001-05-01,10,Delaware,DE,3.3,-0.1,421100,0.45,,,,
2001-05-01,11,District of Columbia,DC,6.1,0.5,651400,0.87,,,,
2001-05-01,12,Florida,FL,4.3,0.5,7156800,1.67,,,,
2001-05-01,13,Georgia,GA,3.7,0.1,3977500,-0.06,,,,
2001-05-01,15,Hawaii,HI,4.2,-0.1,556000,1,,,,
2001-05-01,16,Idaho,ID,4.9,0.3,569800,1.5,,,,
2001-05-01,17,Illinois,IL,5.2,0.8,6028900,-0.29,,,,
2001-05-01,18,Indiana,IN,3.9,0.8,2949200,-2.48,,,,
2001-05-01,19,Iowa,IA,3.2,0.6,1473200,-0.41,,,,
2001-05-01,20,Kansas,KS,4.1,0.4,1351600,0.15,,,,
2001-05-01,21,Kentucky,KY,4.9,0.9,1801000,-1.19,,,,
2001-05-01,22,Louisiana,LA,5.3,0.3,1922600,-0.38,,,,
2001-05-01,23,Maine,ME,3.7,0.4,610300,0.96,,,,
2001-05-01,24,Maryland,MD,3.8,0.2,2488500,1.01,,,,
2001-05-01,25,Massachusetts,MA,3.5,0.7,3368400,1.27,,,,
2001-05-01,26,Michigan,MI,4.8,1.2,4590900,-2.15,,,,
2001-05-01,27,Minnesota,MN,3.6,0.6,2694200,0.59,,,,
2001-05-01,28,Mississippi,MS,5.1,-0.4,1133500,-2.46,,,,
2001-05-01,29,Missouri,MO,4.3,1.2,2746600,-0.26,,,,
2001-05-01,30,Montana,MT,4.6,-0.3,392600,-0.05,,,,
2001-05-01,31,Nebraska,NE,3,0.2,920900,0.91,,,,
2001-05-01,32,Nevada,NV,4.9,0.9,1055200,3.13,,,,
2001-05-01,33,New Hampshire,NH,3.2,0.5,628900,1.5,,,,
2001-05-01,34,New Jersey,NJ,3.9,0.4,4019500,0.63,,,,
2001-05-01,35,New Mexico,NM,4.8,-0.2,758000,1.92,,,,
2001-05-01,36,New York,NY,4.4,-0.1,8628000,0.13,,,,
2001-05-01,37,North Carolina,NC,5.1,1.5,3901400,-0.3,,,,
2001-05-01,38,North Dakota,ND,2.7,-0.2,330600,0.7,,,,
2001-05-01,39,Ohio,OH,4,-0.1,5565900,-1.28,,,,
2001-05-01,40,Oklahoma,OK,3.3,0.3,1525600,1.65,,,,
2001-05-01,41,Oregon,OR,5.9,0.7,1614700,-0.35,,,,
2001-05-01,42,Pennsylvania,PA,4.6,0.4,5695200,-0.04,,,,
2001-05-01,44,Rhode Island,RI,4.6,0.5,481700,0.21,,,,
2001-05-01,45,South Carolina,SC,5,1.3,1820000,-2.56,,,,
2001-05-01,46,South Dakota,SD,2.9,0.5,379400,0.4,,,,
2001-05-01,47,Tennessee,TN,4.3,0.5,2704800,-1.35,,,,
2001-05-01,48,Texas,TX,4.6,0.2,9575800,1.34,,,,
2001-05-01,49,Utah,UT,4.1,0.9,1084800,0.96,,,,
2001-05-01,50,Vermont,VT,3.2,0.5,302300,1.31,,,,
2001-05-01,51,Virginia,VA,2.9,0.6,3529000,0.49,,,,
2001-05-01,53,Washington,WA,5.8,0.8,2745800,-0.04,,,,
2001-05-01,54,West Virginia,WV,5.1,-0.5,700600,-1.79,,,,
2001-05-01,55,Wisconsin,WI,4.2,0.8,2823800,-0.32,,,,
2001-05-01,56,Wyoming,WY,3.8,0.1,245200,2.38,,,,
2001-04-01,01,Alabama,AL,4.8,0.1,1932400,-0.65,,,,
2001-04-01,02,Alaska,AK,6.1,-0.2,289100,2.16,,,,
2001-04-01,04,Arizona,AZ,4.2,0.2,2273800,2.04,,,,
2001-04-01,05,Arkansas,AR,4.5,0.3,1158900,0.18,,,,
2001-04-01,10,Delaware,DE,3.3,-0.1,421600,0.52,,,,
2001-04-01,11,District of Columbia,DC,6,0.4,649400,0.46,,,,
2001-04-01,12,Florida,FL,4.2,0.5,7152700,2.07,,,,
2001-04-01,13,Georgia,GA,3.6,0,3985700,0.56,,,,
2001-04-01,15,Hawaii,HI,4.2,-0.2,557800,1.51,,,,
2001-04-01,16,Idaho,ID,4.8,0.2,570500,2.11,,,,
2001-04-01,17,Illinois,IL,5.2,0.8,6032800,-0.17,,,,
2001-04-01,18,Indiana,IN,3.7,0.6,2961000,-1.86,,,,
2001-04-01,19,Iowa,IA,3.2,0.7,1473300,-0.35,,,,
2001-04-01,20,Kansas,KS,4.1,0.5,1352300,0.43,,,,
2001-04-01,21,Kentucky,KY,4.8,0.8,1802900,-0.77,,,,
2001-04-01,22,Louisiana,LA,5.4,0.4,1923100,0.05,,,,
2001-04-01,23,Maine,ME,3.6,0.3,611100,1.21,,,,
2001-04-01,24,Maryland,MD,3.8,0.3,2485000,0.89,,,,
2001-04-01,25,Massachusetts,MA,3.4,0.6,3374000,1.51,,,,
2001-04-01,26,Michigan,MI,4.8,1.4,4604700,-1.89,,,,
2001-04-01,27,Minnesota,MN,3.5,0.5,2697700,0.6,,,,
2001-04-01,28,Mississippi,MS,5,-0.5,1135800,-1.98,,,,
2001-04-01,29,Missouri,MO,4.3,1.2,2747900,-0.21,,,,
2001-04-01,30,Montana,MT,4.6,-0.3,391400,0.08,,,,
2001-04-01,31,Nebraska,NE,3,0.2,919400,1.07,,,,
2001-04-01,32,Nevada,NV,4.8,0.8,1055500,3.72,,,,
2001-04-01,33,New Hampshire,NH,3.2,0.4,628300,1.55,,,,
2001-04-01,34,New Jersey,NJ,3.8,0.2,4016700,0.62,,,,
2001-04-01,35,New Mexico,NM,4.9,-0.1,757000,1.99,,,,
2001-04-01,36,New York,NY,4.3,-0.3,8626600,0.23,,,,
2001-04-01,37,North Carolina,NC,4.9,1.4,3909400,0.11,,,,
2001-04-01,38,North Dakota,ND,2.7,-0.2,330500,0.85,,,,
2001-04-01,39,Ohio,OH,4,-0.1,5577800,-0.92,,,,
2001-04-01,40,Oklahoma,OK,3.2,0.2,1526400,2.12,,,,
2001-04-01,41,Oregon,OR,5.8,0.7,1618000,0.24,,,,
2001-04-01,42,Pennsylvania,PA,4.5,0.4,5701600,0.23,,,,
2001-04-01,44,Rhode Island,RI,4.5,0.4,483100,0.86,,,,
2001-04-01,45,South Carolina,SC,4.8,1.1,1825100,-1.86,,,,
2001-04-01,46,South Dakota,SD,2.9,0.5,378800,-0.16,,,,
2001-04-01,47,Tennessee,TN,4.2,0.4,2711200,-0.92,,,,
2001-04-01,48,Texas,TX,4.5,0,9580100,1.86,,,,
2001-04-01,49,Utah,UT,4,0.8,1084400,1.12,,,,
2001-04-01,50,Vermont,VT,3.1,0.4,303300,2.16,,,,
2001-04-01,51,Virginia,VA,2.7,0.4,3528900,0.8,,,,
2001-04-01,53,Washington,WA,5.7,0.8,2749000,0.55,,,,
2001-04-01,54,West Virginia,WV,5.2,-0.4,702000,0.07,,,,
2001-04-01,55,Wisconsin,WI,4.1,0.8,2828600,-0.29,,,,
2001-04-01,56,Wyoming,WY,3.8,0,244500,2.13,,,,
2001-03-01,01,Alabama,AL,4.8,,1933300,,,,,
2001-03-01,02,Alaska,AK,6.1,,286900,,,,,
2001-03-01,04,Arizona,AZ,4.2,,2278300,,,,,
2001-03-01,05,Arkansas,AR,4.5,,1158700,,,,,
2001-03-01,10,Delaware,DE,3.4,,424800,,,,,
2001-03-01,11,District of Columbia,DC,6,,650100,,,,,
2001-03-01,12,Florida,FL,4.1,,7152100,,,,,
2001-03-01,13,Georgia,GA,3.6,,4010600,,,,,
2001-03-01,15,Hawaii,HI,4.2,,559400,,,,,
2001-03-01,16,Idaho,ID,4.8,,570900,,,,,
2001-03-01,17,Illinois,IL,5.2,,6044000,,,,,
2001-03-01,18,Indiana,IN,3.6,,2965500,,,,,
2001-03-01,19,Iowa,IA,3.2,,1473700,,,,,
2001-03-01,20,Kansas,KS,4.1,,1354400,,,,,
2001-03-01,21,Kentucky,KY,4.7,,1805200,,,,,
2001-03-01,22,Louisiana,LA,5.5,,1926600,,,,,
2001-03-01,23,Maine,ME,3.5,,609700,,,,,
2001-03-01,24,Maryland,MD,3.7,,2488500,,,,,
2001-03-01,25,Massachusetts,MA,3.2,,3385500,,,,,
2001-03-01,26,Michigan,MI,4.7,,4611900,,,,,
2001-03-01,27,Minnesota,MN,3.5,,2704900,,,,,
2001-03-01,28,Mississippi,MS,5,,1136300,,,,,
2001-03-01,29,Missouri,MO,4.3,,2750800,,,,,
2001-03-01,30,Montana,MT,4.6,,392300,,,,,
2001-03-01,31,Nebraska,NE,3,,918500,,,,,
2001-03-01,32,Nevada,NV,4.8,,1056700,,,,,
2001-03-01,33,New Hampshire,NH,3,,630800,,,,,
2001-03-01,34,New Jersey,NJ,3.7,,4006100,,,,,
2001-03-01,35,New Mexico,NM,4.9,,757100,,,,,
2001-03-01,36,New York,NY,4.2,,8657900,,,,,
2001-03-01,37,North Carolina,NC,4.8,,3924500,,,,,
2001-03-01,38,North Dakota,ND,2.7,,331000,,,,,
2001-03-01,39,Ohio,OH,3.9,,5591300,,,,,
2001-03-01,40,Oklahoma,OK,3.1,,1523700,,,,,
2001-03-01,41,Oregon,OR,5.6,,1624000,,,,,
2001-03-01,42,Pennsylvania,PA,4.5,,5716500,,,,,
2001-03-01,44,Rhode Island,RI,4.4,,484400,,,,,
2001-03-01,45,South Carolina,SC,4.6,,1830000,,,,,
2001-03-01,46,South Dakota,SD,2.8,,379600,,,,,
2001-03-01,47,Tennessee,TN,4.1,,2722000,,,,,
2001-03-01,48,Texas,TX,4.3,,9586100,,,,,
2001-03-01,49,Utah,UT,3.9,,1086700,,,,,
2001-03-01,50,Vermont,VT,3.1,,302500,,,,,
2001-03-01,51,Virginia,VA,2.6,,3537800,,,,,
2001-03-01,53,Washington,WA,5.6,,2754700,,,,,
2001-03-01,54,West Virginia,WV,5.2,,703900,,,,,
2001-03-01,55,Wisconsin,WI,4,,2833700,,,,,
2001-03-01,56,Wyoming,WY,3.8,,244100,,,,,
2001-02-01,01,Alabama,AL,4.8,0.1,1936900,-0.31,,,,
2001-02-01,02,Alaska,AK,6.1,-0.1,287100,1.77,,,,
2001-02-01,04,Arizona,AZ,4.1,0.1,2272800,2.5,,,,
2001-02-01,05,Arkansas,AR,4.4,0.1,1159000,0.24,,,,
2001-02-01,10,Delaware,DE,3.5,0.2,422000,0.74,,,,
2001-02-01,11,District of Columbia,DC,5.9,0.2,648800,1.2,,,,
2001-02-01,12,Florida,FL,4,0.3,7141400,2.75,,,,
2001-02-01,13,Georgia,GA,3.5,-0.1,4010100,1.59,,,,
2001-02-01,15,Hawaii,HI,4.1,-0.4,558400,2.61,,,,
2001-02-01,16,Idaho,ID,4.7,0.2,569300,3.13,,,,
2001-02-01,17,Illinois,IL,5.1,0.7,6045700,0.45,,,,
2001-02-01,18,Indiana,IN,3.5,0.4,2965900,-1.38,,,,
2001-02-01,19,Iowa,IA,3.1,0.6,1475800,-0.28,,,,
2001-02-01,20,Kansas,KS,4,0.4,1351700,0.99,,,,
2001-02-01,21,Kentucky,KY,4.6,0.5,1815300,0.23,,,,
2001-02-01,22,Louisiana,LA,5.5,0.6,1925300,0.36,,,,
2001-02-01,23,Maine,ME,3.3,-0.2,610300,1.78,,,,
2001-02-01,24,Maryland,MD,3.7,0.4,2489000,1.89,,,,
2001-02-01,25,Massachusetts,MA,3.1,0.1,3395100,2.81,,,,
2001-02-01,26,Michigan,MI,4.5,1.3,4618200,-0.91,,,,
2001-02-01,27,Minnesota,MN,3.4,0.4,2704600,1.55,,,,
2001-02-01,28,Mississippi,MS,5,-0.5,1140100,-1.55,,,,
2001-02-01,29,Missouri,MO,4.2,1.2,2748800,-0.09,,,,
2001-02-01,30,Montana,MT,4.6,-0.3,392000,0.72,,,,
2001-02-01,31,Nebraska,NE,2.9,0.1,917700,0.99,,,,
2001-02-01,32,Nevada,NV,4.7,0.8,1056000,4.5,,,,
2001-02-01,33,New Hampshire,NH,2.9,0.1,631700,2.78,,,,
2001-02-01,34,New Jersey,NJ,3.7,0,4011100,1.05,,,,
2001-02-01,35,New Mexico,NM,5,-0.1,754800,2.33,,,,
2001-02-01,36,New York,NY,4.2,-0.4,8666700,1.43,,,,
2001-02-01,37,North Carolina,NC,4.6,1.2,3933600,1.32,,,,
2001-02-01,38,North Dakota,ND,2.8,-0.2,330200,1.16,,,,
2001-02-01,39,Ohio,OH,3.9,-0.2,5596800,-0.38,,,,
2001-02-01,40,Oklahoma,OK,3,-0.1,1520500,2.5,,,,
2001-02-01,41,Oregon,OR,5.4,0.4,1628600,1.27,,,,
2001-02-01,42,Pennsylvania,PA,4.4,0.3,5721200,1.1,,,,
2001-02-01,44,Rhode Island,RI,4.3,0.1,485300,1.89,,,,
2001-02-01,45,South Carolina,SC,4.4,0.5,1834500,-1.01,,,,
2001-02-01,46,South Dakota,SD,2.8,0.4,380000,0.61,,,,
2001-02-01,47,Tennessee,TN,4,0.3,2727600,-0.04,,,,
2001-02-01,48,Texas,TX,4.2,-0.5,9580900,2.33,,,,
2001-02-01,49,Utah,UT,3.9,0.8,1084700,1.85,,,,
2001-02-01,50,Vermont,VT,3,0.3,303200,2.23,,,,
2001-02-01,51,Virginia,VA,2.4,0,3534700,1.64,,,,
2001-02-01,53,Washington,WA,5.5,0.7,2754500,1.3,,,,
2001-02-01,54,West Virginia,WV,5.2,-0.5,702800,1.04,,,,
2001-02-01,55,Wisconsin,WI,3.9,0.8,2840500,0.76,,,,
2001-02-01,56,Wyoming,WY,3.8,-0.2,243400,2.14,,,,
2001-01-01,01,Alabama,AL,4.7,0,1934500,-0.52,168448296,168448296,,
2001-01-01,02,Alaska,AK,6.2,0,284200,0.78,40014380,40014380,,
2001-01-01,04,Arizona,AZ,4,-0.1,2265200,2.61,230885564,230885564,,
2001-01-01,05,Arkansas,AR,4.3,0,1158100,0.31,95528730,95528730,,
2001-01-01,06,California,CA,,,,,1784567677,1784567677,,
2001-01-01,08,Colorado,CO,,,,,242650096,242650096,,
2001-01-01,09,Connecticut,CT,,,,,236338107,236338107,,
2001-01-01,10,Delaware,DE,3.6,0.3,420700,0.84,65724791,65724791,,
2001-01-01,11,District of Columbia,DC,5.9,0.1,652600,1.78,96185345,96185345,,
2001-01-01,12,Florida,FL,3.9,0.2,7124200,2.6,714638009,714638009,,
2001-01-01,13,Georgia,GA,3.4,-0.2,4011900,2,422731647,422731647,,
2001-01-01,15,Hawaii,HI,4.1,-0.4,554400,2.17,60446448,60446448,,
2001-01-01,16,Idaho,ID,4.7,0.1,567900,3.1,48695420,48695420,,
2001-01-01,17,Illinois,IL,5,0.6,6041800,0.5,688404254,688404254,,
2001-01-01,18,Indiana,IN,3.3,0.2,2960100,-1.62,273884440,273884440,,
2001-01-01,19,Iowa,IA,3,0.5,1478600,0.09,128077543,128077543,,
2001-01-01,20,Kansas,KS,4,0.4,1352900,0.89,119474054,119474054,,
2001-01-01,21,Kentucky,KY,4.5,0.4,1814600,0.52,161316381,161316381,,
2001-01-01,22,Louisiana,LA,5.5,0.6,1925400,0.45,210534660,210534660,,
2001-01-01,23,Maine,ME,3.2,-0.5,610000,2.04,54066164,54066164,,
2001-01-01,24,Maryland,MD,3.7,0.4,2486200,1.7,281053611,281053611,,
2001-01-01,25,Massachusetts,MA,2.9,-0.2,3393000,2.99,388180849,388180849,,
2001-01-01,26,Michigan,MI,4.4,1.1,4609200,-0.98,453301454,453301454,,
2001-01-01,27,Minnesota,MN,3.4,0.5,2700000,1.84,263518737,263518737,,
2001-01-01,28,Mississippi,MS,5,-0.4,1142800,-1.43,93515481,93515481,,
2001-01-01,29,Missouri,MO,4.2,1.2,2748100,-0.19,260381100,260381100,,
2001-01-01,30,Montana,MT,4.6,-0.4,391700,0.82,32689630,32689630,,
2001-01-01,31,Nebraska,NE,2.9,0.1,918800,1.04,82268061,82268061,,
2001-01-01,32,Nevada,NV,4.6,0.7,1051500,4.2,116267250,116267250,,
2001-01-01,33,New Hampshire,NH,2.8,0,631100,2.94,61719433,61719433,,
2001-01-01,34,New Jersey,NJ,3.7,-0.1,4007500,0.96,509631484,509631484,,
2001-01-01,35,New Mexico,NM,5,-0.1,752800,2.31,72996409,72996409,,
2001-01-01,36,New York,NY,4.2,-0.5,8673900,1.59,1240755230,1240755230,,
2001-01-01,37,North Carolina,NC,4.4,1,3936300,1.51,387433915,387433915,,
2001-01-01,38,North Dakota,ND,2.8,-0.2,330000,0.98,25329792,25329792,,
2001-01-01,39,Ohio,OH,3.9,-0.3,5603200,-0.26,534612360,534612360,,
2001-01-01,40,Oklahoma,OK,3,-0.1,1517300,2.24,125695701,125695701,,
2001-01-01,41,Oregon,OR,5.3,0.3,1631000,1.59,144486532,144486532,,
2001-01-01,42,Pennsylvania,PA,4.3,0.1,5717400,1.14,577677457,577677457,,
2001-01-01,44,Rhode Island,RI,4.1,-0.2,483700,1.62,49705159,49705159,,
2001-01-01,45,South Carolina,SC,4.1,0.1,1838000,-0.85,162837062,162837062,,
2001-01-01,46,South Dakota,SD,2.7,0.3,379500,0.56,32396924,32396924,,
2001-01-01,47,Tennessee,TN,4,0.3,2730000,0.15,250311438,250311438,,
2001-01-01,48,Texas,TX,4.1,-0.6,9572000,2.46,1020517032,1020517032,,
2001-01-01,49,Utah,UT,3.8,0.7,1084200,2.25,100244341,100244341,,
2001-01-01,50,Vermont,VT,2.9,0.1,303400,2.53,25681811,25681811,,
2001-01-01,51,Virginia,VA,2.3,-0.2,3534000,1.72,386444742,386444742,,
2001-01-01,53,Washington,WA,5.4,0.6,2759300,1.33,317860579,317860579,,
2001-01-01,54,West Virginia,WV,5.3,-0.6,702000,0.54,63599758,63599758,,
2001-01-01,55,Wisconsin,WI,3.8,0.7,2835100,0.76,252941835,252941835,,
2001-01-01,56,Wyoming,WY,3.7,-0.4,242500,2.19,28338117,28338117,,
2001-01-01,91,New England,,,,,,815552416,815552416,,
2001-01-01,92,Mideast,,,,,,2771541685,2771541685,,
2001-01-01,93,Great Lakes,,,,,,2203149089,2203149089,,
2001-01-01,94,Plains,,,,,,910419433,910419433,,
2001-01-01,95,Southeast,,,,,,3118856908,3118856908,,
2001-01-01,96,Southwest,,,,,,1446381479,1446381479,,
2001-01-01,97,Rocky Mountain,,,,,,453118482,453118482,,
2001-01-01,98,Far West,,,,,,2463451014,2463451014,,
2000-12-01,01,Alabama,AL,4.7,,1945000,,,,,
2000-12-01,02,Alaska,AK,6.2,,286500,,,,,
2000-12-01,04,Arizona,AZ,4,,2275000,,,,,
2000-12-01,05,Arkansas,AR,4.2,,1156600,,,,,
2000-12-01,10,Delaware,DE,3.6,,421700,,,,,
2000-12-01,11,District of Columbia,DC,5.8,,663100,,,,,
2000-12-01,12,Florida,FL,3.8,,7145800,,,,,
2000-12-01,13,Georgia,GA,3.4,,4003500,,,,,
2000-12-01,15,Hawaii,HI,4,,558700,,,,,
2000-12-01,16,Idaho,ID,4.6,,566400,,,,,
2000-12-01,17,Illinois,IL,4.8,,6043600,,,,,
2000-12-01,18,Indiana,IN,3.1,,2973800,,,,,
2000-12-01,19,Iowa,IA,3,,1478100,,,,,
2000-12-01,20,Kansas,KS,4,,1350100,,,,,
2000-12-01,21,Kentucky,KY,4.4,,1817700,,,,,
2000-12-01,22,Louisiana,LA,5.4,,1923100,,,,,
2000-12-01,23,Maine,ME,3.2,,608000,,,,,
2000-12-01,24,Maryland,MD,3.7,,2500400,,,,,
2000-12-01,25,Massachusetts,MA,2.8,,3381000,,,,,
2000-12-01,26,Michigan,MI,4.2,,4665600,,,,,
2000-12-01,27,Minnesota,MN,3.3,,2701500,,,,,
2000-12-01,28,Mississippi,MS,5,,1146300,,,,,
2000-12-01,29,Missouri,MO,4.1,,2748800,,,,,
2000-12-01,30,Montana,MT,4.6,,390800,,,,,
2000-12-01,31,Nebraska,NE,2.9,,914100,,,,,
2000-12-01,32,Nevada,NV,4.5,,1045700,,,,,
2000-12-01,33,New Hampshire,NH,2.6,,627600,,,,,
2000-12-01,34,New Jersey,NJ,3.7,,4031000,,,,,
2000-12-01,35,New Mexico,NM,5,,753500,,,,,
2000-12-01,36,New York,NY,4.3,,8682600,,,,,
2000-12-01,37,North Carolina,NC,4.2,,3912700,,,,,
2000-12-01,38,North Dakota,ND,2.8,,328200,,,,,
2000-12-01,39,Ohio,OH,3.9,,5615200,,,,,
2000-12-01,40,Oklahoma,OK,2.9,,1517000,,,,,
2000-12-01,41,Oregon,OR,5.2,,1632600,,,,,
2000-12-01,42,Pennsylvania,PA,4.3,,5714100,,,,,
2000-12-01,44,Rhode Island,RI,4,,484500,,,,,
2000-12-01,45,South Carolina,SC,3.8,,1850600,,,,,
2000-12-01,46,South Dakota,SD,2.7,,377200,,,,,
2000-12-01,47,Tennessee,TN,3.9,,2735500,,,,,
2000-12-01,48,Texas,TX,4.1,,9568100,,,,,
2000-12-01,49,Utah,UT,3.7,,1087200,,,,,
2000-12-01,50,Vermont,VT,2.9,,302300,,,,,
2000-12-01,51,Virginia,VA,2.2,,3559700,,,,,
2000-12-01,53,Washington,WA,5.3,,2769700,,,,,
2000-12-01,54,West Virginia,WV,5.3,,702400,,,,,
2000-12-01,55,Wisconsin,WI,3.6,,2830400,,,,,
2000-12-01,56,Wyoming,WY,3.7,,241600,,,,,
2000-11-01,01,Alabama,AL,4.6,,1944900,,,,,
2000-11-01,02,Alaska,AK,6.3,,285000,,,,,
2000-11-01,04,Arizona,AZ,3.9,,2265700,,,,,
2000-11-01,05,Arkansas,AR,4.2,,1160500,,,,,
2000-11-01,10,Delaware,DE,3.6,,420700,,,,,
2000-11-01,11,District of Columbia,DC,5.7,,659400,,,,,
2000-11-01,12,Florida,FL,3.7,,7133600,,,,,
2000-11-01,13,Georgia,GA,3.4,,3995700,,,,,
2000-11-01,15,Hawaii,HI,4,,557800,,,,,
2000-11-01,16,Idaho,ID,4.7,,566000,,,,,
2000-11-01,17,Illinois,IL,4.6,,6055100,,,,,
2000-11-01,18,Indiana,IN,3,,2983300,,,,,
2000-11-01,19,Iowa,IA,2.9,,1483000,,,,,
2000-11-01,20,Kansas,KS,3.9,,1352500,,,,,
2000-11-01,21,Kentucky,KY,4.3,,1817100,,,,,
2000-11-01,22,Louisiana,LA,5.4,,1918100,,,,,
2000-11-01,23,Maine,ME,3.2,,607300,,,,,
2000-11-01,24,Maryland,MD,3.7,,2492300,,,,,
2000-11-01,25,Massachusetts,MA,2.7,,3373300,,,,,
2000-11-01,26,Michigan,MI,4,,4676800,,,,,
2000-11-01,27,Minnesota,MN,3.3,,2698400,,,,,
2000-11-01,28,Mississippi,MS,5,,1148600,,,,,
2000-11-01,29,Missouri,MO,3.9,,2758900,,,,,
2000-11-01,30,Montana,MT,4.7,,392200,,,,,
2000-11-01,31,Nebraska,NE,2.9,,916100,,,,,
2000-11-01,32,Nevada,NV,4.4,,1042099.9999999999,,,,,
2000-11-01,33,New Hampshire,NH,2.5,,626300,,,,,
2000-11-01,34,New Jersey,NJ,3.8,,4018000,,,,,
2000-11-01,35,New Mexico,NM,5,,751600,,,,,
2000-11-01,36,New York,NY,4.3,,8675200,,,,,
2000-11-01,37,North Carolina,NC,4.1,,3917500,,,,,
2000-11-01,38,North Dakota,ND,2.9,,327700,,,,,
2000-11-01,39,Ohio,OH,3.9,,5618800,,,,,
2000-11-01,40,Oklahoma,OK,2.9,,1517000,,,,,
2000-11-01,41,Oregon,OR,5.2,,1632700,,,,,
2000-11-01,42,Pennsylvania,PA,4.3,,5712300,,,,,
2000-11-01,44,Rhode Island,RI,3.9,,483400,,,,,
2000-11-01,45,South Carolina,SC,3.6,,1851800,,,,,
2000-11-01,46,South Dakota,SD,2.7,,376900,,,,,
2000-11-01,47,Tennessee,TN,3.9,,2736800,,,,,
2000-11-01,48,Texas,TX,4.1,,9541400,,,,,
2000-11-01,49,Utah,UT,3.6,,1083700,,,,,
2000-11-01,50,Vermont,VT,2.8,,300600,,,,,
2000-11-01,51,Virginia,VA,2.2,,3556500,,,,,
2000-11-01,53,Washington,WA,5.2,,2761600,,,,,
2000-11-01,54,West Virginia,WV,5.4,,702900,,,,,
2000-11-01,55,Wisconsin,WI,3.6,,2841700,,,,,
2000-11-01,56,Wyoming,WY,3.7,,240200,,,,,
2000-10-01,01,Alabama,AL,4.6,,1946000,,,,,
2000-10-01,02,Alaska,AK,6.3,,285000,,,,,
2000-10-01,04,Arizona,AZ,3.9,,2261700,,,,,
2000-10-01,05,Arkansas,AR,4.1,,1160900,,,,,
2000-10-01,10,Delaware,DE,3.6,,421200,,,,,
2000-10-01,11,District of Columbia,DC,5.7,,655000,,,,,
2000-10-01,12,Florida,FL,3.7,,7120000,,,,,
2000-10-01,13,Georgia,GA,3.4,,3997900,,,,,
2000-10-01,15,Hawaii,HI,4,,557000,,,,,
2000-10-01,16,Idaho,ID,4.7,,563600,,,,,
2000-10-01,17,Illinois,IL,4.5,,6050500,,,,,
2000-10-01,18,Indiana,IN,2.9,,2992700,,,,,
2000-10-01,19,Iowa,IA,2.8,,1483500,,,,,
2000-10-01,20,Kansas,KS,3.9,,1351500,,,,,
2000-10-01,21,Kentucky,KY,4.3,,1821000,,,,,
2000-10-01,22,Louisiana,LA,5.3,,1920600,,,,,
2000-10-01,23,Maine,ME,3.2,,602700,,,,,
2000-10-01,24,Maryland,MD,3.7,,2488400,,,,,
2000-10-01,25,Massachusetts,MA,2.7,,3366200,,,,,
2000-10-01,26,Michigan,MI,4,,4682400,,,,,
2000-10-01,27,Minnesota,MN,3.3,,2695300,,,,,
2000-10-01,28,Mississippi,MS,5.1,,1150300,,,,,
2000-10-01,29,Missouri,MO,3.8,,2759200,,,,,
2000-10-01,30,Montana,MT,4.7,,390800,,,,,
2000-10-01,31,Nebraska,NE,2.9,,914900,,,,,
2000-10-01,32,Nevada,NV,4.3,,1038300,,,,,
2000-10-01,33,New Hampshire,NH,2.5,,623700,,,,,
2000-10-01,34,New Jersey,NJ,3.7,,4009400,,,,,
2000-10-01,35,New Mexico,NM,5,,749000,,,,,
2000-10-01,36,New York,NY,4.4,,8667500,,,,,
2000-10-01,37,North Carolina,NC,4,,3910900,,,,,
2000-10-01,38,North Dakota,ND,2.9,,327800,,,,,
2000-10-01,39,Ohio,OH,4,,5619500,,,,,
2000-10-01,40,Oklahoma,OK,2.9,,1513400,,,,,
2000-10-01,41,Oregon,OR,5.2,,1625400,,,,,
2000-10-01,42,Pennsylvania,PA,4.3,,5706200,,,,,
2000-10-01,44,Rhode Island,RI,3.9,,482500,,,,,
2000-10-01,45,South Carolina,SC,3.5,,1851900,,,,,
2000-10-01,46,South Dakota,SD,2.6,,377400,,,,,
2000-10-01,47,Tennessee,TN,3.9,,2741000,,,,,
2000-10-01,48,Texas,TX,4.1,,9527300,,,,,
2000-10-01,49,Utah,UT,3.5,,1083200,,,,,
2000-10-01,50,Vermont,VT,2.8,,300400,,,,,
2000-10-01,51,Virginia,VA,2.2,,3549300,,,,,
2000-10-01,53,Washington,WA,5.2,,2758600,,,,,
2000-10-01,54,West Virginia,WV,5.4,,702100,,,,,
2000-10-01,55,Wisconsin,WI,3.5,,2835600,,,,,
2000-10-01,56,Wyoming,WY,3.7,,240400,,,,,
2000-09-01,01,Alabama,AL,4.6,,1950500,,,,,
2000-09-01,02,Alaska,AK,6.3,,284000,,,,,
2000-09-01,04,Arizona,AZ,3.9,,2258600,,,,,
2000-09-01,05,Arkansas,AR,4.1,,1159200,,,,,
2000-09-01,10,Delaware,DE,3.5,,420300,,,,,
2000-09-01,11,District of Columbia,DC,5.6,,653500,,,,,
2000-09-01,12,Florida,FL,3.7,,7113800,,,,,
2000-09-01,13,Georgia,GA,3.5,,3998900,,,,,
2000-09-01,15,Hawaii,HI,4.1,,556800,,,,,
2000-09-01,16,Idaho,ID,4.7,,564100,,,,,
2000-09-01,17,Illinois,IL,4.4,,6055400,,,,,
2000-09-01,18,Indiana,IN,2.9,,3003500,,,,,
2000-09-01,19,Iowa,IA,2.8,,1482600,,,,,
2000-09-01,20,Kansas,KS,3.8,,1346400,,,,,
2000-09-01,21,Kentucky,KY,4.2,,1815800,,,,,
2000-09-01,22,Louisiana,LA,5.3,,1918000,,,,,
2000-09-01,23,Maine,ME,3.2,,603600,,,,,
2000-09-01,24,Maryland,MD,3.7,,2488500,,,,,
2000-09-01,25,Massachusetts,MA,2.7,,3356600,,,,,
2000-09-01,26,Michigan,MI,3.9,,4676000,,,,,
2000-09-01,27,Minnesota,MN,3.2,,2694500,,,,,
2000-09-01,28,Mississippi,MS,5.2,,1149900,,,,,
2000-09-01,29,Missouri,MO,3.6,,2750400,,,,,
2000-09-01,30,Montana,MT,4.8,,392500,,,,,
2000-09-01,31,Nebraska,NE,2.9,,914600,,,,,
2000-09-01,32,Nevada,NV,4.3,,1037300,,,,,
2000-09-01,33,New Hampshire,NH,2.5,,622500,,,,,
2000-09-01,34,New Jersey,NJ,3.7,,4013100,,,,,
2000-09-01,35,New Mexico,NM,5,,748500,,,,,
2000-09-01,36,New York,NY,4.5,,8659300,,,,,
2000-09-01,37,North Carolina,NC,4,,3921000,,,,,
2000-09-01,38,North Dakota,ND,2.9,,328500,,,,,
2000-09-01,39,Ohio,OH,4.1,,5619600,,,,,
2000-09-01,40,Oklahoma,OK,3,,1510800,,,,,
2000-09-01,41,Oregon,OR,5.3,,1625100,,,,,
2000-09-01,42,Pennsylvania,PA,4.3,,5712000,,,,,
2000-09-01,44,Rhode Island,RI,3.9,,481400,,,,,
2000-09-01,45,South Carolina,SC,3.5,,1844800,,,,,
2000-09-01,46,South Dakota,SD,2.6,,377200,,,,,
2000-09-01,47,Tennessee,TN,3.9,,2739200,,,,,
2000-09-01,48,Texas,TX,4.2,,9520400,,,,,
2000-09-01,49,Utah,UT,3.5,,1080600,,,,,
2000-09-01,50,Vermont,VT,2.8,,299500,,,,,
2000-09-01,51,Virginia,VA,2.2,,3538500,,,,,
2000-09-01,53,Washington,WA,5.2,,2753800,,,,,
2000-09-01,54,West Virginia,WV,5.5,,701600,,,,,
2000-09-01,55,Wisconsin,WI,3.5,,2835200,,,,,
2000-09-01,56,Wyoming,WY,3.8,,239000,,,,,
2000-08-01,01,Alabama,AL,4.6,,1949600,,,,,
2000-08-01,02,Alaska,AK,6.4,,284800,,,,,
2000-08-01,04,Arizona,AZ,4,,2250100,,,,,
2000-08-01,05,Arkansas,AR,4.1,,1160100,,,,,
2000-08-01,10,Delaware,DE,3.5,,419600,,,,,
2000-08-01,11,District of Columbia,DC,5.6,,654700,,,,,
2000-08-01,12,Florida,FL,3.7,,7091300,,,,,
2000-08-01,13,Georgia,GA,3.5,,3992300,,,,,
2000-08-01,15,Hawaii,HI,4.1,,552800,,,,,
2000-08-01,16,Idaho,ID,4.7,,563600,,,,,
2000-08-01,17,Illinois,IL,4.4,,6054500,,,,,
2000-08-01,18,Indiana,IN,2.9,,3011900,,,,,
2000-08-01,19,Iowa,IA,2.7,,1484200,,,,,
2000-08-01,20,Kansas,KS,3.8,,1348800,,,,,
2000-08-01,21,Kentucky,KY,4.2,,1818400,,,,,
2000-08-01,22,Louisiana,LA,5.2,,1919900,,,,,
2000-08-01,23,Maine,ME,3.2,,605200,,,,,
2000-08-01,24,Maryland,MD,3.7,,2477700,,,,,
2000-08-01,25,Massachusetts,MA,2.7,,3344300,,,,,
2000-08-01,26,Michigan,MI,3.9,,4683300,,,,,
2000-08-01,27,Minnesota,MN,3.2,,2692600,,,,,
2000-08-01,28,Mississippi,MS,5.3,,1154500,,,,,
2000-08-01,29,Missouri,MO,3.5,,2752200,,,,,
2000-08-01,30,Montana,MT,4.8,,392600,,,,,
2000-08-01,31,Nebraska,NE,2.8,,915600,,,,,
2000-08-01,32,Nevada,NV,4.2,,1038099.9999999999,,,,,
2000-08-01,33,New Hampshire,NH,2.6,,621100,,,,,
2000-08-01,34,New Jersey,NJ,3.6,,4002800,,,,,
2000-08-01,35,New Mexico,NM,5,,747600,,,,,
2000-08-01,36,New York,NY,4.5,,8606500,,,,,
2000-08-01,37,North Carolina,NC,3.9,,3926100,,,,,
2000-08-01,38,North Dakota,ND,2.9,,329500,,,,,
2000-08-01,39,Ohio,OH,4.1,,5626700,,,,,
2000-08-01,40,Oklahoma,OK,3,,1508300,,,,,
2000-08-01,41,Oregon,OR,5.3,,1621200,,,,,
2000-08-01,42,Pennsylvania,PA,4.3,,5697300,,,,,
2000-08-01,44,Rhode Island,RI,4,,479900,,,,,
2000-08-01,45,South Carolina,SC,3.6,,1848300,,,,,
2000-08-01,46,South Dakota,SD,2.6,,376500,,,,,
2000-08-01,47,Tennessee,TN,3.9,,2744300,,,,,
2000-08-01,48,Texas,TX,4.3,,9499100,,,,,
2000-08-01,49,Utah,UT,3.4,,1077700,,,,,
2000-08-01,50,Vermont,VT,2.8,,299200,,,,,
2000-08-01,51,Virginia,VA,2.2,,3525300,,,,,
2000-08-01,53,Washington,WA,5.2,,2756200,,,,,
2000-08-01,54,West Virginia,WV,5.5,,697700,,,,,
2000-08-01,55,Wisconsin,WI,3.5,,2839100,,,,,
2000-08-01,56,Wyoming,WY,3.8,,240400,,,,,
2000-07-01,01,Alabama,AL,4.6,,1945600,,,,,
2000-07-01,02,Alaska,AK,6.4,,284800,,,,,
2000-07-01,04,Arizona,AZ,4,,2243400,,,,,
2000-07-01,05,Arkansas,AR,4.1,,1158000,,,,,
2000-07-01,10,Delaware,DE,3.5,,421100,,,,,
2000-07-01,11,District of Columbia,DC,5.6,,652700,,,,,
2000-07-01,12,Florida,FL,3.8,,7074800,,,,,
2000-07-01,13,Georgia,GA,3.6,,3992000,,,,,
2000-07-01,15,Hawaii,HI,4.2,,553200,,,,,
2000-07-01,16,Idaho,ID,4.7,,561000,,,,,
2000-07-01,17,Illinois,IL,4.4,,6041500,,,,,
2000-07-01,18,Indiana,IN,3,,3010300,,,,,
2000-07-01,19,Iowa,IA,2.7,,1484300,,,,,
2000-07-01,20,Kansas,KS,3.7,,1346000,,,,,
2000-07-01,21,Kentucky,KY,4.1,,1815900,,,,,
2000-07-01,22,Louisiana,LA,5.1,,1918200,,,,,
2000-07-01,23,Maine,ME,3.2,,607000,,,,,
2000-07-01,24,Maryland,MD,3.7,,2475600,,,,,
2000-07-01,25,Massachusetts,MA,2.7,,3348600,,,,,
2000-07-01,26,Michigan,MI,3.8,,4689700,,,,,
2000-07-01,27,Minnesota,MN,3.1,,2685500,,,,,
2000-07-01,28,Mississippi,MS,5.4,,1157000,,,,,
2000-07-01,29,Missouri,MO,3.3,,2746800,,,,,
2000-07-01,30,Montana,MT,4.9,,391600,,,,,
2000-07-01,31,Nebraska,NE,2.8,,913500,,,,,
2000-07-01,32,Nevada,NV,4.2,,1028099.9999999999,,,,,
2000-07-01,33,New Hampshire,NH,2.7,,621600,,,,,
2000-07-01,34,New Jersey,NJ,3.6,,4005500,,,,,
2000-07-01,35,New Mexico,NM,5,,745500,,,,,
2000-07-01,36,New York,NY,4.5,,8638000,,,,,
2000-07-01,37,North Carolina,NC,3.8,,3922300,,,,,
2000-07-01,38,North Dakota,ND,2.9,,331700,,,,,
2000-07-01,39,Ohio,OH,4.1,,5629700,,,,,
2000-07-01,40,Oklahoma,OK,3,,1505100,,,,,
2000-07-01,41,Oregon,OR,5.3,,1620900,,,,,
2000-07-01,42,Pennsylvania,PA,4.3,,5710600,,,,,
2000-07-01,44,Rhode Island,RI,4,,481100,,,,,
2000-07-01,45,South Carolina,SC,3.6,,1847900,,,,,
2000-07-01,46,South Dakota,SD,2.5,,376500,,,,,
2000-07-01,47,Tennessee,TN,3.9,,2743300,,,,,
2000-07-01,48,Texas,TX,4.3,,9469500,,,,,
2000-07-01,49,Utah,UT,3.3,,1076600,,,,,
2000-07-01,50,Vermont,VT,2.8,,298900,,,,,
2000-07-01,51,Virginia,VA,2.3,,3520900,,,,,
2000-07-01,53,Washington,WA,5.1,,2741000,,,,,
2000-07-01,54,West Virginia,WV,5.5,,702500,,,,,
2000-07-01,55,Wisconsin,WI,3.5,,2835300,,,,,
2000-07-01,56,Wyoming,WY,3.7,,239200,,,,,
2000-06-01,01,Alabama,AL,4.6,,1949700,,,,,
2000-06-01,02,Alaska,AK,6.4,,284100,,,,,
2000-06-01,04,Arizona,AZ,4,,2241300,,,,,
2000-06-01,05,Arkansas,AR,4.1,,1160300,,,,,
2000-06-01,10,Delaware,DE,3.5,,421000,,,,,
2000-06-01,11,District of Columbia,DC,5.6,,649900,,,,,
2000-06-01,12,Florida,FL,3.8,,7055300,,,,,
2000-06-01,13,Georgia,GA,3.6,,3980900,,,,,
2000-06-01,15,Hawaii,HI,4.3,,553300,,,,,
2000-06-01,16,Idaho,ID,4.6,,559900,,,,,
2000-06-01,17,Illinois,IL,4.4,,6056700,,,,,
2000-06-01,18,Indiana,IN,3.1,,3019900,,,,,
2000-06-01,19,Iowa,IA,2.6,,1476800,,,,,
2000-06-01,20,Kansas,KS,3.7,,1349900,,,,,
2000-06-01,21,Kentucky,KY,4.1,,1817300,,,,,
2000-06-01,22,Louisiana,LA,5.1,,1918700,,,,,
2000-06-01,23,Maine,ME,3.3,,603300,,,,,
2000-06-01,24,Maryland,MD,3.6,,2470600,,,,,
2000-06-01,25,Massachusetts,MA,2.8,,3332800,,,,,
2000-06-01,26,Michigan,MI,3.7,,4694100,,,,,
2000-06-01,27,Minnesota,MN,3,,2682300,,,,,
2000-06-01,28,Mississippi,MS,5.5,,1159900,,,,,
2000-06-01,29,Missouri,MO,3.2,,2760900,,,,,
2000-06-01,30,Montana,MT,4.9,,390900,,,,,
2000-06-01,31,Nebraska,NE,2.8,,916600,,,,,
2000-06-01,32,Nevada,NV,4.1,,1021700,,,,,
2000-06-01,33,New Hampshire,NH,2.7,,620300,,,,,
2000-06-01,34,New Jersey,NJ,3.5,,3999800,,,,,
2000-06-01,35,New Mexico,NM,5,,742300,,,,,
2000-06-01,36,New York,NY,4.5,,8610900,,,,,
2000-06-01,37,North Carolina,NC,3.7,,3923700,,,,,
2000-06-01,38,North Dakota,ND,2.9,,326900,,,,,
2000-06-01,39,Ohio,OH,4.1,,5636400,,,,,
2000-06-01,40,Oklahoma,OK,3,,1505300,,,,,
2000-06-01,41,Oregon,OR,5.3,,1621900,,,,,
2000-06-01,42,Pennsylvania,PA,4.2,,5699700,,,,,
2000-06-01,44,Rhode Island,RI,4.1,,478700,,,,,
2000-06-01,45,South Carolina,SC,3.7,,1873600,,,,,
2000-06-01,46,South Dakota,SD,2.5,,377200,,,,,
2000-06-01,47,Tennessee,TN,3.9,,2744900,,,,,
2000-06-01,48,Texas,TX,4.4,,9464500,,,,,
2000-06-01,49,Utah,UT,3.3,,1076000,,,,,
2000-06-01,50,Vermont,VT,2.8,,298700,,,,,
2000-06-01,51,Virginia,VA,2.3,,3519600,,,,,
2000-06-01,53,Washington,WA,5.1,,2745700,,,,,
2000-06-01,54,West Virginia,WV,5.6,,699600,,,,,
2000-06-01,55,Wisconsin,WI,3.4,,2840100,,,,,
2000-06-01,56,Wyoming,WY,3.7,,237500,,,,,
2000-05-01,01,Alabama,AL,4.6,,1953700,,,,,
2000-05-01,02,Alaska,AK,6.3,,283900,,,,,
2000-05-01,04,Arizona,AZ,4,,2243100,,,,,
2000-05-01,05,Arkansas,AR,4.1,,1159600,,,,,
2000-05-01,10,Delaware,DE,3.4,,419200,,,,,
2000-05-01,11,District of Columbia,DC,5.6,,645800,,,,,
2000-05-01,12,Florida,FL,3.8,,7039400,,,,,
2000-05-01,13,Georgia,GA,3.6,,3979800,,,,,
2000-05-01,15,Hawaii,HI,4.3,,550500,,,,,
2000-05-01,16,Idaho,ID,4.6,,561400,,,,,
2000-05-01,17,Illinois,IL,4.4,,6046700,,,,,
2000-05-01,18,Indiana,IN,3.1,,3024200,,,,,
2000-05-01,19,Iowa,IA,2.6,,1479200,,,,,
2000-05-01,20,Kansas,KS,3.7,,1349600,,,,,
2000-05-01,21,Kentucky,KY,4,,1822600,,,,,
2000-05-01,22,Louisiana,LA,5,,1930000,,,,,
2000-05-01,23,Maine,ME,3.3,,604500,,,,,
2000-05-01,24,Maryland,MD,3.6,,2463600,,,,,
2000-05-01,25,Massachusetts,MA,2.8,,3326200,,,,,
2000-05-01,26,Michigan,MI,3.6,,4691800,,,,,
2000-05-01,27,Minnesota,MN,3,,2678500,,,,,
2000-05-01,28,Mississippi,MS,5.5,,1162100,,,,,
2000-05-01,29,Missouri,MO,3.1,,2753700,,,,,
2000-05-01,30,Montana,MT,4.9,,392800,,,,,
2000-05-01,31,Nebraska,NE,2.8,,912600,,,,,
2000-05-01,32,Nevada,NV,4,,1023200,,,,,
2000-05-01,33,New Hampshire,NH,2.7,,619600,,,,,
2000-05-01,34,New Jersey,NJ,3.5,,3994400,,,,,
2000-05-01,35,New Mexico,NM,5,,743700,,,,,
2000-05-01,36,New York,NY,4.5,,8617000,,,,,
2000-05-01,37,North Carolina,NC,3.6,,3913300,,,,,
2000-05-01,38,North Dakota,ND,2.9,,328300,,,,,
2000-05-01,39,Ohio,OH,4.1,,5638200,,,,,
2000-05-01,40,Oklahoma,OK,3,,1500900,,,,,
2000-05-01,41,Oregon,OR,5.2,,1620400,,,,,
2000-05-01,42,Pennsylvania,PA,4.2,,5697200,,,,,
2000-05-01,44,Rhode Island,RI,4.1,,480700,,,,,
2000-05-01,45,South Carolina,SC,3.7,,1867800,,,,,
2000-05-01,46,South Dakota,SD,2.4,,377900,,,,,
2000-05-01,47,Tennessee,TN,3.8,,2741700,,,,,
2000-05-01,48,Texas,TX,4.4,,9449400,,,,,
2000-05-01,49,Utah,UT,3.2,,1074500,,,,,
2000-05-01,50,Vermont,VT,2.7,,298400,,,,,
2000-05-01,51,Virginia,VA,2.3,,3511900,,,,,
2000-05-01,53,Washington,WA,5,,2747000,,,,,
2000-05-01,54,West Virginia,WV,5.6,,713400,,,,,
2000-05-01,55,Wisconsin,WI,3.4,,2832800,,,,,
2000-05-01,56,Wyoming,WY,3.7,,239500,,,,,
2000-04-01,01,Alabama,AL,4.7,,1945000,,,,,
2000-04-01,02,Alaska,AK,6.3,,283000,,,,,
2000-04-01,04,Arizona,AZ,4,,2228300,,,,,
2000-04-01,05,Arkansas,AR,4.2,,1156800,,,,,
2000-04-01,10,Delaware,DE,3.4,,419400,,,,,
2000-04-01,11,District of Columbia,DC,5.6,,646400,,,,,
2000-04-01,12,Florida,FL,3.7,,7007500,,,,,
2000-04-01,13,Georgia,GA,3.6,,3963600,,,,,
2000-04-01,15,Hawaii,HI,4.4,,549500,,,,,
2000-04-01,16,Idaho,ID,4.6,,558700,,,,,
2000-04-01,17,Illinois,IL,4.4,,6042800,,,,,
2000-04-01,18,Indiana,IN,3.1,,3017200,,,,,
2000-04-01,19,Iowa,IA,2.5,,1478500,,,,,
2000-04-01,20,Kansas,KS,3.6,,1346500,,,,,
2000-04-01,21,Kentucky,KY,4,,1816800,,,,,
2000-04-01,22,Louisiana,LA,5,,1922200,,,,,
2000-04-01,23,Maine,ME,3.3,,603800,,,,,
2000-04-01,24,Maryland,MD,3.5,,2463100,,,,,
2000-04-01,25,Massachusetts,MA,2.8,,3323800,,,,,
2000-04-01,26,Michigan,MI,3.4,,4693600,,,,,
2000-04-01,27,Minnesota,MN,3,,2681600,,,,,
2000-04-01,28,Mississippi,MS,5.5,,1158700,,,,,
2000-04-01,29,Missouri,MO,3.1,,2753700,,,,,
2000-04-01,30,Montana,MT,4.9,,391100,,,,,
2000-04-01,31,Nebraska,NE,2.8,,909700,,,,,
2000-04-01,32,Nevada,NV,4,,1017600,,,,,
2000-04-01,33,New Hampshire,NH,2.8,,618700,,,,,
2000-04-01,34,New Jersey,NJ,3.6,,3992100,,,,,
2000-04-01,35,New Mexico,NM,5,,742200,,,,,
2000-04-01,36,New York,NY,4.6,,8606700,,,,,
2000-04-01,37,North Carolina,NC,3.5,,3905100,,,,,
2000-04-01,38,North Dakota,ND,2.9,,327700,,,,,
2000-04-01,39,Ohio,OH,4.1,,5629400,,,,,
2000-04-01,40,Oklahoma,OK,3,,1494700,,,,,
2000-04-01,41,Oregon,OR,5.1,,1614200,,,,,
2000-04-01,42,Pennsylvania,PA,4.1,,5688500,,,,,
2000-04-01,44,Rhode Island,RI,4.1,,479000,,,,,
2000-04-01,45,South Carolina,SC,3.7,,1859600,,,,,
2000-04-01,46,South Dakota,SD,2.4,,379400,,,,,
2000-04-01,47,Tennessee,TN,3.8,,2736300,,,,,
2000-04-01,48,Texas,TX,4.5,,9404800,,,,,
2000-04-01,49,Utah,UT,3.2,,1072400,,,,,
2000-04-01,50,Vermont,VT,2.7,,296900,,,,,
2000-04-01,51,Virginia,VA,2.3,,3500800,,,,,
2000-04-01,53,Washington,WA,4.9,,2734000,,,,,
2000-04-01,54,West Virginia,WV,5.6,,701500,,,,,
2000-04-01,55,Wisconsin,WI,3.3,,2836900,,,,,
2000-04-01,56,Wyoming,WY,3.8,,239400,,,,,
2000-03-01,01,Alabama,AL,4.7,,1949200,,,,,
2000-03-01,02,Alaska,AK,6.2,,283400,,,,,
2000-03-01,04,Arizona,AZ,4,,2225200,,,,,
2000-03-01,05,Arkansas,AR,4.2,,1160600,,,,,
2000-03-01,10,Delaware,DE,3.3,,420500,,,,,
2000-03-01,11,District of Columbia,DC,5.7,,642300,,,,,
2000-03-01,12,Florida,FL,3.7,,6983700,,,,,
2000-03-01,13,Georgia,GA,3.6,,3964900,,,,,
2000-03-01,15,Hawaii,HI,4.4,,546500,,,,,
2000-03-01,16,Idaho,ID,4.5,,553500,,,,,
2000-03-01,17,Illinois,IL,4.4,,6037200,,,,,
2000-03-01,18,Indiana,IN,3,,3017100,,,,,
2000-03-01,19,Iowa,IA,2.5,,1485700,,,,,
2000-03-01,20,Kansas,KS,3.6,,1341400,,,,,
2000-03-01,21,Kentucky,KY,4,,1821200,,,,,
2000-03-01,22,Louisiana,LA,4.9,,1920800,,,,,
2000-03-01,23,Maine,ME,3.4,,603300,,,,,
2000-03-01,24,Maryland,MD,3.4,,2459100,,,,,
2000-03-01,25,Massachusetts,MA,2.9,,3310300,,,,,
2000-03-01,26,Michigan,MI,3.3,,4672000,,,,,
2000-03-01,27,Minnesota,MN,3,,2671400,,,,,
2000-03-01,28,Mississippi,MS,5.5,,1160600,,,,,
2000-03-01,29,Missouri,MO,3.1,,2757800,,,,,
2000-03-01,30,Montana,MT,4.9,,392800,,,,,
2000-03-01,31,Nebraska,NE,2.8,,912900,,,,,
2000-03-01,32,Nevada,NV,3.9,,1012700,,,,,
2000-03-01,33,New Hampshire,NH,2.8,,616700,,,,,
2000-03-01,34,New Jersey,NJ,3.6,,3984900,,,,,
2000-03-01,35,New Mexico,NM,5,,740400,,,,,
2000-03-01,36,New York,NY,4.6,,8567900,,,,,
2000-03-01,37,North Carolina,NC,3.4,,3899100,,,,,
2000-03-01,38,North Dakota,ND,2.9,,327700,,,,,
2000-03-01,39,Ohio,OH,4.1,,5632000,,,,,
2000-03-01,40,Oklahoma,OK,3,,1490200,,,,,
2000-03-01,41,Oregon,OR,5.1,,1610300,,,,,
2000-03-01,42,Pennsylvania,PA,4.1,,5677000,,,,,
2000-03-01,44,Rhode Island,RI,4.1,,478300,,,,,
2000-03-01,45,South Carolina,SC,3.8,,1860700,,,,,
2000-03-01,46,South Dakota,SD,2.4,,379900,,,,,
2000-03-01,47,Tennessee,TN,3.7,,2751700,,,,,
2000-03-01,48,Texas,TX,4.6,,9395700,,,,,
2000-03-01,49,Utah,UT,3.1,,1069000,,,,,
2000-03-01,50,Vermont,VT,2.7,,299200,,,,,
2000-03-01,51,Virginia,VA,2.4,,3495800,,,,,
2000-03-01,53,Washington,WA,4.9,,2744800,,,,,
2000-03-01,54,West Virginia,WV,5.7,,702400,,,,,
2000-03-01,55,Wisconsin,WI,3.2,,2830300,,,,,
2000-03-01,56,Wyoming,WY,3.8,,239700,,,,,
2000-02-01,01,Alabama,AL,4.7,,1943000,,,,,
2000-02-01,02,Alaska,AK,6.2,,282100,,,,,
2000-02-01,04,Arizona,AZ,4,,2217300,,,,,
2000-02-01,05,Arkansas,AR,4.3,,1156200,,,,,
2000-02-01,10,Delaware,DE,3.3,,418900,,,,,
2000-02-01,11,District of Columbia,DC,5.7,,641100,,,,,
2000-02-01,12,Florida,FL,3.7,,6950200,,,,,
2000-02-01,13,Georgia,GA,3.6,,3947400,,,,,
2000-02-01,15,Hawaii,HI,4.5,,544200,,,,,
2000-02-01,16,Idaho,ID,4.5,,552000,,,,,
2000-02-01,17,Illinois,IL,4.4,,6018500,,,,,
2000-02-01,18,Indiana,IN,3.1,,3007400,,,,,
2000-02-01,19,Iowa,IA,2.5,,1479900,,,,,
2000-02-01,20,Kansas,KS,3.6,,1338400,,,,,
2000-02-01,21,Kentucky,KY,4.1,,1811200,,,,,
2000-02-01,22,Louisiana,LA,4.9,,1918400,,,,,
2000-02-01,23,Maine,ME,3.5,,599600,,,,,
2000-02-01,24,Maryland,MD,3.3,,2442800,,,,,
2000-02-01,25,Massachusetts,MA,3,,3302400,,,,,
2000-02-01,26,Michigan,MI,3.2,,4660500,,,,,
2000-02-01,27,Minnesota,MN,3,,2663300,,,,,
2000-02-01,28,Mississippi,MS,5.5,,1158100,,,,,
2000-02-01,29,Missouri,MO,3,,2751200,,,,,
2000-02-01,30,Montana,MT,4.9,,389200,,,,,
2000-02-01,31,Nebraska,NE,2.8,,908700,,,,,
2000-02-01,32,Nevada,NV,3.9,,1010500,,,,,
2000-02-01,33,New Hampshire,NH,2.8,,614600,,,,,
2000-02-01,34,New Jersey,NJ,3.7,,3969300,,,,,
2000-02-01,35,New Mexico,NM,5.1,,737600,,,,,
2000-02-01,36,New York,NY,4.6,,8544900,,,,,
2000-02-01,37,North Carolina,NC,3.4,,3882400,,,,,
2000-02-01,38,North Dakota,ND,3,,326400,,,,,
2000-02-01,39,Ohio,OH,4.1,,5618400,,,,,
2000-02-01,40,Oklahoma,OK,3.1,,1483400,,,,,
2000-02-01,41,Oregon,OR,5,,1608100,,,,,
2000-02-01,42,Pennsylvania,PA,4.1,,5658700,,,,,
2000-02-01,44,Rhode Island,RI,4.2,,476300,,,,,
2000-02-01,45,South Carolina,SC,3.9,,1853300,,,,,
2000-02-01,46,South Dakota,SD,2.4,,377700,,,,,
2000-02-01,47,Tennessee,TN,3.7,,2728800,,,,,
2000-02-01,48,Texas,TX,4.7,,9362800,,,,,
2000-02-01,49,Utah,UT,3.1,,1065000,,,,,
2000-02-01,50,Vermont,VT,2.7,,296600,,,,,
2000-02-01,51,Virginia,VA,2.4,,3477500,,,,,
2000-02-01,53,Washington,WA,4.8,,2719200,,,,,
2000-02-01,54,West Virginia,WV,5.7,,695600,,,,,
2000-02-01,55,Wisconsin,WI,3.1,,2819200,,,,,
2000-02-01,56,Wyoming,WY,4,,238300,,,,,
2000-01-01,01,Alabama,AL,4.7,,1944700,,,,,
2000-01-01,02,Alaska,AK,6.2,,282000,,,,,
2000-01-01,04,Arizona,AZ,4.1,,2207600,,,,,
2000-01-01,05,Arkansas,AR,4.3,,1154500,,,,,
2000-01-01,10,Delaware,DE,3.3,,417200,,,,,
2000-01-01,11,District of Columbia,DC,5.8,,641200,,,,,
2000-01-01,12,Florida,FL,3.7,,6943400,,,,,
2000-01-01,13,Georgia,GA,3.6,,3933100,,,,,
2000-01-01,15,Hawaii,HI,4.5,,542600,,,,,
2000-01-01,16,Idaho,ID,4.6,,550800,,,,,
2000-01-01,17,Illinois,IL,4.4,,6011500,,,,,
2000-01-01,18,Indiana,IN,3.1,,3008800,,,,,
2000-01-01,19,Iowa,IA,2.5,,1477300,,,,,
2000-01-01,20,Kansas,KS,3.6,,1340900,,,,,
2000-01-01,21,Kentucky,KY,4.1,,1805200,,,,,
2000-01-01,22,Louisiana,LA,4.9,,1916700,,,,,
2000-01-01,23,Maine,ME,3.7,,597800,,,,,
2000-01-01,24,Maryland,MD,3.3,,2444600,,,,,
2000-01-01,25,Massachusetts,MA,3.1,,3294600,,,,,
2000-01-01,26,Michigan,MI,3.3,,4654700,,,,,
2000-01-01,27,Minnesota,MN,2.9,,2651100,,,,,
2000-01-01,28,Mississippi,MS,5.4,,1159400,,,,,
2000-01-01,29,Missouri,MO,3,,2753200,,,,,
2000-01-01,30,Montana,MT,5,,388500,,,,,
2000-01-01,31,Nebraska,NE,2.8,,909300,,,,,
2000-01-01,32,Nevada,NV,3.9,,1009100,,,,,
2000-01-01,33,New Hampshire,NH,2.8,,613100,,,,,
2000-01-01,34,New Jersey,NJ,3.8,,3969400,,,,,
2000-01-01,35,New Mexico,NM,5.1,,735800,,,,,
2000-01-01,36,New York,NY,4.7,,8538300,,,,,
2000-01-01,37,North Carolina,NC,3.4,,3877600,,,,,
2000-01-01,38,North Dakota,ND,3,,326800,,,,,
2000-01-01,39,Ohio,OH,4.2,,5617900,,,,,
2000-01-01,40,Oklahoma,OK,3.1,,1484100,,,,,
2000-01-01,41,Oregon,OR,5,,1605500,,,,,
2000-01-01,42,Pennsylvania,PA,4.2,,5653200,,,,,
2000-01-01,44,Rhode Island,RI,4.3,,476000,,,,,
2000-01-01,45,South Carolina,SC,4,,1853700,,,,,
2000-01-01,46,South Dakota,SD,2.4,,377400,,,,,
2000-01-01,47,Tennessee,TN,3.7,,2726000,,,,,
2000-01-01,48,Texas,TX,4.7,,9341900,,,,,
2000-01-01,49,Utah,UT,3.1,,1060300,,,,,
2000-01-01,50,Vermont,VT,2.8,,295900,,,,,
2000-01-01,51,Virginia,VA,2.5,,3474100,,,,,
2000-01-01,53,Washington,WA,4.8,,2723200,,,,,
2000-01-01,54,West Virginia,WV,5.9,,698200,,,,,
2000-01-01,55,Wisconsin,WI,3.1,,2813700,,,,,
2000-01-01,56,Wyoming,WY,4.1,,237300,,,,,