period_date,state_fips,state_name,state_abbrev,unemployment_rate
2020-01-01,10,Delaware,DE,3.6
2020-02-01,10,Delaware,DE,3.6
2020-03-01,10,Delaware,DE,5.0
2020-04-01,10,Delaware,DE,13.1
2020-05-01,10,Delaware,DE,13.4
2020-06-01,10,Delaware,DE,12.8
2020-07-01,10,Delaware,DE,7.6
2020-08-01,10,Delaware,DE,7.4
2020-09-01,10,Delaware,DE,7.6
2020-10-01,10,Delaware,DE,5.2
2020-11-01,10,Delaware,DE,5.4
2020-12-01,10,Delaware,DE,5.6
2021-01-01,10,Delaware,DE,5.7
2021-02-01,10,Delaware,DE,5.9
2021-03-01,10,Delaware,DE,5.9
2021-04-01,10,Delaware,DE,5.9
2021-05-01,10,Delaware,DE,5.8
2021-06-01,10,Delaware,DE,5.8
2021-07-01,10,Delaware,DE,5.5
2021-08-01,10,Delaware,DE,5.4
2021-09-01,10,Delaware,DE,5.1
2021-10-01,10,Delaware,DE,4.9
2021-11-01,10,Delaware,DE,4.8
2021-12-01,10,Delaware,DE,4.6
2022-01-01,10,Delaware,DE,4.5
2022-02-01,10,Delaware,DE,4.4
2022-03-01,10,Delaware,DE,4.3
2022-04-01,10,Delaware,DE,4.2
2022-05-01,10,Delaware,DE,4.2
2022-06-01,10,Delaware,DE,4.1
2022-07-01,10,Delaware,DE,4.1
2022-08-01,10,Delaware,DE,4.0
2022-09-01,10,Delaware,DE,4.1
2022-10-01,10,Delaware,DE,4.1
2022-11-01,10,Delaware,DE,4.1
2022-12-01,10,Delaware,DE,4.0
2023-01-01,10,Delaware,DE,4.0
2023-02-01,10,Delaware,DE,3.9
2023-03-01,10,Delaware,DE,3.8
2023-04-01,10,Delaware,DE,3.8
2023-05-01,10,Delaware,DE,3.8
2023-06-01,10,Delaware,DE,3.8
2023-07-01,10,Delaware,DE,3.8
2023-08-01,10,Delaware,DE,3.8
2023-09-01,10,Delaware,DE,3.8
2023-10-01,10,Delaware,DE,3.9
2023-11-01,10,Delaware,DE,3.8
2023-12-01,10,Delaware,DE,3.8
2024-01-01,10,Delaware,DE,3.8
2024-02-01,10,Delaware,DE,3.7
2024-03-01,10,Delaware,DE,3.7
2024-04-01,10,Delaware,DE,3.7
2024-05-01,10,Delaware,DE,3.8
2024-06-01,10,Delaware,DE,3.8
2024-07-01,10,Delaware,DE,3.7
2024-08-01,10,Delaware,DE,3.7
2024-09-01,10,Delaware,DE,3.6
2024-10-01,10,Delaware,DE,3.6
2024-11-01,10,Delaware,DE,3.6
2024-12-01,10,Delaware,DE,3.6
2025-01-01,10,Delaware,DE,3.6
2025-02-01,10,Delaware,DE,3.7
2025-03-01,10,Delaware,DE,3.7
2025-04-01,10,Delaware,DE,3.9
2025-05-01,10,Delaware,DE,4.0
2025-06-01,10,Delaware,DE,4.0
2025-07-01,10,Delaware,DE,4.1
2025-08-01,10,Delaware,DE,4.3
2025-09-01,10,Delaware,DE,4.5
2025-10-01,10,Delaware,DE,.
2025-11-01,10,Delaware,DE,4.9
2025-12-01,10,Delaware,DE,5.2
2020-01-01,11,District of Columbia,DC,5.5
2020-02-01,11,District of Columbia,DC,5.7
2020-03-01,11,District of Columbia,DC,5.8
2020-04-01,11,District of Columbia,DC,11.3
2020-05-01,11,District of Columbia,DC,8.8
2020-06-01,11,District of Columbia,DC,8.6
2020-07-01,11,District of Columbia,DC,8.7
2020-08-01,11,District of Columbia,DC,8.5
2020-09-01,11,District of Columbia,DC,8.6
2020-10-01,11,District of Columbia,DC,8.3
2020-11-01,11,District of Columbia,DC,8.0
2020-12-01,11,District of Columbia,DC,7.8
2021-01-01,11,District of Columbia,DC,7.3
2021-02-01,11,District of Columbia,DC,7.0
2021-03-01,11,District of Columbia,DC,7.0
2021-04-01,11,District of Columbia,DC,7.0
2021-05-01,11,District of Columbia,DC,7.0
2021-06-01,11,District of Columbia,DC,7.2
2021-07-01,11,District of Columbia,DC,7.1
2021-08-01,11,District of Columbia,DC,6.9
2021-09-01,11,District of Columbia,DC,6.6
2021-10-01,11,District of Columbia,DC,6.5
2021-11-01,11,District of Columbia,DC,6.3
2021-12-01,11,District of Columbia,DC,6.1
2022-01-01,11,District of Columbia,DC,5.9
2022-02-01,11,District of Columbia,DC,5.5
2022-03-01,11,District of Columbia,DC,5.2
2022-04-01,11,District of Columbia,DC,4.9
2022-05-01,11,District of Columbia,DC,4.7
2022-06-01,11,District of Columbia,DC,4.4
2022-07-01,11,District of Columbia,DC,4.2
2022-08-01,11,District of Columbia,DC,4.0
2022-09-01,11,District of Columbia,DC,4.1
2022-10-01,11,District of Columbia,DC,4.3
2022-11-01,11,District of Columbia,DC,4.5
2022-12-01,11,District of Columbia,DC,4.7
2023-01-01,11,District of Columbia,DC,4.8
2023-02-01,11,District of Columbia,DC,4.9
2023-03-01,11,District of Columbia,DC,4.9
2023-04-01,11,District of Columbia,DC,4.8
2023-05-01,11,District of Columbia,DC,4.8
2023-06-01,11,District of Columbia,DC,4.7
2023-07-01,11,District of Columbia,DC,4.7
2023-08-01,11,District of Columbia,DC,4.8
2023-09-01,11,District of Columbia,DC,4.8
2023-10-01,11,District of Columbia,DC,4.9
2023-11-01,11,District of Columbia,DC,5.0
2023-12-01,11,District of Columbia,DC,5.1
2024-01-01,11,District of Columbia,DC,5.1
2024-02-01,11,District of Columbia,DC,5.1
2024-03-01,11,District of Columbia,DC,5.2
2024-04-01,11,District of Columbia,DC,5.2
2024-05-01,11,District of Columbia,DC,5.2
2024-06-01,11,District of Columbia,DC,5.3
2024-07-01,11,District of Columbia,DC,5.3
2024-08-01,11,District of Columbia,DC,5.3
2024-09-01,11,District of Columbia,DC,5.3
2024-10-01,11,District of Columbia,DC,5.3
2024-11-01,11,District of Columbia,DC,5.3
2024-12-01,11,District of Columbia,DC,5.3
2025-01-01,11,District of Columbia,DC,5.3
2025-02-01,11,District of Columbia,DC,5.4
2025-03-01,11,District of Columbia,DC,5.6
2025-04-01,11,District of Columbia,DC,5.8
2025-05-01,11,District of Columbia,DC,5.9
2025-06-01,11,District of Columbia,DC,5.9
2025-07-01,11,District of Columbia,DC,6.0
2025-08-01,11,District of Columbia,DC,6.0
2025-09-01,11,District of Columbia,DC,6.2
2025-10-01,11,District of Columbia,DC,.
2025-11-01,11,District of Columbia,DC,6.5
2025-12-01,11,District of Columbia,DC,6.7
2020-01-01,12,Florida,FL,3.0
2020-02-01,12,Florida,FL,3.0
2020-03-01,12,Florida,FL,4.0
2020-04-01,12,Florida,FL,13.3
2020-05-01,12,Florida,FL,14.1
2020-06-01,12,Florida,FL,11.6
2020-07-01,12,Florida,FL,11.6
2020-08-01,12,Florida,FL,8.6
2020-09-01,12,Florida,FL,8.0
2020-10-01,12,Florida,FL,6.9
2020-11-01,12,Florida,FL,6.5
2020-12-01,12,Florida,FL,6.2
2021-01-01,12,Florida,FL,5.8
2021-02-01,12,Florida,FL,5.5
2021-03-01,12,Florida,FL,5.4
2021-04-01,12,Florida,FL,5.2
2021-05-01,12,Florida,FL,5.0
2021-06-01,12,Florida,FL,4.9
2021-07-01,12,Florida,FL,4.7
2021-08-01,12,Florida,FL,4.5
2021-09-01,12,Florida,FL,4.2
2021-10-01,12,Florida,FL,4.0
2021-11-01,12,Florida,FL,3.8
2021-12-01,12,Florida,FL,3.6
2022-01-01,12,Florida,FL,3.5
2022-02-01,12,Florida,FL,3.3
2022-03-01,12,Florida,FL,3.2
2022-04-01,12,Florida,FL,3.1
2022-05-01,12,Florida,FL,3.0
2022-06-01,12,Florida,FL,2.9
2022-07-01,12,Florida,FL,2.9
2022-08-01,12,Florida,FL,2.8
2022-09-01,12,Florida,FL,2.8
2022-10-01,12,Florida,FL,2.9
2022-11-01,12,Florida,FL,2.9
2022-12-01,12,Florida,FL,2.9
2023-01-01,12,Florida,FL,2.8
2023-02-01,12,Florida,FL,2.8
2023-03-01,12,Florida,FL,2.8
2023-04-01,12,Florida,FL,2.8
2023-05-01,12,Florida,FL,2.9
2023-06-01,12,Florida,FL,2.9
2023-07-01,12,Florida,FL,2.9
2023-08-01,12,Florida,FL,3.0
2023-09-01,12,Florida,FL,3.1
2023-10-01,12,Florida,FL,3.1
2023-11-01,12,Florida,FL,3.1
2023-12-01,12,Florida,FL,3.2
2024-01-01,12,Florida,FL,3.2
2024-02-01,12,Florida,FL,3.2
2024-03-01,12,Florida,FL,3.2
2024-04-01,12,Florida,FL,3.3
2024-05-01,12,Florida,FL,3.3
2024-06-01,12,Florida,FL,3.4
2024-07-01,12,Florida,FL,3.4
2024-08-01,12,Florida,FL,3.4
2024-09-01,12,Florida,FL,3.5
2024-10-01,12,Florida,FL,3.5
2024-11-01,12,Florida,FL,3.5
2024-12-01,12,Florida,FL,3.4
2025-01-01,12,Florida,FL,3.5
2025-02-01,12,Florida,FL,3.6
2025-03-01,12,Florida,FL,3.6
2025-04-01,12,Florida,FL,3.7
2025-05-01,12,Florida,FL,3.7
2025-06-01,12,Florida,FL,3.7
2025-07-01,12,Florida,FL,3.7
2025-08-01,12,Florida,FL,3.8
2025-09-01,12,Florida,FL,3.9
2025-10-01,12,Florida,FL,.
2025-11-01,12,Florida,FL,4.2
2025-12-01,12,Florida,FL,4.3
2020-01-01,13,Georgia,GA,3.6
2020-02-01,13,Georgia,GA,3.6
2020-03-01,13,Georgia,GA,3.7
2020-04-01,13,Georgia,GA,12.5
2020-05-01,13,Georgia,GA,9.8
2020-06-01,13,Georgia,GA,8.4
2020-07-01,13,Georgia,GA,7.7
2020-08-01,13,Georgia,GA,6.8
2020-09-01,13,Georgia,GA,6.5
2020-10-01,13,Georgia,GA,5.6
2020-11-01,13,Georgia,GA,5.3
2020-12-01,13,Georgia,GA,5.1
2021-01-01,13,Georgia,GA,4.9
2021-02-01,13,Georgia,GA,4.6
2021-03-01,13,Georgia,GA,4.5
2021-04-01,13,Georgia,GA,4.3
2021-05-01,13,Georgia,GA,4.1
2021-06-01,13,Georgia,GA,4.0
2021-07-01,13,Georgia,GA,3.8
2021-08-01,13,Georgia,GA,3.7
2021-09-01,13,Georgia,GA,3.5
2021-10-01,13,Georgia,GA,3.4
2021-11-01,13,Georgia,GA,3.3
2021-12-01,13,Georgia,GA,3.2
2022-01-01,13,Georgia,GA,3.1
2022-02-01,13,Georgia,GA,3.1
2022-03-01,13,Georgia,GA,3.1
2022-04-01,13,Georgia,GA,3.1
2022-05-01,13,Georgia,GA,3.1
2022-06-01,13,Georgia,GA,3.1
2022-07-01,13,Georgia,GA,3.1
2022-08-01,13,Georgia,GA,3.2
2022-09-01,13,Georgia,GA,3.2
2022-10-01,13,Georgia,GA,3.3
2022-11-01,13,Georgia,GA,3.3
2022-12-01,13,Georgia,GA,3.3
2023-01-01,13,Georgia,GA,3.3
2023-02-01,13,Georgia,GA,3.3
2023-03-01,13,Georgia,GA,3.3
2023-04-01,13,Georgia,GA,3.2
2023-05-01,13,Georgia,GA,3.2
2023-06-01,13,Georgia,GA,3.3
2023-07-01,13,Georgia,GA,3.3
2023-08-01,13,Georgia,GA,3.3
2023-09-01,13,Georgia,GA,3.3
2023-10-01,13,Georgia,GA,3.3
2023-11-01,13,Georgia,GA,3.3
2023-12-01,13,Georgia,GA,3.3
2024-01-01,13,Georgia,GA,3.3
2024-02-01,13,Georgia,GA,3.3
2024-03-01,13,Georgia,GA,3.4
2024-04-01,13,Georgia,GA,3.4
2024-05-01,13,Georgia,GA,3.5
2024-06-01,13,Georgia,GA,3.6
2024-07-01,13,Georgia,GA,3.6
2024-08-01,13,Georgia,GA,3.6
2024-09-01,13,Georgia,GA,3.6
2024-10-01,13,Georgia,GA,3.6
2024-11-01,13,Georgia,GA,3.6
2024-12-01,13,Georgia,GA,3.6
2025-01-01,13,Georgia,GA,3.6
2025-02-01,13,Georgia,GA,3.6
2025-03-01,13,Georgia,GA,3.6
2025-04-01,13,Georgia,GA,3.6
2025-05-01,13,Georgia,GA,3.5
2025-06-01,13,Georgia,GA,3.5
2025-07-01,13,Georgia,GA,3.4
2025-08-01,13,Georgia,GA,3.4
2025-09-01,13,Georgia,GA,3.4
2025-10-01,13,Georgia,GA,.
2025-11-01,13,Georgia,GA,3.5
2025-12-01,13,Georgia,GA,3.6
2020-01-01,15,Hawaii,HI,2.2
2020-02-01,15,Hawaii,HI,2.2
2020-03-01,15,Hawaii,HI,2.1
2020-04-01,15,Hawaii,HI,22.5
2020-05-01,15,Hawaii,HI,20.7
2020-06-01,15,Hawaii,HI,17.3
2020-07-01,15,Hawaii,HI,15.6
2020-08-01,15,Hawaii,HI,13.0
2020-09-01,15,Hawaii,HI,13.3
2020-10-01,15,Hawaii,HI,11.3
2020-11-01,15,Hawaii,HI,10.5
2020-12-01,15,Hawaii,HI,10.2
2021-01-01,15,Hawaii,HI,9.5
2021-02-01,15,Hawaii,HI,9.1
2021-03-01,15,Hawaii,HI,8.4
2021-04-01,15,Hawaii,HI,7.8
2021-05-01,15,Hawaii,HI,6.9
2021-06-01,15,Hawaii,HI,6.3
2021-07-01,15,Hawaii,HI,5.4
2021-08-01,15,Hawaii,HI,4.7
2021-09-01,15,Hawaii,HI,3.9
2021-10-01,15,Hawaii,HI,3.3
2021-11-01,15,Hawaii,HI,3.2
2021-12-01,15,Hawaii,HI,3.1
2022-01-01,15,Hawaii,HI,3.1
2022-02-01,15,Hawaii,HI,3.2
2022-03-01,15,Hawaii,HI,3.2
2022-04-01,15,Hawaii,HI,3.3
2022-05-01,15,Hawaii,HI,3.3
2022-06-01,15,Hawaii,HI,3.3
2022-07-01,15,Hawaii,HI,3.3
2022-08-01,15,Hawaii,HI,3.3
2022-09-01,15,Hawaii,HI,3.3
2022-10-01,15,Hawaii,HI,3.3
2022-11-01,15,Hawaii,HI,3.3
2022-12-01,15,Hawaii,HI,3.2
2023-01-01,15,Hawaii,HI,3.1
2023-02-01,15,Hawaii,HI,3.0
2023-03-01,15,Hawaii,HI,3.0
2023-04-01,15,Hawaii,HI,2.9
2023-05-01,15,Hawaii,HI,2.8
2023-06-01,15,Hawaii,HI,2.8
2023-07-01,15,Hawaii,HI,2.8
2023-08-01,15,Hawaii,HI,2.9
2023-09-01,15,Hawaii,HI,2.9
2023-10-01,15,Hawaii,HI,2.9
2023-11-01,15,Hawaii,HI,3.0
2023-12-01,15,Hawaii,HI,3.0
2024-01-01,15,Hawaii,HI,2.9
2024-02-01,15,Hawaii,HI,2.9
2024-03-01,15,Hawaii,HI,2.9
2024-04-01,15,Hawaii,HI,2.9
2024-05-01,15,Hawaii,HI,2.9
2024-06-01,15,Hawaii,HI,2.9
2024-07-01,15,Hawaii,HI,3.0
2024-08-01,15,Hawaii,HI,3.0
2024-09-01,15,Hawaii,HI,3.0
2024-10-01,15,Hawaii,HI,3.0
2024-11-01,15,Hawaii,HI,3.0
2024-12-01,15,Hawaii,HI,3.0
2025-01-01,15,Hawaii,HI,3.0
2025-02-01,15,Hawaii,HI,3.0
2025-03-01,15,Hawaii,HI,2.9
2025-04-01,15,Hawaii,HI,2.9
2025-05-01,15,Hawaii,HI,2.8
2025-06-01,15,Hawaii,HI,2.8
2025-07-01,15,Hawaii,HI,2.7
2025-08-01,15,Hawaii,HI,2.7
2025-09-01,15,Hawaii,HI,2.5
2025-10-01,15,Hawaii,HI,.
2025-11-01,15,Hawaii,HI,2.2
2025-12-01,15,Hawaii,HI,2.2
2020-01-01,16,Idaho,ID,2.8
2020-02-01,16,Idaho,ID,2.8
2020-03-01,16,Idaho,ID,2.8
2020-04-01,16,Idaho,ID,11.8
2020-05-01,16,Idaho,ID,9.1
2020-06-01,16,Idaho,ID,7.5
2020-07-01,16,Idaho,ID,6.6
2020-08-01,16,Idaho,ID,5.4
2020-09-01,16,Idaho,ID,5.0
2020-10-01,16,Idaho,ID,4.4
2020-11-01,16,Idaho,ID,4.2
2020-12-01,16,Idaho,ID,4.2
2021-01-01,16,Idaho,ID,4.1
2021-02-01,16,Idaho,ID,4.1
2021-03-01,16,Idaho,ID,4.0
2021-04-01,16,Idaho,ID,3.9
2021-05-01,16,Idaho,ID,3.8
2021-06-01,16,Idaho,ID,3.7
2021-07-01,16,Idaho,ID,3.5
2021-08-01,16,Idaho,ID,3.4
2021-09-01,16,Idaho,ID,3.3
2021-10-01,16,Idaho,ID,3.2
2021-11-01,16,Idaho,ID,3.0
2021-12-01,16,Idaho,ID,2.9
2022-01-01,16,Idaho,ID,2.8
2022-02-01,16,Idaho,ID,2.8
2022-03-01,16,Idaho,ID,2.7
2022-04-01,16,Idaho,ID,2.7
2022-05-01,16,Idaho,ID,2.8
2022-06-01,16,Idaho,ID,2.8
2022-07-01,16,Idaho,ID,2.9
2022-08-01,16,Idaho,ID,3.0
2022-09-01,16,Idaho,ID,3.0
2022-10-01,16,Idaho,ID,3.0
2022-11-01,16,Idaho,ID,3.0
2022-12-01,16,Idaho,ID,3.0
2023-01-01,16,Idaho,ID,3.0
2023-02-01,16,Idaho,ID,3.0
2023-03-01,16,Idaho,ID,3.0
2023-04-01,16,Idaho,ID,3.0
2023-05-01,16,Idaho,ID,3.1
2023-06-01,16,Idaho,ID,3.2
2023-07-01,16,Idaho,ID,3.2
2023-08-01,16,Idaho,ID,3.3
2023-09-01,16,Idaho,ID,3.4
2023-10-01,16,Idaho,ID,3.4
2023-11-01,16,Idaho,ID,3.4
2023-12-01,16,Idaho,ID,3.4
2024-01-01,16,Idaho,ID,3.4
2024-02-01,16,Idaho,ID,3.5
2024-03-01,16,Idaho,ID,3.5
2024-04-01,16,Idaho,ID,3.6
2024-05-01,16,Idaho,ID,3.6
2024-06-01,16,Idaho,ID,3.7
2024-07-01,16,Idaho,ID,3.7
2024-08-01,16,Idaho,ID,3.7
2024-09-01,16,Idaho,ID,3.8
2024-10-01,16,Idaho,ID,3.8
2024-11-01,16,Idaho,ID,3.8
2024-12-01,16,Idaho,ID,3.8
2025-01-01,16,Idaho,ID,3.8
2025-02-01,16,Idaho,ID,3.7
2025-03-01,16,Idaho,ID,3.7
2025-04-01,16,Idaho,ID,3.7
2025-05-01,16,Idaho,ID,3.6
2025-06-01,16,Idaho,ID,3.6
2025-07-01,16,Idaho,ID,3.7
2025-08-01,16,Idaho,ID,3.7
2025-09-01,16,Idaho,ID,3.7
2025-10-01,16,Idaho,ID,.
2025-11-01,16,Idaho,ID,3.7
2025-12-01,16,Idaho,ID,3.6
2020-01-01,17,Illinois,IL,3.7
2020-02-01,17,Illinois,IL,3.8
2020-03-01,17,Illinois,IL,5.1
2020-04-01,17,Illinois,IL,18.3
2020-05-01,17,Illinois,IL,14.7
2020-06-01,17,Illinois,IL,12.6
2020-07-01,17,Illinois,IL,11.4
2020-08-01,17,Illinois,IL,9.7
2020-09-01,17,Illinois,IL,9.1
2020-10-01,17,Illinois,IL,8.2
2020-11-01,17,Illinois,IL,7.8
2020-12-01,17,Illinois,IL,7.6
2021-01-01,17,Illinois,IL,7.2
2021-02-01,17,Illinois,IL,7.0
2021-03-01,17,Illinois,IL,6.8
2021-04-01,17,Illinois,IL,6.7
2021-05-01,17,Illinois,IL,6.6
2021-06-01,17,Illinois,IL,6.4
2021-07-01,17,Illinois,IL,6.2
2021-08-01,17,Illinois,IL,5.9
2021-09-01,17,Illinois,IL,5.5
2021-10-01,17,Illinois,IL,5.2
2021-11-01,17,Illinois,IL,4.9
2021-12-01,17,Illinois,IL,4.8
2022-01-01,17,Illinois,IL,4.8
2022-02-01,17,Illinois,IL,4.7
2022-03-01,17,Illinois,IL,4.7
2022-04-01,17,Illinois,IL,4.6
2022-05-01,17,Illinois,IL,4.6
2022-06-01,17,Illinois,IL,4.5
2022-07-01,17,Illinois,IL,4.5
2022-08-01,17,Illinois,IL,4.5
2022-09-01,17,Illinois,IL,4.5
2022-10-01,17,Illinois,IL,4.6
2022-11-01,17,Illinois,IL,4.5
2022-12-01,17,Illinois,IL,4.5
2023-01-01,17,Illinois,IL,4.4
2023-02-01,17,Illinois,IL,4.3
2023-03-01,17,Illinois,IL,4.3
2023-04-01,17,Illinois,IL,4.2
2023-05-01,17,Illinois,IL,4.2
2023-06-01,17,Illinois,IL,4.3
2023-07-01,17,Illinois,IL,4.4
2023-08-01,17,Illinois,IL,4.6
2023-09-01,17,Illinois,IL,4.7
2023-10-01,17,Illinois,IL,4.8
2023-11-01,17,Illinois,IL,4.8
2023-12-01,17,Illinois,IL,4.8
2024-01-01,17,Illinois,IL,4.9
2024-02-01,17,Illinois,IL,4.9
2024-03-01,17,Illinois,IL,5.0
2024-04-01,17,Illinois,IL,5.1
2024-05-01,17,Illinois,IL,5.1
2024-06-01,17,Illinois,IL,5.1
2024-07-01,17,Illinois,IL,5.1
2024-08-01,17,Illinois,IL,5.0
2024-09-01,17,Illinois,IL,5.0
2024-10-01,17,Illinois,IL,4.9
2024-11-01,17,Illinois,IL,4.9
2024-12-01,17,Illinois,IL,4.9
2025-01-01,17,Illinois,IL,4.9
2025-02-01,17,Illinois,IL,4.8
2025-03-01,17,Illinois,IL,4.8
2025-04-01,17,Illinois,IL,4.8
2025-05-01,17,Illinois,IL,4.8
2025-06-01,17,Illinois,IL,4.6
2025-07-01,17,Illinois,IL,4.6
2025-08-01,17,Illinois,IL,4.4
2025-09-01,17,Illinois,IL,4.4
2025-10-01,17,Illinois,IL,.
2025-11-01,17,Illinois,IL,4.4
2025-12-01,17,Illinois,IL,4.6
2020-01-01,18,Indiana,IN,3.4
2020-02-01,18,Indiana,IN,3.5
2020-03-01,18,Indiana,IN,3.6
2020-04-01,18,Indiana,IN,16.9
2020-05-01,18,Indiana,IN,12.5
2020-06-01,18,Indiana,IN,10.3
2020-07-01,18,Indiana,IN,8.9
2020-08-01,18,Indiana,IN,7.2
2020-09-01,18,Indiana,IN,6.5
2020-10-01,18,Indiana,IN,5.6
2020-11-01,18,Indiana,IN,5.2
2020-12-01,18,Indiana,IN,5.0
2021-01-01,18,Indiana,IN,4.7
2021-02-01,18,Indiana,IN,4.5
2021-03-01,18,Indiana,IN,4.4
2021-04-01,18,Indiana,IN,4.3
2021-05-01,18,Indiana,IN,4.2
2021-06-01,18,Indiana,IN,4.1
2021-07-01,18,Indiana,IN,3.9
2021-08-01,18,Indiana,IN,3.7
2021-09-01,18,Indiana,IN,3.5
2021-10-01,18,Indiana,IN,3.3
2021-11-01,18,Indiana,IN,3.1
2021-12-01,18,Indiana,IN,3.0
2022-01-01,18,Indiana,IN,2.9
2022-02-01,18,Indiana,IN,2.9
2022-03-01,18,Indiana,IN,2.9
2022-04-01,18,Indiana,IN,2.9
2022-05-01,18,Indiana,IN,3.0
2022-06-01,18,Indiana,IN,3.0
2022-07-01,18,Indiana,IN,3.1
2022-08-01,18,Indiana,IN,3.1
2022-09-01,18,Indiana,IN,3.2
2022-10-01,18,Indiana,IN,3.2
2022-11-01,18,Indiana,IN,3.3
2022-12-01,18,Indiana,IN,3.3
2023-01-01,18,Indiana,IN,3.3
2023-02-01,18,Indiana,IN,3.3
2023-03-01,18,Indiana,IN,3.3
2023-04-01,18,Indiana,IN,3.3
2023-05-01,18,Indiana,IN,3.3
2023-06-01,18,Indiana,IN,3.4
2023-07-01,18,Indiana,IN,3.4
2023-08-01,18,Indiana,IN,3.5
2023-09-01,18,Indiana,IN,3.6
2023-10-01,18,Indiana,IN,3.6
2023-11-01,18,Indiana,IN,3.7
2023-12-01,18,Indiana,IN,3.7
2024-01-01,18,Indiana,IN,3.8
2024-02-01,18,Indiana,IN,3.8
2024-03-01,18,Indiana,IN,3.9
2024-04-01,18,Indiana,IN,4.0
2024-05-01,18,Indiana,IN,4.1
2024-06-01,18,Indiana,IN,4.2
2024-07-01,18,Indiana,IN,4.3
2024-08-01,18,Indiana,IN,4.4
2024-09-01,18,Indiana,IN,4.4
2024-10-01,18,Indiana,IN,4.5
2024-11-01,18,Indiana,IN,4.4
2024-12-01,18,Indiana,IN,4.4
2025-01-01,18,Indiana,IN,4.4
2025-02-01,18,Indiana,IN,4.3
2025-03-01,18,Indiana,IN,4.1
2025-04-01,18,Indiana,IN,3.9
2025-05-01,18,Indiana,IN,3.7
2025-06-01,18,Indiana,IN,3.6
2025-07-01,18,Indiana,IN,3.6
2025-08-01,18,Indiana,IN,3.6
2025-09-01,18,Indiana,IN,3.7
2025-10-01,18,Indiana,IN,.
2025-11-01,18,Indiana,IN,3.7
2025-12-01,18,Indiana,IN,3.5
2020-01-01,19,Iowa,IA,2.7
2020-02-01,19,Iowa,IA,2.7
2020-03-01,19,Iowa,IA,2.7
2020-04-01,19,Iowa,IA,11.0
2020-05-01,19,Iowa,IA,8.5
2020-06-01,19,Iowa,IA,6.8
2020-07-01,19,Iowa,IA,6.0
2020-08-01,19,Iowa,IA,5.0
2020-09-01,19,Iowa,IA,4.6
2020-10-01,19,Iowa,IA,4.2
2020-11-01,19,Iowa,IA,4.2
2020-12-01,19,Iowa,IA,4.2
2021-01-01,19,Iowa,IA,4.2
2021-02-01,19,Iowa,IA,4.2
2021-03-01,19,Iowa,IA,4.3
2021-04-01,19,Iowa,IA,4.4
2021-05-01,19,Iowa,IA,4.3
2021-06-01,19,Iowa,IA,4.2
2021-07-01,19,Iowa,IA,4.0
2021-08-01,19,Iowa,IA,3.8
2021-09-01,19,Iowa,IA,3.5
2021-10-01,19,Iowa,IA,3.3
2021-11-01,19,Iowa,IA,3.1
2021-12-01,19,Iowa,IA,2.9
2022-01-01,19,Iowa,IA,2.8
2022-02-01,19,Iowa,IA,2.7
2022-03-01,19,Iowa,IA,2.6
2022-04-01,19,Iowa,IA,2.6
2022-05-01,19,Iowa,IA,2.6
2022-06-01,19,Iowa,IA,2.7
2022-07-01,19,Iowa,IA,2.8
2022-08-01,19,Iowa,IA,2.9
2022-09-01,19,Iowa,IA,3.0
2022-10-01,19,Iowa,IA,3.1
2022-11-01,19,Iowa,IA,3.1
2022-12-01,19,Iowa,IA,3.0
2023-01-01,19,Iowa,IA,3.0
2023-02-01,19,Iowa,IA,2.9
2023-03-01,19,Iowa,IA,2.9
2023-04-01,19,Iowa,IA,2.9
2023-05-01,19,Iowa,IA,2.9
2023-06-01,19,Iowa,IA,2.9
2023-07-01,19,Iowa,IA,3.0
2023-08-01,19,Iowa,IA,3.0
2023-09-01,19,Iowa,IA,3.0
2023-10-01,19,Iowa,IA,3.0
2023-11-01,19,Iowa,IA,2.9
2023-12-01,19,Iowa,IA,2.8
2024-01-01,19,Iowa,IA,2.8
2024-02-01,19,Iowa,IA,2.7
2024-03-01,19,Iowa,IA,2.7
2024-04-01,19,Iowa,IA,2.8
2024-05-01,19,Iowa,IA,2.9
2024-06-01,19,Iowa,IA,3.0
2024-07-01,19,Iowa,IA,3.1
2024-08-01,19,Iowa,IA,3.2
2024-09-01,19,Iowa,IA,3.3
2024-10-01,19,Iowa,IA,3.3
2024-11-01,19,Iowa,IA,3.3
2024-12-01,19,Iowa,IA,3.3
2025-01-01,19,Iowa,IA,3.3
2025-02-01,19,Iowa,IA,3.3
2025-03-01,19,Iowa,IA,3.4
2025-04-01,19,Iowa,IA,3.5
2025-05-01,19,Iowa,IA,3.6
2025-06-01,19,Iowa,IA,3.7
2025-07-01,19,Iowa,IA,3.7
2025-08-01,19,Iowa,IA,3.8
2025-09-01,19,Iowa,IA,3.7
2025-10-01,19,Iowa,IA,.
2025-11-01,19,Iowa,IA,3.5
2025-12-01,19,Iowa,IA,3.5
2020-01-01,20,Kansas,KS,3.1
2020-02-01,20,Kansas,KS,3.1
2020-03-01,20,Kansas,KS,3.1
2020-04-01,20,Kansas,KS,12.1
2020-05-01,20,Kansas,KS,9.2
2020-06-01,20,Kansas,KS,7.5
2020-07-01,20,Kansas,KS,6.7
2020-08-01,20,Kansas,KS,5.8
2020-09-01,20,Kansas,KS,5.4
2020-10-01,20,Kansas,KS,4.9
2020-11-01,20,Kansas,KS,4.6
2020-12-01,20,Kansas,KS,4.4
2021-01-01,20,Kansas,KS,4.1
2021-02-01,20,Kansas,KS,3.8
2021-03-01,20,Kansas,KS,3.7
2021-04-01,20,Kansas,KS,3.7
2021-05-01,20,Kansas,KS,3.6
2021-06-01,20,Kansas,KS,3.6
2021-07-01,20,Kansas,KS,3.5
2021-08-01,20,Kansas,KS,3.3
2021-09-01,20,Kansas,KS,3.1
2021-10-01,20,Kansas,KS,2.9
2021-11-01,20,Kansas,KS,2.8
2021-12-01,20,Kansas,KS,2.6
2022-01-01,20,Kansas,KS,2.6
2022-02-01,20,Kansas,KS,2.5
2022-03-01,20,Kansas,KS,2.6
2022-04-01,20,Kansas,KS,2.6
2022-05-01,20,Kansas,KS,2.6
2022-06-01,20,Kansas,KS,2.7
2022-07-01,20,Kansas,KS,2.7
2022-08-01,20,Kansas,KS,2.8
2022-09-01,20,Kansas,KS,2.9
2022-10-01,20,Kansas,KS,2.9
2022-11-01,20,Kansas,KS,2.9
2022-12-01,20,Kansas,KS,2.9
2023-01-01,20,Kansas,KS,2.9
2023-02-01,20,Kansas,KS,2.9
2023-03-01,20,Kansas,KS,2.9
2023-04-01,20,Kansas,KS,2.8
2023-05-01,20,Kansas,KS,2.8
2023-06-01,20,Kansas,KS,2.8
2023-07-01,20,Kansas,KS,2.8
2023-08-01,20,Kansas,KS,2.8
2023-09-01,20,Kansas,KS,2.9
2023-10-01,20,Kansas,KS,2.9
2023-11-01,20,Kansas,KS,3.0
2023-12-01,20,Kansas,KS,3.0
2024-01-01,20,Kansas,KS,3.1
2024-02-01,20,Kansas,KS,3.2
2024-03-01,20,Kansas,KS,3.3
2024-04-01,20,Kansas,KS,3.4
2024-05-01,20,Kansas,KS,3.5
2024-06-01,20,Kansas,KS,3.6
2024-07-01,20,Kansas,KS,3.7
2024-08-01,20,Kansas,KS,3.7
2024-09-01,20,Kansas,KS,3.8
2024-10-01,20,Kansas,KS,3.8
2024-11-01,20,Kansas,KS,3.8
2024-12-01,20,Kansas,KS,3.8
2025-01-01,20,Kansas,KS,3.8
2025-02-01,20,Kansas,KS,3.8
2025-03-01,20,Kansas,KS,3.8
2025-04-01,20,Kansas,KS,3.8
2025-05-01,20,Kansas,KS,3.8
2025-06-01,20,Kansas,KS,3.8
2025-07-01,20,Kansas,KS,3.8
2025-08-01,20,Kansas,KS,3.8
2025-09-01,20,Kansas,KS,3.8
2025-10-01,20,Kansas,KS,.
2025-11-01,20,Kansas,KS,3.8
2025-12-01,20,Kansas,KS,3.8
2020-01-01,21,Kentucky,KY,4.1
2020-02-01,21,Kentucky,KY,4.1
2020-03-01,21,Kentucky,KY,4.1
2020-04-01,21,Kentucky,KY,16.7
2020-05-01,21,Kentucky,KY,12.8
2020-06-01,21,Kentucky,KY,5.3
2020-07-01,21,Kentucky,KY,5.8
2020-08-01,21,Kentucky,KY,5.2
2020-09-01,21,Kentucky,KY,5.0
2020-10-01,21,Kentucky,KY,4.8
2020-11-01,21,Kentucky,KY,4.8
2020-12-01,21,Kentucky,KY,4.7
2021-01-01,21,Kentucky,KY,4.6
2021-02-01,21,Kentucky,KY,4.6
2021-03-01,21,Kentucky,KY,4.6
2021-04-01,21,Kentucky,KY,4.6
2021-05-01,21,Kentucky,KY,4.6
2021-06-01,21,Kentucky,KY,4.6
2021-07-01,21,Kentucky,KY,4.6
2021-08-01,21,Kentucky,KY,4.5
2021-09-01,21,Kentucky,KY,4.4
2021-10-01,21,Kentucky,KY,4.3
2021-11-01,21,Kentucky,KY,4.2
2021-12-01,21,Kentucky,KY,4.1
2022-01-01,21,Kentucky,KY,4.0
2022-02-01,21,Kentucky,KY,4.0
2022-03-01,21,Kentucky,KY,4.0
2022-04-01,21,Kentucky,KY,4.0
2022-05-01,21,Kentucky,KY,4.0
2022-06-01,21,Kentucky,KY,4.0
2022-07-01,21,Kentucky,KY,4.1
2022-08-01,21,Kentucky,KY,4.1
2022-09-01,21,Kentucky,KY,4.1
2022-10-01,21,Kentucky,KY,4.1
2022-11-01,21,Kentucky,KY,4.1
2022-12-01,21,Kentucky,KY,4.1
2023-01-01,21,Kentucky,KY,4.1
2023-02-01,21,Kentucky,KY,4.1
2023-03-01,21,Kentucky,KY,4.1
2023-04-01,21,Kentucky,KY,4.1
2023-05-01,21,Kentucky,KY,4.2
2023-06-01,21,Kentucky,KY,4.2
2023-07-01,21,Kentucky,KY,4.3
2023-08-01,21,Kentucky,KY,4.4
2023-09-01,21,Kentucky,KY,4.4
2023-10-01,21,Kentucky,KY,4.5
2023-11-01,21,Kentucky,KY,4.5
2023-12-01,21,Kentucky,KY,4.6
2024-01-01,21,Kentucky,KY,4.7
2024-02-01,21,Kentucky,KY,4.7
2024-03-01,21,Kentucky,KY,4.8
2024-04-01,21,Kentucky,KY,4.9
2024-05-01,21,Kentucky,KY,4.9
2024-06-01,21,Kentucky,KY,5.0
2024-07-01,21,Kentucky,KY,5.1
2024-08-01,21,Kentucky,KY,5.2
2024-09-01,21,Kentucky,KY,5.3
2024-10-01,21,Kentucky,KY,5.4
2024-11-01,21,Kentucky,KY,5.4
2024-12-01,21,Kentucky,KY,5.3
2025-01-01,21,Kentucky,KY,5.3
2025-02-01,21,Kentucky,KY,5.3
2025-03-01,21,Kentucky,KY,5.2
2025-04-01,21,Kentucky,KY,5.2
2025-05-01,21,Kentucky,KY,5.0
2025-06-01,21,Kentucky,KY,4.9
2025-07-01,21,Kentucky,KY,4.9
2025-08-01,21,Kentucky,KY,4.7
2025-09-01,21,Kentucky,KY,4.7
2025-10-01,21,Kentucky,KY,.
2025-11-01,21,Kentucky,KY,4.7
2025-12-01,21,Kentucky,KY,4.5
2020-01-01,22,Louisiana,LA,4.7
2020-02-01,22,Louisiana,LA,4.7
2020-03-01,22,Louisiana,LA,6.7
2020-04-01,22,Louisiana,LA,13.5
2020-05-01,22,Louisiana,LA,12.3
2020-06-01,22,Louisiana,LA,11.0
2020-07-01,22,Louisiana,LA,10.4
2020-08-01,22,Louisiana,LA,9.2
2020-09-01,22,Louisiana,LA,8.7
2020-10-01,22,Louisiana,LA,8.0
2020-11-01,22,Louisiana,LA,7.6
2020-12-01,22,Louisiana,LA,7.4
2021-01-01,22,Louisiana,LA,7.0
2021-02-01,22,Louisiana,LA,6.8
2021-03-01,22,Louisiana,LA,6.6
2021-04-01,22,Louisiana,LA,6.4
2021-05-01,22,Louisiana,LA,6.2
2021-06-01,22,Louisiana,LA,6.0
2021-07-01,22,Louisiana,LA,5.6
2021-08-01,22,Louisiana,LA,5.2
2021-09-01,22,Louisiana,LA,4.8
2021-10-01,22,Louisiana,LA,4.5
2021-11-01,22,Louisiana,LA,4.2
2021-12-01,22,Louisiana,LA,4.0
2022-01-01,22,Louisiana,LA,3.9
2022-02-01,22,Louisiana,LA,3.8
2022-03-01,22,Louisiana,LA,3.7
2022-04-01,22,Louisiana,LA,3.7
2022-05-01,22,Louisiana,LA,3.7
2022-06-01,22,Louisiana,LA,3.6
2022-07-01,22,Louisiana,LA,3.6
2022-08-01,22,Louisiana,LA,3.6
2022-09-01,22,Louisiana,LA,3.6
2022-10-01,22,Louisiana,LA,3.6
2022-11-01,22,Louisiana,LA,3.6
2022-12-01,22,Louisiana,LA,3.6
2023-01-01,22,Louisiana,LA,3.6
2023-02-01,22,Louisiana,LA,3.6
2023-03-01,22,Louisiana,LA,3.6
2023-04-01,22,Louisiana,LA,3.5
2023-05-01,22,Louisiana,LA,3.5
2023-06-01,22,Louisiana,LA,3.5
2023-07-01,22,Louisiana,LA,3.6
2023-08-01,22,Louisiana,LA,3.7
2023-09-01,22,Louisiana,LA,3.8
2023-10-01,22,Louisiana,LA,4.0
2023-11-01,22,Louisiana,LA,4.1
2023-12-01,22,Louisiana,LA,4.2
2024-01-01,22,Louisiana,LA,4.2
2024-02-01,22,Louisiana,LA,4.2
2024-03-01,22,Louisiana,LA,4.1
2024-04-01,22,Louisiana,LA,4.1
2024-05-01,22,Louisiana,LA,4.1
2024-06-01,22,Louisiana,LA,4.2
2024-07-01,22,Louisiana,LA,4.3
2024-08-01,22,Louisiana,LA,4.5
2024-09-01,22,Louisiana,LA,4.6
2024-10-01,22,Louisiana,LA,4.6
2024-11-01,22,Louisiana,LA,4.6
2024-12-01,22,Louisiana,LA,4.6
2025-01-01,22,Louisiana,LA,4.5
2025-02-01,22,Louisiana,LA,4.4
2025-03-01,22,Louisiana,LA,4.4
2025-04-01,22,Louisiana,LA,4.4
2025-05-01,22,Louisiana,LA,4.5
2025-06-01,22,Louisiana,LA,4.5
2025-07-01,22,Louisiana,LA,4.5
2025-08-01,22,Louisiana,LA,4.4
2025-09-01,22,Louisiana,LA,4.4
2025-10-01,22,Louisiana,LA,.
2025-11-01,22,Louisiana,LA,4.3
2025-12-01,22,Louisiana,LA,4.2
2020-01-01,23,Maine,ME,3.2
2020-02-01,23,Maine,ME,3.2
2020-03-01,23,Maine,ME,3.2
2020-04-01,23,Maine,ME,9.3
2020-05-01,23,Maine,ME,9.5
2020-06-01,23,Maine,ME,6.6
2020-07-01,23,Maine,ME,6.3
2020-08-01,23,Maine,ME,4.2
2020-09-01,23,Maine,ME,4.0
2020-10-01,23,Maine,ME,3.8
2020-11-01,23,Maine,ME,3.9
2020-12-01,23,Maine,ME,4.2
2021-01-01,23,Maine,ME,4.4
2021-02-01,23,Maine,ME,4.8
2021-03-01,23,Maine,ME,5.0
2021-04-01,23,Maine,ME,5.2
2021-05-01,23,Maine,ME,5.1
2021-06-01,23,Maine,ME,5.2
2021-07-01,23,Maine,ME,5.0
2021-08-01,23,Maine,ME,4.9
2021-09-01,23,Maine,ME,4.6
2021-10-01,23,Maine,ME,4.5
2021-11-01,23,Maine,ME,4.2
2021-12-01,23,Maine,ME,3.9
2022-01-01,23,Maine,ME,3.7
2022-02-01,23,Maine,ME,3.3
2022-03-01,23,Maine,ME,3.0
2022-04-01,23,Maine,ME,2.9
2022-05-01,23,Maine,ME,2.8
2022-06-01,23,Maine,ME,2.7
2022-07-01,23,Maine,ME,2.6
2022-08-01,23,Maine,ME,2.5
2022-09-01,23,Maine,ME,2.6
2022-10-01,23,Maine,ME,2.7
2022-11-01,23,Maine,ME,2.7
2022-12-01,23,Maine,ME,2.6
2023-01-01,23,Maine,ME,2.5
2023-02-01,23,Maine,ME,2.5
2023-03-01,23,Maine,ME,2.4
2023-04-01,23,Maine,ME,2.4
2023-05-01,23,Maine,ME,2.5
2023-06-01,23,Maine,ME,2.5
2023-07-01,23,Maine,ME,2.6
2023-08-01,23,Maine,ME,2.7
2023-09-01,23,Maine,ME,2.8
2023-10-01,23,Maine,ME,2.8
2023-11-01,23,Maine,ME,2.8
2023-12-01,23,Maine,ME,2.8
2024-01-01,23,Maine,ME,2.8
2024-02-01,23,Maine,ME,2.8
2024-03-01,23,Maine,ME,2.8
2024-04-01,23,Maine,ME,2.8
2024-05-01,23,Maine,ME,2.9
2024-06-01,23,Maine,ME,3.0
2024-07-01,23,Maine,ME,3.1
2024-08-01,23,Maine,ME,3.2
2024-09-01,23,Maine,ME,3.4
2024-10-01,23,Maine,ME,3.4
2024-11-01,23,Maine,ME,3.4
2024-12-01,23,Maine,ME,3.4
2025-01-01,23,Maine,ME,3.5
2025-02-01,23,Maine,ME,3.5
2025-03-01,23,Maine,ME,3.5
2025-04-01,23,Maine,ME,3.5
2025-05-01,23,Maine,ME,3.4
2025-06-01,23,Maine,ME,3.3
2025-07-01,23,Maine,ME,3.2
2025-08-01,23,Maine,ME,3.2
2025-09-01,23,Maine,ME,3.2
2025-10-01,23,Maine,ME,.
2025-11-01,23,Maine,ME,3.2
2025-12-01,23,Maine,ME,3.2
2020-01-01,24,Maryland,MD,3.3
2020-02-01,24,Maryland,MD,3.4
2020-03-01,24,Maryland,MD,3.5
2020-04-01,24,Maryland,MD,9.0
2020-05-01,24,Maryland,MD,8.8
2020-06-01,24,Maryland,MD,8.1
2020-07-01,24,Maryland,MD,7.9
2020-08-01,24,Maryland,MD,7.2
2020-09-01,24,Maryland,MD,7.1
2020-10-01,24,Maryland,MD,6.7
2020-11-01,24,Maryland,MD,6.6
2020-12-01,24,Maryland,MD,6.6
2021-01-01,24,Maryland,MD,6.4
2021-02-01,24,Maryland,MD,6.2
2021-03-01,24,Maryland,MD,6.1
2021-04-01,24,Maryland,MD,5.9
2021-05-01,24,Maryland,MD,5.7
2021-06-01,24,Maryland,MD,5.6
2021-07-01,24,Maryland,MD,5.3
2021-08-01,24,Maryland,MD,5.0
2021-09-01,24,Maryland,MD,4.6
2021-10-01,24,Maryland,MD,4.2
2021-11-01,24,Maryland,MD,3.9
2021-12-01,24,Maryland,MD,3.5
2022-01-01,24,Maryland,MD,3.5
2022-02-01,24,Maryland,MD,3.3
2022-03-01,24,Maryland,MD,3.1
2022-04-01,24,Maryland,MD,3.1
2022-05-01,24,Maryland,MD,3.0
2022-06-01,24,Maryland,MD,3.0
2022-07-01,24,Maryland,MD,3.0
2022-08-01,24,Maryland,MD,3.0
2022-09-01,24,Maryland,MD,2.8
2022-10-01,24,Maryland,MD,2.8
2022-11-01,24,Maryland,MD,2.6
2022-12-01,24,Maryland,MD,2.4
2023-01-01,24,Maryland,MD,2.3
2023-02-01,24,Maryland,MD,2.2
2023-03-01,24,Maryland,MD,2.0
2023-04-01,24,Maryland,MD,1.9
2023-05-01,24,Maryland,MD,1.9
2023-06-01,24,Maryland,MD,1.9
2023-07-01,24,Maryland,MD,2.0
2023-08-01,24,Maryland,MD,2.2
2023-09-01,24,Maryland,MD,2.3
2023-10-01,24,Maryland,MD,2.4
2023-11-01,24,Maryland,MD,2.5
2023-12-01,24,Maryland,MD,2.7
2024-01-01,24,Maryland,MD,2.7
2024-02-01,24,Maryland,MD,2.8
2024-03-01,24,Maryland,MD,2.9
2024-04-01,24,Maryland,MD,2.9
2024-05-01,24,Maryland,MD,3.0
2024-06-01,24,Maryland,MD,3.1
2024-07-01,24,Maryland,MD,3.2
2024-08-01,24,Maryland,MD,3.2
2024-09-01,24,Maryland,MD,3.2
2024-10-01,24,Maryland,MD,3.2
2024-11-01,24,Maryland,MD,3.1
2024-12-01,24,Maryland,MD,3.1
2025-01-01,24,Maryland,MD,3.0
2025-02-01,24,Maryland,MD,3.0
2025-03-01,24,Maryland,MD,3.0
2025-04-01,24,Maryland,MD,3.1
2025-05-01,24,Maryland,MD,3.2
2025-06-01,24,Maryland,MD,3.3
2025-07-01,24,Maryland,MD,3.4
2025-08-01,24,Maryland,MD,3.6
2025-09-01,24,Maryland,MD,3.8
2025-10-01,24,Maryland,MD,.
2025-11-01,24,Maryland,MD,4.2
2025-12-01,24,Maryland,MD,4.2
2020-01-01,25,Massachusetts,MA,3.0
2020-02-01,25,Massachusetts,MA,3.1
2020-03-01,25,Massachusetts,MA,3.1
2020-04-01,25,Massachusetts,MA,17.8
2020-05-01,25,Massachusetts,MA,14.3
2020-06-01,25,Massachusetts,MA,14.7
2020-07-01,25,Massachusetts,MA,12.5
2020-08-01,25,Massachusetts,MA,10.4
2020-09-01,25,Massachusetts,MA,9.6
2020-10-01,25,Massachusetts,MA,8.4
2020-11-01,25,Massachusetts,MA,7.8
2020-12-01,25,Massachusetts,MA,7.4
2021-01-01,25,Massachusetts,MA,6.8
2021-02-01,25,Massachusetts,MA,6.4
2021-03-01,25,Massachusetts,MA,6.1
2021-04-01,25,Massachusetts,MA,5.9
2021-05-01,25,Massachusetts,MA,5.6
2021-06-01,25,Massachusetts,MA,5.5
2021-07-01,25,Massachusetts,MA,5.2
2021-08-01,25,Massachusetts,MA,5.0
2021-09-01,25,Massachusetts,MA,4.6
2021-10-01,25,Massachusetts,MA,4.4
2021-11-01,25,Massachusetts,MA,4.1
2021-12-01,25,Massachusetts,MA,3.9
2022-01-01,25,Massachusetts,MA,3.8
2022-02-01,25,Massachusetts,MA,3.7
2022-03-01,25,Massachusetts,MA,3.6
2022-04-01,25,Massachusetts,MA,3.6
2022-05-01,25,Massachusetts,MA,3.6
2022-06-01,25,Massachusetts,MA,3.6
2022-07-01,25,Massachusetts,MA,3.6
2022-08-01,25,Massachusetts,MA,3.7
2022-09-01,25,Massachusetts,MA,3.6
2022-10-01,25,Massachusetts,MA,3.6
2022-11-01,25,Massachusetts,MA,3.6
2022-12-01,25,Massachusetts,MA,3.5
2023-01-01,25,Massachusetts,MA,3.5
2023-02-01,25,Massachusetts,MA,3.5
2023-03-01,25,Massachusetts,MA,3.5
2023-04-01,25,Massachusetts,MA,3.3
2023-05-01,25,Massachusetts,MA,3.4
2023-06-01,25,Massachusetts,MA,3.4
2023-07-01,25,Massachusetts,MA,3.4
2023-08-01,25,Massachusetts,MA,3.5
2023-09-01,25,Massachusetts,MA,3.5
2023-10-01,25,Massachusetts,MA,3.6
2023-11-01,25,Massachusetts,MA,3.6
2023-12-01,25,Massachusetts,MA,3.7
2024-01-01,25,Massachusetts,MA,3.7
2024-02-01,25,Massachusetts,MA,3.8
2024-03-01,25,Massachusetts,MA,3.8
2024-04-01,25,Massachusetts,MA,3.9
2024-05-01,25,Massachusetts,MA,4.0
2024-06-01,25,Massachusetts,MA,4.0
2024-07-01,25,Massachusetts,MA,4.1
2024-08-01,25,Massachusetts,MA,4.2
2024-09-01,25,Massachusetts,MA,4.2
2024-10-01,25,Massachusetts,MA,4.2
2024-11-01,25,Massachusetts,MA,4.1
2024-12-01,25,Massachusetts,MA,4.1
2025-01-01,25,Massachusetts,MA,4.2
2025-02-01,25,Massachusetts,MA,4.3
2025-03-01,25,Massachusetts,MA,4.4
2025-04-01,25,Massachusetts,MA,4.6
2025-05-01,25,Massachusetts,MA,4.8
2025-06-01,25,Massachusetts,MA,4.8
2025-07-01,25,Massachusetts,MA,4.8
2025-08-01,25,Massachusetts,MA,4.8
2025-09-01,25,Massachusetts,MA,4.7
2025-10-01,25,Massachusetts,MA,.
2025-11-01,25,Massachusetts,MA,4.7
2025-12-01,25,Massachusetts,MA,4.8
2020-01-01,26,Michigan,MI,3.8
2020-02-01,26,Michigan,MI,3.8
2020-03-01,26,Michigan,MI,3.7
2020-04-01,26,Michigan,MI,22.7
2020-05-01,26,Michigan,MI,19.3
2020-06-01,26,Michigan,MI,14.5
2020-07-01,26,Michigan,MI,12.5
2020-08-01,26,Michigan,MI,10.0
2020-09-01,26,Michigan,MI,8.9
2020-10-01,26,Michigan,MI,7.7
2020-11-01,26,Michigan,MI,7.1
2020-12-01,26,Michigan,MI,6.9
2021-01-01,26,Michigan,MI,6.4
2021-02-01,26,Michigan,MI,6.2
2021-03-01,26,Michigan,MI,6.1
2021-04-01,26,Michigan,MI,6.2
2021-05-01,26,Michigan,MI,6.1
2021-06-01,26,Michigan,MI,6.2
2021-07-01,26,Michigan,MI,6.0
2021-08-01,26,Michigan,MI,5.7
2021-09-01,26,Michigan,MI,5.4
2021-10-01,26,Michigan,MI,5.1
2021-11-01,26,Michigan,MI,4.8
2021-12-01,26,Michigan,MI,4.5
2022-01-01,26,Michigan,MI,4.4
2022-02-01,26,Michigan,MI,4.3
2022-03-01,26,Michigan,MI,4.3
2022-04-01,26,Michigan,MI,4.2
2022-05-01,26,Michigan,MI,4.1
2022-06-01,26,Michigan,MI,4.0
2022-07-01,26,Michigan,MI,4.0
2022-08-01,26,Michigan,MI,4.0
2022-09-01,26,Michigan,MI,4.0
2022-10-01,26,Michigan,MI,4.1
2022-11-01,26,Michigan,MI,4.1
2022-12-01,26,Michigan,MI,4.1
2023-01-01,26,Michigan,MI,4.0
2023-02-01,26,Michigan,MI,3.9
2023-03-01,26,Michigan,MI,3.8
2023-04-01,26,Michigan,MI,3.7
2023-05-01,26,Michigan,MI,3.7
2023-06-01,26,Michigan,MI,3.8
2023-07-01,26,Michigan,MI,3.9
2023-08-01,26,Michigan,MI,4.0
2023-09-01,26,Michigan,MI,4.0
2023-10-01,26,Michigan,MI,4.0
2023-11-01,26,Michigan,MI,4.0
2023-12-01,26,Michigan,MI,4.0
2024-01-01,26,Michigan,MI,4.0
2024-02-01,26,Michigan,MI,4.0
2024-03-01,26,Michigan,MI,4.2
2024-04-01,26,Michigan,MI,4.4
2024-05-01,26,Michigan,MI,4.5
2024-06-01,26,Michigan,MI,4.7
2024-07-01,26,Michigan,MI,4.8
2024-08-01,26,Michigan,MI,5.0
2024-09-01,26,Michigan,MI,5.1
2024-10-01,26,Michigan,MI,5.2
2024-11-01,26,Michigan,MI,5.2
2024-12-01,26,Michigan,MI,5.2
2025-01-01,26,Michigan,MI,5.3
2025-02-01,26,Michigan,MI,5.4
2025-03-01,26,Michigan,MI,5.5
2025-04-01,26,Michigan,MI,5.5
2025-05-01,26,Michigan,MI,5.4
2025-06-01,26,Michigan,MI,5.3
2025-07-01,26,Michigan,MI,5.3
2025-08-01,26,Michigan,MI,5.2
2025-09-01,26,Michigan,MI,5.1
2025-10-01,26,Michigan,MI,.
2025-11-01,26,Michigan,MI,5.0
2025-12-01,26,Michigan,MI,5.0
2020-01-01,27,Minnesota,MN,3.4
2020-02-01,27,Minnesota,MN,3.5
2020-03-01,27,Minnesota,MN,3.6
2020-04-01,27,Minnesota,MN,8.9
2020-05-01,27,Minnesota,MN,11.1
2020-06-01,27,Minnesota,MN,8.9
2020-07-01,27,Minnesota,MN,7.8
2020-08-01,27,Minnesota,MN,6.7
2020-09-01,27,Minnesota,MN,6.2
2020-10-01,27,Minnesota,MN,5.5
2020-11-01,27,Minnesota,MN,5.1
2020-12-01,27,Minnesota,MN,4.8
2021-01-01,27,Minnesota,MN,4.5
2021-02-01,27,Minnesota,MN,4.3
2021-03-01,27,Minnesota,MN,4.1
2021-04-01,27,Minnesota,MN,4.0
2021-05-01,27,Minnesota,MN,3.9
2021-06-01,27,Minnesota,MN,3.8
2021-07-01,27,Minnesota,MN,3.7
2021-08-01,27,Minnesota,MN,3.5
2021-09-01,27,Minnesota,MN,3.4
2021-10-01,27,Minnesota,MN,3.2
2021-11-01,27,Minnesota,MN,3.0
2021-12-01,27,Minnesota,MN,2.8
2022-01-01,27,Minnesota,MN,2.7
2022-02-01,27,Minnesota,MN,2.5
2022-03-01,27,Minnesota,MN,2.4
2022-04-01,27,Minnesota,MN,2.3
2022-05-01,27,Minnesota,MN,2.3
2022-06-01,27,Minnesota,MN,2.3
2022-07-01,27,Minnesota,MN,2.3
2022-08-01,27,Minnesota,MN,2.4
2022-09-01,27,Minnesota,MN,2.5
2022-10-01,27,Minnesota,MN,2.6
2022-11-01,27,Minnesota,MN,2.7
2022-12-01,27,Minnesota,MN,2.8
2023-01-01,27,Minnesota,MN,2.8
2023-02-01,27,Minnesota,MN,2.8
2023-03-01,27,Minnesota,MN,2.8
2023-04-01,27,Minnesota,MN,2.8
2023-05-01,27,Minnesota,MN,2.9
2023-06-01,27,Minnesota,MN,2.9
2023-07-01,27,Minnesota,MN,2.9
2023-08-01,27,Minnesota,MN,2.8
2023-09-01,27,Minnesota,MN,2.8
2023-10-01,27,Minnesota,MN,2.8
2023-11-01,27,Minnesota,MN,2.8
2023-12-01,27,Minnesota,MN,2.8
2024-01-01,27,Minnesota,MN,2.8
2024-02-01,27,Minnesota,MN,2.8
2024-03-01,27,Minnesota,MN,2.9
2024-04-01,27,Minnesota,MN,3.0
2024-05-01,27,Minnesota,MN,3.1
2024-06-01,27,Minnesota,MN,3.2
2024-07-01,27,Minnesota,MN,3.2
2024-08-01,27,Minnesota,MN,3.2
2024-09-01,27,Minnesota,MN,3.1
2024-10-01,27,Minnesota,MN,3.0
2024-11-01,27,Minnesota,MN,3.0
2024-12-01,27,Minnesota,MN,3.0
2025-01-01,27,Minnesota,MN,3.0
2025-02-01,27,Minnesota,MN,3.0
2025-03-01,27,Minnesota,MN,3.1
2025-04-01,27,Minnesota,MN,3.2
2025-05-01,27,Minnesota,MN,3.3
2025-06-01,27,Minnesota,MN,3.3
2025-07-01,27,Minnesota,MN,3.5
2025-08-01,27,Minnesota,MN,3.6
2025-09-01,27,Minnesota,MN,3.7
2025-10-01,27,Minnesota,MN,.
2025-11-01,27,Minnesota,MN,4.0
2025-12-01,27,Minnesota,MN,4.1
2020-01-01,28,Mississippi,MS,5.6
2020-02-01,28,Mississippi,MS,5.7
2020-03-01,28,Mississippi,MS,5.9
2020-04-01,28,Mississippi,MS,15.6
2020-05-01,28,Mississippi,MS,11.2
2020-06-01,28,Mississippi,MS,9.4
2020-07-01,28,Mississippi,MS,8.3
2020-08-01,28,Mississippi,MS,7.4
2020-09-01,28,Mississippi,MS,7.1
2020-10-01,28,Mississippi,MS,6.7
2020-11-01,28,Mississippi,MS,6.6
2020-12-01,28,Mississippi,MS,6.5
2021-01-01,28,Mississippi,MS,6.4
2021-02-01,28,Mississippi,MS,6.3
2021-03-01,28,Mississippi,MS,6.2
2021-04-01,28,Mississippi,MS,6.1
2021-05-01,28,Mississippi,MS,5.9
2021-06-01,28,Mississippi,MS,5.7
2021-07-01,28,Mississippi,MS,5.5
2021-08-01,28,Mississippi,MS,5.1
2021-09-01,28,Mississippi,MS,4.8
2021-10-01,28,Mississippi,MS,4.5
2021-11-01,28,Mississippi,MS,4.3
2021-12-01,28,Mississippi,MS,4.1
2022-01-01,28,Mississippi,MS,4.0
2022-02-01,28,Mississippi,MS,3.9
2022-03-01,28,Mississippi,MS,3.8
2022-04-01,28,Mississippi,MS,3.8
2022-05-01,28,Mississippi,MS,3.7
2022-06-01,28,Mississippi,MS,3.7
2022-07-01,28,Mississippi,MS,3.7
2022-08-01,28,Mississippi,MS,3.7
2022-09-01,28,Mississippi,MS,3.7
2022-10-01,28,Mississippi,MS,3.7
2022-11-01,28,Mississippi,MS,3.6
2022-12-01,28,Mississippi,MS,3.5
2023-01-01,28,Mississippi,MS,3.4
2023-02-01,28,Mississippi,MS,3.3
2023-03-01,28,Mississippi,MS,3.2
2023-04-01,28,Mississippi,MS,3.1
2023-05-01,28,Mississippi,MS,3.1
2023-06-01,28,Mississippi,MS,3.1
2023-07-01,28,Mississippi,MS,3.1
2023-08-01,28,Mississippi,MS,3.1
2023-09-01,28,Mississippi,MS,3.0
2023-10-01,28,Mississippi,MS,3.0
2023-11-01,28,Mississippi,MS,3.0
2023-12-01,28,Mississippi,MS,2.9
2024-01-01,28,Mississippi,MS,2.8
2024-02-01,28,Mississippi,MS,2.8
2024-03-01,28,Mississippi,MS,2.8
2024-04-01,28,Mississippi,MS,2.8
2024-05-01,28,Mississippi,MS,2.8
2024-06-01,28,Mississippi,MS,2.9
2024-07-01,28,Mississippi,MS,3.1
2024-08-01,28,Mississippi,MS,3.3
2024-09-01,28,Mississippi,MS,3.4
2024-10-01,28,Mississippi,MS,3.6
2024-11-01,28,Mississippi,MS,3.6
2024-12-01,28,Mississippi,MS,3.6
2025-01-01,28,Mississippi,MS,3.6
2025-02-01,28,Mississippi,MS,3.8
2025-03-01,28,Mississippi,MS,3.9
2025-04-01,28,Mississippi,MS,4.0
2025-05-01,28,Mississippi,MS,4.0
2025-06-01,28,Mississippi,MS,4.0
2025-07-01,28,Mississippi,MS,3.9
2025-08-01,28,Mississippi,MS,3.9
2025-09-01,28,Mississippi,MS,3.8
2025-10-01,28,Mississippi,MS,.
2025-11-01,28,Mississippi,MS,3.8
2025-12-01,28,Mississippi,MS,3.7
2020-01-01,29,Missouri,MO,3.4
2020-02-01,29,Missouri,MO,3.4
2020-03-01,29,Missouri,MO,3.6
2020-04-01,29,Missouri,MO,11.6
2020-05-01,29,Missouri,MO,9.6
2020-06-01,29,Missouri,MO,8.0
2020-07-01,29,Missouri,MO,7.2
2020-08-01,29,Missouri,MO,6.4
2020-09-01,29,Missouri,MO,5.9
2020-10-01,29,Missouri,MO,5.4
2020-11-01,29,Missouri,MO,5.1
2020-12-01,29,Missouri,MO,5.0
2021-01-01,29,Missouri,MO,4.9
2021-02-01,29,Missouri,MO,4.8
2021-03-01,29,Missouri,MO,4.8
2021-04-01,29,Missouri,MO,4.7
2021-05-01,29,Missouri,MO,4.5
2021-06-01,29,Missouri,MO,4.4
2021-07-01,29,Missouri,MO,4.1
2021-08-01,29,Missouri,MO,3.9
2021-09-01,29,Missouri,MO,3.7
2021-10-01,29,Missouri,MO,3.5
2021-11-01,29,Missouri,MO,3.3
2021-12-01,29,Missouri,MO,3.1
2022-01-01,29,Missouri,MO,3.0
2022-02-01,29,Missouri,MO,2.7
2022-03-01,29,Missouri,MO,2.6
2022-04-01,29,Missouri,MO,2.4
2022-05-01,29,Missouri,MO,2.3
2022-06-01,29,Missouri,MO,2.3
2022-07-01,29,Missouri,MO,2.4
2022-08-01,29,Missouri,MO,2.5
2022-09-01,29,Missouri,MO,2.7
2022-10-01,29,Missouri,MO,2.7
2022-11-01,29,Missouri,MO,2.8
2022-12-01,29,Missouri,MO,2.8
2023-01-01,29,Missouri,MO,2.8
2023-02-01,29,Missouri,MO,2.8
2023-03-01,29,Missouri,MO,2.8
2023-04-01,29,Missouri,MO,2.9
2023-05-01,29,Missouri,MO,3.0
2023-06-01,29,Missouri,MO,3.1
2023-07-01,29,Missouri,MO,3.1
2023-08-01,29,Missouri,MO,3.2
2023-09-01,29,Missouri,MO,3.3
2023-10-01,29,Missouri,MO,3.4
2023-11-01,29,Missouri,MO,3.4
2023-12-01,29,Missouri,MO,3.4
2024-01-01,29,Missouri,MO,3.5
2024-02-01,29,Missouri,MO,3.5
2024-03-01,29,Missouri,MO,3.6
2024-04-01,29,Missouri,MO,3.7
2024-05-01,29,Missouri,MO,3.7
2024-06-01,29,Missouri,MO,3.8
2024-07-01,29,Missouri,MO,3.7
2024-08-01,29,Missouri,MO,3.7
2024-09-01,29,Missouri,MO,3.7
2024-10-01,29,Missouri,MO,3.6
2024-11-01,29,Missouri,MO,3.6
2024-12-01,29,Missouri,MO,3.6
2025-01-01,29,Missouri,MO,3.7
2025-02-01,29,Missouri,MO,3.7
2025-03-01,29,Missouri,MO,3.8
2025-04-01,29,Missouri,MO,3.9
2025-05-01,29,Missouri,MO,4.0
2025-06-01,29,Missouri,MO,4.0
2025-07-01,29,Missouri,MO,4.1
2025-08-01,29,Missouri,MO,4.1
2025-09-01,29,Missouri,MO,4.1
2025-10-01,29,Missouri,MO,.
2025-11-01,29,Missouri,MO,4.0
2025-12-01,29,Missouri,MO,3.9
2020-01-01,30,Montana,MT,3.5
2020-02-01,30,Montana,MT,3.5
2020-03-01,30,Montana,MT,3.5
2020-04-01,30,Montana,MT,11.9
2020-05-01,30,Montana,MT,9.2
2020-06-01,30,Montana,MT,7.7
2020-07-01,30,Montana,MT,6.7
2020-08-01,30,Montana,MT,5.6
2020-09-01,30,Montana,MT,5.2
2020-10-01,30,Montana,MT,4.6
2020-11-01,30,Montana,MT,4.3
2020-12-01,30,Montana,MT,4.2
2021-01-01,30,Montana,MT,4.0
2021-02-01,30,Montana,MT,3.9
2021-03-01,30,Montana,MT,3.8
2021-04-01,30,Montana,MT,3.7
2021-05-01,30,Montana,MT,3.6
2021-06-01,30,Montana,MT,3.5
2021-07-01,30,Montana,MT,3.4
2021-08-01,30,Montana,MT,3.3
2021-09-01,30,Montana,MT,3.1
2021-10-01,30,Montana,MT,2.9
2021-11-01,30,Montana,MT,2.8
2021-12-01,30,Montana,MT,2.7
2022-01-01,30,Montana,MT,2.6
2022-02-01,30,Montana,MT,2.6
2022-03-01,30,Montana,MT,2.6
2022-04-01,30,Montana,MT,2.7
2022-05-01,30,Montana,MT,2.7
2022-06-01,30,Montana,MT,2.7
2022-07-01,30,Montana,MT,2.7
2022-08-01,30,Montana,MT,2.7
2022-09-01,30,Montana,MT,2.7
2022-10-01,30,Montana,MT,2.6
2022-11-01,30,Montana,MT,2.5
2022-12-01,30,Montana,MT,2.5
2023-01-01,30,Montana,MT,2.4
2023-02-01,30,Montana,MT,2.4
2023-03-01,30,Montana,MT,2.5
2023-04-01,30,Montana,MT,2.5
2023-05-01,30,Montana,MT,2.5
2023-06-01,30,Montana,MT,2.6
2023-07-01,30,Montana,MT,2.6
2023-08-01,30,Montana,MT,2.7
2023-09-01,30,Montana,MT,2.8
2023-10-01,30,Montana,MT,2.9
2023-11-01,30,Montana,MT,3.0
2023-12-01,30,Montana,MT,3.1
2024-01-01,30,Montana,MT,3.0
2024-02-01,30,Montana,MT,3.0
2024-03-01,30,Montana,MT,3.0
2024-04-01,30,Montana,MT,3.0
2024-05-01,30,Montana,MT,3.0
2024-06-01,30,Montana,MT,3.0
2024-07-01,30,Montana,MT,3.0
2024-08-01,30,Montana,MT,3.0
2024-09-01,30,Montana,MT,3.0
2024-10-01,30,Montana,MT,2.9
2024-11-01,30,Montana,MT,2.9
2024-12-01,30,Montana,MT,2.9
2025-01-01,30,Montana,MT,2.8
2025-02-01,30,Montana,MT,2.8
2025-03-01,30,Montana,MT,2.7
2025-04-01,30,Montana,MT,2.7
2025-05-01,30,Montana,MT,2.8
2025-06-01,30,Montana,MT,2.8
2025-07-01,30,Montana,MT,2.8
2025-08-01,30,Montana,MT,2.9
2025-09-01,30,Montana,MT,3.0
2025-10-01,30,Montana,MT,.
2025-11-01,30,Montana,MT,3.3
2025-12-01,30,Montana,MT,3.4
2020-01-01,31,Nebraska,NE,3.0
2020-02-01,31,Nebraska,NE,3.0
2020-03-01,31,Nebraska,NE,4.4
2020-04-01,31,Nebraska,NE,8.2
2020-05-01,31,Nebraska,NE,6.4
2020-06-01,31,Nebraska,NE,5.3
2020-07-01,31,Nebraska,NE,4.6
2020-08-01,31,Nebraska,NE,3.8
2020-09-01,31,Nebraska,NE,3.4
2020-10-01,31,Nebraska,NE,3.1
2020-11-01,31,Nebraska,NE,3.0
2020-12-01,31,Nebraska,NE,3.0
2021-01-01,31,Nebraska,NE,2.9
2021-02-01,31,Nebraska,NE,2.9
2021-03-01,31,Nebraska,NE,2.9
2021-04-01,31,Nebraska,NE,2.9
2021-05-01,31,Nebraska,NE,2.8
2021-06-01,31,Nebraska,NE,2.7
2021-07-01,31,Nebraska,NE,2.6
2021-08-01,31,Nebraska,NE,2.5
2021-09-01,31,Nebraska,NE,2.4
2021-10-01,31,Nebraska,NE,2.3
2021-11-01,31,Nebraska,NE,2.2
2021-12-01,31,Nebraska,NE,2.1
2022-01-01,31,Nebraska,NE,2.0
2022-02-01,31,Nebraska,NE,2.0
2022-03-01,31,Nebraska,NE,2.0
2022-04-01,31,Nebraska,NE,2.0
2022-05-01,31,Nebraska,NE,2.1
2022-06-01,31,Nebraska,NE,2.1
2022-07-01,31,Nebraska,NE,2.2
2022-08-01,31,Nebraska,NE,2.3
2022-09-01,31,Nebraska,NE,2.3
2022-10-01,31,Nebraska,NE,2.3
2022-11-01,31,Nebraska,NE,2.3
2022-12-01,31,Nebraska,NE,2.2
2023-01-01,31,Nebraska,NE,2.2
2023-02-01,31,Nebraska,NE,2.1
2023-03-01,31,Nebraska,NE,2.1
2023-04-01,31,Nebraska,NE,2.1
2023-05-01,31,Nebraska,NE,2.2
2023-06-01,31,Nebraska,NE,2.2
2023-07-01,31,Nebraska,NE,2.3
2023-08-01,31,Nebraska,NE,2.4
2023-09-01,31,Nebraska,NE,2.5
2023-10-01,31,Nebraska,NE,2.5
2023-11-01,31,Nebraska,NE,2.5
2023-12-01,31,Nebraska,NE,2.6
2024-01-01,31,Nebraska,NE,2.6
2024-02-01,31,Nebraska,NE,2.6
2024-03-01,31,Nebraska,NE,2.6
2024-04-01,31,Nebraska,NE,2.7
2024-05-01,31,Nebraska,NE,2.7
2024-06-01,31,Nebraska,NE,2.8
2024-07-01,31,Nebraska,NE,2.8
2024-08-01,31,Nebraska,NE,2.9
2024-09-01,31,Nebraska,NE,2.9
2024-10-01,31,Nebraska,NE,2.9
2024-11-01,31,Nebraska,NE,2.9
2024-12-01,31,Nebraska,NE,2.9
2025-01-01,31,Nebraska,NE,2.9
2025-02-01,31,Nebraska,NE,3.0
2025-03-01,31,Nebraska,NE,2.9
2025-04-01,31,Nebraska,NE,3.0
2025-05-01,31,Nebraska,NE,3.0
2025-06-01,31,Nebraska,NE,3.0
2025-07-01,31,Nebraska,NE,3.0
2025-08-01,31,Nebraska,NE,3.0
2025-09-01,31,Nebraska,NE,3.0
2025-10-01,31,Nebraska,NE,.
2025-11-01,31,Nebraska,NE,3.0
2025-12-01,31,Nebraska,NE,3.0
2020-01-01,32,Nevada,NV,4.2
2020-02-01,32,Nevada,NV,4.4
2020-03-01,32,Nevada,NV,7.2
2020-04-01,32,Nevada,NV,30.5
2020-05-01,32,Nevada,NV,24.7
2020-06-01,32,Nevada,NV,18.9
2020-07-01,32,Nevada,NV,16.7
2020-08-01,32,Nevada,NV,13.9
2020-09-01,32,Nevada,NV,12.7
2020-10-01,32,Nevada,NV,11.1
2020-11-01,32,Nevada,NV,10.2
2020-12-01,32,Nevada,NV,9.6
2021-01-01,32,Nevada,NV,8.9
2021-02-01,32,Nevada,NV,8.5
2021-03-01,32,Nevada,NV,8.0
2021-04-01,32,Nevada,NV,7.6
2021-05-01,32,Nevada,NV,7.2
2021-06-01,32,Nevada,NV,6.9
2021-07-01,32,Nevada,NV,6.5
2021-08-01,32,Nevada,NV,6.2
2021-09-01,32,Nevada,NV,5.8
2021-10-01,32,Nevada,NV,5.6
2021-11-01,32,Nevada,NV,5.4
2021-12-01,32,Nevada,NV,5.3
2022-01-01,32,Nevada,NV,5.2
2022-02-01,32,Nevada,NV,5.2
2022-03-01,32,Nevada,NV,5.2
2022-04-01,32,Nevada,NV,5.1
2022-05-01,32,Nevada,NV,5.1
2022-06-01,32,Nevada,NV,5.1
2022-07-01,32,Nevada,NV,5.2
2022-08-01,32,Nevada,NV,5.2
2022-09-01,32,Nevada,NV,5.2
2022-10-01,32,Nevada,NV,5.3
2022-11-01,32,Nevada,NV,5.3
2022-12-01,32,Nevada,NV,5.3
2023-01-01,32,Nevada,NV,5.2
2023-02-01,32,Nevada,NV,5.2
2023-03-01,32,Nevada,NV,5.1
2023-04-01,32,Nevada,NV,5.0
2023-05-01,32,Nevada,NV,5.0
2023-06-01,32,Nevada,NV,5.0
2023-07-01,32,Nevada,NV,5.1
2023-08-01,32,Nevada,NV,5.1
2023-09-01,32,Nevada,NV,5.2
2023-10-01,32,Nevada,NV,5.2
2023-11-01,32,Nevada,NV,5.3
2023-12-01,32,Nevada,NV,5.3
2024-01-01,32,Nevada,NV,5.3
2024-02-01,32,Nevada,NV,5.3
2024-03-01,32,Nevada,NV,5.3
2024-04-01,32,Nevada,NV,5.4
2024-05-01,32,Nevada,NV,5.5
2024-06-01,32,Nevada,NV,5.6
2024-07-01,32,Nevada,NV,5.6
2024-08-01,32,Nevada,NV,5.7
2024-09-01,32,Nevada,NV,5.7
2024-10-01,32,Nevada,NV,5.8
2024-11-01,32,Nevada,NV,5.8
2024-12-01,32,Nevada,NV,5.8
2025-01-01,32,Nevada,NV,5.8
2025-02-01,32,Nevada,NV,5.8
2025-03-01,32,Nevada,NV,5.7
2025-04-01,32,Nevada,NV,5.6
2025-05-01,32,Nevada,NV,5.5
2025-06-01,32,Nevada,NV,5.4
2025-07-01,32,Nevada,NV,5.4
2025-08-01,32,Nevada,NV,5.3
2025-09-01,32,Nevada,NV,5.3
2025-10-01,32,Nevada,NV,.
2025-11-01,32,Nevada,NV,5.2
2025-12-01,32,Nevada,NV,5.2
2020-01-01,33,New Hampshire,NH,2.5
2020-02-01,33,New Hampshire,NH,2.6
2020-03-01,33,New Hampshire,NH,2.6
2020-04-01,33,New Hampshire,NH,16.0
2020-05-01,33,New Hampshire,NH,11.8
2020-06-01,33,New Hampshire,NH,9.6
2020-07-01,33,New Hampshire,NH,8.3
2020-08-01,33,New Hampshire,NH,6.7
2020-09-01,33,New Hampshire,NH,6.1
2020-10-01,33,New Hampshire,NH,5.3
2020-11-01,33,New Hampshire,NH,4.9
2020-12-01,33,New Hampshire,NH,4.6
2021-01-01,33,New Hampshire,NH,4.3
2021-02-01,33,New Hampshire,NH,4.2
2021-03-01,33,New Hampshire,NH,4.0
2021-04-01,33,New Hampshire,NH,3.9
2021-05-01,33,New Hampshire,NH,3.8
2021-06-01,33,New Hampshire,NH,3.7
2021-07-01,33,New Hampshire,NH,3.5
2021-08-01,33,New Hampshire,NH,3.3
2021-09-01,33,New Hampshire,NH,3.1
2021-10-01,33,New Hampshire,NH,2.8
2021-11-01,33,New Hampshire,NH,2.6
2021-12-01,33,New Hampshire,NH,2.5
2022-01-01,33,New Hampshire,NH,2.4
2022-02-01,33,New Hampshire,NH,2.3
2022-03-01,33,New Hampshire,NH,2.3
2022-04-01,33,New Hampshire,NH,2.3
2022-05-01,33,New Hampshire,NH,2.3
2022-06-01,33,New Hampshire,NH,2.4
2022-07-01,33,New Hampshire,NH,2.4
2022-08-01,33,New Hampshire,NH,2.5
2022-09-01,33,New Hampshire,NH,2.5
2022-10-01,33,New Hampshire,NH,2.6
2022-11-01,33,New Hampshire,NH,2.5
2022-12-01,33,New Hampshire,NH,2.5
2023-01-01,33,New Hampshire,NH,2.4
2023-02-01,33,New Hampshire,NH,2.3
2023-03-01,33,New Hampshire,NH,2.2
2023-04-01,33,New Hampshire,NH,2.2
2023-05-01,33,New Hampshire,NH,2.2
2023-06-01,33,New Hampshire,NH,2.2
2023-07-01,33,New Hampshire,NH,2.2
2023-08-01,33,New Hampshire,NH,2.2
2023-09-01,33,New Hampshire,NH,2.3
2023-10-01,33,New Hampshire,NH,2.3
2023-11-01,33,New Hampshire,NH,2.3
2023-12-01,33,New Hampshire,NH,2.3
2024-01-01,33,New Hampshire,NH,2.3
2024-02-01,33,New Hampshire,NH,2.3
2024-03-01,33,New Hampshire,NH,2.4
2024-04-01,33,New Hampshire,NH,2.4
2024-05-01,33,New Hampshire,NH,2.5
2024-06-01,33,New Hampshire,NH,2.5
2024-07-01,33,New Hampshire,NH,2.6
2024-08-01,33,New Hampshire,NH,2.6
2024-09-01,33,New Hampshire,NH,2.7
2024-10-01,33,New Hampshire,NH,2.8
2024-11-01,33,New Hampshire,NH,2.8
2024-12-01,33,New Hampshire,NH,2.8
2025-01-01,33,New Hampshire,NH,2.9
2025-02-01,33,New Hampshire,NH,3.0
2025-03-01,33,New Hampshire,NH,3.1
2025-04-01,33,New Hampshire,NH,3.1
2025-05-01,33,New Hampshire,NH,3.1
2025-06-01,33,New Hampshire,NH,3.1
2025-07-01,33,New Hampshire,NH,3.1
2025-08-01,33,New Hampshire,NH,3.0
2025-09-01,33,New Hampshire,NH,3.0
2025-10-01,33,New Hampshire,NH,.
2025-11-01,33,New Hampshire,NH,3.0
2025-12-01,33,New Hampshire,NH,3.1
2020-01-01,34,New Jersey,NJ,4.0
2020-02-01,34,New Jersey,NJ,4.1
2020-03-01,34,New Jersey,NJ,4.1
2020-04-01,34,New Jersey,NJ,15.0
2020-05-01,34,New Jersey,NJ,15.4
2020-06-01,34,New Jersey,NJ,14.5
2020-07-01,34,New Jersey,NJ,14.4
2020-08-01,34,New Jersey,NJ,13.3
2020-09-01,34,New Jersey,NJ,7.4
2020-10-01,34,New Jersey,NJ,7.1
2020-11-01,34,New Jersey,NJ,7.2
2020-12-01,34,New Jersey,NJ,7.3
2021-01-01,34,New Jersey,NJ,7.3
2021-02-01,34,New Jersey,NJ,7.3
2021-03-01,34,New Jersey,NJ,7.2
2021-04-01,34,New Jersey,NJ,7.2
2021-05-01,34,New Jersey,NJ,7.0
2021-06-01,34,New Jersey,NJ,7.2
2021-07-01,34,New Jersey,NJ,6.9
2021-08-01,34,New Jersey,NJ,6.8
2021-09-01,34,New Jersey,NJ,6.3
2021-10-01,34,New Jersey,NJ,6.0
2021-11-01,34,New Jersey,NJ,5.6
2021-12-01,34,New Jersey,NJ,5.5
2022-01-01,34,New Jersey,NJ,5.2
2022-02-01,34,New Jersey,NJ,4.7
2022-03-01,34,New Jersey,NJ,4.3
2022-04-01,34,New Jersey,NJ,4.1
2022-05-01,34,New Jersey,NJ,3.8
2022-06-01,34,New Jersey,NJ,3.6
2022-07-01,34,New Jersey,NJ,3.3
2022-08-01,34,New Jersey,NJ,3.0
2022-09-01,34,New Jersey,NJ,3.3
2022-10-01,34,New Jersey,NJ,3.5
2022-11-01,34,New Jersey,NJ,3.6
2022-12-01,34,New Jersey,NJ,3.8
2023-01-01,34,New Jersey,NJ,3.9
2023-02-01,34,New Jersey,NJ,4.0
2023-03-01,34,New Jersey,NJ,4.0
2023-04-01,34,New Jersey,NJ,4.1
2023-05-01,34,New Jersey,NJ,4.2
2023-06-01,34,New Jersey,NJ,4.3
2023-07-01,34,New Jersey,NJ,4.4
2023-08-01,34,New Jersey,NJ,4.4
2023-09-01,34,New Jersey,NJ,4.5
2023-10-01,34,New Jersey,NJ,4.5
2023-11-01,34,New Jersey,NJ,4.5
2023-12-01,34,New Jersey,NJ,4.5
2024-01-01,34,New Jersey,NJ,4.4
2024-02-01,34,New Jersey,NJ,4.4
2024-03-01,34,New Jersey,NJ,4.4
2024-04-01,34,New Jersey,NJ,4.5
2024-05-01,34,New Jersey,NJ,4.5
2024-06-01,34,New Jersey,NJ,4.6
2024-07-01,34,New Jersey,NJ,4.6
2024-08-01,34,New Jersey,NJ,4.6
2024-09-01,34,New Jersey,NJ,4.6
2024-10-01,34,New Jersey,NJ,4.6
2024-11-01,34,New Jersey,NJ,4.6
2024-12-01,34,New Jersey,NJ,4.6
2025-01-01,34,New Jersey,NJ,4.6
2025-02-01,34,New Jersey,NJ,4.6
2025-03-01,34,New Jersey,NJ,4.7
2025-04-01,34,New Jersey,NJ,4.8
2025-05-01,34,New Jersey,NJ,4.8
2025-06-01,34,New Jersey,NJ,4.9
2025-07-01,34,New Jersey,NJ,4.9
2025-08-01,34,New Jersey,NJ,5.0
2025-09-01,34,New Jersey,NJ,5.2
2025-10-01,34,New Jersey,NJ,.
2025-11-01,34,New Jersey,NJ,5.4
2025-12-01,34,New Jersey,NJ,5.4
2020-01-01,35,New Mexico,NM,5.1
2020-02-01,35,New Mexico,NM,5.3
2020-03-01,35,New Mexico,NM,5.9
2020-04-01,35,New Mexico,NM,9.0
2020-05-01,35,New Mexico,NM,9.3
2020-06-01,35,New Mexico,NM,9.0
2020-07-01,35,New Mexico,NM,9.0
2020-08-01,35,New Mexico,NM,8.6
2020-09-01,35,New Mexico,NM,8.7
2020-10-01,35,New Mexico,NM,8.4
2020-11-01,35,New Mexico,NM,8.4
2020-12-01,35,New Mexico,NM,8.4
2021-01-01,35,New Mexico,NM,8.2
2021-02-01,35,New Mexico,NM,8.2
2021-03-01,35,New Mexico,NM,8.0
2021-04-01,35,New Mexico,NM,7.9
2021-05-01,35,New Mexico,NM,7.5
2021-06-01,35,New Mexico,NM,7.4
2021-07-01,35,New Mexico,NM,7.1
2021-08-01,35,New Mexico,NM,6.8
2021-09-01,35,New Mexico,NM,6.3
2021-10-01,35,New Mexico,NM,6.0
2021-11-01,35,New Mexico,NM,5.8
2021-12-01,35,New Mexico,NM,5.6
2022-01-01,35,New Mexico,NM,5.4
2022-02-01,35,New Mexico,NM,5.0
2022-03-01,35,New Mexico,NM,4.7
2022-04-01,35,New Mexico,NM,4.4
2022-05-01,35,New Mexico,NM,4.2
2022-06-01,35,New Mexico,NM,3.9
2022-07-01,35,New Mexico,NM,3.6
2022-08-01,35,New Mexico,NM,3.4
2022-09-01,35,New Mexico,NM,3.5
2022-10-01,35,New Mexico,NM,3.5
2022-11-01,35,New Mexico,NM,3.6
2022-12-01,35,New Mexico,NM,3.6
2023-01-01,35,New Mexico,NM,3.6
2023-02-01,35,New Mexico,NM,3.6
2023-03-01,35,New Mexico,NM,3.6
2023-04-01,35,New Mexico,NM,3.6
2023-05-01,35,New Mexico,NM,3.6
2023-06-01,35,New Mexico,NM,3.6
2023-07-01,35,New Mexico,NM,3.6
2023-08-01,35,New Mexico,NM,3.7
2023-09-01,35,New Mexico,NM,3.7
2023-10-01,35,New Mexico,NM,3.8
2023-11-01,35,New Mexico,NM,3.8
2023-12-01,35,New Mexico,NM,3.8
2024-01-01,35,New Mexico,NM,3.8
2024-02-01,35,New Mexico,NM,3.8
2024-03-01,35,New Mexico,NM,3.9
2024-04-01,35,New Mexico,NM,4.0
2024-05-01,35,New Mexico,NM,4.1
2024-06-01,35,New Mexico,NM,4.2
2024-07-01,35,New Mexico,NM,4.3
2024-08-01,35,New Mexico,NM,4.3
2024-09-01,35,New Mexico,NM,4.3
2024-10-01,35,New Mexico,NM,4.4
2024-11-01,35,New Mexico,NM,4.4
2024-12-01,35,New Mexico,NM,4.3
2025-01-01,35,New Mexico,NM,4.4
2025-02-01,35,New Mexico,NM,4.4
2025-03-01,35,New Mexico,NM,4.3
2025-04-01,35,New Mexico,NM,4.3
2025-05-01,35,New Mexico,NM,4.2
2025-06-01,35,New Mexico,NM,4.2
2025-07-01,35,New Mexico,NM,4.2
2025-08-01,35,New Mexico,NM,4.1
2025-09-01,35,New Mexico,NM,4.1
2025-10-01,35,New Mexico,NM,.
2025-11-01,35,New Mexico,NM,4.2
2025-12-01,35,New Mexico,NM,4.3
2020-01-01,36,New York,NY,4.1
2020-02-01,36,New York,NY,4.2
2020-03-01,36,New York,NY,4.2
2020-04-01,36,New York,NY,15.7
2020-05-01,36,New York,NY,16.7
2020-06-01,36,New York,NY,13.6
2020-07-01,36,New York,NY,12.6
2020-08-01,36,New York,NY,10.8
2020-09-01,36,New York,NY,10.2
2020-10-01,36,New York,NY,9.2
2020-11-01,36,New York,NY,8.9
2020-12-01,36,New York,NY,8.7
2021-01-01,36,New York,NY,8.6
2021-02-01,36,New York,NY,8.4
2021-03-01,36,New York,NY,8.1
2021-04-01,36,New York,NY,7.9
2021-05-01,36,New York,NY,7.5
2021-06-01,36,New York,NY,7.5
2021-07-01,36,New York,NY,7.1
2021-08-01,36,New York,NY,6.8
2021-09-01,36,New York,NY,6.2
2021-10-01,36,New York,NY,5.9
2021-11-01,36,New York,NY,5.6
2021-12-01,36,New York,NY,5.4
2022-01-01,36,New York,NY,5.2
2022-02-01,36,New York,NY,4.8
2022-03-01,36,New York,NY,4.6
2022-04-01,36,New York,NY,4.5
2022-05-01,36,New York,NY,4.3
2022-06-01,36,New York,NY,4.2
2022-07-01,36,New York,NY,4.0
2022-08-01,36,New York,NY,3.8
2022-09-01,36,New York,NY,3.9
2022-10-01,36,New York,NY,4.0
2022-11-01,36,New York,NY,4.1
2022-12-01,36,New York,NY,4.1
2023-01-01,36,New York,NY,4.0
2023-02-01,36,New York,NY,4.0
2023-03-01,36,New York,NY,4.0
2023-04-01,36,New York,NY,3.9
2023-05-01,36,New York,NY,3.9
2023-06-01,36,New York,NY,3.9
2023-07-01,36,New York,NY,4.0
2023-08-01,36,New York,NY,4.1
2023-09-01,36,New York,NY,4.1
2023-10-01,36,New York,NY,4.2
2023-11-01,36,New York,NY,4.2
2023-12-01,36,New York,NY,4.2
2024-01-01,36,New York,NY,4.2
2024-02-01,36,New York,NY,4.1
2024-03-01,36,New York,NY,4.2
2024-04-01,36,New York,NY,4.2
2024-05-01,36,New York,NY,4.3
2024-06-01,36,New York,NY,4.3
2024-07-01,36,New York,NY,4.4
2024-08-01,36,New York,NY,4.4
2024-09-01,36,New York,NY,4.4
2024-10-01,36,New York,NY,4.4
2024-11-01,36,New York,NY,4.4
2024-12-01,36,New York,NY,4.4
2025-01-01,36,New York,NY,4.4
2025-02-01,36,New York,NY,4.3
2025-03-01,36,New York,NY,4.2
2025-04-01,36,New York,NY,4.2
2025-05-01,36,New York,NY,4.0
2025-06-01,36,New York,NY,4.0
2025-07-01,36,New York,NY,4.0
2025-08-01,36,New York,NY,4.0
2025-09-01,36,New York,NY,4.2
2025-10-01,36,New York,NY,.
2025-11-01,36,New York,NY,4.5
2025-12-01,36,New York,NY,4.6
2020-01-01,37,North Carolina,NC,3.8
2020-02-01,37,North Carolina,NC,3.8
2020-03-01,37,North Carolina,NC,4.0
2020-04-01,37,North Carolina,NC,14.2
2020-05-01,37,North Carolina,NC,11.6
2020-06-01,37,North Carolina,NC,9.8
2020-07-01,37,North Carolina,NC,8.7
2020-08-01,37,North Carolina,NC,7.4
2020-09-01,37,North Carolina,NC,6.8
2020-10-01,37,North Carolina,NC,6.1
2020-11-01,37,North Carolina,NC,5.9
2020-12-01,37,North Carolina,NC,5.8
2021-01-01,37,North Carolina,NC,5.7
2021-02-01,37,North Carolina,NC,5.6
2021-03-01,37,North Carolina,NC,5.5
2021-04-01,37,North Carolina,NC,5.3
2021-05-01,37,North Carolina,NC,5.2
2021-06-01,37,North Carolina,NC,5.1
2021-07-01,37,North Carolina,NC,4.9
2021-08-01,37,North Carolina,NC,4.7
2021-09-01,37,North Carolina,NC,4.5
2021-10-01,37,North Carolina,NC,4.3
2021-11-01,37,North Carolina,NC,4.1
2021-12-01,37,North Carolina,NC,3.8
2022-01-01,37,North Carolina,NC,3.7
2022-02-01,37,North Carolina,NC,3.6
2022-03-01,37,North Carolina,NC,3.5
2022-04-01,37,North Carolina,NC,3.6
2022-05-01,37,North Carolina,NC,3.6
2022-06-01,37,North Carolina,NC,3.7
2022-07-01,37,North Carolina,NC,3.7
2022-08-01,37,North Carolina,NC,3.8
2022-09-01,37,North Carolina,NC,3.8
2022-10-01,37,North Carolina,NC,3.8
2022-11-01,37,North Carolina,NC,3.7
2022-12-01,37,North Carolina,NC,3.6
2023-01-01,37,North Carolina,NC,3.5
2023-02-01,37,North Carolina,NC,3.5
2023-03-01,37,North Carolina,NC,3.4
2023-04-01,37,North Carolina,NC,3.4
2023-05-01,37,North Carolina,NC,3.4
2023-06-01,37,North Carolina,NC,3.4
2023-07-01,37,North Carolina,NC,3.5
2023-08-01,37,North Carolina,NC,3.5
2023-09-01,37,North Carolina,NC,3.5
2023-10-01,37,North Carolina,NC,3.6
2023-11-01,37,North Carolina,NC,3.6
2023-12-01,37,North Carolina,NC,3.6
2024-01-01,37,North Carolina,NC,3.5
2024-02-01,37,North Carolina,NC,3.5
2024-03-01,37,North Carolina,NC,3.5
2024-04-01,37,North Carolina,NC,3.6
2024-05-01,37,North Carolina,NC,3.6
2024-06-01,37,North Carolina,NC,3.6
2024-07-01,37,North Carolina,NC,3.6
2024-08-01,37,North Carolina,NC,3.7
2024-09-01,37,North Carolina,NC,3.7
2024-10-01,37,North Carolina,NC,3.7
2024-11-01,37,North Carolina,NC,3.7
2024-12-01,37,North Carolina,NC,3.7
2025-01-01,37,North Carolina,NC,3.7
2025-02-01,37,North Carolina,NC,3.7
2025-03-01,37,North Carolina,NC,3.7
2025-04-01,37,North Carolina,NC,3.7
2025-05-01,37,North Carolina,NC,3.7
2025-06-01,37,North Carolina,NC,3.7
2025-07-01,37,North Carolina,NC,3.7
2025-08-01,37,North Carolina,NC,3.7
2025-09-01,37,North Carolina,NC,3.7
2025-10-01,37,North Carolina,NC,.
2025-11-01,37,North Carolina,NC,3.9
2025-12-01,37,North Carolina,NC,3.9
2020-01-01,38,North Dakota,ND,2.1
2020-02-01,38,North Dakota,ND,2.2
2020-03-01,38,North Dakota,ND,2.5
2020-04-01,38,North Dakota,ND,8.7
2020-05-01,38,North Dakota,ND,7.3
2020-06-01,38,North Dakota,ND,6.5
2020-07-01,38,North Dakota,ND,6.2
2020-08-01,38,North Dakota,ND,5.6
2020-09-01,38,North Dakota,ND,5.3
2020-10-01,38,North Dakota,ND,4.8
2020-11-01,38,North Dakota,ND,4.5
2020-12-01,38,North Dakota,ND,4.4
2021-01-01,38,North Dakota,ND,4.1
2021-02-01,38,North Dakota,ND,3.9
2021-03-01,38,North Dakota,ND,3.7
2021-04-01,38,North Dakota,ND,3.5
2021-05-01,38,North Dakota,ND,3.3
2021-06-01,38,North Dakota,ND,3.1
2021-07-01,38,North Dakota,ND,2.9
2021-08-01,38,North Dakota,ND,2.8
2021-09-01,38,North Dakota,ND,2.6
2021-10-01,38,North Dakota,ND,2.5
2021-11-01,38,North Dakota,ND,2.4
2021-12-01,38,North Dakota,ND,2.3
2022-01-01,38,North Dakota,ND,2.2
2022-02-01,38,North Dakota,ND,2.2
2022-03-01,38,North Dakota,ND,2.1
2022-04-01,38,North Dakota,ND,2.1
2022-05-01,38,North Dakota,ND,2.0
2022-06-01,38,North Dakota,ND,2.0
2022-07-01,38,North Dakota,ND,2.0
2022-08-01,38,North Dakota,ND,2.1
2022-09-01,38,North Dakota,ND,2.1
2022-10-01,38,North Dakota,ND,2.1
2022-11-01,38,North Dakota,ND,2.1
2022-12-01,38,North Dakota,ND,2.1
2023-01-01,38,North Dakota,ND,2.1
2023-02-01,38,North Dakota,ND,2.0
2023-03-01,38,North Dakota,ND,2.0
2023-04-01,38,North Dakota,ND,2.0
2023-05-01,38,North Dakota,ND,1.9
2023-06-01,38,North Dakota,ND,1.9
2023-07-01,38,North Dakota,ND,2.0
2023-08-01,38,North Dakota,ND,2.0
2023-09-01,38,North Dakota,ND,2.0
2023-10-01,38,North Dakota,ND,2.1
2023-11-01,38,North Dakota,ND,2.2
2023-12-01,38,North Dakota,ND,2.2
2024-01-01,38,North Dakota,ND,2.2
2024-02-01,38,North Dakota,ND,2.2
2024-03-01,38,North Dakota,ND,2.3
2024-04-01,38,North Dakota,ND,2.3
2024-05-01,38,North Dakota,ND,2.4
2024-06-01,38,North Dakota,ND,2.5
2024-07-01,38,North Dakota,ND,2.5
2024-08-01,38,North Dakota,ND,2.5
2024-09-01,38,North Dakota,ND,2.5
2024-10-01,38,North Dakota,ND,2.5
2024-11-01,38,North Dakota,ND,2.5
2024-12-01,38,North Dakota,ND,2.5
2025-01-01,38,North Dakota,ND,2.6
2025-02-01,38,North Dakota,ND,2.6
2025-03-01,38,North Dakota,ND,2.6
2025-04-01,38,North Dakota,ND,2.6
2025-05-01,38,North Dakota,ND,2.5
2025-06-01,38,North Dakota,ND,2.5
2025-07-01,38,North Dakota,ND,2.5
2025-08-01,38,North Dakota,ND,2.5
2025-09-01,38,North Dakota,ND,2.6
2025-10-01,38,North Dakota,ND,.
2025-11-01,38,North Dakota,ND,2.6
2025-12-01,38,North Dakota,ND,2.6
2020-01-01,39,Ohio,OH,4.4
2020-02-01,39,Ohio,OH,4.5
2020-03-01,39,Ohio,OH,4.8
2020-04-01,39,Ohio,OH,16.5
2020-05-01,39,Ohio,OH,12.8
2020-06-01,39,Ohio,OH,11.0
2020-07-01,39,Ohio,OH,9.8
2020-08-01,39,Ohio,OH,8.3
2020-09-01,39,Ohio,OH,7.6
2020-10-01,39,Ohio,OH,6.7
2020-11-01,39,Ohio,OH,6.4
2020-12-01,39,Ohio,OH,6.3
2021-01-01,39,Ohio,OH,6.1
2021-02-01,39,Ohio,OH,6.1
2021-03-01,39,Ohio,OH,6.0
2021-04-01,39,Ohio,OH,5.9
2021-05-01,39,Ohio,OH,5.7
2021-06-01,39,Ohio,OH,5.5
2021-07-01,39,Ohio,OH,5.2
2021-08-01,39,Ohio,OH,4.9
2021-09-01,39,Ohio,OH,4.7
2021-10-01,39,Ohio,OH,4.4
2021-11-01,39,Ohio,OH,4.3
2021-12-01,39,Ohio,OH,4.1
2022-01-01,39,Ohio,OH,4.0
2022-02-01,39,Ohio,OH,3.9
2022-03-01,39,Ohio,OH,3.9
2022-04-01,39,Ohio,OH,3.9
2022-05-01,39,Ohio,OH,3.9
2022-06-01,39,Ohio,OH,3.9
2022-07-01,39,Ohio,OH,4.0
2022-08-01,39,Ohio,OH,4.1
2022-09-01,39,Ohio,OH,4.1
2022-10-01,39,Ohio,OH,4.1
2022-11-01,39,Ohio,OH,4.0
2022-12-01,39,Ohio,OH,3.9
2023-01-01,39,Ohio,OH,3.8
2023-02-01,39,Ohio,OH,3.6
2023-03-01,39,Ohio,OH,3.5
2023-04-01,39,Ohio,OH,3.4
2023-05-01,39,Ohio,OH,3.4
2023-06-01,39,Ohio,OH,3.4
2023-07-01,39,Ohio,OH,3.5
2023-08-01,39,Ohio,OH,3.6
2023-09-01,39,Ohio,OH,3.8
2023-10-01,39,Ohio,OH,3.8
2023-11-01,39,Ohio,OH,3.9
2023-12-01,39,Ohio,OH,3.9
2024-01-01,39,Ohio,OH,4.0
2024-02-01,39,Ohio,OH,4.0
2024-03-01,39,Ohio,OH,4.1
2024-04-01,39,Ohio,OH,4.2
2024-05-01,39,Ohio,OH,4.2
2024-06-01,39,Ohio,OH,4.3
2024-07-01,39,Ohio,OH,4.3
2024-08-01,39,Ohio,OH,4.4
2024-09-01,39,Ohio,OH,4.4
2024-10-01,39,Ohio,OH,4.5
2024-11-01,39,Ohio,OH,4.5
2024-12-01,39,Ohio,OH,4.5
2025-01-01,39,Ohio,OH,4.6
2025-02-01,39,Ohio,OH,4.7
2025-03-01,39,Ohio,OH,4.8
2025-04-01,39,Ohio,OH,4.9
2025-05-01,39,Ohio,OH,4.9
2025-06-01,39,Ohio,OH,4.9
2025-07-01,39,Ohio,OH,5.0
2025-08-01,39,Ohio,OH,5.0
2025-09-01,39,Ohio,OH,4.8
2025-10-01,39,Ohio,OH,.
2025-11-01,39,Ohio,OH,4.5
2025-12-01,39,Ohio,OH,4.5
2020-01-01,40,Oklahoma,OK,3.1
2020-02-01,40,Oklahoma,OK,3.2
2020-03-01,40,Oklahoma,OK,3.2
2020-04-01,40,Oklahoma,OK,12.5
2020-05-01,40,Oklahoma,OK,9.8
2020-06-01,40,Oklahoma,OK,8.2
2020-07-01,40,Oklahoma,OK,7.4
2020-08-01,40,Oklahoma,OK,6.3
2020-09-01,40,Oklahoma,OK,5.9
2020-10-01,40,Oklahoma,OK,5.5
2020-11-01,40,Oklahoma,OK,5.3
2020-12-01,40,Oklahoma,OK,5.2
2021-01-01,40,Oklahoma,OK,5.0
2021-02-01,40,Oklahoma,OK,4.9
2021-03-01,40,Oklahoma,OK,4.8
2021-04-01,40,Oklahoma,OK,4.7
2021-05-01,40,Oklahoma,OK,4.5
2021-06-01,40,Oklahoma,OK,4.3
2021-07-01,40,Oklahoma,OK,4.0
2021-08-01,40,Oklahoma,OK,3.7
2021-09-01,40,Oklahoma,OK,3.4
2021-10-01,40,Oklahoma,OK,3.1
2021-11-01,40,Oklahoma,OK,3.0
2021-12-01,40,Oklahoma,OK,2.9
2022-01-01,40,Oklahoma,OK,2.9
2022-02-01,40,Oklahoma,OK,2.9
2022-03-01,40,Oklahoma,OK,2.9
2022-04-01,40,Oklahoma,OK,2.9
2022-05-01,40,Oklahoma,OK,3.0
2022-06-01,40,Oklahoma,OK,3.0
2022-07-01,40,Oklahoma,OK,3.1
2022-08-01,40,Oklahoma,OK,3.1
2022-09-01,40,Oklahoma,OK,3.2
2022-10-01,40,Oklahoma,OK,3.1
2022-11-01,40,Oklahoma,OK,3.1
2022-12-01,40,Oklahoma,OK,3.1
2023-01-01,40,Oklahoma,OK,3.0
2023-02-01,40,Oklahoma,OK,3.0
2023-03-01,40,Oklahoma,OK,3.0
2023-04-01,40,Oklahoma,OK,3.0
2023-05-01,40,Oklahoma,OK,3.0
2023-06-01,40,Oklahoma,OK,3.1
2023-07-01,40,Oklahoma,OK,3.2
2023-08-01,40,Oklahoma,OK,3.3
2023-09-01,40,Oklahoma,OK,3.4
2023-10-01,40,Oklahoma,OK,3.4
2023-11-01,40,Oklahoma,OK,3.5
2023-12-01,40,Oklahoma,OK,3.5
2024-01-01,40,Oklahoma,OK,3.4
2024-02-01,40,Oklahoma,OK,3.4
2024-03-01,40,Oklahoma,OK,3.3
2024-04-01,40,Oklahoma,OK,3.3
2024-05-01,40,Oklahoma,OK,3.3
2024-06-01,40,Oklahoma,OK,3.3
2024-07-01,40,Oklahoma,OK,3.3
2024-08-01,40,Oklahoma,OK,3.3
2024-09-01,40,Oklahoma,OK,3.3
2024-10-01,40,Oklahoma,OK,3.3
2024-11-01,40,Oklahoma,OK,3.3
2024-12-01,40,Oklahoma,OK,3.3
2025-01-01,40,Oklahoma,OK,3.3
2025-02-01,40,Oklahoma,OK,3.3
2025-03-01,40,Oklahoma,OK,3.3
2025-04-01,40,Oklahoma,OK,3.2
2025-05-01,40,Oklahoma,OK,3.1
2025-06-01,40,Oklahoma,OK,3.1
2025-07-01,40,Oklahoma,OK,3.1
2025-08-01,40,Oklahoma,OK,3.1
2025-09-01,40,Oklahoma,OK,3.2
2025-10-01,40,Oklahoma,OK,.
2025-11-01,40,Oklahoma,OK,3.5
2025-12-01,40,Oklahoma,OK,3.6
2020-01-01,41,Oregon,OR,3.4
2020-02-01,41,Oregon,OR,3.6
2020-03-01,41,Oregon,OR,3.7
2020-04-01,41,Oregon,OR,13.7
2020-05-01,41,Oregon,OR,11.8
2020-06-01,41,Oregon,OR,10.2
2020-07-01,41,Oregon,OR,9.2
2020-08-01,41,Oregon,OR,7.9
2020-09-01,41,Oregon,OR,7.5
2020-10-01,41,Oregon,OR,6.8
2020-11-01,41,Oregon,OR,6.6
2020-12-01,41,Oregon,OR,6.5
2021-01-01,41,Oregon,OR,6.3
2021-02-01,41,Oregon,OR,6.2
2021-03-01,41,Oregon,OR,6.1
2021-04-01,41,Oregon,OR,6.0
2021-05-01,41,Oregon,OR,5.6
2021-06-01,41,Oregon,OR,5.4
2021-07-01,41,Oregon,OR,5.0
2021-08-01,41,Oregon,OR,4.7
2021-09-01,41,Oregon,OR,4.4
2021-10-01,41,Oregon,OR,4.2
2021-11-01,41,Oregon,OR,4.0
2021-12-01,41,Oregon,OR,3.9
2022-01-01,41,Oregon,OR,3.9
2022-02-01,41,Oregon,OR,3.8
2022-03-01,41,Oregon,OR,3.7
2022-04-01,41,Oregon,OR,3.7
2022-05-01,41,Oregon,OR,3.8
2022-06-01,41,Oregon,OR,3.9
2022-07-01,41,Oregon,OR,3.9
2022-08-01,41,Oregon,OR,4.0
2022-09-01,41,Oregon,OR,4.1
2022-10-01,41,Oregon,OR,4.2
2022-11-01,41,Oregon,OR,4.1
2022-12-01,41,Oregon,OR,4.0
2023-01-01,41,Oregon,OR,3.8
2023-02-01,41,Oregon,OR,3.7
2023-03-01,41,Oregon,OR,3.6
2023-04-01,41,Oregon,OR,3.6
2023-05-01,41,Oregon,OR,3.6
2023-06-01,41,Oregon,OR,3.6
2023-07-01,41,Oregon,OR,3.7
2023-08-01,41,Oregon,OR,3.8
2023-09-01,41,Oregon,OR,3.8
2023-10-01,41,Oregon,OR,3.9
2023-11-01,41,Oregon,OR,4.0
2023-12-01,41,Oregon,OR,4.0
2024-01-01,41,Oregon,OR,4.1
2024-02-01,41,Oregon,OR,4.1
2024-03-01,41,Oregon,OR,4.1
2024-04-01,41,Oregon,OR,4.1
2024-05-01,41,Oregon,OR,4.1
2024-06-01,41,Oregon,OR,4.1
2024-07-01,41,Oregon,OR,4.2
2024-08-01,41,Oregon,OR,4.2
2024-09-01,41,Oregon,OR,4.2
2024-10-01,41,Oregon,OR,4.3
2024-11-01,41,Oregon,OR,4.3
2024-12-01,41,Oregon,OR,4.3
2025-01-01,41,Oregon,OR,4.4
2025-02-01,41,Oregon,OR,4.5
2025-03-01,41,Oregon,OR,4.6
2025-04-01,41,Oregon,OR,4.7
2025-05-01,41,Oregon,OR,4.8
2025-06-01,41,Oregon,OR,4.9
2025-07-01,41,Oregon,OR,4.9
2025-08-01,41,Oregon,OR,5.0
2025-09-01,41,Oregon,OR,5.2
2025-10-01,41,Oregon,OR,.
2025-11-01,41,Oregon,OR,5.2
2025-12-01,41,Oregon,OR,5.2
2020-01-01,42,Pennsylvania,PA,4.4
2020-02-01,42,Pennsylvania,PA,4.6
2020-03-01,42,Pennsylvania,PA,4.8
2020-04-01,42,Pennsylvania,PA,16.1
2020-05-01,42,Pennsylvania,PA,12.9
2020-06-01,42,Pennsylvania,PA,11.3
2020-07-01,42,Pennsylvania,PA,10.4
2020-08-01,42,Pennsylvania,PA,9.3
2020-09-01,42,Pennsylvania,PA,8.7
2020-10-01,42,Pennsylvania,PA,8.1
2020-11-01,42,Pennsylvania,PA,7.8
2020-12-01,42,Pennsylvania,PA,7.6
2021-01-01,42,Pennsylvania,PA,7.3
2021-02-01,42,Pennsylvania,PA,7.1
2021-03-01,42,Pennsylvania,PA,6.8
2021-04-01,42,Pennsylvania,PA,6.5
2021-05-01,42,Pennsylvania,PA,6.3
2021-06-01,42,Pennsylvania,PA,6.1
2021-07-01,42,Pennsylvania,PA,5.9
2021-08-01,42,Pennsylvania,PA,5.6
2021-09-01,42,Pennsylvania,PA,5.2
2021-10-01,42,Pennsylvania,PA,4.9
2021-11-01,42,Pennsylvania,PA,4.7
2021-12-01,42,Pennsylvania,PA,4.4
2022-01-01,42,Pennsylvania,PA,4.3
2022-02-01,42,Pennsylvania,PA,4.2
2022-03-01,42,Pennsylvania,PA,4.2
2022-04-01,42,Pennsylvania,PA,4.2
2022-05-01,42,Pennsylvania,PA,4.2
2022-06-01,42,Pennsylvania,PA,4.2
2022-07-01,42,Pennsylvania,PA,4.1
2022-08-01,42,Pennsylvania,PA,4.1
2022-09-01,42,Pennsylvania,PA,4.1
2022-10-01,42,Pennsylvania,PA,4.0
2022-11-01,42,Pennsylvania,PA,4.0
2022-12-01,42,Pennsylvania,PA,3.9
2023-01-01,42,Pennsylvania,PA,3.9
2023-02-01,42,Pennsylvania,PA,3.8
2023-03-01,42,Pennsylvania,PA,3.7
2023-04-01,42,Pennsylvania,PA,3.6
2023-05-01,42,Pennsylvania,PA,3.6
2023-06-01,42,Pennsylvania,PA,3.5
2023-07-01,42,Pennsylvania,PA,3.5
2023-08-01,42,Pennsylvania,PA,3.6
2023-09-01,42,Pennsylvania,PA,3.6
2023-10-01,42,Pennsylvania,PA,3.7
2023-11-01,42,Pennsylvania,PA,3.7
2023-12-01,42,Pennsylvania,PA,3.7
2024-01-01,42,Pennsylvania,PA,3.7
2024-02-01,42,Pennsylvania,PA,3.6
2024-03-01,42,Pennsylvania,PA,3.6
2024-04-01,42,Pennsylvania,PA,3.6
2024-05-01,42,Pennsylvania,PA,3.6
2024-06-01,42,Pennsylvania,PA,3.6
2024-07-01,42,Pennsylvania,PA,3.6
2024-08-01,42,Pennsylvania,PA,3.6
2024-09-01,42,Pennsylvania,PA,3.7
2024-10-01,42,Pennsylvania,PA,3.7
2024-11-01,42,Pennsylvania,PA,3.7
2024-12-01,42,Pennsylvania,PA,3.7
2025-01-01,42,Pennsylvania,PA,3.8
2025-02-01,42,Pennsylvania,PA,3.8
2025-03-01,42,Pennsylvania,PA,3.8
2025-04-01,42,Pennsylvania,PA,3.9
2025-05-01,42,Pennsylvania,PA,3.9
2025-06-01,42,Pennsylvania,PA,4.0
2025-07-01,42,Pennsylvania,PA,4.0
2025-08-01,42,Pennsylvania,PA,4.0
2025-09-01,42,Pennsylvania,PA,4.1
2025-10-01,42,Pennsylvania,PA,.
2025-11-01,42,Pennsylvania,PA,4.2
2025-12-01,42,Pennsylvania,PA,4.2
2020-01-01,44,Rhode Island,RI,3.5
2020-02-01,44,Rhode Island,RI,3.6
2020-03-01,44,Rhode Island,RI,3.7
2020-04-01,44,Rhode Island,RI,17.9
2020-05-01,44,Rhode Island,RI,15.4
2020-06-01,44,Rhode Island,RI,13.4
2020-07-01,44,Rhode Island,RI,12.2
2020-08-01,44,Rhode Island,RI,10.4
2020-09-01,44,Rhode Island,RI,10.0
2020-10-01,44,Rhode Island,RI,7.0
2020-11-01,44,Rhode Island,RI,7.0
2020-12-01,44,Rhode Island,RI,7.0
2021-01-01,44,Rhode Island,RI,6.6
2021-02-01,44,Rhode Island,RI,6.4
2021-03-01,44,Rhode Island,RI,6.3
2021-04-01,44,Rhode Island,RI,6.3
2021-05-01,44,Rhode Island,RI,6.1
2021-06-01,44,Rhode Island,RI,6.2
2021-07-01,44,Rhode Island,RI,5.9
2021-08-01,44,Rhode Island,RI,5.6
2021-09-01,44,Rhode Island,RI,5.1
2021-10-01,44,Rhode Island,RI,4.7
2021-11-01,44,Rhode Island,RI,4.2
2021-12-01,44,Rhode Island,RI,3.8
2022-01-01,44,Rhode Island,RI,3.5
2022-02-01,44,Rhode Island,RI,3.3
2022-03-01,44,Rhode Island,RI,3.2
2022-04-01,44,Rhode Island,RI,3.1
2022-05-01,44,Rhode Island,RI,3.2
2022-06-01,44,Rhode Island,RI,3.2
2022-07-01,44,Rhode Island,RI,3.3
2022-08-01,44,Rhode Island,RI,3.4
2022-09-01,44,Rhode Island,RI,3.3
2022-10-01,44,Rhode Island,RI,3.2
2022-11-01,44,Rhode Island,RI,3.1
2022-12-01,44,Rhode Island,RI,3.0
2023-01-01,44,Rhode Island,RI,2.9
2023-02-01,44,Rhode Island,RI,2.8
2023-03-01,44,Rhode Island,RI,2.8
2023-04-01,44,Rhode Island,RI,2.7
2023-05-01,44,Rhode Island,RI,2.7
2023-06-01,44,Rhode Island,RI,2.6
2023-07-01,44,Rhode Island,RI,2.7
2023-08-01,44,Rhode Island,RI,2.8
2023-09-01,44,Rhode Island,RI,3.1
2023-10-01,44,Rhode Island,RI,3.3
2023-11-01,44,Rhode Island,RI,3.6
2023-12-01,44,Rhode Island,RI,3.8
2024-01-01,44,Rhode Island,RI,3.9
2024-02-01,44,Rhode Island,RI,4.0
2024-03-01,44,Rhode Island,RI,4.1
2024-04-01,44,Rhode Island,RI,4.2
2024-05-01,44,Rhode Island,RI,4.3
2024-06-01,44,Rhode Island,RI,4.4
2024-07-01,44,Rhode Island,RI,4.4
2024-08-01,44,Rhode Island,RI,4.5
2024-09-01,44,Rhode Island,RI,4.5
2024-10-01,44,Rhode Island,RI,4.5
2024-11-01,44,Rhode Island,RI,4.5
2024-12-01,44,Rhode Island,RI,4.5
2025-01-01,44,Rhode Island,RI,4.6
2025-02-01,44,Rhode Island,RI,4.7
2025-03-01,44,Rhode Island,RI,4.8
2025-04-01,44,Rhode Island,RI,4.9
2025-05-01,44,Rhode Island,RI,4.9
2025-06-01,44,Rhode Island,RI,4.8
2025-07-01,44,Rhode Island,RI,4.8
2025-08-01,44,Rhode Island,RI,4.6
2025-09-01,44,Rhode Island,RI,4.5
2025-10-01,44,Rhode Island,RI,.
2025-11-01,44,Rhode Island,RI,4.3
2025-12-01,44,Rhode Island,RI,4.3
2020-01-01,45,South Carolina,SC,2.8
2020-02-01,45,South Carolina,SC,2.9
2020-03-01,45,South Carolina,SC,3.1
2020-04-01,45,South Carolina,SC,11.7
2020-05-01,45,South Carolina,SC,9.3
2020-06-01,45,South Carolina,SC,7.8
2020-07-01,45,South Carolina,SC,7.1
2020-08-01,45,South Carolina,SC,6.2
2020-09-01,45,South Carolina,SC,5.8
2020-10-01,45,South Carolina,SC,5.3
2020-11-01,45,South Carolina,SC,5.1
2020-12-01,45,South Carolina,SC,4.9
2021-01-01,45,South Carolina,SC,4.6
2021-02-01,45,South Carolina,SC,4.4
2021-03-01,45,South Carolina,SC,4.3
2021-04-01,45,South Carolina,SC,4.2
2021-05-01,45,South Carolina,SC,4.1
2021-06-01,45,South Carolina,SC,4.0
2021-07-01,45,South Carolina,SC,3.9
2021-08-01,45,South Carolina,SC,3.8
2021-09-01,45,South Carolina,SC,3.6
2021-10-01,45,South Carolina,SC,3.5
2021-11-01,45,South Carolina,SC,3.4
2021-12-01,45,South Carolina,SC,3.3
2022-01-01,45,South Carolina,SC,3.3
2022-02-01,45,South Carolina,SC,3.2
2022-03-01,45,South Carolina,SC,3.2
2022-04-01,45,South Carolina,SC,3.2
2022-05-01,45,South Carolina,SC,3.2
2022-06-01,45,South Carolina,SC,3.2
2022-07-01,45,South Carolina,SC,3.2
2022-08-01,45,South Carolina,SC,3.2
2022-09-01,45,South Carolina,SC,3.2
2022-10-01,45,South Carolina,SC,3.2
2022-11-01,45,South Carolina,SC,3.2
2022-12-01,45,South Carolina,SC,3.1
2023-01-01,45,South Carolina,SC,3.1
2023-02-01,45,South Carolina,SC,3.0
2023-03-01,45,South Carolina,SC,3.0
2023-04-01,45,South Carolina,SC,2.9
2023-05-01,45,South Carolina,SC,2.8
2023-06-01,45,South Carolina,SC,2.8
2023-07-01,45,South Carolina,SC,2.8
2023-08-01,45,South Carolina,SC,2.9
2023-09-01,45,South Carolina,SC,3.0
2023-10-01,45,South Carolina,SC,3.1
2023-11-01,45,South Carolina,SC,3.2
2023-12-01,45,South Carolina,SC,3.3
2024-01-01,45,South Carolina,SC,3.4
2024-02-01,45,South Carolina,SC,3.5
2024-03-01,45,South Carolina,SC,3.7
2024-04-01,45,South Carolina,SC,3.9
2024-05-01,45,South Carolina,SC,4.2
2024-06-01,45,South Carolina,SC,4.4
2024-07-01,45,South Carolina,SC,4.5
2024-08-01,45,South Carolina,SC,4.6
2024-09-01,45,South Carolina,SC,4.5
2024-10-01,45,South Carolina,SC,4.5
2024-11-01,45,South Carolina,SC,4.4
2024-12-01,45,South Carolina,SC,4.4
2025-01-01,45,South Carolina,SC,4.3
2025-02-01,45,South Carolina,SC,4.2
2025-03-01,45,South Carolina,SC,4.1
2025-04-01,45,South Carolina,SC,4.2
2025-05-01,45,South Carolina,SC,4.1
2025-06-01,45,South Carolina,SC,4.1
2025-07-01,45,South Carolina,SC,4.2
2025-08-01,45,South Carolina,SC,4.3
2025-09-01,45,South Carolina,SC,4.4
2025-10-01,45,South Carolina,SC,.
2025-11-01,45,South Carolina,SC,4.6
2025-12-01,45,South Carolina,SC,4.8
2020-01-01,46,South Dakota,SD,2.5
2020-02-01,46,South Dakota,SD,2.5
2020-03-01,46,South Dakota,SD,2.4
2020-04-01,46,South Dakota,SD,8.8
2020-05-01,46,South Dakota,SD,6.6
2020-06-01,46,South Dakota,SD,5.3
2020-07-01,46,South Dakota,SD,4.7
2020-08-01,46,South Dakota,SD,3.9
2020-09-01,46,South Dakota,SD,3.6
2020-10-01,46,South Dakota,SD,3.3
2020-11-01,46,South Dakota,SD,3.1
2020-12-01,46,South Dakota,SD,3.0
2021-01-01,46,South Dakota,SD,2.9
2021-02-01,46,South Dakota,SD,2.8
2021-03-01,46,South Dakota,SD,2.8
2021-04-01,46,South Dakota,SD,2.8
2021-05-01,46,South Dakota,SD,2.7
2021-06-01,46,South Dakota,SD,2.7
2021-07-01,46,South Dakota,SD,2.6
2021-08-01,46,South Dakota,SD,2.5
2021-09-01,46,South Dakota,SD,2.4
2021-10-01,46,South Dakota,SD,2.2
2021-11-01,46,South Dakota,SD,2.1
2021-12-01,46,South Dakota,SD,2.0
2022-01-01,46,South Dakota,SD,1.9
2022-02-01,46,South Dakota,SD,1.9
2022-03-01,46,South Dakota,SD,1.8
2022-04-01,46,South Dakota,SD,1.8
2022-05-01,46,South Dakota,SD,1.9
2022-06-01,46,South Dakota,SD,1.9
2022-07-01,46,South Dakota,SD,1.9
2022-08-01,46,South Dakota,SD,1.9
2022-09-01,46,South Dakota,SD,2.0
2022-10-01,46,South Dakota,SD,1.9
2022-11-01,46,South Dakota,SD,1.9
2022-12-01,46,South Dakota,SD,1.9
2023-01-01,46,South Dakota,SD,1.8
2023-02-01,46,South Dakota,SD,1.8
2023-03-01,46,South Dakota,SD,1.8
2023-04-01,46,South Dakota,SD,1.8
2023-05-01,46,South Dakota,SD,1.8
2023-06-01,46,South Dakota,SD,1.8
2023-07-01,46,South Dakota,SD,1.8
2023-08-01,46,South Dakota,SD,1.8
2023-09-01,46,South Dakota,SD,1.8
2023-10-01,46,South Dakota,SD,1.8
2023-11-01,46,South Dakota,SD,1.8
2023-12-01,46,South Dakota,SD,1.8
2024-01-01,46,South Dakota,SD,1.7
2024-02-01,46,South Dakota,SD,1.7
2024-03-01,46,South Dakota,SD,1.7
2024-04-01,46,South Dakota,SD,1.8
2024-05-01,46,South Dakota,SD,1.8
2024-06-01,46,South Dakota,SD,1.8
2024-07-01,46,South Dakota,SD,1.8
2024-08-01,46,South Dakota,SD,1.8
2024-09-01,46,South Dakota,SD,1.8
2024-10-01,46,South Dakota,SD,1.9
2024-11-01,46,South Dakota,SD,1.9
2024-12-01,46,South Dakota,SD,1.9
2025-01-01,46,South Dakota,SD,1.9
2025-02-01,46,South Dakota,SD,1.9
2025-03-01,46,South Dakota,SD,1.8
2025-04-01,46,South Dakota,SD,1.8
2025-05-01,46,South Dakota,SD,1.8
2025-06-01,46,South Dakota,SD,1.8
2025-07-01,46,South Dakota,SD,1.9
2025-08-01,46,South Dakota,SD,1.9
2025-09-01,46,South Dakota,SD,2.0
2025-10-01,46,South Dakota,SD,.
2025-11-01,46,South Dakota,SD,2.1
2025-12-01,46,South Dakota,SD,2.2
2020-01-01,47,Tennessee,TN,3.4
2020-02-01,47,Tennessee,TN,3.5
2020-03-01,47,Tennessee,TN,3.5
2020-04-01,47,Tennessee,TN,15.7
2020-05-01,47,Tennessee,TN,12.1
2020-06-01,47,Tennessee,TN,10.2
2020-07-01,47,Tennessee,TN,9.0
2020-08-01,47,Tennessee,TN,7.6
2020-09-01,47,Tennessee,TN,7.1
2020-10-01,47,Tennessee,TN,6.3
2020-11-01,47,Tennessee,TN,5.9
2020-12-01,47,Tennessee,TN,5.6
2021-01-01,47,Tennessee,TN,5.4
2021-02-01,47,Tennessee,TN,5.2
2021-03-01,47,Tennessee,TN,5.1
2021-04-01,47,Tennessee,TN,5.0
2021-05-01,47,Tennessee,TN,4.9
2021-06-01,47,Tennessee,TN,4.7
2021-07-01,47,Tennessee,TN,4.4
2021-08-01,47,Tennessee,TN,4.2
2021-09-01,47,Tennessee,TN,3.9
2021-10-01,47,Tennessee,TN,3.7
2021-11-01,47,Tennessee,TN,3.6
2021-12-01,47,Tennessee,TN,3.5
2022-01-01,47,Tennessee,TN,3.4
2022-02-01,47,Tennessee,TN,3.4
2022-03-01,47,Tennessee,TN,3.3
2022-04-01,47,Tennessee,TN,3.3
2022-05-01,47,Tennessee,TN,3.3
2022-06-01,47,Tennessee,TN,3.3
2022-07-01,47,Tennessee,TN,3.3
2022-08-01,47,Tennessee,TN,3.3
2022-09-01,47,Tennessee,TN,3.4
2022-10-01,47,Tennessee,TN,3.4
2022-11-01,47,Tennessee,TN,3.4
2022-12-01,47,Tennessee,TN,3.4
2023-01-01,47,Tennessee,TN,3.4
2023-02-01,47,Tennessee,TN,3.3
2023-03-01,47,Tennessee,TN,3.2
2023-04-01,47,Tennessee,TN,3.2
2023-05-01,47,Tennessee,TN,3.1
2023-06-01,47,Tennessee,TN,3.1
2023-07-01,47,Tennessee,TN,3.2
2023-08-01,47,Tennessee,TN,3.2
2023-09-01,47,Tennessee,TN,3.2
2023-10-01,47,Tennessee,TN,3.3
2023-11-01,47,Tennessee,TN,3.3
2023-12-01,47,Tennessee,TN,3.2
2024-01-01,47,Tennessee,TN,3.2
2024-02-01,47,Tennessee,TN,3.1
2024-03-01,47,Tennessee,TN,3.1
2024-04-01,47,Tennessee,TN,3.2
2024-05-01,47,Tennessee,TN,3.2
2024-06-01,47,Tennessee,TN,3.3
2024-07-01,47,Tennessee,TN,3.4
2024-08-01,47,Tennessee,TN,3.6
2024-09-01,47,Tennessee,TN,3.7
2024-10-01,47,Tennessee,TN,3.7
2024-11-01,47,Tennessee,TN,3.7
2024-12-01,47,Tennessee,TN,3.7
2025-01-01,47,Tennessee,TN,3.7
2025-02-01,47,Tennessee,TN,3.7
2025-03-01,47,Tennessee,TN,3.6
2025-04-01,47,Tennessee,TN,3.5
2025-05-01,47,Tennessee,TN,3.5
2025-06-01,47,Tennessee,TN,3.5
2025-07-01,47,Tennessee,TN,3.6
2025-08-01,47,Tennessee,TN,3.6
2025-09-01,47,Tennessee,TN,3.6
2025-10-01,47,Tennessee,TN,.
2025-11-01,47,Tennessee,TN,3.6
2025-12-01,47,Tennessee,TN,3.6
2020-01-01,48,Texas,TX,3.5
2020-02-01,48,Texas,TX,3.6
2020-03-01,48,Texas,TX,5.0
2020-04-01,48,Texas,TX,12.8
2020-05-01,48,Texas,TX,11.7
2020-06-01,48,Texas,TX,10.1
2020-07-01,48,Texas,TX,9.3
2020-08-01,48,Texas,TX,8.0
2020-09-01,48,Texas,TX,7.7
2020-10-01,48,Texas,TX,7.1
2020-11-01,48,Texas,TX,7.0
2020-12-01,48,Texas,TX,6.9
2021-01-01,48,Texas,TX,6.7
2021-02-01,48,Texas,TX,6.6
2021-03-01,48,Texas,TX,6.4
2021-04-01,48,Texas,TX,6.2
2021-05-01,48,Texas,TX,6.0
2021-06-01,48,Texas,TX,5.9
2021-07-01,48,Texas,TX,5.6
2021-08-01,48,Texas,TX,5.3
2021-09-01,48,Texas,TX,5.0
2021-10-01,48,Texas,TX,4.8
2021-11-01,48,Texas,TX,4.6
2021-12-01,48,Texas,TX,4.4
2022-01-01,48,Texas,TX,4.3
2022-02-01,48,Texas,TX,4.1
2022-03-01,48,Texas,TX,3.9
2022-04-01,48,Texas,TX,3.9
2022-05-01,48,Texas,TX,3.8
2022-06-01,48,Texas,TX,3.8
2022-07-01,48,Texas,TX,3.8
2022-08-01,48,Texas,TX,3.7
2022-09-01,48,Texas,TX,3.8
2022-10-01,48,Texas,TX,3.9
2022-11-01,48,Texas,TX,4.0
2022-12-01,48,Texas,TX,4.0
2023-01-01,48,Texas,TX,4.1
2023-02-01,48,Texas,TX,4.1
2023-03-01,48,Texas,TX,4.1
2023-04-01,48,Texas,TX,4.0
2023-05-01,48,Texas,TX,4.0
2023-06-01,48,Texas,TX,4.0
2023-07-01,48,Texas,TX,4.0
2023-08-01,48,Texas,TX,4.0
2023-09-01,48,Texas,TX,4.0
2023-10-01,48,Texas,TX,4.0
2023-11-01,48,Texas,TX,4.0
2023-12-01,48,Texas,TX,3.9
2024-01-01,48,Texas,TX,3.9
2024-02-01,48,Texas,TX,3.9
2024-03-01,48,Texas,TX,4.0
2024-04-01,48,Texas,TX,4.0
2024-05-01,48,Texas,TX,4.1
2024-06-01,48,Texas,TX,4.1
2024-07-01,48,Texas,TX,4.1
2024-08-01,48,Texas,TX,4.2
2024-09-01,48,Texas,TX,4.2
2024-10-01,48,Texas,TX,4.2
2024-11-01,48,Texas,TX,4.2
2024-12-01,48,Texas,TX,4.2
2025-01-01,48,Texas,TX,4.1
2025-02-01,48,Texas,TX,4.1
2025-03-01,48,Texas,TX,4.1
2025-04-01,48,Texas,TX,4.1
2025-05-01,48,Texas,TX,4.1
2025-06-01,48,Texas,TX,4.0
2025-07-01,48,Texas,TX,4.0
2025-08-01,48,Texas,TX,4.1
2025-09-01,48,Texas,TX,4.1
2025-10-01,48,Texas,TX,.
2025-11-01,48,Texas,TX,4.2
2025-12-01,48,Texas,TX,4.3
2020-01-01,49,Utah,UT,2.5
2020-02-01,49,Utah,UT,2.5
2020-03-01,49,Utah,UT,2.5
2020-04-01,49,Utah,UT,10.0
2020-05-01,49,Utah,UT,7.7
2020-06-01,49,Utah,UT,6.4
2020-07-01,49,Utah,UT,5.7
2020-08-01,49,Utah,UT,4.8
2020-09-01,49,Utah,UT,4.5
2020-10-01,49,Utah,UT,4.0
2020-11-01,49,Utah,UT,3.8
2020-12-01,49,Utah,UT,3.6
2021-01-01,49,Utah,UT,3.4
2021-02-01,49,Utah,UT,3.3
2021-03-01,49,Utah,UT,3.1
2021-04-01,49,Utah,UT,3.0
2021-05-01,49,Utah,UT,2.9
2021-06-01,49,Utah,UT,2.8
2021-07-01,49,Utah,UT,2.7
2021-08-01,49,Utah,UT,2.6
2021-09-01,49,Utah,UT,2.5
2021-10-01,49,Utah,UT,2.4
2021-11-01,49,Utah,UT,2.3
2021-12-01,49,Utah,UT,2.2
2022-01-01,49,Utah,UT,2.2
2022-02-01,49,Utah,UT,2.2
2022-03-01,49,Utah,UT,2.3
2022-04-01,49,Utah,UT,2.3
2022-05-01,49,Utah,UT,2.3
2022-06-01,49,Utah,UT,2.3
2022-07-01,49,Utah,UT,2.4
2022-08-01,49,Utah,UT,2.4
2022-09-01,49,Utah,UT,2.5
2022-10-01,49,Utah,UT,2.5
2022-11-01,49,Utah,UT,2.5
2022-12-01,49,Utah,UT,2.5
2023-01-01,49,Utah,UT,2.5
2023-02-01,49,Utah,UT,2.5
2023-03-01,49,Utah,UT,2.5
2023-04-01,49,Utah,UT,2.5
2023-05-01,49,Utah,UT,2.6
2023-06-01,49,Utah,UT,2.6
2023-07-01,49,Utah,UT,2.7
2023-08-01,49,Utah,UT,2.7
2023-09-01,49,Utah,UT,2.8
2023-10-01,49,Utah,UT,2.8
2023-11-01,49,Utah,UT,2.9
2023-12-01,49,Utah,UT,2.9
2024-01-01,49,Utah,UT,2.9
2024-02-01,49,Utah,UT,3.0
2024-03-01,49,Utah,UT,3.0
2024-04-01,49,Utah,UT,3.1
2024-05-01,49,Utah,UT,3.2
2024-06-01,49,Utah,UT,3.3
2024-07-01,49,Utah,UT,3.3
2024-08-01,49,Utah,UT,3.3
2024-09-01,49,Utah,UT,3.3
2024-10-01,49,Utah,UT,3.3
2024-11-01,49,Utah,UT,3.3
2024-12-01,49,Utah,UT,3.3
2025-01-01,49,Utah,UT,3.2
2025-02-01,49,Utah,UT,3.2
2025-03-01,49,Utah,UT,3.1
2025-04-01,49,Utah,UT,3.1
2025-05-01,49,Utah,UT,3.2
2025-06-01,49,Utah,UT,3.2
2025-07-01,49,Utah,UT,3.3
2025-08-01,49,Utah,UT,3.3
2025-09-01,49,Utah,UT,3.4
2025-10-01,49,Utah,UT,.
2025-11-01,49,Utah,UT,3.6
2025-12-01,49,Utah,UT,3.6
2020-01-01,50,Vermont,VT,2.1
2020-02-01,50,Vermont,VT,2.2
2020-03-01,50,Vermont,VT,2.4
2020-04-01,50,Vermont,VT,14.1
2020-05-01,50,Vermont,VT,9.6
2020-06-01,50,Vermont,VT,7.7
2020-07-01,50,Vermont,VT,6.6
2020-08-01,50,Vermont,VT,5.4
2020-09-01,50,Vermont,VT,4.9
2020-10-01,50,Vermont,VT,4.3
2020-11-01,50,Vermont,VT,4.2
2020-12-01,50,Vermont,VT,4.3
2021-01-01,50,Vermont,VT,4.4
2021-02-01,50,Vermont,VT,4.5
2021-03-01,50,Vermont,VT,4.4
2021-04-01,50,Vermont,VT,4.3
2021-05-01,50,Vermont,VT,4.0
2021-06-01,50,Vermont,VT,3.7
2021-07-01,50,Vermont,VT,3.5
2021-08-01,50,Vermont,VT,3.3
2021-09-01,50,Vermont,VT,3.1
2021-10-01,50,Vermont,VT,2.9
2021-11-01,50,Vermont,VT,2.7
2021-12-01,50,Vermont,VT,2.6
2022-01-01,50,Vermont,VT,2.5
2022-02-01,50,Vermont,VT,2.4
2022-03-01,50,Vermont,VT,2.3
2022-04-01,50,Vermont,VT,2.3
2022-05-01,50,Vermont,VT,2.3
2022-06-01,50,Vermont,VT,2.3
2022-07-01,50,Vermont,VT,2.3
2022-08-01,50,Vermont,VT,2.4
2022-09-01,50,Vermont,VT,2.4
2022-10-01,50,Vermont,VT,2.4
2022-11-01,50,Vermont,VT,2.4
2022-12-01,50,Vermont,VT,2.2
2023-01-01,50,Vermont,VT,2.1
2023-02-01,50,Vermont,VT,2.0
2023-03-01,50,Vermont,VT,1.8
2023-04-01,50,Vermont,VT,1.8
2023-05-01,50,Vermont,VT,1.7
2023-06-01,50,Vermont,VT,1.8
2023-07-01,50,Vermont,VT,1.8
2023-08-01,50,Vermont,VT,1.9
2023-09-01,50,Vermont,VT,2.0
2023-10-01,50,Vermont,VT,2.0
2023-11-01,50,Vermont,VT,2.0
2023-12-01,50,Vermont,VT,2.0
2024-01-01,50,Vermont,VT,2.0
2024-02-01,50,Vermont,VT,2.0
2024-03-01,50,Vermont,VT,2.1
2024-04-01,50,Vermont,VT,2.1
2024-05-01,50,Vermont,VT,2.2
2024-06-01,50,Vermont,VT,2.3
2024-07-01,50,Vermont,VT,2.4
2024-08-01,50,Vermont,VT,2.5
2024-09-01,50,Vermont,VT,2.5
2024-10-01,50,Vermont,VT,2.5
2024-11-01,50,Vermont,VT,2.5
2024-12-01,50,Vermont,VT,2.5
2025-01-01,50,Vermont,VT,2.6
2025-02-01,50,Vermont,VT,2.6
2025-03-01,50,Vermont,VT,2.6
2025-04-01,50,Vermont,VT,2.6
2025-05-01,50,Vermont,VT,2.6
2025-06-01,50,Vermont,VT,2.6
2025-07-01,50,Vermont,VT,2.6
2025-08-01,50,Vermont,VT,2.5
2025-09-01,50,Vermont,VT,2.5
2025-10-01,50,Vermont,VT,.
2025-11-01,50,Vermont,VT,2.6
2025-12-01,50,Vermont,VT,2.6
2020-01-01,51,Virginia,VA,2.8
2020-02-01,51,Virginia,VA,2.9
2020-03-01,51,Virginia,VA,3.2
2020-04-01,51,Virginia,VA,11.9
2020-05-01,51,Virginia,VA,10.0
2020-06-01,51,Virginia,VA,8.9
2020-07-01,51,Virginia,VA,8.3
2020-08-01,51,Virginia,VA,7.3
2020-09-01,51,Virginia,VA,6.7
2020-10-01,51,Virginia,VA,5.9
2020-11-01,51,Virginia,VA,5.3
2020-12-01,51,Virginia,VA,5.0
2021-01-01,51,Virginia,VA,4.8
2021-02-01,51,Virginia,VA,4.7
2021-03-01,51,Virginia,VA,4.5
2021-04-01,51,Virginia,VA,4.4
2021-05-01,51,Virginia,VA,4.2
2021-06-01,51,Virginia,VA,4.0
2021-07-01,51,Virginia,VA,3.8
2021-08-01,51,Virginia,VA,3.5
2021-09-01,51,Virginia,VA,3.3
2021-10-01,51,Virginia,VA,3.1
2021-11-01,51,Virginia,VA,2.9
2021-12-01,51,Virginia,VA,2.8
2022-01-01,51,Virginia,VA,2.7
2022-02-01,51,Virginia,VA,2.6
2022-03-01,51,Virginia,VA,2.6
2022-04-01,51,Virginia,VA,2.6
2022-05-01,51,Virginia,VA,2.5
2022-06-01,51,Virginia,VA,2.5
2022-07-01,51,Virginia,VA,2.6
2022-08-01,51,Virginia,VA,2.7
2022-09-01,51,Virginia,VA,2.8
2022-10-01,51,Virginia,VA,2.9
2022-11-01,51,Virginia,VA,2.9
2022-12-01,51,Virginia,VA,2.9
2023-01-01,51,Virginia,VA,2.9
2023-02-01,51,Virginia,VA,2.8
2023-03-01,51,Virginia,VA,2.7
2023-04-01,51,Virginia,VA,2.6
2023-05-01,51,Virginia,VA,2.5
2023-06-01,51,Virginia,VA,2.5
2023-07-01,51,Virginia,VA,2.5
2023-08-01,51,Virginia,VA,2.6
2023-09-01,51,Virginia,VA,2.7
2023-10-01,51,Virginia,VA,2.8
2023-11-01,51,Virginia,VA,2.8
2023-12-01,51,Virginia,VA,2.9
2024-01-01,51,Virginia,VA,2.8
2024-02-01,51,Virginia,VA,2.8
2024-03-01,51,Virginia,VA,2.8
2024-04-01,51,Virginia,VA,2.8
2024-05-01,51,Virginia,VA,2.8
2024-06-01,51,Virginia,VA,2.8
2024-07-01,51,Virginia,VA,2.8
2024-08-01,51,Virginia,VA,2.9
2024-09-01,51,Virginia,VA,2.9
2024-10-01,51,Virginia,VA,2.9
2024-11-01,51,Virginia,VA,2.9
2024-12-01,51,Virginia,VA,2.9
2025-01-01,51,Virginia,VA,3.0
2025-02-01,51,Virginia,VA,3.1
2025-03-01,51,Virginia,VA,3.2
2025-04-01,51,Virginia,VA,3.3
2025-05-01,51,Virginia,VA,3.4
2025-06-01,51,Virginia,VA,3.5
2025-07-01,51,Virginia,VA,3.6
2025-08-01,51,Virginia,VA,3.6
2025-09-01,51,Virginia,VA,3.5
2025-10-01,51,Virginia,VA,.
2025-11-01,51,Virginia,VA,3.5
2025-12-01,51,Virginia,VA,3.6
2020-01-01,53,Washington,WA,3.6
2020-02-01,53,Washington,WA,3.8
2020-03-01,53,Washington,WA,6.0
2020-04-01,53,Washington,WA,17.1
2020-05-01,53,Washington,WA,13.6
2020-06-01,53,Washington,WA,11.7
2020-07-01,53,Washington,WA,10.5
2020-08-01,53,Washington,WA,9.0
2020-09-01,53,Washington,WA,8.2
2020-10-01,53,Washington,WA,7.3
2020-11-01,53,Washington,WA,6.9
2020-12-01,53,Washington,WA,6.7
2021-01-01,53,Washington,WA,6.4
2021-02-01,53,Washington,WA,6.2
2021-03-01,53,Washington,WA,5.9
2021-04-01,53,Washington,WA,5.7
2021-05-01,53,Washington,WA,5.5
2021-06-01,53,Washington,WA,5.3
2021-07-01,53,Washington,WA,5.1
2021-08-01,53,Washington,WA,4.9
2021-09-01,53,Washington,WA,4.7
2021-10-01,53,Washington,WA,4.4
2021-11-01,53,Washington,WA,4.2
2021-12-01,53,Washington,WA,4.0
2022-01-01,53,Washington,WA,4.0
2022-02-01,53,Washington,WA,3.9
2022-03-01,53,Washington,WA,3.9
2022-04-01,53,Washington,WA,4.0
2022-05-01,53,Washington,WA,4.0
2022-06-01,53,Washington,WA,4.0
2022-07-01,53,Washington,WA,4.0
2022-08-01,53,Washington,WA,4.1
2022-09-01,53,Washington,WA,4.2
2022-10-01,53,Washington,WA,4.2
2022-11-01,53,Washington,WA,4.2
2022-12-01,53,Washington,WA,4.2
2023-01-01,53,Washington,WA,4.1
2023-02-01,53,Washington,WA,4.1
2023-03-01,53,Washington,WA,4.0
2023-04-01,53,Washington,WA,4.0
2023-05-01,53,Washington,WA,4.0
2023-06-01,53,Washington,WA,4.0
2023-07-01,53,Washington,WA,4.1
2023-08-01,53,Washington,WA,4.2
2023-09-01,53,Washington,WA,4.3
2023-10-01,53,Washington,WA,4.5
2023-11-01,53,Washington,WA,4.5
2023-12-01,53,Washington,WA,4.6
2024-01-01,53,Washington,WA,4.6
2024-02-01,53,Washington,WA,4.6
2024-03-01,53,Washington,WA,4.6
2024-04-01,53,Washington,WA,4.6
2024-05-01,53,Washington,WA,4.6
2024-06-01,53,Washington,WA,4.5
2024-07-01,53,Washington,WA,4.5
2024-08-01,53,Washington,WA,4.5
2024-09-01,53,Washington,WA,4.4
2024-10-01,53,Washington,WA,4.4
2024-11-01,53,Washington,WA,4.4
2024-12-01,53,Washington,WA,4.4
2025-01-01,53,Washington,WA,4.3
2025-02-01,53,Washington,WA,4.4
2025-03-01,53,Washington,WA,4.4
2025-04-01,53,Washington,WA,4.4
2025-05-01,53,Washington,WA,4.5
2025-06-01,53,Washington,WA,4.5
2025-07-01,53,Washington,WA,4.5
2025-08-01,53,Washington,WA,4.5
2025-09-01,53,Washington,WA,4.5
2025-10-01,53,Washington,WA,.
2025-11-01,53,Washington,WA,4.6
2025-12-01,53,Washington,WA,4.7
2020-01-01,54,West Virginia,WV,5.2
2020-02-01,54,West Virginia,WV,5.3
2020-03-01,54,West Virginia,WV,5.3
2020-04-01,54,West Virginia,WV,15.8
2020-05-01,54,West Virginia,WV,12.5
2020-06-01,54,West Virginia,WV,10.6
2020-07-01,54,West Virginia,WV,9.5
2020-08-01,54,West Virginia,WV,8.2
2020-09-01,54,West Virginia,WV,7.6
2020-10-01,54,West Virginia,WV,7.0
2020-11-01,54,West Virginia,WV,6.6
2020-12-01,54,West Virginia,WV,6.4
2021-01-01,54,West Virginia,WV,6.2
2021-02-01,54,West Virginia,WV,6.0
2021-03-01,54,West Virginia,WV,5.9
2021-04-01,54,West Virginia,WV,5.8
2021-05-01,54,West Virginia,WV,5.6
2021-06-01,54,West Virginia,WV,5.4
2021-07-01,54,West Virginia,WV,5.1
2021-08-01,54,West Virginia,WV,4.8
2021-09-01,54,West Virginia,WV,4.5
2021-10-01,54,West Virginia,WV,4.3
2021-11-01,54,West Virginia,WV,4.1
2021-12-01,54,West Virginia,WV,4.0
2022-01-01,54,West Virginia,WV,3.9
2022-02-01,54,West Virginia,WV,3.9
2022-03-01,54,West Virginia,WV,3.8
2022-04-01,54,West Virginia,WV,3.8
2022-05-01,54,West Virginia,WV,3.9
2022-06-01,54,West Virginia,WV,3.9
2022-07-01,54,West Virginia,WV,3.9
2022-08-01,54,West Virginia,WV,4.0
2022-09-01,54,West Virginia,WV,3.9
2022-10-01,54,West Virginia,WV,3.9
2022-11-01,54,West Virginia,WV,3.8
2022-12-01,54,West Virginia,WV,3.6
2023-01-01,54,West Virginia,WV,3.6
2023-02-01,54,West Virginia,WV,3.5
2023-03-01,54,West Virginia,WV,3.5
2023-04-01,54,West Virginia,WV,3.6
2023-05-01,54,West Virginia,WV,3.7
2023-06-01,54,West Virginia,WV,3.8
2023-07-01,54,West Virginia,WV,3.9
2023-08-01,54,West Virginia,WV,4.0
2023-09-01,54,West Virginia,WV,4.1
2023-10-01,54,West Virginia,WV,4.2
2023-11-01,54,West Virginia,WV,4.2
2023-12-01,54,West Virginia,WV,4.2
2024-01-01,54,West Virginia,WV,4.1
2024-02-01,54,West Virginia,WV,4.1
2024-03-01,54,West Virginia,WV,4.1
2024-04-01,54,West Virginia,WV,4.0
2024-05-01,54,West Virginia,WV,4.1
2024-06-01,54,West Virginia,WV,4.1
2024-07-01,54,West Virginia,WV,4.1
2024-08-01,54,West Virginia,WV,4.1
2024-09-01,54,West Virginia,WV,4.1
2024-10-01,54,West Virginia,WV,4.1
2024-11-01,54,West Virginia,WV,4.1
2024-12-01,54,West Virginia,WV,4.1
2025-01-01,54,West Virginia,WV,4.0
2025-02-01,54,West Virginia,WV,3.9
2025-03-01,54,West Virginia,WV,3.8
2025-04-01,54,West Virginia,WV,3.8
2025-05-01,54,West Virginia,WV,3.7
2025-06-01,54,West Virginia,WV,3.7
2025-07-01,54,West Virginia,WV,3.7
2025-08-01,54,West Virginia,WV,3.8
2025-09-01,54,West Virginia,WV,4.0
2025-10-01,54,West Virginia,WV,.
2025-11-01,54,West Virginia,WV,4.4
2025-12-01,54,West Virginia,WV,4.6
2020-01-01,55,Wisconsin,WI,3.1
2020-02-01,55,Wisconsin,WI,3.1
2020-03-01,55,Wisconsin,WI,3.0
2020-04-01,55,Wisconsin,WI,14.1
2020-05-01,55,Wisconsin,WI,10.5
2020-06-01,55,Wisconsin,WI,8.7
2020-07-01,55,Wisconsin,WI,7.6
2020-08-01,55,Wisconsin,WI,6.3
2020-09-01,55,Wisconsin,WI,5.8
2020-10-01,55,Wisconsin,WI,5.2
2020-11-01,55,Wisconsin,WI,5.0
2020-12-01,55,Wisconsin,WI,4.8
2021-01-01,55,Wisconsin,WI,4.6
2021-02-01,55,Wisconsin,WI,4.5
2021-03-01,55,Wisconsin,WI,4.3
2021-04-01,55,Wisconsin,WI,4.2
2021-05-01,55,Wisconsin,WI,4.1
2021-06-01,55,Wisconsin,WI,3.9
2021-07-01,55,Wisconsin,WI,3.7
2021-08-01,55,Wisconsin,WI,3.5
2021-09-01,55,Wisconsin,WI,3.4
2021-10-01,55,Wisconsin,WI,3.2
2021-11-01,55,Wisconsin,WI,3.1
2021-12-01,55,Wisconsin,WI,3.0
2022-01-01,55,Wisconsin,WI,3.0
2022-02-01,55,Wisconsin,WI,2.9
2022-03-01,55,Wisconsin,WI,2.9
2022-04-01,55,Wisconsin,WI,2.8
2022-05-01,55,Wisconsin,WI,2.8
2022-06-01,55,Wisconsin,WI,2.8
2022-07-01,55,Wisconsin,WI,2.8
2022-08-01,55,Wisconsin,WI,2.8
2022-09-01,55,Wisconsin,WI,2.8
2022-10-01,55,Wisconsin,WI,2.8
2022-11-01,55,Wisconsin,WI,2.7
2022-12-01,55,Wisconsin,WI,2.6
2023-01-01,55,Wisconsin,WI,2.6
2023-02-01,55,Wisconsin,WI,2.6
2023-03-01,55,Wisconsin,WI,2.6
2023-04-01,55,Wisconsin,WI,2.6
2023-05-01,55,Wisconsin,WI,2.7
2023-06-01,55,Wisconsin,WI,2.8
2023-07-01,55,Wisconsin,WI,2.9
2023-08-01,55,Wisconsin,WI,3.0
2023-09-01,55,Wisconsin,WI,3.0
2023-10-01,55,Wisconsin,WI,3.0
2023-11-01,55,Wisconsin,WI,2.9
2023-12-01,55,Wisconsin,WI,2.9
2024-01-01,55,Wisconsin,WI,2.9
2024-02-01,55,Wisconsin,WI,2.9
2024-03-01,55,Wisconsin,WI,2.9
2024-04-01,55,Wisconsin,WI,2.9
2024-05-01,55,Wisconsin,WI,2.9
2024-06-01,55,Wisconsin,WI,2.9
2024-07-01,55,Wisconsin,WI,2.9
2024-08-01,55,Wisconsin,WI,3.0
2024-09-01,55,Wisconsin,WI,3.0
2024-10-01,55,Wisconsin,WI,3.1
2024-11-01,55,Wisconsin,WI,3.1
2024-12-01,55,Wisconsin,WI,3.1
2025-01-01,55,Wisconsin,WI,3.2
2025-02-01,55,Wisconsin,WI,3.2
2025-03-01,55,Wisconsin,WI,3.2
2025-04-01,55,Wisconsin,WI,3.3
2025-05-01,55,Wisconsin,WI,3.3
2025-06-01,55,Wisconsin,WI,3.2
2025-07-01,55,Wisconsin,WI,3.1
2025-08-01,55,Wisconsin,WI,3.1
2025-09-01,55,Wisconsin,WI,3.1
2025-10-01,55,Wisconsin,WI,.
2025-11-01,55,Wisconsin,WI,3.1
2025-12-01,55,Wisconsin,WI,3.1
2020-01-01,56,Wyoming,WY,4.4
2020-02-01,56,Wyoming,WY,4.6
2020-03-01,56,Wyoming,WY,4.8
2020-04-01,56,Wyoming,WY,5.1
2020-05-01,56,Wyoming,WY,8.7
2020-06-01,56,Wyoming,WY,7.3
2020-07-01,56,Wyoming,WY,6.8
2020-08-01,56,Wyoming,WY,6.2
2020-09-01,56,Wyoming,WY,5.9
2020-10-01,56,Wyoming,WY,5.6
2020-11-01,56,Wyoming,WY,5.5
2020-12-01,56,Wyoming,WY,5.4
2021-01-01,56,Wyoming,WY,5.3
2021-02-01,56,Wyoming,WY,5.3
2021-03-01,56,Wyoming,WY,5.2
2021-04-01,56,Wyoming,WY,5.1
2021-05-01,56,Wyoming,WY,4.9
2021-06-01,56,Wyoming,WY,4.7
2021-07-01,56,Wyoming,WY,4.5
2021-08-01,56,Wyoming,WY,4.3
2021-09-01,56,Wyoming,WY,4.1
2021-10-01,56,Wyoming,WY,3.9
2021-11-01,56,Wyoming,WY,3.7
2021-12-01,56,Wyoming,WY,3.6
2022-01-01,56,Wyoming,WY,3.5
2022-02-01,56,Wyoming,WY,3.4
2022-03-01,56,Wyoming,WY,3.4
2022-04-01,56,Wyoming,WY,3.4
2022-05-01,56,Wyoming,WY,3.4
2022-06-01,56,Wyoming,WY,3.4
2022-07-01,56,Wyoming,WY,3.4
2022-08-01,56,Wyoming,WY,3.5
2022-09-01,56,Wyoming,WY,3.5
2022-10-01,56,Wyoming,WY,3.5
2022-11-01,56,Wyoming,WY,3.4
2022-12-01,56,Wyoming,WY,3.4
2023-01-01,56,Wyoming,WY,3.2
2023-02-01,56,Wyoming,WY,3.1
2023-03-01,56,Wyoming,WY,3.0
2023-04-01,56,Wyoming,WY,2.9
2023-05-01,56,Wyoming,WY,2.8
2023-06-01,56,Wyoming,WY,2.8
2023-07-01,56,Wyoming,WY,2.8
2023-08-01,56,Wyoming,WY,2.8
2023-09-01,56,Wyoming,WY,2.8
2023-10-01,56,Wyoming,WY,2.8
2023-11-01,56,Wyoming,WY,2.8
2023-12-01,56,Wyoming,WY,2.8
2024-01-01,56,Wyoming,WY,2.8
2024-02-01,56,Wyoming,WY,2.8
2024-03-01,56,Wyoming,WY,2.9
2024-04-01,56,Wyoming,WY,3.0
2024-05-01,56,Wyoming,WY,3.1
2024-06-01,56,Wyoming,WY,3.2
2024-07-01,56,Wyoming,WY,3.3
2024-08-01,56,Wyoming,WY,3.4
2024-09-01,56,Wyoming,WY,3.5
2024-10-01,56,Wyoming,WY,3.5
2024-11-01,56,Wyoming,WY,3.6
2024-12-01,56,Wyoming,WY,3.5
2025-01-01,56,Wyoming,WY,3.6
2025-02-01,56,Wyoming,WY,3.5
2025-03-01,56,Wyoming,WY,3.4
2025-04-01,56,Wyoming,WY,3.3
2025-05-01,56,Wyoming,WY,3.3
2025-06-01,56,Wyoming,WY,3.3
2025-07-01,56,Wyoming,WY,3.3
2025-08-01,56,Wyoming,WY,3.2
2025-09-01,56,Wyoming,WY,3.3
2025-10-01,56,Wyoming,WY,.
2025-11-01,56,Wyoming,WY,3.4
2025-12-01,56,Wyoming,WY,3.4
2020-01-01,01,Alabama,AL,3.2
2020-02-01,01,Alabama,AL,3.3
2020-03-01,01,Alabama,AL,3.4
2020-04-01,01,Alabama,AL,13.8
2020-05-01,01,Alabama,AL,10.4
2020-06-01,01,Alabama,AL,8.6
2020-07-01,01,Alabama,AL,7.5
2020-08-01,01,Alabama,AL,6.3
2020-09-01,01,Alabama,AL,5.9
2020-10-01,01,Alabama,AL,5.2
2020-11-01,01,Alabama,AL,4.8
2020-12-01,01,Alabama,AL,4.5
2021-01-01,01,Alabama,AL,4.1
2021-02-01,01,Alabama,AL,3.9
2021-03-01,01,Alabama,AL,3.7
2021-04-01,01,Alabama,AL,3.7
2021-05-01,01,Alabama,AL,3.5
2021-06-01,01,Alabama,AL,3.5
2021-07-01,01,Alabama,AL,3.3
2021-08-01,01,Alabama,AL,3.2
2021-09-01,01,Alabama,AL,3.0
2021-10-01,01,Alabama,AL,2.9
2021-11-01,01,Alabama,AL,2.7
2021-12-01,01,Alabama,AL,2.7
2022-01-01,01,Alabama,AL,2.6
2022-02-01,01,Alabama,AL,2.6
2022-03-01,01,Alabama,AL,2.5
2022-04-01,01,Alabama,AL,2.5
2022-05-01,01,Alabama,AL,2.5
2022-06-01,01,Alabama,AL,2.5
2022-07-01,01,Alabama,AL,2.5
2022-08-01,01,Alabama,AL,2.5
2022-09-01,01,Alabama,AL,2.5
2022-10-01,01,Alabama,AL,2.5
2022-11-01,01,Alabama,AL,2.4
2022-12-01,01,Alabama,AL,2.3
2023-01-01,01,Alabama,AL,2.3
2023-02-01,01,Alabama,AL,2.3
2023-03-01,01,Alabama,AL,2.3
2023-04-01,01,Alabama,AL,2.3
2023-05-01,01,Alabama,AL,2.3
2023-06-01,01,Alabama,AL,2.3
2023-07-01,01,Alabama,AL,2.4
2023-08-01,01,Alabama,AL,2.5
2023-09-01,01,Alabama,AL,2.6
2023-10-01,01,Alabama,AL,2.7
2023-11-01,01,Alabama,AL,2.8
2023-12-01,01,Alabama,AL,2.8
2024-01-01,01,Alabama,AL,2.9
2024-02-01,01,Alabama,AL,2.9
2024-03-01,01,Alabama,AL,2.9
2024-04-01,01,Alabama,AL,2.9
2024-05-01,01,Alabama,AL,2.9
2024-06-01,01,Alabama,AL,2.9
2024-07-01,01,Alabama,AL,3.0
2024-08-01,01,Alabama,AL,3.1
2024-09-01,01,Alabama,AL,3.3
2024-10-01,01,Alabama,AL,3.3
2024-11-01,01,Alabama,AL,3.3
2024-12-01,01,Alabama,AL,3.3
2025-01-01,01,Alabama,AL,3.3
2025-02-01,01,Alabama,AL,3.3
2025-03-01,01,Alabama,AL,3.3
2025-04-01,01,Alabama,AL,3.3
2025-05-01,01,Alabama,AL,3.3
2025-06-01,01,Alabama,AL,3.2
2025-07-01,01,Alabama,AL,3.0
2025-08-01,01,Alabama,AL,2.9
2025-09-01,01,Alabama,AL,2.8
2025-10-01,01,Alabama,AL,.
2025-11-01,01,Alabama,AL,2.7
2025-12-01,01,Alabama,AL,2.7
2020-01-01,02,Alaska,AK,5.3
2020-02-01,02,Alaska,AK,5.4
2020-03-01,02,Alaska,AK,5.4
2020-04-01,02,Alaska,AK,11.6
2020-05-01,02,Alaska,AK,11.7
2020-06-01,02,Alaska,AK,11.2
2020-07-01,02,Alaska,AK,11.1
2020-08-01,02,Alaska,AK,8.6
2020-09-01,02,Alaska,AK,7.8
2020-10-01,02,Alaska,AK,7.2
2020-11-01,02,Alaska,AK,7.0
2020-12-01,02,Alaska,AK,7.1
2021-01-01,02,Alaska,AK,7.0
2021-02-01,02,Alaska,AK,7.0
2021-03-01,02,Alaska,AK,7.0
2021-04-01,02,Alaska,AK,7.1
2021-05-01,02,Alaska,AK,6.9
2021-06-01,02,Alaska,AK,6.8
2021-07-01,02,Alaska,AK,6.4
2021-08-01,02,Alaska,AK,6.2
2021-09-01,02,Alaska,AK,5.9
2021-10-01,02,Alaska,AK,5.7
2021-11-01,02,Alaska,AK,5.4
2021-12-01,02,Alaska,AK,5.4
2022-01-01,02,Alaska,AK,5.2
2022-02-01,02,Alaska,AK,4.9
2022-03-01,02,Alaska,AK,4.6
2022-04-01,02,Alaska,AK,4.4
2022-05-01,02,Alaska,AK,4.2
2022-06-01,02,Alaska,AK,4.1
2022-07-01,02,Alaska,AK,4.0
2022-08-01,02,Alaska,AK,3.8
2022-09-01,02,Alaska,AK,3.9
2022-10-01,02,Alaska,AK,4.0
2022-11-01,02,Alaska,AK,4.0
2022-12-01,02,Alaska,AK,4.0
2023-01-01,02,Alaska,AK,4.0
2023-02-01,02,Alaska,AK,4.0
2023-03-01,02,Alaska,AK,4.0
2023-04-01,02,Alaska,AK,4.0
2023-05-01,02,Alaska,AK,4.1
2023-06-01,02,Alaska,AK,4.2
2023-07-01,02,Alaska,AK,4.3
2023-08-01,02,Alaska,AK,4.4
2023-09-01,02,Alaska,AK,4.4
2023-10-01,02,Alaska,AK,4.5
2023-11-01,02,Alaska,AK,4.5
2023-12-01,02,Alaska,AK,4.5
2024-01-01,02,Alaska,AK,4.4
2024-02-01,02,Alaska,AK,4.4
2024-03-01,02,Alaska,AK,4.4
2024-04-01,02,Alaska,AK,4.5
2024-05-01,02,Alaska,AK,4.5
2024-06-01,02,Alaska,AK,4.6
2024-07-01,02,Alaska,AK,4.7
2024-08-01,02,Alaska,AK,4.7
2024-09-01,02,Alaska,AK,4.8
2024-10-01,02,Alaska,AK,4.7
2024-11-01,02,Alaska,AK,4.7
2024-12-01,02,Alaska,AK,4.7
2025-01-01,02,Alaska,AK,4.7
2025-02-01,02,Alaska,AK,4.7
2025-03-01,02,Alaska,AK,4.7
2025-04-01,02,Alaska,AK,4.7
2025-05-01,02,Alaska,AK,4.7
2025-06-01,02,Alaska,AK,4.7
2025-07-01,02,Alaska,AK,4.8
2025-08-01,02,Alaska,AK,4.7
2025-09-01,02,Alaska,AK,4.7
2025-10-01,02,Alaska,AK,.
2025-11-01,02,Alaska,AK,4.7
2025-12-01,02,Alaska,AK,4.8
2020-01-01,04,Arizona,AZ,4.8
2020-02-01,04,Arizona,AZ,4.8
2020-03-01,04,Arizona,AZ,4.9
2020-04-01,04,Arizona,AZ,13.8
2020-05-01,04,Arizona,AZ,11.2
2020-06-01,04,Arizona,AZ,9.8
2020-07-01,04,Arizona,AZ,9.0
2020-08-01,04,Arizona,AZ,7.9
2020-09-01,04,Arizona,AZ,7.5
2020-10-01,04,Arizona,AZ,7.0
2020-11-01,04,Arizona,AZ,6.7
2020-12-01,04,Arizona,AZ,6.5
2021-01-01,04,Arizona,AZ,6.4
2021-02-01,04,Arizona,AZ,6.2
2021-03-01,04,Arizona,AZ,6.0
2021-04-01,04,Arizona,AZ,5.8
2021-05-01,04,Arizona,AZ,5.6
2021-06-01,04,Arizona,AZ,5.3
2021-07-01,04,Arizona,AZ,4.9
2021-08-01,04,Arizona,AZ,4.6
2021-09-01,04,Arizona,AZ,4.2
2021-10-01,04,Arizona,AZ,4.0
2021-11-01,04,Arizona,AZ,3.8
2021-12-01,04,Arizona,AZ,3.7
2022-01-01,04,Arizona,AZ,3.6
2022-02-01,04,Arizona,AZ,3.6
2022-03-01,04,Arizona,AZ,3.6
2022-04-01,04,Arizona,AZ,3.7
2022-05-01,04,Arizona,AZ,3.7
2022-06-01,04,Arizona,AZ,3.7
2022-07-01,04,Arizona,AZ,3.8
2022-08-01,04,Arizona,AZ,3.8
2022-09-01,04,Arizona,AZ,3.8
2022-10-01,04,Arizona,AZ,3.8
2022-11-01,04,Arizona,AZ,3.8
2022-12-01,04,Arizona,AZ,3.7
2023-01-01,04,Arizona,AZ,3.7
2023-02-01,04,Arizona,AZ,3.6
2023-03-01,04,Arizona,AZ,3.6
2023-04-01,04,Arizona,AZ,3.6
2023-05-01,04,Arizona,AZ,3.6
2023-06-01,04,Arizona,AZ,3.7
2023-07-01,04,Arizona,AZ,3.7
2023-08-01,04,Arizona,AZ,3.7
2023-09-01,04,Arizona,AZ,3.8
2023-10-01,04,Arizona,AZ,3.7
2023-11-01,04,Arizona,AZ,3.7
2023-12-01,04,Arizona,AZ,3.6
2024-01-01,04,Arizona,AZ,3.5
2024-02-01,04,Arizona,AZ,3.4
2024-03-01,04,Arizona,AZ,3.3
2024-04-01,04,Arizona,AZ,3.4
2024-05-01,04,Arizona,AZ,3.4
2024-06-01,04,Arizona,AZ,3.5
2024-07-01,04,Arizona,AZ,3.6
2024-08-01,04,Arizona,AZ,3.7
2024-09-01,04,Arizona,AZ,3.8
2024-10-01,04,Arizona,AZ,3.9
2024-11-01,04,Arizona,AZ,3.9
2024-12-01,04,Arizona,AZ,3.8
2025-01-01,04,Arizona,AZ,3.9
2025-02-01,04,Arizona,AZ,3.9
2025-03-01,04,Arizona,AZ,4.1
2025-04-01,04,Arizona,AZ,4.1
2025-05-01,04,Arizona,AZ,4.1
2025-06-01,04,Arizona,AZ,4.1
2025-07-01,04,Arizona,AZ,4.1
2025-08-01,04,Arizona,AZ,4.1
2025-09-01,04,Arizona,AZ,4.2
2025-10-01,04,Arizona,AZ,.
2025-11-01,04,Arizona,AZ,4.3
2025-12-01,04,Arizona,AZ,4.3
2020-01-01,05,Arkansas,AR,3.5
2020-02-01,05,Arkansas,AR,3.6
2020-03-01,05,Arkansas,AR,4.8
2020-04-01,05,Arkansas,AR,10.1
2020-05-01,05,Arkansas,AR,8.9
2020-06-01,05,Arkansas,AR,7.9
2020-07-01,05,Arkansas,AR,7.3
2020-08-01,05,Arkansas,AR,6.4
2020-09-01,05,Arkansas,AR,5.9
2020-10-01,05,Arkansas,AR,5.4
2020-11-01,05,Arkansas,AR,5.1
2020-12-01,05,Arkansas,AR,5.0
2021-01-01,05,Arkansas,AR,4.9
2021-02-01,05,Arkansas,AR,4.8
2021-03-01,05,Arkansas,AR,4.7
2021-04-01,05,Arkansas,AR,4.6
2021-05-01,05,Arkansas,AR,4.4
2021-06-01,05,Arkansas,AR,4.2
2021-07-01,05,Arkansas,AR,3.9
2021-08-01,05,Arkansas,AR,3.7
2021-09-01,05,Arkansas,AR,3.5
2021-10-01,05,Arkansas,AR,3.3
2021-11-01,05,Arkansas,AR,3.2
2021-12-01,05,Arkansas,AR,3.2
2022-01-01,05,Arkansas,AR,3.2
2022-02-01,05,Arkansas,AR,3.2
2022-03-01,05,Arkansas,AR,3.2
2022-04-01,05,Arkansas,AR,3.2
2022-05-01,05,Arkansas,AR,3.2
2022-06-01,05,Arkansas,AR,3.2
2022-07-01,05,Arkansas,AR,3.2
2022-08-01,05,Arkansas,AR,3.2
2022-09-01,05,Arkansas,AR,3.2
2022-10-01,05,Arkansas,AR,3.2
2022-11-01,05,Arkansas,AR,3.1
2022-12-01,05,Arkansas,AR,3.0
2023-01-01,05,Arkansas,AR,2.9
2023-02-01,05,Arkansas,AR,2.9
2023-03-01,05,Arkansas,AR,2.9
2023-04-01,05,Arkansas,AR,2.9
2023-05-01,05,Arkansas,AR,2.9
2023-06-01,05,Arkansas,AR,3.0
2023-07-01,05,Arkansas,AR,3.1
2023-08-01,05,Arkansas,AR,3.3
2023-09-01,05,Arkansas,AR,3.4
2023-10-01,05,Arkansas,AR,3.4
2023-11-01,05,Arkansas,AR,3.5
2023-12-01,05,Arkansas,AR,3.5
2024-01-01,05,Arkansas,AR,3.4
2024-02-01,05,Arkansas,AR,3.4
2024-03-01,05,Arkansas,AR,3.4
2024-04-01,05,Arkansas,AR,3.4
2024-05-01,05,Arkansas,AR,3.4
2024-06-01,05,Arkansas,AR,3.4
2024-07-01,05,Arkansas,AR,3.4
2024-08-01,05,Arkansas,AR,3.5
2024-09-01,05,Arkansas,AR,3.5
2024-10-01,05,Arkansas,AR,3.6
2024-11-01,05,Arkansas,AR,3.6
2024-12-01,05,Arkansas,AR,3.6
2025-01-01,05,Arkansas,AR,3.6
2025-02-01,05,Arkansas,AR,3.6
2025-03-01,05,Arkansas,AR,3.7
2025-04-01,05,Arkansas,AR,3.7
2025-05-01,05,Arkansas,AR,3.7
2025-06-01,05,Arkansas,AR,3.7
2025-07-01,05,Arkansas,AR,3.7
2025-08-01,05,Arkansas,AR,3.8
2025-09-01,05,Arkansas,AR,3.9
2025-10-01,05,Arkansas,AR,.
2025-11-01,05,Arkansas,AR,4.1
2025-12-01,05,Arkansas,AR,4.2
2020-01-01,06,California,CA,4.3
2020-02-01,06,California,CA,4.4
2020-03-01,06,California,CA,5.5
2020-04-01,06,California,CA,16.1
2020-05-01,06,California,CA,15.8
2020-06-01,06,California,CA,13.8
2020-07-01,06,California,CA,13.1
2020-08-01,06,California,CA,11.8
2020-09-01,06,California,CA,9.9
2020-10-01,06,California,CA,9.3
2020-11-01,06,California,CA,9.0
2020-12-01,06,California,CA,9.0
2021-01-01,06,California,CA,8.7
2021-02-01,06,California,CA,8.6
2021-03-01,06,California,CA,8.5
2021-04-01,06,California,CA,8.4
2021-05-01,06,California,CA,8.0
2021-06-01,06,California,CA,7.9
2021-07-01,06,California,CA,7.4
2021-08-01,06,California,CA,7.0
2021-09-01,06,California,CA,6.5
2021-10-01,06,California,CA,6.1
2021-11-01,06,California,CA,5.7
2021-12-01,06,California,CA,5.4
2022-01-01,06,California,CA,5.2
2022-02-01,06,California,CA,4.8
2022-03-01,06,California,CA,4.5
2022-04-01,06,California,CA,4.3
2022-05-01,06,California,CA,4.1
2022-06-01,06,California,CA,4.0
2022-07-01,06,California,CA,3.9
2022-08-01,06,California,CA,3.8
2022-09-01,06,California,CA,4.0
2022-10-01,06,California,CA,4.2
2022-11-01,06,California,CA,4.3
2022-12-01,06,California,CA,4.4
2023-01-01,06,California,CA,4.4
2023-02-01,06,California,CA,4.5
2023-03-01,06,California,CA,4.5
2023-04-01,06,California,CA,4.5
2023-05-01,06,California,CA,4.6
2023-06-01,06,California,CA,4.6
2023-07-01,06,California,CA,4.7
2023-08-01,06,California,CA,4.8
2023-09-01,06,California,CA,4.9
2023-10-01,06,California,CA,5.0
2023-11-01,06,California,CA,5.1
2023-12-01,06,California,CA,5.1
2024-01-01,06,California,CA,5.1
2024-02-01,06,California,CA,5.1
2024-03-01,06,California,CA,5.1
2024-04-01,06,California,CA,5.2
2024-05-01,06,California,CA,5.2
2024-06-01,06,California,CA,5.3
2024-07-01,06,California,CA,5.4
2024-08-01,06,California,CA,5.4
2024-09-01,06,California,CA,5.5
2024-10-01,06,California,CA,5.5
2024-11-01,06,California,CA,5.5
2024-12-01,06,California,CA,5.5
2025-01-01,06,California,CA,5.4
2025-02-01,06,California,CA,5.4
2025-03-01,06,California,CA,5.3
2025-04-01,06,California,CA,5.3
2025-05-01,06,California,CA,5.3
2025-06-01,06,California,CA,5.4
2025-07-01,06,California,CA,5.5
2025-08-01,06,California,CA,5.5
2025-09-01,06,California,CA,5.6
2025-10-01,06,California,CA,.
2025-11-01,06,California,CA,5.6
2025-12-01,06,California,CA,5.5
2020-01-01,08,Colorado,CO,3.0
2020-02-01,08,Colorado,CO,3.2
2020-03-01,08,Colorado,CO,3.4
2020-04-01,08,Colorado,CO,11.2
2020-05-01,08,Colorado,CO,11.7
2020-06-01,08,Colorado,CO,11.2
2020-07-01,08,Colorado,CO,6.5
2020-08-01,08,Colorado,CO,6.2
2020-09-01,08,Colorado,CO,6.3
2020-10-01,08,Colorado,CO,6.2
2020-11-01,08,Colorado,CO,6.2
2020-12-01,08,Colorado,CO,6.4
2021-01-01,08,Colorado,CO,6.3
2021-02-01,08,Colorado,CO,6.3
2021-03-01,08,Colorado,CO,6.2
2021-04-01,08,Colorado,CO,6.2
2021-05-01,08,Colorado,CO,6.0
2021-06-01,08,Colorado,CO,5.9
2021-07-01,08,Colorado,CO,5.7
2021-08-01,08,Colorado,CO,5.4
2021-09-01,08,Colorado,CO,4.9
2021-10-01,08,Colorado,CO,4.6
2021-11-01,08,Colorado,CO,4.4
2021-12-01,08,Colorado,CO,4.2
2022-01-01,08,Colorado,CO,4.0
2022-02-01,08,Colorado,CO,3.7
2022-03-01,08,Colorado,CO,3.3
2022-04-01,08,Colorado,CO,3.2
2022-05-01,08,Colorado,CO,3.0
2022-06-01,08,Colorado,CO,2.9
2022-07-01,08,Colorado,CO,2.8
2022-08-01,08,Colorado,CO,2.6
2022-09-01,08,Colorado,CO,2.8
2022-10-01,08,Colorado,CO,2.9
2022-11-01,08,Colorado,CO,3.0
2022-12-01,08,Colorado,CO,3.0
2023-01-01,08,Colorado,CO,3.0
2023-02-01,08,Colorado,CO,3.0
2023-03-01,08,Colorado,CO,3.1
2023-04-01,08,Colorado,CO,3.1
2023-05-01,08,Colorado,CO,3.2
2023-06-01,08,Colorado,CO,3.2
2023-07-01,08,Colorado,CO,3.3
2023-08-01,08,Colorado,CO,3.4
2023-09-01,08,Colorado,CO,3.4
2023-10-01,08,Colorado,CO,3.5
2023-11-01,08,Colorado,CO,3.6
2023-12-01,08,Colorado,CO,3.8
2024-01-01,08,Colorado,CO,3.8
2024-02-01,08,Colorado,CO,3.9
2024-03-01,08,Colorado,CO,4.0
2024-04-01,08,Colorado,CO,4.0
2024-05-01,08,Colorado,CO,4.1
2024-06-01,08,Colorado,CO,4.2
2024-07-01,08,Colorado,CO,4.3
2024-08-01,08,Colorado,CO,4.4
2024-09-01,08,Colorado,CO,4.5
2024-10-01,08,Colorado,CO,4.6
2024-11-01,08,Colorado,CO,4.6
2024-12-01,08,Colorado,CO,4.6
2025-01-01,08,Colorado,CO,4.7
2025-02-01,08,Colorado,CO,4.7
2025-03-01,08,Colorado,CO,4.8
2025-04-01,08,Colorado,CO,4.8
2025-05-01,08,Colorado,CO,4.8
2025-06-01,08,Colorado,CO,4.7
2025-07-01,08,Colorado,CO,4.5
2025-08-01,08,Colorado,CO,4.2
2025-09-01,08,Colorado,CO,4.1
2025-10-01,08,Colorado,CO,.
2025-11-01,08,Colorado,CO,3.9
2025-12-01,08,Colorado,CO,3.8
2020-01-01,09,Connecticut,CT,3.8
2020-02-01,09,Connecticut,CT,3.8
2020-03-01,09,Connecticut,CT,3.9
2020-04-01,09,Connecticut,CT,8.3
2020-05-01,09,Connecticut,CT,11.9
2020-06-01,09,Connecticut,CT,11.5
2020-07-01,09,Connecticut,CT,11.7
2020-08-01,09,Connecticut,CT,9.6
2020-09-01,09,Connecticut,CT,8.8
2020-10-01,09,Connecticut,CT,7.9
2020-11-01,09,Connecticut,CT,7.5
2020-12-01,09,Connecticut,CT,7.4
2021-01-01,09,Connecticut,CT,7.2
2021-02-01,09,Connecticut,CT,7.2
2021-03-01,09,Connecticut,CT,7.2
2021-04-01,09,Connecticut,CT,7.2
2021-05-01,09,Connecticut,CT,7.0
2021-06-01,09,Connecticut,CT,7.0
2021-07-01,09,Connecticut,CT,6.6
2021-08-01,09,Connecticut,CT,6.3
2021-09-01,09,Connecticut,CT,5.9
2021-10-01,09,Connecticut,CT,5.6
2021-11-01,09,Connecticut,CT,5.3
2021-12-01,09,Connecticut,CT,5.0
2022-01-01,09,Connecticut,CT,4.8
2022-02-01,09,Connecticut,CT,4.6
2022-03-01,09,Connecticut,CT,4.4
2022-04-01,09,Connecticut,CT,4.3
2022-05-01,09,Connecticut,CT,4.2
2022-06-01,09,Connecticut,CT,4.0
2022-07-01,09,Connecticut,CT,3.9
2022-08-01,09,Connecticut,CT,3.7
2022-09-01,09,Connecticut,CT,3.7
2022-10-01,09,Connecticut,CT,3.7
2022-11-01,09,Connecticut,CT,3.6
2022-12-01,09,Connecticut,CT,3.5
2023-01-01,09,Connecticut,CT,3.4
2023-02-01,09,Connecticut,CT,3.3
2023-03-01,09,Connecticut,CT,3.2
2023-04-01,09,Connecticut,CT,3.1
2023-05-01,09,Connecticut,CT,3.1
2023-06-01,09,Connecticut,CT,3.0
2023-07-01,09,Connecticut,CT,3.1
2023-08-01,09,Connecticut,CT,3.1
2023-09-01,09,Connecticut,CT,3.2
2023-10-01,09,Connecticut,CT,3.3
2023-11-01,09,Connecticut,CT,3.3
2023-12-01,09,Connecticut,CT,3.3
2024-01-01,09,Connecticut,CT,3.3
2024-02-01,09,Connecticut,CT,3.2
2024-03-01,09,Connecticut,CT,3.2
2024-04-01,09,Connecticut,CT,3.1
2024-05-01,09,Connecticut,CT,3.1
2024-06-01,09,Connecticut,CT,3.1
2024-07-01,09,Connecticut,CT,3.1
2024-08-01,09,Connecticut,CT,3.2
2024-09-01,09,Connecticut,CT,3.2
2024-10-01,09,Connecticut,CT,3.2
2024-11-01,09,Connecticut,CT,3.2
2024-12-01,09,Connecticut,CT,3.2
2025-01-01,09,Connecticut,CT,3.3
2025-02-01,09,Connecticut,CT,3.4
2025-03-01,09,Connecticut,CT,3.6
2025-04-01,09,Connecticut,CT,3.7
2025-05-01,09,Connecticut,CT,3.8
2025-06-01,09,Connecticut,CT,3.8
2025-07-01,09,Connecticut,CT,3.8
2025-08-01,09,Connecticut,CT,3.8
2025-09-01,09,Connecticut,CT,3.8
2025-10-01,09,Connecticut,CT,.
2025-11-01,09,Connecticut,CT,4.0
2025-12-01,09,Connecticut,CT,4.2