period_date,state_fips,state_name,state_abbrev,total_nonfarm_employment
2020-01-01,10,Delaware,DE,467500
2020-02-01,10,Delaware,DE,467100
2020-03-01,10,Delaware,DE,463900
2020-04-01,10,Delaware,DE,398800
2020-05-01,10,Delaware,DE,405400
2020-06-01,10,Delaware,DE,426100
2020-07-01,10,Delaware,DE,432800
2020-08-01,10,Delaware,DE,438600
2020-09-01,10,Delaware,DE,442400
2020-10-01,10,Delaware,DE,444100
2020-11-01,10,Delaware,DE,444600
2020-12-01,10,Delaware,DE,444800
2021-01-01,10,Delaware,DE,444700
2021-02-01,10,Delaware,DE,444300
2021-03-01,10,Delaware,DE,446500
2021-04-01,10,Delaware,DE,448000
2021-05-01,10,Delaware,DE,448400
2021-06-01,10,Delaware,DE,449100
2021-07-01,10,Delaware,DE,452900
2021-08-01,10,Delaware,DE,453400
2021-09-01,10,Delaware,DE,453800
2021-10-01,10,Delaware,DE,456900
2021-11-01,10,Delaware,DE,459300
2021-12-01,10,Delaware,DE,462200
2022-01-01,10,Delaware,DE,461800
2022-02-01,10,Delaware,DE,465200
2022-03-01,10,Delaware,DE,465400
2022-04-01,10,Delaware,DE,468900
2022-05-01,10,Delaware,DE,468400
2022-06-01,10,Delaware,DE,467200
2022-07-01,10,Delaware,DE,470500
2022-08-01,10,Delaware,DE,471800
2022-09-01,10,Delaware,DE,474300
2022-10-01,10,Delaware,DE,474800
2022-11-01,10,Delaware,DE,475800
2022-12-01,10,Delaware,DE,477400
2023-01-01,10,Delaware,DE,479700
2023-02-01,10,Delaware,DE,480400
2023-03-01,10,Delaware,DE,480700
2023-04-01,10,Delaware,DE,481300
2023-05-01,10,Delaware,DE,483400
2023-06-01,10,Delaware,DE,484700
2023-07-01,10,Delaware,DE,484300
2023-08-01,10,Delaware,DE,485100
2023-09-01,10,Delaware,DE,485800
2023-10-01,10,Delaware,DE,485500
2023-11-01,10,Delaware,DE,485700
2023-12-01,10,Delaware,DE,486500
2024-01-01,10,Delaware,DE,486400
2024-02-01,10,Delaware,DE,486400
2024-03-01,10,Delaware,DE,489100
2024-04-01,10,Delaware,DE,488900
2024-05-01,10,Delaware,DE,489100
2024-06-01,10,Delaware,DE,488600
2024-07-01,10,Delaware,DE,489000
2024-08-01,10,Delaware,DE,490300
2024-09-01,10,Delaware,DE,491300
2024-10-01,10,Delaware,DE,488000
2024-11-01,10,Delaware,DE,490400
2024-12-01,10,Delaware,DE,490800
2025-01-01,10,Delaware,DE,491200
2025-02-01,10,Delaware,DE,492600
2025-03-01,10,Delaware,DE,493000
2025-04-01,10,Delaware,DE,494100
2025-05-01,10,Delaware,DE,493500
2025-06-01,10,Delaware,DE,492600
2025-07-01,10,Delaware,DE,493000
2025-08-01,10,Delaware,DE,493600
2025-09-01,10,Delaware,DE,493900
2025-10-01,10,Delaware,DE,493300
2025-11-01,10,Delaware,DE,494300
2025-12-01,10,Delaware,DE,496100
2020-01-01,11,District of Columbia,DC,803800
2020-02-01,11,District of Columbia,DC,805400
2020-03-01,11,District of Columbia,DC,800800
2020-04-01,11,District of Columbia,DC,722000
2020-05-01,11,District of Columbia,DC,717100
2020-06-01,11,District of Columbia,DC,717700
2020-07-01,11,District of Columbia,DC,722200
2020-08-01,11,District of Columbia,DC,729300
2020-09-01,11,District of Columbia,DC,728100
2020-10-01,11,District of Columbia,DC,725000
2020-11-01,11,District of Columbia,DC,724800
2020-12-01,11,District of Columbia,DC,722900
2021-01-01,11,District of Columbia,DC,720400
2021-02-01,11,District of Columbia,DC,720600
2021-03-01,11,District of Columbia,DC,721800
2021-04-01,11,District of Columbia,DC,724000
2021-05-01,11,District of Columbia,DC,726500
2021-06-01,11,District of Columbia,DC,731200
2021-07-01,11,District of Columbia,DC,736600
2021-08-01,11,District of Columbia,DC,740200
2021-09-01,11,District of Columbia,DC,744600
2021-10-01,11,District of Columbia,DC,752600
2021-11-01,11,District of Columbia,DC,754900
2021-12-01,11,District of Columbia,DC,758200
2022-01-01,11,District of Columbia,DC,755000
2022-02-01,11,District of Columbia,DC,755500
2022-03-01,11,District of Columbia,DC,757800
2022-04-01,11,District of Columbia,DC,757700
2022-05-01,11,District of Columbia,DC,758900
2022-06-01,11,District of Columbia,DC,756200
2022-07-01,11,District of Columbia,DC,762300
2022-08-01,11,District of Columbia,DC,762000
2022-09-01,11,District of Columbia,DC,761400
2022-10-01,11,District of Columbia,DC,759100
2022-11-01,11,District of Columbia,DC,761600
2022-12-01,11,District of Columbia,DC,762500
2023-01-01,11,District of Columbia,DC,763900
2023-02-01,11,District of Columbia,DC,764000
2023-03-01,11,District of Columbia,DC,764600
2023-04-01,11,District of Columbia,DC,767800
2023-05-01,11,District of Columbia,DC,768900
2023-06-01,11,District of Columbia,DC,769600
2023-07-01,11,District of Columbia,DC,766800
2023-08-01,11,District of Columbia,DC,764800
2023-09-01,11,District of Columbia,DC,767100
2023-10-01,11,District of Columbia,DC,767500
2023-11-01,11,District of Columbia,DC,767600
2023-12-01,11,District of Columbia,DC,767500
2024-01-01,11,District of Columbia,DC,770200
2024-02-01,11,District of Columbia,DC,769800
2024-03-01,11,District of Columbia,DC,769400
2024-04-01,11,District of Columbia,DC,769500
2024-05-01,11,District of Columbia,DC,769500
2024-06-01,11,District of Columbia,DC,769600
2024-07-01,11,District of Columbia,DC,768300
2024-08-01,11,District of Columbia,DC,766700
2024-09-01,11,District of Columbia,DC,768200
2024-10-01,11,District of Columbia,DC,769400
2024-11-01,11,District of Columbia,DC,772000
2024-12-01,11,District of Columbia,DC,772200
2025-01-01,11,District of Columbia,DC,768700
2025-02-01,11,District of Columbia,DC,768000
2025-03-01,11,District of Columbia,DC,769400
2025-04-01,11,District of Columbia,DC,768000
2025-05-01,11,District of Columbia,DC,766300
2025-06-01,11,District of Columbia,DC,763800
2025-07-01,11,District of Columbia,DC,763100
2025-08-01,11,District of Columbia,DC,758200
2025-09-01,11,District of Columbia,DC,758200
2025-10-01,11,District of Columbia,DC,739800
2025-11-01,11,District of Columbia,DC,739300
2025-12-01,11,District of Columbia,DC,739800
2020-01-01,12,Florida,FL,9076500
2020-02-01,12,Florida,FL,9086100
2020-03-01,12,Florida,FL,9024400
2020-04-01,12,Florida,FL,7808100
2020-05-01,12,Florida,FL,8046300
2020-06-01,12,Florida,FL,8332100
2020-07-01,12,Florida,FL,8371600
2020-08-01,12,Florida,FL,8411200
2020-09-01,12,Florida,FL,8474100
2020-10-01,12,Florida,FL,8554400
2020-11-01,12,Florida,FL,8594100
2020-12-01,12,Florida,FL,8627900
2021-01-01,12,Florida,FL,8676600
2021-02-01,12,Florida,FL,8712200
2021-03-01,12,Florida,FL,8763300
2021-04-01,12,Florida,FL,8774700
2021-05-01,12,Florida,FL,8835100
2021-06-01,12,Florida,FL,8880700
2021-07-01,12,Florida,FL,8965200
2021-08-01,12,Florida,FL,8988400
2021-09-01,12,Florida,FL,9018300
2021-10-01,12,Florida,FL,9135400
2021-11-01,12,Florida,FL,9179800
2021-12-01,12,Florida,FL,9208700
2022-01-01,12,Florida,FL,9214200
2022-02-01,12,Florida,FL,9280000
2022-03-01,12,Florida,FL,9300500
2022-04-01,12,Florida,FL,9373400
2022-05-01,12,Florida,FL,9403200
2022-06-01,12,Florida,FL,9417200
2022-07-01,12,Florida,FL,9487200
2022-08-01,12,Florida,FL,9517100
2022-09-01,12,Florida,FL,9542300
2022-10-01,12,Florida,FL,9557700
2022-11-01,12,Florida,FL,9575100
2022-12-01,12,Florida,FL,9606800
2023-01-01,12,Florida,FL,9641200
2023-02-01,12,Florida,FL,9666500
2023-03-01,12,Florida,FL,9690900
2023-04-01,12,Florida,FL,9724900
2023-05-01,12,Florida,FL,9748300
2023-06-01,12,Florida,FL,9782000
2023-07-01,12,Florida,FL,9774600
2023-08-01,12,Florida,FL,9788400
2023-09-01,12,Florida,FL,9801600
2023-10-01,12,Florida,FL,9838400
2023-11-01,12,Florida,FL,9846400
2023-12-01,12,Florida,FL,9862000
2024-01-01,12,Florida,FL,9879600
2024-02-01,12,Florida,FL,9895800
2024-03-01,12,Florida,FL,9915000
2024-04-01,12,Florida,FL,9930200
2024-05-01,12,Florida,FL,9938000
2024-06-01,12,Florida,FL,9920300
2024-07-01,12,Florida,FL,9934900
2024-08-01,12,Florida,FL,9950200
2024-09-01,12,Florida,FL,9979300
2024-10-01,12,Florida,FL,9921400
2024-11-01,12,Florida,FL,9972600
2024-12-01,12,Florida,FL,10002100
2025-01-01,12,Florida,FL,10016700
2025-02-01,12,Florida,FL,10031900
2025-03-01,12,Florida,FL,10053000
2025-04-01,12,Florida,FL,10066200
2025-05-01,12,Florida,FL,10082600
2025-06-01,12,Florida,FL,10061700
2025-07-01,12,Florida,FL,10052500
2025-08-01,12,Florida,FL,10045700
2025-09-01,12,Florida,FL,10045400
2025-10-01,12,Florida,FL,10048200
2025-11-01,12,Florida,FL,10046300
2025-12-01,12,Florida,FL,10042100
2020-01-01,13,Georgia,GA,4675700
2020-02-01,13,Georgia,GA,4675300
2020-03-01,13,Georgia,GA,4652900
2020-04-01,13,Georgia,GA,4066400
2020-05-01,13,Georgia,GA,4195800
2020-06-01,13,Georgia,GA,4305500
2020-07-01,13,Georgia,GA,4332200
2020-08-01,13,Georgia,GA,4379900
2020-09-01,13,Georgia,GA,4401600
2020-10-01,13,Georgia,GA,4443000
2020-11-01,13,Georgia,GA,4465400
2020-12-01,13,Georgia,GA,4493100
2021-01-01,13,Georgia,GA,4495500
2021-02-01,13,Georgia,GA,4506100
2021-03-01,13,Georgia,GA,4526700
2021-04-01,13,Georgia,GA,4529200
2021-05-01,13,Georgia,GA,4554800
2021-06-01,13,Georgia,GA,4574100
2021-07-01,13,Georgia,GA,4626000
2021-08-01,13,Georgia,GA,4624300
2021-09-01,13,Georgia,GA,4631000
2021-10-01,13,Georgia,GA,4688900
2021-11-01,13,Georgia,GA,4702900
2021-12-01,13,Georgia,GA,4714600
2022-01-01,13,Georgia,GA,4720700
2022-02-01,13,Georgia,GA,4748000
2022-03-01,13,Georgia,GA,4758400
2022-04-01,13,Georgia,GA,4789700
2022-05-01,13,Georgia,GA,4798000
2022-06-01,13,Georgia,GA,4804200
2022-07-01,13,Georgia,GA,4836200
2022-08-01,13,Georgia,GA,4834300
2022-09-01,13,Georgia,GA,4848700
2022-10-01,13,Georgia,GA,4860400
2022-11-01,13,Georgia,GA,4866900
2022-12-01,13,Georgia,GA,4870900
2023-01-01,13,Georgia,GA,4887800
2023-02-01,13,Georgia,GA,4894800
2023-03-01,13,Georgia,GA,4894400
2023-04-01,13,Georgia,GA,4895500
2023-05-01,13,Georgia,GA,4895000
2023-06-01,13,Georgia,GA,4911800
2023-07-01,13,Georgia,GA,4906400
2023-08-01,13,Georgia,GA,4916600
2023-09-01,13,Georgia,GA,4927300
2023-10-01,13,Georgia,GA,4927100
2023-11-01,13,Georgia,GA,4931800
2023-12-01,13,Georgia,GA,4939200
2024-01-01,13,Georgia,GA,4938300
2024-02-01,13,Georgia,GA,4942000
2024-03-01,13,Georgia,GA,4956400
2024-04-01,13,Georgia,GA,4967200
2024-05-01,13,Georgia,GA,4974100
2024-06-01,13,Georgia,GA,4971300
2024-07-01,13,Georgia,GA,4968600
2024-08-01,13,Georgia,GA,4967300
2024-09-01,13,Georgia,GA,4967100
2024-10-01,13,Georgia,GA,4968200
2024-11-01,13,Georgia,GA,4971200
2024-12-01,13,Georgia,GA,4984300
2025-01-01,13,Georgia,GA,4963300
2025-02-01,13,Georgia,GA,4972600
2025-03-01,13,Georgia,GA,4979500
2025-04-01,13,Georgia,GA,4983700
2025-05-01,13,Georgia,GA,4992000
2025-06-01,13,Georgia,GA,4996000
2025-07-01,13,Georgia,GA,4997700
2025-08-01,13,Georgia,GA,4994600
2025-09-01,13,Georgia,GA,4990500
2025-10-01,13,Georgia,GA,4986500
2025-11-01,13,Georgia,GA,4986700
2025-12-01,13,Georgia,GA,4991700
2020-01-01,15,Hawaii,HI,663400
2020-02-01,15,Hawaii,HI,662600
2020-03-01,15,Hawaii,HI,655900
2020-04-01,15,Hawaii,HI,508900
2020-05-01,15,Hawaii,HI,508100
2020-06-01,15,Hawaii,HI,526300
2020-07-01,15,Hawaii,HI,527600
2020-08-01,15,Hawaii,HI,529400
2020-09-01,15,Hawaii,HI,512600
2020-10-01,15,Hawaii,HI,531100
2020-11-01,15,Hawaii,HI,543100
2020-12-01,15,Hawaii,HI,551100
2021-01-01,15,Hawaii,HI,554500
2021-02-01,15,Hawaii,HI,557000
2021-03-01,15,Hawaii,HI,564600
2021-04-01,15,Hawaii,HI,577500
2021-05-01,15,Hawaii,HI,584200
2021-06-01,15,Hawaii,HI,591900
2021-07-01,15,Hawaii,HI,600800
2021-08-01,15,Hawaii,HI,601300
2021-09-01,15,Hawaii,HI,598400
2021-10-01,15,Hawaii,HI,602400
2021-11-01,15,Hawaii,HI,604000
2021-12-01,15,Hawaii,HI,605600
2022-01-01,15,Hawaii,HI,605200
2022-02-01,15,Hawaii,HI,607800
2022-03-01,15,Hawaii,HI,610400
2022-04-01,15,Hawaii,HI,613600
2022-05-01,15,Hawaii,HI,613000
2022-06-01,15,Hawaii,HI,615300
2022-07-01,15,Hawaii,HI,620800
2022-08-01,15,Hawaii,HI,623000
2022-09-01,15,Hawaii,HI,624900
2022-10-01,15,Hawaii,HI,627100
2022-11-01,15,Hawaii,HI,627800
2022-12-01,15,Hawaii,HI,627900
2023-01-01,15,Hawaii,HI,628700
2023-02-01,15,Hawaii,HI,633300
2023-03-01,15,Hawaii,HI,631800
2023-04-01,15,Hawaii,HI,633300
2023-05-01,15,Hawaii,HI,633300
2023-06-01,15,Hawaii,HI,634700
2023-07-01,15,Hawaii,HI,634600
2023-08-01,15,Hawaii,HI,632200
2023-09-01,15,Hawaii,HI,629800
2023-10-01,15,Hawaii,HI,630500
2023-11-01,15,Hawaii,HI,631800
2023-12-01,15,Hawaii,HI,633100
2024-01-01,15,Hawaii,HI,635400
2024-02-01,15,Hawaii,HI,637300
2024-03-01,15,Hawaii,HI,638000
2024-04-01,15,Hawaii,HI,635000
2024-05-01,15,Hawaii,HI,638200
2024-06-01,15,Hawaii,HI,636300
2024-07-01,15,Hawaii,HI,637400
2024-08-01,15,Hawaii,HI,639500
2024-09-01,15,Hawaii,HI,642300
2024-10-01,15,Hawaii,HI,640800
2024-11-01,15,Hawaii,HI,643200
2024-12-01,15,Hawaii,HI,645800
2025-01-01,15,Hawaii,HI,646100
2025-02-01,15,Hawaii,HI,647300
2025-03-01,15,Hawaii,HI,650500
2025-04-01,15,Hawaii,HI,651400
2025-05-01,15,Hawaii,HI,652000
2025-06-01,15,Hawaii,HI,650900
2025-07-01,15,Hawaii,HI,650800
2025-08-01,15,Hawaii,HI,651900
2025-09-01,15,Hawaii,HI,651900
2025-10-01,15,Hawaii,HI,653200
2025-11-01,15,Hawaii,HI,653300
2025-12-01,15,Hawaii,HI,653200
2020-01-01,16,Idaho,ID,772600
2020-02-01,16,Idaho,ID,773300
2020-03-01,16,Idaho,ID,773600
2020-04-01,16,Idaho,ID,694300
2020-05-01,16,Idaho,ID,719100
2020-06-01,16,Idaho,ID,740300
2020-07-01,16,Idaho,ID,749500
2020-08-01,16,Idaho,ID,758000
2020-09-01,16,Idaho,ID,760500
2020-10-01,16,Idaho,ID,766400
2020-11-01,16,Idaho,ID,770400
2020-12-01,16,Idaho,ID,774800
2021-01-01,16,Idaho,ID,777600
2021-02-01,16,Idaho,ID,782200
2021-03-01,16,Idaho,ID,786700
2021-04-01,16,Idaho,ID,790500
2021-05-01,16,Idaho,ID,793100
2021-06-01,16,Idaho,ID,796500
2021-07-01,16,Idaho,ID,800900
2021-08-01,16,Idaho,ID,803400
2021-09-01,16,Idaho,ID,802000
2021-10-01,16,Idaho,ID,806100
2021-11-01,16,Idaho,ID,809300
2021-12-01,16,Idaho,ID,813200
2022-01-01,16,Idaho,ID,816600
2022-02-01,16,Idaho,ID,820500
2022-03-01,16,Idaho,ID,823400
2022-04-01,16,Idaho,ID,821600
2022-05-01,16,Idaho,ID,822700
2022-06-01,16,Idaho,ID,825200
2022-07-01,16,Idaho,ID,831100
2022-08-01,16,Idaho,ID,832700
2022-09-01,16,Idaho,ID,834000
2022-10-01,16,Idaho,ID,833700
2022-11-01,16,Idaho,ID,836800
2022-12-01,16,Idaho,ID,836600
2023-01-01,16,Idaho,ID,839200
2023-02-01,16,Idaho,ID,840300
2023-03-01,16,Idaho,ID,836100
2023-04-01,16,Idaho,ID,845100
2023-05-01,16,Idaho,ID,846800
2023-06-01,16,Idaho,ID,850600
2023-07-01,16,Idaho,ID,845600
2023-08-01,16,Idaho,ID,848400
2023-09-01,16,Idaho,ID,850400
2023-10-01,16,Idaho,ID,858800
2023-11-01,16,Idaho,ID,861200
2023-12-01,16,Idaho,ID,864100
2024-01-01,16,Idaho,ID,854900
2024-02-01,16,Idaho,ID,855300
2024-03-01,16,Idaho,ID,854600
2024-04-01,16,Idaho,ID,859800
2024-05-01,16,Idaho,ID,861000
2024-06-01,16,Idaho,ID,862900
2024-07-01,16,Idaho,ID,867400
2024-08-01,16,Idaho,ID,869000
2024-09-01,16,Idaho,ID,866100
2024-10-01,16,Idaho,ID,869000
2024-11-01,16,Idaho,ID,872900
2024-12-01,16,Idaho,ID,876900
2025-01-01,16,Idaho,ID,878000
2025-02-01,16,Idaho,ID,877300
2025-03-01,16,Idaho,ID,876200
2025-04-01,16,Idaho,ID,880900
2025-05-01,16,Idaho,ID,882400
2025-06-01,16,Idaho,ID,881700
2025-07-01,16,Idaho,ID,881700
2025-08-01,16,Idaho,ID,882200
2025-09-01,16,Idaho,ID,882100
2025-10-01,16,Idaho,ID,881700
2025-11-01,16,Idaho,ID,885600
2025-12-01,16,Idaho,ID,885900
2020-01-01,17,Illinois,IL,6140900
2020-02-01,17,Illinois,IL,6137700
2020-03-01,17,Illinois,IL,6085000
2020-04-01,17,Illinois,IL,5322300
2020-05-01,17,Illinois,IL,5339000
2020-06-01,17,Illinois,IL,5454700
2020-07-01,17,Illinois,IL,5567500
2020-08-01,17,Illinois,IL,5640700
2020-09-01,17,Illinois,IL,5662900
2020-10-01,17,Illinois,IL,5694300
2020-11-01,17,Illinois,IL,5663200
2020-12-01,17,Illinois,IL,5656000
2021-01-01,17,Illinois,IL,5684700
2021-02-01,17,Illinois,IL,5718700
2021-03-01,17,Illinois,IL,5754100
2021-04-01,17,Illinois,IL,5762900
2021-05-01,17,Illinois,IL,5769100
2021-06-01,17,Illinois,IL,5788300
2021-07-01,17,Illinois,IL,5818000
2021-08-01,17,Illinois,IL,5826400
2021-09-01,17,Illinois,IL,5835100
2021-10-01,17,Illinois,IL,5900000
2021-11-01,17,Illinois,IL,5918600
2021-12-01,17,Illinois,IL,5954100
2022-01-01,17,Illinois,IL,5957600
2022-02-01,17,Illinois,IL,5973200
2022-03-01,17,Illinois,IL,5991400
2022-04-01,17,Illinois,IL,6006600
2022-05-01,17,Illinois,IL,6019300
2022-06-01,17,Illinois,IL,6017700
2022-07-01,17,Illinois,IL,6057300
2022-08-01,17,Illinois,IL,6067200
2022-09-01,17,Illinois,IL,6068000
2022-10-01,17,Illinois,IL,6071300
2022-11-01,17,Illinois,IL,6077200
2022-12-01,17,Illinois,IL,6073300
2023-01-01,17,Illinois,IL,6115800
2023-02-01,17,Illinois,IL,6115100
2023-03-01,17,Illinois,IL,6115900
2023-04-01,17,Illinois,IL,6117100
2023-05-01,17,Illinois,IL,6120200
2023-06-01,17,Illinois,IL,6146100
2023-07-01,17,Illinois,IL,6121700
2023-08-01,17,Illinois,IL,6122700
2023-09-01,17,Illinois,IL,6125800
2023-10-01,17,Illinois,IL,6114600
2023-11-01,17,Illinois,IL,6120400
2023-12-01,17,Illinois,IL,6118400
2024-01-01,17,Illinois,IL,6123900
2024-02-01,17,Illinois,IL,6131000
2024-03-01,17,Illinois,IL,6138100
2024-04-01,17,Illinois,IL,6136400
2024-05-01,17,Illinois,IL,6144900
2024-06-01,17,Illinois,IL,6140200
2024-07-01,17,Illinois,IL,6145300
2024-08-01,17,Illinois,IL,6147800
2024-09-01,17,Illinois,IL,6138200
2024-10-01,17,Illinois,IL,6150500
2024-11-01,17,Illinois,IL,6148800
2024-12-01,17,Illinois,IL,6161000
2025-01-01,17,Illinois,IL,6156600
2025-02-01,17,Illinois,IL,6157500
2025-03-01,17,Illinois,IL,6168400
2025-04-01,17,Illinois,IL,6166000
2025-05-01,17,Illinois,IL,6165800
2025-06-01,17,Illinois,IL,6168100
2025-07-01,17,Illinois,IL,6167000
2025-08-01,17,Illinois,IL,6164800
2025-09-01,17,Illinois,IL,6161400
2025-10-01,17,Illinois,IL,6155300
2025-11-01,17,Illinois,IL,6147500
2025-12-01,17,Illinois,IL,6159300
2020-01-01,18,Indiana,IN,3162400
2020-02-01,18,Indiana,IN,3165300
2020-03-01,18,Indiana,IN,3138500
2020-04-01,18,Indiana,IN,2670300
2020-05-01,18,Indiana,IN,2796700
2020-06-01,18,Indiana,IN,2911500
2020-07-01,18,Indiana,IN,2966000
2020-08-01,18,Indiana,IN,2996200
2020-09-01,18,Indiana,IN,3011800
2020-10-01,18,Indiana,IN,3032100
2020-11-01,18,Indiana,IN,3033400
2020-12-01,18,Indiana,IN,3036900
2021-01-01,18,Indiana,IN,3049100
2021-02-01,18,Indiana,IN,3043400
2021-03-01,18,Indiana,IN,3056800
2021-04-01,18,Indiana,IN,3051100
2021-05-01,18,Indiana,IN,3059700
2021-06-01,18,Indiana,IN,3071600
2021-07-01,18,Indiana,IN,3101700
2021-08-01,18,Indiana,IN,3093800
2021-09-01,18,Indiana,IN,3082300
2021-10-01,18,Indiana,IN,3121900
2021-11-01,18,Indiana,IN,3135400
2021-12-01,18,Indiana,IN,3146700
2022-01-01,18,Indiana,IN,3153200
2022-02-01,18,Indiana,IN,3160900
2022-03-01,18,Indiana,IN,3168800
2022-04-01,18,Indiana,IN,3177600
2022-05-01,18,Indiana,IN,3178100
2022-06-01,18,Indiana,IN,3173300
2022-07-01,18,Indiana,IN,3208800
2022-08-01,18,Indiana,IN,3204900
2022-09-01,18,Indiana,IN,3209600
2022-10-01,18,Indiana,IN,3211800
2022-11-01,18,Indiana,IN,3216900
2022-12-01,18,Indiana,IN,3216600
2023-01-01,18,Indiana,IN,3221400
2023-02-01,18,Indiana,IN,3233100
2023-03-01,18,Indiana,IN,3234600
2023-04-01,18,Indiana,IN,3232500
2023-05-01,18,Indiana,IN,3238900
2023-06-01,18,Indiana,IN,3241900
2023-07-01,18,Indiana,IN,3241900
2023-08-01,18,Indiana,IN,3243800
2023-09-01,18,Indiana,IN,3246800
2023-10-01,18,Indiana,IN,3247600
2023-11-01,18,Indiana,IN,3249000
2023-12-01,18,Indiana,IN,3251200
2024-01-01,18,Indiana,IN,3249100
2024-02-01,18,Indiana,IN,3254700
2024-03-01,18,Indiana,IN,3255300
2024-04-01,18,Indiana,IN,3258300
2024-05-01,18,Indiana,IN,3262500
2024-06-01,18,Indiana,IN,3257100
2024-07-01,18,Indiana,IN,3256100
2024-08-01,18,Indiana,IN,3277200
2024-09-01,18,Indiana,IN,3271500
2024-10-01,18,Indiana,IN,3266800
2024-11-01,18,Indiana,IN,3267200
2024-12-01,18,Indiana,IN,3270200
2025-01-01,18,Indiana,IN,3255000
2025-02-01,18,Indiana,IN,3259900
2025-03-01,18,Indiana,IN,3271800
2025-04-01,18,Indiana,IN,3276500
2025-05-01,18,Indiana,IN,3280600
2025-06-01,18,Indiana,IN,3283800
2025-07-01,18,Indiana,IN,3288400
2025-08-01,18,Indiana,IN,3290700
2025-09-01,18,Indiana,IN,3295300
2025-10-01,18,Indiana,IN,3290300
2025-11-01,18,Indiana,IN,3286000
2025-12-01,18,Indiana,IN,3278300
2020-01-01,19,Iowa,IA,1589100
2020-02-01,19,Iowa,IA,1588300
2020-03-01,19,Iowa,IA,1581000
2020-04-01,19,Iowa,IA,1412600
2020-05-01,19,Iowa,IA,1425200
2020-06-01,19,Iowa,IA,1466500
2020-07-01,19,Iowa,IA,1487200
2020-08-01,19,Iowa,IA,1496000
2020-09-01,19,Iowa,IA,1507100
2020-10-01,19,Iowa,IA,1515000
2020-11-01,19,Iowa,IA,1513100
2020-12-01,19,Iowa,IA,1518700
2021-01-01,19,Iowa,IA,1522300
2021-02-01,19,Iowa,IA,1520900
2021-03-01,19,Iowa,IA,1528100
2021-04-01,19,Iowa,IA,1531500
2021-05-01,19,Iowa,IA,1533300
2021-06-01,19,Iowa,IA,1537000
2021-07-01,19,Iowa,IA,1545600
2021-08-01,19,Iowa,IA,1548100
2021-09-01,19,Iowa,IA,1544000
2021-10-01,19,Iowa,IA,1551200
2021-11-01,19,Iowa,IA,1549800
2021-12-01,19,Iowa,IA,1557400
2022-01-01,19,Iowa,IA,1555700
2022-02-01,19,Iowa,IA,1566100
2022-03-01,19,Iowa,IA,1566100
2022-04-01,19,Iowa,IA,1568100
2022-05-01,19,Iowa,IA,1569500
2022-06-01,19,Iowa,IA,1573400
2022-07-01,19,Iowa,IA,1575000
2022-08-01,19,Iowa,IA,1575800
2022-09-01,19,Iowa,IA,1579400
2022-10-01,19,Iowa,IA,1581000
2022-11-01,19,Iowa,IA,1582700
2022-12-01,19,Iowa,IA,1582200
2023-01-01,19,Iowa,IA,1584300
2023-02-01,19,Iowa,IA,1586000
2023-03-01,19,Iowa,IA,1586400
2023-04-01,19,Iowa,IA,1593400
2023-05-01,19,Iowa,IA,1593000
2023-06-01,19,Iowa,IA,1595300
2023-07-01,19,Iowa,IA,1593700
2023-08-01,19,Iowa,IA,1595700
2023-09-01,19,Iowa,IA,1596000
2023-10-01,19,Iowa,IA,1599100
2023-11-01,19,Iowa,IA,1597400
2023-12-01,19,Iowa,IA,1598500
2024-01-01,19,Iowa,IA,1590000
2024-02-01,19,Iowa,IA,1602200
2024-03-01,19,Iowa,IA,1604100
2024-04-01,19,Iowa,IA,1602300
2024-05-01,19,Iowa,IA,1601500
2024-06-01,19,Iowa,IA,1597500
2024-07-01,19,Iowa,IA,1595100
2024-08-01,19,Iowa,IA,1596900
2024-09-01,19,Iowa,IA,1594600
2024-10-01,19,Iowa,IA,1590300
2024-11-01,19,Iowa,IA,1590800
2024-12-01,19,Iowa,IA,1592800
2025-01-01,19,Iowa,IA,1595900
2025-02-01,19,Iowa,IA,1593800
2025-03-01,19,Iowa,IA,1594000
2025-04-01,19,Iowa,IA,1598500
2025-05-01,19,Iowa,IA,1593400
2025-06-01,19,Iowa,IA,1591200
2025-07-01,19,Iowa,IA,1591000
2025-08-01,19,Iowa,IA,1594600
2025-09-01,19,Iowa,IA,1597000
2025-10-01,19,Iowa,IA,1595200
2025-11-01,19,Iowa,IA,1598800
2025-12-01,19,Iowa,IA,1595500
2020-01-01,20,Kansas,KS,1429400
2020-02-01,20,Kansas,KS,1428000
2020-03-01,20,Kansas,KS,1421400
2020-04-01,20,Kansas,KS,1270400
2020-05-01,20,Kansas,KS,1300300
2020-06-01,20,Kansas,KS,1323200
2020-07-01,20,Kansas,KS,1342700
2020-08-01,20,Kansas,KS,1356600
2020-09-01,20,Kansas,KS,1353800
2020-10-01,20,Kansas,KS,1358100
2020-11-01,20,Kansas,KS,1358500
2020-12-01,20,Kansas,KS,1361900
2021-01-01,20,Kansas,KS,1365800
2021-02-01,20,Kansas,KS,1358200
2021-03-01,20,Kansas,KS,1371300
2021-04-01,20,Kansas,KS,1372000
2021-05-01,20,Kansas,KS,1376900
2021-06-01,20,Kansas,KS,1380000
2021-07-01,20,Kansas,KS,1389700
2021-08-01,20,Kansas,KS,1388000
2021-09-01,20,Kansas,KS,1376900
2021-10-01,20,Kansas,KS,1390200
2021-11-01,20,Kansas,KS,1393800
2021-12-01,20,Kansas,KS,1396600
2022-01-01,20,Kansas,KS,1401400
2022-02-01,20,Kansas,KS,1405100
2022-03-01,20,Kansas,KS,1403600
2022-04-01,20,Kansas,KS,1408500
2022-05-01,20,Kansas,KS,1408900
2022-06-01,20,Kansas,KS,1405900
2022-07-01,20,Kansas,KS,1419700
2022-08-01,20,Kansas,KS,1421200
2022-09-01,20,Kansas,KS,1426400
2022-10-01,20,Kansas,KS,1428000
2022-11-01,20,Kansas,KS,1430900
2022-12-01,20,Kansas,KS,1432500
2023-01-01,20,Kansas,KS,1442600
2023-02-01,20,Kansas,KS,1439100
2023-03-01,20,Kansas,KS,1439300
2023-04-01,20,Kansas,KS,1439800
2023-05-01,20,Kansas,KS,1439900
2023-06-01,20,Kansas,KS,1447200
2023-07-01,20,Kansas,KS,1441000
2023-08-01,20,Kansas,KS,1443000
2023-09-01,20,Kansas,KS,1447100
2023-10-01,20,Kansas,KS,1446100
2023-11-01,20,Kansas,KS,1447800
2023-12-01,20,Kansas,KS,1449400
2024-01-01,20,Kansas,KS,1447500
2024-02-01,20,Kansas,KS,1453600
2024-03-01,20,Kansas,KS,1455800
2024-04-01,20,Kansas,KS,1456900
2024-05-01,20,Kansas,KS,1450900
2024-06-01,20,Kansas,KS,1456900
2024-07-01,20,Kansas,KS,1455900
2024-08-01,20,Kansas,KS,1462400
2024-09-01,20,Kansas,KS,1460100
2024-10-01,20,Kansas,KS,1452400
2024-11-01,20,Kansas,KS,1459200
2024-12-01,20,Kansas,KS,1458900
2025-01-01,20,Kansas,KS,1456300
2025-02-01,20,Kansas,KS,1457600
2025-03-01,20,Kansas,KS,1458300
2025-04-01,20,Kansas,KS,1461600
2025-05-01,20,Kansas,KS,1463400
2025-06-01,20,Kansas,KS,1463500
2025-07-01,20,Kansas,KS,1457100
2025-08-01,20,Kansas,KS,1458700
2025-09-01,20,Kansas,KS,1458700
2025-10-01,20,Kansas,KS,1458900
2025-11-01,20,Kansas,KS,1462000
2025-12-01,20,Kansas,KS,1457500
2020-01-01,21,Kentucky,KY,1951800
2020-02-01,21,Kentucky,KY,1954300
2020-03-01,21,Kentucky,KY,1940100
2020-04-01,21,Kentucky,KY,1664000
2020-05-01,21,Kentucky,KY,1694700
2020-06-01,21,Kentucky,KY,1784000
2020-07-01,21,Kentucky,KY,1814000
2020-08-01,21,Kentucky,KY,1837700
2020-09-01,21,Kentucky,KY,1846600
2020-10-01,21,Kentucky,KY,1856100
2020-11-01,21,Kentucky,KY,1856900
2020-12-01,21,Kentucky,KY,1854800
2021-01-01,21,Kentucky,KY,1873700
2021-02-01,21,Kentucky,KY,1871000
2021-03-01,21,Kentucky,KY,1886900
2021-04-01,21,Kentucky,KY,1887300
2021-05-01,21,Kentucky,KY,1894600
2021-06-01,21,Kentucky,KY,1897700
2021-07-01,21,Kentucky,KY,1903200
2021-08-01,21,Kentucky,KY,1913200
2021-09-01,21,Kentucky,KY,1907800
2021-10-01,21,Kentucky,KY,1927700
2021-11-01,21,Kentucky,KY,1932400
2021-12-01,21,Kentucky,KY,1939600
2022-01-01,21,Kentucky,KY,1936300
2022-02-01,21,Kentucky,KY,1944400
2022-03-01,21,Kentucky,KY,1949800
2022-04-01,21,Kentucky,KY,1958800
2022-05-01,21,Kentucky,KY,1960000
2022-06-01,21,Kentucky,KY,1960200
2022-07-01,21,Kentucky,KY,1968200
2022-08-01,21,Kentucky,KY,1977400
2022-09-01,21,Kentucky,KY,1985200
2022-10-01,21,Kentucky,KY,1987300
2022-11-01,21,Kentucky,KY,1991800
2022-12-01,21,Kentucky,KY,1993300
2023-01-01,21,Kentucky,KY,2004500
2023-02-01,21,Kentucky,KY,2005300
2023-03-01,21,Kentucky,KY,2009500
2023-04-01,21,Kentucky,KY,2011500
2023-05-01,21,Kentucky,KY,2014700
2023-06-01,21,Kentucky,KY,2018800
2023-07-01,21,Kentucky,KY,2013500
2023-08-01,21,Kentucky,KY,2019300
2023-09-01,21,Kentucky,KY,2025500
2023-10-01,21,Kentucky,KY,2025300
2023-11-01,21,Kentucky,KY,2025100
2023-12-01,21,Kentucky,KY,2028700
2024-01-01,21,Kentucky,KY,2029800
2024-02-01,21,Kentucky,KY,2032100
2024-03-01,21,Kentucky,KY,2035300
2024-04-01,21,Kentucky,KY,2035200
2024-05-01,21,Kentucky,KY,2037200
2024-06-01,21,Kentucky,KY,2038000
2024-07-01,21,Kentucky,KY,2037900
2024-08-01,21,Kentucky,KY,2042400
2024-09-01,21,Kentucky,KY,2041700
2024-10-01,21,Kentucky,KY,2036200
2024-11-01,21,Kentucky,KY,2042200
2024-12-01,21,Kentucky,KY,2044800
2025-01-01,21,Kentucky,KY,2039600
2025-02-01,21,Kentucky,KY,2047600
2025-03-01,21,Kentucky,KY,2052000
2025-04-01,21,Kentucky,KY,2052300.0000000002
2025-05-01,21,Kentucky,KY,2058699.9999999998
2025-06-01,21,Kentucky,KY,2058400
2025-07-01,21,Kentucky,KY,2058500
2025-08-01,21,Kentucky,KY,2060900
2025-09-01,21,Kentucky,KY,2060300.0000000002
2025-10-01,21,Kentucky,KY,2053500
2025-11-01,21,Kentucky,KY,2051400
2025-12-01,21,Kentucky,KY,2051100
2020-01-01,22,Louisiana,LA,1991800
2020-02-01,22,Louisiana,LA,1992800
2020-03-01,22,Louisiana,LA,1971600
2020-04-01,22,Louisiana,LA,1706600
2020-05-01,22,Louisiana,LA,1733800
2020-06-01,22,Louisiana,LA,1778900
2020-07-01,22,Louisiana,LA,1790700
2020-08-01,22,Louisiana,LA,1811100
2020-09-01,22,Louisiana,LA,1811200
2020-10-01,22,Louisiana,LA,1834000
2020-11-01,22,Louisiana,LA,1845500
2020-12-01,22,Louisiana,LA,1850000
2021-01-01,22,Louisiana,LA,1850000
2021-02-01,22,Louisiana,LA,1849200
2021-03-01,22,Louisiana,LA,1863500
2021-04-01,22,Louisiana,LA,1867700
2021-05-01,22,Louisiana,LA,1877200
2021-06-01,22,Louisiana,LA,1882600
2021-07-01,22,Louisiana,LA,1891200
2021-08-01,22,Louisiana,LA,1893800
2021-09-01,22,Louisiana,LA,1850300
2021-10-01,22,Louisiana,LA,1898900
2021-11-01,22,Louisiana,LA,1905200
2021-12-01,22,Louisiana,LA,1912700
2022-01-01,22,Louisiana,LA,1908200
2022-02-01,22,Louisiana,LA,1915700
2022-03-01,22,Louisiana,LA,1913200
2022-04-01,22,Louisiana,LA,1920200
2022-05-01,22,Louisiana,LA,1924800
2022-06-01,22,Louisiana,LA,1925400
2022-07-01,22,Louisiana,LA,1937600
2022-08-01,22,Louisiana,LA,1940400
2022-09-01,22,Louisiana,LA,1942400
2022-10-01,22,Louisiana,LA,1940400
2022-11-01,22,Louisiana,LA,1941800
2022-12-01,22,Louisiana,LA,1943300
2023-01-01,22,Louisiana,LA,1950500
2023-02-01,22,Louisiana,LA,1953400
2023-03-01,22,Louisiana,LA,1956500
2023-04-01,22,Louisiana,LA,1957800
2023-05-01,22,Louisiana,LA,1961100
2023-06-01,22,Louisiana,LA,1964500
2023-07-01,22,Louisiana,LA,1953000
2023-08-01,22,Louisiana,LA,1958600
2023-09-01,22,Louisiana,LA,1963500
2023-10-01,22,Louisiana,LA,1968400
2023-11-01,22,Louisiana,LA,1966900
2023-12-01,22,Louisiana,LA,1970600
2024-01-01,22,Louisiana,LA,1976400
2024-02-01,22,Louisiana,LA,1977300
2024-03-01,22,Louisiana,LA,1980500
2024-04-01,22,Louisiana,LA,1981700
2024-05-01,22,Louisiana,LA,1980700
2024-06-01,22,Louisiana,LA,1978800
2024-07-01,22,Louisiana,LA,1982300
2024-08-01,22,Louisiana,LA,1983400
2024-09-01,22,Louisiana,LA,1982000
2024-10-01,22,Louisiana,LA,1989200
2024-11-01,22,Louisiana,LA,1990500
2024-12-01,22,Louisiana,LA,1989500
2025-01-01,22,Louisiana,LA,1994000
2025-02-01,22,Louisiana,LA,1999400
2025-03-01,22,Louisiana,LA,1997600
2025-04-01,22,Louisiana,LA,1998800
2025-05-01,22,Louisiana,LA,2000800
2025-06-01,22,Louisiana,LA,2001500
2025-07-01,22,Louisiana,LA,2002800
2025-08-01,22,Louisiana,LA,2000900
2025-09-01,22,Louisiana,LA,2002100
2025-10-01,22,Louisiana,LA,2003500
2025-11-01,22,Louisiana,LA,2006200
2025-12-01,22,Louisiana,LA,2012400
2020-01-01,23,Maine,ME,638800
2020-02-01,23,Maine,ME,638200
2020-03-01,23,Maine,ME,634400
2020-04-01,23,Maine,ME,544000
2020-05-01,23,Maine,ME,558100
2020-06-01,23,Maine,ME,567400
2020-07-01,23,Maine,ME,575300
2020-08-01,23,Maine,ME,585200
2020-09-01,23,Maine,ME,601800
2020-10-01,23,Maine,ME,607800
2020-11-01,23,Maine,ME,611200
2020-12-01,23,Maine,ME,609900
2021-01-01,23,Maine,ME,612600
2021-02-01,23,Maine,ME,616000
2021-03-01,23,Maine,ME,619400
2021-04-01,23,Maine,ME,620600
2021-05-01,23,Maine,ME,620900
2021-06-01,23,Maine,ME,619500
2021-07-01,23,Maine,ME,623200
2021-08-01,23,Maine,ME,623500
2021-09-01,23,Maine,ME,623800
2021-10-01,23,Maine,ME,627300
2021-11-01,23,Maine,ME,629100
2021-12-01,23,Maine,ME,628800
2022-01-01,23,Maine,ME,629400
2022-02-01,23,Maine,ME,632900
2022-03-01,23,Maine,ME,635200
2022-04-01,23,Maine,ME,638600
2022-05-01,23,Maine,ME,638000
2022-06-01,23,Maine,ME,635100
2022-07-01,23,Maine,ME,639900
2022-08-01,23,Maine,ME,639900
2022-09-01,23,Maine,ME,641400
2022-10-01,23,Maine,ME,640500
2022-11-01,23,Maine,ME,643300
2022-12-01,23,Maine,ME,643300
2023-01-01,23,Maine,ME,647500
2023-02-01,23,Maine,ME,647100
2023-03-01,23,Maine,ME,646700
2023-04-01,23,Maine,ME,647900
2023-05-01,23,Maine,ME,650300
2023-06-01,23,Maine,ME,653000
2023-07-01,23,Maine,ME,653700
2023-08-01,23,Maine,ME,653400
2023-09-01,23,Maine,ME,653400
2023-10-01,23,Maine,ME,653300
2023-11-01,23,Maine,ME,653600
2023-12-01,23,Maine,ME,653900
2024-01-01,23,Maine,ME,656200
2024-02-01,23,Maine,ME,655800
2024-03-01,23,Maine,ME,656700
2024-04-01,23,Maine,ME,654700
2024-05-01,23,Maine,ME,657400
2024-06-01,23,Maine,ME,657000
2024-07-01,23,Maine,ME,658000
2024-08-01,23,Maine,ME,658800
2024-09-01,23,Maine,ME,659800
2024-10-01,23,Maine,ME,659700
2024-11-01,23,Maine,ME,658400
2024-12-01,23,Maine,ME,658300
2025-01-01,23,Maine,ME,659300
2025-02-01,23,Maine,ME,657900
2025-03-01,23,Maine,ME,657900
2025-04-01,23,Maine,ME,658300
2025-05-01,23,Maine,ME,657200
2025-06-01,23,Maine,ME,657400
2025-07-01,23,Maine,ME,656900
2025-08-01,23,Maine,ME,655500
2025-09-01,23,Maine,ME,654600
2025-10-01,23,Maine,ME,652700
2025-11-01,23,Maine,ME,654200
2025-12-01,23,Maine,ME,654100
2020-01-01,24,Maryland,MD,2792700
2020-02-01,24,Maryland,MD,2795100
2020-03-01,24,Maryland,MD,2771600
2020-04-01,24,Maryland,MD,2402200
2020-05-01,24,Maryland,MD,2426400
2020-06-01,24,Maryland,MD,2481500
2020-07-01,24,Maryland,MD,2545700
2020-08-01,24,Maryland,MD,2564500
2020-09-01,24,Maryland,MD,2586600
2020-10-01,24,Maryland,MD,2603500
2020-11-01,24,Maryland,MD,2608400
2020-12-01,24,Maryland,MD,2615300
2021-01-01,24,Maryland,MD,2619800
2021-02-01,24,Maryland,MD,2619500
2021-03-01,24,Maryland,MD,2639400
2021-04-01,24,Maryland,MD,2644300
2021-05-01,24,Maryland,MD,2650800
2021-06-01,24,Maryland,MD,2651900
2021-07-01,24,Maryland,MD,2673200
2021-08-01,24,Maryland,MD,2680300
2021-09-01,24,Maryland,MD,2681600
2021-10-01,24,Maryland,MD,2700700
2021-11-01,24,Maryland,MD,2710000
2021-12-01,24,Maryland,MD,2726100
2022-01-01,24,Maryland,MD,2704600
2022-02-01,24,Maryland,MD,2723700
2022-03-01,24,Maryland,MD,2717100
2022-04-01,24,Maryland,MD,2726900
2022-05-01,24,Maryland,MD,2730500
2022-06-01,24,Maryland,MD,2717600
2022-07-01,24,Maryland,MD,2739100
2022-08-01,24,Maryland,MD,2740900
2022-09-01,24,Maryland,MD,2754400
2022-10-01,24,Maryland,MD,2743600
2022-11-01,24,Maryland,MD,2745900
2022-12-01,24,Maryland,MD,2743900
2023-01-01,24,Maryland,MD,2750800
2023-02-01,24,Maryland,MD,2754300
2023-03-01,24,Maryland,MD,2761100
2023-04-01,24,Maryland,MD,2771900
2023-05-01,24,Maryland,MD,2778000
2023-06-01,24,Maryland,MD,2786900
2023-07-01,24,Maryland,MD,2785200
2023-08-01,24,Maryland,MD,2786100
2023-09-01,24,Maryland,MD,2788100
2023-10-01,24,Maryland,MD,2791700
2023-11-01,24,Maryland,MD,2796300
2023-12-01,24,Maryland,MD,2800800
2024-01-01,24,Maryland,MD,2831100
2024-02-01,24,Maryland,MD,2831800
2024-03-01,24,Maryland,MD,2835700
2024-04-01,24,Maryland,MD,2823700
2024-05-01,24,Maryland,MD,2825000
2024-06-01,24,Maryland,MD,2829200
2024-07-01,24,Maryland,MD,2838300
2024-08-01,24,Maryland,MD,2835000
2024-09-01,24,Maryland,MD,2835700
2024-10-01,24,Maryland,MD,2826000
2024-11-01,24,Maryland,MD,2837500
2024-12-01,24,Maryland,MD,2840600
2025-01-01,24,Maryland,MD,2846400
2025-02-01,24,Maryland,MD,2847600
2025-03-01,24,Maryland,MD,2845600
2025-04-01,24,Maryland,MD,2848000
2025-05-01,24,Maryland,MD,2849800
2025-06-01,24,Maryland,MD,2840800
2025-07-01,24,Maryland,MD,2850000
2025-08-01,24,Maryland,MD,2848700
2025-09-01,24,Maryland,MD,2837600
2025-10-01,24,Maryland,MD,2823700
2025-11-01,24,Maryland,MD,2828900
2025-12-01,24,Maryland,MD,2828200
2020-01-01,25,Massachusetts,MA,3734300
2020-02-01,25,Massachusetts,MA,3745600
2020-03-01,25,Massachusetts,MA,3708600
2020-04-01,25,Massachusetts,MA,3056800
2020-05-01,25,Massachusetts,MA,3110700
2020-06-01,25,Massachusetts,MA,3187200
2020-07-01,25,Massachusetts,MA,3274300
2020-08-01,25,Massachusetts,MA,3335900
2020-09-01,25,Massachusetts,MA,3382600
2020-10-01,25,Massachusetts,MA,3415400
2020-11-01,25,Massachusetts,MA,3430800
2020-12-01,25,Massachusetts,MA,3428500
2021-01-01,25,Massachusetts,MA,3440900
2021-02-01,25,Massachusetts,MA,3455700
2021-03-01,25,Massachusetts,MA,3471100
2021-04-01,25,Massachusetts,MA,3489200
2021-05-01,25,Massachusetts,MA,3504300
2021-06-01,25,Massachusetts,MA,3511400
2021-07-01,25,Massachusetts,MA,3557700
2021-08-01,25,Massachusetts,MA,3564300
2021-09-01,25,Massachusetts,MA,3560200
2021-10-01,25,Massachusetts,MA,3598600
2021-11-01,25,Massachusetts,MA,3607300
2021-12-01,25,Massachusetts,MA,3620100
2022-01-01,25,Massachusetts,MA,3623800
2022-02-01,25,Massachusetts,MA,3643200
2022-03-01,25,Massachusetts,MA,3648700
2022-04-01,25,Massachusetts,MA,3659400
2022-05-01,25,Massachusetts,MA,3663800
2022-06-01,25,Massachusetts,MA,3670900
2022-07-01,25,Massachusetts,MA,3688700
2022-08-01,25,Massachusetts,MA,3688500
2022-09-01,25,Massachusetts,MA,3691800
2022-10-01,25,Massachusetts,MA,3689800
2022-11-01,25,Massachusetts,MA,3696800
2022-12-01,25,Massachusetts,MA,3692600
2023-01-01,25,Massachusetts,MA,3706900
2023-02-01,25,Massachusetts,MA,3708600
2023-03-01,25,Massachusetts,MA,3710000
2023-04-01,25,Massachusetts,MA,3707700
2023-05-01,25,Massachusetts,MA,3710000
2023-06-01,25,Massachusetts,MA,3713100
2023-07-01,25,Massachusetts,MA,3717500
2023-08-01,25,Massachusetts,MA,3718600
2023-09-01,25,Massachusetts,MA,3718900
2023-10-01,25,Massachusetts,MA,3722600
2023-11-01,25,Massachusetts,MA,3722400
2023-12-01,25,Massachusetts,MA,3728000
2024-01-01,25,Massachusetts,MA,3725000
2024-02-01,25,Massachusetts,MA,3724600
2024-03-01,25,Massachusetts,MA,3729800
2024-04-01,25,Massachusetts,MA,3719100
2024-05-01,25,Massachusetts,MA,3723600
2024-06-01,25,Massachusetts,MA,3722300
2024-07-01,25,Massachusetts,MA,3716400
2024-08-01,25,Massachusetts,MA,3717000
2024-09-01,25,Massachusetts,MA,3718200
2024-10-01,25,Massachusetts,MA,3715900
2024-11-01,25,Massachusetts,MA,3715200
2024-12-01,25,Massachusetts,MA,3722200
2025-01-01,25,Massachusetts,MA,3718900
2025-02-01,25,Massachusetts,MA,3714300
2025-03-01,25,Massachusetts,MA,3717100
2025-04-01,25,Massachusetts,MA,3725200
2025-05-01,25,Massachusetts,MA,3728900
2025-06-01,25,Massachusetts,MA,3725200
2025-07-01,25,Massachusetts,MA,3727300
2025-08-01,25,Massachusetts,MA,3720100
2025-09-01,25,Massachusetts,MA,3710000
2025-10-01,25,Massachusetts,MA,3714600
2025-11-01,25,Massachusetts,MA,3718900
2025-12-01,25,Massachusetts,MA,3723500
2020-01-01,26,Michigan,MI,4448300
2020-02-01,26,Michigan,MI,4449000
2020-03-01,26,Michigan,MI,4418100
2020-04-01,26,Michigan,MI,3393500
2020-05-01,26,Michigan,MI,3524200
2020-06-01,26,Michigan,MI,3855900
2020-07-01,26,Michigan,MI,3969600
2020-08-01,26,Michigan,MI,4038100
2020-09-01,26,Michigan,MI,4081800
2020-10-01,26,Michigan,MI,4116399.9999999995
2020-11-01,26,Michigan,MI,4114800
2020-12-01,26,Michigan,MI,4049600
2021-01-01,26,Michigan,MI,4083300
2021-02-01,26,Michigan,MI,4137399.9999999995
2021-03-01,26,Michigan,MI,4158500
2021-04-01,26,Michigan,MI,4139200
2021-05-01,26,Michigan,MI,4151700
2021-06-01,26,Michigan,MI,4169399.9999999995
2021-07-01,26,Michigan,MI,4203600
2021-08-01,26,Michigan,MI,4216900
2021-09-01,26,Michigan,MI,4224900
2021-10-01,26,Michigan,MI,4280700
2021-11-01,26,Michigan,MI,4296300
2021-12-01,26,Michigan,MI,4306900
2022-01-01,26,Michigan,MI,4307100
2022-02-01,26,Michigan,MI,4326000
2022-03-01,26,Michigan,MI,4344900
2022-04-01,26,Michigan,MI,4365400
2022-05-01,26,Michigan,MI,4361700
2022-06-01,26,Michigan,MI,4362000
2022-07-01,26,Michigan,MI,4382300
2022-08-01,26,Michigan,MI,4388200
2022-09-01,26,Michigan,MI,4389000
2022-10-01,26,Michigan,MI,4395400
2022-11-01,26,Michigan,MI,4405300
2022-12-01,26,Michigan,MI,4410900
2023-01-01,26,Michigan,MI,4431400
2023-02-01,26,Michigan,MI,4437000
2023-03-01,26,Michigan,MI,4439600
2023-04-01,26,Michigan,MI,4453500
2023-05-01,26,Michigan,MI,4468900
2023-06-01,26,Michigan,MI,4473200
2023-07-01,26,Michigan,MI,4475100
2023-08-01,26,Michigan,MI,4470200
2023-09-01,26,Michigan,MI,4480100
2023-10-01,26,Michigan,MI,4454700
2023-11-01,26,Michigan,MI,4467500
2023-12-01,26,Michigan,MI,4477500
2024-01-01,26,Michigan,MI,4473300
2024-02-01,26,Michigan,MI,4479900
2024-03-01,26,Michigan,MI,4486400
2024-04-01,26,Michigan,MI,4485500
2024-05-01,26,Michigan,MI,4489400
2024-06-01,26,Michigan,MI,4487300
2024-07-01,26,Michigan,MI,4471100
2024-08-01,26,Michigan,MI,4489500
2024-09-01,26,Michigan,MI,4497500
2024-10-01,26,Michigan,MI,4492300
2024-11-01,26,Michigan,MI,4498500
2024-12-01,26,Michigan,MI,4509500
2025-01-01,26,Michigan,MI,4513900
2025-02-01,26,Michigan,MI,4515100
2025-03-01,26,Michigan,MI,4512300
2025-04-01,26,Michigan,MI,4528200
2025-05-01,26,Michigan,MI,4531500
2025-06-01,26,Michigan,MI,4525700
2025-07-01,26,Michigan,MI,4528800
2025-08-01,26,Michigan,MI,4532300
2025-09-01,26,Michigan,MI,4533400
2025-10-01,26,Michigan,MI,4536300
2025-11-01,26,Michigan,MI,4538200
2025-12-01,26,Michigan,MI,4543300
2020-01-01,27,Minnesota,MN,2993900
2020-02-01,27,Minnesota,MN,2995000
2020-03-01,27,Minnesota,MN,2978700
2020-04-01,27,Minnesota,MN,2578600
2020-05-01,27,Minnesota,MN,2600100
2020-06-01,27,Minnesota,MN,2673100
2020-07-01,27,Minnesota,MN,2715800
2020-08-01,27,Minnesota,MN,2751700
2020-09-01,27,Minnesota,MN,2772300
2020-10-01,27,Minnesota,MN,2805500
2020-11-01,27,Minnesota,MN,2802900
2020-12-01,27,Minnesota,MN,2758000
2021-01-01,27,Minnesota,MN,2800700
2021-02-01,27,Minnesota,MN,2814000
2021-03-01,27,Minnesota,MN,2834600
2021-04-01,27,Minnesota,MN,2841300
2021-05-01,27,Minnesota,MN,2843600
2021-06-01,27,Minnesota,MN,2847100
2021-07-01,27,Minnesota,MN,2868300
2021-08-01,27,Minnesota,MN,2867900
2021-09-01,27,Minnesota,MN,2850800
2021-10-01,27,Minnesota,MN,2887600
2021-11-01,27,Minnesota,MN,2896000
2021-12-01,27,Minnesota,MN,2905500
2022-01-01,27,Minnesota,MN,2895400
2022-02-01,27,Minnesota,MN,2911800
2022-03-01,27,Minnesota,MN,2911200
2022-04-01,27,Minnesota,MN,2924400
2022-05-01,27,Minnesota,MN,2927400
2022-06-01,27,Minnesota,MN,2922700
2022-07-01,27,Minnesota,MN,2941300
2022-08-01,27,Minnesota,MN,2943000
2022-09-01,27,Minnesota,MN,2946400
2022-10-01,27,Minnesota,MN,2949900
2022-11-01,27,Minnesota,MN,2955100
2022-12-01,27,Minnesota,MN,2956600
2023-01-01,27,Minnesota,MN,2967600
2023-02-01,27,Minnesota,MN,2973100
2023-03-01,27,Minnesota,MN,2976500
2023-04-01,27,Minnesota,MN,2974300
2023-05-01,27,Minnesota,MN,2983500
2023-06-01,27,Minnesota,MN,2998000
2023-07-01,27,Minnesota,MN,2986300
2023-08-01,27,Minnesota,MN,2986200
2023-09-01,27,Minnesota,MN,2993000
2023-10-01,27,Minnesota,MN,2993300
2023-11-01,27,Minnesota,MN,2993000
2023-12-01,27,Minnesota,MN,2992800
2024-01-01,27,Minnesota,MN,2995700
2024-02-01,27,Minnesota,MN,2997900
2024-03-01,27,Minnesota,MN,3013100
2024-04-01,27,Minnesota,MN,3009200
2024-05-01,27,Minnesota,MN,3012000
2024-06-01,27,Minnesota,MN,3011200
2024-07-01,27,Minnesota,MN,3008300
2024-08-01,27,Minnesota,MN,3010600
2024-09-01,27,Minnesota,MN,3017900
2024-10-01,27,Minnesota,MN,3025500
2024-11-01,27,Minnesota,MN,3029700
2024-12-01,27,Minnesota,MN,3034400
2025-01-01,27,Minnesota,MN,3038200
2025-02-01,27,Minnesota,MN,3039000
2025-03-01,27,Minnesota,MN,3051300
2025-04-01,27,Minnesota,MN,3049400
2025-05-01,27,Minnesota,MN,3055700
2025-06-01,27,Minnesota,MN,3047700
2025-07-01,27,Minnesota,MN,3047200
2025-08-01,27,Minnesota,MN,3053900
2025-09-01,27,Minnesota,MN,3060400
2025-10-01,27,Minnesota,MN,3065200
2025-11-01,27,Minnesota,MN,3068500
2025-12-01,27,Minnesota,MN,3068500
2020-01-01,28,Mississippi,MS,1160500
2020-02-01,28,Mississippi,MS,1161000
2020-03-01,28,Mississippi,MS,1154600
2020-04-01,28,Mississippi,MS,1012300
2020-05-01,28,Mississippi,MS,1047200
2020-06-01,28,Mississippi,MS,1083600
2020-07-01,28,Mississippi,MS,1094200
2020-08-01,28,Mississippi,MS,1108000
2020-09-01,28,Mississippi,MS,1112600
2020-10-01,28,Mississippi,MS,1121800
2020-11-01,28,Mississippi,MS,1126600
2020-12-01,28,Mississippi,MS,1128200
2021-01-01,28,Mississippi,MS,1126200
2021-02-01,28,Mississippi,MS,1122000
2021-03-01,28,Mississippi,MS,1128100
2021-04-01,28,Mississippi,MS,1126400
2021-05-01,28,Mississippi,MS,1130800
2021-06-01,28,Mississippi,MS,1132000
2021-07-01,28,Mississippi,MS,1143000
2021-08-01,28,Mississippi,MS,1141000
2021-09-01,28,Mississippi,MS,1142700
2021-10-01,28,Mississippi,MS,1151900
2021-11-01,28,Mississippi,MS,1153800
2021-12-01,28,Mississippi,MS,1156300
2022-01-01,28,Mississippi,MS,1155800
2022-02-01,28,Mississippi,MS,1162400
2022-03-01,28,Mississippi,MS,1160800
2022-04-01,28,Mississippi,MS,1161700
2022-05-01,28,Mississippi,MS,1163500
2022-06-01,28,Mississippi,MS,1163700
2022-07-01,28,Mississippi,MS,1169300
2022-08-01,28,Mississippi,MS,1168200
2022-09-01,28,Mississippi,MS,1170200
2022-10-01,28,Mississippi,MS,1170800
2022-11-01,28,Mississippi,MS,1172400
2022-12-01,28,Mississippi,MS,1172100
2023-01-01,28,Mississippi,MS,1180500
2023-02-01,28,Mississippi,MS,1179900
2023-03-01,28,Mississippi,MS,1180100
2023-04-01,28,Mississippi,MS,1180400
2023-05-01,28,Mississippi,MS,1181900
2023-06-01,28,Mississippi,MS,1184200
2023-07-01,28,Mississippi,MS,1180200
2023-08-01,28,Mississippi,MS,1181400
2023-09-01,28,Mississippi,MS,1183000
2023-10-01,28,Mississippi,MS,1181900
2023-11-01,28,Mississippi,MS,1180900
2023-12-01,28,Mississippi,MS,1180000
2024-01-01,28,Mississippi,MS,1182400
2024-02-01,28,Mississippi,MS,1184400
2024-03-01,28,Mississippi,MS,1188300
2024-04-01,28,Mississippi,MS,1187100
2024-05-01,28,Mississippi,MS,1186500
2024-06-01,28,Mississippi,MS,1185700
2024-07-01,28,Mississippi,MS,1188600
2024-08-01,28,Mississippi,MS,1189300
2024-09-01,28,Mississippi,MS,1190800
2024-10-01,28,Mississippi,MS,1198000
2024-11-01,28,Mississippi,MS,1196500
2024-12-01,28,Mississippi,MS,1194800
2025-01-01,28,Mississippi,MS,1199300
2025-02-01,28,Mississippi,MS,1199300
2025-03-01,28,Mississippi,MS,1197700
2025-04-01,28,Mississippi,MS,1200300
2025-05-01,28,Mississippi,MS,1200500
2025-06-01,28,Mississippi,MS,1200800
2025-07-01,28,Mississippi,MS,1202800
2025-08-01,28,Mississippi,MS,1206600
2025-09-01,28,Mississippi,MS,1204800
2025-10-01,28,Mississippi,MS,1203100
2025-11-01,28,Mississippi,MS,1206100
2025-12-01,28,Mississippi,MS,1203800
2020-01-01,29,Missouri,MO,2925900
2020-02-01,29,Missouri,MO,2927000
2020-03-01,29,Missouri,MO,2911200
2020-04-01,29,Missouri,MO,2569700
2020-05-01,29,Missouri,MO,2622000
2020-06-01,29,Missouri,MO,2688000
2020-07-01,29,Missouri,MO,2740500
2020-08-01,29,Missouri,MO,2761100
2020-09-01,29,Missouri,MO,2774200
2020-10-01,29,Missouri,MO,2790300
2020-11-01,29,Missouri,MO,2797500
2020-12-01,29,Missouri,MO,2800600
2021-01-01,29,Missouri,MO,2810700
2021-02-01,29,Missouri,MO,2798200
2021-03-01,29,Missouri,MO,2821600
2021-04-01,29,Missouri,MO,2820700
2021-05-01,29,Missouri,MO,2823900
2021-06-01,29,Missouri,MO,2834400
2021-07-01,29,Missouri,MO,2858300
2021-08-01,29,Missouri,MO,2857100
2021-09-01,29,Missouri,MO,2851000
2021-10-01,29,Missouri,MO,2873900
2021-11-01,29,Missouri,MO,2882000
2021-12-01,29,Missouri,MO,2890200
2022-01-01,29,Missouri,MO,2888300
2022-02-01,29,Missouri,MO,2902700
2022-03-01,29,Missouri,MO,2904800
2022-04-01,29,Missouri,MO,2907200
2022-05-01,29,Missouri,MO,2913100
2022-06-01,29,Missouri,MO,2917200
2022-07-01,29,Missouri,MO,2929000
2022-08-01,29,Missouri,MO,2932900
2022-09-01,29,Missouri,MO,2935900
2022-10-01,29,Missouri,MO,2935900
2022-11-01,29,Missouri,MO,2938800
2022-12-01,29,Missouri,MO,2940700
2023-01-01,29,Missouri,MO,2957900
2023-02-01,29,Missouri,MO,2960200
2023-03-01,29,Missouri,MO,2963100
2023-04-01,29,Missouri,MO,2963400
2023-05-01,29,Missouri,MO,2962800
2023-06-01,29,Missouri,MO,2970200
2023-07-01,29,Missouri,MO,2971600
2023-08-01,29,Missouri,MO,2962700
2023-09-01,29,Missouri,MO,2974500
2023-10-01,29,Missouri,MO,2972300
2023-11-01,29,Missouri,MO,2975500
2023-12-01,29,Missouri,MO,2978600
2024-01-01,29,Missouri,MO,2972100
2024-02-01,29,Missouri,MO,2983600
2024-03-01,29,Missouri,MO,2986100
2024-04-01,29,Missouri,MO,2990400
2024-05-01,29,Missouri,MO,2991400
2024-06-01,29,Missouri,MO,2989200
2024-07-01,29,Missouri,MO,2980100
2024-08-01,29,Missouri,MO,2987900
2024-09-01,29,Missouri,MO,2992300
2024-10-01,29,Missouri,MO,2999400
2024-11-01,29,Missouri,MO,2994600
2024-12-01,29,Missouri,MO,3000000
2025-01-01,29,Missouri,MO,2981400
2025-02-01,29,Missouri,MO,2992400
2025-03-01,29,Missouri,MO,3001200
2025-04-01,29,Missouri,MO,2998600
2025-05-01,29,Missouri,MO,3006900
2025-06-01,29,Missouri,MO,3012300
2025-07-01,29,Missouri,MO,3027700
2025-08-01,29,Missouri,MO,3022900
2025-09-01,29,Missouri,MO,3042200
2025-10-01,29,Missouri,MO,3048800
2025-11-01,29,Missouri,MO,3052000
2025-12-01,29,Missouri,MO,3052800
2020-01-01,30,Montana,MT,488700
2020-02-01,30,Montana,MT,487900
2020-03-01,30,Montana,MT,486600
2020-04-01,30,Montana,MT,425300
2020-05-01,30,Montana,MT,449300
2020-06-01,30,Montana,MT,458800
2020-07-01,30,Montana,MT,464300
2020-08-01,30,Montana,MT,468600
2020-09-01,30,Montana,MT,475400
2020-10-01,30,Montana,MT,477800
2020-11-01,30,Montana,MT,479200
2020-12-01,30,Montana,MT,480300
2021-01-01,30,Montana,MT,482600
2021-02-01,30,Montana,MT,482600
2021-03-01,30,Montana,MT,487000
2021-04-01,30,Montana,MT,488200
2021-05-01,30,Montana,MT,489900
2021-06-01,30,Montana,MT,491600
2021-07-01,30,Montana,MT,492500
2021-08-01,30,Montana,MT,493600
2021-09-01,30,Montana,MT,494800
2021-10-01,30,Montana,MT,499000
2021-11-01,30,Montana,MT,500600
2021-12-01,30,Montana,MT,503000
2022-01-01,30,Montana,MT,502100
2022-02-01,30,Montana,MT,505300
2022-03-01,30,Montana,MT,506900
2022-04-01,30,Montana,MT,506700
2022-05-01,30,Montana,MT,507000
2022-06-01,30,Montana,MT,506900
2022-07-01,30,Montana,MT,512200.00000000006
2022-08-01,30,Montana,MT,512799.99999999994
2022-09-01,30,Montana,MT,513500
2022-10-01,30,Montana,MT,513900
2022-11-01,30,Montana,MT,513600
2022-12-01,30,Montana,MT,514200.00000000006
2023-01-01,30,Montana,MT,517299.99999999994
2023-02-01,30,Montana,MT,517700.00000000006
2023-03-01,30,Montana,MT,518100
2023-04-01,30,Montana,MT,518100
2023-05-01,30,Montana,MT,518100
2023-06-01,30,Montana,MT,520299.99999999994
2023-07-01,30,Montana,MT,518700.00000000006
2023-08-01,30,Montana,MT,520700.00000000006
2023-09-01,30,Montana,MT,520500
2023-10-01,30,Montana,MT,521400
2023-11-01,30,Montana,MT,521500
2023-12-01,30,Montana,MT,522200.00000000006
2024-01-01,30,Montana,MT,520900
2024-02-01,30,Montana,MT,521799.99999999994
2024-03-01,30,Montana,MT,523299.99999999994
2024-04-01,30,Montana,MT,524600
2024-05-01,30,Montana,MT,526500
2024-06-01,30,Montana,MT,529300
2024-07-01,30,Montana,MT,528700
2024-08-01,30,Montana,MT,528100
2024-09-01,30,Montana,MT,528000
2024-10-01,30,Montana,MT,526000
2024-11-01,30,Montana,MT,526600
2024-12-01,30,Montana,MT,528200
2025-01-01,30,Montana,MT,528000
2025-02-01,30,Montana,MT,524600
2025-03-01,30,Montana,MT,525800
2025-04-01,30,Montana,MT,526400
2025-05-01,30,Montana,MT,529200
2025-06-01,30,Montana,MT,528600
2025-07-01,30,Montana,MT,529800
2025-08-01,30,Montana,MT,529200
2025-09-01,30,Montana,MT,529000
2025-10-01,30,Montana,MT,529900
2025-11-01,30,Montana,MT,530300
2025-12-01,30,Montana,MT,532400
2020-01-01,31,Nebraska,NE,1032200
2020-02-01,31,Nebraska,NE,1031700
2020-03-01,31,Nebraska,NE,1026400.0000000001
2020-04-01,31,Nebraska,NE,934000
2020-05-01,31,Nebraska,NE,943800
2020-06-01,31,Nebraska,NE,960900
2020-07-01,31,Nebraska,NE,974400
2020-08-01,31,Nebraska,NE,984100
2020-09-01,31,Nebraska,NE,988500
2020-10-01,31,Nebraska,NE,992400
2020-11-01,31,Nebraska,NE,993700
2020-12-01,31,Nebraska,NE,996500
2021-01-01,31,Nebraska,NE,997900
2021-02-01,31,Nebraska,NE,995900
2021-03-01,31,Nebraska,NE,1000800
2021-04-01,31,Nebraska,NE,1003100
2021-05-01,31,Nebraska,NE,1003900
2021-06-01,31,Nebraska,NE,1006900
2021-07-01,31,Nebraska,NE,1011100
2021-08-01,31,Nebraska,NE,1011800
2021-09-01,31,Nebraska,NE,1007500
2021-10-01,31,Nebraska,NE,1013000
2021-11-01,31,Nebraska,NE,1015600
2021-12-01,31,Nebraska,NE,1019300
2022-01-01,31,Nebraska,NE,1017600
2022-02-01,31,Nebraska,NE,1021800
2022-03-01,31,Nebraska,NE,1021900
2022-04-01,31,Nebraska,NE,1021800
2022-05-01,31,Nebraska,NE,1021100
2022-06-01,31,Nebraska,NE,1023300
2022-07-01,31,Nebraska,NE,1027200
2022-08-01,31,Nebraska,NE,1029599.9999999999
2022-09-01,31,Nebraska,NE,1030700
2022-10-01,31,Nebraska,NE,1032300
2022-11-01,31,Nebraska,NE,1035000
2022-12-01,31,Nebraska,NE,1036400.0000000001
2023-01-01,31,Nebraska,NE,1040400.0000000001
2023-02-01,31,Nebraska,NE,1042300
2023-03-01,31,Nebraska,NE,1042800
2023-04-01,31,Nebraska,NE,1045800
2023-05-01,31,Nebraska,NE,1047500
2023-06-01,31,Nebraska,NE,1054900
2023-07-01,31,Nebraska,NE,1049900
2023-08-01,31,Nebraska,NE,1050800
2023-09-01,31,Nebraska,NE,1053600
2023-10-01,31,Nebraska,NE,1053100
2023-11-01,31,Nebraska,NE,1052400
2023-12-01,31,Nebraska,NE,1053900
2024-01-01,31,Nebraska,NE,1050200
2024-02-01,31,Nebraska,NE,1055300
2024-03-01,31,Nebraska,NE,1058800
2024-04-01,31,Nebraska,NE,1057400
2024-05-01,31,Nebraska,NE,1058400
2024-06-01,31,Nebraska,NE,1057800
2024-07-01,31,Nebraska,NE,1057200
2024-08-01,31,Nebraska,NE,1057500
2024-09-01,31,Nebraska,NE,1059100
2024-10-01,31,Nebraska,NE,1060600
2024-11-01,31,Nebraska,NE,1059300
2024-12-01,31,Nebraska,NE,1060300
2025-01-01,31,Nebraska,NE,1059300
2025-02-01,31,Nebraska,NE,1059100
2025-03-01,31,Nebraska,NE,1060900
2025-04-01,31,Nebraska,NE,1063200
2025-05-01,31,Nebraska,NE,1065800
2025-06-01,31,Nebraska,NE,1066700
2025-07-01,31,Nebraska,NE,1063000
2025-08-01,31,Nebraska,NE,1063500
2025-09-01,31,Nebraska,NE,1061100
2025-10-01,31,Nebraska,NE,1058500
2025-11-01,31,Nebraska,NE,1058000
2025-12-01,31,Nebraska,NE,1055300
2020-01-01,32,Nevada,NV,1442400
2020-02-01,32,Nevada,NV,1443200
2020-03-01,32,Nevada,NV,1431500
2020-04-01,32,Nevada,NV,1114100
2020-05-01,32,Nevada,NV,1107000
2020-06-01,32,Nevada,NV,1201400
2020-07-01,32,Nevada,NV,1237100
2020-08-01,32,Nevada,NV,1253500
2020-09-01,32,Nevada,NV,1271200
2020-10-01,32,Nevada,NV,1290100
2020-11-01,32,Nevada,NV,1294200
2020-12-01,32,Nevada,NV,1293800
2021-01-01,32,Nevada,NV,1298800
2021-02-01,32,Nevada,NV,1308000
2021-03-01,32,Nevada,NV,1320500
2021-04-01,32,Nevada,NV,1339600
2021-05-01,32,Nevada,NV,1355800
2021-06-01,32,Nevada,NV,1372600
2021-07-01,32,Nevada,NV,1391800
2021-08-01,32,Nevada,NV,1402000
2021-09-01,32,Nevada,NV,1404200
2021-10-01,32,Nevada,NV,1424600
2021-11-01,32,Nevada,NV,1435100
2021-12-01,32,Nevada,NV,1443100
2022-01-01,32,Nevada,NV,1444000
2022-02-01,32,Nevada,NV,1460700
2022-03-01,32,Nevada,NV,1468600
2022-04-01,32,Nevada,NV,1480400
2022-05-01,32,Nevada,NV,1486200
2022-06-01,32,Nevada,NV,1490400
2022-07-01,32,Nevada,NV,1498000
2022-08-01,32,Nevada,NV,1504300
2022-09-01,32,Nevada,NV,1510400
2022-10-01,32,Nevada,NV,1508400
2022-11-01,32,Nevada,NV,1510600
2022-12-01,32,Nevada,NV,1513200
2023-01-01,32,Nevada,NV,1519000
2023-02-01,32,Nevada,NV,1522400
2023-03-01,32,Nevada,NV,1525200
2023-04-01,32,Nevada,NV,1527100
2023-05-01,32,Nevada,NV,1532100
2023-06-01,32,Nevada,NV,1540000
2023-07-01,32,Nevada,NV,1539300
2023-08-01,32,Nevada,NV,1542200
2023-09-01,32,Nevada,NV,1552700
2023-10-01,32,Nevada,NV,1554700
2023-11-01,32,Nevada,NV,1558100
2023-12-01,32,Nevada,NV,1562900
2024-01-01,32,Nevada,NV,1560800
2024-02-01,32,Nevada,NV,1565800
2024-03-01,32,Nevada,NV,1565400
2024-04-01,32,Nevada,NV,1570100
2024-05-01,32,Nevada,NV,1570500
2024-06-01,32,Nevada,NV,1568500
2024-07-01,32,Nevada,NV,1567000
2024-08-01,32,Nevada,NV,1570200
2024-09-01,32,Nevada,NV,1573500
2024-10-01,32,Nevada,NV,1572200
2024-11-01,32,Nevada,NV,1572500
2024-12-01,32,Nevada,NV,1580400
2025-01-01,32,Nevada,NV,1573800
2025-02-01,32,Nevada,NV,1573200
2025-03-01,32,Nevada,NV,1575500
2025-04-01,32,Nevada,NV,1579900
2025-05-01,32,Nevada,NV,1577300
2025-06-01,32,Nevada,NV,1573200
2025-07-01,32,Nevada,NV,1573900
2025-08-01,32,Nevada,NV,1570500
2025-09-01,32,Nevada,NV,1575800
2025-10-01,32,Nevada,NV,1572000
2025-11-01,32,Nevada,NV,1571900
2025-12-01,32,Nevada,NV,1571400
2020-01-01,33,New Hampshire,NH,687500
2020-02-01,33,New Hampshire,NH,689500
2020-03-01,33,New Hampshire,NH,682800
2020-04-01,33,New Hampshire,NH,571800
2020-05-01,33,New Hampshire,NH,589100
2020-06-01,33,New Hampshire,NH,609800
2020-07-01,33,New Hampshire,NH,621500
2020-08-01,33,New Hampshire,NH,635500
2020-09-01,33,New Hampshire,NH,644300
2020-10-01,33,New Hampshire,NH,648100
2020-11-01,33,New Hampshire,NH,649400
2020-12-01,33,New Hampshire,NH,643300
2021-01-01,33,New Hampshire,NH,651000
2021-02-01,33,New Hampshire,NH,649800
2021-03-01,33,New Hampshire,NH,654000
2021-04-01,33,New Hampshire,NH,657200
2021-05-01,33,New Hampshire,NH,659500
2021-06-01,33,New Hampshire,NH,659400
2021-07-01,33,New Hampshire,NH,667100
2021-08-01,33,New Hampshire,NH,668600
2021-09-01,33,New Hampshire,NH,666500
2021-10-01,33,New Hampshire,NH,673500
2021-11-01,33,New Hampshire,NH,674300
2021-12-01,33,New Hampshire,NH,674000
2022-01-01,33,New Hampshire,NH,675700
2022-02-01,33,New Hampshire,NH,679200
2022-03-01,33,New Hampshire,NH,682000
2022-04-01,33,New Hampshire,NH,684000
2022-05-01,33,New Hampshire,NH,682200
2022-06-01,33,New Hampshire,NH,681800
2022-07-01,33,New Hampshire,NH,689200
2022-08-01,33,New Hampshire,NH,689700
2022-09-01,33,New Hampshire,NH,691200
2022-10-01,33,New Hampshire,NH,690300
2022-11-01,33,New Hampshire,NH,692300
2022-12-01,33,New Hampshire,NH,693100
2023-01-01,33,New Hampshire,NH,695600
2023-02-01,33,New Hampshire,NH,696000
2023-03-01,33,New Hampshire,NH,696300
2023-04-01,33,New Hampshire,NH,697300
2023-05-01,33,New Hampshire,NH,697300
2023-06-01,33,New Hampshire,NH,700500
2023-07-01,33,New Hampshire,NH,699600
2023-08-01,33,New Hampshire,NH,699000
2023-09-01,33,New Hampshire,NH,700500
2023-10-01,33,New Hampshire,NH,699900
2023-11-01,33,New Hampshire,NH,700700
2023-12-01,33,New Hampshire,NH,701700
2024-01-01,33,New Hampshire,NH,702600
2024-02-01,33,New Hampshire,NH,702200
2024-03-01,33,New Hampshire,NH,703400
2024-04-01,33,New Hampshire,NH,701600
2024-05-01,33,New Hampshire,NH,698800
2024-06-01,33,New Hampshire,NH,705300
2024-07-01,33,New Hampshire,NH,704600
2024-08-01,33,New Hampshire,NH,706200
2024-09-01,33,New Hampshire,NH,704400
2024-10-01,33,New Hampshire,NH,707000
2024-11-01,33,New Hampshire,NH,708900
2024-12-01,33,New Hampshire,NH,711600
2025-01-01,33,New Hampshire,NH,710200
2025-02-01,33,New Hampshire,NH,709800
2025-03-01,33,New Hampshire,NH,710700
2025-04-01,33,New Hampshire,NH,709400
2025-05-01,33,New Hampshire,NH,711000
2025-06-01,33,New Hampshire,NH,710300
2025-07-01,33,New Hampshire,NH,708700
2025-08-01,33,New Hampshire,NH,706800
2025-09-01,33,New Hampshire,NH,708900
2025-10-01,33,New Hampshire,NH,708900
2025-11-01,33,New Hampshire,NH,706600
2025-12-01,33,New Hampshire,NH,705600
2020-01-01,34,New Jersey,NJ,4219600
2020-02-01,34,New Jersey,NJ,4225100
2020-03-01,34,New Jersey,NJ,4195300
2020-04-01,34,New Jersey,NJ,3501400
2020-05-01,34,New Jersey,NJ,3515600
2020-06-01,34,New Jersey,NJ,3576600
2020-07-01,34,New Jersey,NJ,3706400
2020-08-01,34,New Jersey,NJ,3780100
2020-09-01,34,New Jersey,NJ,3870200
2020-10-01,34,New Jersey,NJ,3901500
2020-11-01,34,New Jersey,NJ,3906000
2020-12-01,34,New Jersey,NJ,3910000
2021-01-01,34,New Jersey,NJ,3931000
2021-02-01,34,New Jersey,NJ,3941100
2021-03-01,34,New Jersey,NJ,3961400
2021-04-01,34,New Jersey,NJ,3983700
2021-05-01,34,New Jersey,NJ,3995200
2021-06-01,34,New Jersey,NJ,4011100
2021-07-01,34,New Jersey,NJ,4050000
2021-08-01,34,New Jersey,NJ,4057400
2021-09-01,34,New Jersey,NJ,4074500
2021-10-01,34,New Jersey,NJ,4135300
2021-11-01,34,New Jersey,NJ,4154200
2021-12-01,34,New Jersey,NJ,4174399.9999999995
2022-01-01,34,New Jersey,NJ,4176600.0000000005
2022-02-01,34,New Jersey,NJ,4209500
2022-03-01,34,New Jersey,NJ,4222300
2022-04-01,34,New Jersey,NJ,4227800
2022-05-01,34,New Jersey,NJ,4232300
2022-06-01,34,New Jersey,NJ,4233500
2022-07-01,34,New Jersey,NJ,4261200
2022-08-01,34,New Jersey,NJ,4266400
2022-09-01,34,New Jersey,NJ,4265700
2022-10-01,34,New Jersey,NJ,4273900
2022-11-01,34,New Jersey,NJ,4287200
2022-12-01,34,New Jersey,NJ,4289800
2023-01-01,34,New Jersey,NJ,4307100
2023-02-01,34,New Jersey,NJ,4309700
2023-03-01,34,New Jersey,NJ,4309500
2023-04-01,34,New Jersey,NJ,4296400
2023-05-01,34,New Jersey,NJ,4316400
2023-06-01,34,New Jersey,NJ,4330400
2023-07-01,34,New Jersey,NJ,4327100
2023-08-01,34,New Jersey,NJ,4332600
2023-09-01,34,New Jersey,NJ,4346100
2023-10-01,34,New Jersey,NJ,4338400
2023-11-01,34,New Jersey,NJ,4345000
2023-12-01,34,New Jersey,NJ,4354000
2024-01-01,34,New Jersey,NJ,4351500
2024-02-01,34,New Jersey,NJ,4356200
2024-03-01,34,New Jersey,NJ,4360000
2024-04-01,34,New Jersey,NJ,4362300
2024-05-01,34,New Jersey,NJ,4369200
2024-06-01,34,New Jersey,NJ,4375600
2024-07-01,34,New Jersey,NJ,4360600
2024-08-01,34,New Jersey,NJ,4360300
2024-09-01,34,New Jersey,NJ,4375400
2024-10-01,34,New Jersey,NJ,4375900
2024-11-01,34,New Jersey,NJ,4375400
2024-12-01,34,New Jersey,NJ,4393200
2025-01-01,34,New Jersey,NJ,4384300
2025-02-01,34,New Jersey,NJ,4396700
2025-03-01,34,New Jersey,NJ,4393300
2025-04-01,34,New Jersey,NJ,4394500
2025-05-01,34,New Jersey,NJ,4392300
2025-06-01,34,New Jersey,NJ,4377900
2025-07-01,34,New Jersey,NJ,4384300
2025-08-01,34,New Jersey,NJ,4390900
2025-09-01,34,New Jersey,NJ,4401300
2025-10-01,34,New Jersey,NJ,4397700
2025-11-01,34,New Jersey,NJ,4396500
2025-12-01,34,New Jersey,NJ,4402200
2020-01-01,35,New Mexico,NM,863300
2020-02-01,35,New Mexico,NM,861000
2020-03-01,35,New Mexico,NM,858900
2020-04-01,35,New Mexico,NM,758100
2020-05-01,35,New Mexico,NM,758000
2020-06-01,35,New Mexico,NM,776300
2020-07-01,35,New Mexico,NM,779400
2020-08-01,35,New Mexico,NM,779900
2020-09-01,35,New Mexico,NM,788700
2020-10-01,35,New Mexico,NM,795300
2020-11-01,35,New Mexico,NM,793200
2020-12-01,35,New Mexico,NM,782900
2021-01-01,35,New Mexico,NM,785400
2021-02-01,35,New Mexico,NM,791000
2021-03-01,35,New Mexico,NM,799800
2021-04-01,35,New Mexico,NM,803300
2021-05-01,35,New Mexico,NM,808700
2021-06-01,35,New Mexico,NM,810400
2021-07-01,35,New Mexico,NM,822400
2021-08-01,35,New Mexico,NM,823900
2021-09-01,35,New Mexico,NM,825500
2021-10-01,35,New Mexico,NM,835200
2021-11-01,35,New Mexico,NM,835900
2021-12-01,35,New Mexico,NM,836800
2022-01-01,35,New Mexico,NM,835100
2022-02-01,35,New Mexico,NM,839200
2022-03-01,35,New Mexico,NM,842000
2022-04-01,35,New Mexico,NM,846400
2022-05-01,35,New Mexico,NM,846200
2022-06-01,35,New Mexico,NM,840800
2022-07-01,35,New Mexico,NM,852800
2022-08-01,35,New Mexico,NM,857200
2022-09-01,35,New Mexico,NM,859400
2022-10-01,35,New Mexico,NM,860600
2022-11-01,35,New Mexico,NM,861300
2022-12-01,35,New Mexico,NM,864500
2023-01-01,35,New Mexico,NM,867900
2023-02-01,35,New Mexico,NM,869300
2023-03-01,35,New Mexico,NM,870300
2023-04-01,35,New Mexico,NM,872900
2023-05-01,35,New Mexico,NM,873100
2023-06-01,35,New Mexico,NM,878300
2023-07-01,35,New Mexico,NM,874600
2023-08-01,35,New Mexico,NM,876700
2023-09-01,35,New Mexico,NM,877900
2023-10-01,35,New Mexico,NM,878800
2023-11-01,35,New Mexico,NM,882100
2023-12-01,35,New Mexico,NM,886200
2024-01-01,35,New Mexico,NM,885400
2024-02-01,35,New Mexico,NM,887900
2024-03-01,35,New Mexico,NM,888700
2024-04-01,35,New Mexico,NM,885100
2024-05-01,35,New Mexico,NM,885400
2024-06-01,35,New Mexico,NM,889200
2024-07-01,35,New Mexico,NM,885200
2024-08-01,35,New Mexico,NM,888000
2024-09-01,35,New Mexico,NM,888400
2024-10-01,35,New Mexico,NM,889800
2024-11-01,35,New Mexico,NM,893400
2024-12-01,35,New Mexico,NM,895700
2025-01-01,35,New Mexico,NM,899100
2025-02-01,35,New Mexico,NM,899500
2025-03-01,35,New Mexico,NM,899400
2025-04-01,35,New Mexico,NM,899700
2025-05-01,35,New Mexico,NM,903700
2025-06-01,35,New Mexico,NM,906700
2025-07-01,35,New Mexico,NM,907900
2025-08-01,35,New Mexico,NM,904500
2025-09-01,35,New Mexico,NM,904400
2025-10-01,35,New Mexico,NM,904200
2025-11-01,35,New Mexico,NM,905700
2025-12-01,35,New Mexico,NM,904300
2020-01-01,36,New York,NY,9828000
2020-02-01,36,New York,NY,9835000
2020-03-01,36,New York,NY,9720700
2020-04-01,36,New York,NY,7852800
2020-05-01,36,New York,NY,8010200
2020-06-01,36,New York,NY,8250900
2020-07-01,36,New York,NY,8367400
2020-08-01,36,New York,NY,8574900
2020-09-01,36,New York,NY,8778200
2020-10-01,36,New York,NY,8845600
2020-11-01,36,New York,NY,8857300
2020-12-01,36,New York,NY,8828800
2021-01-01,36,New York,NY,8824200
2021-02-01,36,New York,NY,8849200
2021-03-01,36,New York,NY,8910700
2021-04-01,36,New York,NY,8947100
2021-05-01,36,New York,NY,8970700
2021-06-01,36,New York,NY,8997400
2021-07-01,36,New York,NY,9057300
2021-08-01,36,New York,NY,9085700
2021-09-01,36,New York,NY,9148000
2021-10-01,36,New York,NY,9274900
2021-11-01,36,New York,NY,9317100
2021-12-01,36,New York,NY,9363600
2022-01-01,36,New York,NY,9349900
2022-02-01,36,New York,NY,9407000
2022-03-01,36,New York,NY,9432500
2022-04-01,36,New York,NY,9428700
2022-05-01,36,New York,NY,9461200
2022-06-01,36,New York,NY,9488700
2022-07-01,36,New York,NY,9559800
2022-08-01,36,New York,NY,9587400
2022-09-01,36,New York,NY,9583100
2022-10-01,36,New York,NY,9598400
2022-11-01,36,New York,NY,9614400
2022-12-01,36,New York,NY,9617100
2023-01-01,36,New York,NY,9659800
2023-02-01,36,New York,NY,9660600
2023-03-01,36,New York,NY,9666900
2023-04-01,36,New York,NY,9661500
2023-05-01,36,New York,NY,9693500
2023-06-01,36,New York,NY,9723200
2023-07-01,36,New York,NY,9723600
2023-08-01,36,New York,NY,9732300
2023-09-01,36,New York,NY,9748900
2023-10-01,36,New York,NY,9743900
2023-11-01,36,New York,NY,9748100
2023-12-01,36,New York,NY,9773700
2024-01-01,36,New York,NY,9800100
2024-02-01,36,New York,NY,9813400
2024-03-01,36,New York,NY,9840400
2024-04-01,36,New York,NY,9860000
2024-05-01,36,New York,NY,9869200
2024-06-01,36,New York,NY,9871500
2024-07-01,36,New York,NY,9869900
2024-08-01,36,New York,NY,9883500
2024-09-01,36,New York,NY,9908800
2024-10-01,36,New York,NY,9891900
2024-11-01,36,New York,NY,9908800
2024-12-01,36,New York,NY,9946500
2025-01-01,36,New York,NY,9960200
2025-02-01,36,New York,NY,9960300
2025-03-01,36,New York,NY,9958900
2025-04-01,36,New York,NY,9964500
2025-05-01,36,New York,NY,9963400
2025-06-01,36,New York,NY,9967800
2025-07-01,36,New York,NY,10024700
2025-08-01,36,New York,NY,10009100
2025-09-01,36,New York,NY,9980900
2025-10-01,36,New York,NY,9979600
2025-11-01,36,New York,NY,10001300
2025-12-01,36,New York,NY,10020400
2020-01-01,37,North Carolina,NC,4640100
2020-02-01,37,North Carolina,NC,4641400
2020-03-01,37,North Carolina,NC,4619000
2020-04-01,37,North Carolina,NC,4076500
2020-05-01,37,North Carolina,NC,4152899.9999999995
2020-06-01,37,North Carolina,NC,4289000
2020-07-01,37,North Carolina,NC,4335700
2020-08-01,37,North Carolina,NC,4393000
2020-09-01,37,North Carolina,NC,4433800
2020-10-01,37,North Carolina,NC,4471400
2020-11-01,37,North Carolina,NC,4490700
2020-12-01,37,North Carolina,NC,4519000
2021-01-01,37,North Carolina,NC,4518300
2021-02-01,37,North Carolina,NC,4529700
2021-03-01,37,North Carolina,NC,4555400
2021-04-01,37,North Carolina,NC,4567600
2021-05-01,37,North Carolina,NC,4588500
2021-06-01,37,North Carolina,NC,4601900
2021-07-01,37,North Carolina,NC,4636900
2021-08-01,37,North Carolina,NC,4631500
2021-09-01,37,North Carolina,NC,4628700
2021-10-01,37,North Carolina,NC,4680000
2021-11-01,37,North Carolina,NC,4695600
2021-12-01,37,North Carolina,NC,4712800
2022-01-01,37,North Carolina,NC,4704500
2022-02-01,37,North Carolina,NC,4745600
2022-03-01,37,North Carolina,NC,4766000
2022-04-01,37,North Carolina,NC,4782600
2022-05-01,37,North Carolina,NC,4796600
2022-06-01,37,North Carolina,NC,4808000
2022-07-01,37,North Carolina,NC,4841700
2022-08-01,37,North Carolina,NC,4850900
2022-09-01,37,North Carolina,NC,4859300
2022-10-01,37,North Carolina,NC,4859400
2022-11-01,37,North Carolina,NC,4869700
2022-12-01,37,North Carolina,NC,4873100
2023-01-01,37,North Carolina,NC,4904200
2023-02-01,37,North Carolina,NC,4910400
2023-03-01,37,North Carolina,NC,4917500
2023-04-01,37,North Carolina,NC,4922500
2023-05-01,37,North Carolina,NC,4929900
2023-06-01,37,North Carolina,NC,4954400
2023-07-01,37,North Carolina,NC,4944700
2023-08-01,37,North Carolina,NC,4956000
2023-09-01,37,North Carolina,NC,4964000
2023-10-01,37,North Carolina,NC,4971300
2023-11-01,37,North Carolina,NC,4979700
2023-12-01,37,North Carolina,NC,4997100
2024-01-01,37,North Carolina,NC,4991500
2024-02-01,37,North Carolina,NC,4998300
2024-03-01,37,North Carolina,NC,5006500
2024-04-01,37,North Carolina,NC,5017400
2024-05-01,37,North Carolina,NC,5024000
2024-06-01,37,North Carolina,NC,5019000
2024-07-01,37,North Carolina,NC,5011500
2024-08-01,37,North Carolina,NC,5014600
2024-09-01,37,North Carolina,NC,5027000
2024-10-01,37,North Carolina,NC,5019800
2024-11-01,37,North Carolina,NC,5032000
2024-12-01,37,North Carolina,NC,5044300
2025-01-01,37,North Carolina,NC,5053000
2025-02-01,37,North Carolina,NC,5062600
2025-03-01,37,North Carolina,NC,5076000
2025-04-01,37,North Carolina,NC,5091500
2025-05-01,37,North Carolina,NC,5094200
2025-06-01,37,North Carolina,NC,5096100
2025-07-01,37,North Carolina,NC,5090600
2025-08-01,37,North Carolina,NC,5096500
2025-09-01,37,North Carolina,NC,5108100
2025-10-01,37,North Carolina,NC,5116600
2025-11-01,37,North Carolina,NC,5121700
2025-12-01,37,North Carolina,NC,5125000
2020-01-01,38,North Dakota,ND,440500
2020-02-01,38,North Dakota,ND,440500
2020-03-01,38,North Dakota,ND,438200
2020-04-01,38,North Dakota,ND,386400
2020-05-01,38,North Dakota,ND,395800
2020-06-01,38,North Dakota,ND,399200
2020-07-01,38,North Dakota,ND,404800
2020-08-01,38,North Dakota,ND,407900
2020-09-01,38,North Dakota,ND,409300
2020-10-01,38,North Dakota,ND,411000
2020-11-01,38,North Dakota,ND,408300
2020-12-01,38,North Dakota,ND,408700
2021-01-01,38,North Dakota,ND,410900
2021-02-01,38,North Dakota,ND,411200
2021-03-01,38,North Dakota,ND,413100
2021-04-01,38,North Dakota,ND,415900
2021-05-01,38,North Dakota,ND,415100
2021-06-01,38,North Dakota,ND,416400
2021-07-01,38,North Dakota,ND,419100
2021-08-01,38,North Dakota,ND,419100
2021-09-01,38,North Dakota,ND,419200
2021-10-01,38,North Dakota,ND,420700
2021-11-01,38,North Dakota,ND,421900
2021-12-01,38,North Dakota,ND,422900
2022-01-01,38,North Dakota,ND,422600
2022-02-01,38,North Dakota,ND,423700
2022-03-01,38,North Dakota,ND,425100
2022-04-01,38,North Dakota,ND,424800
2022-05-01,38,North Dakota,ND,426000
2022-06-01,38,North Dakota,ND,428100
2022-07-01,38,North Dakota,ND,429600
2022-08-01,38,North Dakota,ND,430100
2022-09-01,38,North Dakota,ND,430400
2022-10-01,38,North Dakota,ND,431700
2022-11-01,38,North Dakota,ND,433600
2022-12-01,38,North Dakota,ND,432500
2023-01-01,38,North Dakota,ND,435200
2023-02-01,38,North Dakota,ND,436500
2023-03-01,38,North Dakota,ND,436500
2023-04-01,38,North Dakota,ND,435400
2023-05-01,38,North Dakota,ND,436800
2023-06-01,38,North Dakota,ND,438700
2023-07-01,38,North Dakota,ND,438300
2023-08-01,38,North Dakota,ND,439200
2023-09-01,38,North Dakota,ND,440500
2023-10-01,38,North Dakota,ND,440600
2023-11-01,38,North Dakota,ND,440700
2023-12-01,38,North Dakota,ND,442600
2024-01-01,38,North Dakota,ND,442100
2024-02-01,38,North Dakota,ND,443100
2024-03-01,38,North Dakota,ND,444600
2024-04-01,38,North Dakota,ND,445900
2024-05-01,38,North Dakota,ND,446400
2024-06-01,38,North Dakota,ND,446700
2024-07-01,38,North Dakota,ND,446700
2024-08-01,38,North Dakota,ND,446600
2024-09-01,38,North Dakota,ND,446800
2024-10-01,38,North Dakota,ND,446400
2024-11-01,38,North Dakota,ND,447600
2024-12-01,38,North Dakota,ND,449200
2025-01-01,38,North Dakota,ND,448000
2025-02-01,38,North Dakota,ND,447900
2025-03-01,38,North Dakota,ND,449900
2025-04-01,38,North Dakota,ND,450200
2025-05-01,38,North Dakota,ND,450900
2025-06-01,38,North Dakota,ND,450800
2025-07-01,38,North Dakota,ND,449700
2025-08-01,38,North Dakota,ND,448100
2025-09-01,38,North Dakota,ND,448500
2025-10-01,38,North Dakota,ND,448900
2025-11-01,38,North Dakota,ND,449800
2025-12-01,38,North Dakota,ND,449000
2020-01-01,39,Ohio,OH,5611000
2020-02-01,39,Ohio,OH,5607700
2020-03-01,39,Ohio,OH,5557600
2020-04-01,39,Ohio,OH,4726600
2020-05-01,39,Ohio,OH,4902900
2020-06-01,39,Ohio,OH,5133700
2020-07-01,39,Ohio,OH,5185700
2020-08-01,39,Ohio,OH,5228700
2020-09-01,39,Ohio,OH,5275500
2020-10-01,39,Ohio,OH,5300500
2020-11-01,39,Ohio,OH,5310600
2020-12-01,39,Ohio,OH,5314000
2021-01-01,39,Ohio,OH,5331800
2021-02-01,39,Ohio,OH,5330500
2021-03-01,39,Ohio,OH,5347800
2021-04-01,39,Ohio,OH,5338400
2021-05-01,39,Ohio,OH,5349600
2021-06-01,39,Ohio,OH,5362600
2021-07-01,39,Ohio,OH,5405300
2021-08-01,39,Ohio,OH,5412800
2021-09-01,39,Ohio,OH,5393400
2021-10-01,39,Ohio,OH,5446100
2021-11-01,39,Ohio,OH,5463400
2021-12-01,39,Ohio,OH,5471700
2022-01-01,39,Ohio,OH,5476300
2022-02-01,39,Ohio,OH,5494600
2022-03-01,39,Ohio,OH,5504700
2022-04-01,39,Ohio,OH,5525400
2022-05-01,39,Ohio,OH,5527300
2022-06-01,39,Ohio,OH,5522400
2022-07-01,39,Ohio,OH,5546000
2022-08-01,39,Ohio,OH,5551200
2022-09-01,39,Ohio,OH,5555100
2022-10-01,39,Ohio,OH,5561200
2022-11-01,39,Ohio,OH,5565100
2022-12-01,39,Ohio,OH,5566100
2023-01-01,39,Ohio,OH,5589600
2023-02-01,39,Ohio,OH,5598200
2023-03-01,39,Ohio,OH,5601100
2023-04-01,39,Ohio,OH,5602600
2023-05-01,39,Ohio,OH,5608700
2023-06-01,39,Ohio,OH,5626800
2023-07-01,39,Ohio,OH,5624300
2023-08-01,39,Ohio,OH,5630100
2023-09-01,39,Ohio,OH,5635600
2023-10-01,39,Ohio,OH,5623700
2023-11-01,39,Ohio,OH,5626900
2023-12-01,39,Ohio,OH,5631900
2024-01-01,39,Ohio,OH,5637200
2024-02-01,39,Ohio,OH,5641500
2024-03-01,39,Ohio,OH,5650700
2024-04-01,39,Ohio,OH,5645300
2024-05-01,39,Ohio,OH,5649900
2024-06-01,39,Ohio,OH,5652300
2024-07-01,39,Ohio,OH,5651200
2024-08-01,39,Ohio,OH,5653400
2024-09-01,39,Ohio,OH,5658400
2024-10-01,39,Ohio,OH,5652900
2024-11-01,39,Ohio,OH,5654100
2024-12-01,39,Ohio,OH,5654600
2025-01-01,39,Ohio,OH,5658000
2025-02-01,39,Ohio,OH,5685700
2025-03-01,39,Ohio,OH,5690900
2025-04-01,39,Ohio,OH,5712100
2025-05-01,39,Ohio,OH,5703500
2025-06-01,39,Ohio,OH,5716000
2025-07-01,39,Ohio,OH,5720300
2025-08-01,39,Ohio,OH,5730000
2025-09-01,39,Ohio,OH,5721600
2025-10-01,39,Ohio,OH,5702200
2025-11-01,39,Ohio,OH,5705400
2025-12-01,39,Ohio,OH,5708900
2020-01-01,40,Oklahoma,OK,1704200
2020-02-01,40,Oklahoma,OK,1702800
2020-03-01,40,Oklahoma,OK,1693100
2020-04-01,40,Oklahoma,OK,1533800
2020-05-01,40,Oklahoma,OK,1566300
2020-06-01,40,Oklahoma,OK,1601800
2020-07-01,40,Oklahoma,OK,1607900
2020-08-01,40,Oklahoma,OK,1614600
2020-09-01,40,Oklahoma,OK,1619000
2020-10-01,40,Oklahoma,OK,1625600
2020-11-01,40,Oklahoma,OK,1627800
2020-12-01,40,Oklahoma,OK,1630800
2021-01-01,40,Oklahoma,OK,1631600
2021-02-01,40,Oklahoma,OK,1620700
2021-03-01,40,Oklahoma,OK,1639100
2021-04-01,40,Oklahoma,OK,1638100
2021-05-01,40,Oklahoma,OK,1641600
2021-06-01,40,Oklahoma,OK,1649100
2021-07-01,40,Oklahoma,OK,1654100
2021-08-01,40,Oklahoma,OK,1654100
2021-09-01,40,Oklahoma,OK,1655100
2021-10-01,40,Oklahoma,OK,1669100
2021-11-01,40,Oklahoma,OK,1670600
2021-12-01,40,Oklahoma,OK,1676200
2022-01-01,40,Oklahoma,OK,1677900
2022-02-01,40,Oklahoma,OK,1683400
2022-03-01,40,Oklahoma,OK,1685000
2022-04-01,40,Oklahoma,OK,1693200
2022-05-01,40,Oklahoma,OK,1697600
2022-06-01,40,Oklahoma,OK,1694400
2022-07-01,40,Oklahoma,OK,1711800
2022-08-01,40,Oklahoma,OK,1713800
2022-09-01,40,Oklahoma,OK,1722200
2022-10-01,40,Oklahoma,OK,1724000
2022-11-01,40,Oklahoma,OK,1727500
2022-12-01,40,Oklahoma,OK,1731400
2023-01-01,40,Oklahoma,OK,1745600
2023-02-01,40,Oklahoma,OK,1746500
2023-03-01,40,Oklahoma,OK,1749700
2023-04-01,40,Oklahoma,OK,1753000
2023-05-01,40,Oklahoma,OK,1754000
2023-06-01,40,Oklahoma,OK,1758400
2023-07-01,40,Oklahoma,OK,1753500
2023-08-01,40,Oklahoma,OK,1759000
2023-09-01,40,Oklahoma,OK,1763800
2023-10-01,40,Oklahoma,OK,1766800
2023-11-01,40,Oklahoma,OK,1767700
2023-12-01,40,Oklahoma,OK,1768900
2024-01-01,40,Oklahoma,OK,1767700
2024-02-01,40,Oklahoma,OK,1774800
2024-03-01,40,Oklahoma,OK,1779400
2024-04-01,40,Oklahoma,OK,1776300
2024-05-01,40,Oklahoma,OK,1777000
2024-06-01,40,Oklahoma,OK,1771300
2024-07-01,40,Oklahoma,OK,1774400
2024-08-01,40,Oklahoma,OK,1778900
2024-09-01,40,Oklahoma,OK,1780300
2024-10-01,40,Oklahoma,OK,1785200
2024-11-01,40,Oklahoma,OK,1788900
2024-12-01,40,Oklahoma,OK,1792300
2025-01-01,40,Oklahoma,OK,1794800
2025-02-01,40,Oklahoma,OK,1797600
2025-03-01,40,Oklahoma,OK,1797800
2025-04-01,40,Oklahoma,OK,1801300
2025-05-01,40,Oklahoma,OK,1802600
2025-06-01,40,Oklahoma,OK,1802800
2025-07-01,40,Oklahoma,OK,1801300
2025-08-01,40,Oklahoma,OK,1801900
2025-09-01,40,Oklahoma,OK,1805300
2025-10-01,40,Oklahoma,OK,1806800
2025-11-01,40,Oklahoma,OK,1808800
2025-12-01,40,Oklahoma,OK,1808700
2020-01-01,41,Oregon,OR,1969600
2020-02-01,41,Oregon,OR,1969200
2020-03-01,41,Oregon,OR,1953900
2020-04-01,41,Oregon,OR,1687000
2020-05-01,41,Oregon,OR,1706800
2020-06-01,41,Oregon,OR,1764300
2020-07-01,41,Oregon,OR,1794000
2020-08-01,41,Oregon,OR,1812100
2020-09-01,41,Oregon,OR,1822100
2020-10-01,41,Oregon,OR,1832300
2020-11-01,41,Oregon,OR,1838400
2020-12-01,41,Oregon,OR,1817000
2021-01-01,41,Oregon,OR,1816900
2021-02-01,41,Oregon,OR,1827300
2021-03-01,41,Oregon,OR,1852700
2021-04-01,41,Oregon,OR,1859500
2021-05-01,41,Oregon,OR,1862600
2021-06-01,41,Oregon,OR,1867700
2021-07-01,41,Oregon,OR,1895600
2021-08-01,41,Oregon,OR,1895100
2021-09-01,41,Oregon,OR,1893200
2021-10-01,41,Oregon,OR,1907800
2021-11-01,41,Oregon,OR,1913100
2021-12-01,41,Oregon,OR,1918700
2022-01-01,41,Oregon,OR,1919600
2022-02-01,41,Oregon,OR,1927100
2022-03-01,41,Oregon,OR,1935000
2022-04-01,41,Oregon,OR,1937400
2022-05-01,41,Oregon,OR,1938600
2022-06-01,41,Oregon,OR,1936800
2022-07-01,41,Oregon,OR,1962400
2022-08-01,41,Oregon,OR,1964000
2022-09-01,41,Oregon,OR,1963000
2022-10-01,41,Oregon,OR,1961500
2022-11-01,41,Oregon,OR,1959700
2022-12-01,41,Oregon,OR,1966500
2023-01-01,41,Oregon,OR,1983100
2023-02-01,41,Oregon,OR,1981900
2023-03-01,41,Oregon,OR,1982700
2023-04-01,41,Oregon,OR,1983600
2023-05-01,41,Oregon,OR,1987000
2023-06-01,41,Oregon,OR,1992600
2023-07-01,41,Oregon,OR,1985400
2023-08-01,41,Oregon,OR,1986800
2023-09-01,41,Oregon,OR,1991500
2023-10-01,41,Oregon,OR,1987100
2023-11-01,41,Oregon,OR,1987400
2023-12-01,41,Oregon,OR,1988200
2024-01-01,41,Oregon,OR,1980100
2024-02-01,41,Oregon,OR,1984600
2024-03-01,41,Oregon,OR,1987400
2024-04-01,41,Oregon,OR,1991400
2024-05-01,41,Oregon,OR,1991300
2024-06-01,41,Oregon,OR,1992500
2024-07-01,41,Oregon,OR,1991700
2024-08-01,41,Oregon,OR,1995300
2024-09-01,41,Oregon,OR,1997200
2024-10-01,41,Oregon,OR,1997000
2024-11-01,41,Oregon,OR,2001700
2024-12-01,41,Oregon,OR,1999700
2025-01-01,41,Oregon,OR,2003200
2025-02-01,41,Oregon,OR,2004800
2025-03-01,41,Oregon,OR,2011000
2025-04-01,41,Oregon,OR,2012000
2025-05-01,41,Oregon,OR,2009900
2025-06-01,41,Oregon,OR,2001300
2025-07-01,41,Oregon,OR,2001400
2025-08-01,41,Oregon,OR,2004900
2025-09-01,41,Oregon,OR,2008600
2025-10-01,41,Oregon,OR,2006600
2025-11-01,41,Oregon,OR,2007400
2025-12-01,41,Oregon,OR,2005200
2020-01-01,42,Pennsylvania,PA,6088500
2020-02-01,42,Pennsylvania,PA,6084300
2020-03-01,42,Pennsylvania,PA,6037200
2020-04-01,42,Pennsylvania,PA,4961500
2020-05-01,42,Pennsylvania,PA,5163900
2020-06-01,42,Pennsylvania,PA,5373500
2020-07-01,42,Pennsylvania,PA,5497000
2020-08-01,42,Pennsylvania,PA,5552700
2020-09-01,42,Pennsylvania,PA,5605400
2020-10-01,42,Pennsylvania,PA,5639700
2020-11-01,42,Pennsylvania,PA,5648200
2020-12-01,42,Pennsylvania,PA,5606700
2021-01-01,42,Pennsylvania,PA,5637900
2021-02-01,42,Pennsylvania,PA,5653800
2021-03-01,42,Pennsylvania,PA,5695800
2021-04-01,42,Pennsylvania,PA,5702900
2021-05-01,42,Pennsylvania,PA,5721800
2021-06-01,42,Pennsylvania,PA,5740400
2021-07-01,42,Pennsylvania,PA,5778700
2021-08-01,42,Pennsylvania,PA,5794500
2021-09-01,42,Pennsylvania,PA,5789700
2021-10-01,42,Pennsylvania,PA,5846900
2021-11-01,42,Pennsylvania,PA,5871400
2021-12-01,42,Pennsylvania,PA,5892700
2022-01-01,42,Pennsylvania,PA,5892000
2022-02-01,42,Pennsylvania,PA,5928400
2022-03-01,42,Pennsylvania,PA,5947400
2022-04-01,42,Pennsylvania,PA,5967300
2022-05-01,42,Pennsylvania,PA,5976900
2022-06-01,42,Pennsylvania,PA,5976900
2022-07-01,42,Pennsylvania,PA,6011200
2022-08-01,42,Pennsylvania,PA,6014700
2022-09-01,42,Pennsylvania,PA,6022200
2022-10-01,42,Pennsylvania,PA,6028400
2022-11-01,42,Pennsylvania,PA,6031200
2022-12-01,42,Pennsylvania,PA,6037600
2023-01-01,42,Pennsylvania,PA,6060800
2023-02-01,42,Pennsylvania,PA,6061400
2023-03-01,42,Pennsylvania,PA,6067700
2023-04-01,42,Pennsylvania,PA,6072100
2023-05-01,42,Pennsylvania,PA,6073500
2023-06-01,42,Pennsylvania,PA,6095200
2023-07-01,42,Pennsylvania,PA,6092400
2023-08-01,42,Pennsylvania,PA,6100000
2023-09-01,42,Pennsylvania,PA,6101900
2023-10-01,42,Pennsylvania,PA,6101300
2023-11-01,42,Pennsylvania,PA,6102600
2023-12-01,42,Pennsylvania,PA,6114100
2024-01-01,42,Pennsylvania,PA,6114500
2024-02-01,42,Pennsylvania,PA,6121100
2024-03-01,42,Pennsylvania,PA,6131000
2024-04-01,42,Pennsylvania,PA,6128100
2024-05-01,42,Pennsylvania,PA,6134200
2024-06-01,42,Pennsylvania,PA,6135600
2024-07-01,42,Pennsylvania,PA,6139600
2024-08-01,42,Pennsylvania,PA,6147900
2024-09-01,42,Pennsylvania,PA,6153000
2024-10-01,42,Pennsylvania,PA,6156800
2024-11-01,42,Pennsylvania,PA,6160700
2024-12-01,42,Pennsylvania,PA,6180800
2025-01-01,42,Pennsylvania,PA,6191800
2025-02-01,42,Pennsylvania,PA,6196800
2025-03-01,42,Pennsylvania,PA,6215300
2025-04-01,42,Pennsylvania,PA,6221400
2025-05-01,42,Pennsylvania,PA,6221400
2025-06-01,42,Pennsylvania,PA,6230100
2025-07-01,42,Pennsylvania,PA,6236900
2025-08-01,42,Pennsylvania,PA,6247100
2025-09-01,42,Pennsylvania,PA,6252500
2025-10-01,42,Pennsylvania,PA,6254800
2025-11-01,42,Pennsylvania,PA,6257100
2025-12-01,42,Pennsylvania,PA,6257400
2020-01-01,44,Rhode Island,RI,507000
2020-02-01,44,Rhode Island,RI,508700
2020-03-01,44,Rhode Island,RI,502500
2020-04-01,44,Rhode Island,RI,399500
2020-05-01,44,Rhode Island,RI,414500
2020-06-01,44,Rhode Island,RI,437000
2020-07-01,44,Rhode Island,RI,448300
2020-08-01,44,Rhode Island,RI,458700
2020-09-01,44,Rhode Island,RI,463600
2020-10-01,44,Rhode Island,RI,469600
2020-11-01,44,Rhode Island,RI,470300
2020-12-01,44,Rhode Island,RI,464000
2021-01-01,44,Rhode Island,RI,468300
2021-02-01,44,Rhode Island,RI,471200
2021-03-01,44,Rhode Island,RI,474400
2021-04-01,44,Rhode Island,RI,475700
2021-05-01,44,Rhode Island,RI,478700
2021-06-01,44,Rhode Island,RI,480400
2021-07-01,44,Rhode Island,RI,482700
2021-08-01,44,Rhode Island,RI,482200
2021-09-01,44,Rhode Island,RI,483300
2021-10-01,44,Rhode Island,RI,486900
2021-11-01,44,Rhode Island,RI,488600
2021-12-01,44,Rhode Island,RI,489700
2022-01-01,44,Rhode Island,RI,488300
2022-02-01,44,Rhode Island,RI,492500
2022-03-01,44,Rhode Island,RI,493700
2022-04-01,44,Rhode Island,RI,497200
2022-05-01,44,Rhode Island,RI,497600
2022-06-01,44,Rhode Island,RI,498800
2022-07-01,44,Rhode Island,RI,501600
2022-08-01,44,Rhode Island,RI,502100
2022-09-01,44,Rhode Island,RI,498800
2022-10-01,44,Rhode Island,RI,500800
2022-11-01,44,Rhode Island,RI,501600
2022-12-01,44,Rhode Island,RI,502000
2023-01-01,44,Rhode Island,RI,502300
2023-02-01,44,Rhode Island,RI,503400
2023-03-01,44,Rhode Island,RI,504900
2023-04-01,44,Rhode Island,RI,501900
2023-05-01,44,Rhode Island,RI,504600
2023-06-01,44,Rhode Island,RI,506900
2023-07-01,44,Rhode Island,RI,506900
2023-08-01,44,Rhode Island,RI,507900
2023-09-01,44,Rhode Island,RI,508600
2023-10-01,44,Rhode Island,RI,507700
2023-11-01,44,Rhode Island,RI,507600
2023-12-01,44,Rhode Island,RI,509100
2024-01-01,44,Rhode Island,RI,507700
2024-02-01,44,Rhode Island,RI,509500
2024-03-01,44,Rhode Island,RI,511900
2024-04-01,44,Rhode Island,RI,511700
2024-05-01,44,Rhode Island,RI,512100
2024-06-01,44,Rhode Island,RI,513600
2024-07-01,44,Rhode Island,RI,511500
2024-08-01,44,Rhode Island,RI,512000
2024-09-01,44,Rhode Island,RI,512000
2024-10-01,44,Rhode Island,RI,513900
2024-11-01,44,Rhode Island,RI,514400
2024-12-01,44,Rhode Island,RI,514500
2025-01-01,44,Rhode Island,RI,514400
2025-02-01,44,Rhode Island,RI,515200.00000000006
2025-03-01,44,Rhode Island,RI,515700.00000000006
2025-04-01,44,Rhode Island,RI,515799.99999999994
2025-05-01,44,Rhode Island,RI,515600
2025-06-01,44,Rhode Island,RI,513200.00000000006
2025-07-01,44,Rhode Island,RI,513200.00000000006
2025-08-01,44,Rhode Island,RI,514299.99999999994
2025-09-01,44,Rhode Island,RI,514700.00000000006
2025-10-01,44,Rhode Island,RI,513700.00000000006
2025-11-01,44,Rhode Island,RI,513600
2025-12-01,44,Rhode Island,RI,513100
2020-01-01,45,South Carolina,SC,2200600
2020-02-01,45,South Carolina,SC,2195100
2020-03-01,45,South Carolina,SC,2186200
2020-04-01,45,South Carolina,SC,1894300
2020-05-01,45,South Carolina,SC,1961400
2020-06-01,45,South Carolina,SC,2032500
2020-07-01,45,South Carolina,SC,2038700
2020-08-01,45,South Carolina,SC,2075300.0000000002
2020-09-01,45,South Carolina,SC,2088699.9999999998
2020-10-01,45,South Carolina,SC,2104000
2020-11-01,45,South Carolina,SC,2116500
2020-12-01,45,South Carolina,SC,2125400
2021-01-01,45,South Carolina,SC,2127800
2021-02-01,45,South Carolina,SC,2128400
2021-03-01,45,South Carolina,SC,2135000
2021-04-01,45,South Carolina,SC,2136300
2021-05-01,45,South Carolina,SC,2143400
2021-06-01,45,South Carolina,SC,2147000
2021-07-01,45,South Carolina,SC,2161200
2021-08-01,45,South Carolina,SC,2164300
2021-09-01,45,South Carolina,SC,2165300
2021-10-01,45,South Carolina,SC,2188100
2021-11-01,45,South Carolina,SC,2194200
2021-12-01,45,South Carolina,SC,2201900
2022-01-01,45,South Carolina,SC,2203600
2022-02-01,45,South Carolina,SC,2222700
2022-03-01,45,South Carolina,SC,2220500
2022-04-01,45,South Carolina,SC,2234100
2022-05-01,45,South Carolina,SC,2240300
2022-06-01,45,South Carolina,SC,2242600
2022-07-01,45,South Carolina,SC,2257500
2022-08-01,45,South Carolina,SC,2259400
2022-09-01,45,South Carolina,SC,2267200
2022-10-01,45,South Carolina,SC,2270000
2022-11-01,45,South Carolina,SC,2271800
2022-12-01,45,South Carolina,SC,2276100
2023-01-01,45,South Carolina,SC,2287300
2023-02-01,45,South Carolina,SC,2290200
2023-03-01,45,South Carolina,SC,2295600
2023-04-01,45,South Carolina,SC,2292900
2023-05-01,45,South Carolina,SC,2297000
2023-06-01,45,South Carolina,SC,2306700
2023-07-01,45,South Carolina,SC,2311000
2023-08-01,45,South Carolina,SC,2317400
2023-09-01,45,South Carolina,SC,2322800
2023-10-01,45,South Carolina,SC,2327800
2023-11-01,45,South Carolina,SC,2330600
2023-12-01,45,South Carolina,SC,2332500
2024-01-01,45,South Carolina,SC,2331500
2024-02-01,45,South Carolina,SC,2339900
2024-03-01,45,South Carolina,SC,2344600
2024-04-01,45,South Carolina,SC,2350500
2024-05-01,45,South Carolina,SC,2350600
2024-06-01,45,South Carolina,SC,2351800
2024-07-01,45,South Carolina,SC,2350400
2024-08-01,45,South Carolina,SC,2355200
2024-09-01,45,South Carolina,SC,2366500
2024-10-01,45,South Carolina,SC,2368400
2024-11-01,45,South Carolina,SC,2376400
2024-12-01,45,South Carolina,SC,2383700
2025-01-01,45,South Carolina,SC,2387700
2025-02-01,45,South Carolina,SC,2389800
2025-03-01,45,South Carolina,SC,2401000
2025-04-01,45,South Carolina,SC,2407700
2025-05-01,45,South Carolina,SC,2414800
2025-06-01,45,South Carolina,SC,2420400
2025-07-01,45,South Carolina,SC,2427500
2025-08-01,45,South Carolina,SC,2425500
2025-09-01,45,South Carolina,SC,2421200
2025-10-01,45,South Carolina,SC,2423600
2025-11-01,45,South Carolina,SC,2423200
2025-12-01,45,South Carolina,SC,2417300
2020-01-01,46,South Dakota,SD,441900
2020-02-01,46,South Dakota,SD,443200
2020-03-01,46,South Dakota,SD,440100
2020-04-01,46,South Dakota,SD,398600
2020-05-01,46,South Dakota,SD,404600
2020-06-01,46,South Dakota,SD,413800
2020-07-01,46,South Dakota,SD,419300
2020-08-01,46,South Dakota,SD,425300
2020-09-01,46,South Dakota,SD,428900
2020-10-01,46,South Dakota,SD,433400
2020-11-01,46,South Dakota,SD,432200
2020-12-01,46,South Dakota,SD,432400
2021-01-01,46,South Dakota,SD,433900
2021-02-01,46,South Dakota,SD,433500
2021-03-01,46,South Dakota,SD,435700
2021-04-01,46,South Dakota,SD,438300
2021-05-01,46,South Dakota,SD,439600
2021-06-01,46,South Dakota,SD,440200
2021-07-01,46,South Dakota,SD,442900
2021-08-01,46,South Dakota,SD,442600
2021-09-01,46,South Dakota,SD,443100
2021-10-01,46,South Dakota,SD,444100
2021-11-01,46,South Dakota,SD,445200
2021-12-01,46,South Dakota,SD,446600
2022-01-01,46,South Dakota,SD,447700
2022-02-01,46,South Dakota,SD,449000
2022-03-01,46,South Dakota,SD,450400
2022-04-01,46,South Dakota,SD,451100
2022-05-01,46,South Dakota,SD,451000
2022-06-01,46,South Dakota,SD,452100
2022-07-01,46,South Dakota,SD,454000
2022-08-01,46,South Dakota,SD,454800
2022-09-01,46,South Dakota,SD,455000
2022-10-01,46,South Dakota,SD,455800
2022-11-01,46,South Dakota,SD,456300
2022-12-01,46,South Dakota,SD,455600
2023-01-01,46,South Dakota,SD,457700
2023-02-01,46,South Dakota,SD,458400
2023-03-01,46,South Dakota,SD,459300
2023-04-01,46,South Dakota,SD,459000
2023-05-01,46,South Dakota,SD,460200
2023-06-01,46,South Dakota,SD,463300
2023-07-01,46,South Dakota,SD,462300
2023-08-01,46,South Dakota,SD,463400
2023-09-01,46,South Dakota,SD,464400
2023-10-01,46,South Dakota,SD,464500
2023-11-01,46,South Dakota,SD,465300
2023-12-01,46,South Dakota,SD,466100
2024-01-01,46,South Dakota,SD,465100
2024-02-01,46,South Dakota,SD,466000
2024-03-01,46,South Dakota,SD,467700
2024-04-01,46,South Dakota,SD,467600
2024-05-01,46,South Dakota,SD,468100
2024-06-01,46,South Dakota,SD,466700
2024-07-01,46,South Dakota,SD,467300
2024-08-01,46,South Dakota,SD,467500
2024-09-01,46,South Dakota,SD,468600
2024-10-01,46,South Dakota,SD,470100
2024-11-01,46,South Dakota,SD,470000
2024-12-01,46,South Dakota,SD,470500
2025-01-01,46,South Dakota,SD,472600
2025-02-01,46,South Dakota,SD,471400
2025-03-01,46,South Dakota,SD,471800
2025-04-01,46,South Dakota,SD,472500
2025-05-01,46,South Dakota,SD,471000
2025-06-01,46,South Dakota,SD,472100
2025-07-01,46,South Dakota,SD,471900
2025-08-01,46,South Dakota,SD,471000
2025-09-01,46,South Dakota,SD,473200
2025-10-01,46,South Dakota,SD,474700
2025-11-01,46,South Dakota,SD,473500
2025-12-01,46,South Dakota,SD,473100
2020-01-01,47,Tennessee,TN,3154300
2020-02-01,47,Tennessee,TN,3157000
2020-03-01,47,Tennessee,TN,3141500
2020-04-01,47,Tennessee,TN,2781700
2020-05-01,47,Tennessee,TN,2842200
2020-06-01,47,Tennessee,TN,2925500
2020-07-01,47,Tennessee,TN,2954700
2020-08-01,47,Tennessee,TN,2987100
2020-09-01,47,Tennessee,TN,3005500
2020-10-01,47,Tennessee,TN,3039600
2020-11-01,47,Tennessee,TN,3059500
2020-12-01,47,Tennessee,TN,3077100
2021-01-01,47,Tennessee,TN,3060100
2021-02-01,47,Tennessee,TN,3064300
2021-03-01,47,Tennessee,TN,3077300
2021-04-01,47,Tennessee,TN,3066100
2021-05-01,47,Tennessee,TN,3082300
2021-06-01,47,Tennessee,TN,3095200
2021-07-01,47,Tennessee,TN,3126300
2021-08-01,47,Tennessee,TN,3136100
2021-09-01,47,Tennessee,TN,3128900
2021-10-01,47,Tennessee,TN,3154900
2021-11-01,47,Tennessee,TN,3160300
2021-12-01,47,Tennessee,TN,3175900
2022-01-01,47,Tennessee,TN,3188800
2022-02-01,47,Tennessee,TN,3212600
2022-03-01,47,Tennessee,TN,3217600
2022-04-01,47,Tennessee,TN,3229700
2022-05-01,47,Tennessee,TN,3241000
2022-06-01,47,Tennessee,TN,3242600
2022-07-01,47,Tennessee,TN,3269000
2022-08-01,47,Tennessee,TN,3275700
2022-09-01,47,Tennessee,TN,3286000
2022-10-01,47,Tennessee,TN,3288400
2022-11-01,47,Tennessee,TN,3292600
2022-12-01,47,Tennessee,TN,3296700
2023-01-01,47,Tennessee,TN,3308000
2023-02-01,47,Tennessee,TN,3312100
2023-03-01,47,Tennessee,TN,3313300
2023-04-01,47,Tennessee,TN,3314300
2023-05-01,47,Tennessee,TN,3322700
2023-06-01,47,Tennessee,TN,3335100
2023-07-01,47,Tennessee,TN,3338900
2023-08-01,47,Tennessee,TN,3338200
2023-09-01,47,Tennessee,TN,3350700
2023-10-01,47,Tennessee,TN,3349900
2023-11-01,47,Tennessee,TN,3356500
2023-12-01,47,Tennessee,TN,3363700
2024-01-01,47,Tennessee,TN,3354300
2024-02-01,47,Tennessee,TN,3364300
2024-03-01,47,Tennessee,TN,3374500
2024-04-01,47,Tennessee,TN,3370500
2024-05-01,47,Tennessee,TN,3374600
2024-06-01,47,Tennessee,TN,3377000
2024-07-01,47,Tennessee,TN,3372900
2024-08-01,47,Tennessee,TN,3373900
2024-09-01,47,Tennessee,TN,3375900
2024-10-01,47,Tennessee,TN,3381300
2024-11-01,47,Tennessee,TN,3382700
2024-12-01,47,Tennessee,TN,3385900
2025-01-01,47,Tennessee,TN,3374400
2025-02-01,47,Tennessee,TN,3384500
2025-03-01,47,Tennessee,TN,3385900
2025-04-01,47,Tennessee,TN,3393300
2025-05-01,47,Tennessee,TN,3393800
2025-06-01,47,Tennessee,TN,3395300
2025-07-01,47,Tennessee,TN,3398800
2025-08-01,47,Tennessee,TN,3408300
2025-09-01,47,Tennessee,TN,3411000
2025-10-01,47,Tennessee,TN,3409900
2025-11-01,47,Tennessee,TN,3414000
2025-12-01,47,Tennessee,TN,3408900
2020-01-01,48,Texas,TX,12945900
2020-02-01,48,Texas,TX,12963000
2020-03-01,48,Texas,TX,12909500
2020-04-01,48,Texas,TX,11511300
2020-05-01,48,Texas,TX,11755200
2020-06-01,48,Texas,TX,11989800
2020-07-01,48,Texas,TX,11993500
2020-08-01,48,Texas,TX,12104100
2020-09-01,48,Texas,TX,12173900
2020-10-01,48,Texas,TX,12253000
2020-11-01,48,Texas,TX,12312600
2020-12-01,48,Texas,TX,12360800
2021-01-01,48,Texas,TX,12393700
2021-02-01,48,Texas,TX,12356200
2021-03-01,48,Texas,TX,12497400
2021-04-01,48,Texas,TX,12537100
2021-05-01,48,Texas,TX,12600200
2021-06-01,48,Texas,TX,12668300
2021-07-01,48,Texas,TX,12769700
2021-08-01,48,Texas,TX,12815600
2021-09-01,48,Texas,TX,12863400
2021-10-01,48,Texas,TX,13012400
2021-11-01,48,Texas,TX,13067700
2021-12-01,48,Texas,TX,13143600
2022-01-01,48,Texas,TX,13139300
2022-02-01,48,Texas,TX,13224800
2022-03-01,48,Texas,TX,13277300
2022-04-01,48,Texas,TX,13356100
2022-05-01,48,Texas,TX,13401800
2022-06-01,48,Texas,TX,13417500
2022-07-01,48,Texas,TX,13556400
2022-08-01,48,Texas,TX,13598300
2022-09-01,48,Texas,TX,13641600
2022-10-01,48,Texas,TX,13672700
2022-11-01,48,Texas,TX,13704000
2022-12-01,48,Texas,TX,13729200
2023-01-01,48,Texas,TX,13798900
2023-02-01,48,Texas,TX,13825800
2023-03-01,48,Texas,TX,13861200
2023-04-01,48,Texas,TX,13876700
2023-05-01,48,Texas,TX,13894200
2023-06-01,48,Texas,TX,13937700
2023-07-01,48,Texas,TX,13928800
2023-08-01,48,Texas,TX,13955100
2023-09-01,48,Texas,TX,13983300
2023-10-01,48,Texas,TX,13990800
2023-11-01,48,Texas,TX,13994400
2023-12-01,48,Texas,TX,14019600
2024-01-01,48,Texas,TX,14048700
2024-02-01,48,Texas,TX,14071900
2024-03-01,48,Texas,TX,14090500
2024-04-01,48,Texas,TX,14104600
2024-05-01,48,Texas,TX,14127500
2024-06-01,48,Texas,TX,14130900
2024-07-01,48,Texas,TX,14101300
2024-08-01,48,Texas,TX,14152100
2024-09-01,48,Texas,TX,14175800
2024-10-01,48,Texas,TX,14179900
2024-11-01,48,Texas,TX,14174700
2024-12-01,48,Texas,TX,14208500
2025-01-01,48,Texas,TX,14234100
2025-02-01,48,Texas,TX,14256100
2025-03-01,48,Texas,TX,14282400
2025-04-01,48,Texas,TX,14312700
2025-05-01,48,Texas,TX,14331100
2025-06-01,48,Texas,TX,14325100
2025-07-01,48,Texas,TX,14330100
2025-08-01,48,Texas,TX,14339200
2025-09-01,48,Texas,TX,14335700
2025-10-01,48,Texas,TX,14313700
2025-11-01,48,Texas,TX,14321300
2025-12-01,48,Texas,TX,14341000
2020-01-01,49,Utah,UT,1572300
2020-02-01,49,Utah,UT,1572800
2020-03-01,49,Utah,UT,1568100
2020-04-01,49,Utah,UT,1428400
2020-05-01,49,Utah,UT,1474300
2020-06-01,49,Utah,UT,1501600
2020-07-01,49,Utah,UT,1521400
2020-08-01,49,Utah,UT,1535800
2020-09-01,49,Utah,UT,1544800
2020-10-01,49,Utah,UT,1561500
2020-11-01,49,Utah,UT,1567800
2020-12-01,49,Utah,UT,1572800
2021-01-01,49,Utah,UT,1580800
2021-02-01,49,Utah,UT,1585500
2021-03-01,49,Utah,UT,1591300
2021-04-01,49,Utah,UT,1599000
2021-05-01,49,Utah,UT,1604000
2021-06-01,49,Utah,UT,1612600
2021-07-01,49,Utah,UT,1622600
2021-08-01,49,Utah,UT,1624000
2021-09-01,49,Utah,UT,1620900
2021-10-01,49,Utah,UT,1633800
2021-11-01,49,Utah,UT,1639200
2021-12-01,49,Utah,UT,1645500
2022-01-01,49,Utah,UT,1651700
2022-02-01,49,Utah,UT,1659700
2022-03-01,49,Utah,UT,1665300
2022-04-01,49,Utah,UT,1674100
2022-05-01,49,Utah,UT,1676400
2022-06-01,49,Utah,UT,1678800
2022-07-01,49,Utah,UT,1689700
2022-08-01,49,Utah,UT,1691300
2022-09-01,49,Utah,UT,1693500
2022-10-01,49,Utah,UT,1694900
2022-11-01,49,Utah,UT,1700800
2022-12-01,49,Utah,UT,1701900
2023-01-01,49,Utah,UT,1707200
2023-02-01,49,Utah,UT,1708800
2023-03-01,49,Utah,UT,1708700
2023-04-01,49,Utah,UT,1714800
2023-05-01,49,Utah,UT,1719300
2023-06-01,49,Utah,UT,1727900
2023-07-01,49,Utah,UT,1723000
2023-08-01,49,Utah,UT,1723600
2023-09-01,49,Utah,UT,1729500
2023-10-01,49,Utah,UT,1729300
2023-11-01,49,Utah,UT,1728900
2023-12-01,49,Utah,UT,1734600
2024-01-01,49,Utah,UT,1733300
2024-02-01,49,Utah,UT,1734000
2024-03-01,49,Utah,UT,1739500
2024-04-01,49,Utah,UT,1741200
2024-05-01,49,Utah,UT,1739400
2024-06-01,49,Utah,UT,1741300
2024-07-01,49,Utah,UT,1740000
2024-08-01,49,Utah,UT,1744700
2024-09-01,49,Utah,UT,1749800
2024-10-01,49,Utah,UT,1757100
2024-11-01,49,Utah,UT,1758900
2024-12-01,49,Utah,UT,1764000
2025-01-01,49,Utah,UT,1769600
2025-02-01,49,Utah,UT,1770400
2025-03-01,49,Utah,UT,1774800
2025-04-01,49,Utah,UT,1777300
2025-05-01,49,Utah,UT,1778700
2025-06-01,49,Utah,UT,1771100
2025-07-01,49,Utah,UT,1766800
2025-08-01,49,Utah,UT,1775900
2025-09-01,49,Utah,UT,1779300
2025-10-01,49,Utah,UT,1775700
2025-11-01,49,Utah,UT,1779900
2025-12-01,49,Utah,UT,1784600
2020-01-01,50,Vermont,VT,316500
2020-02-01,50,Vermont,VT,315600
2020-03-01,50,Vermont,VT,312600
2020-04-01,50,Vermont,VT,248900
2020-05-01,50,Vermont,VT,262700
2020-06-01,50,Vermont,VT,273300
2020-07-01,50,Vermont,VT,277700
2020-08-01,50,Vermont,VT,283400
2020-09-01,50,Vermont,VT,289000
2020-10-01,50,Vermont,VT,290100
2020-11-01,50,Vermont,VT,289000
2020-12-01,50,Vermont,VT,285400
2021-01-01,50,Vermont,VT,286500
2021-02-01,50,Vermont,VT,287600
2021-03-01,50,Vermont,VT,289000
2021-04-01,50,Vermont,VT,293700
2021-05-01,50,Vermont,VT,294600
2021-06-01,50,Vermont,VT,295000
2021-07-01,50,Vermont,VT,297800
2021-08-01,50,Vermont,VT,297800
2021-09-01,50,Vermont,VT,296900
2021-10-01,50,Vermont,VT,299400
2021-11-01,50,Vermont,VT,299400
2021-12-01,50,Vermont,VT,299800
2022-01-01,50,Vermont,VT,300200
2022-02-01,50,Vermont,VT,301100
2022-03-01,50,Vermont,VT,302300
2022-04-01,50,Vermont,VT,304900
2022-05-01,50,Vermont,VT,303600
2022-06-01,50,Vermont,VT,304000
2022-07-01,50,Vermont,VT,306800
2022-08-01,50,Vermont,VT,305600
2022-09-01,50,Vermont,VT,305400
2022-10-01,50,Vermont,VT,305900
2022-11-01,50,Vermont,VT,307400
2022-12-01,50,Vermont,VT,305500
2023-01-01,50,Vermont,VT,309300
2023-02-01,50,Vermont,VT,308900
2023-03-01,50,Vermont,VT,309300
2023-04-01,50,Vermont,VT,310000
2023-05-01,50,Vermont,VT,309300
2023-06-01,50,Vermont,VT,311900
2023-07-01,50,Vermont,VT,310100
2023-08-01,50,Vermont,VT,309500
2023-09-01,50,Vermont,VT,310900
2023-10-01,50,Vermont,VT,310600
2023-11-01,50,Vermont,VT,310900
2023-12-01,50,Vermont,VT,310800
2024-01-01,50,Vermont,VT,311800
2024-02-01,50,Vermont,VT,311400
2024-03-01,50,Vermont,VT,311700
2024-04-01,50,Vermont,VT,311000
2024-05-01,50,Vermont,VT,311400
2024-06-01,50,Vermont,VT,311400
2024-07-01,50,Vermont,VT,311900
2024-08-01,50,Vermont,VT,313100
2024-09-01,50,Vermont,VT,312100
2024-10-01,50,Vermont,VT,311800
2024-11-01,50,Vermont,VT,311700
2024-12-01,50,Vermont,VT,311200
2025-01-01,50,Vermont,VT,312700
2025-02-01,50,Vermont,VT,313200
2025-03-01,50,Vermont,VT,314300
2025-04-01,50,Vermont,VT,313700
2025-05-01,50,Vermont,VT,314100
2025-06-01,50,Vermont,VT,314100
2025-07-01,50,Vermont,VT,313800
2025-08-01,50,Vermont,VT,314600
2025-09-01,50,Vermont,VT,315000
2025-10-01,50,Vermont,VT,313900
2025-11-01,50,Vermont,VT,313700
2025-12-01,50,Vermont,VT,314200
2020-01-01,51,Virginia,VA,4090000
2020-02-01,51,Virginia,VA,4088600
2020-03-01,51,Virginia,VA,4068600
2020-04-01,51,Virginia,VA,3611200
2020-05-01,51,Virginia,VA,3631800
2020-06-01,51,Virginia,VA,3709100
2020-07-01,51,Virginia,VA,3764500
2020-08-01,51,Virginia,VA,3826700
2020-09-01,51,Virginia,VA,3858300
2020-10-01,51,Virginia,VA,3875200
2020-11-01,51,Virginia,VA,3882700
2020-12-01,51,Virginia,VA,3891200
2021-01-01,51,Virginia,VA,3900600
2021-02-01,51,Virginia,VA,3898000
2021-03-01,51,Virginia,VA,3911900
2021-04-01,51,Virginia,VA,3914000
2021-05-01,51,Virginia,VA,3925800
2021-06-01,51,Virginia,VA,3932900
2021-07-01,51,Virginia,VA,3964300
2021-08-01,51,Virginia,VA,3974900
2021-09-01,51,Virginia,VA,3967000
2021-10-01,51,Virginia,VA,3994600
2021-11-01,51,Virginia,VA,4006600
2021-12-01,51,Virginia,VA,4018000
2022-01-01,51,Virginia,VA,4004600
2022-02-01,51,Virginia,VA,4031500
2022-03-01,51,Virginia,VA,4034600
2022-04-01,51,Virginia,VA,4059000
2022-05-01,51,Virginia,VA,4062300
2022-06-01,51,Virginia,VA,4061000
2022-07-01,51,Virginia,VA,4086600
2022-08-01,51,Virginia,VA,4101800
2022-09-01,51,Virginia,VA,4108000
2022-10-01,51,Virginia,VA,4107000
2022-11-01,51,Virginia,VA,4122200
2022-12-01,51,Virginia,VA,4119200
2023-01-01,51,Virginia,VA,4141800
2023-02-01,51,Virginia,VA,4152600.0000000005
2023-03-01,51,Virginia,VA,4152899.9999999995
2023-04-01,51,Virginia,VA,4156300
2023-05-01,51,Virginia,VA,4161800
2023-06-01,51,Virginia,VA,4170200
2023-07-01,51,Virginia,VA,4173000
2023-08-01,51,Virginia,VA,4183899.9999999995
2023-09-01,51,Virginia,VA,4187399.9999999995
2023-10-01,51,Virginia,VA,4190399.9999999995
2023-11-01,51,Virginia,VA,4193700
2023-12-01,51,Virginia,VA,4199900
2024-01-01,51,Virginia,VA,4206200
2024-02-01,51,Virginia,VA,4212000
2024-03-01,51,Virginia,VA,4223100
2024-04-01,51,Virginia,VA,4224800
2024-05-01,51,Virginia,VA,4226700
2024-06-01,51,Virginia,VA,4232700
2024-07-01,51,Virginia,VA,4236300
2024-08-01,51,Virginia,VA,4237200
2024-09-01,51,Virginia,VA,4250200
2024-10-01,51,Virginia,VA,4253700
2024-11-01,51,Virginia,VA,4259700
2024-12-01,51,Virginia,VA,4273900
2025-01-01,51,Virginia,VA,4267100
2025-02-01,51,Virginia,VA,4265500
2025-03-01,51,Virginia,VA,4272200
2025-04-01,51,Virginia,VA,4274900
2025-05-01,51,Virginia,VA,4276700
2025-06-01,51,Virginia,VA,4271100
2025-07-01,51,Virginia,VA,4274400
2025-08-01,51,Virginia,VA,4283400
2025-09-01,51,Virginia,VA,4279600
2025-10-01,51,Virginia,VA,4259500
2025-11-01,51,Virginia,VA,4266300
2025-12-01,51,Virginia,VA,4262200
2020-01-01,53,Washington,WA,3507100
2020-02-01,53,Washington,WA,3512900
2020-03-01,53,Washington,WA,3491300
2020-04-01,53,Washington,WA,3096900
2020-05-01,53,Washington,WA,3086600
2020-06-01,53,Washington,WA,3166500
2020-07-01,53,Washington,WA,3210200
2020-08-01,53,Washington,WA,3242700
2020-09-01,53,Washington,WA,3261300
2020-10-01,53,Washington,WA,3269500
2020-11-01,53,Washington,WA,3277600
2020-12-01,53,Washington,WA,3258700
2021-01-01,53,Washington,WA,3261900
2021-02-01,53,Washington,WA,3283600
2021-03-01,53,Washington,WA,3307600
2021-04-01,53,Washington,WA,3329600
2021-05-01,53,Washington,WA,3341200
2021-06-01,53,Washington,WA,3352800
2021-07-01,53,Washington,WA,3381100
2021-08-01,53,Washington,WA,3397000
2021-09-01,53,Washington,WA,3411000
2021-10-01,53,Washington,WA,3446400
2021-11-01,53,Washington,WA,3457600
2021-12-01,53,Washington,WA,3466100
2022-01-01,53,Washington,WA,3459600
2022-02-01,53,Washington,WA,3490100
2022-03-01,53,Washington,WA,3499500
2022-04-01,53,Washington,WA,3504200
2022-05-01,53,Washington,WA,3509300
2022-06-01,53,Washington,WA,3506700
2022-07-01,53,Washington,WA,3542600
2022-08-01,53,Washington,WA,3555900
2022-09-01,53,Washington,WA,3552600
2022-10-01,53,Washington,WA,3559400
2022-11-01,53,Washington,WA,3561200
2022-12-01,53,Washington,WA,3563000
2023-01-01,53,Washington,WA,3581800
2023-02-01,53,Washington,WA,3585600
2023-03-01,53,Washington,WA,3582500
2023-04-01,53,Washington,WA,3589600
2023-05-01,53,Washington,WA,3594000
2023-06-01,53,Washington,WA,3603400
2023-07-01,53,Washington,WA,3594600
2023-08-01,53,Washington,WA,3598300
2023-09-01,53,Washington,WA,3600900
2023-10-01,53,Washington,WA,3598200
2023-11-01,53,Washington,WA,3605300
2023-12-01,53,Washington,WA,3613900
2024-01-01,53,Washington,WA,3609800
2024-02-01,53,Washington,WA,3619700
2024-03-01,53,Washington,WA,3625800
2024-04-01,53,Washington,WA,3631800
2024-05-01,53,Washington,WA,3639100
2024-06-01,53,Washington,WA,3640600
2024-07-01,53,Washington,WA,3639300
2024-08-01,53,Washington,WA,3642000
2024-09-01,53,Washington,WA,3654000
2024-10-01,53,Washington,WA,3628200
2024-11-01,53,Washington,WA,3661900
2024-12-01,53,Washington,WA,3674200
2025-01-01,53,Washington,WA,3671700
2025-02-01,53,Washington,WA,3662400
2025-03-01,53,Washington,WA,3666200
2025-04-01,53,Washington,WA,3664100
2025-05-01,53,Washington,WA,3667700
2025-06-01,53,Washington,WA,3667600
2025-07-01,53,Washington,WA,3672300
2025-08-01,53,Washington,WA,3662500
2025-09-01,53,Washington,WA,3666500
2025-10-01,53,Washington,WA,3663400
2025-11-01,53,Washington,WA,3663300
2025-12-01,53,Washington,WA,3662000
2020-01-01,54,West Virginia,WV,715700
2020-02-01,54,West Virginia,WV,712700
2020-03-01,54,West Virginia,WV,706500
2020-04-01,54,West Virginia,WV,610300
2020-05-01,54,West Virginia,WV,622300
2020-06-01,54,West Virginia,WV,658900
2020-07-01,54,West Virginia,WV,656200
2020-08-01,54,West Virginia,WV,661800
2020-09-01,54,West Virginia,WV,664700
2020-10-01,54,West Virginia,WV,670100
2020-11-01,54,West Virginia,WV,671300
2020-12-01,54,West Virginia,WV,671100
2021-01-01,54,West Virginia,WV,668600
2021-02-01,54,West Virginia,WV,671200
2021-03-01,54,West Virginia,WV,676900
2021-04-01,54,West Virginia,WV,676600
2021-05-01,54,West Virginia,WV,678400
2021-06-01,54,West Virginia,WV,679600
2021-07-01,54,West Virginia,WV,685600
2021-08-01,54,West Virginia,WV,685400
2021-09-01,54,West Virginia,WV,682400
2021-10-01,54,West Virginia,WV,688800
2021-11-01,54,West Virginia,WV,691200
2021-12-01,54,West Virginia,WV,693500
2022-01-01,54,West Virginia,WV,692600
2022-02-01,54,West Virginia,WV,695700
2022-03-01,54,West Virginia,WV,696100
2022-04-01,54,West Virginia,WV,696800
2022-05-01,54,West Virginia,WV,705200
2022-06-01,54,West Virginia,WV,693700
2022-07-01,54,West Virginia,WV,697900
2022-08-01,54,West Virginia,WV,698100
2022-09-01,54,West Virginia,WV,699400
2022-10-01,54,West Virginia,WV,698600
2022-11-01,54,West Virginia,WV,708200
2022-12-01,54,West Virginia,WV,701400
2023-01-01,54,West Virginia,WV,706600
2023-02-01,54,West Virginia,WV,707500
2023-03-01,54,West Virginia,WV,707000
2023-04-01,54,West Virginia,WV,706400
2023-05-01,54,West Virginia,WV,707100
2023-06-01,54,West Virginia,WV,710900
2023-07-01,54,West Virginia,WV,707700
2023-08-01,54,West Virginia,WV,709700
2023-09-01,54,West Virginia,WV,711200
2023-10-01,54,West Virginia,WV,712000
2023-11-01,54,West Virginia,WV,713100
2023-12-01,54,West Virginia,WV,714700
2024-01-01,54,West Virginia,WV,715900
2024-02-01,54,West Virginia,WV,718300
2024-03-01,54,West Virginia,WV,718800
2024-04-01,54,West Virginia,WV,716700
2024-05-01,54,West Virginia,WV,726400
2024-06-01,54,West Virginia,WV,715600
2024-07-01,54,West Virginia,WV,715300
2024-08-01,54,West Virginia,WV,715900
2024-09-01,54,West Virginia,WV,715600
2024-10-01,54,West Virginia,WV,715700
2024-11-01,54,West Virginia,WV,716300
2024-12-01,54,West Virginia,WV,716100
2025-01-01,54,West Virginia,WV,713700
2025-02-01,54,West Virginia,WV,717900
2025-03-01,54,West Virginia,WV,715900
2025-04-01,54,West Virginia,WV,716300
2025-05-01,54,West Virginia,WV,718400
2025-06-01,54,West Virginia,WV,720700
2025-07-01,54,West Virginia,WV,720100
2025-08-01,54,West Virginia,WV,719300
2025-09-01,54,West Virginia,WV,717300
2025-10-01,54,West Virginia,WV,715600
2025-11-01,54,West Virginia,WV,714900
2025-12-01,54,West Virginia,WV,713800
2020-01-01,55,Wisconsin,WI,2999000
2020-02-01,55,Wisconsin,WI,2997100
2020-03-01,55,Wisconsin,WI,2981200
2020-04-01,55,Wisconsin,WI,2593400
2020-05-01,55,Wisconsin,WI,2651100
2020-06-01,55,Wisconsin,WI,2737400
2020-07-01,55,Wisconsin,WI,2778200
2020-08-01,55,Wisconsin,WI,2815200
2020-09-01,55,Wisconsin,WI,2833100
2020-10-01,55,Wisconsin,WI,2848200
2020-11-01,55,Wisconsin,WI,2843600
2020-12-01,55,Wisconsin,WI,2850700
2021-01-01,55,Wisconsin,WI,2863900
2021-02-01,55,Wisconsin,WI,2858900
2021-03-01,55,Wisconsin,WI,2870900
2021-04-01,55,Wisconsin,WI,2883500
2021-05-01,55,Wisconsin,WI,2888500
2021-06-01,55,Wisconsin,WI,2894900
2021-07-01,55,Wisconsin,WI,2910200
2021-08-01,55,Wisconsin,WI,2907700
2021-09-01,55,Wisconsin,WI,2907200
2021-10-01,55,Wisconsin,WI,2921100
2021-11-01,55,Wisconsin,WI,2924600
2021-12-01,55,Wisconsin,WI,2932500
2022-01-01,55,Wisconsin,WI,2939600
2022-02-01,55,Wisconsin,WI,2951900
2022-03-01,55,Wisconsin,WI,2957800
2022-04-01,55,Wisconsin,WI,2961200
2022-05-01,55,Wisconsin,WI,2964300
2022-06-01,55,Wisconsin,WI,2966500
2022-07-01,55,Wisconsin,WI,2986100
2022-08-01,55,Wisconsin,WI,2995500
2022-09-01,55,Wisconsin,WI,2997200
2022-10-01,55,Wisconsin,WI,2997700
2022-11-01,55,Wisconsin,WI,3002800
2022-12-01,55,Wisconsin,WI,3001000
2023-01-01,55,Wisconsin,WI,3009500
2023-02-01,55,Wisconsin,WI,3011700
2023-03-01,55,Wisconsin,WI,3015100
2023-04-01,55,Wisconsin,WI,3016300
2023-05-01,55,Wisconsin,WI,3015900
2023-06-01,55,Wisconsin,WI,3025400
2023-07-01,55,Wisconsin,WI,3020700
2023-08-01,55,Wisconsin,WI,3024100
2023-09-01,55,Wisconsin,WI,3029800
2023-10-01,55,Wisconsin,WI,3026600
2023-11-01,55,Wisconsin,WI,3024400
2023-12-01,55,Wisconsin,WI,3032500
2024-01-01,55,Wisconsin,WI,3032400
2024-02-01,55,Wisconsin,WI,3034900
2024-03-01,55,Wisconsin,WI,3040200
2024-04-01,55,Wisconsin,WI,3038600
2024-05-01,55,Wisconsin,WI,3034900
2024-06-01,55,Wisconsin,WI,3035500
2024-07-01,55,Wisconsin,WI,3038300
2024-08-01,55,Wisconsin,WI,3045900
2024-09-01,55,Wisconsin,WI,3039400
2024-10-01,55,Wisconsin,WI,3046100
2024-11-01,55,Wisconsin,WI,3048100
2024-12-01,55,Wisconsin,WI,3047600
2025-01-01,55,Wisconsin,WI,3049900
2025-02-01,55,Wisconsin,WI,3045200
2025-03-01,55,Wisconsin,WI,3055200
2025-04-01,55,Wisconsin,WI,3050500
2025-05-01,55,Wisconsin,WI,3049500
2025-06-01,55,Wisconsin,WI,3056700
2025-07-01,55,Wisconsin,WI,3060100
2025-08-01,55,Wisconsin,WI,3066900
2025-09-01,55,Wisconsin,WI,3056000
2025-10-01,55,Wisconsin,WI,3045500
2025-11-01,55,Wisconsin,WI,3045300
2025-12-01,55,Wisconsin,WI,3054300
2020-01-01,56,Wyoming,WY,291000
2020-02-01,56,Wyoming,WY,289800
2020-03-01,56,Wyoming,WY,288400
2020-04-01,56,Wyoming,WY,263200
2020-05-01,56,Wyoming,WY,262800
2020-06-01,56,Wyoming,WY,264000
2020-07-01,56,Wyoming,WY,266200
2020-08-01,56,Wyoming,WY,270000
2020-09-01,56,Wyoming,WY,271800
2020-10-01,56,Wyoming,WY,272200
2020-11-01,56,Wyoming,WY,273300
2020-12-01,56,Wyoming,WY,275200
2021-01-01,56,Wyoming,WY,273700
2021-02-01,56,Wyoming,WY,274900
2021-03-01,56,Wyoming,WY,276300
2021-04-01,56,Wyoming,WY,276600
2021-05-01,56,Wyoming,WY,278100
2021-06-01,56,Wyoming,WY,278700
2021-07-01,56,Wyoming,WY,278900
2021-08-01,56,Wyoming,WY,279300
2021-09-01,56,Wyoming,WY,279000
2021-10-01,56,Wyoming,WY,280400
2021-11-01,56,Wyoming,WY,281400
2021-12-01,56,Wyoming,WY,282100
2022-01-01,56,Wyoming,WY,281900
2022-02-01,56,Wyoming,WY,282800
2022-03-01,56,Wyoming,WY,283300
2022-04-01,56,Wyoming,WY,284000
2022-05-01,56,Wyoming,WY,283600
2022-06-01,56,Wyoming,WY,283300
2022-07-01,56,Wyoming,WY,285700
2022-08-01,56,Wyoming,WY,285800
2022-09-01,56,Wyoming,WY,286300
2022-10-01,56,Wyoming,WY,286300
2022-11-01,56,Wyoming,WY,287300
2022-12-01,56,Wyoming,WY,287900
2023-01-01,56,Wyoming,WY,288900
2023-02-01,56,Wyoming,WY,289300
2023-03-01,56,Wyoming,WY,290200
2023-04-01,56,Wyoming,WY,290500
2023-05-01,56,Wyoming,WY,291500
2023-06-01,56,Wyoming,WY,291700
2023-07-01,56,Wyoming,WY,291700
2023-08-01,56,Wyoming,WY,291800
2023-09-01,56,Wyoming,WY,292200
2023-10-01,56,Wyoming,WY,292100
2023-11-01,56,Wyoming,WY,292800
2023-12-01,56,Wyoming,WY,292700
2024-01-01,56,Wyoming,WY,293100
2024-02-01,56,Wyoming,WY,293300
2024-03-01,56,Wyoming,WY,293400
2024-04-01,56,Wyoming,WY,293200
2024-05-01,56,Wyoming,WY,294000
2024-06-01,56,Wyoming,WY,293400
2024-07-01,56,Wyoming,WY,293000
2024-08-01,56,Wyoming,WY,294900
2024-09-01,56,Wyoming,WY,294900
2024-10-01,56,Wyoming,WY,296100
2024-11-01,56,Wyoming,WY,295700
2024-12-01,56,Wyoming,WY,296000
2025-01-01,56,Wyoming,WY,295600
2025-02-01,56,Wyoming,WY,296500
2025-03-01,56,Wyoming,WY,296700
2025-04-01,56,Wyoming,WY,296900
2025-05-01,56,Wyoming,WY,297700
2025-06-01,56,Wyoming,WY,297400
2025-07-01,56,Wyoming,WY,297100
2025-08-01,56,Wyoming,WY,297100
2025-09-01,56,Wyoming,WY,296700
2025-10-01,56,Wyoming,WY,296100
2025-11-01,56,Wyoming,WY,295900
2025-12-01,56,Wyoming,WY,295400
2020-01-01,01,Alabama,AL,2088100
2020-02-01,01,Alabama,AL,2087699.9999999998
2020-03-01,01,Alabama,AL,2080900
2020-04-01,01,Alabama,AL,1843400
2020-05-01,01,Alabama,AL,1892000
2020-06-01,01,Alabama,AL,1940800
2020-07-01,01,Alabama,AL,1961400
2020-08-01,01,Alabama,AL,1986600
2020-09-01,01,Alabama,AL,1996100
2020-10-01,01,Alabama,AL,2012700
2020-11-01,01,Alabama,AL,2016600
2020-12-01,01,Alabama,AL,2023500
2021-01-01,01,Alabama,AL,2024600
2021-02-01,01,Alabama,AL,2027000
2021-03-01,01,Alabama,AL,2032600
2021-04-01,01,Alabama,AL,2031100
2021-05-01,01,Alabama,AL,2036400
2021-06-01,01,Alabama,AL,2043200
2021-07-01,01,Alabama,AL,2052900
2021-08-01,01,Alabama,AL,2055300.0000000002
2021-09-01,01,Alabama,AL,2055100
2021-10-01,01,Alabama,AL,2071100
2021-11-01,01,Alabama,AL,2077699.9999999998
2021-12-01,01,Alabama,AL,2082600
2022-01-01,01,Alabama,AL,2084400
2022-02-01,01,Alabama,AL,2093500
2022-03-01,01,Alabama,AL,2093600
2022-04-01,01,Alabama,AL,2101000
2022-05-01,01,Alabama,AL,2102500
2022-06-01,01,Alabama,AL,2104100
2022-07-01,01,Alabama,AL,2119200
2022-08-01,01,Alabama,AL,2119700
2022-09-01,01,Alabama,AL,2126000
2022-10-01,01,Alabama,AL,2126200
2022-11-01,01,Alabama,AL,2129000
2022-12-01,01,Alabama,AL,2133000
2023-01-01,01,Alabama,AL,2146200
2023-02-01,01,Alabama,AL,2147700
2023-03-01,01,Alabama,AL,2150100
2023-04-01,01,Alabama,AL,2152900
2023-05-01,01,Alabama,AL,2155300
2023-06-01,01,Alabama,AL,2163800
2023-07-01,01,Alabama,AL,2163400
2023-08-01,01,Alabama,AL,2167500
2023-09-01,01,Alabama,AL,2170300
2023-10-01,01,Alabama,AL,2174100
2023-11-01,01,Alabama,AL,2172700
2023-12-01,01,Alabama,AL,2174900
2024-01-01,01,Alabama,AL,2178500
2024-02-01,01,Alabama,AL,2184100
2024-03-01,01,Alabama,AL,2187000
2024-04-01,01,Alabama,AL,2187400
2024-05-01,01,Alabama,AL,2189900
2024-06-01,01,Alabama,AL,2191000
2024-07-01,01,Alabama,AL,2189700
2024-08-01,01,Alabama,AL,2192900
2024-09-01,01,Alabama,AL,2194500
2024-10-01,01,Alabama,AL,2195900
2024-11-01,01,Alabama,AL,2197100
2024-12-01,01,Alabama,AL,2200300
2025-01-01,01,Alabama,AL,2199500
2025-02-01,01,Alabama,AL,2202500
2025-03-01,01,Alabama,AL,2210200
2025-04-01,01,Alabama,AL,2215400
2025-05-01,01,Alabama,AL,2215600
2025-06-01,01,Alabama,AL,2211100
2025-07-01,01,Alabama,AL,2211900
2025-08-01,01,Alabama,AL,2215800
2025-09-01,01,Alabama,AL,2214900
2025-10-01,01,Alabama,AL,2214500
2025-11-01,01,Alabama,AL,2208800
2025-12-01,01,Alabama,AL,2211200
2020-01-01,02,Alaska,AK,328600
2020-02-01,02,Alaska,AK,329400
2020-03-01,02,Alaska,AK,327500
2020-04-01,02,Alaska,AK,283500
2020-05-01,02,Alaska,AK,283800
2020-06-01,02,Alaska,AK,286100
2020-07-01,02,Alaska,AK,285800
2020-08-01,02,Alaska,AK,290700
2020-09-01,02,Alaska,AK,296300
2020-10-01,02,Alaska,AK,305700
2020-11-01,02,Alaska,AK,308700
2020-12-01,02,Alaska,AK,308500
2021-01-01,02,Alaska,AK,308700
2021-02-01,02,Alaska,AK,308000
2021-03-01,02,Alaska,AK,309100
2021-04-01,02,Alaska,AK,309400
2021-05-01,02,Alaska,AK,306000
2021-06-01,02,Alaska,AK,306200
2021-07-01,02,Alaska,AK,308800
2021-08-01,02,Alaska,AK,309900
2021-09-01,02,Alaska,AK,311400
2021-10-01,02,Alaska,AK,314000
2021-11-01,02,Alaska,AK,316500
2021-12-01,02,Alaska,AK,317000
2022-01-01,02,Alaska,AK,317000
2022-02-01,02,Alaska,AK,316800
2022-03-01,02,Alaska,AK,318000
2022-04-01,02,Alaska,AK,317800
2022-05-01,02,Alaska,AK,318400
2022-06-01,02,Alaska,AK,317000
2022-07-01,02,Alaska,AK,320000
2022-08-01,02,Alaska,AK,319800
2022-09-01,02,Alaska,AK,319600
2022-10-01,02,Alaska,AK,319500
2022-11-01,02,Alaska,AK,321900
2022-12-01,02,Alaska,AK,321900
2023-01-01,02,Alaska,AK,324700
2023-02-01,02,Alaska,AK,324900
2023-03-01,02,Alaska,AK,325300
2023-04-01,02,Alaska,AK,326000
2023-05-01,02,Alaska,AK,325600
2023-06-01,02,Alaska,AK,329100
2023-07-01,02,Alaska,AK,328400
2023-08-01,02,Alaska,AK,329600
2023-09-01,02,Alaska,AK,331300
2023-10-01,02,Alaska,AK,329200
2023-11-01,02,Alaska,AK,329800
2023-12-01,02,Alaska,AK,330400
2024-01-01,02,Alaska,AK,330700
2024-02-01,02,Alaska,AK,331900
2024-03-01,02,Alaska,AK,333500
2024-04-01,02,Alaska,AK,333400
2024-05-01,02,Alaska,AK,333700
2024-06-01,02,Alaska,AK,333200
2024-07-01,02,Alaska,AK,334800
2024-08-01,02,Alaska,AK,334100
2024-09-01,02,Alaska,AK,335100
2024-10-01,02,Alaska,AK,338500
2024-11-01,02,Alaska,AK,338900
2024-12-01,02,Alaska,AK,339300
2025-01-01,02,Alaska,AK,339900
2025-02-01,02,Alaska,AK,337600
2025-03-01,02,Alaska,AK,338400
2025-04-01,02,Alaska,AK,336800
2025-05-01,02,Alaska,AK,337300
2025-06-01,02,Alaska,AK,338300
2025-07-01,02,Alaska,AK,338200
2025-08-01,02,Alaska,AK,339600
2025-09-01,02,Alaska,AK,338800
2025-10-01,02,Alaska,AK,338700
2025-11-01,02,Alaska,AK,338100
2025-12-01,02,Alaska,AK,337900
2020-01-01,04,Arizona,AZ,2988300
2020-02-01,04,Arizona,AZ,2994700
2020-03-01,04,Arizona,AZ,2980600
2020-04-01,04,Arizona,AZ,2652900
2020-05-01,04,Arizona,AZ,2737300
2020-06-01,04,Arizona,AZ,2805200
2020-07-01,04,Arizona,AZ,2786700
2020-08-01,04,Arizona,AZ,2818600
2020-09-01,04,Arizona,AZ,2839500
2020-10-01,04,Arizona,AZ,2864300
2020-11-01,04,Arizona,AZ,2881300
2020-12-01,04,Arizona,AZ,2891900
2021-01-01,04,Arizona,AZ,2893300
2021-02-01,04,Arizona,AZ,2905100
2021-03-01,04,Arizona,AZ,2923600
2021-04-01,04,Arizona,AZ,2927600
2021-05-01,04,Arizona,AZ,2943000
2021-06-01,04,Arizona,AZ,2963800
2021-07-01,04,Arizona,AZ,2983300
2021-08-01,04,Arizona,AZ,2990900
2021-09-01,04,Arizona,AZ,3002400
2021-10-01,04,Arizona,AZ,3024800
2021-11-01,04,Arizona,AZ,3031000
2021-12-01,04,Arizona,AZ,3048000
2022-01-01,04,Arizona,AZ,3049200
2022-02-01,04,Arizona,AZ,3068300
2022-03-01,04,Arizona,AZ,3074000
2022-04-01,04,Arizona,AZ,3095300
2022-05-01,04,Arizona,AZ,3104100
2022-06-01,04,Arizona,AZ,3106500
2022-07-01,04,Arizona,AZ,3124800
2022-08-01,04,Arizona,AZ,3128000
2022-09-01,04,Arizona,AZ,3135300
2022-10-01,04,Arizona,AZ,3146100
2022-11-01,04,Arizona,AZ,3154800
2022-12-01,04,Arizona,AZ,3151200
2023-01-01,04,Arizona,AZ,3157900
2023-02-01,04,Arizona,AZ,3168200
2023-03-01,04,Arizona,AZ,3169500
2023-04-01,04,Arizona,AZ,3191100
2023-05-01,04,Arizona,AZ,3195500
2023-06-01,04,Arizona,AZ,3208800
2023-07-01,04,Arizona,AZ,3212000
2023-08-01,04,Arizona,AZ,3218400
2023-09-01,04,Arizona,AZ,3229700
2023-10-01,04,Arizona,AZ,3198600
2023-11-01,04,Arizona,AZ,3211500
2023-12-01,04,Arizona,AZ,3223300
2024-01-01,04,Arizona,AZ,3257800
2024-02-01,04,Arizona,AZ,3260400
2024-03-01,04,Arizona,AZ,3266200
2024-04-01,04,Arizona,AZ,3244300
2024-05-01,04,Arizona,AZ,3240200
2024-06-01,04,Arizona,AZ,3238500
2024-07-01,04,Arizona,AZ,3215800
2024-08-01,04,Arizona,AZ,3212300
2024-09-01,04,Arizona,AZ,3224200
2024-10-01,04,Arizona,AZ,3224300
2024-11-01,04,Arizona,AZ,3233700
2024-12-01,04,Arizona,AZ,3240200
2025-01-01,04,Arizona,AZ,3241900
2025-02-01,04,Arizona,AZ,3245000
2025-03-01,04,Arizona,AZ,3254700
2025-04-01,04,Arizona,AZ,3268800
2025-05-01,04,Arizona,AZ,3265500
2025-06-01,04,Arizona,AZ,3250300
2025-07-01,04,Arizona,AZ,3253000
2025-08-01,04,Arizona,AZ,3254600
2025-09-01,04,Arizona,AZ,3258100
2025-10-01,04,Arizona,AZ,3262300
2025-11-01,04,Arizona,AZ,3258200
2025-12-01,04,Arizona,AZ,3264600
2020-01-01,05,Arkansas,AR,1294200
2020-02-01,05,Arkansas,AR,1293900
2020-03-01,05,Arkansas,AR,1290500
2020-04-01,05,Arkansas,AR,1167000
2020-05-01,05,Arkansas,AR,1196700
2020-06-01,05,Arkansas,AR,1224400
2020-07-01,05,Arkansas,AR,1232200
2020-08-01,05,Arkansas,AR,1246500
2020-09-01,05,Arkansas,AR,1248500
2020-10-01,05,Arkansas,AR,1256000
2020-11-01,05,Arkansas,AR,1261400
2020-12-01,05,Arkansas,AR,1257400
2021-01-01,05,Arkansas,AR,1266600
2021-02-01,05,Arkansas,AR,1261000
2021-03-01,05,Arkansas,AR,1274000
2021-04-01,05,Arkansas,AR,1273200
2021-05-01,05,Arkansas,AR,1275400
2021-06-01,05,Arkansas,AR,1280200
2021-07-01,05,Arkansas,AR,1283000
2021-08-01,05,Arkansas,AR,1286800
2021-09-01,05,Arkansas,AR,1284500
2021-10-01,05,Arkansas,AR,1297500
2021-11-01,05,Arkansas,AR,1300600
2021-12-01,05,Arkansas,AR,1304200
2022-01-01,05,Arkansas,AR,1305800
2022-02-01,05,Arkansas,AR,1313400
2022-03-01,05,Arkansas,AR,1314800
2022-04-01,05,Arkansas,AR,1318300
2022-05-01,05,Arkansas,AR,1322700
2022-06-01,05,Arkansas,AR,1326200
2022-07-01,05,Arkansas,AR,1332900
2022-08-01,05,Arkansas,AR,1336900
2022-09-01,05,Arkansas,AR,1340000
2022-10-01,05,Arkansas,AR,1338700
2022-11-01,05,Arkansas,AR,1341800
2022-12-01,05,Arkansas,AR,1342300
2023-01-01,05,Arkansas,AR,1346200
2023-02-01,05,Arkansas,AR,1346500
2023-03-01,05,Arkansas,AR,1348200
2023-04-01,05,Arkansas,AR,1348100
2023-05-01,05,Arkansas,AR,1349400
2023-06-01,05,Arkansas,AR,1353400
2023-07-01,05,Arkansas,AR,1349600
2023-08-01,05,Arkansas,AR,1352100
2023-09-01,05,Arkansas,AR,1355600
2023-10-01,05,Arkansas,AR,1354900
2023-11-01,05,Arkansas,AR,1354700
2023-12-01,05,Arkansas,AR,1358200
2024-01-01,05,Arkansas,AR,1356200
2024-02-01,05,Arkansas,AR,1360800
2024-03-01,05,Arkansas,AR,1364500
2024-04-01,05,Arkansas,AR,1362800
2024-05-01,05,Arkansas,AR,1362300
2024-06-01,05,Arkansas,AR,1363400
2024-07-01,05,Arkansas,AR,1365800
2024-08-01,05,Arkansas,AR,1367500
2024-09-01,05,Arkansas,AR,1367700
2024-10-01,05,Arkansas,AR,1371200
2024-11-01,05,Arkansas,AR,1375100
2024-12-01,05,Arkansas,AR,1377200
2025-01-01,05,Arkansas,AR,1379200
2025-02-01,05,Arkansas,AR,1381700
2025-03-01,05,Arkansas,AR,1381800
2025-04-01,05,Arkansas,AR,1379000
2025-05-01,05,Arkansas,AR,1379800
2025-06-01,05,Arkansas,AR,1379200
2025-07-01,05,Arkansas,AR,1383300
2025-08-01,05,Arkansas,AR,1385400
2025-09-01,05,Arkansas,AR,1389600
2025-10-01,05,Arkansas,AR,1391900
2025-11-01,05,Arkansas,AR,1391400
2025-12-01,05,Arkansas,AR,1392900
2020-01-01,06,California,CA,17643200
2020-02-01,06,California,CA,17663900
2020-03-01,06,California,CA,17483900
2020-04-01,06,California,CA,14919800
2020-05-01,06,California,CA,15107500
2020-06-01,06,California,CA,15623100
2020-07-01,06,California,CA,15670300
2020-08-01,06,California,CA,15762200
2020-09-01,06,California,CA,15912900
2020-10-01,06,California,CA,16119200
2020-11-01,06,California,CA,16185000
2020-12-01,06,California,CA,16101000
2021-01-01,06,California,CA,16000700
2021-02-01,06,California,CA,16207400
2021-03-01,06,California,CA,16339600
2021-04-01,06,California,CA,16494099.999999998
2021-05-01,06,California,CA,16617000
2021-06-01,06,California,CA,16686300
2021-07-01,06,California,CA,16865100
2021-08-01,06,California,CA,16964200
2021-09-01,06,California,CA,16957200
2021-10-01,06,California,CA,17217300
2021-11-01,06,California,CA,17277200
2021-12-01,06,California,CA,17343500
2022-01-01,06,California,CA,17357900
2022-02-01,06,California,CA,17489500
2022-03-01,06,California,CA,17553900
2022-04-01,06,California,CA,17613300
2022-05-01,06,California,CA,17648200
2022-06-01,06,California,CA,17684900
2022-07-01,06,California,CA,17738400
2022-08-01,06,California,CA,17769700
2022-09-01,06,California,CA,17784100
2022-10-01,06,California,CA,17786600
2022-11-01,06,California,CA,17794100
2022-12-01,06,California,CA,17798600
2023-01-01,06,California,CA,17759800
2023-02-01,06,California,CA,17780000
2023-03-01,06,California,CA,17770200
2023-04-01,06,California,CA,17782600
2023-05-01,06,California,CA,17829800
2023-06-01,06,California,CA,17842900
2023-07-01,06,California,CA,17806400
2023-08-01,06,California,CA,17834500
2023-09-01,06,California,CA,17870200
2023-10-01,06,California,CA,17852200
2023-11-01,06,California,CA,17852300
2023-12-01,06,California,CA,17878700
2024-01-01,06,California,CA,18010000
2024-02-01,06,California,CA,17925300
2024-03-01,06,California,CA,17931100
2024-04-01,06,California,CA,17932100
2024-05-01,06,California,CA,17930300
2024-06-01,06,California,CA,17910000
2024-07-01,06,California,CA,17938900
2024-08-01,06,California,CA,17941700
2024-09-01,06,California,CA,17930800
2024-10-01,06,California,CA,17951300
2024-11-01,06,California,CA,17993400
2024-12-01,06,California,CA,18032400
2025-01-01,06,California,CA,18011000
2025-02-01,06,California,CA,17989200
2025-03-01,06,California,CA,17982400
2025-04-01,06,California,CA,18005500
2025-05-01,06,California,CA,18017200
2025-06-01,06,California,CA,18007700
2025-07-01,06,California,CA,18007400
2025-08-01,06,California,CA,17997100
2025-09-01,06,California,CA,17990900
2025-10-01,06,California,CA,17992400
2025-11-01,06,California,CA,18022900
2025-12-01,06,California,CA,18021200
2020-01-01,08,Colorado,CO,2819700
2020-02-01,08,Colorado,CO,2819900
2020-03-01,08,Colorado,CO,2806900
2020-04-01,08,Colorado,CO,2443300
2020-05-01,08,Colorado,CO,2517700
2020-06-01,08,Colorado,CO,2567300
2020-07-01,08,Colorado,CO,2595100
2020-08-01,08,Colorado,CO,2623300
2020-09-01,08,Colorado,CO,2649500
2020-10-01,08,Colorado,CO,2671600
2020-11-01,08,Colorado,CO,2669700
2020-12-01,08,Colorado,CO,2647600
2021-01-01,08,Colorado,CO,2670400
2021-02-01,08,Colorado,CO,2694000
2021-03-01,08,Colorado,CO,2708600
2021-04-01,08,Colorado,CO,2717600
2021-05-01,08,Colorado,CO,2731000
2021-06-01,08,Colorado,CO,2747500
2021-07-01,08,Colorado,CO,2762600
2021-08-01,08,Colorado,CO,2768000
2021-09-01,08,Colorado,CO,2779600
2021-10-01,08,Colorado,CO,2800500
2021-11-01,08,Colorado,CO,2811100
2021-12-01,08,Colorado,CO,2821400
2022-01-01,08,Colorado,CO,2826100
2022-02-01,08,Colorado,CO,2839100
2022-03-01,08,Colorado,CO,2845800
2022-04-01,08,Colorado,CO,2866800
2022-05-01,08,Colorado,CO,2868300
2022-06-01,08,Colorado,CO,2861600
2022-07-01,08,Colorado,CO,2867200
2022-08-01,08,Colorado,CO,2879300
2022-09-01,08,Colorado,CO,2886000
2022-10-01,08,Colorado,CO,2892900
2022-11-01,08,Colorado,CO,2900300
2022-12-01,08,Colorado,CO,2905400
2023-01-01,08,Colorado,CO,2912600
2023-02-01,08,Colorado,CO,2914200
2023-03-01,08,Colorado,CO,2920300
2023-04-01,08,Colorado,CO,2927200
2023-05-01,08,Colorado,CO,2933300
2023-06-01,08,Colorado,CO,2946300
2023-07-01,08,Colorado,CO,2938600
2023-08-01,08,Colorado,CO,2948900
2023-09-01,08,Colorado,CO,2954600
2023-10-01,08,Colorado,CO,2950300
2023-11-01,08,Colorado,CO,2948600
2023-12-01,08,Colorado,CO,2955000
2024-01-01,08,Colorado,CO,2958400
2024-02-01,08,Colorado,CO,2968200
2024-03-01,08,Colorado,CO,2970500
2024-04-01,08,Colorado,CO,2958800
2024-05-01,08,Colorado,CO,2969700
2024-06-01,08,Colorado,CO,2974000
2024-07-01,08,Colorado,CO,2970700
2024-08-01,08,Colorado,CO,2973200
2024-09-01,08,Colorado,CO,2976600
2024-10-01,08,Colorado,CO,2974900
2024-11-01,08,Colorado,CO,2975700
2024-12-01,08,Colorado,CO,2977100
2025-01-01,08,Colorado,CO,2977600
2025-02-01,08,Colorado,CO,2966000
2025-03-01,08,Colorado,CO,2973600
2025-04-01,08,Colorado,CO,2988500
2025-05-01,08,Colorado,CO,2986100
2025-06-01,08,Colorado,CO,2983400
2025-07-01,08,Colorado,CO,2988500
2025-08-01,08,Colorado,CO,2994200
2025-09-01,08,Colorado,CO,2996600
2025-10-01,08,Colorado,CO,2997600
2025-11-01,08,Colorado,CO,2998900
2025-12-01,08,Colorado,CO,3000100
2020-01-01,09,Connecticut,CT,1701700
2020-02-01,09,Connecticut,CT,1699000
2020-03-01,09,Connecticut,CT,1683100
2020-04-01,09,Connecticut,CT,1407900
2020-05-01,09,Connecticut,CT,1439400
2020-06-01,09,Connecticut,CT,1496200
2020-07-01,09,Connecticut,CT,1530700
2020-08-01,09,Connecticut,CT,1555800
2020-09-01,09,Connecticut,CT,1576700
2020-10-01,09,Connecticut,CT,1585200
2020-11-01,09,Connecticut,CT,1587000
2020-12-01,09,Connecticut,CT,1583800
2021-01-01,09,Connecticut,CT,1586100
2021-02-01,09,Connecticut,CT,1589700
2021-03-01,09,Connecticut,CT,1596700
2021-04-01,09,Connecticut,CT,1599500
2021-05-01,09,Connecticut,CT,1605400
2021-06-01,09,Connecticut,CT,1610700
2021-07-01,09,Connecticut,CT,1626700
2021-08-01,09,Connecticut,CT,1625000
2021-09-01,09,Connecticut,CT,1625700
2021-10-01,09,Connecticut,CT,1640500
2021-11-01,09,Connecticut,CT,1644200
2021-12-01,09,Connecticut,CT,1650900
2022-01-01,09,Connecticut,CT,1645000
2022-02-01,09,Connecticut,CT,1659900
2022-03-01,09,Connecticut,CT,1664100
2022-04-01,09,Connecticut,CT,1668900
2022-05-01,09,Connecticut,CT,1666700
2022-06-01,09,Connecticut,CT,1664800
2022-07-01,09,Connecticut,CT,1672100
2022-08-01,09,Connecticut,CT,1674400
2022-09-01,09,Connecticut,CT,1674200
2022-10-01,09,Connecticut,CT,1673800
2022-11-01,09,Connecticut,CT,1676900
2022-12-01,09,Connecticut,CT,1680500
2023-01-01,09,Connecticut,CT,1689500
2023-02-01,09,Connecticut,CT,1687700
2023-03-01,09,Connecticut,CT,1688700
2023-04-01,09,Connecticut,CT,1685800
2023-05-01,09,Connecticut,CT,1691800
2023-06-01,09,Connecticut,CT,1699200
2023-07-01,09,Connecticut,CT,1696400
2023-08-01,09,Connecticut,CT,1698700
2023-09-01,09,Connecticut,CT,1699500
2023-10-01,09,Connecticut,CT,1700500
2023-11-01,09,Connecticut,CT,1700000
2023-12-01,09,Connecticut,CT,1700100
2024-01-01,09,Connecticut,CT,1704000
2024-02-01,09,Connecticut,CT,1703500
2024-03-01,09,Connecticut,CT,1705400
2024-04-01,09,Connecticut,CT,1706700
2024-05-01,09,Connecticut,CT,1708300
2024-06-01,09,Connecticut,CT,1711000
2024-07-01,09,Connecticut,CT,1708600
2024-08-01,09,Connecticut,CT,1707500
2024-09-01,09,Connecticut,CT,1709600
2024-10-01,09,Connecticut,CT,1711000
2024-11-01,09,Connecticut,CT,1712600
2024-12-01,09,Connecticut,CT,1716100
2025-01-01,09,Connecticut,CT,1717600
2025-02-01,09,Connecticut,CT,1715900
2025-03-01,09,Connecticut,CT,1711800
2025-04-01,09,Connecticut,CT,1716600
2025-05-01,09,Connecticut,CT,1712400
2025-06-01,09,Connecticut,CT,1718500
2025-07-01,09,Connecticut,CT,1719300
2025-08-01,09,Connecticut,CT,1719800
2025-09-01,09,Connecticut,CT,1713000
2025-10-01,09,Connecticut,CT,1712300
2025-11-01,09,Connecticut,CT,1714400
2025-12-01,09,Connecticut,CT,1713900