period_date,cbsa_code,total_nonfarm_employment,employment_yoy
2016-03-01,10180,52832,
2016-06-01,10180,52938,
2016-09-01,10180,53165,
2016-12-01,10180,53216,
2017-03-01,10180,53355,
2017-06-01,10180,53662,1.37
2017-09-01,10180,54141,1.84
2017-12-01,10180,54636,2.67
2018-03-01,10180,54702,2.52
2018-06-01,10180,55562,3.54
2018-09-01,10180,55364,2.26
2018-12-01,10180,56072,2.63
2019-03-01,10180,56295,2.91
2019-06-01,10180,57190,2.93
2019-09-01,10180,58053,4.86
2019-12-01,10180,58696,4.68
2020-03-01,10180,57654,
2020-06-01,10180,53834,-5.87
2020-09-01,10180,54893,-5.44
2020-12-01,10180,56621,-3.54
2021-03-01,10180,56149,
2021-06-01,10180,56588,5.12
2021-09-01,10180,57193,4.19
2021-12-01,10180,58651,3.59
2022-03-01,10180,58858,4.82
2022-06-01,10180,59021,4.3
2022-09-01,10180,60151,5.17
2022-12-01,10180,60982,3.97
2023-03-01,10180,60408,2.63
2023-06-01,10180,60847,3.09
2023-09-01,10180,61141,1.65
2023-12-01,10180,61228,0.4
2024-03-01,10180,61173,
2024-06-01,10180,61749,1.48
2024-09-01,10180,62323,1.93
2024-12-01,10180,62056,1.35
2025-03-01,10180,61676,
2025-06-01,10180,61468,-0.46
2016-03-01,10380,35946,
2016-06-01,10380,35531,
2016-09-01,10380,35923,
2016-12-01,10380,37732,
2017-03-01,10380,37064,
2017-06-01,10380,37258,4.86
2017-09-01,10380,36191,0.75
2017-12-01,10380,36279,-3.85
2018-03-01,10380,36558,-1.37
2018-06-01,10380,37298,0.11
2018-09-01,10380,37367,3.25
2018-12-01,10380,38588,6.36
2019-03-01,10380,37926,3.74
2019-06-01,10380,37606,0.83
2019-09-01,10380,38045,1.81
2019-12-01,10380,39492,2.34
2020-03-01,10380,38591,
2020-06-01,10380,34569,-8.08
2020-09-01,10380,36231,-4.77
2020-12-01,10380,38346,-2.9
2021-03-01,10380,38078,
2021-06-01,10380,39692,14.82
2021-09-01,10380,41031,13.25
2021-12-01,10380,43506,13.46
2022-03-01,10380,43713,14.8
2022-06-01,10380,44377,11.8
2022-09-01,10380,44347,8.08
2022-12-01,10380,46611,7.14
2023-03-01,10380,44866,2.64
2023-06-01,10380,45356,2.21
2023-09-01,10380,45806,3.29
2023-12-01,10380,47560,2.04
2024-03-01,10380,42126,
2024-06-01,10380,41601,-8.28
2024-09-01,10380,41594,-9.2
2024-12-01,10380,42973,-9.64
2025-03-01,10380,42035,
2025-06-01,10380,41730,0.31
2016-03-01,10420,275916,
2016-06-01,10420,284182,
2016-09-01,10420,284135,
2016-12-01,10420,283361,
2017-03-01,10420,277062,
2017-06-01,10420,286372,0.77
2017-09-01,10420,284667,0.19
2017-12-01,10420,284232,0.31
2018-03-01,10420,277727,0.24
2018-06-01,10420,286265,-0.04
2018-09-01,10420,283735,-0.33
2018-12-01,10420,284320,0.03
2019-03-01,10420,278636,0.33
2019-06-01,10420,286509,0.09
2019-09-01,10420,283363,-0.13
2019-12-01,10420,286312,0.7
2020-03-01,10420,278656,
2020-06-01,10420,262169,-8.5
2020-09-01,10420,266320,-6.01
2020-12-01,10420,268647,-6.17
2021-03-01,10420,264984,
2021-06-01,10420,273059,4.15
2021-09-01,10420,269297,1.12
2021-12-01,10420,274313,2.11
2022-03-01,10420,269084,1.55
2022-06-01,10420,278618,2.04
2022-09-01,10420,278535,3.43
2022-12-01,10420,280069,2.1
2023-03-01,10420,277371,3.08
2023-06-01,10420,283805,1.86
2023-09-01,10420,280576,0.73
2023-12-01,10420,280603,0.19
2024-03-01,10420,276319,
2024-06-01,10420,282935,-0.31
2024-09-01,10420,279877,-0.25
2024-12-01,10420,280148,-0.16
2025-03-01,10420,275750,
2025-06-01,10420,281445,-0.53
2016-03-01,10500,46582,
2016-06-01,10500,46625,
2016-09-01,10500,47584,
2016-12-01,10500,49084,
2017-03-01,10500,48853,
2017-06-01,10500,48026,3
2017-09-01,10500,48301,1.51
2017-12-01,10500,48492,-1.21
2018-03-01,10500,48426,-0.87
2018-06-01,10500,47915,-0.23
2018-09-01,10500,48571,0.56
2018-12-01,10500,49277,1.62
2019-03-01,10500,48610,0.38
2019-06-01,10500,48920,2.1
2019-09-01,10500,48517,-0.11
2019-12-01,10500,49286,0.02
2020-03-01,10500,48777,
2020-06-01,10500,45776,-6.43
2020-09-01,10500,45895,-5.4
2020-12-01,10500,47035,-4.57
2021-03-01,10500,46661,
2021-06-01,10500,46928,2.52
2021-09-01,10500,46903,2.2
2021-12-01,10500,48021,2.1
2022-03-01,10500,47441,1.67
2022-06-01,10500,47631,1.5
2022-09-01,10500,48425,3.24
2022-12-01,10500,49292,2.65
2023-03-01,10500,48529,2.29
2023-06-01,10500,47601,-0.06
2023-09-01,10500,47713,-1.47
2023-12-01,10500,48518,-1.57
2024-03-01,10500,47638,
2024-06-01,10500,47696,0.2
2024-09-01,10500,47065,-1.36
2024-12-01,10500,48495,-0.05
2025-03-01,10500,47312,
2025-06-01,10500,46791,-1.9
2016-03-01,10540,37027,
2016-06-01,10540,37866,
2016-09-01,10540,38355,
2016-12-01,10540,38065,
2017-03-01,10540,37602,
2017-06-01,10540,38669,2.12
2017-09-01,10540,39352,2.6
2017-12-01,10540,39127,2.79
2018-03-01,10540,39948,6.24
2018-06-01,10540,40547,4.86
2018-09-01,10540,41132,4.52
2018-12-01,10540,40998,4.78
2019-03-01,10540,40698,1.88
2019-06-01,10540,41242,1.71
2019-09-01,10540,41790,1.6
2019-12-01,10540,41258,0.63
2020-03-01,10540,40681,
2020-06-01,10540,38845,-5.81
2020-09-01,10540,39420,-5.67
2020-12-01,10540,39222,-4.93
2021-03-01,10540,40260,
2021-06-01,10540,41164,5.97
2021-09-01,10540,41323,4.83
2021-12-01,10540,41861,6.73
2022-03-01,10540,42308,5.09
2022-06-01,10540,42677,3.68
2022-09-01,10540,42839,3.67
2022-12-01,10540,42198,0.81
2023-03-01,10540,42058,-0.59
2023-06-01,10540,43122,1.04
2023-09-01,10540,42456,-0.89
2023-12-01,10540,41818,-0.9
2024-03-01,10540,41350,
2024-06-01,10540,41645,-3.43
2024-09-01,10540,42841,0.91
2024-12-01,10540,41991,0.41
2025-03-01,10540,41478,
2025-06-01,10540,41982,0.81
2016-03-01,10580,335618,
2016-06-01,10580,347354,
2016-09-01,10580,345305,
2016-12-01,10580,346290,
2017-03-01,10580,339759,
2017-06-01,10580,352388,1.45
2017-09-01,10580,350814,1.6
2017-12-01,10580,351471,1.5
2018-03-01,10580,343503,1.1
2018-06-01,10580,356936,1.29
2018-09-01,10580,353366,0.73
2018-12-01,10580,351953,0.14
2019-03-01,10580,343663,0.05
2019-06-01,10580,354668,-0.64
2019-09-01,10580,352964,-0.11
2019-12-01,10580,350968,-0.28
2020-03-01,10580,342141,
2020-06-01,10580,304545,-14.13
2020-09-01,10580,323756,-8.28
2020-12-01,10580,322279,-8.17
2021-03-01,10580,318096,
2021-06-01,10580,330370,8.48
2021-09-01,10580,333300,2.95
2021-12-01,10580,337155,4.62
2022-03-01,10580,330534,3.91
2022-06-01,10580,344405,4.25
2022-09-01,10580,342612,2.79
2022-12-01,10580,341133,1.18
2023-03-01,10580,339644,2.76
2023-06-01,10580,353149,2.54
2023-09-01,10580,347497,1.43
2023-12-01,10580,345781,1.36
2024-03-01,10580,345250,
2024-06-01,10580,356638,0.99
2024-09-01,10580,353257,1.66
2024-12-01,10580,354001,2.38
2025-03-01,10580,347778,
2025-06-01,10580,359408,0.78
2016-03-01,10740,288158,
2016-06-01,10740,293632,
2016-09-01,10740,295922,
2016-12-01,10740,296299,
2017-03-01,10740,293544,
2017-06-01,10740,299019,1.83
2017-09-01,10740,298668,0.93
2017-12-01,10740,300078,1.28
2018-03-01,10740,297884,1.48
2018-06-01,10740,303157,1.38
2018-09-01,10740,301901,1.08
2018-12-01,10740,304522,1.48
2019-03-01,10740,302401,1.52
2019-06-01,10740,307469,1.42
2019-09-01,10740,308124,2.06
2019-12-01,10740,312173,2.51
2020-03-01,10740,305983,
2020-06-01,10740,276747,-9.99
2020-09-01,10740,285241,-7.43
2020-12-01,10740,284534,-8.85
2021-03-01,10740,289884,
2021-06-01,10740,296425,7.11
2021-09-01,10740,300347,5.3
2021-12-01,10740,308815,8.53
2022-03-01,10740,309008,6.6
2022-06-01,10740,311034,4.93
2022-09-01,10740,316292,5.31
2022-12-01,10740,320607,3.82
2023-03-01,10740,318111,2.95
2023-06-01,10740,323182,3.91
2023-09-01,10740,321936,1.78
2023-12-01,10740,325387,1.49
2024-03-01,10740,321336,
2024-06-01,10740,325280,0.65
2024-09-01,10740,326545,1.43
2024-12-01,10740,326289,0.28
2025-03-01,10740,323210,
2025-06-01,10740,324796,-0.15
2016-03-01,10780,48507,
2016-06-01,10780,49007,
2016-09-01,10780,48193,
2016-12-01,10780,47768,
2017-03-01,10780,46823,
2017-06-01,10780,47235,-3.62
2017-09-01,10780,47195,-2.07
2017-12-01,10780,47325,-0.93
2018-03-01,10780,46827,0.01
2018-06-01,10780,47085,-0.32
2018-09-01,10780,46582,-1.3
2018-12-01,10780,46876,-0.95
2019-03-01,10780,46387,-0.94
2019-06-01,10780,46972,-0.24
2019-09-01,10780,46760,0.38
2019-12-01,10780,47094,0.47
2020-03-01,10780,46017,
2020-06-01,10780,43715,-6.93
2020-09-01,10780,44420,-5
2020-12-01,10780,46027,-2.27
2021-03-01,10780,45655,
2021-06-01,10780,46194,5.67
2021-09-01,10780,46054,3.68
2021-12-01,10780,46908,1.91
2022-03-01,10780,46310,1.43
2022-06-01,10780,47256,2.3
2022-09-01,10780,47666,3.5
2022-12-01,10780,47629,1.54
2023-03-01,10780,46483,0.37
2023-06-01,10780,46542,-1.51
2023-09-01,10780,46546,-2.35
2023-12-01,10780,46944,-1.44
2024-03-01,10780,46261,
2024-06-01,10780,46885,0.74
2024-09-01,10780,46555,0.02
2024-12-01,10780,46775,-0.36
2025-03-01,10780,46663,
2025-06-01,10780,47163,0.59
2016-03-01,10900,303045,
2016-06-01,10900,313680,
2016-09-01,10900,313165,
2016-12-01,10900,314740,
2017-03-01,10900,307951,
2017-06-01,10900,319019,1.7
2017-09-01,10900,316599,1.1
2017-12-01,10900,318897,1.32
2018-03-01,10900,312231,1.39
2018-06-01,10900,323173,1.3
2018-09-01,10900,319984,1.07
2018-12-01,10900,322530,1.14
2019-03-01,10900,318031,1.86
2019-06-01,10900,327080,1.21
2019-09-01,10900,324890,1.53
2019-12-01,10900,328622,1.89
2020-03-01,10900,317641,
2020-06-01,10900,285784,-12.63
2020-09-01,10900,299754,-7.74
2020-12-01,10900,307189,-6.52
2021-03-01,10900,306488,
2021-06-01,10900,314808,10.16
2021-09-01,10900,316072,5.44
2021-12-01,10900,324476,5.63
2022-03-01,10900,319468,4.24
2022-06-01,10900,327898,4.16
2022-09-01,10900,326550,3.32
2022-12-01,10900,329683,1.6
2023-03-01,10900,327227,2.43
2023-06-01,10900,335722,2.39
2023-09-01,10900,332231,1.74
2023-12-01,10900,336567,2.09
2024-03-01,10900,328105,
2024-06-01,10900,336664,0.28
2024-09-01,10900,334806,0.78
2024-12-01,10900,336739,0.05
2025-03-01,10900,332668,
2025-06-01,10900,341729,1.5
2016-03-01,11020,50095,
2016-06-01,11020,52054,
2016-09-01,11020,51259,
2016-12-01,11020,50562,
2017-03-01,11020,50130,
2017-06-01,11020,51917,-0.26
2017-09-01,11020,51502,0.47
2017-12-01,11020,51179,1.22
2018-03-01,11020,50121,-0.02
2018-06-01,11020,51733,-0.35
2018-09-01,11020,50900,-1.17
2018-12-01,11020,50676,-0.98
2019-03-01,11020,49845,-0.55
2019-06-01,11020,51571,-0.31
2019-09-01,11020,50838,-0.12
2019-12-01,11020,51250,1.13
2020-03-01,11020,50013,
2020-06-01,11020,46690,-9.46
2020-09-01,11020,48273,-5.05
2020-12-01,11020,48233,-5.89
2021-03-01,11020,47820,
2021-06-01,11020,49677,6.4
2021-09-01,11020,49223,1.97
2021-12-01,11020,49462,2.55
2022-03-01,11020,48586,1.6
2022-06-01,11020,50412,1.48
2022-09-01,11020,49713,1
2022-12-01,11020,49259,-0.41
2023-03-01,11020,48716,0.27
2023-06-01,11020,50767,0.7
2023-09-01,11020,50375,1.33
2023-12-01,11020,50051,1.61
2024-03-01,11020,49303,
2024-06-01,11020,51317,1.08
2024-09-01,11020,51020,1.28
2024-12-01,11020,50171,0.24
2025-03-01,11020,50140,
2025-06-01,11020,51798,0.94
2016-03-01,11100,94844,
2016-06-01,11100,95699,
2016-09-01,11100,95374,
2016-12-01,11100,95819,
2017-03-01,11100,94417,
2017-06-01,11100,95338,-0.38
2017-09-01,11100,94701,-0.71
2017-12-01,11100,95199,-0.65
2018-03-01,11100,94748,0.35
2018-06-01,11100,95898,0.59
2018-09-01,11100,95395,0.73
2018-12-01,11100,95916,0.75
2019-03-01,11100,94560,-0.2
2019-06-01,11100,96459,0.58
2019-09-01,11100,95958,0.59
2019-12-01,11100,97155,1.29
2020-03-01,11100,95887,
2020-06-01,11100,93077,-3.51
2020-09-01,11100,94234,-1.8
2020-12-01,11100,95267,-1.94
2021-03-01,11100,95260,
2021-06-01,11100,97493,4.74
2021-09-01,11100,97040,2.98
2021-12-01,11100,98984,3.9
2022-03-01,11100,97974,2.85
2022-06-01,11100,100033,2.61
2022-09-01,11100,99705,2.75
2022-12-01,11100,101056,2.09
2023-03-01,11100,99441,1.5
2023-06-01,11100,101376,1.34
2023-09-01,11100,101665,1.97
2023-12-01,11100,102106,1.04
2024-03-01,11100,101840,
2024-06-01,11100,103627,2.22
2024-09-01,11100,102974,1.29
2024-12-01,11100,103743,1.6
2025-03-01,11100,102628,
2025-06-01,11100,104603,0.94
2016-03-01,11180,30587,
2016-06-01,11180,30922,
2016-09-01,11180,31550,
2016-12-01,11180,31116,
2017-03-01,11180,30822,
2017-06-01,11180,31513,1.91
2017-09-01,11180,32594,3.31
2017-12-01,11180,32205,3.5
2018-03-01,11180,31644,2.67
2018-06-01,11180,31811,0.95
2018-09-01,11180,32724,0.4
2018-12-01,11180,31853,-1.09
2019-03-01,11180,31454,-0.6
2019-06-01,11180,31877,0.21
2019-09-01,11180,32522,-0.62
2019-12-01,11180,32125,0.85
2020-03-01,11180,31368,
2020-06-01,11180,29242,-8.27
2020-09-01,11180,30501,-6.21
2020-12-01,11180,30634,-4.64
2021-03-01,11180,30864,
2021-06-01,11180,31522,7.8
2021-09-01,11180,32098,5.24
2021-12-01,11180,32266,5.33
2022-03-01,11180,31987,3.64
2022-06-01,11180,32380,2.72
2022-09-01,11180,33524,4.44
2022-12-01,11180,33426,3.6
2023-03-01,11180,32598,1.91
2023-06-01,11180,33232,2.63
2023-09-01,11180,33981,1.36
2023-12-01,11180,33519,0.28
2024-03-01,11180,38884,
2024-06-01,11180,39665,19.36
2024-09-01,11180,40294,18.58
2024-12-01,11180,40001,19.34
2025-03-01,11180,38832,
2025-06-01,11180,39095,-1.44
2024-03-01,11200,48371,
2024-06-01,11200,47952,
2024-09-01,11200,48775,
2024-12-01,11200,49001,
2025-03-01,11200,47193,
2025-06-01,11200,47874,-0.16
2016-03-01,11260,137695,
2016-06-01,11260,146059,
2016-09-01,11260,144071,
2016-12-01,11260,138006,
2017-03-01,11260,135049,
2017-06-01,11260,145489,-0.39
2017-09-01,11260,142664,-0.98
2017-12-01,11260,136465,-1.12
2018-03-01,11260,135471,0.31
2018-06-01,11260,144913,-0.4
2018-09-01,11260,142960,0.21
2018-12-01,11260,137821,0.99
2019-03-01,11260,136529,0.78
2019-06-01,11260,145742,0.57
2019-09-01,11260,144079,0.78
2019-12-01,11260,138509,0.5
2020-03-01,11260,135858,
2020-06-01,11260,128335,-11.94
2020-09-01,11260,130006,-9.77
2020-12-01,11260,128012,-7.58
2021-03-01,11260,129498,
2021-06-01,11260,137928,7.47
2021-09-01,11260,137150,5.5
2021-12-01,11260,134183,4.82
2022-03-01,11260,134092,3.55
2022-06-01,11260,143499,4.04
2022-09-01,11260,141675,3.3
2022-12-01,11260,136730,1.9
2023-03-01,11260,137294,2.39
2023-06-01,11260,148662,3.6
2023-09-01,11260,146145,3.16
2023-12-01,11260,140421,2.7
2024-03-01,11260,140436,
2024-06-01,11260,150714,1.38
2024-09-01,11260,148393,1.54
2024-12-01,11260,143094,1.9
2025-03-01,11260,143079,
2025-06-01,11260,152591,1.25
2016-03-01,11460,126973,
2016-06-01,11460,130332,
2016-09-01,11460,129669,
2016-12-01,11460,130554,
2017-03-01,11460,128291,
2017-06-01,11460,132388,1.58
2017-09-01,11460,131178,1.16
2017-12-01,11460,132763,1.69
2018-03-01,11460,130311,1.57
2018-06-01,11460,134179,1.35
2018-09-01,11460,132341,0.89
2018-12-01,11460,134188,1.07
2019-03-01,11460,132923,2
2019-06-01,11460,137815,2.71
2019-09-01,11460,136746,3.33
2019-12-01,11460,137654,2.58
2020-03-01,11460,133968,
2020-06-01,11460,118347,-14.13
2020-09-01,11460,124600,-8.88
2020-12-01,11460,124016,-9.91
2021-03-01,11460,124687,
2021-06-01,11460,128732,8.78
2021-09-01,11460,129588,4
2021-12-01,11460,131764,6.25
2022-03-01,11460,128736,3.25
2022-06-01,11460,133513,3.71
2022-09-01,11460,132071,1.92
2022-12-01,11460,133434,1.27
2023-03-01,11460,131645,2.26
2023-06-01,11460,135845,1.75
2023-09-01,11460,134793,2.06
2023-12-01,11460,135125,1.27
2024-03-01,11460,132439,
2024-06-01,11460,135596,-0.18
2024-09-01,11460,134310,-0.36
2024-12-01,11460,133880,-0.92
2025-03-01,11460,133548,
2025-06-01,11460,135995,0.29
2016-03-01,11500,32067,
2016-06-01,11500,32236,
2016-09-01,11500,32247,
2016-12-01,11500,32439,
2017-03-01,11500,32730,
2017-06-01,11500,32437,0.62
2017-09-01,11500,32487,0.74
2017-12-01,11500,32625,0.57
2018-03-01,11500,32679,-0.16
2018-06-01,11500,32700,0.81
2018-09-01,11500,32472,-0.05
2018-12-01,11500,32489,-0.42
2019-03-01,11500,32332,-1.06
2019-06-01,11500,32476,-0.69
2019-09-01,11500,32325,-0.45
2019-12-01,11500,32395,-0.29
2020-03-01,11500,32393,
2020-06-01,11500,30028,-7.54
2020-09-01,11500,30725,-4.95
2020-12-01,11500,31680,-2.21
2021-03-01,11500,31362,
2021-06-01,11500,31458,4.76
2021-09-01,11500,31521,2.59
2021-12-01,11500,32284,1.91
2022-03-01,11500,31908,1.74
2022-06-01,11500,32117,2.09
2022-09-01,11500,32599,3.42
2022-12-01,11500,32898,1.9
2023-03-01,11500,32286,1.18
2023-06-01,11500,32361,0.76
2023-09-01,11500,32150,-1.38
2023-12-01,11500,32117,-2.37
2024-03-01,11500,31975,
2024-06-01,11500,32321,-0.12
2024-09-01,11500,32275,0.39
2024-12-01,11500,32254,0.43
2025-03-01,11500,31646,
2025-06-01,11500,31725,-1.84
2016-03-01,11540,106587,
2016-06-01,11540,110944,
2016-09-01,11540,109762,
2016-12-01,11540,108845,
2017-03-01,11540,107033,
2017-06-01,11540,111286,0.31
2017-09-01,11540,109693,-0.06
2017-12-01,11540,109647,0.74
2018-03-01,11540,107862,0.77
2018-06-01,11540,112676,1.25
2018-09-01,11540,110504,0.74
2018-12-01,11540,110409,0.69
2019-03-01,11540,109042,1.09
2019-06-01,11540,114040,1.21
2019-09-01,11540,111530,0.93
2019-12-01,11540,112388,1.79
2020-03-01,11540,109849,
2020-06-01,11540,106356,-6.74
2020-09-01,11540,106888,-4.16
2020-12-01,11540,107986,-3.92
2021-03-01,11540,105380,
2021-06-01,11540,110360,3.76
2021-09-01,11540,108225,1.25
2021-12-01,11540,109518,1.42
2022-03-01,11540,107705,2.21
2022-06-01,11540,111874,1.37
2022-09-01,11540,111544,3.07
2022-12-01,11540,111176,1.51
2023-03-01,11540,110659,2.74
2023-06-01,11540,114862,2.67
2023-09-01,11540,112939,1.25
2023-12-01,11540,112903,1.55
2024-03-01,11540,111237,
2024-06-01,11540,115007,0.13
2024-09-01,11540,113270,0.29
2024-12-01,11540,112718,-0.16
2025-03-01,11540,110911,
2025-06-01,11540,114771,-0.21
2016-03-01,11640,23614,
2016-06-01,11640,23142,
2016-09-01,11640,23328,
2016-12-01,11640,24884,
2017-03-01,11640,23488,
2017-06-01,11640,23775,2.74
2017-09-01,11640,23614,1.23
2017-12-01,11640,23784,-4.42
2018-03-01,11640,23272,-0.92
2018-06-01,11640,23666,-0.46
2018-09-01,11640,24273,2.79
2018-12-01,11640,25616,7.7
2019-03-01,11640,25459,9.4
2019-06-01,11640,25537,7.91
2019-09-01,11640,25802,6.3
2019-12-01,11640,27138,5.94
2020-03-01,11640,25919,
2020-06-01,11640,23454,-8.16
2020-09-01,11640,24923,-3.41
2020-12-01,11640,26385,-2.77
2021-03-01,11640,25829,
2021-06-01,11640,26276,12.03
2021-09-01,11640,26755,7.35
2021-12-01,11640,27846,5.54
2022-03-01,11640,27129,5.03
2022-06-01,11640,27368,4.16
2022-09-01,11640,27923,4.37
2022-12-01,11640,29592,6.27
2023-03-01,11640,28406,4.71
2023-06-01,11640,28912,5.64
2023-09-01,11640,29162,4.44
2023-12-01,11640,30307,2.42
2024-03-01,11640,29734,
2024-06-01,11640,30048,3.93
2024-09-01,11640,29599,1.5
2024-12-01,11640,30065,-0.8
2025-03-01,11640,29233,
2025-06-01,11640,29412,-2.12
2016-03-01,11700,157322,
2016-06-01,11700,162597,
2016-09-01,11700,162116,
2016-12-01,11700,163620,
2017-03-01,11700,160665,
2017-06-01,11700,165053,1.51
2017-09-01,11700,164434,1.43
2017-12-01,11700,166302,1.64
2018-03-01,11700,165836,3.22
2018-06-01,11700,170323,3.19
2018-09-01,11700,169193,2.89
2018-12-01,11700,169342,1.83
2019-03-01,11700,170014,2.52
2019-06-01,11700,173452,1.84
2019-09-01,11700,171468,1.34
2019-12-01,11700,172869,2.08
2020-03-01,11700,167691,
2020-06-01,11700,150307,-13.34
2020-09-01,11700,156882,-8.51
2020-12-01,11700,162820,-5.81
2021-03-01,11700,162330,
2021-06-01,11700,167084,11.16
2021-09-01,11700,167103,6.52
2021-12-01,11700,172697,6.07
2022-03-01,11700,170222,4.86
2022-06-01,11700,175857,5.25
2022-09-01,11700,174894,4.66
2022-12-01,11700,176475,2.19
2023-03-01,11700,175439,3.06
2023-06-01,11700,180478,2.63
2023-09-01,11700,177462,1.47
2023-12-01,11700,180344,2.19
2024-03-01,11700,163017,
2024-06-01,11700,166992,-7.47
2024-09-01,11700,164611,-7.24
2024-12-01,11700,158713,-11.99
2025-03-01,11700,157365,
2025-06-01,11700,161857,-3.07
2016-03-01,12020,61212,
2016-06-01,12020,61896,
2016-09-01,12020,62292,
2016-12-01,12020,63703,
2017-03-01,12020,63757,
2017-06-01,12020,63938,3.3
2017-09-01,12020,64595,3.7
2017-12-01,12020,65731,3.18
2018-03-01,12020,65753,3.13
2018-06-01,12020,64991,1.65
2018-09-01,12020,66135,2.38
2018-12-01,12020,66325,0.9
2019-03-01,12020,65468,-0.43
2019-06-01,12020,66098,1.7
2019-09-01,12020,66818,1.03
2019-12-01,12020,67854,2.31
2020-03-01,12020,65679,
2020-06-01,12020,60237,-8.87
2020-09-01,12020,61677,-7.69
2020-12-01,12020,64348,-5.17
2021-03-01,12020,64662,
2021-06-01,12020,65237,8.3
2021-09-01,12020,66405,7.67
2021-12-01,12020,67868,5.47
2022-03-01,12020,65209,0.85
2022-06-01,12020,65497,0.4
2022-09-01,12020,67139,1.11
2022-12-01,12020,68197,0.48
2023-03-01,12020,68963,5.76
2023-06-01,12020,68890,5.18
2023-09-01,12020,71000,5.75
2023-12-01,12020,71316,4.57
2024-03-01,12020,70789,
2024-06-01,12020,70636,2.53
2024-09-01,12020,71293,0.41
2024-12-01,12020,72626,1.84
2025-03-01,12020,71491,
2025-06-01,12020,71385,1.06
2016-03-01,12060,2147436,
2016-06-01,12060,2187392,
2016-09-01,12060,2199231,
2016-12-01,12060,2237762,
2017-03-01,12060,2222887,
2017-06-01,12060,2257974,3.23
2017-09-01,12060,2256690,2.61
2017-12-01,12060,2300521,2.8
2018-03-01,12060,2281637,2.64
2018-06-01,12060,2308678,2.25
2018-09-01,12060,2312225,2.46
2018-12-01,12060,2343711,1.88
2019-03-01,12060,2352146,3.09
2019-06-01,12060,2379797,3.08
2019-09-01,12060,2374335,2.69
2019-12-01,12060,2415737,3.07
2020-03-01,12060,2362276,
2020-06-01,12060,2149483,-9.68
2020-09-01,12060,2204754,-7.14
2020-12-01,12060,2293279,-5.07
2021-03-01,12060,2278337,
2021-06-01,12060,2319139,7.89
2021-09-01,12060,2331766,5.76
2021-12-01,12060,2408750,5.04
2022-03-01,12060,2414518,5.98
2022-06-01,12060,2452121,5.73
2022-09-01,12060,2470648,5.96
2022-12-01,12060,2510812,4.24
2023-03-01,12060,2493606,3.28
2023-06-01,12060,2520059,2.77
2023-09-01,12060,2503930,1.35
2023-12-01,12060,2539699,1.15
2024-03-01,12060,2513321,
2024-06-01,12060,2548528,1.13
2024-09-01,12060,2524161,0.81
2024-12-01,12060,2556020,0.64
2025-03-01,12060,2513335,
2025-06-01,12060,2537351,-0.44
2016-03-01,12100,100035,
2016-06-01,12100,110922,
2016-09-01,12100,107295,
2016-12-01,12100,101531,
2017-03-01,12100,98913,
2017-06-01,12100,111612,0.62
2017-09-01,12100,105393,-1.77
2017-12-01,12100,101610,0.08
2018-03-01,12100,99037,0.13
2018-06-01,12100,115348,3.35
2018-09-01,12100,111475,5.77
2018-12-01,12100,107434,5.73
2019-03-01,12100,105199,6.22
2019-06-01,12100,116869,1.32
2019-09-01,12100,110143,-1.19
2019-12-01,12100,107055,-0.35
2020-03-01,12100,104771,
2020-06-01,12100,71444,-38.87
2020-09-01,12100,93651,-14.97
2020-12-01,12100,92272,-13.81
2021-03-01,12100,91145,
2021-06-01,12100,104252,45.92
2021-09-01,12100,101594,8.48
2021-12-01,12100,101305,9.79
2022-03-01,12100,99685,9.37
2022-06-01,12100,110331,5.83
2022-09-01,12100,106347,4.68
2022-12-01,12100,103085,1.76
2023-03-01,12100,101079,1.4
2023-06-01,12100,114121,3.44
2023-09-01,12100,106750,0.38
2023-12-01,12100,103246,0.16
2024-03-01,12100,128300,
2024-06-01,12100,158633,39
2024-09-01,12100,146451,37.19
2024-12-01,12100,134523,30.29
2025-03-01,12100,129211,
2025-06-01,12100,158225,-0.26
2016-03-01,12220,40897,
2016-06-01,12220,41601,
2016-09-01,12220,42733,
2016-12-01,12220,43393,
2017-03-01,12220,43513,
2017-06-01,12220,42840,2.98
2017-09-01,12220,43477,1.74
2017-12-01,12220,43097,-0.68
2018-03-01,12220,42854,-1.51
2018-06-01,12220,43424,1.36
2018-09-01,12220,44473,2.29
2018-12-01,12220,44316,2.83
2019-03-01,12220,44099,2.91
2019-06-01,12220,44018,1.37
2019-09-01,12220,45254,1.76
2019-12-01,12220,45410,2.47
2020-03-01,12220,44004,
2020-06-01,12220,39962,-9.21
2020-09-01,12220,42722,-5.6
2020-12-01,12220,43778,-3.59
2021-03-01,12220,43637,
2021-06-01,12220,43909,9.88
2021-09-01,12220,44979,5.28
2021-12-01,12220,46119,5.35
2022-03-01,12220,46154,5.77
2022-06-01,12220,46511,5.93
2022-09-01,12220,47912,6.52
2022-12-01,12220,47291,2.54
2023-03-01,12220,48324,4.7
2023-06-01,12220,49150,5.67
2023-09-01,12220,50414,5.22
2023-12-01,12220,49799,5.3
2024-03-01,12220,51924,
2024-06-01,12220,51406,4.59
2024-09-01,12220,52713,4.56
2024-12-01,12220,52924,6.28
2025-03-01,12220,52611,
2025-06-01,12220,52278,1.7
2016-03-01,12260,175457,
2016-06-01,12260,177825,
2016-09-01,12260,176947,
2016-12-01,12260,179122,
2017-03-01,12260,179580,
2017-06-01,12260,179916,1.18
2017-09-01,12260,179555,1.47
2017-12-01,12260,182804,2.06
2018-03-01,12260,183224,2.03
2018-06-01,12260,184495,2.55
2018-09-01,12260,182966,1.9
2018-12-01,12260,186918,2.25
2019-03-01,12260,187198,2.17
2019-06-01,12260,188876,2.37
2019-09-01,12260,188792,3.18
2019-12-01,12260,192381,2.92
2020-03-01,12260,189832,
2020-06-01,12260,176244,-6.69
2020-09-01,12260,179571,-4.88
2020-12-01,12260,184180,-4.26
2021-03-01,12260,182943,
2021-06-01,12260,183861,4.32
2021-09-01,12260,184072,2.51
2021-12-01,12260,188224,2.2
2022-03-01,12260,186105,1.73
2022-06-01,12260,188459,2.5
2022-09-01,12260,188576,2.45
2022-12-01,12260,190463,1.19
2023-03-01,12260,189369,1.75
2023-06-01,12260,189359,0.48
2023-09-01,12260,187102,-0.78
2023-12-01,12260,189066,-0.73
2024-03-01,12260,188381,
2024-06-01,12260,189532,0.09
2024-09-01,12260,188333,0.66
2024-12-01,12260,191371,1.22
2025-03-01,12260,190336,
2025-06-01,12260,190378,0.45
2016-03-01,12420,774119,
2016-06-01,12420,789087,
2016-09-01,12420,796214,
2016-12-01,12420,804516,
2017-03-01,12420,803588,
2017-06-01,12420,819392,3.84
2017-09-01,12420,822124,3.25
2017-12-01,12420,836596,3.99
2018-03-01,12420,836543,4.1
2018-06-01,12420,854253,4.25
2018-09-01,12420,855202,4.02
2018-12-01,12420,872128,4.25
2019-03-01,12420,873589,4.43
2019-06-01,12420,889031,4.07
2019-09-01,12420,893429,4.47
2019-12-01,12420,912209,4.6
2020-03-01,12420,898791,
2020-06-01,12420,833348,-6.26
2020-09-01,12420,852481,-4.58
2020-12-01,12420,887598,-2.7
2021-03-01,12420,894213,
2021-06-01,12420,933239,11.99
2021-09-01,12420,950798,11.53
2021-12-01,12420,990269,11.57
2022-03-01,12420,998874,11.7
2022-06-01,12420,1025511,9.89
2022-09-01,12420,1043232,9.72
2022-12-01,12420,1057349,6.77
2023-03-01,12420,1057043,5.82
2023-06-01,12420,1075747,4.9
2023-09-01,12420,1071391,2.7
2023-12-01,12420,1085925,2.7
2024-03-01,12420,1063071,
2024-06-01,12420,1078842,0.29
2024-09-01,12420,1074438,0.28
2024-12-01,12420,1089930,0.37
2025-03-01,12420,1088819,
2025-06-01,12420,1098795,1.85
2016-03-01,12540,232053,
2016-06-01,12540,254486,
2016-09-01,12540,262922,
2016-12-01,12540,245948,
2017-03-01,12540,234731,
2017-06-01,12540,258854,1.72
2017-09-01,12540,265811,1.1
2017-12-01,12540,248181,0.91
2018-03-01,12540,237046,0.99
2018-06-01,12540,262526,1.42
2018-09-01,12540,272676,2.58
2018-12-01,12540,259838,4.7
2019-03-01,12540,244527,3.16
2019-06-01,12540,270932,3.2
2019-09-01,12540,280061,2.71
2019-12-01,12540,263083,1.25
2020-03-01,12540,246263,
2020-06-01,12540,248690,-8.21
2020-09-01,12540,261703,-6.56
2020-12-01,12540,255520,-2.87
2021-03-01,12540,237670,
2021-06-01,12540,262778,5.66
2021-09-01,12540,273850,4.64
2021-12-01,12540,268762,5.18
2022-03-01,12540,256251,7.82
2022-06-01,12540,274309,4.39
2022-09-01,12540,287866,5.12
2022-12-01,12540,271362,0.97
2023-03-01,12540,255746,-0.2
2023-06-01,12540,278656,1.58
2023-09-01,12540,289725,0.65
2023-12-01,12540,271806,0.16
2024-03-01,12540,258570,
2024-06-01,12540,275196,-1.24
2024-09-01,12540,289549,-0.06
2024-12-01,12540,269964,-0.68
2025-03-01,12540,258055,
2025-06-01,12540,270259,-1.79
2016-03-01,12580,1071037,
2016-06-01,12580,1100375,
2016-09-01,12580,1101015,
2016-12-01,12580,1107174,
2017-03-01,12580,1083210,
2017-06-01,12580,1115862,1.41
2017-09-01,12580,1112960,1.08
2017-12-01,12580,1118923,1.06
2018-03-01,12580,1101473,1.69
2018-06-01,12580,1130850,1.34
2018-09-01,12580,1121935,0.81
2018-12-01,12580,1124204,0.47
2019-03-01,12580,1107478,0.55
2019-06-01,12580,1136080,0.46
2019-09-01,12580,1127270,0.48
2019-12-01,12580,1139090,1.32
2020-03-01,12580,1102914,
2020-06-01,12580,1001609,-11.84
2020-09-01,12580,1036202,-8.08
2020-12-01,12580,1053560,-7.51
2021-03-01,12580,1038332,
2021-06-01,12580,1065296,6.36
2021-09-01,12580,1071949,3.45
2021-12-01,12580,1098544,4.27
2022-03-01,12580,1068573,2.91
2022-06-01,12580,1092327,2.54
2022-09-01,12580,1092154,1.88
2022-12-01,12580,1090325,-0.75
2023-03-01,12580,1080996,1.16
2023-06-01,12580,1109931,1.61
2023-09-01,12580,1100262,0.74
2023-12-01,12580,1108290,1.65
2024-03-01,12580,1108362,
2024-06-01,12580,1130150,1.82
2024-09-01,12580,1119170,1.72
2024-12-01,12580,1124565,1.47
2025-03-01,12580,1107729,
2025-06-01,12580,1129477,-0.06
2016-03-01,12620,55688,
2016-06-01,12620,57988,
2016-09-01,12620,57815,
2016-12-01,12620,57736,
2017-03-01,12620,55696,
2017-06-01,12620,57639,-0.6
2017-09-01,12620,57655,-0.28
2017-12-01,12620,57864,0.22
2018-03-01,12620,56072,0.68
2018-06-01,12620,58459,1.42
2018-09-01,12620,58050,0.69
2018-12-01,12620,58135,0.47
2019-03-01,12620,56679,1.08
2019-06-01,12620,58751,0.5
2019-09-01,12620,59140,1.88
2019-12-01,12620,58502,0.63
2020-03-01,12620,56939,
2020-06-01,12620,53259,-9.35
2020-09-01,12620,55534,-6.1
2020-12-01,12620,55736,-4.73
2021-03-01,12620,54993,
2021-06-01,12620,56531,6.14
2021-09-01,12620,57544,3.62
2021-12-01,12620,57705,3.53
2022-03-01,12620,57051,3.74
2022-06-01,12620,58234,3.01
2022-09-01,12620,59242,2.95
2022-12-01,12620,59066,2.36
2023-03-01,12620,56728,-0.57
2023-06-01,12620,58281,0.08
2023-09-01,12620,59113,-0.22
2023-12-01,12620,58675,-0.66
2024-03-01,12620,58172,
2024-06-01,12620,60360,3.57
2024-09-01,12620,60331,2.06
2024-12-01,12620,59610,1.59
2025-03-01,12620,58403,
2025-06-01,12620,59155,-2
2016-03-01,12700,71133,
2016-06-01,12700,91192,
2016-09-01,12700,87068,
2016-12-01,12700,76478,
2017-03-01,12700,72069,
2017-06-01,12700,93593,2.63
2017-09-01,12700,87670,0.69
2017-12-01,12700,77284,1.05
2018-03-01,12700,72397,0.46
2018-06-01,12700,93213,-0.41
2018-09-01,12700,87571,-0.11
2018-12-01,12700,77310,0.03
2019-03-01,12700,72718,0.44
2019-06-01,12700,93173,-0.04
2019-09-01,12700,87894,0.37
2019-12-01,12700,77040,-0.35
2020-03-01,12700,71251,
2020-06-01,12700,71660,-23.09
2020-09-01,12700,78103,-11.14
2020-12-01,12700,70541,-8.44
2021-03-01,12700,67137,
2021-06-01,12700,85693,19.58
2021-09-01,12700,81993,4.98
2021-12-01,12700,74377,5.44
2022-03-01,12700,71055,5.84
2022-06-01,12700,89443,4.38
2022-09-01,12700,85321,4.06
2022-12-01,12700,75387,1.36
2023-03-01,12700,71924,1.22
2023-06-01,12700,92230,3.12
2023-09-01,12700,85848,0.62
2023-12-01,12700,76418,1.37
2024-03-01,12700,72332,
2024-06-01,12700,91556,-0.73
2024-09-01,12700,86260,0.48
2024-12-01,12700,76471,0.07
2025-03-01,12700,71951,
2025-06-01,12700,91103,-0.49
2016-03-01,12940,317657,
2016-06-01,12940,319324,
2016-09-01,12940,316291,
2016-12-01,12940,316521,
2017-03-01,12940,317864,
2017-06-01,12940,317326,-0.63
2017-09-01,12940,316048,-0.08
2017-12-01,12940,318390,0.59
2018-03-01,12940,320988,0.98
2018-06-01,12940,322051,1.49
2018-09-01,12940,320903,1.54
2018-12-01,12940,324711,1.99
2019-03-01,12940,322199,0.38
2019-06-01,12940,318825,-1
2019-09-01,12940,316498,-1.37
2019-12-01,12940,319035,-1.75
2020-03-01,12940,314176,
2020-06-01,12940,283270,-11.15
2020-09-01,12940,292996,-7.43
2020-12-01,12940,301965,-5.35
2021-03-01,12940,302015,
2021-06-01,12940,305344,7.79
2021-09-01,12940,306363,4.56
2021-12-01,12940,318738,5.55
2022-03-01,12940,316680,4.86
2022-06-01,12940,318619,4.35
2022-09-01,12940,322945,5.41
2022-12-01,12940,322993,1.33
2023-03-01,12940,324610,2.5
2023-06-01,12940,322833,1.32
2023-09-01,12940,327928,1.54
2023-12-01,12940,332175,2.84
2024-03-01,12940,335588,
2024-06-01,12940,332513,3
2024-09-01,12940,332101,1.27
2024-12-01,12940,331620,-0.17
2025-03-01,12940,333326,
2025-06-01,12940,329867,-0.8
2016-03-01,12980,45342,
2016-06-01,12980,47049,
2016-09-01,12980,46633,
2016-12-01,12980,46389,
2017-03-01,12980,45485,
2017-06-01,12980,46107,-2
2017-09-01,12980,45519,-2.39
2017-12-01,12980,44691,-3.66
2018-03-01,12980,43651,-4.03
2018-06-01,12980,45314,-1.72
2018-09-01,12980,44655,-1.9
2018-12-01,12980,44263,-0.96
2019-03-01,12980,43420,-0.53
2019-06-01,12980,44554,-1.68
2019-09-01,12980,44068,-1.31
2019-12-01,12980,43921,-0.77
2020-03-01,12980,43168,
2020-06-01,12980,39398,-11.57
2020-09-01,12980,40603,-7.86
2020-12-01,12980,40145,-8.6
2021-03-01,12980,40605,
2021-06-01,12980,41384,5.04
2021-09-01,12980,41388,1.93
2021-12-01,12980,42084,4.83
2022-03-01,12980,41510,2.23
2022-06-01,12980,42777,3.37
2022-09-01,12980,42774,3.35
2022-12-01,12980,42760,1.61
2023-03-01,12980,42610,2.65
2023-06-01,12980,43898,2.62
2023-09-01,12980,43091,0.74
2023-12-01,12980,43022,0.61
2024-03-01,12980,42815,
2024-06-01,12980,44213,0.72
2024-09-01,12980,43853,1.77
2024-12-01,12980,43431,0.95
2025-03-01,12980,43474,
2025-06-01,12980,45259,2.37
2016-03-01,13020,28849,
2016-06-01,13020,30111,
2016-09-01,13020,29850,
2016-12-01,13020,29289,
2017-03-01,13020,28320,
2017-06-01,13020,29133,-3.25
2017-09-01,13020,29215,-2.13
2017-12-01,13020,28628,-2.26
2018-03-01,13020,27955,-1.29
2018-06-01,13020,28997,-0.47
2018-09-01,13020,28603,-2.09
2018-12-01,13020,28175,-1.58
2019-03-01,13020,28311,1.27
2019-06-01,13020,29749,2.59
2019-09-01,13020,29391,2.75
2019-12-01,13020,28835,2.34
2020-03-01,13020,28449,
2020-06-01,13020,26472,-11.02
2020-09-01,13020,27503,-6.42
2020-12-01,13020,26336,-8.67
2021-03-01,13020,27053,
2021-06-01,13020,28775,8.7
2021-09-01,13020,28855,4.92
2021-12-01,13020,28443,8
2022-03-01,13020,28114,3.92
2022-06-01,13020,29485,2.47
2022-09-01,13020,29340,1.68
2022-12-01,13020,29039,2.1
2023-03-01,13020,28530,1.48
2023-06-01,13020,29882,1.35
2023-09-01,13020,29041,-1.02
2023-12-01,13020,28498,-1.86
2024-03-01,13020,28459,
2024-06-01,13020,29610,-0.91
2024-09-01,13020,29243,0.7
2024-12-01,13020,28784,1
2025-03-01,13020,28484,
2025-06-01,13020,29708,0.33
2016-03-01,13140,134987,
2016-06-01,13140,135489,
2016-09-01,13140,134949,
2016-12-01,13140,133188,
2017-03-01,13140,134888,
2017-06-01,13140,135257,-0.17
2017-09-01,13140,131409,-2.62
2017-12-01,13140,134340,0.86
2018-03-01,13140,134717,-0.13
2018-06-01,13140,136734,1.09
2018-09-01,13140,136771,4.08
2018-12-01,13140,136846,1.87
2019-03-01,13140,136311,1.18
2019-06-01,13140,135218,-1.11
2019-09-01,13140,135626,-0.84
2019-12-01,13140,136605,-0.18
2020-03-01,13140,134084,
2020-06-01,13140,122145,-9.67
2020-09-01,13140,122449,-9.72
2020-12-01,13140,124146,-9.12
2021-03-01,13140,123037,
2021-06-01,13140,122344,0.16
2021-09-01,13140,123465,0.83
2021-12-01,13140,126894,2.21
2022-03-01,13140,128078,4.1
2022-06-01,13140,128875,5.34
2022-09-01,13140,131457,6.47
2022-12-01,13140,132453,4.38
2023-03-01,13140,131240,2.47
2023-06-01,13140,131926,2.37
2023-09-01,13140,133466,1.53
2023-12-01,13140,133225,0.58
2024-03-01,13140,135832,
2024-06-01,13140,138132,4.7
2024-09-01,13140,138875,4.05
2024-12-01,13140,140081,5.15
2025-03-01,13140,140336,
2025-06-01,13140,139809,1.21
2016-03-01,13220,32384,
2016-06-01,13220,33912,
2016-09-01,13220,33471,
2016-12-01,13220,33033,
2017-03-01,13220,32390,
2017-06-01,13220,34040,0.38
2017-09-01,13220,33962,1.47
2017-12-01,13220,33834,2.42
2018-03-01,13220,32886,1.53
2018-06-01,13220,34417,1.11
2018-09-01,13220,34461,1.47
2018-12-01,13220,34138,0.9
2019-03-01,13220,33951,3.24
2019-06-01,13220,35615,3.48
2019-09-01,13220,34801,0.99
2019-12-01,13220,33682,-1.34
2020-03-01,13220,32531,
2020-06-01,13220,30843,-13.4
2020-09-01,13220,31495,-9.5
2020-12-01,13220,31493,-6.5
2021-03-01,13220,30535,
2021-06-01,13220,32233,4.51
2021-09-01,13220,32324,2.63
2021-12-01,13220,32047,1.76
2022-03-01,13220,31665,3.7
2022-06-01,13220,32630,1.23
2022-09-01,13220,33174,2.63
2022-12-01,13220,32774,2.27
2023-03-01,13220,33146,4.68
2023-06-01,13220,34397,5.42
2023-09-01,13220,34232,3.19
2023-12-01,13220,34461,5.15
2024-03-01,13220,33716,
2024-06-01,13220,35131,2.13
2024-09-01,13220,34977,2.18
2024-12-01,13220,34508,0.14
2025-03-01,13220,34201,
2025-06-01,13220,35263,0.38
2016-03-01,13380,71160,
2016-06-01,13380,73870,
2016-09-01,13380,74245,
2016-12-01,13380,73488,
2017-03-01,13380,73112,
2017-06-01,13380,75139,1.72
2017-09-01,13380,75832,2.14
2017-12-01,13380,74900,1.92
2018-03-01,13380,75073,2.68
2018-06-01,13380,77427,3.05
2018-09-01,13380,76763,1.23
2018-12-01,13380,76383,1.98
2019-03-01,13380,76370,1.73
2019-06-01,13380,77949,0.67
2019-09-01,13380,76834,0.09
2019-12-01,13380,76272,-0.15
2020-03-01,13380,76464,
2020-06-01,13380,68877,-11.64
2020-09-01,13380,71021,-7.57
2020-12-01,13380,70377,-7.73
2021-03-01,13380,71144,
2021-06-01,13380,73610,6.87
2021-09-01,13380,74965,5.55
2021-12-01,13380,75653,7.5
2022-03-01,13380,76437,7.44
2022-06-01,13380,77439,5.2
2022-09-01,13380,78912,5.27
2022-12-01,13380,77735,2.75
2023-03-01,13380,77234,1.04
2023-06-01,13380,79282,2.38
2023-09-01,13380,78330,-0.74
2023-12-01,13380,77544,-0.25
2024-03-01,13380,77100,
2024-06-01,13380,78309,-1.23
2024-09-01,13380,78508,0.23
2024-12-01,13380,77939,0.51
2025-03-01,13380,77564,
2025-06-01,13380,79998,2.16
2016-03-01,13460,64618,
2016-06-01,13460,68653,
2016-09-01,13460,69438,
2016-12-01,13460,68280,
2017-03-01,13460,67731,
2017-06-01,13460,72097,5.02
2017-09-01,13460,72411,4.28
2017-12-01,13460,71157,4.21
2018-03-01,13460,71639,5.77
2018-06-01,13460,75304,4.45
2018-09-01,13460,75444,4.19
2018-12-01,13460,74098,4.13
2019-03-01,13460,72861,1.71
2019-06-01,13460,77352,2.72
2019-09-01,13460,77263,2.41
2019-12-01,13460,76542,3.3
2020-03-01,13460,75715,
2020-06-01,13460,71074,-8.12
2020-09-01,13460,74322,-3.81
2020-12-01,13460,72636,-5.1
2021-03-01,13460,74532,
2021-06-01,13460,77709,9.34
2021-09-01,13460,78042,5.01
2021-12-01,13460,77370,6.52
2022-03-01,13460,77710,4.26
2022-06-01,13460,80271,3.3
2022-09-01,13460,80528,3.19
2022-12-01,13460,79199,2.36
2023-03-01,13460,79928,2.85
2023-06-01,13460,83908,4.53
2023-09-01,13460,84005,4.32
2023-12-01,13460,81759,3.23
2024-03-01,13460,92087,
2024-06-01,13460,96459,14.96
2024-09-01,13460,96192,14.51
2024-12-01,13460,93628,14.52
2025-03-01,13460,91573,
2025-06-01,13460,96279,-0.19
2016-03-01,13740,73174,
2016-06-01,13740,75851,
2016-09-01,13740,75559,
2016-12-01,13740,74142,
2017-03-01,13740,73528,
2017-06-01,13740,76247,0.52
2017-09-01,13740,75262,-0.39
2017-12-01,13740,74754,0.83
2018-03-01,13740,73344,-0.25
2018-06-01,13740,76309,0.08
2018-09-01,13740,75503,0.32
2018-12-01,13740,75793,1.39
2019-03-01,13740,73484,0.19
2019-06-01,13740,76384,0.1
2019-09-01,13740,75984,0.64
2019-12-01,13740,76103,0.41
2020-03-01,13740,74633,
2020-06-01,13740,73319,-4.01
2020-09-01,13740,74452,-2.02
2020-12-01,13740,75007,-1.44
2021-03-01,13740,74108,
2021-06-01,13740,77102,5.16
2021-09-01,13740,76436,2.66
2021-12-01,13740,76924,2.56
2022-03-01,13740,77196,4.17
2022-06-01,13740,80050,3.82
2022-09-01,13740,79616,4.16
2022-12-01,13740,79061,2.78
2023-03-01,13740,78806,2.09
2023-06-01,13740,81589,1.92
2023-09-01,13740,80228,0.77
2023-12-01,13740,80558,1.89
2024-03-01,13740,81974,
2024-06-01,13740,85472,4.76
2024-09-01,13740,84243,5
2024-12-01,13740,83333,3.44
2025-03-01,13740,82027,
2025-06-01,13740,85618,0.17
2016-03-01,13780,76675,
2016-06-01,13780,79631,
2016-09-01,13780,79718,
2016-12-01,13780,79231,
2017-03-01,13780,77126,
2017-06-01,13780,79807,0.22
2017-09-01,13780,79716,0
2017-12-01,13780,79340,0.14
2018-03-01,13780,77582,0.59
2018-06-01,13780,80467,0.83
2018-09-01,13780,80059,0.43
2018-12-01,13780,79650,0.39
2019-03-01,13780,77697,0.15
2019-06-01,13780,80195,-0.34
2019-09-01,13780,79164,-1.12
2019-12-01,13780,78418,-1.55
2020-03-01,13780,75137,
2020-06-01,13780,67953,-15.27
2020-09-01,13780,71499,-9.68
2020-12-01,13780,71370,-8.99
2021-03-01,13780,70085,
2021-06-01,13780,72470,6.65
2021-09-01,13780,72593,1.53
2021-12-01,13780,73778,3.37
2022-03-01,13780,71653,2.24
2022-06-01,13780,74189,2.37
2022-09-01,13780,74349,2.42
2022-12-01,13780,74045,0.36
2023-03-01,13780,73397,2.43
2023-06-01,13780,75737,2.09
2023-09-01,13780,75554,1.62
2023-12-01,13780,75545,2.03
2024-03-01,13780,75132,
2024-06-01,13780,77102,1.8
2024-09-01,13780,76597,1.38
2024-12-01,13780,75957,0.55
2025-03-01,13780,73886,
2025-06-01,13780,76361,-0.96
2016-03-01,13820,403277,
2016-06-01,13820,407976,
2016-09-01,13820,407702,
2016-12-01,13820,410343,
2017-03-01,13820,407224,
2017-06-01,13820,412756,1.17
2017-09-01,13820,412816,1.25
2017-12-01,13820,416565,1.52
2018-03-01,13820,414266,1.73
2018-06-01,13820,419301,1.59
2018-09-01,13820,417301,1.09
2018-12-01,13820,422544,1.44
2019-03-01,13820,418467,1.01
2019-06-01,13820,423567,1.02
2019-09-01,13820,420359,0.73
2019-12-01,13820,425121,0.61
2020-03-01,13820,415841,
2020-06-01,13820,390182,-7.88
2020-09-01,13820,394864,-6.07
2020-12-01,13820,405458,-4.63
2021-03-01,13820,405879,
2021-06-01,13820,411993,5.59
2021-09-01,13820,409889,3.81
2021-12-01,13820,421529,3.96
2022-03-01,13820,420493,3.6
2022-06-01,13820,423918,2.89
2022-09-01,13820,424778,3.63
2022-12-01,13820,429920,1.99
2023-03-01,13820,426498,1.43
2023-06-01,13820,431855,1.87
2023-09-01,13820,429911,1.21
2023-12-01,13820,435047,1.19
2024-03-01,13820,430621,
2024-06-01,13820,437081,1.21
2024-09-01,13820,430557,0.15
2024-12-01,13820,436626,0.36
2025-03-01,13820,427719,
2025-06-01,13820,431961,-1.17
2016-03-01,13900,55731,
2016-06-01,13900,57754,
2016-09-01,13900,57351,
2016-12-01,13900,56138,
2017-03-01,13900,54857,
2017-06-01,13900,57113,-1.11
2017-09-01,13900,56083,-2.21
2017-12-01,13900,55145,-1.77
2018-03-01,13900,53689,-2.13
2018-06-01,13900,55949,-2.04
2018-09-01,13900,55338,-1.33
2018-12-01,13900,54514,-1.14
2019-03-01,13900,53757,0.13
2019-06-01,13900,56526,1.03
2019-09-01,13900,55799,0.83
2019-12-01,13900,55215,1.29
2020-03-01,13900,53825,
2020-06-01,13900,52869,-6.47
2020-09-01,13900,53377,-4.34
2020-12-01,13900,53306,-3.46
2021-03-01,13900,53132,
2021-06-01,13900,55790,5.52
2021-09-01,13900,55393,3.78
2021-12-01,13900,55453,4.03
2022-03-01,13900,54741,3.03
2022-06-01,13900,57307,2.72
2022-09-01,13900,56825,2.59
2022-12-01,13900,56206,1.36
2023-03-01,13900,55449,1.29
2023-06-01,13900,58145,1.46
2023-09-01,13900,57190,0.64
2023-12-01,13900,56928,1.28
2024-03-01,13900,55882,
2024-06-01,13900,59034,1.53
2024-09-01,13900,58219,1.8
2024-12-01,13900,57391,0.81
2025-03-01,13900,56463,
2025-06-01,13900,59224,0.32
2016-03-01,13980,49485,
2016-06-01,13980,49582,
2016-09-01,13980,50423,
2016-12-01,13980,50197,
2017-03-01,13980,49554,
2017-06-01,13980,49633,0.1
2017-09-01,13980,50414,-0.02
2017-12-01,13980,50619,0.84
2018-03-01,13980,50521,1.95
2018-06-01,13980,50371,1.49
2018-09-01,13980,51213,1.58
2018-12-01,13980,51258,1.26
2019-03-01,13980,51225,1.39
2019-06-01,13980,50619,0.49
2019-09-01,13980,51747,1.04
2019-12-01,13980,51212,-0.09
2020-03-01,13980,49888,
2020-06-01,13980,44621,-11.85
2020-09-01,13980,47307,-8.58
2020-12-01,13980,49216,-3.9
2021-03-01,13980,49295,
2021-06-01,13980,47316,6.04
2021-09-01,13980,51338,8.52
2021-12-01,13980,51954,5.56
2022-03-01,13980,51957,5.4
2022-06-01,13980,52270,10.47
2022-09-01,13980,53157,3.54
2022-12-01,13980,52451,0.96
2023-03-01,13980,52806,1.63
2023-06-01,13980,52117,-0.29
2023-09-01,13980,55021,3.51
2023-12-01,13980,54925,4.72
2024-03-01,13980,53562,
2024-06-01,13980,52911,1.52
2024-09-01,13980,52962,-3.74
2024-12-01,13980,52855,-3.77
2025-03-01,13980,51668,
2025-06-01,13980,50031,-5.44
2016-03-01,14010,75389,
2016-06-01,14010,75968,
2016-09-01,14010,76558,
2016-12-01,14010,76089,
2017-03-01,14010,74942,
2017-06-01,14010,76065,0.13
2017-09-01,14010,76051,-0.66
2017-12-01,14010,75249,-1.1
2018-03-01,14010,74840,-0.14
2018-06-01,14010,75068,-1.31
2018-09-01,14010,74768,-1.69
2018-12-01,14010,74504,-0.99
2019-03-01,14010,72881,-2.62
2019-06-01,14010,74423,-0.86
2019-09-01,14010,73908,-1.15
2019-12-01,14010,74153,-0.47
2020-03-01,14010,72999,
2020-06-01,14010,68071,-8.53
2020-09-01,14010,70115,-5.13
2020-12-01,14010,69766,-5.92
2021-03-01,14010,69638,
2021-06-01,14010,71640,5.24
2021-09-01,14010,72859,3.91
2021-12-01,14010,74324,6.53
2022-03-01,14010,74771,7.37
2022-06-01,14010,76809,7.22
2022-09-01,14010,77831,6.82
2022-12-01,14010,78009,4.96
2023-03-01,14010,77907,4.19
2023-06-01,14010,78605,2.34
2023-09-01,14010,79822,2.56
2023-12-01,14010,81049,3.9
2024-03-01,14010,76653,
2024-06-01,14010,76589,-2.56
2024-09-01,14010,75306,-5.66
2024-12-01,14010,75073,-7.37
2025-03-01,14010,73035,
2025-06-01,14010,73769,-3.68
2016-03-01,14020,48780,
2016-06-01,14020,49570,
2016-09-01,14020,49973,
2016-12-01,14020,50058,
2017-03-01,14020,49531,
2017-06-01,14020,50389,1.65
2017-09-01,14020,50520,1.09
2017-12-01,14020,50605,1.09
2018-03-01,14020,50427,1.81
2018-06-01,14020,50703,0.62
2018-09-01,14020,50851,0.66
2018-12-01,14020,50957,0.7
2019-03-01,14020,50991,1.12
2019-06-01,14020,51668,1.9
2019-09-01,14020,52025,2.31
2019-12-01,14020,53008,4.02
2020-03-01,14020,52163,
2020-06-01,14020,48128,-6.85
2020-09-01,14020,49799,-4.28
2020-12-01,14020,50814,-4.14
2021-03-01,14020,50826,
2021-06-01,14020,52152,8.36
2021-09-01,14020,52504,5.43
2021-12-01,14020,54098,6.46
2022-03-01,14020,54484,7.2
2022-06-01,14020,54958,5.38
2022-09-01,14020,55731,6.15
2022-12-01,14020,55976,3.47
2023-03-01,14020,55501,1.87
2023-06-01,14020,54371,-1.07
2023-09-01,14020,55144,-1.05
2023-12-01,14020,55239,-1.32
2024-03-01,14020,54170,
2024-06-01,14020,53931,-0.81
2024-09-01,14020,55259,0.21
2024-12-01,14020,55288,0.09
2025-03-01,14020,54824,
2025-06-01,14020,54068,0.25
2016-03-01,14100,34810,
2016-06-01,14100,35135,
2016-09-01,14100,35611,
2016-12-01,14100,35143,
2017-03-01,14100,34912,
2017-06-01,14100,35745,1.74
2017-09-01,14100,35817,0.58
2017-12-01,14100,35333,0.54
2018-03-01,14100,34951,0.11
2018-06-01,14100,35690,-0.15
2018-09-01,14100,35709,-0.3
2018-12-01,14100,35522,0.53
2019-03-01,14100,35370,1.2
2019-06-01,14100,35936,0.69
2019-09-01,14100,35971,0.73
2019-12-01,14100,35688,0.47
2020-03-01,14100,35416,
2020-06-01,14100,33873,-5.74
2020-09-01,14100,34333,-4.55
2020-12-01,14100,33960,-4.84
2021-03-01,14100,34153,
2021-06-01,14100,34978,3.26
2021-09-01,14100,34846,1.49
2021-12-01,14100,35395,4.23
2022-03-01,14100,35106,2.79
2022-06-01,14100,35884,2.59
2022-09-01,14100,35842,2.86
2022-12-01,14100,35644,0.7
2023-03-01,14100,35981,2.49
2023-06-01,14100,36639,2.1
2023-09-01,14100,36545,1.96
2023-12-01,14100,36218,1.61
2016-03-01,14260,246825,
2016-06-01,14260,253647,
2016-09-01,14260,257071,
2016-12-01,14260,255422,
2017-03-01,14260,255856,
2017-06-01,14260,265107,4.52
2017-09-01,14260,266749,3.76
2017-12-01,14260,265707,4.03
2018-03-01,14260,269628,5.38
2018-06-01,14260,278821,5.17
2018-09-01,14260,280003,4.97
2018-12-01,14260,279657,5.25
2019-03-01,14260,281040,4.23
2019-06-01,14260,290054,4.03
2019-09-01,14260,290439,3.73
2019-12-01,14260,290937,4.03
2020-03-01,14260,291531,
2020-06-01,14260,284546,-1.9
2020-09-01,14260,289286,-0.4
2020-12-01,14260,295148,1.45
2021-03-01,14260,298752,
2021-06-01,14260,307984,8.24
2021-09-01,14260,309419,6.96
2021-12-01,14260,311499,5.54
2022-03-01,14260,316623,5.98
2022-06-01,14260,322426,4.69
2022-09-01,14260,324613,4.91
2022-12-01,14260,324351,4.13
2023-03-01,14260,320734,1.3
2023-06-01,14260,330220,2.42
2023-09-01,14260,328496,1.2
2023-12-01,14260,334615,3.16
2024-03-01,14260,328891,
2024-06-01,14260,339032,2.67
2024-09-01,14260,339032,3.21
2024-12-01,14260,338417,1.14
2025-03-01,14260,333954,
2025-06-01,14260,345856,2.01
2016-03-01,14460,2257129,
2016-06-01,14460,2334843,
2016-09-01,14460,2327123,
2016-12-01,14460,2339092,
2017-03-01,14460,2295847,
2017-06-01,14460,2384381,2.12
2017-09-01,14460,2360240,1.42
2017-12-01,14460,2374837,1.53
2018-03-01,14460,2337223,1.8
2018-06-01,14460,2419817,1.49
2018-09-01,14460,2387168,1.14
2018-12-01,14460,2408977,1.44
2019-03-01,14460,2379559,1.81
2019-06-01,14460,2464580,1.85
2019-09-01,14460,2432602,1.9
2019-12-01,14460,2451203,1.75
2020-03-01,14460,2380099,
2020-06-01,14460,2092944,-15.08
2020-09-01,14460,2194967,-9.77
2020-12-01,14460,2233550,-8.88
2021-03-01,14460,2215184,
2021-06-01,14460,2309114,10.33
2021-09-01,14460,2312404,5.35
2021-12-01,14460,2351903,5.3
2022-03-01,14460,2331198,5.24
2022-06-01,14460,2412700,4.49
2022-09-01,14460,2394568,3.55
2022-12-01,14460,2401513,2.11
2023-03-01,14460,2373854,1.83
2023-06-01,14460,2441642,1.2
2023-09-01,14460,2411753,0.72
2023-12-01,14460,2416974,0.64
2024-03-01,14460,2374472,
2024-06-01,14460,2441883,0.01
2024-09-01,14460,2403189,-0.36
2024-12-01,14460,2410427,-0.27
2025-03-01,14460,2357353,
2025-06-01,14460,2408659,-1.36
2016-03-01,14500,145169,
2016-06-01,14500,149341,
2016-09-01,14500,149089,
2016-12-01,14500,150288,
2017-03-01,14500,148118,
2017-06-01,14500,152154,1.88
2017-09-01,14500,151381,1.54
2017-12-01,14500,153424,2.09
2018-03-01,14500,151748,2.45
2018-06-01,14500,155738,2.36
2018-09-01,14500,155103,2.46
2018-12-01,14500,156503,2.01
2019-03-01,14500,155118,2.22
2019-06-01,14500,159361,2.33
2019-09-01,14500,158765,2.36
2019-12-01,14500,160562,2.59
2020-03-01,14500,157013,
2020-06-01,14500,146602,-8.01
2020-09-01,14500,149479,-5.85
2020-12-01,14500,150122,-6.5
2021-03-01,14500,152098,
2021-06-01,14500,159581,8.85
2021-09-01,14500,159464,6.68
2021-12-01,14500,162094,7.97
2022-03-01,14500,161144,5.95
2022-06-01,14500,166324,4.23
2022-09-01,14500,164059,2.88
2022-12-01,14500,165401,2.04
2023-03-01,14500,163958,1.75
2023-06-01,14500,167502,0.71
2023-09-01,14500,163478,-0.35
2023-12-01,14500,165883,0.29
2024-03-01,14500,161315,
2024-06-01,14500,164738,-1.65
2024-09-01,14500,162173,-0.8
2024-12-01,14500,162602,-1.98
2025-03-01,14500,158600,
2025-06-01,14500,159974,-2.89
2016-03-01,14540,59369,
2016-06-01,14540,61417,
2016-09-01,14540,62094,
2016-12-01,14540,62487,
2017-03-01,14540,61842,
2017-06-01,14540,63401,3.23
2017-09-01,14540,62654,0.9
2017-12-01,14540,62512,0.04
2018-03-01,14540,61657,-0.3
2018-06-01,14540,63536,0.21
2018-09-01,14540,63418,1.22
2018-12-01,14540,63744,1.97
2019-03-01,14540,62826,1.9
2019-06-01,14540,63797,0.41
2019-09-01,14540,64167,1.18
2019-12-01,14540,64303,0.88
2020-03-01,14540,62761,
2020-06-01,14540,57406,-10.02
2020-09-01,14540,60773,-5.29
2020-12-01,14540,61671,-4.09
2021-03-01,14540,61562,
2021-06-01,14540,62574,9
2021-09-01,14540,62517,2.87
2021-12-01,14540,64151,4.02
2022-03-01,14540,63305,2.83
2022-06-01,14540,65617,4.86
2022-09-01,14540,66592,6.52
2022-12-01,14540,66998,4.44
2023-03-01,14540,67152,6.08
2023-06-01,14540,68248,4.01
2023-09-01,14540,68790,3.3
2023-12-01,14540,68340,2
2024-03-01,14540,67858,
2024-06-01,14540,69947,2.49
2024-09-01,14540,69939,1.67
2024-12-01,14540,70208,2.73
2025-03-01,14540,69197,
2025-06-01,14540,69987,0.06
2024-03-01,14580,63481,
2024-06-01,14580,64862,
2024-09-01,14580,64608,
2024-12-01,14580,65339,
2025-03-01,14580,64686,
2025-06-01,14580,65992,1.74
2016-03-01,14740,53756,
2016-06-01,14740,54846,
2016-09-01,14740,54846,
2016-12-01,14740,54817,
2017-03-01,14740,53744,
2017-06-01,14740,56048,2.19
2017-09-01,14740,55909,1.94
2017-12-01,14740,55688,1.59
2018-03-01,14740,55949,4.1
2018-06-01,14740,57839,3.2
2018-09-01,14740,57990,3.72
2018-12-01,14740,58027,4.2
2019-03-01,14740,57303,2.42
2019-06-01,14740,58767,1.6
2019-09-01,14740,59011,1.76
2019-12-01,14740,58864,1.44
2020-03-01,14740,57579,
2020-06-01,14740,52763,-10.22
2020-09-01,14740,54170,-8.2
2020-12-01,14740,53674,-8.82
2021-03-01,14740,54199,
2021-06-01,14740,56681,7.43
2021-09-01,14740,56874,4.99
2021-12-01,14740,58200,8.43
2022-03-01,14740,58313,7.59
2022-06-01,14740,59208,4.46
2022-09-01,14740,59487,4.59
2022-12-01,14740,59854,2.84
2023-03-01,14740,58506,0.33
2023-06-01,14740,60191,1.66
2023-09-01,14740,59305,-0.31
2023-12-01,14740,59340,-0.86
2024-03-01,14740,58069,
2024-06-01,14740,59213,-1.62
2024-09-01,14740,59311,0.01
2024-12-01,14740,58887,-0.76
2025-03-01,14740,58134,
2025-06-01,14740,60527,2.22
2016-03-01,14860,372718,
2016-06-01,14860,385164,
2016-09-01,14860,378409,
2016-12-01,14860,380404,
2017-03-01,14860,368468,
2017-06-01,14860,382789,-0.62
2017-09-01,14860,375739,-0.71
2017-12-01,14860,379349,-0.28
2018-03-01,14860,369379,0.25
2018-06-01,14860,383667,0.23
2018-09-01,14860,376035,0.08
2018-12-01,14860,381289,0.51
2019-03-01,14860,366675,-0.73
2019-06-01,14860,379610,-1.06
2019-09-01,14860,372330,-0.99
2019-12-01,14860,376465,-1.27
2020-03-01,14860,360485,
2020-06-01,14860,325599,-14.23
2020-09-01,14860,340018,-8.68
2020-12-01,14860,347057,-7.81
2021-03-01,14860,340472,
2021-06-01,14860,358220,10.02
2021-09-01,14860,355582,4.58
2021-12-01,14860,364043,4.89
2022-03-01,14860,358126,5.19
2022-06-01,14860,373135,4.16
2022-09-01,14860,369351,3.87
2022-12-01,14860,372729,2.39
2023-03-01,14860,365471,2.05
2023-06-01,14860,380883,2.08
2023-09-01,14860,373534,1.13
2023-12-01,14860,377368,1.24
2024-03-01,14860,351522,
2024-06-01,14860,367534,-3.5
2024-09-01,14860,360637,-3.45
2024-12-01,14860,364869,-3.31
2025-03-01,14860,355335,
2025-06-01,14860,368098,0.15
2016-03-01,15180,107058,
2016-06-01,15180,108649,
2016-09-01,15180,108667,
2016-12-01,15180,109926,
2017-03-01,15180,108529,
2017-06-01,15180,109575,0.85
2017-09-01,15180,109016,0.32
2017-12-01,15180,110904,0.89
2018-03-01,15180,108919,0.36
2018-06-01,15180,110094,0.47
2018-09-01,15180,108983,-0.03
2018-12-01,15180,110683,-0.2
2019-03-01,15180,110847,1.77
2019-06-01,15180,112661,2.33
2019-09-01,15180,112332,3.07
2019-12-01,15180,114287,3.26
2020-03-01,15180,113735,
2020-06-01,15180,108633,-3.58
2020-09-01,15180,107597,-4.22
2020-12-01,15180,112275,-1.76
2021-03-01,15180,114647,
2021-06-01,15180,116834,7.55
2021-09-01,15180,117586,9.28
2021-12-01,15180,121411,8.14
2022-03-01,15180,120559,5.16
2022-06-01,15180,122402,4.77
2022-09-01,15180,124076,5.52
2022-12-01,15180,125282,3.19
2023-03-01,15180,126549,4.97
2023-06-01,15180,128654,5.11
2023-09-01,15180,128003,3.16
2023-12-01,15180,128988,2.96
2024-03-01,15180,128471,
2024-06-01,15180,129570,0.71
2024-09-01,15180,129192,0.93
2024-12-01,15180,129666,0.53
2025-03-01,15180,128662,
2025-06-01,15180,126283,-2.54
2016-03-01,15260,32488,
2016-06-01,15260,34107,
2016-09-01,15260,33562,
2016-12-01,15260,33411,
2017-03-01,15260,33401,
2017-06-01,15260,34476,1.08
2017-09-01,15260,32271,-3.85
2017-12-01,15260,33722,0.93
2018-03-01,15260,34348,2.84
2018-06-01,15260,35342,2.51
2018-09-01,15260,34694,7.51
2018-12-01,15260,34183,1.37
2019-03-01,15260,34016,-0.97
2019-06-01,15260,34997,-0.98
2019-09-01,15260,34297,-1.14
2019-12-01,15260,34616,1.27
2020-03-01,15260,33355,
2020-06-01,15260,31618,-9.66
2020-09-01,15260,31883,-7.04
2020-12-01,15260,32750,-5.39
2021-03-01,15260,32891,
2021-06-01,15260,33771,6.81
2021-09-01,15260,33513,5.11
2021-12-01,15260,34615,5.69
2022-03-01,15260,34492,4.87
2022-06-01,15260,35391,4.8
2022-09-01,15260,35730,6.62
2022-12-01,15260,36566,5.64
2023-03-01,15260,36357,5.41
2023-06-01,15260,37874,7.02
2023-09-01,15260,37098,3.83
2023-12-01,15260,37055,1.34
2024-03-01,15260,37622,
2024-06-01,15260,38904,2.72
2024-09-01,15260,38230,3.05
2024-12-01,15260,38135,2.91
2025-03-01,15260,37921,
2025-06-01,15260,39215,0.8
2016-03-01,15380,443597,
2016-06-01,15380,459081,
2016-09-01,15380,458807,
2016-12-01,15380,457534,
2017-03-01,15380,444566,
2017-06-01,15380,459610,0.12
2017-09-01,15380,460142,0.29
2017-12-01,15380,460551,0.66
2018-03-01,15380,448565,0.9
2018-06-01,15380,463373,0.82
2018-09-01,15380,463159,0.66
2018-12-01,15380,461373,0.18
2019-03-01,15380,452417,0.86
2019-06-01,15380,464313,0.2
2019-09-01,15380,461991,-0.25
2019-12-01,15380,460648,-0.16
2020-03-01,15380,446710,
2020-06-01,15380,387975,-16.44
2020-09-01,15380,414875,-10.2
2020-12-01,15380,408561,-11.31
2021-03-01,15380,408179,
2021-06-01,15380,424908,9.52
2021-09-01,15380,425903,2.66
2021-12-01,15380,434556,6.36
2022-03-01,15380,429278,5.17
2022-06-01,15380,441950,4.01
2022-09-01,15380,438694,3
2022-12-01,15380,440385,1.34
2023-03-01,15380,436017,1.57
2023-06-01,15380,451837,2.24
2023-09-01,15380,448769,2.3
2023-12-01,15380,447374,1.59
2024-03-01,15380,444853,
2024-06-01,15380,457729,1.3
2024-09-01,15380,451118,0.52
2024-12-01,15380,450092,0.61
2025-03-01,15380,441473,
2025-06-01,15380,457122,-0.13
2016-03-01,15500,51824,
2016-06-01,15500,52496,
2016-09-01,15500,53500,
2016-12-01,15500,54097,
2017-03-01,15500,52991,
2017-06-01,15500,52913,0.79
2017-09-01,15500,53360,-0.26
2017-12-01,15500,54616,0.96
2018-03-01,15500,54180,2.24
2018-06-01,15500,54108,2.26
2018-09-01,15500,54177,1.53
2018-12-01,15500,55046,0.79
2019-03-01,15500,55254,1.98
2019-06-01,15500,55359,2.31
2019-09-01,15500,55717,2.84
2019-12-01,15500,56401,2.46
2020-03-01,15500,55597,
2020-06-01,15500,51479,-7.01
2020-09-01,15500,53413,-4.14
2020-12-01,15500,54564,-3.26
2021-03-01,15500,55466,
2021-06-01,15500,56312,9.39
2021-09-01,15500,55966,4.78
2021-12-01,15500,56944,4.36
2022-03-01,15500,56709,2.24
2022-06-01,15500,56941,1.12
2022-09-01,15500,56731,1.37
2022-12-01,15500,57370,0.75
2023-03-01,15500,58641,3.41
2023-06-01,15500,60382,6.04
2023-09-01,15500,60259,6.22
2023-12-01,15500,61279,6.81
2024-03-01,15500,60575,
2024-06-01,15500,61052,1.11
2024-09-01,15500,60679,0.7
2024-12-01,15500,62359,1.76
2025-03-01,15500,60401,
2025-06-01,15500,59536,-2.48
2016-03-01,15540,96767,
2016-06-01,15540,101084,
2016-09-01,15540,100199,
2016-12-01,15540,99723,
2017-03-01,15540,96977,
2017-06-01,15540,101898,0.81
2017-09-01,15540,100785,0.58
2017-12-01,15540,100319,0.6
2018-03-01,15540,97567,0.61
2018-06-01,15540,101400,-0.49
2018-09-01,15540,101035,0.25
2018-12-01,15540,100870,0.55
2019-03-01,15540,98622,1.08
2019-06-01,15540,102481,1.07
2019-09-01,15540,101226,0.19
2019-12-01,15540,100989,0.12
2020-03-01,15540,96837,
2020-06-01,15540,88775,-13.37
2020-09-01,15540,93057,-8.07
2020-12-01,15540,92945,-7.97
2021-03-01,15540,92884,
2021-06-01,15540,97406,9.72
2021-09-01,15540,96611,3.82
2021-12-01,15540,97923,5.36
2022-03-01,15540,96465,3.86
2022-06-01,15540,100407,3.08
2022-09-01,15540,99324,2.81
2022-12-01,15540,99682,1.8
2023-03-01,15540,98964,2.59
2023-06-01,15540,102662,2.25
2023-09-01,15540,101491,2.18
2023-12-01,15540,101460,1.78
2024-03-01,15540,99560,
2024-06-01,15540,102404,-0.25
2024-09-01,15540,101952,0.45
2024-12-01,15540,100826,-0.62
2025-03-01,15540,98957,
2025-06-01,15540,101170,-1.21
2016-03-01,15680,28736,
2016-06-01,15680,29133,
2016-09-01,15680,28901,
2016-12-01,15680,29398,
2017-03-01,15680,29050,
2017-06-01,15680,29880,2.56
2017-09-01,15680,29626,2.51
2017-12-01,15680,30026,2.14
2018-03-01,15680,29671,2.14
2018-06-01,15680,30434,1.85
2018-09-01,15680,29895,0.91
2018-12-01,15680,30476,1.5
2019-03-01,15680,30058,1.3
2019-06-01,15680,30846,1.35
2019-09-01,15680,30519,2.09
2019-12-01,15680,31111,2.08
2020-03-01,15680,31263,
2020-06-01,15680,29976,-2.82
2020-09-01,15680,30358,-0.53
2020-12-01,15680,31066,-0.14
2021-03-01,15680,30521,
2021-06-01,15680,31418,4.81
2021-09-01,15680,31638,4.22
2021-12-01,15680,32019,3.07
2022-03-01,15680,30251,-0.88
2022-06-01,15680,30846,-1.82
2022-09-01,15680,30398,-3.92
2022-12-01,15680,30512,-4.71
2023-03-01,15680,31431,3.9
2023-06-01,15680,32266,4.6
2023-09-01,15680,32243,6.07
2023-12-01,15680,32783,7.44
2016-03-01,15940,142687,
2016-06-01,15940,146770,
2016-09-01,15940,146008,
2016-12-01,15940,145997,
2017-03-01,15940,143152,
2017-06-01,15940,147754,0.67
2017-09-01,15940,146542,0.37
2017-12-01,15940,147675,1.15
2018-03-01,15940,144083,0.65
2018-06-01,15940,148371,0.42
2018-09-01,15940,146706,0.11
2018-12-01,15940,146900,-0.52
2019-03-01,15940,143609,-0.33
2019-06-01,15940,147589,-0.53
2019-09-01,15940,146071,-0.43
2019-12-01,15940,145809,-0.74
2020-03-01,15940,142110,
2020-06-01,15940,134328,-8.99
2020-09-01,15940,136598,-6.49
2020-12-01,15940,138173,-5.24
2021-03-01,15940,136563,
2021-06-01,15940,141229,5.14
2021-09-01,15940,138989,1.75
2021-12-01,15940,141311,2.27
2022-03-01,15940,138766,1.61
2022-06-01,15940,143032,1.28
2022-09-01,15940,142194,2.31
2022-12-01,15940,143086,1.26
2023-03-01,15940,139586,0.59
2023-06-01,15940,144471,1.01
2023-09-01,15940,144465,1.6
2023-12-01,15940,145472,1.67
2024-03-01,15940,142825,
2024-06-01,15940,147816,2.32
2024-09-01,15940,146258,1.24
2024-12-01,15940,146887,0.97
2025-03-01,15940,143075,
2025-06-01,15940,146552,-0.86
2016-03-01,15980,212505,
2016-06-01,15980,207190,
2016-09-01,15980,206803,
2016-12-01,15980,218439,
2017-03-01,15980,217789,
2017-06-01,15980,211695,2.17
2017-09-01,15980,197581,-4.46
2017-12-01,15980,223923,2.51
2018-03-01,15980,223277,2.52
2018-06-01,15980,217181,2.59
2018-09-01,15980,216671,9.66
2018-12-01,15980,227793,1.73
2019-03-01,15980,230229,3.11
2019-06-01,15980,223405,2.87
2019-09-01,15980,221400,2.18
2019-12-01,15980,233649,2.57
2020-03-01,15980,231799,
2020-06-01,15980,210061,-5.97
2020-09-01,15980,210724,-4.82
2020-12-01,15980,224029,-4.12
2021-03-01,15980,228782,
2021-06-01,15980,228016,8.55
2021-09-01,15980,230612,9.44
2021-12-01,15980,243627,8.75
2022-03-01,15980,243844,6.58
2022-06-01,15980,241333,5.84
2022-09-01,15980,243344,5.52
2022-12-01,15980,245705,0.85
2023-03-01,15980,250050,2.55
2023-06-01,15980,246291,2.05
2023-09-01,15980,247400,1.67
2023-12-01,15980,255737,4.08
2024-03-01,15980,258194,
2024-06-01,15980,251852,2.26
2024-09-01,15980,249084,0.68
2024-12-01,15980,273716,7.03
2025-03-01,15980,277120,
2025-06-01,15980,268858,6.75
2016-03-01,16020,36935,
2016-06-01,16020,37252,
2016-09-01,16020,37170,
2016-12-01,16020,37619,
2017-03-01,16020,36738,
2017-06-01,16020,37092,-0.43
2017-09-01,16020,37369,0.54
2017-12-01,16020,37971,0.94
2018-03-01,16020,37375,1.73
2018-06-01,16020,37932,2.26
2018-09-01,16020,37921,1.48
2018-12-01,16020,38687,1.89
2019-03-01,16020,37722,0.93
2019-06-01,16020,38043,0.29
2019-09-01,16020,37873,-0.13
2019-12-01,16020,38268,-1.08
2020-03-01,16020,37617,
2020-06-01,16020,35832,-5.81
2020-09-01,16020,36360,-3.99
2020-12-01,16020,36771,-3.91
2021-03-01,16020,36351,
2021-06-01,16020,36801,2.7
2021-09-01,16020,36547,0.51
2021-12-01,16020,37245,1.29
2022-03-01,16020,36990,1.76
2022-06-01,16020,37403,1.64
2022-09-01,16020,37814,3.47
2022-12-01,16020,37816,1.53
2023-03-01,16020,37744,2.04
2023-06-01,16020,38028,1.67
2023-09-01,16020,38248,1.15
2023-12-01,16020,38475,1.74
2024-03-01,16020,37647,
2024-06-01,16020,37958,-0.18
2024-09-01,16020,37739,-1.33
2024-12-01,16020,38162,-0.81
2025-03-01,16020,37650,
2025-06-01,16020,38158,0.53
2016-03-01,16060,38936,
2016-06-01,16060,39636,
2016-09-01,16060,40076,
2016-12-01,16060,40046,
2017-03-01,16060,39421,
2017-06-01,16060,39931,0.74
2017-09-01,16060,40118,0.1
2017-12-01,16060,40441,0.99
2018-03-01,16060,38850,-1.45
2018-06-01,16060,39630,-0.75
2018-09-01,16060,40010,-0.27
2018-12-01,16060,40249,-0.47
2019-03-01,16060,39485,1.63
2019-06-01,16060,40151,1.31
2019-09-01,16060,39739,-0.68
2019-12-01,16060,40159,-0.22
2020-03-01,16060,38749,
2020-06-01,16060,36563,-8.94
2020-09-01,16060,37390,-5.91
2020-12-01,16060,37760,-5.97
2021-03-01,16060,37060,
2021-06-01,16060,37901,3.66
2021-09-01,16060,37570,0.48
2021-12-01,16060,38790,2.73
2022-03-01,16060,38104,2.82
2022-06-01,16060,39347,3.82
2022-09-01,16060,39123,4.13
2022-12-01,16060,39735,2.44
2023-03-01,16060,39526,3.73
2023-06-01,16060,39978,1.6
2023-09-01,16060,39763,1.64
2023-12-01,16060,39676,-0.15
2016-03-01,16180,18847,
2016-06-01,16180,19373,
2016-09-01,16180,19385,
2016-12-01,16180,19538,
2017-03-01,16180,19730,
2017-06-01,16180,20644,6.56
2017-09-01,16180,20712,6.85
2017-12-01,16180,20435,4.59
2018-03-01,16180,20230,2.53
2018-06-01,16180,20716,0.35
2018-09-01,16180,20703,-0.04
2018-12-01,16180,20575,0.69
2019-03-01,16180,20717,2.41
2019-06-01,16180,21405,3.33
2019-09-01,16180,21446,3.59
2019-12-01,16180,21270,3.38
2020-03-01,16180,21119,
2020-06-01,16180,20128,-5.97
2020-09-01,16180,20600,-3.94
2020-12-01,16180,20509,-3.58
2021-03-01,16180,20671,
2021-06-01,16180,21129,4.97
2021-09-01,16180,21367,3.72
2021-12-01,16180,21427,4.48
2022-03-01,16180,21239,2.75
2022-06-01,16180,21718,2.79
2022-09-01,16180,21704,1.58
2022-12-01,16180,21848,1.96
2023-03-01,16180,21721,2.27
2023-06-01,16180,22551,3.84
2023-09-01,16180,22639,4.31
2023-12-01,16180,22510,3.03
2024-03-01,16180,22128,
2024-06-01,16180,22781,1.02
2024-09-01,16180,22229,-1.81
2024-12-01,16180,22417,-0.41
2025-03-01,16180,22434,
2025-06-01,16180,22813,0.14
2016-03-01,16220,32925,
2016-06-01,16220,33018,
2016-09-01,16220,32272,
2016-12-01,16220,31759,
2017-03-01,16220,31716,
2017-06-01,16220,32881,-0.41
2017-09-01,16220,33085,2.52
2017-12-01,16220,32865,3.48
2018-03-01,16220,32224,1.6
2018-06-01,16220,33504,1.89
2018-09-01,16220,33289,0.62
2018-12-01,16220,33424,1.7
2019-03-01,16220,32865,1.99
2019-06-01,16220,34133,1.88
2019-09-01,16220,33939,1.95
2019-12-01,16220,33920,1.48
2020-03-01,16220,32815,
2020-06-01,16220,30295,-11.24
2020-09-01,16220,30459,-10.25
2020-12-01,16220,30509,-10.06
2021-03-01,16220,30146,
2021-06-01,16220,31766,4.86
2021-09-01,16220,31713,4.12
2021-12-01,16220,31774,4.15
2022-03-01,16220,31662,5.03
2022-06-01,16220,32922,3.64
2022-09-01,16220,33324,5.08
2022-12-01,16220,33128,4.26
2023-03-01,16220,32998,4.22
2023-06-01,16220,34510,4.82
2023-09-01,16220,34200,2.63
2023-12-01,16220,33790,2
2024-03-01,16220,33359,
2024-06-01,16220,34784,0.79
2024-09-01,16220,34658,1.34
2024-12-01,16220,34591,2.37
2025-03-01,16220,33831,
2025-06-01,16220,34862,0.22
2016-03-01,16300,123630,
2016-06-01,16300,126537,
2016-09-01,16300,126076,
2016-12-01,16300,125428,
2017-03-01,16300,123241,
2017-06-01,16300,127352,0.64
2017-09-01,16300,126162,0.07
2017-12-01,16300,126324,0.71
2018-03-01,16300,124272,0.84
2018-06-01,16300,128242,0.7
2018-09-01,16300,126788,0.5
2018-12-01,16300,127295,0.77
2019-03-01,16300,124712,0.35
2019-06-01,16300,128395,0.12
2019-09-01,16300,127590,0.63
2019-12-01,16300,127778,0.38
2020-03-01,16300,123698,
2020-06-01,16300,117810,-8.24
2020-09-01,16300,117934,-7.57
2020-12-01,16300,120183,-5.94
2021-03-01,16300,118166,
2021-06-01,16300,122269,3.78
2021-09-01,16300,120594,2.26
2021-12-01,16300,122345,1.8
2022-03-01,16300,120795,2.22
2022-06-01,16300,124931,2.18
2022-09-01,16300,123164,2.13
2022-12-01,16300,122523,0.15
2023-03-01,16300,120804,0.01
2023-06-01,16300,124903,-0.02
2023-09-01,16300,122711,-0.37
2023-12-01,16300,121928,-0.49
2024-03-01,16300,119847,
2024-06-01,16300,123498,-1.12
2024-09-01,16300,121921,-0.64
2024-12-01,16300,121274,-0.54
2025-03-01,16300,119834,
2025-06-01,16300,122585,-0.74
2016-03-01,16540,50594,
2016-06-01,16540,50511,
2016-09-01,16540,50345,
2016-12-01,16540,50855,
2017-03-01,16540,49444,
2017-06-01,16540,50719,0.41
2017-09-01,16540,51008,1.32
2017-12-01,16540,51752,1.76
2018-03-01,16540,51004,3.16
2018-06-01,16540,52096,2.71
2018-09-01,16540,52493,2.91
2018-12-01,16540,52922,2.26
2019-03-01,16540,51959,1.87
2019-06-01,16540,52569,0.91
2019-09-01,16540,52805,0.59
2019-12-01,16540,53038,0.22
2020-03-01,16540,51813,
2020-06-01,16540,47573,-9.5
2020-09-01,16540,49510,-6.24
2020-12-01,16540,50402,-4.97
2021-03-01,16540,49710,
2021-06-01,16540,50360,5.86
2021-09-01,16540,50692,2.39
2021-12-01,16540,51213,1.61
2022-03-01,16540,51612,3.83
2022-06-01,16540,52143,3.54
2022-09-01,16540,52504,3.57
2022-12-01,16540,52400,2.32
2023-03-01,16540,51417,-0.38
2023-06-01,16540,51682,-0.88
2023-09-01,16540,51956,-1.04
2023-12-01,16540,51750,-1.24
2024-03-01,16540,51757,
2024-06-01,16540,53170,2.88
2024-09-01,16540,53819,3.59
2024-12-01,16540,54563,5.44
2025-03-01,16540,53439,
2025-06-01,16540,53984,1.53
2016-03-01,16580,69631,
2016-06-01,16580,70502,
2016-09-01,16580,71266,
2016-12-01,16580,71059,
2017-03-01,16580,70112,
2017-06-01,16580,71227,1.03
2017-09-01,16580,72311,1.47
2017-12-01,16580,72137,1.52
2018-03-01,16580,71110,1.42
2018-06-01,16580,71862,0.89
2018-09-01,16580,72070,-0.33
2018-12-01,16580,72463,0.45
2019-03-01,16580,71731,0.87
2019-06-01,16580,73042,1.64
2019-09-01,16580,73144,1.49
2019-12-01,16580,73956,2.06
2020-03-01,16580,72154,
2020-06-01,16580,67526,-7.55
2020-09-01,16580,71173,-2.69
2020-12-01,16580,70090,-5.23
2021-03-01,16580,70803,
2021-06-01,16580,72316,7.09
2021-09-01,16580,72875,2.39
2021-12-01,16580,75111,7.16
2022-03-01,16580,74029,4.56
2022-06-01,16580,75393,4.25
2022-09-01,16580,76303,4.7
2022-12-01,16580,76693,2.11
2023-03-01,16580,76074,2.76
2023-06-01,16580,77887,3.31
2023-09-01,16580,79064,3.62
2023-12-01,16580,75505,-1.55
2024-03-01,16580,73908,
2024-06-01,16580,75331,-3.28
2024-09-01,16580,75736,-4.21
2024-12-01,16580,75810,0.4
2025-03-01,16580,74589,
2025-06-01,16580,74318,-1.34
2016-03-01,16620,84240,
2016-06-01,16620,84776,
2016-09-01,16620,84010,
2016-12-01,16620,83740,
2017-03-01,16620,82022,
2017-06-01,16620,83482,-1.53
2017-09-01,16620,83073,-1.12
2017-12-01,16620,82652,-1.3
2018-03-01,16620,81099,-1.13
2018-06-01,16620,82618,-1.03
2018-09-01,16620,81981,-1.31
2018-12-01,16620,81724,-1.12
2019-03-01,16620,79558,-1.9
2019-06-01,16620,80725,-2.29
2019-09-01,16620,80106,-2.29
2019-12-01,16620,79982,-2.13
2020-03-01,16620,77280,
2020-06-01,16620,71823,-11.03
2020-09-01,16620,72628,-9.34
2020-12-01,16620,73742,-7.8
2021-03-01,16620,74053,
2021-06-01,16620,75706,5.41
2021-09-01,16620,75219,3.57
2021-12-01,16620,76092,3.19
2022-03-01,16620,75387,1.8
2022-06-01,16620,76458,0.99
2022-09-01,16620,76591,1.82
2022-12-01,16620,77263,1.54
2023-03-01,16620,78935,4.71
2023-06-01,16620,80363,5.11
2023-09-01,16620,80068,4.54
2023-12-01,16620,81247,5.16
2024-03-01,16620,81244,
2024-06-01,16620,81955,1.98
2024-09-01,16620,81232,1.45
2024-12-01,16620,81574,0.4
2025-03-01,16620,79735,
2025-06-01,16620,80038,-2.34
2016-03-01,16700,256895,
2016-06-01,16700,266168,
2016-09-01,16700,264739,
2016-12-01,16700,266951,
2017-03-01,16700,266663,
2017-06-01,16700,273730,2.84
2017-09-01,16700,268320,1.35
2017-12-01,16700,273397,2.41
2018-03-01,16700,276196,3.57
2018-06-01,16700,285889,4.44
2018-09-01,16700,277946,3.59
2018-12-01,16700,285490,4.42
2019-03-01,16700,284945,3.17
2019-06-01,16700,291881,2.1
2019-09-01,16700,287847,3.56
2019-12-01,16700,291280,2.03
2020-03-01,16700,285053,
2020-06-01,16700,263431,-9.75
2020-09-01,16700,266321,-7.48
2020-12-01,16700,276651,-5.02
2021-03-01,16700,275169,
2021-06-01,16700,283587,7.65
2021-09-01,16700,282413,6.04
2021-12-01,16700,291607,5.41
2022-03-01,16700,292893,6.44
2022-06-01,16700,302465,6.66
2022-09-01,16700,305556,8.19
2022-12-01,16700,310134,6.35
2023-03-01,16700,308654,5.38
2023-06-01,16700,315604,4.34
2023-09-01,16700,315141,3.14
2023-12-01,16700,320280,3.27
2024-03-01,16700,317207,
2024-06-01,16700,324349,2.77
2024-09-01,16700,321102,1.89
2024-12-01,16700,324144,1.21
2025-03-01,16700,325353,
2025-06-01,16700,328537,1.29
2016-03-01,16740,967945,
2016-06-01,16740,986521,
2016-09-01,16740,989061,
2016-12-01,16740,1000737,
2017-03-01,16740,997992,
2017-06-01,16740,1019129,3.31
2017-09-01,16740,1015996,2.72
2017-12-01,16740,1029958,2.92
2018-03-01,16740,1023002,2.51
2018-06-01,16740,1045031,2.54
2018-09-01,16740,1042809,2.64
2018-12-01,16740,1057508,2.67
2019-03-01,16740,1053013,2.93
2019-06-01,16740,1071922,2.57
2019-09-01,16740,1068420,2.46
2019-12-01,16740,1084070,2.51
2020-03-01,16740,1074484,
2020-06-01,16740,1004123,-6.32
2020-09-01,16740,1024891,-4.07
2020-12-01,16740,1061690,-2.06
2021-03-01,16740,1054964,
2021-06-01,16740,1075457,7.1
2021-09-01,16740,1074248,4.82
2021-12-01,16740,1113482,4.88
2022-03-01,16740,1114655,5.66
2022-06-01,16740,1135100,5.55
2022-09-01,16740,1135535,5.71
2022-12-01,16740,1152448,3.5
2023-03-01,16740,1150808,3.24
2023-06-01,16740,1174264,3.45
2023-09-01,16740,1162847,2.41
2023-12-01,16740,1182404,2.6
2024-03-01,16740,1166259,
2024-06-01,16740,1185593,0.96
2024-09-01,16740,1176048,1.14
2024-12-01,16740,1192005,0.81
2025-03-01,16740,1173670,
2025-06-01,16740,1195896,0.87
2016-03-01,16820,74564,
2016-06-01,16820,76894,
2016-09-01,16820,76251,
2016-12-01,16820,76585,
2017-03-01,16820,76104,
2017-06-01,16820,78212,1.71
2017-09-01,16820,77607,1.78
2017-12-01,16820,78162,2.06
2018-03-01,16820,76916,1.07
2018-06-01,16820,79281,1.37
2018-09-01,16820,77441,-0.21
2018-12-01,16820,77893,-0.34
2019-03-01,16820,78075,1.51
2019-06-01,16820,79858,0.73
2019-09-01,16820,78484,1.35
2019-12-01,16820,79530,2.1
2020-03-01,16820,77074,
2020-06-01,16820,68229,-14.56
2020-09-01,16820,71173,-9.32
2020-12-01,16820,73016,-8.19
2021-03-01,16820,72250,
2021-06-01,16820,75199,10.22
2021-09-01,16820,75694,6.35
2021-12-01,16820,77305,5.87
2022-03-01,16820,76811,6.31
2022-06-01,16820,79281,5.43
2022-09-01,16820,78932,4.28
2022-12-01,16820,79408,2.72
2023-03-01,16820,78096,1.67
2023-06-01,16820,80468,1.5
2023-09-01,16820,80191,1.6
2023-12-01,16820,79865,0.58
2024-03-01,16820,77138,
2024-06-01,16820,79274,-1.48
2024-09-01,16820,78192,-2.49
2024-12-01,16820,78091,-2.22
2025-03-01,16820,76728,
2025-06-01,16820,78318,-1.21
2016-03-01,16860,199574,
2016-06-01,16860,203041,
2016-09-01,16860,203132,
2016-12-01,16860,204148,
2017-03-01,16860,204106,
2017-06-01,16860,208675,2.77
2017-09-01,16860,207409,2.11
2017-12-01,16860,209001,2.38
2018-03-01,16860,209346,2.57
2018-06-01,16860,213528,2.33
2018-09-01,16860,213715,3.04
2018-12-01,16860,215803,3.25
2019-03-01,16860,212671,1.59
2019-06-01,16860,215485,0.92
2019-09-01,16860,215237,0.71
2019-12-01,16860,218259,1.14
2020-03-01,16860,213475,
2020-06-01,16860,200226,-7.08
2020-09-01,16860,204526,-4.98
2020-12-01,16860,211809,-2.96
2021-03-01,16860,207952,
2021-06-01,16860,209875,4.82
2021-09-01,16860,211324,3.32
2021-12-01,16860,215194,1.6
2022-03-01,16860,216488,4.1
2022-06-01,16860,218908,4.3
2022-09-01,16860,222477,5.28
2022-12-01,16860,226043,5.04
2023-03-01,16860,225841,4.32
2023-06-01,16860,228299,4.29
2023-09-01,16860,234909,5.59
2023-12-01,16860,237742,5.18
2024-03-01,16860,236368,
2024-06-01,16860,240018,5.13
2024-09-01,16860,238898,1.7
2024-12-01,16860,237145,-0.25
2025-03-01,16860,235838,
2025-06-01,16860,236008,-1.67
2016-03-01,16940,31283,
2016-06-01,16940,32434,
2016-09-01,16940,31830,
2016-12-01,16940,31748,
2017-03-01,16940,31154,
2017-06-01,16940,32415,-0.06
2017-09-01,16940,32394,1.77
2017-12-01,16940,31878,0.41
2018-03-01,16940,31310,0.5
2018-06-01,16940,32807,1.21
2018-09-01,16940,32765,1.15
2018-12-01,16940,33123,3.91
2019-03-01,16940,32267,3.06
2019-06-01,16940,33592,2.39
2019-09-01,16940,33456,2.11
2019-12-01,16940,33504,1.15
2020-03-01,16940,32435,
2020-06-01,16940,31727,-5.55
2020-09-01,16940,32156,-3.89
2020-12-01,16940,32230,-3.8
2021-03-01,16940,31751,
2021-06-01,16940,33383,5.22
2021-09-01,16940,33680,4.74
2021-12-01,16940,33552,4.1
2022-03-01,16940,32402,2.05
2022-06-01,16940,33433,0.15
2022-09-01,16940,33436,-0.72
2022-12-01,16940,33302,-0.75
2023-03-01,16940,33193,2.44
2023-06-01,16940,34407,2.91
2023-09-01,16940,34254,2.45
2023-12-01,16940,34054,2.26
2024-03-01,16940,33520,
2024-06-01,16940,34725,0.92
2024-09-01,16940,34536,0.82
2024-12-01,16940,34454,1.17
2025-03-01,16940,34316,
2025-06-01,16940,35331,1.75
2016-12-01,16980,3970238,
2017-03-01,16980,3902046,
2017-06-01,16980,4023541,
2017-09-01,16980,3994074,
2017-12-01,16980,4021014,1.28
2018-03-01,16980,3943799,1.07
2018-06-01,16980,4056117,0.81
2018-09-01,16980,4027347,0.83
2018-12-01,16980,4045609,0.61
2019-03-01,16980,3959662,0.4
2019-06-01,16980,4085893,0.73
2019-09-01,16980,4044556,0.43
2019-12-01,16980,4067842,0.55
2020-03-01,16980,3929975,
2020-06-01,16980,3583529,-12.3
2020-09-01,16980,3693632,-8.68
2020-12-01,16980,3716286,-8.64
2021-03-01,16980,3691293,
2021-06-01,16980,3823245,6.69
2021-09-01,16980,3818063,3.37
2021-12-01,16980,3913553,5.31
2022-03-01,16980,3854281,4.42
2022-06-01,16980,3975956,3.99
2022-09-01,16980,3976450,4.15
2022-12-01,16980,3985379,1.84
2023-03-01,16980,3942647,2.29
2023-06-01,16980,4060553,2.13
2023-09-01,16980,4021813,1.14
2023-12-01,16980,4018067,0.82
2024-03-01,16980,3876652,
2024-06-01,16980,3981043,-1.96
2024-09-01,16980,3958583,-1.57
2024-12-01,16980,3955767,-1.55
2025-03-01,16980,3884536,
2025-06-01,16980,3990702,0.24
2016-03-01,17020,63734,
2016-06-01,17020,65036,
2016-09-01,17020,67703,
2016-12-01,17020,65976,
2017-03-01,17020,65870,
2017-06-01,17020,66629,2.45
2017-09-01,17020,69178,2.18
2017-12-01,17020,67704,2.62
2018-03-01,17020,67428,2.37
2018-06-01,17020,68096,2.2
2018-09-01,17020,70362,1.71
2018-12-01,17020,67213,-0.73
2019-03-01,17020,65309,-3.14
2019-06-01,17020,65616,-3.64
2019-09-01,17020,67842,-3.58
2019-12-01,17020,67105,-0.16
2020-03-01,17020,64652,
2020-06-01,17020,59427,-9.43
2020-09-01,17020,60394,-10.98
2020-12-01,17020,61170,-8.84
2021-03-01,17020,61231,
2021-06-01,17020,62496,5.16
2021-09-01,17020,64061,6.07
2021-12-01,17020,63429,3.69
2022-03-01,17020,63657,3.96
2022-06-01,17020,63142,1.03
2022-09-01,17020,64344,0.44
2022-12-01,17020,63388,-0.06
2023-03-01,17020,61704,-3.07
2023-06-01,17020,62485,-1.04
2023-09-01,17020,64545,0.31
2023-12-01,17020,63134,-0.4
2024-03-01,17020,62607,
2024-06-01,17020,62736,0.4
2024-09-01,17020,64467,-0.12
2024-12-01,17020,62835,-0.47
2025-03-01,17020,61527,
2025-06-01,17020,62034,-1.12
2016-03-01,17140,891116,
2016-06-01,17140,914776,
2016-09-01,17140,912550,
2016-12-01,17140,918369,
2017-03-01,17140,904484,
2017-06-01,17140,932444,1.93
2017-09-01,17140,924172,1.27
2017-12-01,17140,934322,1.74
2018-03-01,17140,917606,1.45
2018-06-01,17140,947431,1.61
2018-09-01,17140,941278,1.85
2018-12-01,17140,947888,1.45
2019-03-01,17140,929575,1.3
2019-06-01,17140,958283,1.15
2019-09-01,17140,949187,0.84
2019-12-01,17140,959809,1.26
2020-03-01,17140,933373,
2020-06-01,17140,874236,-8.77
2020-09-01,17140,891994,-6.03
2020-12-01,17140,908820,-5.31
2021-03-01,17140,903671,
2021-06-01,17140,930221,6.4
2021-09-01,17140,925245,3.73
2021-12-01,17140,944852,3.96
2022-03-01,17140,937548,3.75
2022-06-01,17140,959334,3.13
2022-09-01,17140,958152,3.56
2022-12-01,17140,964972,2.13
2023-03-01,17140,956634,2.04
2023-06-01,17140,978935,2.04
2023-09-01,17140,969306,1.16
2023-12-01,17140,972439,0.77
2024-03-01,17140,958325,
2024-06-01,17140,978432,-0.05
2024-09-01,17140,973421,0.42
2024-12-01,17140,978962,0.67
2025-03-01,17140,962077,
2025-06-01,17140,982826,0.45
2016-03-01,17300,66248,
2016-06-01,17300,67445,
2016-09-01,17300,67597,
2016-12-01,17300,68559,
2017-03-01,17300,67591,
2017-06-01,17300,68709,1.87
2017-09-01,17300,68800,1.78
2017-12-01,17300,69965,2.05
2018-03-01,17300,69887,3.4
2018-06-01,17300,70890,3.17
2018-09-01,17300,70867,3
2018-12-01,17300,71239,1.82
2019-03-01,17300,70852,1.38
2019-06-01,17300,72256,1.93
2019-09-01,17300,72508,2.32
2019-12-01,17300,73068,2.57
2020-03-01,17300,72280,
2020-06-01,17300,68452,-5.26
2020-09-01,17300,70602,-2.63
2020-12-01,17300,72201,-1.19
2021-03-01,17300,71271,
2021-06-01,17300,72136,5.38
2021-09-01,17300,72784,3.09
2021-12-01,17300,74457,3.12
2022-03-01,17300,74679,4.78
2022-06-01,17300,75313,4.4
2022-09-01,17300,76814,5.54
2022-12-01,17300,77596,4.22
2023-03-01,17300,77271,3.47
2023-06-01,17300,77988,3.55
2023-09-01,17300,78027,1.58
2023-12-01,17300,78250,0.84
2024-03-01,17300,80082,
2024-06-01,17300,81305,4.25
2024-09-01,17300,81994,5.08
2024-12-01,17300,81631,4.32
2025-03-01,17300,81342,
2025-06-01,17300,81664,0.44
2024-03-01,17410,887858,
2024-06-01,17410,912732,
2024-09-01,17410,899130,
2024-12-01,17410,900615,
2025-03-01,17410,874934,
2025-06-01,17410,901316,-1.25
2016-03-01,17420,35996,
2016-06-01,17420,36900,
2016-09-01,17420,39802,
2016-12-01,17420,43428,
2017-03-01,17420,37353,
2017-06-01,17420,38896,5.41
2017-09-01,17420,39133,-1.68
2017-12-01,17420,41668,-4.05
2018-03-01,17420,37828,1.27
2018-06-01,17420,38902,0.02
2018-09-01,17420,39232,0.25
2018-12-01,17420,40751,-2.2
2019-03-01,17420,38755,2.45
2019-06-01,17420,40674,4.56
2019-09-01,17420,41828,6.62
2019-12-01,17420,42879,5.22
2020-03-01,17420,39908,
2020-06-01,17420,42008,3.28
2020-09-01,17420,40468,-3.25
2020-12-01,17420,40680,-5.13
2021-03-01,17420,39535,
2021-06-01,17420,38677,-7.93
2021-09-01,17420,39491,-2.41
2021-12-01,17420,40016,-1.63
2022-03-01,17420,40263,1.84
2022-06-01,17420,40002,3.43
2022-09-01,17420,40199,1.79
2022-12-01,17420,39498,-1.29
2023-03-01,17420,39853,-1.02
2023-06-01,17420,40503,1.25
2023-09-01,17420,41325,2.8
2023-12-01,17420,40200,1.78
2024-03-01,17420,38179,
2024-06-01,17420,38247,-5.57
2024-09-01,17420,38397,-7.09
2024-12-01,17420,37696,-6.23
2025-03-01,17420,37365,
2025-06-01,17420,37310,-2.45
2016-03-01,17460,859722,
2016-06-01,17460,883844,
2016-09-01,17460,878297,
2016-12-01,17460,879552,
2017-03-01,17460,861125,
2017-06-01,17460,891852,0.91
2017-09-01,17460,881244,0.34
2017-12-01,17460,883530,0.45
2018-03-01,17460,868426,0.85
2018-06-01,17460,899004,0.8
2018-09-01,17460,888885,0.87
2018-12-01,17460,893218,1.1
2019-03-01,17460,877784,1.08
2019-06-01,17460,905746,0.75
2019-09-01,17460,895852,0.78
2019-12-01,17460,898783,0.62
2020-03-01,17460,869791,
2020-06-01,17460,816674,-9.83
2020-09-01,17460,825223,-7.88
2020-12-01,17460,838116,-6.75
2021-03-01,17460,825959,
2021-06-01,17460,853624,4.52
2021-09-01,17460,848153,2.78
2021-12-01,17460,859597,2.56
2022-03-01,17460,850938,3.02
2022-06-01,17460,874996,2.5
2022-09-01,17460,868257,2.37
2022-12-01,17460,872780,1.53
2023-03-01,17460,856995,0.71
2023-06-01,17460,885572,1.21
2023-09-01,17460,874020,0.66
2023-12-01,17460,876830,0.46
2016-03-01,17660,44319,
2016-06-01,17660,49108,
2016-09-01,17660,48723,
2016-12-01,17660,46845,
2017-03-01,17660,46440,
2017-06-01,17660,51272,4.41
2017-09-01,17660,50648,3.95
2017-12-01,17660,48941,4.47
2018-03-01,17660,48520,4.48
2018-06-01,17660,53162,3.69
2018-09-01,17660,52168,3
2018-12-01,17660,50265,2.71
2019-03-01,17660,49327,1.66
2019-06-01,17660,54862,3.2
2019-09-01,17660,53701,2.94
2019-12-01,17660,51984,3.42
2020-03-01,17660,50995,
2020-06-01,17660,53366,-2.73
2020-09-01,17660,54088,0.72
2020-12-01,17660,52249,0.51
2021-03-01,17660,52736,
2021-06-01,17660,56840,6.51
2021-09-01,17660,56212,3.93
2021-12-01,17660,54503,4.31
2022-03-01,17660,54701,3.73
2022-06-01,17660,58096,2.21
2022-09-01,17660,57830,2.88
2022-12-01,17660,55993,2.73
2023-03-01,17660,55677,1.78
2023-06-01,17660,61472,5.81
2023-09-01,17660,60017,3.78
2023-12-01,17660,57995,3.58
2024-03-01,17660,59731,
2024-06-01,17660,65164,6.01
2024-09-01,17660,64292,7.12
2024-12-01,17660,60884,4.98
2025-03-01,17660,59688,
2025-06-01,17660,66155,1.52
2016-03-01,17780,69599,
2016-06-01,17780,69565,
2016-09-01,17780,71377,
2016-12-01,17780,71804,
2017-03-01,17780,70995,
2017-06-01,17780,70595,1.48
2017-09-01,17780,73723,3.29
2017-12-01,17780,75080,4.56
2018-03-01,17780,74148,4.44
2018-06-01,17780,74127,5
2018-09-01,17780,77889,5.65
2018-12-01,17780,78266,4.24
2019-03-01,17780,76578,3.28
2019-06-01,17780,76111,2.68
2019-09-01,17780,78815,1.19
2019-12-01,17780,79907,2.1
2020-03-01,17780,77189,
2020-06-01,17780,70307,-7.63
2020-09-01,17780,73676,-6.52
2020-12-01,17780,76780,-3.91
2021-03-01,17780,75888,
2021-06-01,17780,75832,7.86
2021-09-01,17780,79199,7.5
2021-12-01,17780,83003,8.1
2022-03-01,17780,85037,12.06
2022-06-01,17780,83570,10.2
2022-09-01,17780,88180,11.34
2022-12-01,17780,89893,8.3
2023-03-01,17780,88904,4.55
2023-06-01,17780,86973,4.07
2023-09-01,17780,90255,2.35
2023-12-01,17780,90590,0.78
2024-03-01,17780,89621,
2024-06-01,17780,88742,2.03
2024-09-01,17780,91684,1.58
2024-12-01,17780,94054,3.82
2025-03-01,17780,91279,
2025-06-01,17780,89727,1.11
2016-03-01,17820,215426,
2016-06-01,17820,223065,
2016-09-01,17820,223962,
2016-12-01,17820,223712,
2017-03-01,17820,222874,
2017-06-01,17820,231005,3.56
2017-09-01,17820,229957,2.68
2017-12-01,17820,230476,3.02
2018-03-01,17820,227763,2.19
2018-06-01,17820,234488,1.51
2018-09-01,17820,233428,1.51
2018-12-01,17820,234538,1.76
2019-03-01,17820,231154,1.49
2019-06-01,17820,240013,2.36
2019-09-01,17820,239415,2.56
2019-12-01,17820,240052,2.35
2020-03-01,17820,236916,
2020-06-01,17820,225888,-5.89
2020-09-01,17820,232916,-2.71
2020-12-01,17820,231398,-3.61
2021-03-01,17820,233857,
2021-06-01,17820,243710,7.89
2021-09-01,17820,242767,4.23
2021-12-01,17820,247840,7.11
2022-03-01,17820,246077,5.23
2022-06-01,17820,252155,3.47
2022-09-01,17820,250064,3.01
2022-12-01,17820,252570,1.91
2023-03-01,17820,253101,2.85
2023-06-01,17820,262631,4.15
2023-09-01,17820,260309,4.1
2023-12-01,17820,262914,4.1
2024-03-01,17820,255091,
2024-06-01,17820,262563,-0.03
2024-09-01,17820,261127,0.31
2024-12-01,17820,260528,-0.91
2025-03-01,17820,256396,
2025-06-01,17820,261390,-0.45
2016-03-01,17860,65998,
2016-06-01,17860,65994,
2016-09-01,17860,67019,
2016-12-01,17860,66907,
2017-03-01,17860,66947,
2017-06-01,17860,67093,1.67
2017-09-01,17860,67696,1.01
2017-12-01,17860,67729,1.23
2018-03-01,17860,67110,0.24
2018-06-01,17860,66980,-0.17
2018-09-01,17860,67738,0.06
2018-12-01,17860,67464,-0.39
2019-03-01,17860,67056,-0.08
2019-06-01,17860,67116,0.2
2019-09-01,17860,67822,0.12
2019-12-01,17860,68470,1.49
2020-03-01,17860,67002,
2020-06-01,17860,62391,-7.04
2020-09-01,17860,64390,-5.06
2020-12-01,17860,66586,-2.75
2021-03-01,17860,67170,
2021-06-01,17860,67250,7.79
2021-09-01,17860,68656,6.63
2021-12-01,17860,69840,4.89
2022-03-01,17860,69616,3.64
2022-06-01,17860,69511,3.36
2022-09-01,17860,70920,3.3
2022-12-01,17860,71152,1.88
2023-03-01,17860,71466,2.66
2023-06-01,17860,70361,1.22
2023-09-01,17860,70904,-0.02
2023-12-01,17860,71276,0.17
2024-03-01,17860,75472,
2024-06-01,17860,75083,6.71
2024-09-01,17860,75984,7.16
2024-12-01,17860,76286,7.03
2025-03-01,17860,76955,
2025-06-01,17860,76008,1.23
2016-03-01,17900,285356,
2016-06-01,17900,289680,
2016-09-01,17900,291312,
2016-12-01,17900,295672,
2017-03-01,17900,290687,
2017-06-01,17900,293481,1.31
2017-09-01,17900,287406,-1.34
2017-12-01,17900,294666,-0.34
2018-03-01,17900,291244,0.19
2018-06-01,17900,296073,0.88
2018-09-01,17900,292376,1.73
2018-12-01,17900,296964,0.78
2019-03-01,17900,293865,0.9
2019-06-01,17900,298624,0.86
2019-09-01,17900,299158,2.32
2019-12-01,17900,304485,2.53
2020-03-01,17900,293927,
2020-06-01,17900,278943,-6.59
2020-09-01,17900,282023,-5.73
2020-12-01,17900,289272,-5
2021-03-01,17900,289230,
2021-06-01,17900,292123,4.72
2021-09-01,17900,291618,3.4
2021-12-01,17900,301160,4.11
2022-03-01,17900,301704,4.31
2022-06-01,17900,303838,4.01
2022-09-01,17900,306138,4.98
2022-12-01,17900,310016,2.94
2023-03-01,17900,306757,1.67
2023-06-01,17900,309405,1.83
2023-09-01,17900,310977,1.58
2023-12-01,17900,315700,1.83
2024-03-01,17900,311894,
2024-06-01,17900,314015,1.49
2024-09-01,17900,315743,1.53
2024-12-01,17900,320445,1.5
2025-03-01,17900,314868,
2025-06-01,17900,315156,0.36
2016-03-01,17980,91389,
2016-06-01,17980,90810,
2016-09-01,17980,90805,
2016-12-01,17980,92418,
2017-03-01,17980,91296,
2017-06-01,17980,91967,1.27
2017-09-01,17980,91854,1.16
2017-12-01,17980,93294,0.95
2018-03-01,17980,93181,2.06
2018-06-01,17980,94265,2.5
2018-09-01,17980,93370,1.65
2018-12-01,17980,94540,1.34
2019-03-01,17980,94147,1.04
2019-06-01,17980,94736,0.5
2019-09-01,17980,93634,0.28
2019-12-01,17980,95211,0.71
2020-03-01,17980,94206,
2020-06-01,17980,88141,-6.96
2020-09-01,17980,88837,-5.12
2020-12-01,17980,91900,-3.48
2021-03-01,17980,90523,
2021-06-01,17980,90394,2.56
2021-09-01,17980,90342,1.69
2021-12-01,17980,92644,0.81
2022-03-01,17980,89885,-0.7
2022-06-01,17980,91125,0.81
2022-09-01,17980,91694,1.5
2022-12-01,17980,91931,-0.77
2023-03-01,17980,92559,2.97
2023-06-01,17980,93237,2.32
2023-09-01,17980,93365,1.82
2023-12-01,17980,94122,2.38
2024-03-01,17980,92578,
2024-06-01,17980,93185,-0.06
2024-09-01,17980,92236,-1.21
2024-12-01,17980,93108,-1.08
2025-03-01,17980,92645,
2025-06-01,17980,93106,-0.08
2016-03-01,18020,44314,
2016-06-01,18020,44907,
2016-09-01,18020,44310,
2016-12-01,18020,44850,
2017-03-01,18020,44488,
2017-06-01,18020,44902,-0.01
2017-09-01,18020,44352,0.09
2017-12-01,18020,44954,0.23
2018-03-01,18020,44523,0.08
2018-06-01,18020,45797,1.99
2018-09-01,18020,45416,2.4
2018-12-01,18020,45606,1.45
2019-03-01,18020,44641,0.27
2019-06-01,18020,46150,0.77
2019-09-01,18020,45257,-0.35
2019-12-01,18020,45676,0.15
2020-03-01,18020,44843,
2020-06-01,18020,41026,-11.1
2020-09-01,18020,42039,-7.11
2020-12-01,18020,42799,-6.3
2021-03-01,18020,41917,
2021-06-01,18020,42676,4.02
2021-09-01,18020,42219,0.43
2021-12-01,18020,42849,0.12
2022-03-01,18020,43403,3.55
2022-06-01,18020,44565,4.43
2022-09-01,18020,44429,5.23
2022-12-01,18020,44657,4.22
2023-03-01,18020,44306,2.08
2023-06-01,18020,45040,1.07
2023-09-01,18020,44372,-0.13
2023-12-01,18020,44240,-0.93
2024-03-01,18020,44170,
2024-06-01,18020,44858,-0.4
2024-09-01,18020,44012,-0.81
2024-12-01,18020,43883,-0.81
2025-03-01,18020,43588,
2025-06-01,18020,43913,-2.11
2016-03-01,18140,826875,
2016-06-01,18140,850285,
2016-09-01,18140,852717,
2016-12-01,18140,866313,
2017-03-01,18140,843651,
2017-06-01,18140,870765,2.41
2017-09-01,18140,864194,1.35
2017-12-01,18140,877918,1.34
2018-03-01,18140,857660,1.66
2018-06-01,18140,884833,1.62
2018-09-01,18140,879156,1.73
2018-12-01,18140,888760,1.23
2019-03-01,18140,864440,0.79
2019-06-01,18140,889232,0.5
2019-09-01,18140,884206,0.57
2019-12-01,18140,902678,1.57
2020-03-01,18140,871681,
2020-06-01,18140,827374,-6.96
2020-09-01,18140,844072,-4.54
2020-12-01,18140,864934,-4.18
2021-03-01,18140,851238,
2021-06-01,18140,873084,5.52
2021-09-01,18140,872093,3.32
2021-12-01,18140,902304,4.32
2022-03-01,18140,886122,4.1
2022-06-01,18140,902189,3.33
2022-09-01,18140,897345,2.9
2022-12-01,18140,904021,0.19
2023-03-01,18140,895939,1.11
2023-06-01,18140,919323,1.9
2023-09-01,18140,913224,1.77
2023-12-01,18140,920140,1.78
2024-03-01,18140,902241,
2024-06-01,18140,925455,0.67
2024-09-01,18140,921857,0.95
2024-12-01,18140,933386,1.44
2025-03-01,18140,917251,
2025-06-01,18140,941539,1.74
2016-03-01,18580,152648,
2016-06-01,18580,155336,
2016-09-01,18580,155584,
2016-12-01,18580,154913,
2017-03-01,18580,155947,
2017-06-01,18580,156996,1.07
2017-09-01,18580,152178,-2.19
2017-12-01,18580,154663,-0.16
2018-03-01,18580,154682,-0.81
2018-06-01,18580,156925,-0.05
2018-09-01,18580,154498,1.52
2018-12-01,18580,156744,1.35
2019-03-01,18580,155137,0.29
2019-06-01,18580,157169,0.16
2019-09-01,18580,155138,0.41
2019-12-01,18580,155664,-0.69
2020-03-01,18580,152043,
2020-06-01,18580,143238,-8.86
2020-09-01,18580,141876,-8.55
2020-12-01,18580,144277,-7.32
2021-03-01,18580,145087,
2021-06-01,18580,147003,2.63
2021-09-01,18580,147485,3.95
2021-12-01,18580,149329,3.5
2022-03-01,18580,149586,3.1
2022-06-01,18580,151841,3.29
2022-09-01,18580,151694,2.85
2022-12-01,18580,153451,2.76
2023-03-01,18580,155572,4
2023-06-01,18580,159524,5.06
2023-09-01,18580,158766,4.66
2023-12-01,18580,160175,4.38
2024-03-01,18580,157224,
2024-06-01,18580,157902,-1.02
2024-09-01,18580,159441,0.43
2024-12-01,18580,161546,0.86
2025-03-01,18580,159314,
2025-06-01,18580,160438,1.61
2016-03-01,18700,26896,
2016-06-01,18700,27154,
2016-09-01,18700,27272,
2016-12-01,18700,27293,
2017-03-01,18700,27346,
2017-06-01,18700,28284,4.16
2017-09-01,18700,28319,3.84
2017-12-01,18700,28311,3.73
2018-03-01,18700,28193,3.1
2018-06-01,18700,28659,1.33
2018-09-01,18700,28627,1.09
2018-12-01,18700,28551,0.85
2019-03-01,18700,28453,0.92
2019-06-01,18700,28838,0.62
2019-09-01,18700,28592,-0.12
2019-12-01,18700,28821,0.95
2020-03-01,18700,28204,
2020-06-01,18700,25693,-10.91
2020-09-01,18700,26208,-8.34
2020-12-01,18700,26085,-9.49
2021-03-01,18700,26180,
2021-06-01,18700,27286,6.2
2021-09-01,18700,27530,5.04
2021-12-01,18700,27797,6.56
2022-03-01,18700,28082,7.27
2022-06-01,18700,28430,4.19
2022-09-01,18700,28541,3.67
2022-12-01,18700,28346,1.98
2023-03-01,18700,28860,2.77
2023-06-01,18700,29303,3.07
2023-09-01,18700,28888,1.22
2023-12-01,18700,28617,0.96
2024-03-01,18700,28509,
2024-06-01,18700,28705,-2.04
2024-09-01,18700,28416,-1.63
2024-12-01,18700,28359,-0.9
2025-03-01,18700,28259,
2025-06-01,18700,28669,-0.13
2016-03-01,18880,85698,
2016-06-01,18880,90693,
2016-09-01,18880,87148,
2016-12-01,18880,85152,
2017-03-01,18880,87610,
2017-06-01,18880,92551,2.05
2017-09-01,18880,88114,1.11
2017-12-01,18880,86848,1.99
2018-03-01,18880,90648,3.47
2018-06-01,18880,94293,1.88
2018-09-01,18880,90031,2.18
2018-12-01,18880,89056,2.54
2019-03-01,18880,92469,2.01
2019-06-01,18880,96539,2.38
2019-09-01,18880,92420,2.65
2019-12-01,18880,91419,2.65
2020-03-01,18880,93633,
2020-06-01,18880,92002,-4.7
2020-09-01,18880,90723,-1.84
2020-12-01,18880,92612,1.3
2021-03-01,18880,95155,
2021-06-01,18880,99128,7.75
2021-09-01,18880,95937,5.75
2021-12-01,18880,97383,5.15
2022-03-01,18880,99381,4.44
2022-06-01,18880,103052,3.96
2022-09-01,18880,101006,5.28
2022-12-01,18880,100314,3.01
2023-03-01,18880,102851,3.49
2023-06-01,18880,106341,3.19
2023-09-01,18880,103644,2.61
2023-12-01,18880,102043,1.72
2024-03-01,18880,103031,
2024-06-01,18880,105808,-0.5
2024-09-01,18880,102761,-0.85
2024-12-01,18880,100945,-1.08
2025-03-01,18880,102735,
2025-06-01,18880,106425,0.58
2016-03-01,19060,28913,
2016-06-01,19060,29838,
2016-09-01,19060,29879,
2016-12-01,19060,29642,
2017-03-01,19060,28855,
2017-06-01,19060,29381,-1.53
2017-09-01,19060,29645,-0.78
2017-12-01,19060,29704,0.21
2018-03-01,19060,29182,1.13
2018-06-01,19060,29658,0.94
2018-09-01,19060,29763,0.4
2018-12-01,19060,29634,-0.24
2019-03-01,19060,29586,1.38
2019-06-01,19060,29869,0.71
2019-09-01,19060,29046,-2.41
2019-12-01,19060,28752,-2.98
2020-03-01,19060,28052,
2020-06-01,19060,25487,-14.67
2020-09-01,19060,26821,-7.66
2020-12-01,19060,26762,-6.92
2021-03-01,19060,26596,
2021-06-01,19060,27445,7.68
2021-09-01,19060,27388,2.11
2021-12-01,19060,28128,5.1
2022-03-01,19060,27770,4.41
2022-06-01,19060,28486,3.79
2022-09-01,19060,28688,4.75
2022-12-01,19060,28324,0.7
2023-03-01,19060,27753,-0.06
2023-06-01,19060,28208,-0.98
2023-09-01,19060,27991,-2.43
2023-12-01,19060,27956,-1.3
2016-03-01,19100,2902491,
2016-06-01,19100,2960594,
2016-09-01,19100,2980305,
2016-12-01,19100,3023394,
2017-03-01,19100,2990401,
2017-06-01,19100,3047882,2.95
2017-09-01,19100,3054898,2.5
2017-12-01,19100,3101383,2.58
2018-03-01,19100,3063842,2.46
2018-06-01,19100,3125523,2.55
2018-09-01,19100,3124973,2.29
2018-12-01,19100,3177244,2.45
2019-03-01,19100,3139081,2.46
2019-06-01,19100,3200718,2.41
2019-09-01,19100,3214099,2.85
2019-12-01,19100,3278810,3.2
2020-03-01,19100,3199539,
2020-06-01,19100,3004758,-6.12
2020-09-01,19100,3052868,-5.02
2020-12-01,19100,3162900,-3.54
2021-03-01,19100,3146422,
2021-06-01,19100,3230201,7.5
2021-09-01,19100,3266972,7.01
2021-12-01,19100,3391030,7.21
2022-03-01,19100,3365048,6.95
2022-06-01,19100,3427208,6.1
2022-09-01,19100,3474390,6.35
2022-12-01,19100,3516150,3.69
2023-03-01,19100,3493397,3.81
2023-06-01,19100,3546451,3.48
2023-09-01,19100,3539911,1.89
2023-12-01,19100,3585721,1.98
2024-03-01,19100,3499325,
2024-06-01,19100,3549952,0.1
2024-09-01,19100,3544745,0.14
2024-12-01,19100,3597197,0.32
2025-03-01,19100,3545139,
2025-06-01,19100,3579335,0.83
2016-03-01,19140,60979,
2016-06-01,19140,60601,
2016-09-01,19140,60633,
2016-12-01,19140,58564,
2017-03-01,19140,58070,
2017-06-01,19140,58140,-4.06
2017-09-01,19140,57856,-4.58
2017-12-01,19140,58095,-0.8
2018-03-01,19140,57945,-0.22
2018-06-01,19140,59113,1.67
2018-09-01,19140,59506,2.85
2018-12-01,19140,59278,2.04
2019-03-01,19140,57796,-0.26
2019-06-01,19140,57798,-2.22
2019-09-01,19140,57460,-3.44
2019-12-01,19140,57354,-3.25
2020-03-01,19140,57417,
2020-06-01,19140,54143,-6.32
2020-09-01,19140,55171,-3.98
2020-12-01,19140,55917,-2.51
2021-03-01,19140,55610,
2021-06-01,19140,56410,4.19
2021-09-01,19140,56660,2.7
2021-12-01,19140,57860,3.47
2022-03-01,19140,57590,3.56
2022-06-01,19140,58128,3.05
2022-09-01,19140,57815,2.04
2022-12-01,19140,57808,-0.09
2023-03-01,19140,58468,1.52
2023-06-01,19140,58566,0.75
2023-09-01,19140,59283,2.54
2023-12-01,19140,59473,2.88
2024-03-01,19140,59391,
2024-06-01,19140,59017,0.77
2024-09-01,19140,59524,0.41
2024-12-01,19140,59552,0.13
2025-03-01,19140,57594,
2025-06-01,19140,57048,-3.34
2016-03-01,19180,21559,
2016-06-01,19180,21751,
2016-09-01,19180,21795,
2016-12-01,19180,21468,
2017-03-01,19180,21234,
2017-06-01,19180,21601,-0.69
2017-09-01,19180,21476,-1.46
2017-12-01,19180,21441,-0.13
2018-03-01,19180,21034,-0.94
2018-06-01,19180,21271,-1.53
2018-09-01,19180,20821,-3.05
2018-12-01,19180,20752,-3.21
2019-03-01,19180,20539,-2.35
2019-06-01,19180,21091,-0.85
2019-09-01,19180,20935,0.55
2019-12-01,19180,21061,1.49
2020-03-01,19180,20670,
2020-06-01,19180,19510,-7.5
2020-09-01,19180,19842,-5.22
2020-12-01,19180,19597,-6.95
2021-03-01,19180,19480,
2021-06-01,19180,19720,1.08
2021-09-01,19180,19405,-2.2
2021-12-01,19180,20121,2.67
2022-03-01,19180,19581,0.52
2022-06-01,19180,20350,3.19
2022-09-01,19180,19964,2.88
2022-12-01,19180,19978,-0.71
2023-03-01,19180,20182,3.07
2023-06-01,19180,20547,0.97
2023-09-01,19180,19886,-0.39
2023-12-01,19180,19992,0.07
2016-03-01,19300,59831,
2016-06-01,19300,64064,
2016-09-01,19300,61503,
2016-12-01,19300,59769,
2017-03-01,19300,61612,
2017-06-01,19300,65548,2.32
2017-09-01,19300,62819,2.14
2017-12-01,19300,61133,2.28
2018-03-01,19300,63401,2.9
2018-06-01,19300,67830,3.48
2018-09-01,19300,64529,2.72
2018-12-01,19300,63842,4.43
2019-03-01,19300,66073,4.21
2019-06-01,19300,69315,2.19
2019-09-01,19300,66032,2.33
2019-12-01,19300,65412,2.46
2020-03-01,19300,65979,
2020-06-01,19300,64567,-6.85
2020-09-01,19300,62763,-4.95
2020-12-01,19300,63888,-2.33
2021-03-01,19300,64311,
2021-06-01,19300,68356,5.87
2021-09-01,19300,66643,6.18
2021-12-01,19300,67518,5.68
2022-03-01,19300,68052,5.82
2022-06-01,19300,71550,4.67
2022-09-01,19300,69657,4.52
2022-12-01,19300,69682,3.21
2023-03-01,19300,70700,3.89
2023-06-01,19300,74701,4.4
2023-09-01,19300,72010,3.38
2023-12-01,19300,71622,2.78
2024-03-01,19300,73097,
2024-06-01,19300,75808,1.48
2024-09-01,19300,73466,2.02
2024-12-01,19300,73569,2.72
2025-03-01,19300,74762,
2025-06-01,19300,78062,2.97
2016-03-01,19340,152309,
2016-06-01,19340,155841,
2016-09-01,19340,156069,
2016-12-01,19340,155263,
2017-03-01,19340,153771,
2017-06-01,19340,158979,2.01
2017-09-01,19340,156874,0.52
2017-12-01,19340,157202,1.25
2018-03-01,19340,154079,0.2
2018-06-01,19340,159474,0.31
2018-09-01,19340,157595,0.46
2018-12-01,19340,157464,0.17
2019-03-01,19340,154122,0.03
2019-06-01,19340,159405,-0.04
2019-09-01,19340,157274,-0.2
2019-12-01,19340,156633,-0.53
2020-03-01,19340,152166,
2020-06-01,19340,142325,-10.71
2020-09-01,19340,145188,-7.68
2020-12-01,19340,146445,-6.5
2021-03-01,19340,145338,
2021-06-01,19340,150498,5.74
2021-09-01,19340,150085,3.37
2021-12-01,19340,152997,4.47
2022-03-01,19340,151150,4
2022-06-01,19340,154198,2.46
2022-09-01,19340,153068,1.99
2022-12-01,19340,154353,0.89
2023-03-01,19340,151894,0.49
2023-06-01,19340,155880,1.09
2023-09-01,19340,154303,0.81
2023-12-01,19340,155112,0.49
2024-03-01,19340,152236,
2024-06-01,19340,154844,-0.66
2024-09-01,19340,152564,-1.13
2024-12-01,19340,152406,-1.74
2025-03-01,19340,150088,
2025-06-01,19340,155877,0.67
2016-03-01,19380,304067,
2016-06-01,19380,306419,
2016-09-01,19380,307302,
2016-12-01,19380,310255,
2017-03-01,19380,305546,
2017-06-01,19380,312844,2.1
2017-09-01,19380,312005,1.53
2017-12-01,19380,314757,1.45
2018-03-01,19380,310047,1.47
2018-06-01,19380,314925,0.67
2018-09-01,19380,313268,0.4
2018-12-01,19380,316159,0.45
2019-03-01,19380,310670,0.2
2019-06-01,19380,316463,0.49
2019-09-01,19380,314461,0.38
2019-12-01,19380,317977,0.58
2020-03-01,19380,310745,
2020-06-01,19380,291875,-7.77
2020-09-01,19380,296888,-5.59
2020-12-01,19380,302426,-4.89
2021-03-01,19380,294938,
2021-06-01,19380,299896,2.75
2021-09-01,19380,298870,0.67
2021-12-01,19380,304960,0.84
2022-03-01,19380,302571,2.59
2022-06-01,19380,307056,2.39
2022-09-01,19380,306277,2.48
2022-12-01,19380,307757,0.92
2023-03-01,19380,305990,1.13
2023-06-01,19380,311105,1.32
2023-09-01,19380,309478,1.05
2023-12-01,19380,314210,2.1
2024-03-01,19430,309314,
2024-06-01,19430,314080,
2024-09-01,19430,311662,
2024-12-01,19430,313955,
2025-03-01,19430,310465,
2025-06-01,19430,317989,1.24
2016-03-01,19460,43238,
2016-06-01,19460,43500,
2016-09-01,19460,43389,
2016-12-01,19460,43900,
2017-03-01,19460,43716,
2017-06-01,19460,43878,0.87
2017-09-01,19460,43810,0.97
2017-12-01,19460,44440,1.23
2018-03-01,19460,44519,1.84
2018-06-01,19460,45254,3.14
2018-09-01,19460,45861,4.68
2018-12-01,19460,46054,3.63
2019-03-01,19460,46373,4.16
2019-06-01,19460,46536,2.83
2019-09-01,19460,46807,2.06
2019-12-01,19460,47551,3.25
2020-03-01,19460,47132,
2020-06-01,19460,45584,-2.05
2020-09-01,19460,45628,-2.52
2020-12-01,19460,46470,-2.27
2021-03-01,19460,45865,
2021-06-01,19460,46192,1.33
2021-09-01,19460,45942,0.69
2021-12-01,19460,47167,1.5
2022-03-01,19460,46630,1.67
2022-06-01,19460,47291,2.38
2022-09-01,19460,47549,3.5
2022-12-01,19460,48193,2.18
2023-03-01,19460,48111,3.18
2023-06-01,19460,48550,2.66
2023-09-01,19460,48597,2.2
2023-12-01,19460,49046,1.77
2024-03-01,19460,49176,
2024-06-01,19460,49746,2.46
2024-09-01,19460,49949,2.78
2024-12-01,19460,50666,3.3
2025-03-01,19460,50640,
2025-06-01,19460,51113,2.75
2016-03-01,19500,44027,
2016-06-01,19500,44209,
2016-09-01,19500,44414,
2016-12-01,19500,44113,
2017-03-01,19500,43733,
2017-06-01,19500,44446,0.54
2017-09-01,19500,44466,0.12
2017-12-01,19500,44391,0.63
2018-03-01,19500,43902,0.39
2018-06-01,19500,45003,1.25
2018-09-01,19500,44772,0.69
2018-12-01,19500,44289,-0.23
2019-03-01,19500,42356,-3.52
2019-06-01,19500,43720,-2.85
2019-09-01,19500,42921,-4.13
2019-12-01,19500,42775,-3.42
2020-03-01,19500,41657,
2020-06-01,19500,39065,-10.65
2020-09-01,19500,39937,-6.95
2020-12-01,19500,39420,-7.84
2021-03-01,19500,39062,
2021-06-01,19500,39835,1.97
2021-09-01,19500,40306,0.92
2021-12-01,19500,40238,2.08
2022-03-01,19500,39876,2.08
2022-06-01,19500,40632,2
2022-09-01,19500,41017,1.76
2022-12-01,19500,41018,1.94
2023-03-01,19500,41029,2.89
2023-06-01,19500,40576,-0.14
2023-09-01,19500,39985,-2.52
2023-12-01,19500,39677,-3.27
2024-03-01,19500,39574,
2024-06-01,19500,39843,-1.81
2024-09-01,19500,39659,-0.82
2024-12-01,19500,39801,0.31
2025-03-01,19500,39424,
2025-06-01,19500,39580,-0.66
2016-03-01,19660,166410,
2016-06-01,19660,167056,
2016-09-01,19660,168372,
2016-12-01,19660,170185,
2017-03-01,19660,171995,
2017-06-01,19660,170678,2.17
2017-09-01,19660,166230,-1.27
2017-12-01,19660,172426,1.32
2018-03-01,19660,174912,1.7
2018-06-01,19660,174186,2.06
2018-09-01,19660,173999,4.67
2018-12-01,19660,175806,1.96
2019-03-01,19660,176554,0.94
2019-06-01,19660,174922,0.42
2019-09-01,19660,173777,-0.13
2019-12-01,19660,176021,0.12
2020-03-01,19660,175439,
2020-06-01,19660,163440,-6.56
2020-09-01,19660,165900,-4.53
2020-12-01,19660,169205,-3.87
2021-03-01,19660,173980,
2021-06-01,19660,174847,6.98
2021-09-01,19660,176439,6.35
2021-12-01,19660,180716,6.8
2022-03-01,19660,182607,4.96
2022-06-01,19660,182854,4.58
2022-09-01,19660,185466,5.12
2022-12-01,19660,186172,3.02
2023-03-01,19660,188238,3.08
2023-06-01,19660,188430,3.05
2023-09-01,19660,188719,1.75
2023-12-01,19660,191096,2.64
2024-03-01,19660,193076,
2024-06-01,19660,191229,1.49
2024-09-01,19660,190868,1.14
2024-12-01,19660,192092,0.52
2025-03-01,19660,192526,
2025-06-01,19660,192655,0.75
2016-03-01,19740,1197843,
2016-06-01,19740,1231440,
2016-09-01,19740,1232683,
2016-12-01,19740,1237370,
2017-03-01,19740,1223436,
2017-06-01,19740,1260810,2.39
2017-09-01,19740,1256507,1.93
2017-12-01,19740,1271475,2.76
2018-03-01,19740,1260722,3.05
2018-06-01,19740,1297769,2.93
2018-09-01,19740,1288419,2.54
2018-12-01,19740,1300599,2.29
2019-03-01,19740,1283455,1.8
2019-06-01,19740,1326343,2.2
2019-09-01,19740,1321973,2.6
2019-12-01,19740,1334598,2.61
2020-03-01,19740,1307018,
2020-06-01,19740,1211543,-8.66
2020-09-01,19740,1236933,-6.43
2020-12-01,19740,1249330,-6.39
2021-03-01,19740,1257848,
2021-06-01,19740,1304780,7.7
2021-09-01,19740,1308478,5.78
2021-12-01,19740,1341616,7.39
2022-03-01,19740,1335018,6.14
2022-06-01,19740,1375398,5.41
2022-09-01,19740,1369429,4.66
2022-12-01,19740,1384564,3.2
2023-03-01,19740,1369065,2.55
2023-06-01,19740,1407339,2.32
2023-09-01,19740,1384402,1.09
2023-12-01,19740,1399240,1.06
2024-03-01,19740,1364255,
2024-06-01,19740,1399289,-0.57
2024-09-01,19740,1387338,0.21
2024-12-01,19740,1391373,-0.56
2025-03-01,19740,1364846,
2025-06-01,19740,1385740,-0.97
2016-03-01,19780,303559,
2016-06-01,19780,314123,
2016-09-01,19780,314188,
2016-12-01,19780,314481,
2017-03-01,19780,309420,
2017-06-01,19780,321676,2.4
2017-09-01,19780,317601,1.09
2017-12-01,19780,319316,1.54
2018-03-01,19780,313695,1.38
2018-06-01,19780,326442,1.48
2018-09-01,19780,321620,1.27
2018-12-01,19780,322811,1.09
2019-03-01,19780,314297,0.19
2019-06-01,19780,328199,0.54
2019-09-01,19780,323815,0.68
2019-12-01,19780,325900,0.96
2020-03-01,19780,316923,
2020-06-01,19780,303029,-7.67
2020-09-01,19780,306944,-5.21
2020-12-01,19780,313576,-3.78
2021-03-01,19780,309067,
2021-06-01,19780,320737,5.84
2021-09-01,19780,318571,3.79
2021-12-01,19780,323913,3.3
2022-03-01,19780,321135,3.9
2022-06-01,19780,333806,4.07
2022-09-01,19780,331870,4.17
2022-12-01,19780,334769,3.35
2023-03-01,19780,331174,3.13
2023-06-01,19780,344334,3.15
2023-09-01,19780,339524,2.31
2023-12-01,19780,342741,2.38
2024-03-01,19780,348710,
2024-06-01,19780,360751,4.77
2024-09-01,19780,351447,3.51
2024-12-01,19780,352535,2.86
2025-03-01,19780,346229,
2025-06-01,19780,357586,-0.88
2016-03-01,19820,1661065,
2016-06-01,19820,1721677,
2016-09-01,19820,1717096,
2016-12-01,19820,1723275,
2017-03-01,19820,1693826,
2017-06-01,19820,1750641,1.68
2017-09-01,19820,1731406,0.83
2017-12-01,19820,1736733,0.78
2018-03-01,19820,1712007,1.07
2018-06-01,19820,1763395,0.73
2018-09-01,19820,1744147,0.74
2018-12-01,19820,1757609,1.2
2019-03-01,19820,1726908,0.87
2019-06-01,19820,1784234,1.18
2019-09-01,19820,1766224,1.27
2019-12-01,19820,1781657,1.37
2020-03-01,19820,1723393,
2020-06-01,19820,1528284,-14.35
2020-09-01,19820,1609816,-8.86
2020-12-01,19820,1614496,-9.38
2021-03-01,19820,1619031,
2021-06-01,19820,1669653,9.25
2021-09-01,19820,1669434,3.7
2021-12-01,19820,1705484,5.64
2022-03-01,19820,1689997,4.38
2022-06-01,19820,1732594,3.77
2022-09-01,19820,1717015,2.85
2022-12-01,19820,1732602,1.59
2023-03-01,19820,1708628,1.1
2023-06-01,19820,1765949,1.93
2023-09-01,19820,1741975,1.45
2023-12-01,19820,1745983,0.77
2024-03-01,19820,1707222,
2024-06-01,19820,1758557,-0.42
2024-09-01,19820,1736671,-0.3
2024-12-01,19820,1732883,-0.75
2025-03-01,19820,1692159,
2025-06-01,19820,1741087,-0.99
2016-03-01,20020,44190,
2016-06-01,20020,44864,
2016-09-01,20020,44577,
2016-12-01,20020,45543,
2017-03-01,20020,45056,
2017-06-01,20020,45533,1.49
2017-09-01,20020,45362,1.76
2017-12-01,20020,46240,1.53
2018-03-01,20020,45649,1.32
2018-06-01,20020,46149,1.35
2018-09-01,20020,45910,1.21
2018-12-01,20020,46730,1.06
2019-03-01,20020,46713,2.33
2019-06-01,20020,46967,1.77
2019-09-01,20020,46937,2.24
2019-12-01,20020,47701,2.08
2020-03-01,20020,46505,
2020-06-01,20020,44654,-4.92
2020-09-01,20020,45152,-3.8
2020-12-01,20020,46710,-2.08
2021-03-01,20020,46067,
2021-06-01,20020,46215,3.5
2021-09-01,20020,46648,3.31
2021-12-01,20020,47546,1.79
2022-03-01,20020,47621,3.37
2022-06-01,20020,47897,3.64
2022-09-01,20020,48644,4.28
2022-12-01,20020,49208,3.5
2023-03-01,20020,49102,3.11
2023-06-01,20020,49469,3.28
2023-09-01,20020,49304,1.36
2023-12-01,20020,49802,1.21
2024-03-01,20020,49182,
2024-06-01,20020,49646,0.36
2024-09-01,20020,48990,-0.64
2024-12-01,20020,49674,-0.26
2025-03-01,20020,48584,
2025-06-01,20020,49685,0.08
2016-03-01,20220,52818,
2016-06-01,20220,53745,
2016-09-01,20220,53148,
2016-12-01,20220,53550,
2017-03-01,20220,52669,
2017-06-01,20220,53977,0.43
2017-09-01,20220,53380,0.44
2017-12-01,20220,53834,0.53
2018-03-01,20220,53083,0.79
2018-06-01,20220,55013,1.92
2018-09-01,20220,54230,1.59
2018-12-01,20220,54640,1.5
2019-03-01,20220,52967,-0.22
2019-06-01,20220,54796,-0.39
2019-09-01,20220,54333,0.19
2019-12-01,20220,54711,0.13
2020-03-01,20220,52793,
2020-06-01,20220,50416,-7.99
2020-09-01,20220,50985,-6.16
2020-12-01,20220,52072,-4.82
2021-03-01,20220,50648,
2021-06-01,20220,52571,4.27
2021-09-01,20220,51916,1.83
2021-12-01,20220,53222,2.21
2022-03-01,20220,52424,3.51
2022-06-01,20220,53829,2.39
2022-09-01,20220,53277,2.62
2022-12-01,20220,53884,1.24
2023-03-01,20220,53138,1.36
2023-06-01,20220,54422,1.1
2023-09-01,20220,53778,0.94
2023-12-01,20220,54599,1.33
2024-03-01,20220,52979,
2024-06-01,20220,54448,0.05
2024-09-01,20220,53573,-0.38
2024-12-01,20220,54029,-1.04
2025-03-01,20220,52470,
2025-06-01,20220,53664,-1.44
2016-03-01,20260,99905,
2016-06-01,20260,104677,
2016-09-01,20260,104703,
2016-12-01,20260,102229,
2017-03-01,20260,100675,
2017-06-01,20260,106418,1.66
2017-09-01,20260,105381,0.65
2017-12-01,20260,103138,0.89
2018-03-01,20260,101918,1.23
2018-06-01,20260,107283,0.81
2018-09-01,20260,105439,0.06
2018-12-01,20260,103686,0.53
2019-03-01,20260,101708,-0.21
2019-06-01,20260,106907,-0.35
2019-09-01,20260,105333,-0.1
2019-12-01,20260,103311,-0.36
2020-03-01,20260,100506,
2020-06-01,20260,92924,-13.08
2020-09-01,20260,97147,-7.77
2020-12-01,20260,93746,-9.26
2021-03-01,20260,95045,
2021-06-01,20260,100520,8.17
2021-09-01,20260,100571,3.52
2021-12-01,20260,99774,6.43
2022-03-01,20260,97555,2.64
2022-06-01,20260,102542,2.01
2022-09-01,20260,103401,2.81
2022-12-01,20260,100418,0.65
2023-03-01,20260,99360,1.85
2023-06-01,20260,104646,2.05
2023-09-01,20260,103012,-0.38
2023-12-01,20260,101384,0.96
2024-03-01,20260,100615,
2024-06-01,20260,105432,0.75
2024-09-01,20260,103580,0.55
2024-12-01,20260,101969,0.58
2025-03-01,20260,99391,
2025-06-01,20260,103406,-1.92
2016-03-01,20500,228041,
2016-06-01,20500,232137,
2016-09-01,20500,232013,
2016-12-01,20500,234908,
2017-03-01,20500,233269,
2017-06-01,20500,236128,1.72
2017-09-01,20500,234160,0.93
2017-12-01,20500,238323,1.45
2018-03-01,20500,237867,1.97
2018-06-01,20500,241651,2.34
2018-09-01,20500,240017,2.5
2018-12-01,20500,244355,2.53
2019-03-01,20500,244614,2.84
2019-06-01,20500,248552,2.86
2019-09-01,20500,247963,3.31
2019-12-01,20500,250347,2.45
2020-03-01,20500,253684,
2020-06-01,20500,238296,-4.13
2020-09-01,20500,244473,-1.41
2020-12-01,20500,249751,-0.24
2021-03-01,20500,253156,
2021-06-01,20500,258157,8.33
2021-09-01,20500,259524,6.16
2021-12-01,20500,266542,6.72
2022-03-01,20500,264925,4.65
2022-06-01,20500,268909,4.16
2022-09-01,20500,269806,3.96
2022-12-01,20500,272043,2.06
2023-03-01,20500,272364,2.81
2023-06-01,20500,276545,2.84
2023-09-01,20500,275164,1.99
2023-12-01,20500,278885,2.52
2024-03-01,20500,276774,
2024-06-01,20500,280188,1.32
2024-09-01,20500,276967,0.66
2024-12-01,20500,278435,-0.16
2025-03-01,20500,277589,
2025-06-01,20500,279553,-0.23
2024-03-01,20580,11825,
2024-06-01,20580,12031,
2024-09-01,20580,12141,
2024-12-01,20580,12196,
2025-03-01,20580,12227,
2025-06-01,20580,12167,1.13
2016-03-01,20700,44139,
2016-06-01,20700,45966,
2016-09-01,20700,45033,
2016-12-01,20700,45388,
2017-03-01,20700,44983,
2017-06-01,20700,47079,2.42
2017-09-01,20700,46114,2.4
2017-12-01,20700,45951,1.24
2018-03-01,20700,44962,-0.05
2018-06-01,20700,47177,0.21
2018-09-01,20700,46145,0.07
2018-12-01,20700,46094,0.31
2019-03-01,20700,45576,1.37
2019-06-01,20700,47743,1.2
2019-09-01,20700,46260,0.25
2019-12-01,20700,46679,1.27
2020-03-01,20700,45123,
2020-06-01,20700,37895,-20.63
2020-09-01,20700,42587,-7.94
2020-12-01,20700,42646,-8.64
2021-03-01,20700,42886,
2021-06-01,20700,44800,18.22
2021-09-01,20700,43953,3.21
2021-12-01,20700,44684,4.78
2022-03-01,20700,44172,3
2022-06-01,20700,46525,3.85
2022-09-01,20700,45676,3.92
2022-12-01,20700,45768,2.43
2023-03-01,20700,45048,1.98
2023-06-01,20700,47449,1.99
2023-09-01,20700,46761,2.38
2023-12-01,20700,46569,1.75
2016-03-01,20740,69557,
2016-06-01,20740,71809,
2016-09-01,20740,72046,
2016-12-01,20740,71547,
2017-03-01,20740,70878,
2017-06-01,20740,72848,1.45
2017-09-01,20740,72390,0.48
2017-12-01,20740,72781,1.72
2018-03-01,20740,71642,1.08
2018-06-01,20740,73670,1.13
2018-09-01,20740,72903,0.71
2018-12-01,20740,73338,0.77
2019-03-01,20740,71726,0.12
2019-06-01,20740,73663,-0.01
2019-09-01,20740,73506,0.83
2019-12-01,20740,73546,0.28
2020-03-01,20740,71878,
2020-06-01,20740,67910,-7.81
2020-09-01,20740,69882,-4.93
2020-12-01,20740,69777,-5.12
2021-03-01,20740,69613,
2021-06-01,20740,71887,5.86
2021-09-01,20740,71863,2.83
2021-12-01,20740,72474,3.87
2022-03-01,20740,71546,2.78
2022-06-01,20740,74152,3.15
2022-09-01,20740,73814,2.71
2022-12-01,20740,73621,1.58
2023-03-01,20740,72799,1.75
2023-06-01,20740,74984,1.12
2023-09-01,20740,74143,0.45
2023-12-01,20740,74157,0.73
2024-03-01,20740,73965,
2024-06-01,20740,75182,0.26
2024-09-01,20740,74964,1.11
2024-12-01,20740,74422,0.36
2025-03-01,20740,73917,
2025-06-01,20740,76424,1.65
2016-03-01,20940,44176,
2016-06-01,20940,42847,
2016-09-01,20940,43901,
2016-12-01,20940,47011,
2017-03-01,20940,43550,
2017-06-01,20940,45571,6.36
2017-09-01,20940,42825,-2.45
2017-12-01,20940,46295,-1.52
2018-03-01,20940,44525,2.24
2018-06-01,20940,46171,1.32
2018-09-01,20940,42357,-1.09
2018-12-01,20940,45168,-2.43
2019-03-01,20940,44946,0.95
2019-06-01,20940,46036,-0.29
2019-09-01,20940,43764,3.32
2019-12-01,20940,46002,1.85
2020-03-01,20940,44558,
2020-06-01,20940,41949,-8.88
2020-09-01,20940,40684,-7.04
2020-12-01,20940,43952,-4.46
2021-03-01,20940,44862,
2021-06-01,20940,45337,8.08
2021-09-01,20940,43698,7.41
2021-12-01,20940,47457,7.97
2022-03-01,20940,45844,2.19
2022-06-01,20940,46872,3.39
2022-09-01,20940,45755,4.71
2022-12-01,20940,45574,-3.97
2023-03-01,20940,44257,-3.46
2023-06-01,20940,48004,2.42
2023-09-01,20940,46064,0.68
2023-12-01,20940,45848,0.6
2024-03-01,20940,46660,
2024-06-01,20940,48531,1.1
2024-09-01,20940,45407,-1.43
2024-12-01,20940,46576,1.59
2025-03-01,20940,47522,
2025-06-01,20940,47608,-1.9
2016-03-01,21060,39957,
2016-06-01,21060,40741,
2016-09-01,21060,40580,
2016-12-01,21060,39976,
2017-03-01,21060,39078,
2017-06-01,21060,40501,-0.59
2017-09-01,21060,39504,-2.65
2017-12-01,21060,40302,0.82
2018-03-01,21060,39498,1.07
2018-06-01,21060,40243,-0.64
2018-09-01,21060,39839,0.85
2018-12-01,21060,40453,0.37
2019-03-01,21060,39932,1.1
2019-06-01,21060,40418,0.43
2019-09-01,21060,39930,0.23
2019-12-01,21060,40091,-0.89
2020-03-01,21060,39387,
2020-06-01,21060,36168,-10.52
2020-09-01,21060,37486,-6.12
2020-12-01,21060,39006,-2.71
2021-03-01,21060,39588,
2021-06-01,21060,40579,12.2
2021-09-01,21060,39520,5.43
2021-12-01,21060,40630,4.16
2022-03-01,21060,40741,2.91
2022-06-01,21060,41190,1.51
2022-09-01,21060,41364,4.67
2022-12-01,21060,41754,2.77
2023-03-01,21060,42673,4.74
2023-06-01,21060,43563,5.76
2023-09-01,21060,43626,5.47
2023-12-01,21060,45234,8.33
2024-03-01,21060,40554,
2024-06-01,21060,40583,-6.84
2024-09-01,21060,40432,-7.32
2024-12-01,21060,40850,-9.69
2025-03-01,21060,40361,
2025-06-01,21060,41023,1.08
2016-03-01,21140,117019,
2016-06-01,21140,120239,
2016-09-01,21140,119482,
2016-12-01,21140,121487,
2017-03-01,21140,121881,
2017-06-01,21140,127008,5.63
2017-09-01,21140,126569,5.93
2017-12-01,21140,128950,6.14
2018-03-01,21140,128778,5.66
2018-06-01,21140,131300,3.38
2018-09-01,21140,128833,1.79
2018-12-01,21140,127817,-0.88
2019-03-01,21140,126216,-1.99
2019-06-01,21140,126784,-3.44
2019-09-01,21140,123777,-3.92
2019-12-01,21140,123471,-3.4
2020-03-01,21140,121710,
2020-06-01,21140,115769,-8.69
2020-09-01,21140,120787,-2.42
2020-12-01,21140,124503,0.84
2021-03-01,21140,126746,
2021-06-01,21140,129995,12.29
2021-09-01,21140,130286,7.86
2021-12-01,21140,132803,6.67
2022-03-01,21140,133681,5.47
2022-06-01,21140,136023,4.64
2022-09-01,21140,132093,1.39
2022-12-01,21140,130207,-1.95
2023-03-01,21140,125456,-6.15
2023-06-01,21140,124013,-8.83
2023-09-01,21140,121958,-7.67
2023-12-01,21140,120502,-7.45
2024-03-01,21140,118409,
2024-06-01,21140,119787,-3.41
2024-09-01,21140,118486,-2.85
2024-12-01,21140,117421,-2.56
2025-03-01,21140,116910,
2025-06-01,21140,120366,0.48
2016-03-01,21300,29194,
2016-06-01,21300,29798,
2016-09-01,21300,29526,
2016-12-01,21300,29791,
2017-03-01,21300,28792,
2017-06-01,21300,29529,-0.9
2017-09-01,21300,29119,-1.38
2017-12-01,21300,29674,-0.39
2018-03-01,21300,28829,0.13
2018-06-01,21300,29714,0.63
2018-09-01,21300,29150,0.11
2018-12-01,21300,29656,-0.06
2019-03-01,21300,28472,-1.24
2019-06-01,21300,28727,-3.32
2019-09-01,21300,28496,-2.24
2019-12-01,21300,28993,-2.24
2020-03-01,21300,28677,
2020-06-01,21300,25361,-11.72
2020-09-01,21300,26734,-6.18
2020-12-01,21300,26721,-7.84
2021-03-01,21300,25935,
2021-06-01,21300,26415,4.16
2021-09-01,21300,26677,-0.21
2021-12-01,21300,27626,3.39
2022-03-01,21300,26698,2.94
2022-06-01,21300,27747,5.04
2022-09-01,21300,27317,2.4
2022-12-01,21300,27366,-0.94
2023-03-01,21300,26705,0.03
2023-06-01,21300,27445,-1.09
2023-09-01,21300,27503,0.68
2023-12-01,21300,27831,1.7
2024-03-01,21300,27350,
2024-06-01,21300,27851,1.48
2024-09-01,21300,27609,0.39
2024-12-01,21300,27510,-1.15
2025-03-01,21300,26675,
2025-06-01,21300,27715,-0.49
2016-03-01,21340,226898,
2016-06-01,21340,230578,
2016-09-01,21340,232469,
2016-12-01,21340,233872,
2017-03-01,21340,232257,
2017-06-01,21340,233955,1.46
2017-09-01,21340,233713,0.54
2017-12-01,21340,237291,1.46
2018-03-01,21340,235664,1.47
2018-06-01,21340,237948,1.71
2018-09-01,21340,239386,2.43
2018-12-01,21340,243537,2.63
2019-03-01,21340,241521,2.49
2019-06-01,21340,242852,2.06
2019-09-01,21340,245680,2.63
2019-12-01,21340,248750,2.14
2020-03-01,21340,245758,
2020-06-01,21340,227854,-6.18
2020-09-01,21340,234591,-4.51
2020-12-01,21340,238564,-4.09
2021-03-01,21340,238169,
2021-06-01,21340,240288,5.46
2021-09-01,21340,244635,4.28
2021-12-01,21340,250956,5.19
2022-03-01,21340,247544,3.94
2022-06-01,21340,251649,4.73
2022-09-01,21340,255307,4.36
2022-12-01,21340,259126,3.26
2023-03-01,21340,255542,3.23
2023-06-01,21340,259348,3.06
2023-09-01,21340,260282,1.95
2023-12-01,21340,262980,1.49
2024-03-01,21340,263399,
2024-06-01,21340,265853,2.51
2024-09-01,21340,266319,2.32
2024-12-01,21340,270308,2.79
2025-03-01,21340,267400,
2025-06-01,21340,273004,2.69
2024-03-01,21420,19801,
2024-06-01,21420,19971,
2024-09-01,21420,19681,
2024-12-01,21420,19874,
2025-03-01,21420,19838,
2025-06-01,21420,20027,0.28
2016-03-01,21500,106052,
2016-06-01,21500,109831,
2016-09-01,21500,108838,
2016-12-01,21500,106495,
2017-03-01,21500,104543,
2017-06-01,21500,108951,-0.8
2017-09-01,21500,108540,-0.27
2017-12-01,21500,106656,0.15
2018-03-01,21500,105112,0.54
2018-06-01,21500,109101,0.14
2018-09-01,21500,108693,0.14
2018-12-01,21500,107384,0.68
2019-03-01,21500,105540,0.41
2019-06-01,21500,109145,0.04
2019-09-01,21500,107583,-1.02
2019-12-01,21500,106494,-0.83
2020-03-01,21500,104997,
2020-06-01,21500,94221,-13.67
2020-09-01,21500,99199,-7.79
2020-12-01,21500,97759,-8.2
2021-03-01,21500,97786,
2021-06-01,21500,101827,8.07
2021-09-01,21500,101269,2.09
2021-12-01,21500,102079,4.42
2022-03-01,21500,101021,3.31
2022-06-01,21500,104647,2.77
2022-09-01,21500,103593,2.29
2022-12-01,21500,102890,0.79
2023-03-01,21500,102190,1.16
2023-06-01,21500,106208,1.49
2023-09-01,21500,104819,1.18
2023-12-01,21500,104233,1.31
2024-03-01,21500,103241,
2024-06-01,21500,107276,1.01
2024-09-01,21500,105707,0.85
2024-12-01,21500,104469,0.23
2025-03-01,21500,103456,
2025-06-01,21500,107256,-0.02
2016-03-01,21660,123227,
2016-06-01,21660,126582,
2016-09-01,21660,128410,
2016-12-01,21660,127807,
2017-03-01,21660,126825,
2017-06-01,21660,130362,2.99
2017-09-01,21660,130774,1.84
2017-12-01,21660,129939,1.67
2018-03-01,21660,130685,3.04
2018-06-01,21660,133095,2.1
2018-09-01,21660,133752,2.28
2018-12-01,21660,132951,2.32
2019-03-01,21660,131821,0.87
2019-06-01,21660,133795,0.53
2019-09-01,21660,134391,0.48
2019-12-01,21660,134175,0.92
2020-03-01,21660,132188,
2020-06-01,21660,120502,-9.94
2020-09-01,21660,123383,-8.19
2020-12-01,21660,123805,-7.73
2021-03-01,21660,125330,
2021-06-01,21660,128471,6.61
2021-09-01,21660,128720,4.33
2021-12-01,21660,129627,4.7
2022-03-01,21660,129996,3.72
2022-06-01,21660,131297,2.2
2022-09-01,21660,131633,2.26
2022-12-01,21660,131355,1.33
2023-03-01,21660,131448,1.12
2023-06-01,21660,133227,1.47
2023-09-01,21660,132800,0.89
2023-12-01,21660,130948,-0.31
2024-03-01,21660,130573,
2024-06-01,21660,132805,-0.32
2024-09-01,21660,132274,-0.4
2024-12-01,21660,130917,-0.02
2025-03-01,21660,129529,
2025-06-01,21660,131486,-0.99
2016-03-01,21780,133721,
2016-06-01,21780,135636,
2016-09-01,21780,136437,
2016-12-01,21780,136630,
2017-03-01,21780,134279,
2017-06-01,21780,136935,0.96
2017-09-01,21780,138670,1.64
2017-12-01,21780,138958,1.7
2018-03-01,21780,136826,1.9
2018-06-01,21780,139023,1.52
2018-09-01,21780,138974,0.22
2018-12-01,21780,139965,0.72
2019-03-01,21780,137645,0.6
2019-06-01,21780,139423,0.29
2019-09-01,21780,138327,-0.47
2019-12-01,21780,139284,-0.49
2020-03-01,21780,134827,
2020-06-01,21780,127687,-8.42
2020-09-01,21780,130339,-5.77
2020-12-01,21780,133611,-4.07
2021-03-01,21780,131106,
2021-06-01,21780,133732,4.73
2021-09-01,21780,133151,2.16
2021-12-01,21780,135646,1.52
2022-03-01,21780,134376,2.49
2022-06-01,21780,137058,2.49
2022-09-01,21780,136910,2.82
2022-12-01,21780,137594,1.44
2023-03-01,21780,136231,1.38
2023-06-01,21780,139636,1.88
2023-09-01,21780,138124,0.89
2023-12-01,21780,139032,1.05
2024-03-01,21780,120532,
2024-06-01,21780,122127,-12.54
2024-09-01,21780,121677,-11.91
2024-12-01,21780,122724,-11.73
2025-03-01,21780,120987,
2025-06-01,21780,123129,0.82
2016-03-01,21820,25016,
2016-06-01,21820,28541,
2016-09-01,21820,27852,
2016-12-01,21820,25513,
2017-03-01,21820,25388,
2017-06-01,21820,28484,-0.2
2017-09-01,21820,27881,0.1
2017-12-01,21820,25751,0.93
2018-03-01,21820,25856,1.84
2018-06-01,21820,28880,1.39
2018-09-01,21820,28191,1.11
2018-12-01,21820,26399,2.52
2019-03-01,21820,25889,0.13
2019-06-01,21820,29100,0.76
2019-09-01,21820,28302,0.39
2019-12-01,21820,26269,-0.49
2020-03-01,21820,25934,
2020-06-01,21820,25588,-12.07
2020-09-01,21820,25693,-9.22
2020-12-01,21820,24623,-6.27
2021-03-01,21820,24630,
2021-06-01,21820,26977,5.43
2021-09-01,21820,26324,2.46
2021-12-01,21820,25117,2.01
2022-03-01,21820,24955,1.32
2022-06-01,21820,27260,1.05
2022-09-01,21820,26490,0.63
2022-12-01,21820,25346,0.91
2023-03-01,21820,25532,2.31
2023-06-01,21820,28276,3.73
2023-09-01,21820,27558,4.03
2023-12-01,21820,26349,3.96
2024-03-01,21820,26400,
2024-06-01,21820,28996,2.55
2024-09-01,21820,28178,2.25
2024-12-01,21820,26762,1.57
2025-03-01,21820,26730,
2025-06-01,21820,28816,-0.62
2016-03-01,22020,115435,
2016-06-01,22020,119249,
2016-09-01,22020,120689,
2016-12-01,22020,118844,
2017-03-01,22020,116791,
2017-06-01,22020,120811,1.31
2017-09-01,22020,120772,0.07
2017-12-01,22020,119311,0.39
2018-03-01,22020,117488,0.6
2018-06-01,22020,121175,0.3
2018-09-01,22020,121815,0.86
2018-12-01,22020,121530,1.86
2019-03-01,22020,119346,1.58
2019-06-01,22020,123693,2.08
2019-09-01,22020,123309,1.23
2019-12-01,22020,122706,0.97
2020-03-01,22020,119903,
2020-06-01,22020,115312,-6.78
2020-09-01,22020,118703,-3.74
2020-12-01,22020,117727,-4.06
2021-03-01,22020,117933,
2021-06-01,22020,121874,5.69
2021-09-01,22020,122791,3.44
2021-12-01,22020,123626,5.01
2022-03-01,22020,121526,3.05
2022-06-01,22020,126362,3.68
2022-09-01,22020,126888,3.34
2022-12-01,22020,126046,1.96
2023-03-01,22020,125254,3.07
2023-06-01,22020,129255,2.29
2023-09-01,22020,129907,2.38
2023-12-01,22020,128782,2.17
2024-03-01,22020,126986,
2024-06-01,22020,130569,1.02
2024-09-01,22020,130645,0.57
2024-12-01,22020,129319,0.42
2025-03-01,22020,127201,
2025-06-01,22020,130477,-0.07
2016-03-01,22140,37224,
2016-06-01,22140,36323,
2016-09-01,22140,36332,
2016-12-01,22140,35964,
2017-03-01,22140,36286,
2017-06-01,22140,37418,3.01
2017-09-01,22140,37473,3.14
2017-12-01,22140,36761,2.22
2018-03-01,22140,36281,-0.01
2018-06-01,22140,36625,-2.12
2018-09-01,22140,36610,-2.3
2018-12-01,22140,36154,-1.65
2019-03-01,22140,35201,-2.98
2019-06-01,22140,35816,-2.21
2019-09-01,22140,36040,-1.56
2019-12-01,22140,35200,-2.64
2020-03-01,22140,34148,
2020-06-01,22140,30531,-14.76
2020-09-01,22140,31106,-13.69
2020-12-01,22140,30294,-13.94
2021-03-01,22140,30962,
2021-06-01,22140,32030,4.91
2021-09-01,22140,32270,3.74
2021-12-01,22140,32712,7.98
2022-03-01,22140,32875,6.18
2022-06-01,22140,33693,5.19
2022-09-01,22140,34298,6.28
2022-12-01,22140,34464,5.36
2023-03-01,22140,34379,4.57
2023-06-01,22140,34992,3.86
2023-09-01,22140,34815,1.51
2023-12-01,22140,35047,1.69
2024-03-01,22140,34530,
2024-06-01,22140,34972,-0.06
2024-09-01,22140,35514,2.01
2024-12-01,22140,36250,3.43
2025-03-01,22140,36142,
2025-06-01,22140,36586,4.62
2016-03-01,22180,88225,
2016-06-01,22180,88769,
2016-09-01,22180,88360,
2016-12-01,22180,89159,
2017-03-01,22180,88163,
2017-06-01,22180,87968,-0.9
2017-09-01,22180,87823,-0.61
2017-12-01,22180,89356,0.22
2018-03-01,22180,88636,0.54
2018-06-01,22180,89241,1.45
2018-09-01,22180,87194,-0.72
2018-12-01,22180,90054,0.78
2019-03-01,22180,89186,0.62
2019-06-01,22180,89617,0.42
2019-09-01,22180,89273,2.38
2019-12-01,22180,90734,0.76
2020-03-01,22180,88631,
2020-06-01,22180,81973,-8.53
2020-09-01,22180,84152,-5.74
2020-12-01,22180,86756,-4.38
2021-03-01,22180,87573,
2021-06-01,22180,88209,7.61
2021-09-01,22180,88342,4.98
2021-12-01,22180,90942,4.83
2022-03-01,22180,90395,3.22
2022-06-01,22180,91246,3.44
2022-09-01,22180,90154,2.05
2022-12-01,22180,91926,1.08
2023-03-01,22180,91712,1.46
2023-06-01,22180,92548,1.43
2023-09-01,22180,92398,2.49
2023-12-01,22180,94683,3
2024-03-01,22180,92293,
2024-06-01,22180,92028,-0.56
2024-09-01,22180,92021,-0.41
2024-12-01,22180,93139,-1.63
2025-03-01,22180,91837,
2025-06-01,22180,92030,0
2016-03-01,22220,197472,
2016-06-01,22220,200923,
2016-09-01,22220,203425,
2016-12-01,22220,204174,
2017-03-01,22220,203406,
2017-06-01,22220,206062,2.56
2017-09-01,22220,206916,1.72
2017-12-01,22220,208175,1.96
2018-03-01,22220,208613,2.56
2018-06-01,22220,210035,1.93
2018-09-01,22220,211007,1.98
2018-12-01,22220,211610,1.65
2019-03-01,22220,211419,1.35
2019-06-01,22220,213261,1.54
2019-09-01,22220,215469,2.11
2019-12-01,22220,217966,3
2020-03-01,22220,218352,
2020-06-01,22220,206158,-3.33
2020-09-01,22220,211706,-1.75
2020-12-01,22220,214184,-1.74
2021-03-01,22220,214226,
2021-06-01,22220,217848,5.67
2021-09-01,22220,219412,3.64
2021-12-01,22220,224999,5.05
2022-03-01,22220,227135,6.03
2022-06-01,22220,231629,6.33
2022-09-01,22220,235876,7.5
2022-12-01,22220,236869,5.28
2023-03-01,22220,235128,3.52
2023-06-01,22220,239052,3.2
2023-09-01,22220,239581,1.57
2023-12-01,22220,239190,0.98
2024-03-01,22220,235777,
2024-06-01,22220,237786,-0.53
2024-09-01,22220,240600,0.43
2024-12-01,22220,242748,1.49
2025-03-01,22220,242972,
2025-06-01,22220,245584,3.28
2016-03-01,22380,43727,
2016-06-01,22380,46436,
2016-09-01,22380,47175,
2016-12-01,22380,45488,
2017-03-01,22380,44991,
2017-06-01,22380,47529,2.35
2017-09-01,22380,47969,1.68
2017-12-01,22380,46666,2.59
2018-03-01,22380,45837,1.88
2018-06-01,22380,48075,1.15
2018-09-01,22380,48720,1.57
2018-12-01,22380,47550,1.89
2019-03-01,22380,46041,0.45
2019-06-01,22380,47987,-0.18
2019-09-01,22380,48221,-1.02
2019-12-01,22380,47929,0.8
2020-03-01,22380,46670,
2020-06-01,22380,41504,-13.51
2020-09-01,22380,43336,-10.13
2020-12-01,22380,42748,-10.81
2021-03-01,22380,43295,
2021-06-01,22380,46423,11.85
2021-09-01,22380,47542,9.71
2021-12-01,22380,47562,11.26
2022-03-01,22380,46947,8.44
2022-06-01,22380,48283,4.01
2022-09-01,22380,49332,3.77
2022-12-01,22380,49007,3.04
2023-03-01,22380,47852,1.93
2023-06-01,22380,50274,4.12
2023-09-01,22380,50162,1.68
2023-12-01,22380,50405,2.85
2024-03-01,22380,50580,
2024-06-01,22380,52124,3.68
2024-09-01,22380,51756,3.18
2024-12-01,22380,51414,2
2025-03-01,22380,51417,
2025-06-01,22380,52335,0.4
2016-03-01,22420,112936,
2016-06-01,22420,116819,
2016-09-01,22420,115541,
2016-12-01,22420,116273,
2017-03-01,22420,113398,
2017-06-01,22420,117964,0.98
2017-09-01,22420,115840,0.26
2017-12-01,22420,116917,0.55
2018-03-01,22420,114202,0.71
2018-06-01,22420,117940,-0.02
2018-09-01,22420,116799,0.83
2018-12-01,22420,117171,0.22
2019-03-01,22420,113785,-0.37
2019-06-01,22420,119848,1.62
2019-09-01,22420,119428,2.25
2019-12-01,22420,120344,2.71
2020-03-01,22420,113136,
2020-06-01,22420,102049,-14.85
2020-09-01,22420,106964,-10.44
2020-12-01,22420,106466,-11.53
2021-03-01,22420,106850,
2021-06-01,22420,111671,9.43
2021-09-01,22420,109566,2.43
2021-12-01,22420,112744,5.9
2022-03-01,22420,110006,2.95
2022-06-01,22420,114549,2.58
2022-09-01,22420,114615,4.61
2022-12-01,22420,114686,1.72
2023-03-01,22420,113066,2.78
2023-06-01,22420,117414,2.5
2023-09-01,22420,115272,0.57
2023-12-01,22420,115697,0.88
2024-03-01,22420,113369,
2024-06-01,22420,117475,0.05
2024-09-01,22420,115780,0.44
2024-12-01,22420,116401,0.61
2025-03-01,22420,114124,
2025-06-01,22420,118088,0.52
2016-03-01,22500,65626,
2016-06-01,22500,66367,
2016-09-01,22500,66843,
2016-12-01,22500,67862,
2017-03-01,22500,67301,
2017-06-01,22500,67294,1.4
2017-09-01,22500,66709,-0.2
2017-12-01,22500,68006,0.21
2018-03-01,22500,69446,3.19
2018-06-01,22500,70120,4.2
2018-09-01,22500,69732,4.53
2018-12-01,22500,70971,4.36
2019-03-01,22500,69153,-0.42
2019-06-01,22500,70082,-0.05
2019-09-01,22500,69590,-0.2
2019-12-01,22500,70174,-1.12
2020-03-01,22500,68604,
2020-06-01,22500,65142,-7.05
2020-09-01,22500,66408,-4.57
2020-12-01,22500,67750,-3.45
2021-03-01,22500,67008,
2021-06-01,22500,67967,4.34
2021-09-01,22500,68202,2.7
2021-12-01,22500,69559,2.67
2022-03-01,22500,69419,3.6
2022-06-01,22500,70799,4.17
2022-09-01,22500,71495,4.83
2022-12-01,22500,72228,3.84
2023-03-01,22500,72456,4.37
2023-06-01,22500,71016,0.31
2023-09-01,22500,71663,0.23
2023-12-01,22500,71763,-0.64
2024-03-01,22500,71637,
2024-06-01,22500,71176,0.23
2024-09-01,22500,71583,-0.11
2024-12-01,22500,71712,-0.07
2025-03-01,22500,70968,
2025-06-01,22500,70897,-0.39
2016-03-01,22520,43808,
2016-06-01,22520,43823,
2016-09-01,22520,44371,
2016-12-01,22520,44391,
2017-03-01,22520,44263,
2017-06-01,22520,44221,0.91
2017-09-01,22520,44293,-0.18
2017-12-01,22520,44429,0.09
2018-03-01,22520,44020,-0.55
2018-06-01,22520,44436,0.49
2018-09-01,22520,44429,0.31
2018-12-01,22520,44806,0.85
2019-03-01,22520,44224,0.46
2019-06-01,22520,44439,0.01
2019-09-01,22520,44604,0.39
2019-12-01,22520,45009,0.45
2020-03-01,22520,44024,
2020-06-01,22520,41503,-6.61
2020-09-01,22520,42428,-4.88
2020-12-01,22520,43205,-4.01
2021-03-01,22520,42432,
2021-06-01,22520,42547,2.52
2021-09-01,22520,42766,0.8
2021-12-01,22520,43972,1.78
2022-03-01,22520,43715,3.02
2022-06-01,22520,43825,3
2022-09-01,22520,44318,3.63
2022-12-01,22520,44749,1.77
2023-03-01,22520,44810,2.5
2023-06-01,22520,45216,3.17
2023-09-01,22520,45259,2.12
2023-12-01,22520,44857,0.24
2024-03-01,22520,45067,
2024-06-01,22520,45215,0
2024-09-01,22520,45395,0.3
2024-12-01,22520,45731,1.95
2025-03-01,22520,45017,
2025-06-01,22520,45353,0.31
2016-03-01,22540,39892,
2016-06-01,22540,41003,
2016-09-01,22540,41271,
2016-12-01,22540,40602,
2017-03-01,22540,40014,
2017-06-01,22540,41545,1.32
2017-09-01,22540,41685,1
2017-12-01,22540,41402,1.97
2018-03-01,22540,40996,2.45
2018-06-01,22540,42822,3.07
2018-09-01,22540,42583,2.15
2018-12-01,22540,42338,2.26
2019-03-01,22540,41616,1.51
2019-06-01,22540,43414,1.38
2019-09-01,22540,42443,-0.33
2019-12-01,22540,42169,-0.4
2020-03-01,22540,40725,
2020-06-01,22540,38800,-10.63
2020-09-01,22540,40013,-5.73
2020-12-01,22540,39798,-5.62
2021-03-01,22540,39146,
2021-06-01,22540,40690,4.87
2021-09-01,22540,40645,1.58
2021-12-01,22540,40579,1.96
2022-03-01,22540,40351,3.08
2022-06-01,22540,41509,2.01
2022-09-01,22540,41143,1.23
2022-12-01,22540,40812,0.57
2023-03-01,22540,39746,-1.5
2023-06-01,22540,41216,-0.71
2023-09-01,22540,41060,-0.2
2023-12-01,22540,40531,-0.69
2024-03-01,22540,39883,
2024-06-01,22540,40881,-0.81
2024-09-01,22540,40218,-2.05
2024-12-01,22540,39341,-2.94
2025-03-01,22540,38958,
2025-06-01,22540,40517,-0.89
2016-03-01,22660,117193,
2016-06-01,22660,123453,
2016-09-01,22660,124109,
2016-12-01,22660,122073,
2017-03-01,22660,121298,
2017-06-01,22660,127637,3.39
2017-09-01,22660,127166,2.46
2017-12-01,22660,126138,3.33
2018-03-01,22660,124776,2.87
2018-06-01,22660,131106,2.72
2018-09-01,22660,129648,1.95
2018-12-01,22660,129363,2.56
2019-03-01,22660,127077,1.84
2019-06-01,22660,132938,1.4
2019-09-01,22660,132326,2.07
2019-12-01,22660,131959,2.01
2020-03-01,22660,128370,
2020-06-01,22660,121894,-8.31
2020-09-01,22660,125022,-5.52
2020-12-01,22660,122476,-7.19
2021-03-01,22660,124453,
2021-06-01,22660,131641,8
2021-09-01,22660,131629,5.28
2021-12-01,22660,133250,8.8
2022-03-01,22660,131683,5.81
2022-06-01,22660,137193,4.22
2022-09-01,22660,135461,2.91
2022-12-01,22660,135453,1.65
2023-03-01,22660,133083,1.06
2023-06-01,22660,139401,1.61
2023-09-01,22660,134909,-0.41
2023-12-01,22660,137583,1.57
2024-03-01,22660,132464,
2024-06-01,22660,138586,-0.58
2024-09-01,22660,136419,1.12
2024-12-01,22660,135306,-1.66
2025-03-01,22660,132846,
2025-06-01,22660,136206,-1.72
2016-03-01,22900,89328,
2016-06-01,22900,90760,
2016-09-01,22900,90479,
2016-12-01,22900,90134,
2017-03-01,22900,88612,
2017-06-01,22900,89327,-1.58
2017-09-01,22900,88722,-1.94
2017-12-01,22900,88952,-1.31
2018-03-01,22900,88494,-0.13
2018-06-01,22900,89493,0.19
2018-09-01,22900,89118,0.45
2018-12-01,22900,88829,-0.14
2019-03-01,22900,88152,-0.39
2019-06-01,22900,89511,0.02
2019-09-01,22900,88718,-0.45
2019-12-01,22900,89096,0.3
2020-03-01,22900,86896,
2020-06-01,22900,84630,-5.45
2020-09-01,22900,85544,-3.58
2020-12-01,22900,85605,-3.92
2021-03-01,22900,85326,
2021-06-01,22900,86650,2.39
2021-09-01,22900,86545,1.17
2021-12-01,22900,87798,2.56
2022-03-01,22900,87172,2.16
2022-06-01,22900,89456,3.24
2022-09-01,22900,90060,4.06
2022-12-01,22900,89684,2.15
2023-03-01,22900,89546,2.72
2023-06-01,22900,90953,1.67
2023-09-01,22900,91082,1.13
2023-12-01,22900,91387,1.9
2024-03-01,22900,83190,
2024-06-01,22900,84245,-7.38
2024-09-01,22900,84416,-7.32
2024-12-01,22900,84736,-7.28
2025-03-01,22900,82422,
2025-06-01,22900,82719,-1.81
2016-03-01,23060,182516,
2016-06-01,23060,188033,
2016-09-01,23060,187595,
2016-12-01,23060,187135,
2017-03-01,23060,184285,
2017-06-01,23060,189846,0.96
2017-09-01,23060,188236,0.34
2017-12-01,23060,189521,1.28
2018-03-01,23060,187464,1.73
2018-06-01,23060,193050,1.69
2018-09-01,23060,191720,1.85
2018-12-01,23060,194030,2.38
2019-03-01,23060,191673,2.25
2019-06-01,23060,196699,1.89
2019-09-01,23060,194220,1.3
2019-12-01,23060,196656,1.35
2020-03-01,23060,190449,
2020-06-01,23060,182026,-7.46
2020-09-01,23060,187022,-3.71
2020-12-01,23060,189141,-3.82
2021-03-01,23060,186273,
2021-06-01,23060,191299,5.09
2021-09-01,23060,189874,1.52
2021-12-01,23060,196772,4.03
2022-03-01,23060,195162,4.77
2022-06-01,23060,199771,4.43
2022-09-01,23060,199762,5.21
2022-12-01,23060,201717,2.51
2023-03-01,23060,198797,1.86
2023-06-01,23060,203712,1.97
2023-09-01,23060,202020,1.13
2023-12-01,23060,202515,0.4
2024-03-01,23060,200587,
2024-06-01,23060,204823,0.55
2024-09-01,23060,202255,0.12
2024-12-01,23060,202842,0.16
2025-03-01,23060,200767,
2025-06-01,23060,204923,0.05
2016-03-01,23420,294112,
2016-06-01,23420,312852,
2016-09-01,23420,317890,
2016-12-01,23420,301647,
2017-03-01,23420,299699,
2017-06-01,23420,319893,2.25
2017-09-01,23420,323981,1.92
2017-12-01,23420,308294,2.2
2018-03-01,23420,302472,0.93
2018-06-01,23420,326651,2.11
2018-09-01,23420,332466,2.62
2018-12-01,23420,319509,3.64
2019-03-01,23420,314031,3.82
2019-06-01,23420,332032,1.65
2019-09-01,23420,338208,1.73
2019-12-01,23420,328374,2.77
2020-03-01,23420,317118,
2020-06-01,23420,311789,-6.1
2020-09-01,23420,314493,-7.01
2020-12-01,23420,306974,-6.52
2021-03-01,23420,305043,
2021-06-01,23420,327825,5.14
2021-09-01,23420,332740,5.8
2021-12-01,23420,330791,7.76
2022-03-01,23420,327856,7.48
2022-06-01,23420,344369,5.05
2022-09-01,23420,349921,5.16
2022-12-01,23420,341262,3.17
2023-03-01,23420,329719,0.57
2023-06-01,23420,352996,2.51
2023-09-01,23420,352888,0.85
2023-12-01,23420,343923,0.78
2024-03-01,23420,377348,
2024-06-01,23420,400921,13.58
2024-09-01,23420,403652,14.39
2024-12-01,23420,388036,12.83
2025-03-01,23420,376709,
2025-06-01,23420,398624,-0.57
2016-03-01,23460,30876,
2016-06-01,23460,31219,
2016-09-01,23460,30908,
2016-12-01,23460,31163,
2017-03-01,23460,30931,
2017-06-01,23460,31214,-0.02
2017-09-01,23460,31122,0.69
2017-12-01,23460,31297,0.43
2018-03-01,23460,31042,0.36
2018-06-01,23460,31184,-0.1
2018-09-01,23460,31109,-0.04
2018-12-01,23460,31413,0.37
2019-03-01,23460,30474,-1.83
2019-06-01,23460,30503,-2.18
2019-09-01,23460,30346,-2.45
2019-12-01,23460,30261,-3.67
2020-03-01,23460,29261,
2020-06-01,23460,26054,-14.59
2020-09-01,23460,26928,-11.26
2020-12-01,23460,27456,-9.27
2021-03-01,23460,26751,
2021-06-01,23460,26676,2.39
2021-09-01,23460,26672,-0.95
2021-12-01,23460,26819,-2.32
2022-03-01,23460,26828,0.29
2022-06-01,23460,27005,1.23
2022-09-01,23460,26915,0.91
2022-12-01,23460,27417,2.23
2023-03-01,23460,27497,2.49
2023-06-01,23460,27646,2.37
2023-09-01,23460,27713,2.96
2023-12-01,23460,27778,1.32
2024-03-01,23460,27867,
2024-06-01,23460,28059,1.49
2024-09-01,23460,27957,0.88
2024-12-01,23460,28134,1.28
2025-03-01,23460,28004,
2025-06-01,23460,28180,0.43
2016-03-01,23540,92998,
2016-06-01,23540,91901,
2016-09-01,23540,94713,
2016-12-01,23540,96148,
2017-03-01,23540,95681,
2017-06-01,23540,95013,3.39
2017-09-01,23540,95303,0.62
2017-12-01,23540,97492,1.4
2018-03-01,23540,98091,2.52
2018-06-01,23540,97368,2.48
2018-09-01,23540,99133,4.02
2018-12-01,23540,100019,2.59
2019-03-01,23540,100364,2.32
2019-06-01,23540,99187,1.87
2019-09-01,23540,101087,1.97
2019-12-01,23540,101973,1.95
2020-03-01,23540,100218,
2020-06-01,23540,92255,-6.99
2020-09-01,23540,93867,-7.14
2020-12-01,23540,97620,-4.27
2021-03-01,23540,99362,
2021-06-01,23540,99397,7.74
2021-09-01,23540,101065,7.67
2021-12-01,23540,104027,6.56
2022-03-01,23540,102196,2.85
2022-06-01,23540,102693,3.32
2022-09-01,23540,104944,3.84
2022-12-01,23540,106168,2.06
2023-03-01,23540,105608,3.34
2023-06-01,23540,105315,2.55
2023-09-01,23540,106315,1.31
2023-12-01,23540,107088,0.87
2024-03-01,23540,112920,
2024-06-01,23540,112109,6.45
2024-09-01,23540,113489,6.75
2024-12-01,23540,114079,6.53
2025-03-01,23540,114962,
2025-06-01,23540,113381,1.13
2016-03-01,23580,71038,
2016-06-01,23580,71698,
2016-09-01,23580,72922,
2016-12-01,23580,74158,
2017-03-01,23580,74124,
2017-06-01,23580,75323,5.06
2017-09-01,23580,75646,3.74
2017-12-01,23580,76365,2.98
2018-03-01,23580,76853,3.68
2018-06-01,23580,77583,3
2018-09-01,23580,79302,4.83
2018-12-01,23580,79505,4.11
2019-03-01,23580,78542,2.2
2019-06-01,23580,78809,1.58
2019-09-01,23580,79351,0.06
2019-12-01,23580,80692,1.49
2020-03-01,23580,79931,
2020-06-01,23580,76092,-3.45
2020-09-01,23580,77602,-2.2
2020-12-01,23580,79899,-0.98
2021-03-01,23580,80100,
2021-06-01,23580,79771,4.83
2021-09-01,23580,80914,4.27
2021-12-01,23580,82144,2.81
2022-03-01,23580,82538,3.04
2022-06-01,23580,85095,6.67
2022-09-01,23580,86623,7.06
2022-12-01,23580,88228,7.41
2023-03-01,23580,87176,5.62
2023-06-01,23580,89611,5.31
2023-09-01,23580,90774,4.79
2023-12-01,23580,91041,3.19
2024-03-01,23580,89773,
2024-06-01,23580,90703,1.22
2024-09-01,23580,91306,0.59
2024-12-01,23580,91391,0.38
2025-03-01,23580,91007,
2025-06-01,23580,91989,1.42
2016-03-01,23900,29995,
2016-06-01,23900,30591,
2016-09-01,23900,31664,
2016-12-01,23900,30808,
2017-03-01,23900,29939,
2017-06-01,23900,31309,2.35
2017-09-01,23900,31845,0.57
2017-12-01,23900,30821,0.04
2018-03-01,23900,30591,2.18
2018-06-01,23900,31191,-0.38
2018-09-01,23900,31525,-1
2018-12-01,23900,30683,-0.45
2019-03-01,23900,30787,0.64
2019-06-01,23900,31345,0.49
2019-09-01,23900,31503,-0.07
2019-12-01,23900,30960,0.9
2020-03-01,23900,30832,
2020-06-01,23900,27245,-13.08
2020-09-01,23900,29111,-7.59
2020-12-01,23900,28768,-7.08
2021-03-01,23900,28984,
2021-06-01,23900,29841,9.53
2021-09-01,23900,29938,2.84
2021-12-01,23900,29258,1.7
2022-03-01,23900,29232,0.86
2022-06-01,23900,29720,-0.41
2022-09-01,23900,30275,1.13
2022-12-01,23900,29536,0.95
2023-03-01,23900,28931,-1.03
2023-06-01,23900,30095,1.26
2023-09-01,23900,30208,-0.22
2023-12-01,23900,29083,-1.53
2024-03-01,23900,28890,
2024-06-01,23900,29604,-1.63
2024-09-01,23900,29664,-1.8
2024-12-01,23900,29031,-0.18
2025-03-01,23900,28739,
2025-06-01,23900,29430,-0.59
2016-03-01,24020,41117,
2016-06-01,24020,46969,
2016-09-01,24020,45380,
2016-12-01,24020,43151,
2017-03-01,24020,41927,
2017-06-01,24020,47505,1.14
2017-09-01,24020,45232,-0.33
2017-12-01,24020,42622,-1.23
2018-03-01,24020,41307,-1.48
2018-06-01,24020,47387,-0.25
2018-09-01,24020,44945,-0.63
2018-12-01,24020,42334,-0.68
2019-03-01,24020,40843,-1.12
2019-06-01,24020,46494,-1.88
2019-09-01,24020,44507,-0.97
2019-12-01,24020,41592,-1.75
2020-03-01,24020,40173,
2020-06-01,24020,37952,-18.37
2020-09-01,24020,40964,-7.96
2020-12-01,24020,38508,-7.41
2021-03-01,24020,37664,
2021-06-01,24020,42820,12.83
2021-09-01,24020,41609,1.57
2021-12-01,24020,39384,2.27
2022-03-01,24020,38821,3.07
2022-06-01,24020,43867,2.45
2022-09-01,24020,42194,1.41
2022-12-01,24020,40008,1.58
2023-03-01,24020,39801,2.52
2023-06-01,24020,44853,2.25
2023-09-01,24020,42824,1.49
2023-12-01,24020,40337,0.82
2024-03-01,24020,40196,
2024-06-01,24020,45661,1.8
2024-09-01,24020,44047,2.86
2024-12-01,24020,41185,2.1
2025-03-01,24020,40127,
2025-06-01,24020,45669,0.02
2016-03-01,24140,33194,
2016-06-01,24140,33371,
2016-09-01,24140,33561,
2016-12-01,24140,33162,
2017-03-01,24140,32822,
2017-06-01,24140,33621,0.75
2017-09-01,24140,33316,-0.73
2017-12-01,24140,33151,-0.03
2018-03-01,24140,32782,-0.12
2018-06-01,24140,33120,-1.49
2018-09-01,24140,32752,-1.69
2018-12-01,24140,33383,0.7
2019-03-01,24140,32646,-0.41
2019-06-01,24140,32774,-1.04
2019-09-01,24140,32201,-1.68
2019-12-01,24140,32712,-2.01
2020-03-01,24140,32597,
2020-06-01,24140,31258,-4.63
2020-09-01,24140,31513,-2.14
2020-12-01,24140,31966,-2.28
2021-03-01,24140,31701,
2021-06-01,24140,32250,3.17
2021-09-01,24140,31900,1.23
2021-12-01,24140,32047,0.25
2022-03-01,24140,31906,0.65
2022-06-01,24140,32270,0.06
2022-09-01,24140,32144,0.76
2022-12-01,24140,32895,2.65
2023-03-01,24140,33072,3.65
2023-06-01,24140,33417,3.55
2023-09-01,24140,33317,3.65
2023-12-01,24140,34107,3.68
2024-03-01,24140,33636,
2024-06-01,24140,34220,2.4
2024-09-01,24140,34663,4.04
2024-12-01,24140,34420,0.92
2025-03-01,24140,32722,
2025-06-01,24140,33393,-2.42
2016-03-01,24220,41562,
2016-06-01,24220,41914,
2016-09-01,24220,43003,
2016-12-01,24220,42068,
2017-03-01,24220,41302,
2017-06-01,24220,42151,0.57
2017-09-01,24220,42942,-0.14
2017-12-01,24220,42308,0.57
2018-03-01,24220,41215,-0.21
2018-06-01,24220,41893,-0.61
2018-09-01,24220,42354,-1.37
2018-12-01,24220,42071,-0.56
2019-03-01,24220,40872,-0.83
2019-06-01,24220,41549,-0.82
2019-09-01,24220,41880,-1.12
2019-12-01,24220,41209,-2.05
2020-03-01,24220,39945,
2020-06-01,24220,37967,-8.62
2020-09-01,24220,39196,-6.41
2020-12-01,24220,38128,-7.48
2021-03-01,24220,38066,
2021-06-01,24220,39030,2.8
2021-09-01,24220,39922,1.85
2021-12-01,24220,39291,3.05
2022-03-01,24220,39216,3.02
2022-06-01,24220,39867,2.14
2022-09-01,24220,40797,2.19
2022-12-01,24220,40115,2.1
2023-03-01,24220,39824,1.55
2023-06-01,24220,40825,2.4
2023-09-01,24220,41444,1.59
2023-12-01,24220,41329,3.03
2024-03-01,24220,40786,
2024-06-01,24220,41707,2.16
2024-09-01,24220,42540,2.64
2024-12-01,24220,42142,1.97
2025-03-01,24220,40829,
2025-06-01,24220,41582,-0.3
2016-03-01,24260,35037,
2016-06-01,24260,35535,
2016-09-01,24260,36280,
2016-12-01,24260,35243,
2017-03-01,24260,35215,
2017-06-01,24260,36169,1.78
2017-09-01,24260,36491,0.58
2017-12-01,24260,35739,1.41
2018-03-01,24260,35473,0.73
2018-06-01,24260,36143,-0.07
2018-09-01,24260,36825,0.92
2018-12-01,24260,35593,-0.41
2019-03-01,24260,35070,-1.14
2019-06-01,24260,35698,-1.23
2019-09-01,24260,35998,-2.25
2019-12-01,24260,35308,-0.8
2020-03-01,24260,34594,
2020-06-01,24260,33601,-5.87
2020-09-01,24260,34282,-4.77
2020-12-01,24260,34624,-1.94
2021-03-01,24260,34676,
2021-06-01,24260,35175,4.68
2021-09-01,24260,35303,2.98
2021-12-01,24260,35513,2.57
2022-03-01,24260,35550,2.52
2022-06-01,24260,36474,3.69
2022-09-01,24260,36398,3.1
2022-12-01,24260,36308,2.24
2023-03-01,24260,36404,2.4
2023-06-01,24260,37554,2.96
2023-09-01,24260,37394,2.74
2023-12-01,24260,37366,2.91
2024-03-01,24260,34067,
2024-06-01,24260,34699,-7.6
2024-09-01,24260,34540,-7.63
2024-12-01,24260,33891,-9.3
2025-03-01,24260,33456,
2025-06-01,24260,33924,-2.23
2016-03-01,24300,49526,
2016-06-01,24300,50437,
2016-09-01,24300,50794,
2016-12-01,24300,50203,
2017-03-01,24300,50447,
2017-06-01,24300,52303,3.7
2017-09-01,24300,53010,4.36
2017-12-01,24300,52209,4
2018-03-01,24300,52056,3.19
2018-06-01,24300,53738,2.74
2018-09-01,24300,54164,2.18
2018-12-01,24300,53651,2.76
2019-03-01,24300,53224,2.24
2019-06-01,24300,54103,0.68
2019-09-01,24300,54415,0.46
2019-12-01,24300,53556,-0.18
2020-03-01,24300,52660,
2020-06-01,24300,49930,-7.71
2020-09-01,24300,51305,-5.72
2020-12-01,24300,51130,-4.53
2021-03-01,24300,52284,
2021-06-01,24300,53752,7.65
2021-09-01,24300,53948,5.15
2021-12-01,24300,53743,5.11
2022-03-01,24300,53672,2.65
2022-06-01,24300,54783,1.92
2022-09-01,24300,54849,1.67
2022-12-01,24300,54403,1.23
2023-03-01,24300,54069,0.74
2023-06-01,24300,55452,1.22
2023-09-01,24300,55170,0.59
2023-12-01,24300,55808,2.58
2024-03-01,24300,55331,
2024-06-01,24300,56598,2.07
2024-09-01,24300,56594,2.58
2024-12-01,24300,56124,0.57
2025-03-01,24300,55705,
2025-06-01,24300,55829,-1.36
2016-03-01,24340,490339,
2016-06-01,24340,500389,
2016-09-01,24340,499787,
2016-12-01,24340,503746,
2017-03-01,24340,499398,
2017-06-01,24340,509966,1.91
2017-09-01,24340,506413,1.33
2017-12-01,24340,509601,1.16
2018-03-01,24340,511476,2.42
2018-06-01,24340,526891,3.32
2018-09-01,24340,512130,1.13
2018-12-01,24340,518171,1.68
2019-03-01,24340,515084,0.71
2019-06-01,24340,530449,0.68
2019-09-01,24340,519600,1.46
2019-12-01,24340,525804,1.47
2020-03-01,24340,517203,
2020-06-01,24340,456908,-13.86
2020-09-01,24340,477274,-8.15
2020-12-01,24340,473879,-9.88
2021-03-01,24340,483328,
2021-06-01,24340,499396,9.3
2021-09-01,24340,498513,4.45
2021-12-01,24340,511457,7.93
2022-03-01,24340,510303,5.58
2022-06-01,24340,526027,5.33
2022-09-01,24340,518796,4.07
2022-12-01,24340,528757,3.38
2023-03-01,24340,527014,3.27
2023-06-01,24340,541371,2.92
2023-09-01,24340,531985,2.54
2023-12-01,24340,534295,1.05
2024-03-01,24340,542024,
2024-06-01,24340,553651,2.27
2024-09-01,24340,544619,2.37
2024-12-01,24340,547898,2.55
2025-03-01,24340,541800,
2025-06-01,24340,552451,-0.22
2016-03-01,24420,21437,
2016-06-01,24420,22529,
2016-09-01,24420,23181,
2016-12-01,24420,22612,
2017-03-01,24420,22713,
2017-06-01,24420,23614,4.82
2017-09-01,24420,23852,2.89
2017-12-01,24420,23341,3.22
2018-03-01,24420,23707,4.38
2018-06-01,24420,24789,4.98
2018-09-01,24420,24890,4.35
2018-12-01,24420,24414,4.6
2019-03-01,24420,24544,3.53
2019-06-01,24420,25718,3.75
2019-09-01,24420,25917,4.13
2019-12-01,24420,25490,4.41
2020-03-01,24420,25293,
2020-06-01,24420,24575,-4.44
2020-09-01,24420,25126,-3.05
2020-12-01,24420,24728,-2.99
2021-03-01,24420,25360,
2021-06-01,24420,26143,6.38
2021-09-01,24420,26050,3.68
2021-12-01,24420,26004,5.16
2022-03-01,24420,26158,3.15
2022-06-01,24420,26842,2.67
2022-09-01,24420,27106,4.05
2022-12-01,24420,26884,3.38
2023-03-01,24420,27254,4.19
2023-06-01,24420,28013,4.36
2023-09-01,24420,27908,2.96
2023-12-01,24420,27763,3.27
2024-03-01,24420,27633,
2024-06-01,24420,28353,1.21
2024-09-01,24420,28398,1.76
2024-12-01,24420,27619,-0.52
2025-03-01,24420,26827,
2025-06-01,24420,27592,-2.68
2016-03-01,24500,29301,
2016-06-01,24500,30243,
2016-09-01,24500,30108,
2016-12-01,24500,29563,
2017-03-01,24500,29604,
2017-06-01,24500,30225,-0.06
2017-09-01,24500,30103,-0.02
2017-12-01,24500,29803,0.81
2018-03-01,24500,29415,-0.64
2018-06-01,24500,30417,0.64
2018-09-01,24500,30038,-0.22
2018-12-01,24500,30017,0.72
2019-03-01,24500,29641,0.77
2019-06-01,24500,30564,0.48
2019-09-01,24500,30201,0.54
2019-12-01,24500,30296,0.93
2020-03-01,24500,29628,
2020-06-01,24500,28282,-7.47
2020-09-01,24500,28768,-4.74
2020-12-01,24500,29211,-3.58
2021-03-01,24500,28901,
2021-06-01,24500,29761,5.23
2021-09-01,24500,29567,2.78
2021-12-01,24500,30080,2.97
2022-03-01,24500,30044,3.95
2022-06-01,24500,31049,4.33
2022-09-01,24500,31396,6.19
2022-12-01,24500,30906,2.75
2023-03-01,24500,30325,0.94
2023-06-01,24500,31168,0.38
2023-09-01,24500,31154,-0.77
2023-12-01,24500,31523,2
2024-03-01,24500,30784,
2024-06-01,24500,31968,2.57
2024-09-01,24500,31246,0.3
2024-12-01,24500,31186,-1.07
2025-03-01,24500,30825,
2025-06-01,24500,31335,-1.98
2016-03-01,24540,83957,
2016-06-01,24540,84844,
2016-09-01,24540,85306,
2016-12-01,24540,84881,
2017-03-01,24540,87932,
2017-06-01,24540,90839,7.07
2017-09-01,24540,91406,7.15
2017-12-01,24540,91497,7.79
2018-03-01,24540,92336,5.01
2018-06-01,24540,95123,4.72
2018-09-01,24540,95103,4.04
2018-12-01,24540,95285,4.14
2019-03-01,24540,96024,3.99
2019-06-01,24540,98563,3.62
2019-09-01,24540,99645,4.78
2019-12-01,24540,97782,2.62
2020-03-01,24540,96327,
2020-06-01,24540,89468,-9.23
2020-09-01,24540,89419,-10.26
2020-12-01,24540,88962,-9.02
2021-03-01,24540,88546,
2021-06-01,24540,91413,2.17
2021-09-01,24540,91968,2.85
2021-12-01,24540,92598,4.09
2022-03-01,24540,92507,4.47
2022-06-01,24540,95158,4.1
2022-09-01,24540,95500,3.84
2022-12-01,24540,96006,3.68
2023-03-01,24540,96343,4.15
2023-06-01,24540,99351,4.41
2023-09-01,24540,98943,3.61
2023-12-01,24540,99851,4
2024-03-01,24540,98131,
2024-06-01,24540,101385,2.05
2024-09-01,24540,101757,2.84
2024-12-01,24540,100977,1.13
2025-03-01,24540,102170,
2025-06-01,24540,103702,2.29
2016-03-01,24580,146116,
2016-06-01,24580,151335,
2016-09-01,24580,151161,
2016-12-01,24580,150759,
2017-03-01,24580,148298,
2017-06-01,24580,155389,2.68
2017-09-01,24580,153994,1.87
2017-12-01,24580,152735,1.31
2018-03-01,24580,151892,2.42
2018-06-01,24580,157228,1.18
2018-09-01,24580,156595,1.69
2018-12-01,24580,155822,2.02
2019-03-01,24580,151854,-0.03
2019-06-01,24580,157217,-0.01
2019-09-01,24580,155611,-0.63
2019-12-01,24580,155071,-0.48
2020-03-01,24580,150356,
2020-06-01,24580,144861,-7.86
2020-09-01,24580,147634,-5.13
2020-12-01,24580,148426,-4.29
2021-03-01,24580,145261,
2021-06-01,24580,150923,4.18
2021-09-01,24580,148891,0.85
2021-12-01,24580,149942,1.02
2022-03-01,24580,148413,2.17
2022-06-01,24580,152667,1.16
2022-09-01,24580,153117,2.84
2022-12-01,24580,153700,2.51
2023-03-01,24580,149991,1.06
2023-06-01,24580,154852,1.43
2023-09-01,24580,152500,-0.4
2023-12-01,24580,153667,-0.02
2024-03-01,24580,151423,
2024-06-01,24580,155924,0.69
2024-09-01,24580,155543,2
2024-12-01,24580,154796,0.73
2025-03-01,24580,153311,
2025-06-01,24580,157914,1.28
2016-03-01,24660,305244,
2016-06-01,24660,308159,
2016-09-01,24660,310016,
2016-12-01,24660,313483,
2017-03-01,24660,307454,
2017-06-01,24660,310964,0.91
2017-09-01,24660,308980,-0.33
2017-12-01,24660,311200,-0.73
2018-03-01,24660,309455,0.65
2018-06-01,24660,311893,0.3
2018-09-01,24660,311152,0.7
2018-12-01,24660,312954,0.56
2019-03-01,24660,314406,1.6
2019-06-01,24660,317153,1.69
2019-09-01,24660,314333,1.02
2019-12-01,24660,318301,1.71
2020-03-01,24660,312181,
2020-06-01,24660,288367,-9.08
2020-09-01,24660,295310,-6.05
2020-12-01,24660,304941,-4.2
2021-03-01,24660,302772,
2021-06-01,24660,305253,5.86
2021-09-01,24660,304569,3.14
2021-12-01,24660,313985,2.97
2022-03-01,24660,309922,2.36
2022-06-01,24660,313579,2.73
2022-09-01,24660,313184,2.83
2022-12-01,24660,316450,0.79
2023-03-01,24660,311955,0.66
2023-06-01,24660,313597,0.01
2023-09-01,24660,312565,-0.2
2023-12-01,24660,317854,0.44
2024-03-01,24660,313642,
2024-06-01,24660,315771,0.69
2024-09-01,24660,314823,0.72
2024-12-01,24660,319668,0.57
2025-03-01,24660,317795,
2025-06-01,24660,321111,1.69
2016-03-01,24780,50947,
2016-06-01,24780,51291,
2016-09-01,24780,52202,
2016-12-01,24780,52504,
2017-03-01,24780,51667,
2017-06-01,24780,51660,0.72
2017-09-01,24780,52405,0.39
2017-12-01,24780,52954,0.86
2018-03-01,24780,52253,1.13
2018-06-01,24780,52534,1.69
2018-09-01,24780,52127,-0.53
2018-12-01,24780,53868,1.73
2019-03-01,24780,52555,0.58
2019-06-01,24780,52336,-0.38
2019-09-01,24780,52599,0.91
2019-12-01,24780,53261,-1.13
2020-03-01,24780,51538,
2020-06-01,24780,47975,-8.33
2020-09-01,24780,50532,-3.93
2020-12-01,24780,51263,-3.75
2021-03-01,24780,51409,
2021-06-01,24780,52092,8.58
2021-09-01,24780,52717,4.32
2021-12-01,24780,54768,6.84
2022-03-01,24780,54059,5.15
2022-06-01,24780,54352,4.34
2022-09-01,24780,55215,4.74
2022-12-01,24780,55789,1.86
2023-03-01,24780,55114,1.95
2023-06-01,24780,54962,1.12
2023-09-01,24780,55637,0.76
2023-12-01,24780,56997,2.17
2024-03-01,24780,56338,
2024-06-01,24780,55952,1.8
2024-09-01,24780,55875,0.43
2024-12-01,24780,56886,-0.19
2025-03-01,24780,55298,
2025-06-01,24780,55101,-1.52
2016-03-01,24860,322285,
2016-06-01,24860,326904,
2016-09-01,24860,327932,
2016-12-01,24860,331748,
2017-03-01,24860,328734,
2017-06-01,24860,331999,1.56
2017-09-01,24860,331440,1.07
2017-12-01,24860,337481,1.73
2018-03-01,24860,335931,2.19
2018-06-01,24860,343808,3.56
2018-09-01,24860,341479,3.03
2018-12-01,24860,347169,2.87
2019-03-01,24860,342203,1.87
2019-06-01,24860,346774,0.86
2019-09-01,24860,344430,0.86
2019-12-01,24860,348445,0.37
2020-03-01,24860,338844,
2020-06-01,24860,315519,-9.01
2020-09-01,24860,326641,-5.16
2020-12-01,24860,339218,-2.65
2021-03-01,24860,335101,
2021-06-01,24860,337697,7.03
2021-09-01,24860,340142,4.13
2021-12-01,24860,350244,3.25
2022-03-01,24860,351349,4.85
2022-06-01,24860,356778,5.65
2022-09-01,24860,358749,5.47
2022-12-01,24860,361825,3.31
2023-03-01,24860,360331,2.56
2023-06-01,24860,363569,1.9
2023-09-01,24860,364882,1.71
2023-12-01,24860,369911,2.23
2024-03-01,24860,367214,
2024-06-01,24860,372281,2.4
2024-09-01,24860,371316,1.76
2024-12-01,24860,375063,1.39
2025-03-01,24860,373723,
2025-06-01,24860,375434,0.85
2016-03-01,25020,9677,
2016-06-01,25020,9707,
2016-09-01,25020,9763,
2016-12-01,25020,9751,
2017-03-01,25020,9488,
2017-06-01,25020,9267,-4.53
2017-09-01,25020,9198,-5.79
2017-12-01,25020,8987,-7.84
2018-03-01,25020,8686,-8.45
2018-06-01,25020,8727,-5.83
2018-09-01,25020,8837,-3.92
2018-12-01,25020,9150,1.81
2019-03-01,25020,9090,4.65
2019-06-01,25020,8876,1.71
2019-09-01,25020,8479,-4.05
2019-12-01,25020,9028,-1.33
2020-03-01,25020,9207,
2020-06-01,25020,8235,-7.22
2020-09-01,25020,9089,7.19
2020-12-01,25020,9401,4.13
2021-03-01,25020,9231,
2021-06-01,25020,9529,15.71
2021-09-01,25020,9826,8.11
2021-12-01,25020,10249,9.02
2022-03-01,25020,9449,2.36
2022-06-01,25020,9340,-1.98
2022-09-01,25020,9365,-4.69
2022-12-01,25020,9876,-3.64
2023-03-01,25020,9497,0.51
2023-06-01,25020,9427,0.93
2023-09-01,25020,9443,0.83
2023-12-01,25020,9587,-2.93
2024-03-01,25020,9570,
2024-06-01,25020,9210,-2.3
2024-09-01,25020,9310,-1.41
2024-12-01,25020,9938,3.66
2025-03-01,25020,9633,
2025-06-01,25020,9751,5.87
2016-03-01,25060,115612,
2016-06-01,25060,115168,
2016-09-01,25060,115004,
2016-12-01,25060,113926,
2017-03-01,25060,114033,
2017-06-01,25060,116178,0.88
2017-09-01,25060,114045,-0.83
2017-12-01,25060,114435,0.45
2018-03-01,25060,114637,0.53
2018-06-01,25060,116432,0.22
2018-09-01,25060,114734,0.6
2018-12-01,25060,114712,0.24
2019-03-01,25060,114442,-0.17
2019-06-01,25060,117508,0.92
2019-09-01,25060,115286,0.48
2019-12-01,25060,115697,0.86
2020-03-01,25060,116006,
2020-06-01,25060,106510,-9.36
2020-09-01,25060,109785,-4.77
2020-12-01,25060,112820,-2.49
2021-03-01,25060,111933,
2021-06-01,25060,114514,7.51
2021-09-01,25060,114333,4.14
2021-12-01,25060,117065,3.76
2022-03-01,25060,115214,2.93
2022-06-01,25060,116816,2.01
2022-09-01,25060,116285,1.71
2022-12-01,25060,116814,-0.21
2023-03-01,25060,117746,2.2
2023-06-01,25060,120260,2.95
2023-09-01,25060,119576,2.83
2023-12-01,25060,119230,2.07
2024-03-01,25060,123541,
2024-06-01,25060,123632,2.8
2024-09-01,25060,123401,3.2
2024-12-01,25060,122305,2.58
2025-03-01,25060,122444,
2025-06-01,25060,124014,0.31
2016-03-01,25180,81354,
2016-06-01,25180,82636,
2016-09-01,25180,83280,
2016-12-01,25180,86204,
2017-03-01,25180,81406,
2017-06-01,25180,83310,0.82
2017-09-01,25180,83462,0.22
2017-12-01,25180,84846,-1.58
2018-03-01,25180,82511,1.36
2018-06-01,25180,83976,0.8
2018-09-01,25180,83856,0.47
2018-12-01,25180,87428,3.04
2019-03-01,25180,82498,-0.02
2019-06-01,25180,84375,0.48
2019-09-01,25180,84367,0.61
2019-12-01,25180,86199,-1.41
2020-03-01,25180,81200,
2020-06-01,25180,75824,-10.13
2020-09-01,25180,78748,-6.66
2020-12-01,25180,81801,-5.1
2021-03-01,25180,79870,
2021-06-01,25180,81364,7.31
2021-09-01,25180,81275,3.21
2021-12-01,25180,83720,2.35
2022-03-01,25180,81555,2.11
2022-06-01,25180,80793,-0.7
2022-09-01,25180,82520,1.53
2022-12-01,25180,83258,-0.55
2023-03-01,25180,81467,-0.11
2023-06-01,25180,83852,3.79
2023-09-01,25180,83416,1.09
2023-12-01,25180,84572,1.58
2024-03-01,25180,86284,
2024-06-01,25180,88367,5.38
2024-09-01,25180,87182,4.51
2024-12-01,25180,88112,4.19
2025-03-01,25180,86457,
2025-06-01,25180,87737,-0.71
2016-03-01,25220,31465,
2016-06-01,25220,32149,
2016-09-01,25220,32732,
2016-12-01,25220,32945,
2017-03-01,25220,32620,
2017-06-01,25220,32922,2.4
2017-09-01,25220,33302,1.74
2017-12-01,25220,33885,2.85
2018-03-01,25220,32384,-0.72
2018-06-01,25220,32736,-0.56
2018-09-01,25220,32972,-0.99
2018-12-01,25220,33142,-2.19
2019-03-01,25220,32691,0.95
2019-06-01,25220,32627,-0.33
2019-09-01,25220,33161,0.57
2019-12-01,25220,33481,1.02
2020-03-01,25220,33491,
2020-06-01,25220,31176,-4.45
2020-09-01,25220,33173,0.04
2020-12-01,25220,33921,1.31
2021-03-01,25220,33632,
2021-06-01,25220,34083,9.32
2021-09-01,25220,32690,-1.46
2021-12-01,25220,35367,4.26
2022-03-01,25220,35110,4.39
2022-06-01,25220,35477,4.09
2022-09-01,25220,36277,10.97
2022-12-01,25220,36595,3.47
2023-03-01,25220,36571,4.16
2023-06-01,25220,36003,1.48
2023-09-01,25220,36741,1.28
2023-12-01,25220,36916,0.88
2024-03-01,25220,36799,
2024-06-01,25220,36196,0.54
2024-09-01,25220,35999,-2.02
2024-12-01,25220,36650,-0.72
2025-03-01,25220,36073,
2025-06-01,25220,35757,-1.21
2016-03-01,25260,29588,
2016-06-01,25260,32094,
2016-09-01,25260,32239,
2016-12-01,25260,30763,
2017-03-01,25260,30231,
2017-06-01,25260,33310,3.79
2017-09-01,25260,33397,3.59
2017-12-01,25260,32319,5.06
2018-03-01,25260,31287,3.49
2018-06-01,25260,33065,-0.74
2018-09-01,25260,34238,2.52
2018-12-01,25260,33297,3.03
2019-03-01,25260,32168,2.82
2019-06-01,25260,33800,2.22
2019-09-01,25260,34579,1
2019-12-01,25260,33280,-0.05
2020-03-01,25260,31966,
2020-06-01,25260,32070,-5.12
2020-09-01,25260,32307,-6.57
2020-12-01,25260,32716,-1.69
2021-03-01,25260,30289,
2021-06-01,25260,32247,0.55
2021-09-01,25260,33213,2.8
2021-12-01,25260,33168,1.38
2022-03-01,25260,32338,6.76
2022-06-01,25260,34221,6.12
2022-09-01,25260,35505,6.9
2022-12-01,25260,34464,3.91
2023-03-01,25260,32328,-0.03
2023-06-01,25260,35266,3.05
2023-09-01,25260,36474,2.73
2023-12-01,25260,34868,1.17
2024-03-01,25260,33251,
2024-06-01,25260,35536,0.77
2024-09-01,25260,35888,-1.61
2024-12-01,25260,34710,-0.45
2025-03-01,25260,33464,
2025-06-01,25260,37656,5.97
2016-03-01,25420,259344,
2016-06-01,25420,268473,
2016-09-01,25420,265260,
2016-12-01,25420,267204,
2017-03-01,25420,261388,
2017-06-01,25420,272152,1.37
2017-09-01,25420,268987,1.41
2017-12-01,25420,271558,1.63
2018-03-01,25420,265455,1.56
2018-06-01,25420,276923,1.75
2018-09-01,25420,273966,1.85
2018-12-01,25420,276531,1.83
2019-03-01,25420,270145,1.77
2019-06-01,25420,280556,1.31
2019-09-01,25420,276145,0.8
2019-12-01,25420,279828,1.19
2020-03-01,25420,270897,
2020-06-01,25420,248818,-11.31
2020-09-01,25420,258607,-6.35
2020-12-01,25420,262478,-6.2
2021-03-01,25420,260058,
2021-06-01,25420,267240,7.4
2021-09-01,25420,265911,2.82
2021-12-01,25420,272673,3.88
2022-03-01,25420,267209,2.75
2022-06-01,25420,276079,3.31
2022-09-01,25420,275656,3.66
2022-12-01,25420,278690,2.21
2023-03-01,25420,274096,2.58
2023-06-01,25420,282439,2.3
2023-09-01,25420,279197,1.28
2023-12-01,25420,282852,1.49
2024-03-01,25420,277019,
2024-06-01,25420,284613,0.77
2024-09-01,25420,282602,1.22
2024-12-01,25420,285085,0.79
2025-03-01,25420,277863,
2025-06-01,25420,284148,-0.16
2016-03-01,25500,51717,
2016-06-01,25500,52470,
2016-09-01,25500,53497,
2016-12-01,25500,53929,
2017-03-01,25500,52987,
2017-06-01,25500,52907,0.83
2017-09-01,25500,53796,0.56
2017-12-01,25500,54037,0.2
2018-03-01,25500,53409,0.8
2018-06-01,25500,53183,0.52
2018-09-01,25500,53843,0.09
2018-12-01,25500,54479,0.82
2019-03-01,25500,54484,2.01
2019-06-01,25500,54085,1.7
2019-09-01,25500,54848,1.87
2019-12-01,25500,55022,1
2020-03-01,25500,54195,
2020-06-01,25500,48405,-10.5
2020-09-01,25500,51302,-6.47
2020-12-01,25500,51674,-6.08
2021-03-01,25500,52139,
2021-06-01,25500,52534,8.53
2021-09-01,25500,53394,4.08
2021-12-01,25500,54058,4.61
2022-03-01,25500,53900,3.38
2022-06-01,25500,53112,1.1
2022-09-01,25500,54382,1.85
2022-12-01,25500,54741,1.26
2023-03-01,25500,54904,1.86
2023-06-01,25500,54330,2.29
2023-09-01,25500,55615,2.27
2023-12-01,25500,55373,1.15
2024-03-01,25500,54942,
2024-06-01,25500,54139,-0.35
2024-09-01,25500,55015,-1.08
2024-12-01,25500,55187,-0.34
2025-03-01,25500,55052,
2025-06-01,25500,54547,0.75
2016-03-01,25540,513251,
2016-06-01,25540,530314,
2016-09-01,25540,525862,
2016-12-01,25540,528621,
2017-03-01,25540,516749,
2017-06-01,25540,535187,0.92
2017-09-01,25540,529646,0.72
2017-12-01,25540,533182,0.86
2018-03-01,25540,520464,0.72
2018-06-01,25540,540475,0.99
2018-09-01,25540,533749,0.77
2018-12-01,25540,537208,0.76
2019-03-01,25540,522852,0.46
2019-06-01,25540,538897,-0.29
2019-09-01,25540,533565,-0.03
2019-12-01,25540,536872,-0.06
2020-03-01,25540,521893,
2020-06-01,25540,473743,-12.09
2020-09-01,25540,492017,-7.79
2020-12-01,25540,500443,-6.79
2021-03-01,25540,491025,
2021-06-01,25540,506532,6.92
2021-09-01,25540,504765,2.59
2021-12-01,25540,515278,2.96
2024-03-01,25540,493871,
2024-06-01,25540,510813,
2024-09-01,25540,507060,
2024-12-01,25540,514997,
2025-03-01,25540,507679,
2025-06-01,25540,520606,1.92
2016-03-01,25620,45909,
2016-06-01,25620,45312,
2016-09-01,25620,46555,
2016-12-01,25620,47563,
2017-03-01,25620,46949,
2017-06-01,25620,46766,3.21
2017-09-01,25620,47756,2.58
2017-12-01,25620,48747,2.49
2018-03-01,25620,47548,1.28
2018-06-01,25620,47402,1.36
2018-09-01,25620,48317,1.17
2018-12-01,25620,49639,1.83
2019-03-01,25620,48071,1.1
2019-06-01,25620,47841,0.93
2019-09-01,25620,48376,0.12
2019-12-01,25620,49489,-0.3
2020-03-01,25620,47666,
2020-06-01,25620,44893,-6.16
2020-09-01,25620,46269,-4.36
2020-12-01,25620,48151,-2.7
2021-03-01,25620,46738,
2021-06-01,25620,47104,4.93
2021-09-01,25620,47220,2.06
2021-12-01,25620,49375,2.54
2022-03-01,25620,48095,2.9
2022-06-01,25620,48533,3.03
2022-09-01,25620,49050,3.88
2022-12-01,25620,49617,0.49
2023-03-01,25620,48529,0.9
2023-06-01,25620,48729,0.4
2023-09-01,25620,48602,-0.91
2023-12-01,25620,49007,-1.23
2024-03-01,25620,47853,
2024-06-01,25620,47685,-2.14
2024-09-01,25620,47769,-1.71
2024-12-01,25620,47925,-2.21
2025-03-01,25620,48116,
2025-06-01,25620,48093,0.86
2024-03-01,25740,31345,
2024-06-01,25740,32741,
2024-09-01,25740,32217,
2024-12-01,25740,32138,
2025-03-01,25740,31452,
2025-06-01,25740,32699,-0.13
2016-03-01,25860,124039,
2016-06-01,25860,126208,
2016-09-01,25860,126225,
2016-12-01,25860,127637,
2017-03-01,25860,128327,
2017-06-01,25860,129727,2.79
2017-09-01,25860,128395,1.72
2017-12-01,25860,130026,1.87
2018-03-01,25860,128557,0.18
2018-06-01,25860,130641,0.7
2018-09-01,25860,130240,1.44
2018-12-01,25860,130699,0.52
2019-03-01,25860,130091,1.19
2019-06-01,25860,131389,0.57
2019-09-01,25860,130410,0.13
2019-12-01,25860,131676,0.75
2020-03-01,25860,129857,
2020-06-01,25860,121817,-7.29
2020-09-01,25860,123982,-4.93
2020-12-01,25860,127798,-2.95
2021-03-01,25860,125908,
2021-06-01,25860,127450,4.62
2021-09-01,25860,126836,2.3
2021-12-01,25860,130889,2.42
2022-03-01,25860,130272,3.47
2022-06-01,25860,133196,4.51
2022-09-01,25860,133162,4.99
2022-12-01,25860,134927,3.09
2023-03-01,25860,132573,1.77
2023-06-01,25860,132963,-0.17
2023-09-01,25860,131807,-1.02
2023-12-01,25860,133325,-1.19
2024-03-01,25860,131254,
2024-06-01,25860,132240,-0.54
2024-09-01,25860,131099,-0.54
2024-12-01,25860,130398,-2.2
2025-03-01,25860,130867,
2025-06-01,25860,131850,-0.29
2016-03-01,25940,59001,
2016-06-01,25940,64101,
2016-09-01,25940,61322,
2016-12-01,25940,60306,
2017-03-01,25940,61505,
2017-06-01,25940,66527,3.78
2017-09-01,25940,61625,0.49
2017-12-01,25940,62238,3.2
2018-03-01,25940,63504,3.25
2018-06-01,25940,69468,4.42
2018-09-01,25940,65445,6.2
2018-12-01,25940,65644,5.47
2019-03-01,25940,65654,3.39
2019-06-01,25940,69973,0.73
2019-09-01,25940,67525,3.18
2019-12-01,25940,66883,1.89
2020-03-01,25940,65940,
2020-06-01,25940,64161,-8.31
2020-09-01,25940,63130,-6.51
2020-12-01,25940,64158,-4.07
2021-03-01,25940,64071,
2021-06-01,25940,67362,4.99
2021-09-01,25940,66017,4.57
2021-12-01,25940,66645,3.88
2022-03-01,25940,66049,3.09
2022-06-01,25940,69596,3.32
2022-09-01,25940,68673,4.02
2022-12-01,25940,68369,2.59
2023-03-01,25940,68800,4.17
2023-06-01,25940,72527,4.21
2023-09-01,25940,70601,2.81
2023-12-01,25940,69991,2.37
2024-03-01,25940,69114,
2024-06-01,25940,73188,0.91
2024-09-01,25940,70522,-0.11
2024-12-01,25940,69112,-1.26
2025-03-01,25940,69961,
2025-06-01,25940,73221,0.05
2016-03-01,25980,11281,
2016-06-01,25980,11254,
2016-09-01,25980,11575,
2016-12-01,25980,11546,
2017-03-01,25980,11955,
2017-06-01,25980,11846,5.26
2017-09-01,25980,12002,3.69
2017-12-01,25980,12269,6.26
2018-03-01,25980,12263,2.58
2018-06-01,25980,12134,2.43
2018-09-01,25980,12203,1.67
2018-12-01,25980,12492,1.82
2019-03-01,25980,12821,4.55
2019-06-01,25980,12661,4.34
2019-09-01,25980,12578,3.07
2019-12-01,25980,12646,1.23
2020-03-01,25980,12474,
2020-06-01,25980,11783,-6.93
2020-09-01,25980,12005,-4.56
2020-12-01,25980,11775,-6.89
2021-03-01,25980,12889,
2021-06-01,25980,12886,9.36
2021-09-01,25980,12807,6.68
2021-12-01,25980,13259,12.6
2022-03-01,25980,13148,2.01
2022-06-01,25980,13335,3.48
2022-09-01,25980,13564,5.91
2022-12-01,25980,13632,2.81
2023-03-01,25980,13476,2.49
2023-06-01,25980,13510,1.31
2023-09-01,25980,13284,-2.06
2023-12-01,25980,13267,-2.68
2024-03-01,25980,13366,
2024-06-01,25980,13574,0.47
2024-09-01,25980,13503,1.65
2024-12-01,25980,13610,2.59
2025-03-01,25980,13480,
2025-06-01,25980,13354,-1.62
2016-03-01,26140,28342,
2016-06-01,26140,27957,
2016-09-01,26140,27747,
2016-12-01,26140,28041,
2017-03-01,26140,28245,
2017-06-01,26140,28332,1.34
2017-09-01,26140,27316,-1.55
2017-12-01,26140,28214,0.62
2018-03-01,26140,28184,-0.22
2018-06-01,26140,28268,-0.23
2018-09-01,26140,28099,2.87
2018-12-01,26140,28520,1.08
2019-03-01,26140,28464,0.99
2019-06-01,26140,28113,-0.55
2019-09-01,26140,27799,-1.07
2019-12-01,26140,28047,-1.66
2020-03-01,26140,27991,
2020-06-01,26140,26791,-4.7
2020-09-01,26140,26813,-3.55
2020-12-01,26140,27597,-1.6
2021-03-01,26140,27816,
2021-06-01,26140,27987,4.46
2021-09-01,26140,27818,3.75
2021-12-01,26140,28585,3.58
2022-03-01,26140,29056,4.46
2022-06-01,26140,29403,5.06
2022-09-01,26140,29470,5.94
2022-12-01,26140,29756,4.1
2023-03-01,26140,29958,3.1
2023-06-01,26140,30079,2.3
2023-09-01,26140,29650,0.61
2023-12-01,26140,30212,1.53
2024-03-01,26140,30036,
2024-06-01,26140,30139,0.2
2024-09-01,26140,29957,1.04
2024-12-01,26140,30258,0.15
2025-03-01,26140,30714,
2025-06-01,26140,30559,1.39
2016-03-01,26300,31892,
2016-06-01,26300,32855,
2016-09-01,26300,31892,
2016-12-01,26300,31846,
2017-03-01,26300,32442,
2017-06-01,26300,32853,-0.01
2017-09-01,26300,32056,0.51
2017-12-01,26300,32133,0.9
2018-03-01,26300,32933,1.51
2018-06-01,26300,33216,1.1
2018-09-01,26300,32739,2.13
2018-12-01,26300,32871,2.3
2019-03-01,26300,33622,2.09
2019-06-01,26300,33768,1.66
2019-09-01,26300,33199,1.41
2019-12-01,26300,33535,2.02
2020-03-01,26300,33722,
2020-06-01,26300,31366,-7.11
2020-09-01,26300,31509,-5.09
2020-12-01,26300,31776,-5.25
2021-03-01,26300,32266,
2021-06-01,26300,32836,4.69
2021-09-01,26300,32659,3.65
2021-12-01,26300,33358,4.98
2022-03-01,26300,33423,3.59
2022-06-01,26300,33849,3.09
2022-09-01,26300,33748,3.33
2022-12-01,26300,34059,2.1
2023-03-01,26300,33921,1.49
2023-06-01,26300,34109,0.77
2023-09-01,26300,33621,-0.38
2023-12-01,26300,34083,0.07
2024-03-01,26300,34114,
2024-06-01,26300,34025,-0.25
2024-09-01,26300,33507,-0.34
2024-12-01,26300,34077,-0.02
2025-03-01,26300,34314,
2025-06-01,26300,34858,2.45
2016-03-01,26380,75489,
2016-06-01,26380,74634,
2016-09-01,26380,72868,
2016-12-01,26380,71996,
2017-03-01,26380,70786,
2017-06-01,26380,71363,-4.38
2017-09-01,26380,71278,-2.18
2017-12-01,26380,72253,0.36
2018-03-01,26380,71696,1.29
2018-06-01,26380,72651,1.8
2018-09-01,26380,71736,0.64
2018-12-01,26380,72175,-0.11
2019-03-01,26380,71556,-0.2
2019-06-01,26380,72297,-0.49
2019-09-01,26380,73053,1.84
2019-12-01,26380,73073,1.24
2020-03-01,26380,72716,
2020-06-01,26380,66682,-7.77
2020-09-01,26380,67702,-7.32
2020-12-01,26380,68987,-5.59
2021-03-01,26380,68568,
2021-06-01,26380,69159,3.71
2021-09-01,26380,62654,-7.46
2021-12-01,26380,67456,-2.22
2022-03-01,26380,67553,-1.48
2022-06-01,26380,69468,0.45
2022-09-01,26380,70376,12.32
2022-12-01,26380,70837,5.01
2023-03-01,26380,70981,5.07
2023-06-01,26380,72511,4.38
2023-09-01,26380,72194,2.58
2023-12-01,26380,73141,3.25
2024-03-01,26380,71989,
2024-06-01,26380,72716,0.28
2024-09-01,26380,71502,-0.96
2024-12-01,26380,73040,-0.14
2025-03-01,26380,72859,
2025-06-01,26380,72630,-0.12
2016-03-01,26420,2491494,
2016-06-01,26420,2499718,
2016-09-01,26420,2490582,
2016-12-01,26420,2500175,
2017-03-01,26420,2492564,
2017-06-01,26420,2526827,1.08
2017-09-01,26420,2503963,0.54
2017-12-01,26420,2552163,2.08
2018-03-01,26420,2546226,2.15
2018-06-01,26420,2585188,2.31
2018-09-01,26420,2583877,3.19
2018-12-01,26420,2625069,2.86
2019-03-01,26420,2611958,2.58
2019-06-01,26420,2646736,2.38
2019-09-01,26420,2641459,2.23
2019-12-01,26420,2665997,1.56
2020-03-01,26420,2633653,
2020-06-01,26420,2433542,-8.05
2020-09-01,26420,2422461,-8.29
2020-12-01,26420,2491181,-6.56
2021-03-01,26420,2489666,
2021-06-01,26420,2540392,4.39
2021-09-01,26420,2562282,5.77
2021-12-01,26420,2649616,6.36
2022-03-01,26420,2640712,6.07
2022-06-01,26420,2684779,5.68
2022-09-01,26420,2713075,5.89
2022-12-01,26420,2763457,4.3
2023-03-01,26420,2763139,4.64
2023-06-01,26420,2797794,4.21
2023-09-01,26420,2789364,2.81
2023-12-01,26420,2820322,2.06
2024-03-01,26420,2808791,
2024-06-01,26420,2831066,1.19
2024-09-01,26420,2819931,1.1
2024-12-01,26420,2852914,1.16
2025-03-01,26420,2833546,
2025-06-01,26420,2847556,0.58
2016-03-01,26580,104846,
2016-06-01,26580,106554,
2016-09-01,26580,107006,
2016-12-01,26580,106872,
2017-03-01,26580,105478,
2017-06-01,26580,107379,0.77
2017-09-01,26580,107493,0.46
2017-12-01,26580,106914,0.04
2018-03-01,26580,105126,-0.33
2018-06-01,26580,107168,-0.2
2018-09-01,26580,106872,-0.58
2018-12-01,26580,106859,-0.05
2019-03-01,26580,105341,0.2
2019-06-01,26580,106932,-0.22
2019-09-01,26580,107093,0.21
2019-12-01,26580,106645,-0.2
2020-03-01,26580,104185,
2020-06-01,26580,98279,-8.09
2020-09-01,26580,100687,-5.98
2020-12-01,26580,101135,-5.17
2021-03-01,26580,100369,
2021-06-01,26580,102761,4.56
2021-09-01,26580,103506,2.8
2021-12-01,26580,104976,3.8
2022-03-01,26580,103220,2.84
2022-06-01,26580,104273,1.47
2022-09-01,26580,105867,2.28
2022-12-01,26580,106059,1.03
2023-03-01,26580,105629,2.33
2023-06-01,26580,107560,3.15
2023-09-01,26580,108011,2.03
2023-12-01,26580,108082,1.91
2024-03-01,26580,114725,
2024-06-01,26580,116285,8.11
2024-09-01,26580,116097,7.49
2024-12-01,26580,115881,7.22
2025-03-01,26580,115193,
2025-06-01,26580,117451,1
2016-03-01,26620,164954,
2016-06-01,26620,166273,
2016-09-01,26620,167500,
2016-12-01,26620,168977,
2017-03-01,26620,168587,
2017-06-01,26620,171682,3.25
2017-09-01,26620,171054,2.12
2017-12-01,26620,173182,2.49
2018-03-01,26620,172744,2.47
2018-06-01,26620,174754,1.79
2018-09-01,26620,174582,2.06
2018-12-01,26620,178265,2.94
2019-03-01,26620,178626,3.41
2019-06-01,26620,180598,3.34
2019-09-01,26620,180697,3.5
2019-12-01,26620,184875,3.71
2020-03-01,26620,183033,
2020-06-01,26620,172495,-4.49
2020-09-01,26620,176281,-2.44
2020-12-01,26620,181543,-1.8
2021-03-01,26620,182296,
2021-06-01,26620,185593,7.59
2021-09-01,26620,186063,5.55
2021-12-01,26620,190156,4.74
2022-03-01,26620,190572,4.54
2022-06-01,26620,192665,3.81
2022-09-01,26620,197406,6.1
2022-12-01,26620,198807,4.55
2023-03-01,26620,200423,5.17
2023-06-01,26620,204765,6.28
2023-09-01,26620,204304,3.49
2023-12-01,26620,207052,4.15
2024-03-01,26620,205870,
2024-06-01,26620,209096,2.12
2024-09-01,26620,208359,1.98
2024-12-01,26620,209853,1.35
2025-03-01,26620,209377,
2025-06-01,26620,213220,1.97
2016-03-01,26820,53397,
2016-06-01,26820,56284,
2016-09-01,26820,55931,
2016-12-01,26820,55535,
2017-03-01,26820,54910,
2017-06-01,26820,57800,2.69
2017-09-01,26820,57230,2.32
2017-12-01,26820,56874,2.41
2018-03-01,26820,56832,3.5
2018-06-01,26820,59557,3.04
2018-09-01,26820,59316,3.64
2018-12-01,26820,59281,4.23
2019-03-01,26820,58619,3.14
2019-06-01,26820,61322,2.96
2019-09-01,26820,61333,3.4
2019-12-01,26820,62068,4.7
2020-03-01,26820,60609,
2020-06-01,26820,61828,0.83
2020-09-01,26820,63204,3.05
2020-12-01,26820,63738,2.69
2021-03-01,26820,63571,
2021-06-01,26820,66321,7.27
2021-09-01,26820,66075,4.54
2021-12-01,26820,66021,3.58
2022-03-01,26820,66839,5.14
2022-06-01,26820,68899,3.89
2022-09-01,26820,68592,3.81
2022-12-01,26820,68791,4.2
2023-03-01,26820,68529,2.53
2023-06-01,26820,72330,4.98
2023-09-01,26820,71325,3.98
2023-12-01,26820,72007,4.68
2024-03-01,26820,70478,
2024-06-01,26820,73454,1.55
2024-09-01,26820,72894,2.2
2024-12-01,26820,72606,0.83
2025-03-01,26820,71435,
2025-06-01,26820,74167,0.97
2016-03-01,26900,844397,
2016-06-01,26900,868284,
2016-09-01,26900,871093,
2016-12-01,26900,872721,
2017-03-01,26900,857678,
2017-06-01,26900,884317,1.85
2017-09-01,26900,877038,0.68
2017-12-01,26900,886484,1.58
2018-03-01,26900,870982,1.55
2018-06-01,26900,893439,1.03
2018-09-01,26900,888781,1.34
2018-12-01,26900,895082,0.97
2019-03-01,26900,887396,1.88
2019-06-01,26900,909023,1.74
2019-09-01,26900,901670,1.45
2019-12-01,26900,915570,2.29
2020-03-01,26900,885459,
2020-06-01,26900,840440,-7.54
2020-09-01,26900,860376,-4.58
2020-12-01,26900,878410,-4.06
2021-03-01,26900,871740,
2021-06-01,26900,891572,6.08
2021-09-01,26900,897756,4.34
2021-12-01,26900,922430,5.01
2022-03-01,26900,915200,4.99
2022-06-01,26900,936481,5.04
2022-09-01,26900,942275,4.96
2022-12-01,26900,949218,2.9
2023-03-01,26900,938382,2.53
2023-06-01,26900,962607,2.79
2023-09-01,26900,961893,2.08
2023-12-01,26900,969421,2.13
2024-03-01,26900,943509,
2024-06-01,26900,967265,0.48
2024-09-01,26900,961414,-0.05
2024-12-01,26900,968095,-0.14
2025-03-01,26900,952683,
2025-06-01,26900,969627,0.24
2016-03-01,26980,61130,
2016-06-01,26980,62211,
2016-09-01,26980,63006,
2016-12-01,26980,62998,
2017-03-01,26980,61580,
2017-06-01,26980,62659,0.72
2017-09-01,26980,62730,-0.44
2017-12-01,26980,63552,0.88
2018-03-01,26980,61756,0.29
2018-06-01,26980,62261,-0.64
2018-09-01,26980,61608,-1.79
2018-12-01,26980,61806,-2.75
2019-03-01,26980,60277,-2.39
2019-06-01,26980,61338,-1.48
2019-09-01,26980,60804,-1.31
2019-12-01,26980,61270,-0.87
2020-03-01,26980,59529,
2020-06-01,26980,54801,-10.66
2020-09-01,26980,55545,-8.65
2020-12-01,26980,56437,-7.89
2021-03-01,26980,55692,
2021-06-01,26980,57028,4.06
2021-09-01,26980,57503,3.53
2021-12-01,26980,58756,4.11
2022-03-01,26980,58256,4.6
2022-06-01,26980,59170,3.76
2022-09-01,26980,59596,3.64
2022-12-01,26980,59065,0.53
2023-03-01,26980,57857,-0.68
2023-06-01,26980,59328,0.27
2023-09-01,26980,59283,-0.53
2023-12-01,26980,59346,0.48
2024-03-01,26980,56741,
2024-06-01,26980,58361,-1.63
2024-09-01,26980,59019,-0.45
2024-12-01,26980,58817,-0.89
2025-03-01,26980,58360,
2025-06-01,26980,58652,0.5
2016-03-01,27060,42787,
2016-06-01,27060,45567,
2016-09-01,27060,44970,
2016-12-01,27060,44106,
2017-03-01,27060,43059,
2017-06-01,27060,45169,-0.87
2017-09-01,27060,44295,-1.5
2017-12-01,27060,43803,-0.69
2018-03-01,27060,43342,0.66
2018-06-01,27060,44780,-0.86
2018-09-01,27060,45159,1.95
2018-12-01,27060,45085,2.93
2019-03-01,27060,43783,1.02
2019-06-01,27060,43625,-2.58
2019-09-01,27060,43848,-2.9
2019-12-01,27060,43376,-3.79
2020-03-01,27060,42357,
2020-06-01,27060,38294,-12.22
2020-09-01,27060,40012,-8.75
2020-12-01,27060,40206,-7.31
2021-03-01,27060,40954,
2021-06-01,27060,39483,3.1
2021-09-01,27060,41576,3.91
2021-12-01,27060,40899,1.72
2022-03-01,27060,41303,0.85
2022-06-01,27060,40383,2.28
2022-09-01,27060,42951,3.31
2022-12-01,27060,41838,2.3
2023-03-01,27060,41600,0.72
2023-06-01,27060,40378,-0.01
2023-09-01,27060,42574,-0.88
2023-12-01,27060,41687,-0.36
2024-03-01,27060,42564,
2024-06-01,27060,40865,1.21
2024-09-01,27060,43086,1.2
2024-12-01,27060,42520,2
2025-03-01,27060,41681,
2025-06-01,27060,40424,-1.08
2016-03-01,27100,48841,
2016-06-01,27100,50887,
2016-09-01,27100,50286,
2016-12-01,27100,49579,
2017-03-01,27100,48579,
2017-06-01,27100,49910,-1.92
2017-09-01,27100,49498,-1.57
2017-12-01,27100,49478,-0.2
2018-03-01,27100,49121,1.12
2018-06-01,27100,50491,1.16
2018-09-01,27100,49795,0.6
2018-12-01,27100,49556,0.16
2019-03-01,27100,48713,-0.83
2019-06-01,27100,50131,-0.71
2019-09-01,27100,49231,-1.13
2019-12-01,27100,49298,-0.52
2020-03-01,27100,48636,
2020-06-01,27100,43475,-13.28
2020-09-01,27100,45701,-7.17
2020-12-01,27100,45968,-6.75
2021-03-01,27100,47067,
2021-06-01,27100,47884,10.14
2021-09-01,27100,48081,5.21
2021-12-01,27100,49054,6.71
2022-03-01,27100,48619,3.3
2022-06-01,27100,50631,5.74
2022-09-01,27100,49114,2.15
2022-12-01,27100,49348,0.6
2023-03-01,27100,48321,-0.61
2023-06-01,27100,50459,-0.34
2023-09-01,27100,49133,0.04
2023-12-01,27100,48492,-1.73
2024-03-01,27100,47688,
2024-06-01,27100,49106,-2.68
2024-09-01,27100,48320,-1.65
2024-12-01,27100,47698,-1.64
2025-03-01,27100,46810,
2025-06-01,27100,48324,-1.59
2016-03-01,27140,200620,
2016-06-01,27140,203353,
2016-09-01,27140,203784,
2016-12-01,27140,205065,
2017-03-01,27140,202672,
2017-06-01,27140,204937,0.78
2017-09-01,27140,204326,0.27
2017-12-01,27140,206984,0.94
2018-03-01,27140,202877,0.1
2018-06-01,27140,203968,-0.47
2018-09-01,27140,203299,-0.5
2018-12-01,27140,206425,-0.27
2019-03-01,27140,203054,0.09
2019-06-01,27140,205560,0.78
2019-09-01,27140,204457,0.57
2019-12-01,27140,205843,-0.28
2020-03-01,27140,199764,
2020-06-01,27140,187070,-8.99
2020-09-01,27140,192032,-6.08
2020-12-01,27140,198042,-3.79
2021-03-01,27140,193237,
2021-06-01,27140,194355,3.89
2021-09-01,27140,194616,1.35
2021-12-01,27140,199948,0.96
2022-03-01,27140,198000,2.46
2022-06-01,27140,200845,3.34
2022-09-01,27140,203166,4.39
2022-12-01,27140,205685,2.87
2023-03-01,27140,203964,3.01
2023-06-01,27140,205347,2.24
2023-09-01,27140,202682,-0.24
2023-12-01,27140,205371,-0.15
2024-03-01,27140,217409,
2024-06-01,27140,219314,6.8
2024-09-01,27140,219986,8.54
2024-12-01,27140,222063,8.13
2025-03-01,27140,217239,
2025-06-01,27140,217772,-0.7
2016-03-01,27180,50830,
2016-06-01,27180,51913,
2016-09-01,27180,52580,
2016-12-01,27180,52605,
2017-03-01,27180,52179,
2017-06-01,27180,52196,0.55
2017-09-01,27180,52204,-0.72
2017-12-01,27180,52601,-0.01
2018-03-01,27180,51998,-0.35
2018-06-01,27180,52842,1.24
2018-09-01,27180,52634,0.82
2018-12-01,27180,53167,1.08
2019-03-01,27180,52206,0.4
2019-06-01,27180,53201,0.68
2019-09-01,27180,53048,0.79
2019-12-01,27180,53723,1.05
2020-03-01,27180,52610,
2020-06-01,27180,50030,-5.96
2020-09-01,27180,51165,-3.55
2020-12-01,27180,52738,-1.83
2021-03-01,27180,52366,
2021-06-01,27180,52940,5.82
2021-09-01,27180,53162,3.9
2021-12-01,27180,53816,2.04
2022-03-01,27180,54084,3.28
2022-06-01,27180,54427,2.81
2022-09-01,27180,55002,3.46
2022-12-01,27180,54688,1.62
2023-03-01,27180,54388,0.56
2023-06-01,27180,54903,0.87
2023-09-01,27180,55429,0.78
2023-12-01,27180,55568,1.61
2024-03-01,27180,66911,
2024-06-01,27180,67599,23.12
2024-09-01,27180,67117,21.09
2024-12-01,27180,66967,20.51
2025-03-01,27180,67947,
2025-06-01,27180,68333,1.09
2016-03-01,27260,552829,
2016-06-01,27260,559315,
2016-09-01,27260,564836,
2016-12-01,27260,575040,
2017-03-01,27260,573375,
2017-06-01,27260,581392,3.95
2017-09-01,27260,575079,1.81
2017-12-01,27260,598095,4.01
2018-03-01,27260,593791,3.56
2018-06-01,27260,596883,2.66
2018-09-01,27260,598811,4.13
2018-12-01,27260,613501,2.58
2019-03-01,27260,606852,2.2
2019-06-01,27260,610441,2.27
2019-09-01,27260,612491,2.28
2019-12-01,27260,627520,2.29
2020-03-01,27260,613613,
2020-06-01,27260,581282,-4.78
2020-09-01,27260,591287,-3.46
2020-12-01,27260,612708,-2.36
2021-03-01,27260,605732,
2021-06-01,27260,614073,5.64
2021-09-01,27260,622775,5.33
2021-12-01,27260,644929,5.26
2022-03-01,27260,639058,5.5
2022-06-01,27260,646917,5.35
2022-09-01,27260,654091,5.03
2022-12-01,27260,665534,3.19
2023-03-01,27260,660162,3.3
2023-06-01,27260,666195,2.98
2023-09-01,27260,666062,1.83
2023-12-01,27260,678091,1.89
2024-03-01,27260,671767,
2024-06-01,27260,674715,1.28
2024-09-01,27260,675272,1.38
2024-12-01,27260,687679,1.41
2025-03-01,27260,673404,
2025-06-01,27260,672405,-0.34
2016-03-01,27340,33698,
2016-06-01,27340,34255,
2016-09-01,27340,34089,
2016-12-01,27340,33413,
2017-03-01,27340,34319,
2017-06-01,27340,34925,1.96
2017-09-01,27340,34247,0.46
2017-12-01,27340,34891,4.42
2018-03-01,27340,34434,0.34
2018-06-01,27340,34940,0.04
2018-09-01,27340,32481,-5.16
2018-12-01,27340,34295,-1.71
2019-03-01,27340,34978,1.58
2019-06-01,27340,35214,0.78
2019-09-01,27340,34846,7.28
2019-12-01,27340,35126,2.42
2020-03-01,27340,34758,
2020-06-01,27340,33250,-5.58
2020-09-01,27340,34072,-2.22
2020-12-01,27340,35170,0.13
2021-03-01,27340,35450,
2021-06-01,27340,36129,8.66
2021-09-01,27340,36398,6.83
2021-12-01,27340,37438,6.45
2022-03-01,27340,36849,3.95
2022-06-01,27340,37773,4.55
2022-09-01,27340,37933,4.22
2022-12-01,27340,38542,2.95
2023-03-01,27340,38386,4.17
2023-06-01,27340,39228,3.85
2023-09-01,27340,39115,3.12
2023-12-01,27340,39833,3.35
2024-03-01,27340,38879,
2024-06-01,27340,39409,0.46
2024-09-01,27340,38912,-0.52
2024-12-01,27340,39881,0.12
2025-03-01,27340,38216,
2025-06-01,27340,38719,-1.75
2016-03-01,27500,55701,
2016-06-01,27500,57531,
2016-09-01,27500,57104,
2016-12-01,27500,56989,
2017-03-01,27500,56474,
2017-06-01,27500,58900,2.38
2017-09-01,27500,58345,2.17
2017-12-01,27500,58220,2.16
2018-03-01,27500,57577,1.95
2018-06-01,27500,59840,1.6
2018-09-01,27500,59223,1.5
2018-12-01,27500,58936,1.23
2019-03-01,27500,58568,1.72
2019-06-01,27500,60732,1.49
2019-09-01,27500,59733,0.86
2019-12-01,27500,59582,1.1
2020-03-01,27500,58361,
2020-06-01,27500,55473,-8.66
2020-09-01,27500,56230,-5.86
2020-12-01,27500,56473,-5.22
2021-03-01,27500,56133,
2021-06-01,27500,58125,4.78
2021-09-01,27500,57071,1.5
2021-12-01,27500,57307,1.48
2022-03-01,27500,57274,2.03
2022-06-01,27500,59061,1.61
2022-09-01,27500,58779,2.99
2022-12-01,27500,58511,2.1
2023-03-01,27500,59535,3.95
2023-06-01,27500,61635,4.36
2023-09-01,27500,61365,4.4
2023-12-01,27500,60730,3.79
2024-03-01,27500,60492,
2024-06-01,27500,62321,1.11
2024-09-01,27500,61974,0.99
2024-12-01,27500,61686,1.57
2025-03-01,27500,60727,
2025-06-01,27500,62620,0.48
2016-03-01,27620,49331,
2016-06-01,27620,50003,
2016-09-01,27620,50709,
2016-12-01,27620,50783,
2017-03-01,27620,50614,
2017-06-01,27620,50580,1.15
2017-09-01,27620,51230,1.03
2017-12-01,27620,51141,0.7
2018-03-01,27620,50282,-0.66
2018-06-01,27620,50854,0.54
2018-09-01,27620,51108,-0.24
2018-12-01,27620,51390,0.49
2019-03-01,27620,51233,1.89
2019-06-01,27620,51440,1.15
2019-09-01,27620,51690,1.14
2019-12-01,27620,52753,2.65
2020-03-01,27620,51152,
2020-06-01,27620,49491,-3.79
2020-09-01,27620,50293,-2.7
2020-12-01,27620,51195,-2.95
2021-03-01,27620,50268,
2021-06-01,27620,50705,2.45
2021-09-01,27620,50702,0.81
2021-12-01,27620,51654,0.9
2022-03-01,27620,51441,2.33
2022-06-01,27620,52150,2.85
2022-09-01,27620,52404,3.36
2022-12-01,27620,52690,2.01
2023-03-01,27620,51920,0.93
2023-06-01,27620,52297,0.28
2023-09-01,27620,52209,-0.37
2023-12-01,27620,52261,-0.81
2024-03-01,27620,50880,
2024-06-01,27620,51529,-1.47
2024-09-01,27620,51231,-1.87
2024-12-01,27620,51657,-1.16
2025-03-01,27620,51236,
2025-06-01,27620,52122,1.15
2016-03-01,27740,61479,
2016-06-01,27740,61929,
2016-09-01,27740,62326,
2016-12-01,27740,62062,
2017-03-01,27740,61592,
2017-06-01,27740,62403,0.77
2017-09-01,27740,62723,0.64
2017-12-01,27740,63045,1.58
2018-03-01,27740,62315,1.17
2018-06-01,27740,62679,0.44
2018-09-01,27740,62125,-0.95
2018-12-01,27740,62503,-0.86
2019-03-01,27740,62031,-0.46
2019-06-01,27740,62173,-0.81
2019-09-01,27740,62409,0.46
2019-12-01,27740,62867,0.58
2020-03-01,27740,62134,
2020-06-01,27740,58560,-5.81
2020-09-01,27740,60955,-2.33
2020-12-01,27740,63194,0.52
2021-03-01,27740,62578,
2021-06-01,27740,63070,7.7
2021-09-01,27740,63716,4.53
2021-12-01,27740,64534,2.12
2022-03-01,27740,64785,3.53
2022-06-01,27740,65025,3.1
2022-09-01,27740,65699,3.11
2022-12-01,27740,65859,2.05
2023-03-01,27740,66027,1.92
2023-06-01,27740,66369,2.07
2023-09-01,27740,67383,2.56
2023-12-01,27740,67108,1.9
2024-03-01,27740,65009,
2024-06-01,27740,65327,-1.57
2024-09-01,27740,65342,-3.03
2024-12-01,27740,64133,-4.43
2025-03-01,27740,64790,
2025-06-01,27740,64410,-1.4
2016-03-01,27780,44383,
2016-06-01,27780,45136,
2016-09-01,27780,45077,
2016-12-01,27780,44827,
2017-03-01,27780,43745,
2017-06-01,27780,44163,-2.16
2017-09-01,27780,44188,-1.97
2017-12-01,27780,44043,-1.75
2018-03-01,27780,43098,-1.48
2018-06-01,27780,43815,-0.79
2018-09-01,27780,43676,-1.16
2018-12-01,27780,43576,-1.06
2019-03-01,27780,42922,-0.41
2019-06-01,27780,43607,-0.47
2019-09-01,27780,43362,-0.72
2019-12-01,27780,43034,-1.24
2020-03-01,27780,41822,
2020-06-01,27780,38634,-11.4
2020-09-01,27780,39754,-8.32
2020-12-01,27780,39361,-8.54
2021-03-01,27780,39203,
2021-06-01,27780,39702,2.76
2021-09-01,27780,40182,1.08
2021-12-01,27780,40631,3.23
2022-03-01,27780,39759,1.42
2022-06-01,27780,40379,1.71
2022-09-01,27780,40705,1.3
2022-12-01,27780,40779,0.36
2023-03-01,27780,40007,0.62
2023-06-01,27780,40751,0.92
2023-09-01,27780,40552,-0.38
2023-12-01,27780,40561,-0.53
2024-03-01,27780,40233,
2024-06-01,27780,40414,-0.83
2024-09-01,27780,40455,-0.24
2024-12-01,27780,40229,-0.82
2025-03-01,27780,39534,
2025-06-01,27780,39779,-1.57
2016-03-01,27860,44895,
2016-06-01,27860,45443,
2016-09-01,27860,46221,
2016-12-01,27860,46518,
2017-03-01,27860,46458,
2017-06-01,27860,46560,2.46
2017-09-01,27860,47475,2.71
2017-12-01,27860,47811,2.78
2018-03-01,27860,47259,1.72
2018-06-01,27860,47772,2.6
2018-09-01,27860,48528,2.22
2018-12-01,27860,48770,2.01
2019-03-01,27860,48224,2.04
2019-06-01,27860,48579,1.69
2019-09-01,27860,49506,2.02
2019-12-01,27860,50356,3.25
2020-03-01,27860,49100,
2020-06-01,27860,46178,-4.94
2020-09-01,27860,47848,-3.35
2020-12-01,27860,48859,-2.97
2021-03-01,27860,48485,
2021-06-01,27860,48750,5.57
2021-09-01,27860,49457,3.36
2021-12-01,27860,50607,3.58
2022-03-01,27860,49814,2.74
2022-06-01,27860,50661,3.92
2022-09-01,27860,51125,3.37
2022-12-01,27860,51291,1.35
2023-03-01,27860,50593,1.56
2023-06-01,27860,50964,0.6
2023-09-01,27860,51175,0.1
2023-12-01,27860,51452,0.31
2024-03-01,27860,51430,
2024-06-01,27860,51743,1.53
2024-09-01,27860,52155,1.91
2024-12-01,27860,52462,1.96
2025-03-01,27860,52111,
2025-06-01,27860,52062,0.62
2016-03-01,27900,68256,
2016-06-01,27900,68236,
2016-09-01,27900,67570,
2016-12-01,27900,68347,
2017-03-01,27900,68123,
2017-06-01,27900,68532,0.43
2017-09-01,27900,68493,1.37
2017-12-01,27900,69236,1.3
2018-03-01,27900,68158,0.05
2018-06-01,27900,68851,0.47
2018-09-01,27900,69016,0.76
2018-12-01,27900,70093,1.24
2019-03-01,27900,69273,1.64
2019-06-01,27900,69499,0.94
2019-09-01,27900,69616,0.87
2019-12-01,27900,70214,0.17
2020-03-01,27900,67527,
2020-06-01,27900,64665,-6.96
2020-09-01,27900,65756,-5.54
2020-12-01,27900,67114,-4.42
2021-03-01,27900,67726,
2021-06-01,27900,68472,5.89
2021-09-01,27900,68499,4.17
2021-12-01,27900,70077,4.41
2022-03-01,27900,69303,2.33
2022-06-01,27900,69941,2.15
2022-09-01,27900,70209,2.5
2022-12-01,27900,70917,1.2
2023-03-01,27900,70365,1.53
2023-06-01,27900,71212,1.82
2023-09-01,27900,70850,0.91
2023-12-01,27900,71348,0.61
2024-03-01,27900,75958,
2024-06-01,27900,76086,6.84
2024-09-01,27900,76084,7.39
2024-12-01,27900,76143,6.72
2025-03-01,27900,75323,
2025-06-01,27900,75694,-0.52
2016-03-01,27980,66005,
2016-06-01,27980,65808,
2016-09-01,27980,65686,
2016-12-01,27980,67155,
2017-03-01,27980,67588,
2017-06-01,27980,67818,3.05
2017-09-01,27980,68489,4.27
2017-12-01,27980,70275,4.65
2018-03-01,27980,70245,3.93
2018-06-01,27980,70127,3.4
2018-09-01,27980,69425,1.37
2018-12-01,27980,70862,0.84
2019-03-01,27980,72211,2.8
2019-06-01,27980,71680,2.21
2019-09-01,27980,71470,2.95
2019-12-01,27980,72717,2.62
2020-03-01,27980,71308,
2020-06-01,27980,46627,-34.95
2020-09-01,27980,43866,-38.62
2020-12-01,27980,54962,-24.42
2021-03-01,27980,57834,
2021-06-01,27980,62520,34.09
2021-09-01,27980,63738,45.3
2021-12-01,27980,65972,20.03
2022-03-01,27980,65590,13.41
2022-06-01,27980,66155,5.81
2022-09-01,27980,66870,4.91
2022-12-01,27980,67976,3.04
2023-03-01,27980,67840,3.43
2023-06-01,27980,68227,3.13
2023-09-01,27980,59065,-11.67
2023-12-01,27980,63565,-6.49
2024-03-01,27980,64526,
2024-06-01,27980,64611,-5.3
2024-09-01,27980,64546,9.28
2024-12-01,27980,65818,3.54
2025-03-01,27980,65286,
2025-06-01,27980,65165,0.86
2016-03-01,28020,118251,
2016-06-01,28020,122217,
2016-09-01,28020,125085,
2016-12-01,28020,121035,
2017-03-01,28020,120288,
2017-06-01,28020,124123,1.56
2017-09-01,28020,124641,-0.35
2017-12-01,28020,121951,0.76
2018-03-01,28020,121459,0.97
2018-06-01,28020,125560,1.16
2018-09-01,28020,125608,0.78
2018-12-01,28020,123274,1.08
2019-03-01,28020,122786,1.09
2019-06-01,28020,127170,1.28
2019-09-01,28020,126909,1.04
2019-12-01,28020,124466,0.97
2020-03-01,28020,123315,
2020-06-01,28020,113298,-10.91
2020-09-01,28020,118121,-6.92
2020-12-01,28020,116063,-6.75
2021-03-01,28020,117806,
2021-06-01,28020,121358,7.11
2021-09-01,28020,121907,3.21
2021-12-01,28020,123115,6.08
2022-03-01,28020,122615,4.08
2022-06-01,28020,126975,4.63
2022-09-01,28020,125538,2.98
2022-12-01,28020,124471,1.1
2023-03-01,28020,123119,0.41
2023-06-01,28020,127335,0.28
2023-09-01,28020,125685,0.12
2023-12-01,28020,124295,-0.14
2024-03-01,28020,107295,
2024-06-01,28020,109366,-14.11
2024-09-01,28020,107889,-14.16
2024-12-01,28020,107885,-13.2
2025-03-01,28020,108520,
2025-06-01,28020,110577,1.11
2016-03-01,28100,35800,
2016-06-01,28100,36920,
2016-09-01,28100,37206,
2016-12-01,28100,37188,
2017-03-01,28100,37753,
2017-06-01,28100,39120,5.96
2017-09-01,28100,39526,6.24
2017-12-01,28100,37961,2.08
2018-03-01,28100,37162,-1.57
2018-06-01,28100,38669,-1.15
2018-09-01,28100,38682,-2.14
2018-12-01,28100,38278,0.84
2019-03-01,28100,37947,2.11
2019-06-01,28100,39199,1.37
2019-09-01,28100,39012,0.85
2019-12-01,28100,37995,-0.74
2020-03-01,28100,37879,
2020-06-01,28100,35632,-9.1
2020-09-01,28100,35748,-8.37
2020-12-01,28100,35898,-5.52
2021-03-01,28100,35603,
2021-06-01,28100,35635,0.01
2021-09-01,28100,35204,-1.52
2021-12-01,28100,34857,-2.9
2022-03-01,28100,35484,-0.33
2022-06-01,28100,36303,1.87
2022-09-01,28100,35831,1.78
2022-12-01,28100,35376,1.49
2023-03-01,28100,35157,-0.92
2023-06-01,28100,36096,-0.57
2023-09-01,28100,35891,0.17
2023-12-01,28100,35312,-0.18
2024-03-01,28100,35114,
2024-06-01,28100,35999,-0.27
2024-09-01,28100,35760,-0.36
2024-12-01,28100,35322,0.03
2025-03-01,28100,34981,
2025-06-01,28100,35833,-0.46
2016-03-01,28140,854796,
2016-06-01,28140,878720,
2016-09-01,28140,879536,
2016-12-01,28140,886096,
2017-03-01,28140,871666,
2017-06-01,28140,892881,1.61
2017-09-01,28140,892362,1.46
2017-12-01,28140,900176,1.59
2018-03-01,28140,880631,1.03
2018-06-01,28140,906447,1.52
2018-09-01,28140,899856,0.84
2018-12-01,28140,906850,0.74
2019-03-01,28140,887720,0.8
2019-06-01,28140,912652,0.68
2019-09-01,28140,906372,0.72
2019-12-01,28140,917064,1.13
2020-03-01,28140,893778,
2020-06-01,28140,845833,-7.32
2020-09-01,28140,856443,-5.51
2020-12-01,28140,874297,-4.66
2021-03-01,28140,861731,
2021-06-01,28140,880829,4.14
2021-09-01,28140,877833,2.5
2021-12-01,28140,899555,2.89
2022-03-01,28140,890561,3.35
2022-06-01,28140,907722,3.05
2022-09-01,28140,917663,4.54
2022-12-01,28140,928043,3.17
2023-03-01,28140,917242,3
2023-06-01,28140,940664,3.63
2023-09-01,28140,932367,1.6
2023-12-01,28140,939247,1.21
2024-03-01,28140,926031,
2024-06-01,28140,947826,0.76
2024-09-01,28140,941341,0.96
2024-12-01,28140,945588,0.68
2025-03-01,28140,928373,
2025-06-01,28140,943906,-0.41
2016-03-01,28420,94988,
2016-06-01,28420,108652,
2016-09-01,28420,103338,
2016-12-01,28420,95042,
2017-03-01,28420,96355,
2017-06-01,28420,111597,2.71
2017-09-01,28420,106731,3.28
2017-12-01,28420,97952,3.06
2018-03-01,28420,100878,4.69
2018-06-01,28420,114519,2.62
2018-09-01,28420,107090,0.34
2018-12-01,28420,101347,3.47
2019-03-01,28420,101257,0.38
2019-06-01,28420,116630,1.84
2019-09-01,28420,111894,4.49
2019-12-01,28420,104928,3.53
2020-03-01,28420,104442,
2020-06-01,28420,106370,-8.8
2020-09-01,28420,105866,-5.39
2020-12-01,28420,99912,-4.78
2021-03-01,28420,101668,
2021-06-01,28420,114157,7.32
2021-09-01,28420,110783,4.64
2021-12-01,28420,105536,5.63
2022-03-01,28420,107634,5.87
2022-06-01,28420,115563,1.23
2022-09-01,28420,116066,4.77
2022-12-01,28420,109282,3.55
2023-03-01,28420,110502,2.66
2023-06-01,28420,121838,5.43
2023-09-01,28420,119233,2.73
2023-12-01,28420,112008,2.49
2024-03-01,28420,110338,
2024-06-01,28420,122561,0.59
2024-09-01,28420,122138,2.44
2024-12-01,28420,114185,1.94
2025-03-01,28420,113543,
2025-06-01,28420,126188,2.96
2024-03-01,28450,64322,
2024-06-01,28450,66126,
2024-09-01,28450,65804,
2024-12-01,28450,67730,
2025-03-01,28450,65661,
2025-06-01,28450,68039,2.89
2016-03-01,28660,98761,
2016-06-01,28660,99973,
2016-09-01,28660,100045,
2016-12-01,28660,101386,
2017-03-01,28660,100596,
2017-06-01,28660,103031,3.06
2017-09-01,28660,102140,2.09
2017-12-01,28660,103719,2.3
2018-03-01,28660,100612,0.02
2018-06-01,28660,101738,-1.25
2018-09-01,28660,102207,0.07
2018-12-01,28660,103253,-0.45
2019-03-01,28660,102184,1.56
2019-06-01,28660,103698,1.93
2019-09-01,28660,103832,1.59
2019-12-01,28660,105348,2.03
2020-03-01,28660,103730,
2020-06-01,28660,99669,-3.89
2020-09-01,28660,100605,-3.11
2020-12-01,28660,103112,-2.12
2021-03-01,28660,102625,
2021-06-01,28660,104902,5.25
2021-09-01,28660,105994,5.36
2021-12-01,28660,108633,5.35
2022-03-01,28660,107218,4.48
2022-06-01,28660,108936,3.85
2022-09-01,28660,110315,4.08
2022-12-01,28660,111003,2.18
2023-03-01,28660,108938,1.6
2023-06-01,28660,111163,2.04
2023-09-01,28660,111472,1.05
2023-12-01,28660,112622,1.46
2024-03-01,28660,112207,
2024-06-01,28660,111727,0.51
2024-09-01,28660,110838,-0.57
2024-12-01,28660,113122,0.44
2025-03-01,28660,112683,
2025-06-01,28660,113048,1.18
2016-03-01,28700,99438,
2016-06-01,28700,100233,
2016-09-01,28700,101168,
2016-12-01,28700,100488,
2017-03-01,28700,99129,
2017-06-01,28700,100084,-0.15
2017-09-01,28700,99562,-1.59
2017-12-01,28700,100404,-0.08
2018-03-01,28700,99633,0.51
2018-06-01,28700,101190,1.11
2018-09-01,28700,100609,1.05
2018-12-01,28700,100655,0.25
2019-03-01,28700,99291,-0.34
2019-06-01,28700,100424,-0.76
2019-09-01,28700,99047,-1.55
2019-12-01,28700,99559,-1.09
2020-03-01,28700,99255,
2020-06-01,28700,92328,-8.06
2020-09-01,28700,94477,-4.61
2020-12-01,28700,96146,-3.43
2021-03-01,28700,94952,
2021-06-01,28700,95520,3.46
2021-09-01,28700,96091,1.71
2021-12-01,28700,98151,2.09
2022-03-01,28700,97910,3.12
2022-06-01,28700,99490,4.16
2022-09-01,28700,100919,5.02
2022-12-01,28700,101123,3.03
2023-03-01,28700,99541,1.67
2023-06-01,28700,101795,2.32
2023-09-01,28700,101532,0.61
2023-12-01,28700,101828,0.7
2024-03-01,28700,102466,
2024-06-01,28700,102654,0.84
2024-09-01,28700,102949,1.4
2024-12-01,28700,103610,1.75
2025-03-01,28700,104707,
2025-06-01,28700,105376,2.65
2016-03-01,28740,45570,
2016-06-01,28740,48211,
2016-09-01,28740,48222,
2016-12-01,28740,47371,
2017-03-01,28740,45769,
2017-06-01,28740,48826,1.28
2017-09-01,28740,48739,1.07
2017-12-01,28740,47624,0.53
2018-03-01,28740,46396,1.37
2018-06-01,28740,49175,0.71
2018-09-01,28740,49262,1.07
2018-12-01,28740,47557,-0.14
2019-03-01,28740,45991,-0.87
2019-06-01,28740,48403,-1.57
2019-09-01,28740,48479,-1.59
2019-12-01,28740,47467,-0.19
2020-03-01,28740,44865,
2020-06-01,28740,40003,-17.35
2020-09-01,28740,43095,-11.11
2020-12-01,28740,42531,-10.4
2021-03-01,28740,40832,
2021-06-01,28740,44260,10.64
2021-09-01,28740,44243,2.66
2021-12-01,28740,43943,3.32
2022-03-01,28740,42685,4.54
2022-06-01,28740,45540,2.89
2022-09-01,28740,45222,2.21
2022-12-01,28740,44204,0.59
2023-03-01,28740,43852,2.73
2023-06-01,28740,46499,2.11
2023-09-01,28740,46462,2.74
2023-12-01,28740,45066,1.95
2024-03-01,28740,45105,
2024-06-01,28740,47447,2.04
2024-09-01,28740,47210,1.61
2024-12-01,28740,46454,3.08
2025-03-01,28740,45115,
2025-06-01,28740,48112,1.4
2024-03-01,28880,221278,
2024-06-01,28880,227282,
2024-09-01,28880,225312,
2024-12-01,28880,227066,
2025-03-01,28880,222421,
2025-06-01,28880,229052,0.78
2016-03-01,28940,314094,
2016-06-01,28940,319880,
2016-09-01,28940,322115,
2016-12-01,28940,322932,
2017-03-01,28940,318290,
2017-06-01,28940,322127,0.7
2017-09-01,28940,324109,0.62
2017-12-01,28940,325425,0.77
2018-03-01,28940,322038,1.18
2018-06-01,28940,326631,1.4
2018-09-01,28940,328929,1.49
2018-12-01,28940,331044,1.73
2019-03-01,28940,328283,1.94
2019-06-01,28940,331552,1.51
2019-09-01,28940,333688,1.45
2019-12-01,28940,337189,1.86
2020-03-01,28940,331960,
2020-06-01,28940,316731,-4.47
2020-09-01,28940,323084,-3.18
2020-12-01,28940,330337,-2.03
2021-03-01,28940,328202,
2021-06-01,28940,334476,5.6
2021-09-01,28940,336989,4.3
2021-12-01,28940,344005,4.14
2022-03-01,28940,345870,5.38
2022-06-01,28940,349684,4.55
2022-09-01,28940,354121,5.08
2022-12-01,28940,356938,3.76
2023-03-01,28940,355484,2.78
2023-06-01,28940,360163,3
2023-09-01,28940,361835,2.18
2023-12-01,28940,363903,1.95
2024-03-01,28940,359739,
2024-06-01,28940,364088,1.09
2024-09-01,28940,367351,1.52
2024-12-01,28940,366614,0.74
2025-03-01,28940,363021,
2025-06-01,28940,365945,0.51
2016-03-01,29020,34717,
2016-06-01,29020,35465,
2016-09-01,29020,35585,
2016-12-01,29020,35555,
2017-03-01,29020,34725,
2017-06-01,29020,35734,0.76
2017-09-01,29020,35368,-0.61
2017-12-01,29020,35689,0.38
2018-03-01,29020,34139,-1.69
2018-06-01,29020,35057,-1.89
2018-09-01,29020,34616,-2.13
2018-12-01,29020,34714,-2.73
2019-03-01,29020,33830,-0.91
2019-06-01,29020,33662,-3.98
2019-09-01,29020,33809,-2.33
2019-12-01,29020,33951,-2.2
2020-03-01,29020,32747,
2020-06-01,29020,31998,-4.94
2020-09-01,29020,31978,-5.42
2020-12-01,29020,31856,-6.17
2021-03-01,29020,31189,
2021-06-01,29020,31621,-1.18
2021-09-01,29020,30394,-4.95
2021-12-01,29020,31190,-2.09
2022-03-01,29020,30361,-2.65
2022-06-01,29020,30432,-3.76
2022-09-01,29020,29875,-1.71
2022-12-01,29020,30756,-1.39
2023-03-01,29020,30537,0.58
2023-06-01,29020,31529,3.6
2023-09-01,29020,30880,3.36
2023-12-01,29020,30942,0.6
2024-03-01,29020,31600,
2024-06-01,29020,32348,2.6
2024-09-01,29020,31287,1.32
2024-12-01,29020,31841,2.91
2025-03-01,29020,30460,
2025-06-01,29020,30409,-5.99
2016-03-01,29100,63368,
2016-06-01,29100,65184,
2016-09-01,29100,65017,
2016-12-01,29100,65341,
2017-03-01,29100,64478,
2017-06-01,29100,65933,1.15
2017-09-01,29100,65326,0.48
2017-12-01,29100,65801,0.7
2018-03-01,29100,64885,0.63
2018-06-01,29100,66517,0.89
2018-09-01,29100,65990,1.02
2018-12-01,29100,66172,0.56
2019-03-01,29100,64540,-0.53
2019-06-01,29100,66125,-0.59
2019-09-01,29100,65718,-0.41
2019-12-01,29100,65748,-0.64
2020-03-01,29100,64586,
2020-06-01,29100,61133,-7.55
2020-09-01,29100,62555,-4.81
2020-12-01,29100,63001,-4.18
2021-03-01,29100,62593,
2021-06-01,29100,64444,5.42
2021-09-01,29100,63997,2.31
2021-12-01,29100,64092,1.73
2022-03-01,29100,63536,1.51
2022-06-01,29100,64934,0.76
2022-09-01,29100,65338,2.1
2022-12-01,29100,65954,2.91
2023-03-01,29100,63976,0.69
2023-06-01,29100,65818,1.36
2023-09-01,29100,65669,0.51
2023-12-01,29100,65806,-0.22
2024-03-01,29100,71569,
2024-06-01,29100,73301,11.37
2024-09-01,29100,73467,11.87
2024-12-01,29100,73302,11.39
2025-03-01,29100,72582,
2025-06-01,29100,74063,1.04
2016-03-01,29180,173948,
2016-06-01,29180,171171,
2016-09-01,29180,170061,
2016-12-01,29180,170474,
2017-03-01,29180,169721,
2017-06-01,29180,170421,-0.44
2017-09-01,29180,170171,0.06
2017-12-01,29180,169715,-0.45
2018-03-01,29180,170177,0.27
2018-06-01,29180,171645,0.72
2018-09-01,29180,171104,0.55
2018-12-01,29180,173182,2.04
2019-03-01,29180,170537,0.21
2019-06-01,29180,172779,0.66
2019-09-01,29180,171547,0.26
2019-12-01,29180,172495,-0.4
2020-03-01,29180,170185,
2020-06-01,29180,156195,-9.6
2020-09-01,29180,157502,-8.19
2020-12-01,29180,162694,-5.68
2021-03-01,29180,161963,
2021-06-01,29180,164923,5.59
2021-09-01,29180,163860,4.04
2021-12-01,29180,168727,3.71
2022-03-01,29180,167408,3.36
2022-06-01,29180,168772,2.33
2022-09-01,29180,171662,4.76
2022-12-01,29180,173557,2.86
2023-03-01,29180,171854,2.66
2023-06-01,29180,173383,2.73
2023-09-01,29180,172048,0.22
2023-12-01,29180,174698,0.66
2024-03-01,29180,153576,
2024-06-01,29180,155349,-10.4
2024-09-01,29180,154952,-9.94
2024-12-01,29180,157168,-10.03
2025-03-01,29180,157299,
2025-06-01,29180,159066,2.39
2016-03-01,29200,69641,
2016-06-01,29200,71031,
2016-09-01,29200,71395,
2016-12-01,29200,71790,
2017-03-01,29200,70738,
2017-06-01,29200,71916,1.25
2017-09-01,29200,71929,0.75
2017-12-01,29200,73175,1.93
2018-03-01,29200,72280,2.18
2018-06-01,29200,73908,2.77
2018-09-01,29200,74237,3.21
2018-12-01,29200,75100,2.63
2019-03-01,29200,74331,2.84
2019-06-01,29200,74671,1.03
2019-09-01,29200,75206,1.31
2019-12-01,29200,75408,0.41
2020-03-01,29200,73898,
2020-06-01,29200,69817,-6.5
2020-09-01,29200,71250,-5.26
2020-12-01,29200,72336,-4.07
2021-03-01,29200,72402,
2021-06-01,29200,73532,5.32
2021-09-01,29200,74233,4.19
2021-12-01,29200,76546,5.82
2022-03-01,29200,77519,7.07
2022-06-01,29200,77864,5.89
2022-09-01,29200,79319,6.85
2022-12-01,29200,79840,4.3
2023-03-01,29200,80672,4.07
2023-06-01,29200,80207,3.01
2023-09-01,29200,81341,2.55
2023-12-01,29200,81575,2.17
2024-03-01,29200,81825,
2024-06-01,29200,81189,1.22
2024-09-01,29200,82571,1.51
2024-12-01,29200,82481,1.11
2025-03-01,29200,80785,
2025-06-01,29200,80223,-1.19
2016-03-01,29340,89201,
2016-06-01,29340,90921,
2016-09-01,29340,93514,
2016-12-01,29340,93883,
2017-03-01,29340,95024,
2017-06-01,29340,99355,9.28
2017-09-01,29340,98678,5.52
2017-12-01,29340,98415,4.83
2018-03-01,29340,99585,4.8
2018-06-01,29340,100880,1.53
2018-09-01,29340,99198,0.53
2018-12-01,29340,97537,-0.89
2019-03-01,29340,97551,-2.04
2019-06-01,29340,97372,-3.48
2019-09-01,29340,95299,-3.93
2019-12-01,29340,94455,-3.16
2020-03-01,29340,91090,
2020-06-01,29340,77796,-20.1
2020-09-01,29340,68564,-28.05
2020-12-01,29340,76749,-18.75
2021-03-01,29340,77558,
2021-06-01,29340,81071,4.21
2021-09-01,29340,81346,18.64
2021-12-01,29340,81780,6.56
2022-03-01,29340,79740,2.81
2022-06-01,29340,79144,-2.38
2022-09-01,29340,80233,-1.37
2022-12-01,29340,78859,-3.57
2023-03-01,29340,79034,-0.89
2023-06-01,29340,79010,-0.17
2023-09-01,29340,78633,-1.99
2023-12-01,29340,78310,-0.7
2024-03-01,29340,84646,
2024-06-01,29340,85553,8.28
2024-09-01,29340,85379,8.58
2024-12-01,29340,84518,7.93
2025-03-01,29340,85191,
2025-06-01,29340,86256,0.82
2016-03-01,29420,39324,
2016-06-01,29420,39887,
2016-09-01,29420,40301,
2016-12-01,29420,41041,
2017-03-01,29420,40903,
2017-06-01,29420,41508,4.06
2017-09-01,29420,41648,3.34
2017-12-01,29420,42169,2.75
2018-03-01,29420,42313,3.45
2018-06-01,29420,42804,3.12
2018-09-01,29420,42979,3.2
2018-12-01,29420,43328,2.75
2019-03-01,29420,42960,1.53
2019-06-01,29420,42879,0.18
2019-09-01,29420,42781,-0.46
2019-12-01,29420,43121,-0.48
2020-03-01,29420,43634,
2020-06-01,29420,42086,-1.85
2020-09-01,29420,42584,-0.46
2020-12-01,29420,43511,0.9
2021-03-01,29420,45703,
2021-06-01,29420,46485,10.45
2021-09-01,29420,47053,10.49
2021-12-01,29420,47788,9.83
2022-03-01,29420,47758,4.5
2022-06-01,29420,46219,-0.57
2022-09-01,29420,46594,-0.98
2022-12-01,29420,47094,-1.45
2023-03-01,29420,46819,-1.97
2023-06-01,29420,46843,1.35
2023-09-01,29420,47090,1.06
2023-12-01,29420,47495,0.85
2024-03-01,29420,48054,
2024-06-01,29420,47222,0.81
2024-09-01,29420,47520,0.91
2024-12-01,29420,48102,1.28
2025-03-01,29420,48726,
2025-06-01,29420,47174,-0.1
2016-03-01,29460,182166,
2016-06-01,29460,181076,
2016-09-01,29460,180891,
2016-12-01,29460,186901,
2017-03-01,29460,187876,
2017-06-01,29460,187826,3.73
2017-09-01,29460,183125,1.23
2017-12-01,29460,192687,3.1
2018-03-01,29460,190779,1.55
2018-06-01,29460,191547,1.98
2018-09-01,29460,192913,5.34
2018-12-01,29460,199157,3.36
2019-03-01,29460,199047,4.33
2019-06-01,29460,198871,3.82
2019-09-01,29460,199402,3.36
2019-12-01,29460,206644,3.76
2020-03-01,29460,205647,
2020-06-01,29460,198180,-0.35
2020-09-01,29460,200540,0.57
2020-12-01,29460,209495,1.38
2021-03-01,29460,213719,
2021-06-01,29460,214144,8.06
2021-09-01,29460,216903,8.16
2021-12-01,29460,222962,6.43
2022-03-01,29460,223726,4.68
2022-06-01,29460,224097,4.65
2022-09-01,29460,226542,4.44
2022-12-01,29460,230782,3.51
2023-03-01,29460,229736,2.69
2023-06-01,29460,228997,2.19
2023-09-01,29460,230037,1.54
2023-12-01,29460,234947,1.8
2024-03-01,29460,231961,
2024-06-01,29460,230063,0.47
2024-09-01,29460,230985,0.41
2024-12-01,29460,235176,0.1
2025-03-01,29460,234829,
2025-06-01,29460,234021,1.72
2016-03-01,29540,211333,
2016-06-01,29540,218213,
2016-09-01,29540,216856,
2016-12-01,29540,217965,
2017-03-01,29540,213874,
2017-06-01,29540,221515,1.51
2017-09-01,29540,219689,1.31
2017-12-01,29540,221740,1.73
2018-03-01,29540,219093,2.44
2018-06-01,29540,226607,2.3
2018-09-01,29540,224453,2.17
2018-12-01,29540,226434,2.12
2019-03-01,29540,221819,1.24
2019-06-01,29540,228759,0.95
2019-09-01,29540,226890,1.09
2019-12-01,29540,229807,1.49
2020-03-01,29540,224669,
2020-06-01,29540,203008,-11.26
2020-09-01,29540,213702,-5.81
2020-12-01,29540,216841,-5.64
2021-03-01,29540,216185,
2021-06-01,29540,223243,9.97
2021-09-01,29540,222443,4.09
2021-12-01,29540,227395,4.87
2022-03-01,29540,225150,4.15
2022-06-01,29540,231922,3.89
2022-09-01,29540,230732,3.73
2022-12-01,29540,232069,2.06
2023-03-01,29540,228445,1.46
2023-06-01,29540,234699,1.2
2023-09-01,29540,232089,0.59
2023-12-01,29540,233375,0.56
2024-03-01,29540,230434,
2024-06-01,29540,236374,0.71
2024-09-01,29540,233661,0.68
2024-12-01,29540,235937,1.1
2025-03-01,29540,231705,
2025-06-01,29540,238418,0.86
2016-03-01,29620,154744,
2016-06-01,29620,158870,
2016-09-01,29620,159860,
2016-12-01,29620,160593,
2017-03-01,29620,158222,
2017-06-01,29620,161552,1.69
2017-09-01,29620,159948,0.06
2017-12-01,29620,160394,-0.12
2018-03-01,29620,157946,-0.17
2018-06-01,29620,161612,0.04
2018-09-01,29620,160580,0.4
2018-12-01,29620,159955,-0.27
2019-03-01,29620,157851,-0.06
2019-06-01,29620,162582,0.6
2019-09-01,29620,160973,0.24
2019-12-01,29620,162085,1.33
2020-03-01,29620,158307,
2020-06-01,29620,143389,-11.81
2020-09-01,29620,148889,-7.51
2020-12-01,29620,147608,-8.93
2021-03-01,29620,149638,
2021-06-01,29620,154344,7.64
2021-09-01,29620,152655,2.53
2021-12-01,29620,156903,6.3
2022-03-01,29620,156227,4.4
2022-06-01,29620,161987,4.95
2022-09-01,29620,161732,5.95
2022-12-01,29620,162440,3.53
2023-03-01,29620,161004,3.06
2023-06-01,29620,164631,1.63
2023-09-01,29620,165010,2.03
2023-12-01,29620,164131,1.04
2024-03-01,29620,163687,
2024-06-01,29620,164070,-0.34
2024-09-01,29620,166191,0.72
2024-12-01,29620,165021,0.54
2025-03-01,29620,163854,
2025-06-01,29620,165363,0.79
2016-03-01,29700,75338,
2016-06-01,29700,76137,
2016-09-01,29700,77018,
2016-12-01,29700,77999,
2017-03-01,29700,77318,
2017-06-01,29700,78260,2.79
2017-09-01,29700,78352,1.73
2017-12-01,29700,78964,1.24
2018-03-01,29700,78436,1.45
2018-06-01,29700,79107,1.08
2018-09-01,29700,79156,1.03
2018-12-01,29700,80822,2.35
2019-03-01,29700,80529,2.67
2019-06-01,29700,81567,3.11
2019-09-01,29700,81304,2.71
2019-12-01,29700,82292,1.82
2020-03-01,29700,80183,
2020-06-01,29700,72733,-10.83
2020-09-01,29700,73446,-9.66
2020-12-01,29700,76019,-7.62
2021-03-01,29700,75325,
2021-06-01,29700,77649,6.76
2021-09-01,29700,77990,6.19
2021-12-01,29700,80477,5.86
2022-03-01,29700,79226,5.18
2022-06-01,29700,80493,3.66
2022-09-01,29700,80534,3.26
2022-12-01,29700,81508,1.28
2023-03-01,29700,81835,3.29
2023-06-01,29700,82552,2.56
2023-09-01,29700,82939,2.99
2023-12-01,29700,83555,2.51
2024-03-01,29700,82897,
2024-06-01,29700,83795,1.51
2024-09-01,29700,84234,1.56
2024-12-01,29700,85664,2.52
2025-03-01,29700,84675,
2025-06-01,29700,85215,1.69
2016-03-01,29740,52300,
2016-06-01,29740,54509,
2016-09-01,29740,54998,
2016-12-01,29740,54529,
2017-03-01,29740,53100,
2017-06-01,29740,54809,0.55
2017-09-01,29740,53808,-2.16
2017-12-01,29740,53655,-1.6
2018-03-01,29740,54194,2.06
2018-06-01,29740,55971,2.12
2018-09-01,29740,55849,3.79
2018-12-01,29740,55711,3.83
2019-03-01,29740,54611,0.77
2019-06-01,29740,56035,0.11
2019-09-01,29740,56270,0.75
2019-12-01,29740,56053,0.61
2020-03-01,29740,55197,
2020-06-01,29740,51602,-7.91
2020-09-01,29740,52654,-6.43
2020-12-01,29740,52280,-6.73
2021-03-01,29740,52037,
2021-06-01,29740,54672,5.95
2021-09-01,29740,55765,5.91
2021-12-01,29740,55486,6.13
2022-03-01,29740,55299,6.27
2022-06-01,29740,56746,3.79
2022-09-01,29740,58387,4.7
2022-12-01,29740,57424,3.49
2023-03-01,29740,57727,4.39
2023-06-01,29740,59532,4.91
2023-09-01,29740,59367,1.68
2023-12-01,29740,59810,4.16
2024-03-01,29740,58866,
2024-06-01,29740,60078,0.92
2024-09-01,29740,60595,2.07
2024-12-01,29740,61200,2.32
2025-03-01,29740,60970,
2025-06-01,29740,61622,2.57
2016-03-01,29820,825730,
2016-06-01,29820,840230,
2016-09-01,29820,848816,
2016-12-01,29820,852041,
2017-03-01,29820,857086,
2017-06-01,29820,864672,2.91
2017-09-01,29820,868575,2.33
2017-12-01,29820,880491,3.34
2018-03-01,29820,881777,2.88
2018-06-01,29820,893770,3.37
2018-09-01,29820,902107,3.86
2018-12-01,29820,913301,3.73
2019-03-01,29820,911558,3.38
2019-06-01,29820,918931,2.82
2019-09-01,29820,924132,2.44
2019-12-01,29820,941678,3.11
2020-03-01,29820,922237,
2020-06-01,29820,728332,-20.74
2020-09-01,29820,779960,-15.6
2020-12-01,29820,802184,-14.81
2021-03-01,29820,810804,
2021-06-01,29820,862197,18.38
2021-09-01,29820,893774,14.59
2021-12-01,29820,926435,15.49
2022-03-01,29820,933078,15.08
2022-06-01,29820,954293,10.68
2022-09-01,29820,969769,8.5
2022-12-01,29820,975233,5.27
2023-03-01,29820,974836,4.48
2023-06-01,29820,986585,3.38
2023-09-01,29820,993263,2.42
2023-12-01,29820,1004967,3.05
2024-03-01,29820,999622,
2024-06-01,29820,1008017,2.17
2024-09-01,29820,1012258,1.91
2024-12-01,29820,1018141,1.31
2025-03-01,29820,1005482,
2025-06-01,29820,1009803,0.18
2016-03-01,29940,36708,
2016-06-01,29940,35504,
2016-09-01,29940,37681,
2016-12-01,29940,37532,
2017-03-01,29940,37063,
2017-06-01,29940,35879,1.06
2017-09-01,29940,37123,-1.48
2017-12-01,29940,37283,-0.66
2018-03-01,29940,36551,-1.38
2018-06-01,29940,35426,-1.26
2018-09-01,29940,36998,-0.34
2018-12-01,29940,37061,-0.6
2019-03-01,29940,36745,0.53
2019-06-01,29940,36372,2.67
2019-09-01,29940,37039,0.11
2019-12-01,29940,37161,0.27
2020-03-01,29940,35301,
2020-06-01,29940,32400,-10.92
2020-09-01,29940,33558,-9.4
2020-12-01,29940,33263,-10.49
2021-03-01,29940,33584,
2021-06-01,29940,34259,5.74
2021-09-01,29940,34609,3.13
2021-12-01,29940,35714,7.37
2022-03-01,29940,35170,4.72
2022-06-01,29940,35242,2.87
2022-09-01,29940,37011,6.94
2022-12-01,29940,37829,5.92
2023-03-01,29940,37805,7.49
2023-06-01,29940,37613,6.73
2023-09-01,29940,38147,3.07
2023-12-01,29940,38335,1.34
2024-03-01,29940,38346,
2024-06-01,29940,37851,0.63
2024-09-01,29940,38716,1.49
2024-12-01,29940,38797,1.21
2025-03-01,29940,37764,
2025-06-01,29940,36949,-2.38
2016-03-01,30020,29241,
2016-06-01,30020,29827,
2016-09-01,30020,29640,
2016-12-01,30020,29646,
2017-03-01,30020,29513,
2017-06-01,30020,29894,0.22
2017-09-01,30020,29085,-1.87
2017-12-01,30020,28985,-2.23
2018-03-01,30020,29049,-1.57
2018-06-01,30020,29688,-0.69
2018-09-01,30020,29000,-0.29
2018-12-01,30020,29170,0.64
2019-03-01,30020,28992,-0.2
2019-06-01,30020,29334,-1.19
2019-09-01,30020,28888,-0.39
2019-12-01,30020,29013,-0.54
2020-03-01,30020,28785,
2020-06-01,30020,27063,-7.74
2020-09-01,30020,27188,-5.88
2020-12-01,30020,27955,-3.65
2021-03-01,30020,27526,
2021-06-01,30020,27981,3.39
2021-09-01,30020,27480,1.07
2021-12-01,30020,27481,-1.7
2022-03-01,30020,27435,-0.33
2022-06-01,30020,27854,-0.45
2022-09-01,30020,27911,1.57
2022-12-01,30020,28156,2.46
2023-03-01,30020,28013,2.11
2023-06-01,30020,28602,2.69
2023-09-01,30020,28614,2.52
2023-12-01,30020,28761,2.15
2024-03-01,30020,28822,
2024-06-01,30020,28757,0.54
2024-09-01,30020,28585,-0.1
2024-12-01,30020,28837,0.26
2025-03-01,30020,28266,
2025-06-01,30020,28176,-2.02
2016-03-01,30140,40461,
2016-06-01,30140,41802,
2016-09-01,30140,41445,
2016-12-01,30140,41764,
2017-03-01,30140,40646,
2017-06-01,30140,41820,0.04
2017-09-01,30140,41813,0.89
2017-12-01,30140,41947,0.44
2018-03-01,30140,41694,2.58
2018-06-01,30140,43039,2.91
2018-09-01,30140,42504,1.65
2018-12-01,30140,43222,3.04
2019-03-01,30140,42843,2.76
2019-06-01,30140,43959,2.14
2019-09-01,30140,43569,2.51
2019-12-01,30140,43767,1.26
2020-03-01,30140,42764,
2020-06-01,30140,39222,-10.78
2020-09-01,30140,40546,-6.94
2020-12-01,30140,41036,-6.24
2021-03-01,30140,41311,
2021-06-01,30140,42202,7.6
2021-09-01,30140,42056,3.72
2021-12-01,30140,42706,4.07
2022-03-01,30140,42495,2.87
2022-06-01,30140,42953,1.78
2022-09-01,30140,43326,3.02
2022-12-01,30140,43636,2.18
2023-03-01,30140,43404,2.14
2023-06-01,30140,44818,4.34
2023-09-01,30140,44805,3.41
2023-12-01,30140,44849,2.78
2024-03-01,30140,44498,
2024-06-01,30140,45537,1.6
2024-09-01,30140,45658,1.9
2024-12-01,30140,45687,1.87
2025-03-01,30140,44762,
2025-06-01,30140,45711,0.38
2016-03-01,30300,21741,
2016-06-01,30300,22286,
2016-09-01,30300,23043,
2016-12-01,30300,22781,
2017-03-01,30300,22342,
2017-06-01,30300,23075,3.54
2017-09-01,30300,23103,0.26
2017-12-01,30300,22602,-0.79
2018-03-01,30300,22237,-0.47
2018-06-01,30300,22449,-2.71
2018-09-01,30300,22363,-3.2
2018-12-01,30300,22189,-1.83
2019-03-01,30300,21773,-2.09
2019-06-01,30300,22449,0
2019-09-01,30300,22645,1.26
2019-12-01,30300,22383,0.87
2020-03-01,30300,22250,
2020-06-01,30300,22013,-1.94
2020-09-01,30300,22306,-1.5
2020-12-01,30300,22198,-0.83
2021-03-01,30300,22412,
2021-06-01,30300,22638,2.84
2021-09-01,30300,22691,1.73
2021-12-01,30300,22701,2.27
2022-03-01,30300,22693,1.25
2022-06-01,30300,23172,2.36
2022-09-01,30300,23258,2.5
2022-12-01,30300,23213,2.26
2023-03-01,30300,22978,1.26
2023-06-01,30300,23857,2.96
2023-09-01,30300,23622,1.57
2023-12-01,30300,23796,2.51
2024-03-01,30300,23496,
2024-06-01,30300,23889,0.13
2024-09-01,30300,23551,-0.3
2024-12-01,30300,23336,-1.93
2025-03-01,30300,22902,
2025-06-01,30300,23414,-1.99
2016-03-01,30340,43168,
2016-06-01,30340,44802,
2016-09-01,30340,44464,
2016-12-01,30340,44608,
2017-03-01,30340,43193,
2017-06-01,30340,44648,-0.34
2017-09-01,30340,44008,-1.03
2017-12-01,30340,43822,-1.76
2018-03-01,30340,42818,-0.87
2018-06-01,30340,44391,-0.58
2018-09-01,30340,44207,0.45
2018-12-01,30340,44285,1.06
2019-03-01,30340,43232,0.97
2019-06-01,30340,44838,1.01
2019-09-01,30340,44486,0.63
2019-12-01,30340,44574,0.65
2020-03-01,30340,43041,
2020-06-01,30340,41465,-7.52
2020-09-01,30340,42396,-4.7
2020-12-01,30340,42613,-4.4
2021-03-01,30340,42236,
2021-06-01,30340,43114,3.98
2021-09-01,30340,42948,1.3
2021-12-01,30340,42466,-0.34
2022-03-01,30340,42096,-0.33
2022-06-01,30340,42903,-0.49
2022-09-01,30340,42616,-0.77
2022-12-01,30340,42040,-1
2023-03-01,30340,41823,-0.65
2023-06-01,30340,43269,0.85
2023-09-01,30340,43098,1.13
2023-12-01,30340,42734,1.65
2024-03-01,30340,42479,
2024-06-01,30340,43712,1.02
2024-09-01,30340,43326,0.53
2024-12-01,30340,42789,0.13
2025-03-01,30340,41872,
2025-06-01,30340,43265,-1.02
2016-03-01,30460,212833,
2016-06-01,30460,217116,
2016-09-01,30460,219426,
2016-12-01,30460,223585,
2017-03-01,30460,217900,
2017-06-01,30460,220449,1.54
2017-09-01,30460,220245,0.37
2017-12-01,30460,224825,0.55
2018-03-01,30460,216575,-0.61
2018-06-01,30460,219279,-0.53
2018-09-01,30460,219482,-0.35
2018-12-01,30460,221141,-1.64
2019-03-01,30460,217066,0.23
2019-06-01,30460,221430,0.98
2019-09-01,30460,221360,0.86
2019-12-01,30460,225137,1.81
2020-03-01,30460,218624,
2020-06-01,30460,201797,-8.87
2020-09-01,30460,207708,-6.17
2020-12-01,30460,210067,-6.69
2021-03-01,30460,208314,
2021-06-01,30460,212991,5.55
2021-09-01,30460,213304,2.69
2021-12-01,30460,219902,4.68
2022-03-01,30460,218822,5.04
2022-06-01,30460,222537,4.48
2022-09-01,30460,225940,5.92
2022-12-01,30460,227763,3.57
2023-03-01,30460,227140,3.8
2023-06-01,30460,231022,3.81
2023-09-01,30460,231486,2.45
2023-12-01,30460,232291,1.99
2024-03-01,30460,230925,
2024-06-01,30460,232751,0.75
2024-09-01,30460,233141,0.71
2024-12-01,30460,233471,0.51
2025-03-01,30460,230764,
2025-06-01,30460,233454,0.3
2024-03-01,30500,50656,
2024-06-01,30500,51769,
2024-09-01,30500,50907,
2024-12-01,30500,50997,
2025-03-01,30500,49632,
2025-06-01,30500,50249,-2.94
2016-03-01,30620,43492,
2016-06-01,30620,44738,
2016-09-01,30620,44677,
2016-12-01,30620,45053,
2017-03-01,30620,44369,
2017-06-01,30620,45617,1.96
2017-09-01,30620,45004,0.73
2017-12-01,30620,45408,0.79
2018-03-01,30620,44512,0.32
2018-06-01,30620,45279,-0.74
2018-09-01,30620,45103,0.22
2018-12-01,30620,45319,-0.2
2019-03-01,30620,43649,-1.94
2019-06-01,30620,44779,-1.1
2019-09-01,30620,44059,-2.31
2019-12-01,30620,44516,-1.77
2020-03-01,30620,44071,
2020-06-01,30620,41522,-7.27
2020-09-01,30620,42578,-3.36
2020-12-01,30620,43079,-3.23
2021-03-01,30620,42622,
2021-06-01,30620,42888,3.29
2021-09-01,30620,42264,-0.74
2021-12-01,30620,42938,-0.33
2022-03-01,30620,42779,0.37
2022-06-01,30620,43235,0.81
2022-09-01,30620,43309,2.47
2022-12-01,30620,44356,3.3
2023-03-01,30620,43395,1.44
2023-06-01,30620,44144,2.1
2023-09-01,30620,43772,1.07
2023-12-01,30620,43826,-1.19
2024-03-01,30620,43285,
2024-06-01,30620,44291,0.33
2024-09-01,30620,43915,0.33
2024-12-01,30620,44917,2.49
2025-03-01,30620,43770,
2025-06-01,30620,44717,0.96
2016-03-01,30700,139149,
2016-06-01,30700,140831,
2016-09-01,30700,142121,
2016-12-01,30700,140899,
2017-03-01,30700,139048,
2017-06-01,30700,140546,-0.2
2017-09-01,30700,140698,-1
2017-12-01,30700,142024,0.8
2018-03-01,30700,141250,1.58
2018-06-01,30700,143427,2.05
2018-09-01,30700,143612,2.07
2018-12-01,30700,143559,1.08
2019-03-01,30700,141337,0.06
2019-06-01,30700,143513,0.06
2019-09-01,30700,147184,2.49
2019-12-01,30700,145402,1.28
2020-03-01,30700,142219,
2020-06-01,30700,134041,-6.6
2020-09-01,30700,137311,-6.71
2020-12-01,30700,137903,-5.16
2021-03-01,30700,136929,
2021-06-01,30700,139080,3.76
2021-09-01,30700,138285,0.71
2021-12-01,30700,141787,2.82
2022-03-01,30700,139190,1.65
2022-06-01,30700,141246,1.56
2022-09-01,30700,142738,3.22
2022-12-01,30700,142870,0.76
2023-03-01,30700,142941,2.69
2023-06-01,30700,145211,2.81
2023-09-01,30700,145253,1.76
2023-12-01,30700,145961,2.16
2024-03-01,30700,144453,
2024-06-01,30700,146579,0.94
2024-09-01,30700,146743,1.03
2024-12-01,30700,147366,0.96
2025-03-01,30700,145431,
2025-06-01,30700,147452,0.6
2016-03-01,30780,261237,
2016-06-01,30780,265121,
2016-09-01,30780,265312,
2016-12-01,30780,267077,
2017-03-01,30780,264057,
2017-06-01,30780,269099,1.5
2017-09-01,30780,268177,1.08
2017-12-01,30780,270395,1.24
2018-03-01,30780,266532,0.94
2018-06-01,30780,271130,0.75
2018-09-01,30780,271254,1.15
2018-12-01,30780,274317,1.45
2019-03-01,30780,270704,1.57
2019-06-01,30780,273727,0.96
2019-09-01,30780,270546,-0.26
2019-12-01,30780,273376,-0.34
2020-03-01,30780,268053,
2020-06-01,30780,252259,-7.84
2020-09-01,30780,256699,-5.12
2020-12-01,30780,262171,-4.1
2021-03-01,30780,260638,
2021-06-01,30780,265340,5.19
2021-09-01,30780,266484,3.81
2021-12-01,30780,275166,4.96
2022-03-01,30780,272447,4.53
2022-06-01,30780,276358,4.15
2022-09-01,30780,279049,4.72
2022-12-01,30780,282727,2.75
2023-03-01,30780,280991,3.14
2023-06-01,30780,283761,2.68
2023-09-01,30780,283695,1.66
2023-12-01,30780,288963,2.21
2024-03-01,30780,286773,
2024-06-01,30780,291260,2.64
2024-09-01,30780,291186,2.64
2024-12-01,30780,294767,2.01
2025-03-01,30780,291585,
2025-06-01,30780,292253,0.34
2016-03-01,30860,44953,
2016-06-01,30860,45459,
2016-09-01,30860,45763,
2016-12-01,30860,46553,
2017-03-01,30860,45845,
2017-06-01,30860,46609,2.53
2017-09-01,30860,47487,3.77
2017-12-01,30860,48277,3.7
2018-03-01,30860,47122,2.79
2018-06-01,30860,48062,3.12
2018-09-01,30860,48347,1.81
2018-12-01,30860,49067,1.64
2019-03-01,30860,48978,3.94
2019-06-01,30860,49201,2.37
2019-09-01,30860,49741,2.88
2019-12-01,30860,50839,3.61
2020-03-01,30860,50300,
2020-06-01,30860,49983,1.59
2020-09-01,30860,51329,3.19
2020-12-01,30860,53314,4.87
2021-03-01,30860,53097,
2021-06-01,30860,53956,7.95
2021-09-01,30860,54391,5.97
2021-12-01,30860,55691,4.46
2022-03-01,30860,55626,4.76
2022-06-01,30860,55593,3.03
2022-09-01,30860,55866,2.71
2022-12-01,30860,55961,0.48
2023-03-01,30860,54746,-1.58
2023-06-01,30860,55290,-0.55
2023-09-01,30860,54957,-1.63
2023-12-01,30860,55448,-0.92
2024-03-01,30860,54069,
2024-06-01,30860,54649,-1.16
2024-09-01,30860,54636,-0.58
2024-12-01,30860,55204,-0.44
2025-03-01,30860,54233,
2025-06-01,30860,54884,0.43
2016-03-01,30980,83220,
2016-06-01,30980,82155,
2016-09-01,30980,82105,
2016-12-01,30980,82002,
2017-03-01,30980,81451,
2017-06-01,30980,82054,-0.12
2017-09-01,30980,81705,-0.49
2017-12-01,30980,82268,0.32
2018-03-01,30980,82918,1.8
2018-06-01,30980,83575,1.85
2018-09-01,30980,83407,2.08
2018-12-01,30980,83675,1.71
2019-03-01,30980,84714,2.17
2019-06-01,30980,85279,2.04
2019-09-01,30980,85314,2.29
2019-12-01,30980,85261,1.9
2020-03-01,30980,83407,
2020-06-01,30980,76227,-10.61
2020-09-01,30980,76224,-10.65
2020-12-01,30980,78160,-8.33
2021-03-01,30980,78053,
2021-06-01,30980,79064,3.72
2021-09-01,30980,80542,5.66
2021-12-01,30980,82178,5.14
2022-03-01,30980,81726,4.71
2022-06-01,30980,82201,3.97
2022-09-01,30980,83847,4.1
2022-12-01,30980,84922,3.34
2023-03-01,30980,85144,4.18
2023-06-01,30980,85102,3.53
2023-09-01,30980,84418,0.68
2023-12-01,30980,84539,-0.45
2024-03-01,30980,102582,
2024-06-01,30980,101786,19.6
2024-09-01,30980,101189,19.87
2024-12-01,30980,102175,20.86
2025-03-01,30980,102315,
2025-06-01,30980,101960,0.17
2016-03-01,31020,31390,
2016-06-01,31020,32319,
2016-09-01,31020,32579,
2016-12-01,31020,32402,
2017-03-01,31020,32472,
2017-06-01,31020,33273,2.95
2017-09-01,31020,32912,1.02
2017-12-01,31020,32406,0.01
2018-03-01,31020,32042,-1.32
2018-06-01,31020,32876,-1.19
2018-09-01,31020,33152,0.73
2018-12-01,31020,32987,1.79
2019-03-01,31020,32991,2.96
2019-06-01,31020,33209,1.01
2019-09-01,31020,33403,0.76
2019-12-01,31020,33149,0.49
2020-03-01,31020,33312,
2020-06-01,31020,32064,-3.45
2020-09-01,31020,32646,-2.27
2020-12-01,31020,32520,-1.9
2021-03-01,31020,33389,
2021-06-01,31020,34037,6.15
2021-09-01,31020,33657,3.1
2021-12-01,31020,34441,5.91
2022-03-01,31020,34391,3
2022-06-01,31020,35202,3.42
2022-09-01,31020,35344,5.01
2022-12-01,31020,35097,1.9
2023-03-01,31020,34241,-0.44
2023-06-01,31020,35344,0.4
2023-09-01,31020,34799,-1.54
2023-12-01,31020,34714,-1.09
2024-03-01,31020,34051,
2024-06-01,31020,35444,0.28
2024-09-01,31020,35084,0.82
2024-12-01,31020,34764,0.14
2025-03-01,31020,34312,
2025-06-01,31020,34983,-1.3
2016-03-01,31080,5130686,
2016-06-01,31080,5173258,
2016-09-01,31080,5211674,
2016-12-01,31080,5281206,
2017-03-01,31080,5183893,
2017-06-01,31080,5245076,1.39
2017-09-01,31080,5283115,1.37
2017-12-01,31080,5365394,1.59
2018-03-01,31080,5305703,2.35
2018-06-01,31080,5329277,1.61
2018-09-01,31080,5353305,1.33
2018-12-01,31080,5439968,1.39
2019-03-01,31080,5385707,1.51
2019-06-01,31080,5411971,1.55
2019-09-01,31080,5441197,1.64
2019-12-01,31080,5528284,1.62
2020-03-01,31080,5372298,
2020-06-01,31080,4676640,-13.59
2020-09-01,31080,4762090,-12.48
2020-12-01,31080,4930854,-10.81
2021-03-01,31080,4953988,
2021-06-01,31080,5064977,8.3
2021-09-01,31080,5167775,8.52
2021-12-01,31080,5370193,8.91
2022-03-01,31080,5350856,8.01
2022-06-01,31080,5393599,6.49
2022-09-01,31080,5438548,5.24
2022-12-01,31080,5492766,2.28
2023-03-01,31080,5364540,0.26
2023-06-01,31080,5373884,-0.37
2023-09-01,31080,5380707,-1.06
2023-12-01,31080,5466826,-0.47
2024-03-01,31080,5427362,
2024-06-01,31080,5386817,0.24
2024-09-01,31080,5419548,0.72
2024-12-01,31080,5478673,0.22
2025-03-01,31080,5383539,
2025-06-01,31080,5389741,0.05
2016-03-01,31140,546723,
2016-06-01,31140,561448,
2016-09-01,31140,562424,
2016-12-01,31140,568896,
2017-03-01,31140,558399,
2017-06-01,31140,571703,1.83
2017-09-01,31140,570546,1.44
2017-12-01,31140,577262,1.47
2018-03-01,31140,564357,1.07
2018-06-01,31140,577435,1
2018-09-01,31140,573316,0.49
2018-12-01,31140,581138,0.67
2019-03-01,31140,568057,0.66
2019-06-01,31140,579312,0.33
2019-09-01,31140,577334,0.7
2019-12-01,31140,587567,1.11
2020-03-01,31140,569015,
2020-06-01,31140,528462,-8.78
2020-09-01,31140,546417,-5.36
2020-12-01,31140,561275,-4.47
2021-03-01,31140,557744,
2021-06-01,31140,566228,7.15
2021-09-01,31140,565272,3.45
2021-12-01,31140,582591,3.8
2022-03-01,31140,576073,3.29
2022-06-01,31140,586285,3.54
2022-09-01,31140,590432,4.45
2022-12-01,31140,600209,3.02
2023-03-01,31140,592649,2.88
2023-06-01,31140,599425,2.24
2023-09-01,31140,596318,1
2023-12-01,31140,605444,0.87
2024-03-01,31140,609571,
2024-06-01,31140,618195,3.13
2024-09-01,31140,614024,2.97
2024-12-01,31140,617447,1.98
2025-03-01,31140,606496,
2025-06-01,31140,612595,-0.91
2016-03-01,31180,109422,
2016-06-01,31180,110208,
2016-09-01,31180,110674,
2016-12-01,31180,112809,
2017-03-01,31180,110637,
2017-06-01,31180,111470,1.15
2017-09-01,31180,112537,1.68
2017-12-01,31180,113418,0.54
2018-03-01,31180,110826,0.17
2018-06-01,31180,112022,0.5
2018-09-01,31180,112450,-0.08
2018-12-01,31180,113744,0.29
2019-03-01,31180,112297,1.33
2019-06-01,31180,113673,1.47
2019-09-01,31180,114078,1.45
2019-12-01,31180,115484,1.53
2020-03-01,31180,113255,
2020-06-01,31180,107664,-5.29
2020-09-01,31180,109789,-3.76
2020-12-01,31180,113298,-1.89
2021-03-01,31180,112084,
2021-06-01,31180,113200,5.14
2021-09-01,31180,115400,5.11
2021-12-01,31180,119547,5.52
2022-03-01,31180,117542,4.87
2022-06-01,31180,116956,3.32
2022-09-01,31180,118856,2.99
2022-12-01,31180,119304,-0.2
2023-03-01,31180,118564,0.87
2023-06-01,31180,119326,2.03
2023-09-01,31180,119950,0.92
2023-12-01,31180,121091,1.5
2024-03-01,31180,127900,
2024-06-01,31180,128014,7.28
2024-09-01,31180,128490,7.12
2024-12-01,31180,130138,7.47
2025-03-01,31180,128682,
2025-06-01,31180,128383,0.29
2016-03-01,31340,84564,
2016-06-01,31340,85266,
2016-09-01,31340,85454,
2016-12-01,31340,85614,
2017-03-01,31340,85298,
2017-06-01,31340,85388,0.14
2017-09-01,31340,86477,1.2
2017-12-01,31340,87516,2.22
2018-03-01,31340,85863,0.66
2018-06-01,31340,86908,1.78
2018-09-01,31340,87635,1.34
2018-12-01,31340,88143,0.72
2019-03-01,31340,86208,0.4
2019-06-01,31340,86992,0.1
2019-09-01,31340,87240,-0.45
2019-12-01,31340,88049,-0.11
2020-03-01,31340,85568,
2020-06-01,31340,80000,-8.04
2020-09-01,31340,82346,-5.61
2020-12-01,31340,83242,-5.46
2021-03-01,31340,82572,
2021-06-01,31340,82604,3.26
2021-09-01,31340,83082,0.89
2021-12-01,31340,84170,1.11
2022-03-01,31340,83339,0.93
2022-06-01,31340,83961,1.64
2022-09-01,31340,84561,1.78
2022-12-01,31340,85022,1.01
2023-03-01,31340,84182,1.01
2023-06-01,31340,84146,0.22
2023-09-01,31340,84851,0.34
2023-12-01,31340,85091,0.08
2024-03-01,31340,84213,
2024-06-01,31340,83608,-0.64
2024-09-01,31340,83767,-1.28
2024-12-01,31340,84280,-0.95
2025-03-01,31340,83416,
2025-06-01,31340,83697,0.11
2016-03-01,31420,82879,
2016-06-01,31420,83432,
2016-09-01,31420,83297,
2016-12-01,31420,84845,
2017-03-01,31420,84049,
2017-06-01,31420,84716,1.54
2017-09-01,31420,83238,-0.07
2017-12-01,31420,85041,0.23
2018-03-01,31420,83704,-0.41
2018-06-01,31420,84661,-0.06
2018-09-01,31420,84255,1.22
2018-12-01,31420,85052,0.01
2019-03-01,31420,84818,1.33
2019-06-01,31420,85077,0.49
2019-09-01,31420,84608,0.42
2019-12-01,31420,86188,1.34
2020-03-01,31420,83763,
2020-06-01,31420,78646,-7.56
2020-09-01,31420,79424,-6.13
2020-12-01,31420,81431,-5.52
2021-03-01,31420,80757,
2021-06-01,31420,81096,3.12
2021-09-01,31420,81653,2.81
2021-12-01,31420,83594,2.66
2022-03-01,31420,81195,0.54
2022-06-01,31420,82344,1.54
2022-09-01,31420,81510,-0.18
2022-12-01,31420,82779,-0.97
2023-03-01,31420,80666,-0.65
2023-06-01,31420,80360,-2.41
2023-09-01,31420,80564,-1.16
2023-12-01,31420,81379,-1.69
2024-03-01,31420,79496,
2024-06-01,31420,80051,-0.38
2024-09-01,31420,78707,-2.3
2024-12-01,31420,80137,-1.53
2025-03-01,31420,79481,
2025-06-01,31420,79988,-0.08
2016-03-01,31460,36126,
2016-06-01,31460,37593,
2016-09-01,31460,40115,
2016-12-01,31460,37040,
2017-03-01,31460,36446,
2017-06-01,31460,39164,4.18
2017-09-01,31460,40279,0.41
2017-12-01,31460,37981,2.54
2018-03-01,31460,37722,3.5
2018-06-01,31460,39648,1.24
2018-09-01,31460,41228,2.36
2018-12-01,31460,39673,4.45
2019-03-01,31460,38240,1.37
2019-06-01,31460,41151,3.79
2019-09-01,31460,41928,1.7
2019-12-01,31460,40566,2.25
2020-03-01,31460,39020,
2020-06-01,31460,39457,-4.12
2020-09-01,31460,39949,-4.72
2020-12-01,31460,39186,-3.4
2021-03-01,31460,38288,
2021-06-01,31460,41433,5.01
2021-09-01,31460,41912,4.91
2021-12-01,31460,42475,8.39
2022-03-01,31460,40478,5.72
2022-06-01,31460,42351,2.22
2022-09-01,31460,43772,4.44
2022-12-01,31460,42822,0.82
2023-03-01,31460,40040,-1.08
2023-06-01,31460,44327,4.67
2023-09-01,31460,45006,2.82
2023-12-01,31460,43629,1.88
2016-03-01,31540,292358,
2016-06-01,31540,303506,
2016-09-01,31540,302699,
2016-12-01,31540,303708,
2017-03-01,31540,297243,
2017-06-01,31540,308568,1.67
2017-09-01,31540,305145,0.81
2017-12-01,31540,308150,1.46
2018-03-01,31540,300840,1.21
2018-06-01,31540,313401,1.57
2018-09-01,31540,308577,1.12
2018-12-01,31540,310807,0.86
2019-03-01,31540,304399,1.18
2019-06-01,31540,318076,1.49
2019-09-01,31540,312393,1.24
2019-12-01,31540,315862,1.63
2020-03-01,31540,306439,
2020-06-01,31540,290949,-8.53
2020-09-01,31540,294683,-5.67
2020-12-01,31540,296634,-6.09
2021-03-01,31540,292826,
2021-06-01,31540,308775,6.13
2021-09-01,31540,304826,3.44
2021-12-01,31540,306642,3.37
2022-03-01,31540,302328,3.24
2022-06-01,31540,314969,2.01
2022-09-01,31540,312396,2.48
2022-12-01,31540,313015,2.08
2023-03-01,31540,308801,2.14
2023-06-01,31540,322940,2.53
2023-09-01,31540,319576,2.3
2023-12-01,31540,319645,2.12
2024-03-01,31540,314994,
2024-06-01,31540,325769,0.88
2024-09-01,31540,320223,0.2
2024-12-01,31540,320775,0.35
2025-03-01,31540,314459,
2025-06-01,31540,325072,-0.21
2016-03-01,31700,175866,
2016-06-01,31700,180682,
2016-09-01,31700,179202,
2016-12-01,31700,182022,
2017-03-01,31700,177986,
2017-06-01,31700,183238,1.41
2017-09-01,31700,180409,0.67
2017-12-01,31700,183893,1.03
2018-03-01,31700,179879,1.06
2018-06-01,31700,185738,1.36
2018-09-01,31700,182694,1.27
2018-12-01,31700,185694,0.98
2019-03-01,31700,182568,1.49
2019-06-01,31700,187419,0.91
2019-09-01,31700,184103,0.77
2019-12-01,31700,186809,0.6
2020-03-01,31700,181916,
2020-06-01,31700,166753,-11.03
2020-09-01,31700,172781,-6.15
2020-12-01,31700,175231,-6.2
2021-03-01,31700,173083,
2021-06-01,31700,178120,6.82
2021-09-01,31700,176167,1.96
2021-12-01,31700,178999,2.15
2022-03-01,31700,178203,2.96
2022-06-01,31700,182289,2.34
2022-09-01,31700,180361,2.38
2022-12-01,31700,181476,1.38
2023-03-01,31700,179227,0.57
2023-06-01,31700,184123,1.01
2023-09-01,31700,181256,0.5
2023-12-01,31700,181821,0.19
2024-03-01,31700,178302,
2024-06-01,31700,182685,-0.78
2024-09-01,31700,179425,-1.01
2024-12-01,31700,181071,-0.41
2025-03-01,31700,176943,
2025-06-01,31700,179683,-1.64
2016-03-01,31740,28334,
2016-06-01,31740,27858,
2016-09-01,31740,28298,
2016-12-01,31740,28481,
2017-03-01,31740,28801,
2017-06-01,31740,28400,1.95
2017-09-01,31740,28509,0.75
2017-12-01,31740,28787,1.07
2018-03-01,31740,28403,-1.38
2018-06-01,31740,28274,-0.44
2018-09-01,31740,29087,2.03
2018-12-01,31740,29063,0.96
2019-03-01,31740,28544,0.5
2019-06-01,31740,28474,0.71
2019-09-01,31740,28687,-1.38
2019-12-01,31740,28839,-0.77
2020-03-01,31740,28053,
2020-06-01,31740,26283,-7.69
2020-09-01,31740,26526,-7.53
2020-12-01,31740,27063,-6.16
2021-03-01,31740,27366,
2021-06-01,31740,27542,4.79
2021-09-01,31740,27659,4.27
2021-12-01,31740,28358,4.79
2022-03-01,31740,28328,3.52
2022-06-01,31740,28357,2.96
2022-09-01,31740,29485,6.6
2022-12-01,31740,29795,5.07
2023-03-01,31740,30051,6.08
2023-06-01,31740,29692,4.71
2023-09-01,31740,29948,1.57
2023-12-01,31740,30101,1.03
2024-03-01,31740,37363,
2024-06-01,31740,37702,26.98
2024-09-01,31740,38174,27.47
2024-12-01,31740,38538,28.03
2025-03-01,31740,38276,
2025-06-01,31740,37674,-0.07
2016-03-01,31860,45635,
2016-06-01,31860,45718,
2016-09-01,31860,46455,
2016-12-01,31860,46322,
2017-03-01,31860,46334,
2017-06-01,31860,47080,2.98
2017-09-01,31860,47842,2.99
2017-12-01,31860,47660,2.89
2018-03-01,31860,46496,0.35
2018-06-01,31860,47082,0
2018-09-01,31860,47815,-0.06
2018-12-01,31860,48241,1.22
2019-03-01,31860,46634,0.3
2019-06-01,31860,47423,0.72
2019-09-01,31860,48203,0.81
2019-12-01,31860,48365,0.26
2020-03-01,31860,46215,
2020-06-01,31860,42394,-10.6
2020-09-01,31860,43959,-8.8
2020-12-01,31860,43884,-9.26
2021-03-01,31860,43786,
2021-06-01,31860,44465,4.89
2021-09-01,31860,44386,0.97
2021-12-01,31860,45856,4.49
2022-03-01,31860,45192,3.21
2022-06-01,31860,45549,2.44
2022-09-01,31860,47182,6.3
2022-12-01,31860,47226,2.99
2023-03-01,31860,46345,2.55
2023-06-01,31860,47471,4.22
2023-09-01,31860,47791,1.29
2023-12-01,31860,47492,0.56
2024-03-01,31860,47148,
2024-06-01,31860,47481,0.02
2024-09-01,31860,48094,0.63
2024-12-01,31860,48718,2.58
2025-03-01,31860,46902,
2025-06-01,31860,47084,-0.84
2016-03-01,31900,42576,
2016-06-01,31900,43969,
2016-09-01,31900,43355,
2016-12-01,31900,43303,
2017-03-01,31900,42238,
2017-06-01,31900,43607,-0.82
2017-09-01,31900,42728,-1.45
2017-12-01,31900,42799,-1.16
2018-03-01,31900,42477,0.57
2018-06-01,31900,43850,0.56
2018-09-01,31900,43195,1.09
2018-12-01,31900,43477,1.58
2019-03-01,31900,42137,-0.8
2019-06-01,31900,43289,-1.28
2019-09-01,31900,42268,-2.15
2019-12-01,31900,42811,-1.53
2020-03-01,31900,41454,
2020-06-01,31900,39038,-9.82
2020-09-01,31900,39723,-6.02
2020-12-01,31900,40366,-5.71
2021-03-01,31900,39675,
2021-06-01,31900,41138,5.38
2021-09-01,31900,40444,1.82
2021-12-01,31900,41438,2.66
2022-03-01,31900,40832,2.92
2022-06-01,31900,41527,0.95
2022-09-01,31900,40847,1
2022-12-01,31900,41243,-0.47
2023-03-01,31900,40823,-0.02
2023-06-01,31900,42025,1.2
2023-09-01,31900,41439,1.45
2023-12-01,31900,41774,1.29
2024-03-01,31900,41694,
2024-06-01,31900,42295,0.64
2024-09-01,31900,41629,0.46
2024-12-01,31900,41957,0.44
2025-03-01,31900,41138,
2025-06-01,31900,41865,-1.02
2016-03-01,32420,23961,
2016-06-01,32420,24222,
2016-09-01,32420,24386,
2016-12-01,32420,25649,
2017-03-01,32420,23779,
2017-06-01,32420,23764,-1.89
2017-09-01,32420,22827,-6.39
2017-12-01,32420,23785,-7.27
2018-03-01,32420,22860,-3.86
2018-06-01,32420,23064,-2.95
2018-09-01,32420,23189,1.59
2018-12-01,32420,23979,0.82
2019-03-01,32420,22855,-0.02
2019-06-01,32420,23248,0.8
2019-09-01,32420,23032,-0.68
2019-12-01,32420,24115,0.57
2020-03-01,32420,23275,
2020-06-01,32420,21175,-8.92
2020-09-01,32420,22147,-3.84
2020-12-01,32420,23965,-0.62
2021-03-01,32420,23386,
2021-06-01,32420,23955,13.13
2021-09-01,32420,24333,9.87
2021-12-01,32420,26145,9.1
2022-03-01,32420,25687,9.84
2022-06-01,32420,25936,8.27
2022-09-01,32420,26119,7.34
2022-12-01,32420,27427,4.9
2023-03-01,32420,26137,1.75
2023-06-01,32420,26420,1.87
2023-09-01,32420,26622,1.93
2023-12-01,32420,27655,0.83
2024-03-01,32420,44732,
2024-06-01,32420,45013,70.37
2024-09-01,32420,44864,68.52
2024-12-01,32420,45437,64.3
2025-03-01,32420,44114,
2025-06-01,32420,44883,-0.29
2016-03-01,32580,191975,
2016-06-01,32580,190797,
2016-09-01,32580,192126,
2016-12-01,32580,197218,
2017-03-01,32580,196403,
2017-06-01,32580,196514,3
2017-09-01,32580,196416,2.23
2017-12-01,32580,202286,2.57
2018-03-01,32580,202121,2.91
2018-06-01,32580,202091,2.84
2018-09-01,32580,202296,2.99
2018-12-01,32580,208210,2.93
2019-03-01,32580,207103,2.46
2019-06-01,32580,207648,2.75
2019-09-01,32580,208882,3.26
2019-12-01,32580,213925,2.74
2020-03-01,32580,211321,
2020-06-01,32580,198163,-4.57
2020-09-01,32580,197342,-5.52
2020-12-01,32580,206967,-3.25
2021-03-01,32580,206495,
2021-06-01,32580,212022,6.99
2021-09-01,32580,213385,8.13
2021-12-01,32580,220366,6.47
2022-03-01,32580,219519,6.31
2022-06-01,32580,220495,4
2022-09-01,32580,224323,5.13
2022-12-01,32580,228520,3.7
2023-03-01,32580,228311,4.01
2023-06-01,32580,230515,4.54
2023-09-01,32580,229358,2.24
2023-12-01,32580,233689,2.26
2024-03-01,32580,230728,
2024-06-01,32580,232976,1.07
2024-09-01,32580,233282,1.71
2024-12-01,32580,238888,2.22
2025-03-01,32580,236655,
2025-06-01,32580,235826,1.22
2016-03-01,32780,71441,
2016-06-01,32780,73799,
2016-09-01,32780,76227,
2016-12-01,32780,75528,
2017-03-01,32780,73798,
2017-06-01,32780,76706,3.94
2017-09-01,32780,79199,3.9
2017-12-01,32780,78129,3.44
2018-03-01,32780,77803,5.43
2018-06-01,32780,79894,4.16
2018-09-01,32780,81647,3.09
2018-12-01,32780,79465,1.71
2019-03-01,32780,77778,-0.03
2019-06-01,32780,79657,-0.3
2019-09-01,32780,81961,0.38
2019-12-01,32780,80950,1.87
2020-03-01,32780,79516,
2020-06-01,32780,74625,-6.32
2020-09-01,32780,77379,-5.59
2020-12-01,32780,76127,-5.96
2021-03-01,32780,76825,
2021-06-01,32780,78801,5.6
2021-09-01,32780,79583,2.85
2021-12-01,32780,78230,2.76
2022-03-01,32780,77934,1.44
2022-06-01,32780,79766,1.22
2022-09-01,32780,81171,2
2022-12-01,32780,79041,1.04
2023-03-01,32780,78423,0.63
2023-06-01,32780,80810,1.31
2023-09-01,32780,81978,0.99
2023-12-01,32780,79365,0.41
2024-03-01,32780,78403,
2024-06-01,32780,80299,-0.63
2024-09-01,32780,81898,-0.1
2024-12-01,32780,79351,-0.02
2025-03-01,32780,78427,
2025-06-01,32780,80707,0.51
2016-03-01,32820,521415,
2016-06-01,32820,529459,
2016-09-01,32820,530784,
2016-12-01,32820,540763,
2017-03-01,32820,525060,
2017-06-01,32820,533825,0.82
2017-09-01,32820,531035,0.05
2017-12-01,32820,545244,0.83
2018-03-01,32820,531482,1.22
2018-06-01,32820,541119,1.37
2018-09-01,32820,539959,1.68
2018-12-01,32820,551527,1.15
2019-03-01,32820,537529,1.14
2019-06-01,32820,545627,0.83
2019-09-01,32820,543138,0.59
2019-12-01,32820,553609,0.38
2020-03-01,32820,535283,
2020-06-01,32820,502427,-7.92
2020-09-01,32820,511593,-5.81
2020-12-01,32820,536716,-3.05
2021-03-01,32820,519393,
2021-06-01,32820,525428,4.58
2021-09-01,32820,530581,3.71
2021-12-01,32820,543226,1.21
2022-03-01,32820,536039,3.2
2022-06-01,32820,543692,3.48
2022-09-01,32820,548836,3.44
2022-12-01,32820,551921,1.6
2023-03-01,32820,535486,-0.1
2023-06-01,32820,540589,-0.57
2023-09-01,32820,541497,-1.34
2023-12-01,32820,547062,-0.88
2024-03-01,32820,535112,
2024-06-01,32820,534369,-1.15
2024-09-01,32820,532418,-1.68
2024-12-01,32820,538833,-1.5
2025-03-01,32820,523508,
2025-06-01,32820,522972,-2.13
2016-03-01,32900,55181,
2016-06-01,32900,60793,
2016-09-01,32900,64342,
2016-12-01,32900,57857,
2017-03-01,32900,57664,
2017-06-01,32900,62936,3.53
2017-09-01,32900,66354,3.13
2017-12-01,32900,61232,5.83
2018-03-01,32900,59154,2.58
2018-06-01,32900,63826,1.41
2018-09-01,32900,67517,1.75
2018-12-01,32900,61567,0.55
2019-03-01,32900,60241,1.84
2019-06-01,32900,64847,1.6
2019-09-01,32900,68241,1.07
2019-12-01,32900,61293,-0.45
2020-03-01,32900,60758,
2020-06-01,32900,62247,-4.01
2020-09-01,32900,65215,-4.43
2020-12-01,32900,59885,-2.3
2021-03-01,32900,58583,
2021-06-01,32900,64117,3
2021-09-01,32900,68472,4.99
2021-12-01,32900,63652,6.29
2022-03-01,32900,62979,7.5
2022-06-01,32900,66518,3.74
2022-09-01,32900,71165,3.93
2022-12-01,32900,63477,-0.27
2023-03-01,32900,61874,-1.75
2023-06-01,32900,67291,1.16
2023-09-01,32900,71766,0.84
2023-12-01,32900,63806,0.52
2024-03-01,32900,63106,
2024-06-01,32900,66704,-0.87
2024-09-01,32900,71141,-0.87
2024-12-01,32900,63868,0.1
2025-03-01,32900,63082,
2025-06-01,32900,66470,-0.35
2016-03-01,33100,2174627,
2016-06-01,33100,2161565,
2016-09-01,33100,2167590,
2016-12-01,33100,2236670,
2017-03-01,33100,2224763,
2017-06-01,33100,2215251,2.48
2017-09-01,33100,2144218,-1.08
2017-12-01,33100,2268464,1.42
2018-03-01,33100,2259993,1.58
2018-06-01,33100,2242593,1.23
2018-09-01,33100,2246930,4.79
2018-12-01,33100,2312051,1.92
2019-03-01,33100,2295726,1.58
2019-06-01,33100,2278342,1.59
2019-09-01,33100,2277255,1.35
2019-12-01,33100,2353379,1.79
2020-03-01,33100,2297828,
2020-06-01,33100,2065863,-9.33
2020-09-01,33100,2072115,-9.01
2020-12-01,33100,2167260,-7.91
2021-03-01,33100,2185619,
2021-06-01,33100,2207504,6.86
2021-09-01,33100,2240980,8.15
2021-12-01,33100,2336476,7.81
2022-03-01,33100,2331901,6.69
2022-06-01,33100,2347432,6.34
2022-09-01,33100,2375011,5.98
2022-12-01,33100,2439745,4.42
2023-03-01,33100,2432311,4.31
2023-06-01,33100,2434826,3.72
2023-09-01,33100,2439619,2.72
2023-12-01,33100,2509625,2.86
2024-03-01,33100,2483162,
2024-06-01,33100,2463268,1.17
2024-09-01,33100,2467711,1.15
2024-12-01,33100,2522035,0.49
2025-03-01,33100,2511904,
2025-06-01,33100,2488093,1.01
2016-03-01,33140,33100,
2016-06-01,33140,34392,
2016-09-01,33140,34119,
2016-12-01,33140,33929,
2017-03-01,33140,33246,
2017-06-01,33140,34157,-0.68
2017-09-01,33140,33859,-0.76
2017-12-01,33140,33982,0.16
2018-03-01,33140,33357,0.33
2018-06-01,33140,34742,1.71
2018-09-01,33140,33871,0.04
2018-12-01,33140,34169,0.55
2019-03-01,33140,33449,0.28
2019-06-01,33140,34361,-1.1
2019-09-01,33140,34263,1.16
2019-12-01,33140,34482,0.92
2020-03-01,33140,33201,
2020-06-01,33140,31736,-7.64
2020-09-01,33140,31973,-6.68
2020-12-01,33140,32086,-6.95
2021-03-01,33140,31492,
2021-06-01,33140,32918,3.72
2021-09-01,33140,32962,3.09
2021-12-01,33140,33527,4.49
2022-03-01,33140,32942,4.6
2022-06-01,33140,34120,3.65
2022-09-01,33140,34128,3.54
2022-12-01,33140,34067,1.61
2023-03-01,33140,34287,4.08
2023-06-01,33140,35493,4.02
2023-09-01,33140,35037,2.66
2023-12-01,33140,35074,2.96
2024-03-01,33140,34163,
2024-06-01,33140,35205,-0.81
2024-09-01,33140,34614,-1.21
2024-12-01,33140,34431,-1.83
2025-03-01,33140,33416,
2025-06-01,33140,35113,-0.26
2016-03-01,33220,33693,
2016-06-01,33220,34737,
2016-09-01,33220,34506,
2016-12-01,33220,33937,
2017-03-01,33220,33543,
2017-06-01,33220,34397,-0.98
2017-09-01,33220,34012,-1.43
2017-12-01,33220,33787,-0.44
2018-03-01,33220,33729,0.55
2018-06-01,33220,35005,1.77
2018-09-01,33220,34856,2.48
2018-12-01,33220,34826,3.08
2019-03-01,33220,34307,1.71
2019-06-01,33220,35236,0.66
2019-09-01,33220,34658,-0.57
2019-12-01,33220,34217,-1.75
2020-03-01,33220,32026,
2020-06-01,33220,30022,-14.8
2020-09-01,33220,31264,-9.79
2020-12-01,33220,31372,-8.31
2021-03-01,33220,31463,
2021-06-01,33220,32746,9.07
2021-09-01,33220,32614,4.32
2021-12-01,33220,33307,6.17
2022-03-01,33220,32217,2.4
2022-06-01,33220,33601,2.61
2022-09-01,33220,33728,3.42
2022-12-01,33220,33445,0.41
2023-03-01,33220,34109,5.87
2023-06-01,33220,35408,5.38
2023-09-01,33220,35300,4.66
2023-12-01,33220,35333,5.65
2024-03-01,33220,34789,
2024-06-01,33220,35914,1.43
2024-09-01,33220,35344,0.12
2024-12-01,33220,35084,-0.7
2025-03-01,33220,34942,
2025-06-01,33220,35915,0
2016-03-01,33260,75834,
2016-06-01,33260,74716,
2016-09-01,33260,74937,
2016-12-01,33260,77041,
2017-03-01,33260,78033,
2017-06-01,33260,82067,9.84
2017-09-01,33260,83782,11.8
2017-12-01,33260,87687,13.82
2018-03-01,33260,92545,18.6
2018-06-01,33260,96792,17.94
2018-09-01,33260,98778,17.9
2018-12-01,33260,101032,15.22
2019-03-01,33260,100054,8.11
2019-06-01,33260,102287,5.68
2019-09-01,33260,101319,2.57
2019-12-01,33260,100098,-0.92
2020-03-01,33260,99925,
2020-06-01,33260,80341,-21.46
2020-09-01,33260,80051,-20.99
2020-12-01,33260,83078,-17
2021-03-01,33260,86557,
2021-06-01,33260,88955,10.72
2021-09-01,33260,91113,13.82
2021-12-01,33260,95230,14.63
2022-03-01,33260,96185,11.12
2022-06-01,33260,98671,10.92
2022-09-01,33260,102688,12.7
2022-12-01,33260,104878,10.13
2023-03-01,33260,106048,10.25
2023-06-01,33260,107555,9
2023-09-01,33260,107363,4.55
2023-12-01,33260,107854,2.84
2024-03-01,33260,109023,
2024-06-01,33260,109560,1.86
2024-09-01,33260,110517,2.94
2024-12-01,33260,111194,3.1
2025-03-01,33260,111882,
2025-06-01,33260,111632,1.89
2016-03-01,33340,728503,
2016-06-01,33340,746555,
2016-09-01,33340,742920,
2016-12-01,33340,742207,
2017-03-01,33340,733983,
2017-06-01,33340,754452,1.06
2017-09-01,33340,748494,0.75
2017-12-01,33340,754480,1.65
2018-03-01,33340,743251,1.26
2018-06-01,33340,762422,1.06
2018-09-01,33340,754743,0.83
2018-12-01,33340,758441,0.52
2019-03-01,33340,742589,-0.09
2019-06-01,33340,764120,0.22
2019-09-01,33340,754006,-0.1
2019-12-01,33340,757208,-0.16
2020-03-01,33340,737527,
2020-06-01,33340,691153,-9.55
2020-09-01,33340,703325,-6.72
2020-12-01,33340,710358,-6.19
2021-03-01,33340,700116,
2021-06-01,33340,723374,4.66
2021-09-01,33340,718421,2.15
2021-12-01,33340,725293,2.1
2022-03-01,33340,718956,2.69
2022-06-01,33340,737000,1.88
2022-09-01,33340,732392,1.94
2022-12-01,33340,732983,1.06
2023-03-01,33340,725990,0.98
2023-06-01,33340,747738,1.46
2023-09-01,33340,738442,0.83
2023-12-01,33340,740450,1.02
2024-03-01,33340,727603,
2024-06-01,33340,748356,0.08
2024-09-01,33340,739668,0.17
2024-12-01,33340,741150,0.09
2025-03-01,33340,725366,
2025-06-01,33340,744427,-0.53
2016-03-01,33460,1593026,
2016-06-01,33460,1655582,
2016-09-01,33460,1655120,
2016-12-01,33460,1653087,
2017-03-01,33460,1631424,
2017-06-01,33460,1693107,2.27
2017-09-01,33460,1677146,1.33
2017-12-01,33460,1675414,1.35
2018-03-01,33460,1651159,1.21
2018-06-01,33460,1715617,1.33
2018-09-01,33460,1703120,1.55
2018-12-01,33460,1700834,1.52
2019-03-01,33460,1665573,0.87
2019-06-01,33460,1731990,0.95
2019-09-01,33460,1712735,0.56
2019-12-01,33460,1712942,0.71
2020-03-01,33460,1666530,
2020-06-01,33460,1532843,-11.5
2020-09-01,33460,1567174,-8.5
2020-12-01,33460,1558838,-9
2021-03-01,33460,1571204,
2021-06-01,33460,1638719,6.91
2021-09-01,33460,1622478,3.53
2021-12-01,33460,1652966,6.04
2022-03-01,33460,1626977,3.55
2022-06-01,33460,1690014,3.13
2022-09-01,33460,1680916,3.6
2022-12-01,33460,1676330,1.41
2023-03-01,33460,1657229,1.86
2023-06-01,33460,1724370,2.03
2023-09-01,33460,1704704,1.42
2023-12-01,33460,1691716,0.92
2024-03-01,33460,1661271,
2024-06-01,33460,1723862,-0.03
2024-09-01,33460,1700131,-0.27
2024-12-01,33460,1700281,0.51
2025-03-01,33460,1662070,
2025-06-01,33460,1715393,-0.49
2024-03-01,33500,26767,
2024-06-01,33500,28011,
2024-09-01,33500,27425,
2024-12-01,33500,27030,
2025-03-01,33500,26485,
2025-06-01,33500,27770,-0.86
2016-03-01,33540,48007,
2016-06-01,33540,50002,
2016-09-01,33540,50127,
2016-12-01,33540,49664,
2017-03-01,33540,49100,
2017-06-01,33540,51395,2.79
2017-09-01,33540,51161,2.06
2017-12-01,33540,50933,2.56
2018-03-01,33540,50203,2.25
2018-06-01,33540,52661,2.46
2018-09-01,33540,52261,2.15
2018-12-01,33540,51649,1.41
2019-03-01,33540,50593,0.78
2019-06-01,33540,53050,0.74
2019-09-01,33540,52924,1.27
2019-12-01,33540,52310,1.28
2020-03-01,33540,51150,
2020-06-01,33540,49408,-6.87
2020-09-01,33540,50248,-5.06
2020-12-01,33540,50191,-4.05
2021-03-01,33540,49826,
2021-06-01,33540,52560,6.38
2021-09-01,33540,52176,3.84
2021-12-01,33540,52319,4.24
2022-03-01,33540,52119,4.6
2022-06-01,33540,53948,2.64
2022-09-01,33540,54164,3.81
2022-12-01,33540,53735,2.71
2023-03-01,33540,53976,3.56
2023-06-01,33540,56692,5.09
2023-09-01,33540,55519,2.5
2023-12-01,33540,54831,2.04
2024-03-01,33540,54860,
2024-06-01,33540,58249,2.75
2024-09-01,33540,57243,3.11
2024-12-01,33540,56178,2.46
2025-03-01,33540,55231,
2025-06-01,33540,57932,-0.54
2016-03-01,33660,143809,
2016-06-01,33660,145633,
2016-09-01,33660,145075,
2016-12-01,33660,145340,
2017-03-01,33660,145379,
2017-06-01,33660,145783,0.1
2017-09-01,33660,146197,0.77
2017-12-01,33660,147665,1.6
2018-03-01,33660,145531,0.1
2018-06-01,33660,147286,1.03
2018-09-01,33660,147387,0.81
2018-12-01,33660,150168,1.7
2019-03-01,33660,147107,1.08
2019-06-01,33660,147533,0.17
2019-09-01,33660,148256,0.59
2019-12-01,33660,150036,-0.09
2020-03-01,33660,147135,
2020-06-01,33660,137622,-6.72
2020-09-01,33660,139894,-5.64
2020-12-01,33660,142732,-4.87
2021-03-01,33660,144172,
2021-06-01,33660,146855,6.71
2021-09-01,33660,147820,5.67
2021-12-01,33660,150405,5.38
2022-03-01,33660,147420,2.25
2022-06-01,33660,148221,0.93
2022-09-01,33660,149582,1.19
2022-12-01,33660,150715,0.21
2023-03-01,33660,147575,0.11
2023-06-01,33660,148382,0.11
2023-09-01,33660,148412,-0.78
2023-12-01,33660,147189,-2.34
2024-03-01,33660,147266,
2024-06-01,33660,148368,-0.01
2024-09-01,33660,148077,-0.23
2024-12-01,33660,149591,1.63
2025-03-01,33660,147197,
2025-06-01,33660,148093,-0.19
2016-03-01,33700,149598,
2016-06-01,33700,156087,
2016-09-01,33700,162270,
2016-12-01,33700,154573,
2017-03-01,33700,153883,
2017-06-01,33700,159672,2.3
2017-09-01,33700,162557,0.18
2017-12-01,33700,158744,2.7
2018-03-01,33700,156809,1.9
2018-06-01,33700,162177,1.57
2018-09-01,33700,166889,2.66
2018-12-01,33700,160674,1.22
2019-03-01,33700,158858,1.31
2019-06-01,33700,164194,1.24
2019-09-01,33700,168342,0.87
2019-12-01,33700,162442,1.1
2020-03-01,33700,161571,
2020-06-01,33700,153886,-6.28
2020-09-01,33700,159588,-5.2
2020-12-01,33700,156043,-3.94
2021-03-01,33700,156246,
2021-06-01,33700,160698,4.43
2021-09-01,33700,165326,3.6
2021-12-01,33700,163821,4.98
2022-03-01,33700,164812,5.48
2022-06-01,33700,167037,3.94
2022-09-01,33700,170982,3.42
2022-12-01,33700,164747,0.57
2023-03-01,33700,161709,-1.88
2023-06-01,33700,168225,0.71
2023-09-01,33700,171428,0.26
2023-12-01,33700,165484,0.45
2024-03-01,33700,163317,
2024-06-01,33700,166848,-0.82
2024-09-01,33700,171919,0.29
2024-12-01,33700,165810,0.2
2025-03-01,33700,163275,
2025-06-01,33700,167529,0.41
2016-03-01,33740,65035,
2016-06-01,33740,65306,
2016-09-01,33740,65308,
2016-12-01,33740,64994,
2017-03-01,33740,64338,
2017-06-01,33740,65015,-0.45
2017-09-01,33740,64303,-1.54
2017-12-01,33740,65317,0.5
2018-03-01,33740,64525,0.29
2018-06-01,33740,65027,0.02
2018-09-01,33740,64399,0.15
2018-12-01,33740,64528,-1.21
2019-03-01,33740,63873,-1.01
2019-06-01,33740,64022,-1.55
2019-09-01,33740,63351,-1.63
2019-12-01,33740,63659,-1.35
2020-03-01,33740,62658,
2020-06-01,33740,58508,-8.61
2020-09-01,33740,60087,-5.15
2020-12-01,33740,61178,-3.9
2021-03-01,33740,60602,
2021-06-01,33740,61447,5.02
2021-09-01,33740,61022,1.56
2021-12-01,33740,62325,1.87
2022-03-01,33740,62392,2.95
2022-06-01,33740,63167,2.8
2022-09-01,33740,63618,4.25
2022-12-01,33740,63976,2.65
2023-03-01,33740,64004,2.58
2023-06-01,33740,64242,1.7
2023-09-01,33740,63513,-0.17
2023-12-01,33740,63626,-0.55
2024-03-01,33740,74124,
2024-06-01,33740,74118,15.37
2024-09-01,33740,74194,16.82
2024-12-01,33740,74764,17.51
2025-03-01,33740,73913,
2025-06-01,33740,74864,1.01
2016-03-01,33780,35188,
2016-06-01,33780,36651,
2016-09-01,33780,36287,
2016-12-01,33780,35679,
2017-03-01,33780,35393,
2017-06-01,33780,36172,-1.31
2017-09-01,33780,35966,-0.88
2017-12-01,33780,35420,-0.73
2018-03-01,33780,34742,-1.84
2018-06-01,33780,35833,-0.94
2018-09-01,33780,36026,0.17
2018-12-01,33780,35137,-0.8
2019-03-01,33780,34010,-2.11
2019-06-01,33780,35349,-1.35
2019-09-01,33780,34645,-3.83
2019-12-01,33780,34575,-1.6
2020-03-01,33780,33498,
2020-06-01,33780,31009,-12.28
2020-09-01,33780,32043,-7.51
2020-12-01,33780,31111,-10.02
2021-03-01,33780,30949,
2021-06-01,33780,32503,4.82
2021-09-01,33780,32358,0.98
2021-12-01,33780,32951,5.91
2022-03-01,33780,33325,7.68
2022-06-01,33780,34848,7.21
2022-09-01,33780,34097,5.37
2022-12-01,33780,33750,2.42
2023-03-01,33780,34105,2.34
2023-06-01,33780,36349,4.31
2023-09-01,33780,36394,6.74
2023-12-01,33780,35954,6.53
2024-03-01,33780,35950,
2024-06-01,33780,37000,1.79
2024-09-01,33780,36124,-0.74
2024-12-01,33780,35292,-1.84
2025-03-01,33780,34519,
2025-06-01,33780,36034,-2.61
2016-03-01,33860,120343,
2016-06-01,33860,122550,
2016-09-01,33860,121534,
2016-12-01,33860,122962,
2017-03-01,33860,122126,
2017-06-01,33860,123740,0.97
2017-09-01,33860,121871,0.28
2017-12-01,33860,122594,-0.3
2018-03-01,33860,121175,-0.78
2018-06-01,33860,123350,-0.32
2018-09-01,33860,121478,-0.32
2018-12-01,33860,122598,0
2019-03-01,33860,120823,-0.29
2019-06-01,33860,122739,-0.5
2019-09-01,33860,120606,-0.72
2019-12-01,33860,121756,-0.69
2020-03-01,33860,120283,
2020-06-01,33860,111405,-9.23
2020-09-01,33860,113272,-6.08
2020-12-01,33860,117585,-3.43
2021-03-01,33860,116512,
2021-06-01,33860,118027,5.94
2021-09-01,33860,118356,4.49
2021-12-01,33860,122215,3.94
2022-03-01,33860,118602,1.79
2022-06-01,33860,120973,2.5
2022-09-01,33860,121895,2.99
2022-12-01,33860,123926,1.4
2023-03-01,33860,122987,3.7
2023-06-01,33860,124399,2.83
2023-09-01,33860,124048,1.77
2023-12-01,33860,125947,1.63
2024-03-01,33860,124847,
2024-06-01,33860,126270,1.5
2024-09-01,33860,125493,1.16
2024-12-01,33860,127260,1.04
2025-03-01,33860,125124,
2025-06-01,33860,126461,0.15
2016-03-01,34060,48507,
2016-06-01,34060,48658,
2016-09-01,34060,49960,
2016-12-01,34060,49848,
2017-03-01,34060,49300,
2017-06-01,34060,50162,3.09
2017-09-01,34060,51220,2.52
2017-12-01,34060,50705,1.72
2018-03-01,34060,50091,1.6
2018-06-01,34060,50433,0.54
2018-09-01,34060,51155,-0.13
2018-12-01,34060,50574,-0.26
2019-03-01,34060,50145,0.11
2019-06-01,34060,50341,-0.18
2019-09-01,34060,51232,0.15
2019-12-01,34060,50604,0.06
2020-03-01,34060,49619,
2020-06-01,34060,45920,-8.78
2020-09-01,34060,47980,-6.35
2020-12-01,34060,47784,-5.57
2021-03-01,34060,48755,
2021-06-01,34060,49364,7.5
2021-09-01,34060,50001,4.21
2021-12-01,34060,50559,5.81
2022-03-01,34060,50237,3.04
2022-06-01,34060,50311,1.92
2022-09-01,34060,50667,1.33
2022-12-01,34060,50784,0.45
2023-03-01,34060,51362,2.24
2023-06-01,34060,52309,3.97
2023-09-01,34060,53011,4.63
2023-12-01,34060,53350,5.05
2024-03-01,34060,53121,
2024-06-01,34060,53720,2.7
2024-09-01,34060,54013,1.89
2024-12-01,34060,54125,1.45
2025-03-01,34060,54043,
2025-06-01,34060,53857,0.26
2016-03-01,34100,37158,
2016-06-01,34100,37389,
2016-09-01,34100,37953,
2016-12-01,34100,37897,
2017-03-01,34100,37711,
2017-06-01,34100,37987,1.6
2017-09-01,34100,38017,0.17
2017-12-01,34100,39028,2.98
2018-03-01,34100,38027,0.84
2018-06-01,34100,38506,1.37
2018-09-01,34100,38208,0.5
2018-12-01,34100,38618,-1.05
2019-03-01,34100,38729,1.85
2019-06-01,34100,39625,2.91
2019-09-01,34100,39428,3.19
2019-12-01,34100,39455,2.17
2020-03-01,34100,39015,
2020-06-01,34100,37516,-5.32
2020-09-01,34100,38182,-3.16
2020-12-01,34100,39080,-0.95
2021-03-01,34100,38766,
2021-06-01,34100,38852,3.56
2021-09-01,34100,38967,2.06
2021-12-01,34100,39797,1.83
2022-03-01,34100,39877,2.87
2022-06-01,34100,40224,3.53
2022-09-01,34100,40921,5.01
2022-12-01,34100,41001,3.03
2023-03-01,34100,40700,2.06
2023-06-01,34100,40896,1.67
2023-09-01,34100,41449,1.29
2023-12-01,34100,41476,1.16
2024-03-01,34100,40499,
2024-06-01,34100,41066,0.42
2024-09-01,34100,41621,0.41
2024-12-01,34100,40950,-1.27
2025-03-01,34100,40308,
2025-06-01,34100,40637,-1.04
2016-03-01,34580,37014,
2016-06-01,34580,39331,
2016-09-01,34580,39924,
2016-12-01,34580,38476,
2017-03-01,34580,38597,
2017-06-01,34580,40435,2.81
2017-09-01,34580,40708,1.96
2017-12-01,34580,38830,0.92
2018-03-01,34580,39152,1.44
2018-06-01,34580,41659,3.03
2018-09-01,34580,42109,3.44
2018-12-01,34580,40342,3.89
2019-03-01,34580,40267,2.85
2019-06-01,34580,42120,1.11
2019-09-01,34580,42085,-0.06
2019-12-01,34580,40168,-0.43
2020-03-01,34580,40013,
2020-06-01,34580,37598,-10.74
2020-09-01,34580,38967,-7.41
2020-12-01,34580,36882,-8.18
2021-03-01,34580,37468,
2021-06-01,34580,39391,4.77
2021-09-01,34580,39757,2.03
2021-12-01,34580,38829,5.28
2022-03-01,34580,39116,4.4
2022-06-01,34580,40199,2.05
2022-09-01,34580,40991,3.1
2022-12-01,34580,39634,2.07
2023-03-01,34580,39512,1.01
2023-06-01,34580,41266,2.65
2023-09-01,34580,41680,1.68
2023-12-01,34580,40471,2.11
2024-03-01,34580,40271,
2024-06-01,34580,42136,2.11
2024-09-01,34580,42985,3.13
2024-12-01,34580,41128,1.62
2025-03-01,34580,40535,
2025-06-01,34580,42978,2
2016-03-01,34620,36200,
2016-06-01,34620,37026,
2016-09-01,34620,37402,
2016-12-01,34620,37361,
2017-03-01,34620,37058,
2017-06-01,34620,37348,0.87
2017-09-01,34620,37162,-0.64
2017-12-01,34620,36684,-1.81
2018-03-01,34620,36264,-2.14
2018-06-01,34620,36751,-1.6
2018-09-01,34620,37540,1.02
2018-12-01,34620,37513,2.26
2019-03-01,34620,36974,1.96
2019-06-01,34620,36869,0.32
2019-09-01,34620,36950,-1.57
2019-12-01,34620,37003,-1.36
2020-03-01,34620,36430,
2020-06-01,34620,34438,-6.59
2020-09-01,34620,35353,-4.32
2020-12-01,34620,35604,-3.78
2021-03-01,34620,34828,
2021-06-01,34620,35414,2.83
2021-09-01,34620,35612,0.73
2021-12-01,34620,36435,2.33
2022-03-01,34620,36041,3.48
2022-06-01,34620,36153,2.09
2022-09-01,34620,36674,2.98
2022-12-01,34620,36514,0.22
2023-03-01,34620,36319,0.77
2023-06-01,34620,36366,0.59
2023-09-01,34620,36564,-0.3
2023-12-01,34620,37129,1.68
2024-03-01,34620,36675,
2024-06-01,34620,36876,1.4
2024-09-01,34620,37022,1.25
2024-12-01,34620,36970,-0.43
2025-03-01,34620,36348,
2025-06-01,34620,36383,-1.34
2016-03-01,34740,53595,
2016-06-01,34740,56444,
2016-09-01,34740,55574,
2016-12-01,34740,55195,
2017-03-01,34740,54654,
2017-06-01,34740,58086,2.91
2017-09-01,34740,56578,1.81
2017-12-01,34740,55452,0.47
2018-03-01,34740,54488,-0.3
2018-06-01,34740,57892,-0.33
2018-09-01,34740,56227,-0.62
2018-12-01,34740,55535,0.15
2019-03-01,34740,53642,-1.55
2019-06-01,34740,57163,-1.26
2019-09-01,34740,55688,-0.96
2019-12-01,34740,54590,-1.7
2020-03-01,34740,53240,
2020-06-01,34740,48401,-15.33
2020-09-01,34740,50774,-8.82
2020-12-01,34740,49582,-9.17
2021-03-01,34740,50490,
2021-06-01,34740,53492,10.52
2021-09-01,34740,53371,5.11
2021-12-01,34740,53743,8.39
2022-03-01,34740,53382,5.73
2022-06-01,34740,56508,5.64
2022-09-01,34740,55321,3.65
2022-12-01,34740,54881,2.12
2023-03-01,34740,53489,0.2
2023-06-01,34740,56752,0.43
2023-09-01,34740,55702,0.69
2023-12-01,34740,55022,0.26
2024-03-01,34740,54638,
2024-06-01,34740,58087,2.35
2024-09-01,34740,56383,1.22
2024-12-01,34740,55184,0.29
2025-03-01,34740,52739,
2025-06-01,34740,56667,-2.44
2016-03-01,34820,127508,
2016-06-01,34820,141978,
2016-09-01,34820,135252,
2016-12-01,34820,126920,
2017-03-01,34820,132369,
2017-06-01,34820,148548,4.63
2017-09-01,34820,138707,2.55
2017-12-01,34820,131685,3.75
2018-03-01,34820,137046,3.53
2018-06-01,34820,152650,2.76
2018-09-01,34820,139706,0.72
2018-12-01,34820,135754,3.09
2019-03-01,34820,139998,2.15
2019-06-01,34820,153954,0.85
2019-09-01,34820,146628,4.95
2019-12-01,34820,138924,2.34
2020-03-01,34820,139528,
2020-06-01,34820,136982,-11.02
2020-09-01,34820,136489,-6.91
2020-12-01,34820,132965,-4.29
2021-03-01,34820,136666,
2021-06-01,34820,148993,8.77
2021-09-01,34820,145750,6.79
2021-12-01,34820,142516,7.18
2022-03-01,34820,145378,6.37
2022-06-01,34820,157610,5.78
2022-09-01,34820,154805,6.21
2022-12-01,34820,149597,4.97
2023-03-01,34820,151924,4.5
2023-06-01,34820,161961,2.76
2023-09-01,34820,158828,2.6
2023-12-01,34820,154457,3.25
2024-03-01,34820,122340,
2024-06-01,34820,130320,-19.54
2024-09-01,34820,125365,-21.07
2024-12-01,34820,121986,-21.02
2025-03-01,34820,122654,
2025-06-01,34820,130452,0.1
2016-03-01,34900,62983,
2016-06-01,34900,66496,
2016-09-01,34900,67089,
2016-12-01,34900,62562,
2017-03-01,34900,64670,
2017-06-01,34900,68351,2.79
2017-09-01,34900,69072,2.96
2017-12-01,34900,63864,2.08
2018-03-01,34900,66251,2.44
2018-06-01,34900,70236,2.76
2018-09-01,34900,70750,2.43
2018-12-01,34900,65626,2.76
2019-03-01,34900,67234,1.48
2019-06-01,34900,71581,1.91
2019-09-01,34900,71749,1.41
2019-12-01,34900,66062,0.66
2020-03-01,34900,66722,
2020-06-01,34900,60328,-15.72
2020-09-01,34900,60989,-15
2020-12-01,34900,57035,-13.66
2021-03-01,34900,59918,
2021-06-01,34900,64851,7.5
2021-09-01,34900,66152,8.47
2021-12-01,34900,62290,9.21
2022-03-01,34900,65740,9.72
2022-06-01,34900,69909,7.8
2022-09-01,34900,71242,7.69
2022-12-01,34900,65320,4.86
2023-03-01,34900,67740,3.04
2023-06-01,34900,72640,3.91
2023-09-01,34900,71653,0.58
2023-12-01,34900,65797,0.73
2024-03-01,34900,68309,
2024-06-01,34900,73469,1.14
2024-09-01,34900,72722,1.49
2024-12-01,34900,65857,0.09
2025-03-01,34900,67479,
2025-06-01,34900,71407,-2.81
2016-03-01,34940,130283,
2016-06-01,34940,123211,
2016-09-01,34940,123437,
2016-12-01,34940,136260,
2017-03-01,34940,135221,
2017-06-01,34940,125917,2.2
2017-09-01,34940,114496,-7.24
2017-12-01,34940,136620,0.26
2018-03-01,34940,137471,1.66
2018-06-01,34940,129874,3.14
2018-09-01,34940,128789,12.48
2018-12-01,34940,141440,3.53
2019-03-01,34940,142234,3.46
2019-06-01,34940,132777,2.24
2019-09-01,34940,131622,2.2
2019-12-01,34940,144292,2.02
2020-03-01,34940,142600,
2020-06-01,34940,126098,-5.03
2020-09-01,34940,125574,-4.59
2020-12-01,34940,136672,-5.28
2021-03-01,34940,138862,
2021-06-01,34940,135174,7.2
2021-09-01,34940,135199,7.66
2021-12-01,34940,146840,7.44
2022-03-01,34940,147744,6.4
2022-06-01,34940,143756,6.35
2022-09-01,34940,144420,6.82
2022-12-01,34940,153478,4.52
2023-03-01,34940,153932,4.19
2023-06-01,34940,149322,3.87
2023-09-01,34940,148796,3.03
2023-12-01,34940,159120,3.68
2024-03-01,34940,160795,
2024-06-01,34940,154871,3.72
2024-09-01,34940,153469,3.14
2024-12-01,34940,163823,2.96
2025-03-01,34940,163115,
2025-06-01,34940,154993,0.08
2016-03-01,34980,773693,
2016-06-01,34980,793032,
2016-09-01,34980,799324,
2016-12-01,34980,811520,
2017-03-01,34980,805700,
2017-06-01,34980,825498,4.09
2017-09-01,34980,828173,3.61
2017-12-01,34980,838737,3.35
2018-03-01,34980,833858,3.49
2018-06-01,34980,852969,3.33
2018-09-01,34980,859551,3.79
2018-12-01,34980,870804,3.82
2019-03-01,34980,864526,3.68
2019-06-01,34980,885770,3.85
2019-09-01,34980,889249,3.46
2019-12-01,34980,901351,3.51
2020-03-01,34980,875867,
2020-06-01,34980,803957,-9.24
2020-09-01,34980,830729,-6.58
2020-12-01,34980,867031,-3.81
2021-03-01,34980,854416,
2021-06-01,34980,875913,8.95
2021-09-01,34980,888205,6.92
2021-12-01,34980,915059,5.54
2022-03-01,34980,916583,7.28
2022-06-01,34980,935963,6.86
2022-09-01,34980,949620,6.91
2022-12-01,34980,955385,4.41
2023-03-01,34980,951053,3.76
2023-06-01,34980,972579,3.91
2023-09-01,34980,973577,2.52
2023-12-01,34980,987161,3.33
2024-03-01,34980,963372,
2024-06-01,34980,980908,0.86
2024-09-01,34980,975297,0.18
2024-12-01,34980,978479,-0.88
2025-03-01,34980,961744,
2025-06-01,34980,970913,-1.02
2016-03-01,35100,29883,
2016-06-01,35100,31218,
2016-09-01,35100,30632,
2016-12-01,35100,30816,
2017-03-01,35100,30416,
2017-06-01,35100,30901,-1.02
2017-09-01,35100,30375,-0.84
2017-12-01,35100,30297,-1.68
2018-03-01,35100,29985,-1.42
2018-06-01,35100,31011,0.36
2018-09-01,35100,29661,-2.35
2018-12-01,35100,30440,0.47
2019-03-01,35100,30249,0.88
2019-06-01,35100,30948,-0.2
2019-09-01,35100,30435,2.61
2019-12-01,35100,30777,1.11
2020-03-01,35100,29808,
2020-06-01,35100,28470,-8.01
2020-09-01,35100,29270,-3.83
2020-12-01,35100,30050,-2.36
2021-03-01,35100,29828,
2021-06-01,35100,30669,7.72
2021-09-01,35100,30484,4.15
2021-12-01,35100,31444,4.64
2022-03-01,35100,30871,3.5
2022-06-01,35100,31658,3.22
2022-09-01,35100,31254,2.53
2022-12-01,35100,31762,1.01
2023-03-01,35100,31681,2.62
2023-06-01,35100,32154,1.57
2023-09-01,35100,32086,2.66
2023-12-01,35100,32399,2.01
2016-03-01,35300,309523,
2016-06-01,35300,317814,
2016-09-01,35300,315004,
2016-12-01,35300,319061,
2017-03-01,35300,311056,
2017-06-01,35300,322090,1.35
2017-09-01,35300,317067,0.65
2017-12-01,35300,320623,0.49
2018-03-01,35300,313566,0.81
2018-06-01,35300,324172,0.65
2018-09-01,35300,321318,1.34
2018-12-01,35300,326599,1.86
2019-03-01,35300,315424,0.59
2019-06-01,35300,323933,-0.07
2019-09-01,35300,323676,0.73
2019-12-01,35300,327786,0.36
2020-03-01,35300,316710,
2020-06-01,35300,291476,-10.02
2020-09-01,35300,306464,-5.32
2020-12-01,35300,311188,-5.06
2021-03-01,35300,303496,
2021-06-01,35300,315842,8.36
2021-09-01,35300,316424,3.25
2021-12-01,35300,324081,4.14
2022-03-01,35300,319501,5.27
2022-06-01,35300,328968,4.16
2022-09-01,35300,325896,2.99
2022-12-01,35300,329428,1.65
2023-03-01,35300,322137,0.83
2023-06-01,35300,332789,1.16
2023-09-01,35300,329839,1.21
2023-12-01,35300,334246,1.46
2024-03-01,35300,247586,
2024-06-01,35300,253903,-23.7
2024-09-01,35300,251372,-23.79
2024-12-01,35300,249792,-25.27
2025-03-01,35300,243505,
2025-06-01,35300,248763,-2.02
2016-03-01,35380,472987,
2016-06-01,35380,474934,
2016-09-01,35380,476218,
2016-12-01,35380,478271,
2017-03-01,35380,470098,
2017-06-01,35380,472547,-0.5
2017-09-01,35380,468779,-1.56
2017-12-01,35380,476230,-0.43
2018-03-01,35380,472003,0.41
2018-06-01,35380,473102,0.12
2018-09-01,35380,472411,0.77
2018-12-01,35380,479781,0.75
2019-03-01,35380,473958,0.41
2019-06-01,35380,478166,1.07
2019-09-01,35380,475214,0.59
2019-12-01,35380,484033,0.89
2020-03-01,35380,470129,
2020-06-01,35380,405858,-15.12
2020-09-01,35380,414947,-12.68
2020-12-01,35380,435223,-10.08
2021-03-01,35380,435018,
2021-06-01,35380,444364,9.49
2021-09-01,35380,417892,0.71
2021-12-01,35380,456028,4.78
2022-03-01,35380,453079,4.15
2022-06-01,35380,459492,3.4
2022-09-01,35380,462989,10.79
2022-12-01,35380,469983,3.06
2023-03-01,35380,466349,2.93
2023-06-01,35380,467922,1.83
2023-09-01,35380,463543,0.12
2023-12-01,35380,472569,0.55
2024-03-01,35380,387174,
2024-06-01,35380,387517,-17.18
2024-09-01,35380,387850,-16.33
2024-12-01,35380,396054,-16.19
2025-03-01,35380,389250,
2025-06-01,35380,385089,-0.63
2016-03-01,35620,7698188,
2016-06-01,35620,7924298,
2016-09-01,35620,7885197,
2016-12-01,35620,8019098,
2017-03-01,35620,7837999,
2017-06-01,35620,8096839,2.18
2017-09-01,35620,8024687,1.77
2017-12-01,35620,8163384,1.8
2018-03-01,35620,7988135,1.92
2018-06-01,35620,8233856,1.69
2018-09-01,35620,8127502,1.28
2018-12-01,35620,8293558,1.59
2019-03-01,35620,8150575,2.03
2019-06-01,35620,8366198,1.61
2019-09-01,35620,8280972,1.89
2019-12-01,35620,8417142,1.49
2020-03-01,35620,8113001,
2020-06-01,35620,6832280,-18.33
2020-09-01,35620,7246732,-12.49
2020-12-01,35620,7466673,-11.29
2021-03-01,35620,7347404,
2021-06-01,35620,7634385,11.74
2021-09-01,35620,7666993,5.8
2021-12-01,35620,7997728,7.11
2022-03-01,35620,7897615,7.49
2022-06-01,35620,8181455,7.17
2022-09-01,35620,8148071,6.27
2022-12-01,35620,8272810,3.44
2023-03-01,35620,8191798,3.72
2023-06-01,35620,8430048,3.04
2023-09-01,35620,8329151,2.22
2023-12-01,35620,8437866,2
2024-03-01,35620,8146785,
2024-06-01,35620,8352399,-0.92
2024-09-01,35620,8281496,-0.57
2024-12-01,35620,8400690,-0.44
2025-03-01,35620,8268477,
2025-06-01,35620,8350714,-0.02
2016-03-01,35660,50701,
2016-06-01,35660,54837,
2016-09-01,35660,55946,
2016-12-01,35660,51941,
2017-03-01,35660,52003,
2017-06-01,35660,55940,2.01
2017-09-01,35660,54775,-2.09
2017-12-01,35660,52062,0.23
2018-03-01,35660,51911,-0.18
2018-06-01,35660,55167,-1.38
2018-09-01,35660,53924,-1.55
2018-12-01,35660,51717,-0.66
2019-03-01,35660,51096,-1.57
2019-06-01,35660,54388,-1.41
2019-09-01,35660,53508,-0.77
2019-12-01,35660,51882,0.32
2020-03-01,35660,50771,
2020-06-01,35660,47770,-12.17
2020-09-01,35660,49427,-7.63
2020-12-01,35660,46577,-10.23
2021-03-01,35660,47463,
2021-06-01,35660,50730,6.2
2021-09-01,35660,50174,1.51
2021-12-01,35660,49720,6.75
2022-03-01,35660,49620,4.54
2022-06-01,35660,52869,4.22
2022-09-01,35660,52571,4.78
2022-12-01,35660,50591,1.75
2023-03-01,35660,50189,1.15
2023-06-01,35660,54083,2.3
2023-09-01,35660,53499,1.77
2023-12-01,35660,51247,1.3
2024-03-01,35660,51116,
2024-06-01,35660,54731,1.2
2024-09-01,35660,53181,-0.59
2024-12-01,35660,50321,-1.81
2025-03-01,35660,50502,
2025-06-01,35660,53770,-1.76
2016-03-01,35840,257436,
2016-06-01,35840,251945,
2016-09-01,35840,251655,
2016-12-01,35840,265267,
2017-03-01,35840,265684,
2017-06-01,35840,258794,2.72
2017-09-01,35840,250319,-0.53
2017-12-01,35840,269029,1.42
2018-03-01,35840,270936,1.98
2018-06-01,35840,265740,2.68
2018-09-01,35840,263422,5.23
2018-12-01,35840,275854,2.54
2019-03-01,35840,278053,2.63
2019-06-01,35840,271238,2.07
2019-09-01,35840,269082,2.15
2019-12-01,35840,282244,2.32
2020-03-01,35840,278605,
2020-06-01,35840,256481,-5.44
2020-09-01,35840,254988,-5.24
2020-12-01,35840,268541,-4.86
2021-03-01,35840,273782,
2021-06-01,35840,273087,6.47
2021-09-01,35840,274123,7.5
2021-12-01,35840,289649,7.86
2022-03-01,35840,284706,3.99
2022-06-01,35840,284974,4.35
2022-09-01,35840,286761,4.61
2022-12-01,35840,297311,2.65
2023-03-01,35840,299161,5.08
2023-06-01,35840,297382,4.35
2023-09-01,35840,296947,3.55
2023-12-01,35840,307558,3.45
2024-03-01,35840,308649,
2024-06-01,35840,305784,2.83
2024-09-01,35840,302456,1.86
2024-12-01,35840,308279,0.23
2025-03-01,35840,312858,
2025-06-01,35840,308930,1.03
2016-03-01,35980,89737,
2016-06-01,35980,93719,
2016-09-01,35980,92514,
2016-12-01,35980,92381,
2017-03-01,35980,91268,
2017-06-01,35980,95871,2.3
2017-09-01,35980,94102,1.72
2017-12-01,35980,93687,1.41
2018-03-01,35980,91876,0.67
2018-06-01,35980,96448,0.6
2018-09-01,35980,94718,0.65
2018-12-01,35980,94310,0.66
2019-03-01,35980,91331,-0.59
2019-06-01,35980,95599,-0.88
2019-09-01,35980,93346,-1.45
2019-12-01,35980,93238,-1.14
2020-03-01,35980,89665,
2020-06-01,35980,80054,-16.26
2020-09-01,35980,85177,-8.75
2020-12-01,35980,85251,-8.57
2021-03-01,35980,83716,
2021-06-01,35980,88992,11.16
2021-09-01,35980,88739,4.18
2021-12-01,35980,89400,4.87
2022-03-01,35980,88280,5.45
2022-06-01,35980,92408,3.84
2022-09-01,35980,92087,3.77
2022-12-01,35980,91402,2.24
2023-03-01,35980,90612,2.64
2023-06-01,35980,94844,2.64
2023-09-01,35980,93629,1.67
2023-12-01,35980,94079,2.93
2024-03-01,35980,97973,
2024-06-01,35980,102233,7.79
2024-09-01,35980,101145,8.03
2024-12-01,35980,100268,6.58
2025-03-01,35980,99013,
2025-06-01,35980,102896,0.65
2016-03-01,36100,84466,
2016-06-01,36100,85024,
2016-09-01,36100,85229,
2016-12-01,36100,87807,
2017-03-01,36100,86269,
2017-06-01,36100,86580,1.83
2017-09-01,36100,84167,-1.25
2017-12-01,36100,88139,0.38
2018-03-01,36100,88299,2.35
2018-06-01,36100,88503,2.22
2018-09-01,36100,88195,4.79
2018-12-01,36100,91410,3.71
2019-03-01,36100,90412,2.39
2019-06-01,36100,90381,2.12
2019-09-01,36100,89772,1.79
2019-12-01,36100,92745,1.46
2020-03-01,36100,92548,
2020-06-01,36100,89053,-1.47
2020-09-01,36100,89086,-0.76
2020-12-01,36100,93101,0.38
2021-03-01,36100,92956,
2021-06-01,36100,93444,4.93
2021-09-01,36100,94092,5.62
2021-12-01,36100,98013,5.28
2022-03-01,36100,97632,5.03
2022-06-01,36100,98520,5.43
2022-09-01,36100,98823,5.03
2022-12-01,36100,101823,3.89
2023-03-01,36100,101534,4
2023-06-01,36100,101668,3.2
2023-09-01,36100,101256,2.46
2023-12-01,36100,103920,2.06
2024-03-01,36100,103424,
2024-06-01,36100,103763,2.06
2024-09-01,36100,103140,1.86
2024-12-01,36100,104980,1.02
2025-03-01,36100,105295,
2025-06-01,36100,105283,1.46
2016-03-01,36140,24722,
2016-06-01,36140,41267,
2016-09-01,36140,37614,
2016-12-01,36140,27389,
2017-03-01,36140,24778,
2017-06-01,36140,43470,5.34
2017-09-01,36140,38523,2.42
2017-12-01,36140,27344,-0.16
2018-03-01,36140,25666,3.58
2018-06-01,36140,43541,0.16
2018-09-01,36140,38020,-1.31
2018-12-01,36140,27433,0.33
2019-03-01,36140,25870,0.79
2019-06-01,36140,43833,0.67
2019-09-01,36140,38551,1.4
2019-12-01,36140,28643,4.41
2020-03-01,36140,25811,
2020-06-01,36140,32178,-26.59
2020-09-01,36140,35450,-8.04
2020-12-01,36140,27469,-4.1
2021-03-01,36140,25078,
2021-06-01,36140,41975,30.45
2021-09-01,36140,37892,6.89
2021-12-01,36140,29949,9.03
2022-03-01,36140,26513,5.72
2022-06-01,36140,43706,4.12
2022-09-01,36140,38622,1.93
2022-12-01,36140,29954,0.02
2023-03-01,36140,26271,-0.91
2023-06-01,36140,44931,2.8
2023-09-01,36140,38979,0.92
2023-12-01,36140,30610,2.19
2016-03-01,36220,57484,
2016-06-01,36220,55928,
2016-09-01,36220,56101,
2016-12-01,36220,56741,
2017-03-01,36220,57741,
2017-06-01,36220,60440,8.07
2017-09-01,36220,62404,11.24
2017-12-01,36220,64429,13.55
2018-03-01,36220,66185,14.62
2018-06-01,36220,69027,14.21
2018-09-01,36220,70100,12.33
2018-12-01,36220,71847,11.51
2019-03-01,36220,71224,7.61
2019-06-01,36220,71561,3.67
2019-09-01,36220,70849,1.07
2019-12-01,36220,69775,-2.88
2020-03-01,36220,68666,
2020-06-01,36220,56800,-20.63
2020-09-01,36220,54648,-22.87
2020-12-01,36220,56293,-19.32
2021-03-01,36220,57058,
2021-06-01,36220,58679,3.31
2021-09-01,36220,59893,9.6
2021-12-01,36220,61875,9.92
2022-03-01,36220,62928,10.29
2022-06-01,36220,64515,9.95
2022-09-01,36220,66639,11.26
2022-12-01,36220,67242,8.67
2023-03-01,36220,67529,7.31
2023-06-01,36220,68124,5.59
2023-09-01,36220,67907,1.9
2023-12-01,36220,69133,2.81
2024-03-01,36220,68796,
2024-06-01,36220,69842,2.52
2024-09-01,36220,69724,2.68
2024-12-01,36220,70617,2.15
2025-03-01,36220,69928,
2025-06-01,36220,69833,-0.01
2016-03-01,36260,191031,
2016-06-01,36260,197018,
2016-09-01,36260,198971,
2016-12-01,36260,198588,
2017-03-01,36260,197868,
2017-06-01,36260,203516,3.3
2017-09-01,36260,205175,3.12
2017-12-01,36260,204860,3.16
2018-03-01,36260,205157,3.68
2018-06-01,36260,210449,3.41
2018-09-01,36260,211144,2.91
2018-12-01,36260,211539,3.26
2019-03-01,36260,209829,2.28
2019-06-01,36260,214788,2.06
2019-09-01,36260,215929,2.27
2019-12-01,36260,215986,2.1
2020-03-01,36260,212006,
2020-06-01,36260,210206,-2.13
2020-09-01,36260,214020,-0.88
2020-12-01,36260,217838,0.86
2021-03-01,36260,215141,
2021-06-01,36260,220186,4.75
2021-09-01,36260,220456,3.01
2021-12-01,36260,222510,2.14
2022-03-01,36260,222741,3.53
2022-06-01,36260,227853,3.48
2022-09-01,36260,229684,4.19
2022-12-01,36260,229010,2.92
2023-03-01,36260,229001,2.81
2023-06-01,36260,237119,4.07
2023-09-01,36260,237195,3.27
2023-12-01,36260,235300,2.75
2024-03-01,36260,212081,
2024-06-01,36260,216387,-8.74
2024-09-01,36260,216215,-8.85
2024-12-01,36260,215874,-8.26
2025-03-01,36260,212094,
2025-06-01,36260,216876,0.23
2016-03-01,36420,475326,
2016-06-01,36420,477997,
2016-09-01,36420,479290,
2016-12-01,36420,481248,
2017-03-01,36420,474357,
2017-06-01,36420,485421,1.55
2017-09-01,36420,489026,2.03
2017-12-01,36420,493555,2.56
2018-03-01,36420,488899,3.07
2018-06-01,36420,498646,2.72
2018-09-01,36420,501382,2.53
2018-12-01,36420,505324,2.38
2019-03-01,36420,500425,2.36
2019-06-01,36420,506010,1.48
2019-09-01,36420,509713,1.66
2019-12-01,36420,513577,1.63
2020-03-01,36420,497585,
2020-06-01,36420,471564,-6.81
2020-09-01,36420,479168,-5.99
2020-12-01,36420,492366,-4.13
2021-03-01,36420,485500,
2021-06-01,36420,494535,4.87
2021-09-01,36420,500706,4.49
2021-12-01,36420,514066,4.41
2022-03-01,36420,508090,4.65
2022-06-01,36420,518813,4.91
2022-09-01,36420,530918,6.03
2022-12-01,36420,537773,4.61
2023-03-01,36420,534622,5.22
2023-06-01,36420,541274,4.33
2023-09-01,36420,544649,2.59
2023-12-01,36420,550521,2.37
2024-03-01,36420,544214,
2024-06-01,36420,547550,1.16
2024-09-01,36420,551225,1.21
2024-12-01,36420,555719,0.94
2025-03-01,36420,550199,
2025-06-01,36420,548911,0.25
2016-03-01,36500,71511,
2016-06-01,36500,73102,
2016-09-01,36500,75238,
2016-12-01,36500,74309,
2017-03-01,36500,74047,
2017-06-01,36500,75401,3.14
2017-09-01,36500,77542,3.06
2017-12-01,36500,76873,3.45
2018-03-01,36500,77106,4.13
2018-06-01,36500,79203,5.04
2018-09-01,36500,80547,3.88
2018-12-01,36500,79228,3.06
2019-03-01,36500,78710,2.08
2019-06-01,36500,79995,1
2019-09-01,36500,81567,1.27
2019-12-01,36500,80476,1.58
2020-03-01,36500,79389,
2020-06-01,36500,72385,-9.51
2020-09-01,36500,75636,-7.27
2020-12-01,36500,75009,-6.79
2021-03-01,36500,75634,
2021-06-01,36500,78315,8.19
2021-09-01,36500,79615,5.26
2021-12-01,36500,80987,7.97
2022-03-01,36500,82802,9.48
2022-06-01,36500,83856,7.08
2022-09-01,36500,85647,7.58
2022-12-01,36500,85118,5.1
2023-03-01,36500,83584,0.94
2023-06-01,36500,85374,1.81
2023-09-01,36500,86431,0.92
2023-12-01,36500,85268,0.18
2024-03-01,36500,84021,
2024-06-01,36500,85762,0.45
2024-09-01,36500,87429,1.15
2024-12-01,36500,85634,0.43
2025-03-01,36500,84606,
2025-06-01,36500,85994,0.27
2016-03-01,36540,402337,
2016-06-01,36540,412660,
2016-09-01,36540,412101,
2016-12-01,36540,413355,
2017-03-01,36540,407371,
2017-06-01,36540,416410,0.91
2017-09-01,36540,411735,-0.09
2017-12-01,36540,416666,0.8
2018-03-01,36540,407880,0.12
2018-06-01,36540,420190,0.91
2018-09-01,36540,414819,0.75
2018-12-01,36540,419419,0.66
2019-03-01,36540,410297,0.59
2019-06-01,36540,423229,0.72
2019-09-01,36540,419875,1.22
2019-12-01,36540,424081,1.11
2020-03-01,36540,412571,
2020-06-01,36540,392703,-7.21
2020-09-01,36540,398080,-5.19
2020-12-01,36540,406969,-4.04
2021-03-01,36540,398892,
2021-06-01,36540,409227,4.21
2021-09-01,36540,405511,1.87
2021-12-01,36540,411489,1.11
2022-03-01,36540,405775,1.73
2022-06-01,36540,416706,1.83
2022-09-01,36540,417070,2.85
2022-12-01,36540,419900,2.04
2023-03-01,36540,414170,2.07
2023-06-01,36540,429855,3.16
2023-09-01,36540,427168,2.42
2023-12-01,36540,428998,2.17
2024-03-01,36540,422032,
2024-06-01,36540,429809,-0.01
2024-09-01,36540,426053,-0.26
2024-12-01,36540,427408,-0.37
2025-03-01,36540,421268,
2025-06-01,36540,432935,0.73
2016-03-01,36740,1032428,
2016-06-01,36740,1038639,
2016-09-01,36740,1047541,
2016-12-01,36740,1069000,
2017-03-01,36740,1070494,
2017-06-01,36740,1078415,3.83
2017-09-01,36740,1061869,1.37
2017-12-01,36740,1110897,3.92
2018-03-01,36740,1110701,3.76
2018-06-01,36740,1115890,3.48
2018-09-01,36740,1119059,5.39
2018-12-01,36740,1140502,2.66
2019-03-01,36740,1145972,3.18
2019-06-01,36740,1148290,2.9
2019-09-01,36740,1147003,2.5
2019-12-01,36740,1173070,2.86
2020-03-01,36740,1155623,
2020-06-01,36740,951518,-17.14
2020-09-01,36740,992746,-13.45
2020-12-01,36740,1050077,-10.48
2021-03-01,36740,1054941,
2021-06-01,36740,1086173,14.15
2021-09-01,36740,1121754,13
2021-12-01,36740,1170059,11.43
2022-03-01,36740,1177080,11.58
2022-06-01,36740,1194933,10.01
2022-09-01,36740,1217932,8.57
2022-12-01,36740,1242558,6.2
2023-03-01,36740,1242584,5.56
2023-06-01,36740,1253241,4.88
2023-09-01,36740,1253533,2.92
2023-12-01,36740,1272945,2.45
2024-03-01,36740,1269840,
2024-06-01,36740,1266933,1.09
2024-09-01,36740,1267487,1.11
2024-12-01,36740,1282624,0.76
2025-03-01,36740,1270228,
2025-06-01,36740,1274403,0.59
2016-03-01,36780,80331,
2016-06-01,36780,82717,
2016-09-01,36780,82196,
2016-12-01,36780,82797,
2017-03-01,36780,81555,
2017-06-01,36780,84169,1.76
2017-09-01,36780,82912,0.87
2017-12-01,36780,83676,1.06
2018-03-01,36780,82276,0.88
2018-06-01,36780,84252,0.1
2018-09-01,36780,82881,-0.04
2018-12-01,36780,83625,-0.06
2019-03-01,36780,81227,-1.27
2019-06-01,36780,83423,-0.98
2019-09-01,36780,82114,-0.93
2019-12-01,36780,83072,-0.66
2020-03-01,36780,81267,
2020-06-01,36780,78464,-5.94
2020-09-01,36780,79618,-3.04
2020-12-01,36780,80010,-3.69
2021-03-01,36780,78882,
2021-06-01,36780,81155,3.43
2021-09-01,36780,79545,-0.09
2021-12-01,36780,80444,0.54
2022-03-01,36780,80155,1.61
2022-06-01,36780,82297,1.41
2022-09-01,36780,81415,2.35
2022-12-01,36780,81888,1.8
2023-03-01,36780,80469,0.39
2023-06-01,36780,83377,1.31
2023-09-01,36780,81797,0.47
2023-12-01,36780,82171,0.35
2024-03-01,36780,81859,
2024-06-01,36780,83414,0.04
2024-09-01,36780,82373,0.7
2024-12-01,36780,83230,1.29
2025-03-01,36780,81869,
2025-06-01,36780,83275,-0.17
2016-03-01,36980,44659,
2016-06-01,36980,45943,
2016-09-01,36980,45559,
2016-12-01,36980,45518,
2017-03-01,36980,45911,
2017-06-01,36980,46660,1.56
2017-09-01,36980,46309,1.65
2017-12-01,36980,46475,2.1
2018-03-01,36980,45932,0.05
2018-06-01,36980,47331,1.44
2018-09-01,36980,46090,-0.47
2018-12-01,36980,46449,-0.06
2019-03-01,36980,45332,-1.31
2019-06-01,36980,46012,-2.79
2019-09-01,36980,46298,0.45
2019-12-01,36980,46188,-0.56
2020-03-01,36980,44789,
2020-06-01,36980,42223,-8.23
2020-09-01,36980,43325,-6.42
2020-12-01,36980,44753,-3.11
2021-03-01,36980,43979,
2021-06-01,36980,44532,5.47
2021-09-01,36980,44633,3.02
2021-12-01,36980,45158,0.9
2022-03-01,36980,44663,1.56
2022-06-01,36980,45620,2.44
2022-09-01,36980,45115,1.08
2022-12-01,36980,45527,0.82
2023-03-01,36980,45143,1.07
2023-06-01,36980,45721,0.22
2023-09-01,36980,45021,-0.21
2023-12-01,36980,45936,0.9
2024-03-01,36980,42650,
2024-06-01,36980,43382,-5.12
2024-09-01,36980,43586,-3.19
2024-12-01,36980,43544,-5.21
2025-03-01,36980,43291,
2025-06-01,36980,44304,2.13
2016-03-01,37100,274797,
2016-06-01,37100,276547,
2016-09-01,37100,272866,
2016-12-01,37100,276564,
2017-03-01,37100,275728,
2017-06-01,37100,280763,1.52
2017-09-01,37100,275947,1.13
2017-12-01,37100,280550,1.44
2018-03-01,37100,279852,1.5
2018-06-01,37100,285107,1.55
2018-09-01,37100,280490,1.65
2018-12-01,37100,284191,1.3
2019-03-01,37100,283374,1.26
2019-06-01,37100,289141,1.41
2019-09-01,37100,285007,1.61
2019-12-01,37100,288914,1.66
2020-03-01,37100,284626,
2020-06-01,37100,263495,-8.87
2020-09-01,37100,261783,-8.15
2020-12-01,37100,266916,-7.61
2021-03-01,37100,267271,
2021-06-01,37100,274981,4.36
2021-09-01,37100,271912,3.87
2021-12-01,37100,280977,5.27
2022-03-01,37100,282924,5.86
2022-06-01,37100,287522,4.56
2022-09-01,37100,283219,4.16
2022-12-01,37100,282775,0.64
2023-03-01,37100,280173,-0.97
2023-06-01,37100,288786,0.44
2023-09-01,37100,285005,0.63
2023-12-01,37100,285159,0.84
2024-03-01,37100,288651,
2024-06-01,37100,291762,1.03
2024-09-01,37100,287120,0.74
2024-12-01,37100,288178,1.06
2025-03-01,37100,287382,
2025-06-01,37100,292884,0.38
2024-03-01,37140,43393,
2024-06-01,37140,44180,
2024-09-01,37140,43973,
2024-12-01,37140,44352,
2025-03-01,37140,43720,
2025-06-01,37140,44614,0.98
2016-03-01,37340,170173,
2016-06-01,37340,172841,
2016-09-01,37340,175264,
2016-12-01,37340,178579,
2017-03-01,37340,178390,
2017-06-01,37340,179006,3.57
2017-09-01,37340,173737,-0.87
2017-12-01,37340,183723,2.88
2018-03-01,37340,186026,4.28
2018-06-01,37340,186766,4.34
2018-09-01,37340,187603,7.98
2018-12-01,37340,191964,4.49
2019-03-01,37340,192468,3.46
2019-06-01,37340,193676,3.7
2019-09-01,37340,193318,3.05
2019-12-01,37340,197705,2.99
2020-03-01,37340,194526,
2020-06-01,37340,185320,-4.31
2020-09-01,37340,186532,-3.51
2020-12-01,37340,191498,-3.14
2021-03-01,37340,195022,
2021-06-01,37340,197232,6.43
2021-09-01,37340,197662,5.97
2021-12-01,37340,201871,5.42
2022-03-01,37340,201319,3.23
2022-06-01,37340,202324,2.58
2022-09-01,37340,204567,3.49
2022-12-01,37340,209546,3.8
2023-03-01,37340,208458,3.55
2023-06-01,37340,210612,4.1
2023-09-01,37340,210642,2.97
2023-12-01,37340,213223,1.75
2024-03-01,37340,213042,
2024-06-01,37340,212985,1.13
2024-09-01,37340,213219,1.22
2024-12-01,37340,214118,0.42
2025-03-01,37340,214422,
2025-06-01,37340,214524,0.72
2016-03-01,37460,67641,
2016-06-01,37460,69510,
2016-09-01,37460,67219,
2016-12-01,37460,65588,
2017-03-01,37460,66445,
2017-06-01,37460,69970,0.66
2017-09-01,37460,67207,-0.02
2017-12-01,37460,66419,1.27
2018-03-01,37460,67950,2.27
2018-06-01,37460,71734,2.52
2018-09-01,37460,69043,2.73
2018-12-01,37460,62537,-5.84
2019-03-01,37460,64332,-5.32
2019-06-01,37460,67270,-6.22
2019-09-01,37460,65342,-5.36
2019-12-01,37460,64464,3.08
2020-03-01,37460,65146,
2020-06-01,37460,63835,-5.11
2020-09-01,37460,63243,-3.21
2020-12-01,37460,63770,-1.08
2021-03-01,37460,65806,
2021-06-01,37460,68469,7.26
2021-09-01,37460,66824,5.66
2021-12-01,37460,67029,5.11
2022-03-01,37460,67174,2.08
2022-06-01,37460,70112,2.4
2022-09-01,37460,69209,3.57
2022-12-01,37460,68505,2.2
2023-03-01,37460,69805,3.92
2023-06-01,37460,72744,3.75
2023-09-01,37460,71375,3.13
2023-12-01,37460,70215,2.5
2024-03-01,37460,72718,
2024-06-01,37460,75469,3.75
2024-09-01,37460,73169,2.51
2024-12-01,37460,73671,4.92
2025-03-01,37460,74833,
2025-06-01,37460,76533,1.41
2018-03-01,37620,28483,
2018-06-01,37620,29458,
2018-09-01,37620,29315,
2018-12-01,37620,29565,
2019-03-01,37620,28688,0.72
2019-09-01,37620,29359,0.15
2020-03-01,37620,27602,
2020-06-01,37620,26416,
2020-09-01,37620,26585,-9.45
2020-12-01,37620,27258,
2021-03-01,37620,27113,
2021-06-01,37620,28036,6.13
2021-09-01,37620,27630,3.93
2021-12-01,37620,28500,4.56
2022-03-01,37620,27759,2.38
2022-06-01,37620,28397,1.29
2022-09-01,37620,28776,4.15
2022-12-01,37620,28955,1.6
2023-03-01,37620,28937,4.24
2023-06-01,37620,29697,4.58
2023-09-01,37620,29703,3.22
2023-12-01,37620,30097,3.94
2024-03-01,37620,29240,
2024-06-01,37620,30332,2.14
2024-09-01,37620,29939,0.79
2024-12-01,37620,29804,-0.97
2025-03-01,37620,29066,
2025-06-01,37620,29703,-2.07
2016-03-01,37860,137695,
2016-06-01,37860,139992,
2016-09-01,37860,140442,
2016-12-01,37860,140923,
2017-03-01,37860,142338,
2017-06-01,37860,145275,3.77
2017-09-01,37860,143395,2.1
2017-12-01,37860,145630,3.34
2018-03-01,37860,145692,2.36
2018-06-01,37860,148444,2.18
2018-09-01,37860,147562,2.91
2018-12-01,37860,148655,2.08
2019-03-01,37860,150574,3.35
2019-06-01,37860,152122,2.48
2019-09-01,37860,150618,2.07
2019-12-01,37860,152557,2.62
2020-03-01,37860,152720,
2020-06-01,37860,147417,-3.09
2020-09-01,37860,145652,-3.3
2020-12-01,37860,148142,-2.89
2021-03-01,37860,149306,
2021-06-01,37860,151862,3.02
2021-09-01,37860,152002,4.36
2021-12-01,37860,155147,4.73
2022-03-01,37860,154757,3.65
2022-06-01,37860,158206,4.18
2022-09-01,37860,158193,4.07
2022-12-01,37860,158871,2.4
2023-03-01,37860,160557,3.75
2023-06-01,37860,163051,3.06
2023-09-01,37860,161887,2.34
2023-12-01,37860,161616,1.73
2024-03-01,37860,160910,
2024-06-01,37860,162702,-0.21
2024-09-01,37860,160852,-0.64
2024-12-01,37860,161142,-0.29
2025-03-01,37860,162337,
2025-06-01,37860,164290,0.98
2016-03-01,37900,148843,
2016-06-01,37900,150422,
2016-09-01,37900,149802,
2016-12-01,37900,147690,
2017-03-01,37900,146674,
2017-06-01,37900,149022,-0.93
2017-09-01,37900,148487,-0.88
2017-12-01,37900,148216,0.36
2018-03-01,37900,145979,-0.47
2018-06-01,37900,149591,0.38
2018-09-01,37900,149197,0.48
2018-12-01,37900,147605,-0.41
2019-03-01,37900,144286,-1.16
2019-06-01,37900,148527,-0.71
2019-09-01,37900,146635,-1.72
2019-12-01,37900,145753,-1.25
2020-03-01,37900,142952,
2020-06-01,37900,134181,-9.66
2020-09-01,37900,137560,-6.19
2020-12-01,37900,136693,-6.22
2021-03-01,37900,136089,
2021-06-01,37900,139463,3.94
2021-09-01,37900,140798,2.35
2021-12-01,37900,142264,4.08
2022-03-01,37900,141586,4.04
2022-06-01,37900,146120,4.77
2022-09-01,37900,145868,3.6
2022-12-01,37900,144317,1.44
2023-03-01,37900,143790,1.56
2023-06-01,37900,148823,1.85
2023-09-01,37900,147025,0.79
2023-12-01,37900,146548,1.55
2024-03-01,37900,145406,
2024-06-01,37900,149853,0.69
2024-09-01,37900,148213,0.81
2024-12-01,37900,146040,-0.35
2025-03-01,37900,142480,
2025-06-01,37900,146023,-2.56
2016-03-01,37980,2352372,
2016-06-01,37980,2416763,
2016-09-01,37980,2415259,
2016-12-01,37980,2442701,
2017-03-01,37980,2390841,
2017-06-01,37980,2458177,1.71
2017-09-01,37980,2444470,1.21
2017-12-01,37980,2476113,1.37
2018-03-01,37980,2420851,1.26
2018-06-01,37980,2487969,1.21
2018-09-01,37980,2469653,1.03
2018-12-01,37980,2501430,1.02
2019-03-01,37980,2455133,1.42
2019-06-01,37980,2517096,1.17
2019-09-01,37980,2501011,1.27
2019-12-01,37980,2534201,1.31
2020-03-01,37980,2462433,
2020-06-01,37980,2179873,-13.4
2020-09-01,37980,2288968,-8.48
2020-12-01,37980,2334986,-7.86
2021-03-01,37980,2312624,
2021-06-01,37980,2379405,9.15
2021-09-01,37980,2383135,4.11
2021-12-01,37980,2459016,5.31
2022-03-01,37980,2434935,5.29
2022-06-01,37980,2487790,4.56
2022-09-01,37980,2487600,4.38
2022-12-01,37980,2513494,2.22
2023-03-01,37980,2484056,2.02
2023-06-01,37980,2539561,2.08
2023-09-01,37980,2524313,1.48
2023-12-01,37980,2544402,1.23
2024-03-01,37980,2514458,
2024-06-01,37980,2562612,0.91
2024-09-01,37980,2544081,0.78
2024-12-01,37980,2571868,1.08
2025-03-01,37980,2536540,
2025-06-01,37980,2581358,0.73
2016-03-01,38060,1697135,
2016-06-01,38060,1688956,
2016-09-01,38060,1716072,
2016-12-01,38060,1756260,
2017-03-01,38060,1746486,
2017-06-01,38060,1748963,3.55
2017-09-01,38060,1766147,2.92
2017-12-01,38060,1821273,3.7
2018-03-01,38060,1816331,4
2018-06-01,38060,1808363,3.4
2018-09-01,38060,1832363,3.75
2018-12-01,38060,1889210,3.73
2019-03-01,38060,1876337,3.3
2019-06-01,38060,1870870,3.46
2019-09-01,38060,1898606,3.62
2019-12-01,38060,1961877,3.85
2020-03-01,38060,1924251,
2020-06-01,38060,1797178,-3.94
2020-09-01,38060,1819029,-4.19
2020-12-01,38060,1903462,-2.98
2021-03-01,38060,1895147,
2021-06-01,38060,1902893,5.88
2021-09-01,38060,1938434,6.56
2021-12-01,38060,2004107,5.29
2022-03-01,38060,1997027,5.38
2022-06-01,38060,1993454,4.76
2022-09-01,38060,2019057,4.16
2022-12-01,38060,2063453,2.96
2023-03-01,38060,2067548,3.53
2023-06-01,38060,2063192,3.5
2023-09-01,38060,2084470,3.24
2023-12-01,38060,2114066,2.45
2024-03-01,38060,2130615,
2024-06-01,38060,2098452,1.71
2024-09-01,38060,2112434,1.34
2024-12-01,38060,2149692,1.69
2025-03-01,38060,2137375,
2025-06-01,38060,2097364,-0.05
2016-03-01,38220,22806,
2016-06-01,38220,22912,
2017-09-01,38220,22800,
2017-12-01,38220,22577,
2018-03-01,38220,22493,
2018-06-01,38220,22507,
2018-09-01,38220,22836,0.16
2018-12-01,38220,22649,0.32
2019-03-01,38220,22082,-1.83
2019-06-01,38220,22124,-1.7
2019-09-01,38220,22382,-1.99
2019-12-01,38220,22324,-1.43
2020-03-01,38220,21957,
2020-06-01,38220,21300,-3.72
2020-09-01,38220,21631,-3.36
2020-12-01,38220,21773,-2.47
2021-03-01,38220,21456,
2021-06-01,38220,21641,1.6
2021-09-01,38220,21238,-1.82
2021-12-01,38220,21255,-2.38
2022-03-01,38220,21232,-1.04
2022-06-01,38220,21420,-1.02
2022-09-01,38220,21553,1.48
2022-12-01,38220,21442,0.88
2023-03-01,38220,21474,1.14
2023-06-01,38220,21583,0.76
2023-09-01,38220,21596,0.2
2023-12-01,38220,21299,-0.67
2024-03-01,38240,34942,
2024-06-01,38240,35921,
2024-09-01,38240,34925,
2024-12-01,38240,35892,
2025-03-01,38240,37604,
2025-06-01,38240,37921,5.57
2016-03-01,38300,970099,
2016-06-01,38300,1000361,
2016-09-01,38300,988971,
2016-12-01,38300,988101,
2017-03-01,38300,972899,
2017-06-01,38300,1009019,0.87
2017-09-01,38300,1002171,1.33
2017-12-01,38300,1003769,1.59
2018-03-01,38300,988362,1.59
2018-06-01,38300,1019336,1.02
2018-09-01,38300,1011511,0.93
2018-12-01,38300,1014764,1.1
2019-03-01,38300,996268,0.8
2019-06-01,38300,1027811,0.83
2019-09-01,38300,1018349,0.68
2019-12-01,38300,1018576,0.38
2020-03-01,38300,986733,
2020-06-01,38300,908581,-11.6
2020-09-01,38300,926303,-9.04
2020-12-01,38300,929621,-8.73
2021-03-01,38300,916373,
2021-06-01,38300,946458,4.17
2021-09-01,38300,944262,1.94
2021-12-01,38300,957953,3.05
2022-03-01,38300,938222,2.38
2022-06-01,38300,961334,1.57
2022-09-01,38300,959259,1.59
2022-12-01,38300,960080,0.22
2023-03-01,38300,944865,0.71
2023-06-01,38300,972575,1.17
2023-09-01,38300,964230,0.52
2023-12-01,38300,967098,0.73
2024-03-01,38300,979131,
2024-06-01,38300,1004747,3.31
2024-09-01,38300,994572,3.15
2024-12-01,38300,993477,2.73
2025-03-01,38300,979939,
2025-06-01,38300,1004938,0.02
2016-03-01,38340,51614,
2016-06-01,38340,55210,
2016-09-01,38340,53733,
2016-12-01,38340,53249,
2017-03-01,38340,51486,
2017-06-01,38340,56067,1.55
2017-09-01,38340,53633,-0.19
2017-12-01,38340,53355,0.2
2018-03-01,38340,51259,-0.44
2018-06-01,38340,55228,-1.5
2018-09-01,38340,53121,-0.95
2018-12-01,38340,52812,-1.02
2019-03-01,38340,51428,0.33
2019-06-01,38340,55386,0.29
2019-09-01,38340,53003,-0.22
2019-12-01,38340,51925,-1.68
2020-03-01,38340,49975,
2020-06-01,38340,44102,-20.37
2020-09-01,38340,46499,-12.27
2020-12-01,38340,46484,-10.48
2021-03-01,38340,45896,
2021-06-01,38340,49065,11.25
2021-09-01,38340,49443,6.33
2021-12-01,38340,49895,7.34
2022-03-01,38340,49159,7.11
2022-06-01,38340,52044,6.07
2022-09-01,38340,50475,2.09
2022-12-01,38340,50029,0.27
2023-03-01,38340,49206,0.1
2023-06-01,38340,52134,0.17
2023-09-01,38340,50922,0.89
2023-12-01,38340,50670,1.28
2024-03-01,38340,48818,
2024-06-01,38340,51564,-1.09
2024-09-01,38340,49750,-2.3
2024-12-01,38340,49773,-1.77
2025-03-01,38340,48512,
2025-06-01,38340,50873,-1.34
2016-03-01,38540,25546,
2016-06-01,38540,26478,
2016-09-01,38540,26456,
2016-12-01,38540,26349,
2017-03-01,38540,26227,
2017-06-01,38540,26821,1.3
2017-09-01,38540,26944,1.84
2017-12-01,38540,26433,0.32
2018-03-01,38540,26240,0.05
2018-06-01,38540,27185,1.36
2018-09-01,38540,27029,0.32
2018-12-01,38540,26923,1.85
2019-03-01,38540,26976,2.8
2019-06-01,38540,27613,1.57
2019-09-01,38540,27718,2.55
2019-12-01,38540,27528,2.25
2020-03-01,38540,27131,
2020-06-01,38540,26651,-3.48
2020-09-01,38540,27112,-2.19
2020-12-01,38540,27333,-0.71
2021-03-01,38540,27205,
2021-06-01,38540,27939,4.83
2021-09-01,38540,28235,4.14
2021-12-01,38540,28440,4.05
2022-03-01,38540,27933,2.68
2022-06-01,38540,29194,4.49
2022-09-01,38540,29269,3.66
2022-12-01,38540,29277,2.94
2023-03-01,38540,28725,2.84
2023-06-01,38540,29623,1.47
2023-09-01,38540,29142,-0.43
2023-12-01,38540,29878,2.05
2024-03-01,38540,29613,
2024-06-01,38540,30538,3.09
2024-09-01,38540,30137,3.41
2024-12-01,38540,30311,1.45
2025-03-01,38540,30185,
2025-06-01,38540,31068,1.74
2016-03-01,38660,51908,
2016-06-01,38660,50993,
2016-09-01,38660,50579,
2016-12-01,38660,53371,
2017-03-01,38660,49761,
2017-06-01,38660,49444,-3.04
2017-09-01,38660,48389,-4.33
2017-12-01,38660,50129,-6.07
2018-03-01,38660,48875,-1.78
2018-06-01,38660,48879,-1.14
2018-09-01,38660,49431,2.15
2018-12-01,38660,52443,4.62
2019-03-01,38660,51633,5.64
2019-06-01,38660,51777,5.93
2019-09-01,38660,51493,4.17
2019-12-01,38660,53891,2.76
2020-03-01,38660,51071,
2020-06-01,38660,45462,-12.2
2020-09-01,38660,48076,-6.64
2020-12-01,38660,51938,-3.62
2021-03-01,38660,50566,
2021-06-01,38660,51967,14.31
2021-09-01,38660,53292,10.85
2021-12-01,38660,56480,8.75
2022-03-01,38660,55166,9.1
2022-06-01,38660,55264,6.34
2022-09-01,38660,55353,3.87
2022-12-01,38660,58199,3.04
2023-03-01,38660,55911,1.35
2023-06-01,38660,55654,0.71
2023-09-01,38660,56131,1.41
2023-12-01,38660,58328,0.22
2024-03-01,38660,53486,
2024-06-01,38660,53330,-4.18
2024-09-01,38660,53383,-4.9
2024-12-01,38660,54762,-6.11
2025-03-01,38660,54560,
2025-06-01,38660,55000,3.13
2016-03-01,38860,217936,
2016-06-01,38860,238275,
2016-09-01,38860,235018,
2016-12-01,38860,228523,
2017-03-01,38860,222591,
2017-06-01,38860,243760,2.3
2017-09-01,38860,239488,1.9
2017-12-01,38860,235117,2.89
2018-03-01,38860,226971,1.97
2018-06-01,38860,247511,1.54
2018-09-01,38860,241875,1
2018-12-01,38860,236134,0.43
2019-03-01,38860,230010,1.34
2019-06-01,38860,250198,1.09
2019-09-01,38860,245873,1.65
2019-12-01,38860,240346,1.78
2020-03-01,38860,230921,
2020-06-01,38860,216957,-13.29
2020-09-01,38860,228675,-6.99
2020-12-01,38860,227529,-5.33
2021-03-01,38860,223913,
2021-06-01,38860,243066,12.03
2021-09-01,38860,239391,4.69
2021-12-01,38860,235423,3.47
2022-03-01,38860,230767,3.06
2022-06-01,38860,247473,1.81
2022-09-01,38860,244439,2.11
2022-12-01,38860,239690,1.81
2023-03-01,38860,236112,2.32
2023-06-01,38860,254981,3.03
2023-09-01,38860,250096,2.31
2023-12-01,38860,244382,1.96
2024-03-01,38860,239772,
2024-06-01,38860,259353,1.71
2024-09-01,38860,254847,1.9
2024-12-01,38860,247912,1.44
2025-03-01,38860,239853,
2025-06-01,38860,257578,-0.68
2016-03-01,38900,964736,
2016-06-01,38900,987113,
2016-09-01,38900,994362,
2016-12-01,38900,995114,
2017-03-01,38900,994932,
2017-06-01,38900,1018936,3.22
2017-09-01,38900,1020981,2.68
2017-12-01,38900,1024860,2.99
2018-03-01,38900,1027698,3.29
2018-06-01,38900,1045678,2.62
2018-09-01,38900,1049090,2.75
2018-12-01,38900,1054160,2.86
2019-03-01,38900,1046713,1.85
2019-06-01,38900,1065933,1.94
2019-09-01,38900,1070604,2.05
2019-12-01,38900,1074052,1.89
2020-03-01,38900,1054040,
2020-06-01,38900,952269,-10.66
2020-09-01,38900,979104,-8.55
2020-12-01,38900,980627,-8.7
2021-03-01,38900,992367,
2021-06-01,38900,1015185,6.61
2021-09-01,38900,1026303,4.82
2021-12-01,38900,1042059,6.26
2022-03-01,38900,1050044,5.81
2022-06-01,38900,1061241,4.54
2022-09-01,38900,1072389,4.49
2022-12-01,38900,1069136,2.6
2023-03-01,38900,1070354,1.93
2023-06-01,38900,1080744,1.84
2023-09-01,38900,1076841,0.42
2023-12-01,38900,1071533,0.22
2024-03-01,38900,1059101,
2024-06-01,38900,1072248,-0.79
2024-09-01,38900,1072603,-0.39
2024-12-01,38900,1063941,-0.71
2025-03-01,38900,1047392,
2025-06-01,38900,1059098,-1.23
2016-03-01,38940,119553,
2016-06-01,38940,117827,
2016-09-01,38940,118610,
2016-12-01,38940,123208,
2017-03-01,38940,123374,
2017-06-01,38940,121813,3.38
2017-09-01,38940,117388,-1.03
2017-12-01,38940,126040,2.3
2018-03-01,38940,126352,2.41
2018-06-01,38940,125569,3.08
2018-09-01,38940,125229,6.68
2018-12-01,38940,129616,2.84
2019-03-01,38940,130603,3.36
2019-06-01,38940,129255,2.94
2019-09-01,38940,128442,2.57
2019-12-01,38940,133841,3.26
2020-03-01,38940,132913,
2020-06-01,38940,124829,-3.42
2020-09-01,38940,125299,-2.45
2020-12-01,38940,130781,-2.29
2021-03-01,38940,132349,
2021-06-01,38940,132387,6.05
2021-09-01,38940,132469,5.72
2021-12-01,38940,138616,5.99
2022-03-01,38940,138094,4.34
2022-06-01,38940,138479,4.6
2022-09-01,38940,139875,5.59
2022-12-01,38940,143862,3.78
2023-03-01,38940,144584,4.7
2023-06-01,38940,144592,4.41
2023-09-01,38940,144364,3.21
2023-12-01,38940,147394,2.46
2024-03-01,38940,147049,
2024-06-01,38940,145900,0.9
2024-09-01,38940,147129,1.92
2024-12-01,38940,149382,1.35
2025-03-01,38940,150942,
2025-06-01,38940,148428,1.73
2016-03-01,39140,50338,
2016-06-01,39140,50853,
2016-09-01,39140,51140,
2016-12-01,39140,51559,
2017-03-01,39140,51344,
2017-06-01,39140,52485,3.21
2017-09-01,39140,52803,3.25
2017-12-01,39140,52953,2.7
2018-03-01,39140,53728,4.64
2018-06-01,39140,54264,3.39
2018-09-01,39140,54224,2.69
2018-12-01,39140,54651,3.21
2019-03-01,39140,54054,0.61
2019-06-01,39140,54379,0.21
2019-09-01,39140,54532,0.57
2019-12-01,39140,54711,0.11
2020-03-01,39140,54628,
2020-06-01,39140,52065,-4.26
2020-09-01,39140,52783,-3.21
2020-12-01,39140,54346,-0.67
2021-03-01,39140,54269,
2021-06-01,39140,55041,5.72
2021-09-01,39140,55789,5.7
2021-12-01,39140,56620,4.18
2022-03-01,39140,55121,1.57
2022-06-01,39140,55989,1.72
2022-09-01,39140,58501,4.86
2022-12-01,39140,58566,3.44
2023-03-01,39140,59453,7.86
2023-06-01,39140,59819,6.84
2023-09-01,39140,59854,2.31
2023-12-01,39140,59553,1.69
2024-03-01,39150,60592,
2024-06-01,39150,60057,
2024-09-01,39150,59927,
2024-12-01,39150,60296,
2025-03-01,39150,60552,
2025-06-01,39150,59531,-0.88
2016-03-01,39300,583550,
2016-06-01,39300,610374,
2016-09-01,39300,605122,
2016-12-01,39300,606199,
2017-06-01,39300,619530,1.5
2017-09-01,39300,613175,1.33
2018-03-01,39300,596125,
2018-06-01,39300,624138,0.74
2018-09-01,39300,616306,0.51
2018-12-01,39300,617498,
2019-03-01,39300,597761,0.27
2019-06-01,39300,625947,0.29
2019-09-01,39300,619298,0.49
2019-12-01,39300,618875,0.22
2020-03-01,39300,597450,
2020-06-01,39300,532032,-15
2020-09-01,39300,565063,-8.76
2020-12-01,39300,565857,-8.57
2021-03-01,39300,559698,
2021-06-01,39300,593212,11.5
2021-09-01,39300,591556,4.69
2021-12-01,39300,597816,5.65
2022-03-01,39300,587281,4.93
2022-06-01,39300,618925,4.33
2022-09-01,39300,611513,3.37
2022-12-01,39300,609187,1.9
2023-03-01,39300,598066,1.84
2023-06-01,39300,626156,1.17
2023-09-01,39300,618679,1.17
2023-12-01,39300,616476,1.2
2024-03-01,39300,602493,
2024-06-01,39300,631111,0.79
2024-09-01,39300,623639,0.8
2024-12-01,39300,622670,1
2025-03-01,39300,607082,
2025-06-01,39300,631517,0.06
2016-03-01,39340,189571,
2016-06-01,39340,195855,
2016-09-01,39340,197157,
2016-12-01,39340,198493,
2017-03-01,39340,198523,
2017-06-01,39340,205476,4.91
2017-09-01,39340,207055,5.02
2017-12-01,39340,211612,6.61
2018-03-01,39340,212239,6.91
2018-06-01,39340,216876,5.55
2018-09-01,39340,219145,5.84
2018-12-01,39340,222360,5.08
2019-03-01,39340,220492,3.89
2019-06-01,39340,224119,3.34
2019-09-01,39340,226573,3.39
2019-12-01,39340,228580,2.8
2020-03-01,39340,222917,
2020-06-01,39340,223599,-0.23
2020-09-01,39340,229573,1.32
2020-12-01,39340,238490,4.34
2021-03-01,39340,238793,
2021-06-01,39340,245253,9.68
2021-09-01,39340,248493,8.24
2021-12-01,39340,253404,6.25
2022-03-01,39340,253917,6.33
2022-06-01,39340,257913,5.16
2022-09-01,39340,260197,4.71
2022-12-01,39340,262552,3.61
2023-03-01,39340,258067,1.63
2023-06-01,39340,261702,1.47
2023-09-01,39340,262790,1
2023-12-01,39340,263692,0.43
2024-03-01,39340,262025,
2024-06-01,39340,264898,1.22
2024-09-01,39340,265673,1.1
2024-12-01,39340,266399,1.03
2025-03-01,39340,264338,
2025-06-01,39340,267266,0.89
2016-03-01,39380,47230,
2016-06-01,39380,48332,
2016-09-01,39380,48467,
2016-12-01,39380,48109,
2017-03-01,39380,48300,
2017-06-01,39380,49214,1.82
2017-09-01,39380,48895,0.88
2017-12-01,39380,49131,2.12
2018-03-01,39380,48926,1.3
2018-06-01,39380,49589,0.76
2018-09-01,39380,49097,0.41
2018-12-01,39380,49560,0.87
2019-03-01,39380,49302,0.77
2019-06-01,39380,50472,1.78
2019-09-01,39380,50755,3.38
2019-12-01,39380,51214,3.34
2020-03-01,39380,51303,
2020-06-01,39380,48620,-3.67
2020-09-01,39380,49502,-2.47
2020-12-01,39380,48416,-5.46
2021-03-01,39380,48943,
2021-06-01,39380,50067,2.98
2021-09-01,39380,50968,2.96
2021-12-01,39380,51359,6.08
2022-03-01,39380,51015,4.23
2022-06-01,39380,51963,3.79
2022-09-01,39380,51797,1.63
2022-12-01,39380,51417,0.11
2023-03-01,39380,50669,-0.68
2023-06-01,39380,51446,-0.99
2023-09-01,39380,50815,-1.9
2023-12-01,39380,50832,-1.14
2024-03-01,39380,49912,
2024-06-01,39380,50779,-1.3
2024-09-01,39380,50469,-0.68
2024-12-01,39380,50124,-1.39
2025-03-01,39380,49562,
2025-06-01,39380,50052,-1.43
2016-03-01,39460,40887,
2016-06-01,39460,39676,
2016-09-01,39460,39848,
2016-12-01,39460,41898,
2017-03-01,39460,41892,
2017-06-01,39460,40634,2.41
2017-09-01,39460,38531,-3.31
2017-12-01,39460,42140,0.58
2018-03-01,39460,42632,1.77
2018-06-01,39460,41341,1.74
2018-09-01,39460,40789,5.86
2018-12-01,39460,42866,1.72
2019-03-01,39460,43459,1.94
2019-06-01,39460,42103,1.84
2019-09-01,39460,41588,1.96
2019-12-01,39460,43898,2.41
2020-03-01,39460,43671,
2020-06-01,39460,40418,-4
2020-09-01,39460,40488,-2.64
2020-12-01,39460,43205,-1.58
2021-03-01,39460,43007,
2021-06-01,39460,42314,4.69
2021-09-01,39460,42605,5.23
2021-12-01,39460,45062,4.3
2022-03-01,39460,45516,5.83
2022-06-01,39460,45019,6.39
2022-09-01,39460,45647,7.14
2022-12-01,39460,46926,4.14
2023-03-01,39460,47149,3.59
2023-06-01,39460,46901,4.18
2023-09-01,39460,46495,1.86
2023-12-01,39460,49552,5.6
2024-03-01,39460,50322,
2024-06-01,39460,49139,4.77
2024-09-01,39460,48572,4.47
2024-12-01,39460,49997,0.9
2025-03-01,39460,51343,
2025-06-01,39460,49781,1.31
2016-03-01,39540,63582,
2016-06-01,39540,65976,
2016-09-01,39540,65753,
2016-12-01,39540,65001,
2017-03-01,39540,63815,
2017-06-01,39540,66391,0.63
2017-09-01,39540,65848,0.14
2017-12-01,39540,65624,0.96
2018-03-01,39540,65120,2.04
2018-06-01,39540,67876,2.24
2018-09-01,39540,66950,1.67
2018-12-01,39540,67165,2.35
2019-03-01,39540,64905,-0.33
2019-06-01,39540,67736,-0.21
2019-09-01,39540,66305,-0.96
2019-12-01,39540,66066,-1.64
2020-03-01,39540,63960,
2020-06-01,39540,61578,-9.09
2020-09-01,39540,62289,-6.06
2020-12-01,39540,62908,-4.78
2021-03-01,39540,61893,
2021-06-01,39540,64555,4.83
2021-09-01,39540,64066,2.85
2021-12-01,39540,64654,2.78
2022-03-01,39540,64120,3.6
2022-06-01,39540,65723,1.81
2022-09-01,39540,65557,2.33
2022-12-01,39540,65652,1.54
2023-03-01,39540,65290,1.82
2023-06-01,39540,68189,3.75
2023-09-01,39540,67355,2.74
2023-12-01,39540,67741,3.18
2024-03-01,39540,66700,
2024-06-01,39540,68295,0.16
2024-09-01,39540,67199,-0.23
2024-12-01,39540,67550,-0.28
2025-03-01,39540,65468,
2025-06-01,39540,67689,-0.89
2016-03-01,39580,486595,
2016-06-01,39580,500390,
2016-09-01,39580,502181,
2016-12-01,39580,509783,
2017-03-01,39580,502040,
2017-06-01,39580,514426,2.81
2017-09-01,39580,514691,2.49
2017-12-01,39580,522684,2.53
2018-03-01,39580,520281,3.63
2018-06-01,39580,533957,3.8
2018-09-01,39580,525724,2.14
2018-12-01,39580,536882,2.72
2019-03-01,39580,536135,3.05
2019-06-01,39580,547675,2.57
2019-09-01,39580,544575,3.59
2019-12-01,39580,554274,3.24
2020-03-01,39580,542867,
2020-06-01,39580,504377,-7.91
2020-09-01,39580,521242,-4.28
2020-12-01,39580,540824,-2.43
2021-03-01,39580,539606,
2021-06-01,39580,558887,10.81
2021-09-01,39580,556937,6.85
2021-12-01,39580,575390,6.39
2022-03-01,39580,581182,7.7
2022-06-01,39580,596131,6.66
2022-09-01,39580,598953,7.54
2022-12-01,39580,608914,5.83
2023-03-01,39580,608225,4.65
2023-06-01,39580,622180,4.37
2023-09-01,39580,616818,2.98
2023-12-01,39580,630944,3.62
2024-03-01,39580,622742,
2024-06-01,39580,632172,1.61
2024-09-01,39580,629037,1.98
2024-12-01,39580,637439,1.03
2025-03-01,39580,633035,
2025-06-01,39580,646419,2.25
2016-03-01,39660,51996,
2016-06-01,39660,57560,
2016-09-01,39660,55979,
2016-12-01,39660,52829,
2017-03-01,39660,52453,
2017-06-01,39660,58349,1.37
2017-09-01,39660,56697,1.28
2017-12-01,39660,54083,2.37
2018-03-01,39660,53186,1.4
2018-06-01,39660,59292,1.62
2018-09-01,39660,57298,1.06
2018-12-01,39660,54302,0.4
2019-03-01,39660,52988,-0.37
2019-06-01,39660,59093,-0.34
2019-09-01,39660,57670,0.65
2019-12-01,39660,54936,1.17
2020-03-01,39660,53700,
2020-06-01,39660,54994,-6.94
2020-09-01,39660,56085,-2.75
2020-12-01,39660,54413,-0.95
2021-03-01,39660,54166,
2021-06-01,39660,60579,10.16
2021-09-01,39660,59250,5.64
2021-12-01,39660,57391,5.47
2022-03-01,39660,56932,5.11
2022-06-01,39660,62760,3.6
2022-09-01,39660,61147,3.2
2022-12-01,39660,58500,1.93
2023-03-01,39660,58044,1.95
2023-06-01,39660,63800,1.66
2023-09-01,39660,62302,1.89
2023-12-01,39660,59953,2.48
2024-03-01,39660,58956,
2024-06-01,39660,64587,1.23
2024-09-01,39660,63083,1.25
2024-12-01,39660,60824,1.45
2025-03-01,39660,59856,
2025-06-01,39660,65574,1.53
2016-03-01,39740,148702,
2016-06-01,39740,151464,
2016-09-01,39740,151354,
2016-12-01,39740,152078,
2017-03-01,39740,148645,
2017-06-01,39740,152336,0.58
2017-09-01,39740,151842,0.32
2017-12-01,39740,153796,1.13
2018-03-01,39740,151276,1.77
2018-06-01,39740,155005,1.75
2018-09-01,39740,153925,1.37
2018-12-01,39740,155750,1.27
2019-03-01,39740,154351,2.03
2019-06-01,39740,157716,1.75
2019-09-01,39740,156543,1.7
2019-12-01,39740,157933,1.4
2020-03-01,39740,153528,
2020-06-01,39740,138011,-12.49
2020-09-01,39740,142703,-8.84
2020-12-01,39740,146277,-7.38
2021-03-01,39740,143291,
2021-06-01,39740,146287,6
2021-09-01,39740,145709,2.11
2021-12-01,39740,149415,2.15
2022-03-01,39740,148931,3.94
2022-06-01,39740,151993,3.9
2022-09-01,39740,152292,4.52
2022-12-01,39740,153563,2.78
2023-03-01,39740,151738,1.88
2023-06-01,39740,153851,1.22
2023-09-01,39740,153276,0.65
2023-12-01,39740,153890,0.21
2024-03-01,39740,153072,
2024-06-01,39740,155740,1.23
2024-09-01,39740,155434,1.41
2024-12-01,39740,157610,2.42
2025-03-01,39740,155365,
2025-06-01,39740,157755,1.29
2016-03-01,39820,50246,
2016-06-01,39820,52683,
2016-09-01,39820,52913,
2016-12-01,39820,51791,
2017-03-01,39820,51261,
2017-06-01,39820,53675,1.88
2017-09-01,39820,53543,1.19
2017-12-01,39820,53221,2.76
2018-03-01,39820,52305,2.04
2018-06-01,39820,54213,1
2018-09-01,39820,54248,1.32
2018-12-01,39820,54237,1.91
2019-03-01,39820,53419,2.13
2019-06-01,39820,55364,2.12
2019-09-01,39820,55353,2.04
2019-12-01,39820,54891,1.21
2020-03-01,39820,53653,
2020-06-01,39820,52277,-5.58
2020-09-01,39820,52807,-4.6
2020-12-01,39820,52583,-4.2
2021-03-01,39820,52222,
2021-06-01,39820,54063,3.42
2021-09-01,39820,53869,2.01
2021-12-01,39820,54007,2.71
2022-03-01,39820,54399,4.17
2022-06-01,39820,55579,2.8
2022-09-01,39820,55363,2.77
2022-12-01,39820,54851,1.56
2023-03-01,39820,53625,-1.42
2023-06-01,39820,56441,1.55
2023-09-01,39820,56393,1.86
2023-12-01,39820,55799,1.73
2024-03-01,39820,55478,
2024-06-01,39820,56969,0.94
2024-09-01,39820,57011,1.1
2024-12-01,39820,56929,2.03
2025-03-01,39820,56054,
2025-06-01,39820,59523,4.48
2016-03-01,39900,183554,
2016-06-01,39900,188593,
2016-09-01,39900,193377,
2016-12-01,39900,194115,
2017-03-01,39900,193534,
2017-06-01,39900,199943,6.02
2017-09-01,39900,203356,5.16
2017-12-01,39900,206766,6.52
2018-03-01,39900,205510,6.19
2018-06-01,39900,212490,6.28
2018-09-01,39900,215622,6.03
2018-12-01,39900,216977,4.94
2019-03-01,39900,212737,3.52
2019-06-01,39900,216882,2.07
2019-09-01,39900,218112,1.15
2019-12-01,39900,221399,2.04
2020-03-01,39900,213955,
2020-06-01,39900,197538,-8.92
2020-09-01,39900,204894,-6.06
2020-12-01,39900,209496,-5.38
2021-03-01,39900,209392,
2021-06-01,39900,214708,8.69
2021-09-01,39900,216343,5.59
2021-12-01,39900,219986,5.01
2022-03-01,39900,222494,6.26
2022-06-01,39900,227217,5.83
2022-09-01,39900,229340,6.01
2022-12-01,39900,226955,3.17
2023-03-01,39900,225553,1.37
2023-06-01,39900,231517,1.89
2023-09-01,39900,233084,1.63
2023-12-01,39900,232168,2.3
2024-03-01,39900,239872,
2024-06-01,39900,243404,5.13
2024-09-01,39900,245010,5.12
2024-12-01,39900,243769,5
2025-03-01,39900,240096,
2025-06-01,39900,243964,0.23
2016-03-01,40060,509971,
2016-06-01,40060,521785,
2016-09-01,40060,518198,
2016-12-01,40060,527167,
2017-03-01,40060,517494,
2017-06-01,40060,531798,1.92
2017-09-01,40060,527187,1.73
2017-12-01,40060,533368,1.18
2018-03-01,40060,522262,0.92
2018-06-01,40060,535870,0.77
2018-09-01,40060,528007,0.16
2018-12-01,40060,538480,0.96
2019-03-01,40060,526828,0.87
2019-06-01,40060,540974,0.95
2019-09-01,40060,532775,0.9
2019-12-01,40060,543199,0.88
2020-03-01,40060,529114,
2020-06-01,40060,485671,-10.22
2020-09-01,40060,499025,-6.33
2020-12-01,40060,512844,-5.59
2021-03-01,40060,504344,
2021-06-01,40060,517356,6.52
2021-09-01,40060,515738,3.35
2021-12-01,40060,529964,3.34
2022-03-01,40060,524737,4.04
2022-06-01,40060,536750,3.75
2022-09-01,40060,536642,4.05
2022-12-01,40060,544770,2.79
2023-03-01,40060,536028,2.15
2023-06-01,40060,549604,2.39
2023-09-01,40060,542422,1.08
2023-12-01,40060,549450,0.86
2024-03-01,40060,540044,
2024-06-01,40060,553078,0.63
2024-09-01,40060,546539,0.76
2024-12-01,40060,552105,0.48
2025-03-01,40060,542877,
2025-06-01,40060,557626,0.82
2016-03-01,40140,1132943,
2016-06-01,40140,1141566,
2016-09-01,40140,1151463,
2016-12-01,40140,1183717,
2017-03-01,40140,1173450,
2017-06-01,40140,1190377,4.28
2017-09-01,40140,1198119,4.05
2017-12-01,40140,1233418,4.2
2018-03-01,40140,1220783,4.03
2018-06-01,40140,1233251,3.6
2018-09-01,40140,1238151,3.34
2018-12-01,40140,1269883,2.96
2019-03-01,40140,1257360,3
2019-06-01,40140,1271097,3.07
2019-09-01,40140,1275259,3
2019-12-01,40140,1322788,4.17
2020-03-01,40140,1291448,
2020-06-01,40140,1195661,-5.93
2020-09-01,40140,1219420,-4.38
2020-12-01,40140,1282689,-3.03
2021-03-01,40140,1281379,
2021-06-01,40140,1302811,8.96
2021-09-01,40140,1316964,8
2021-12-01,40140,1384613,7.95
2022-03-01,40140,1385740,8.14
2022-06-01,40140,1384006,6.23
2022-09-01,40140,1388641,5.44
2022-12-01,40140,1408215,1.7
2023-03-01,40140,1377912,-0.56
2023-06-01,40140,1387372,0.24
2023-09-01,40140,1389491,0.06
2023-12-01,40140,1426680,1.31
2024-03-01,40140,1398110,
2024-06-01,40140,1395211,0.57
2024-09-01,40140,1398928,0.68
2024-12-01,40140,1440838,0.99
2025-03-01,40140,1406527,
2025-06-01,40140,1407875,0.91
2016-03-01,40220,129755,
2016-06-01,40220,132474,
2016-09-01,40220,130732,
2016-12-01,40220,130793,
2017-03-01,40220,128887,
2017-06-01,40220,131083,-1.05
2017-09-01,40220,129474,-0.96
2017-12-01,40220,131401,0.46
2018-03-01,40220,129280,0.3
2018-06-01,40220,132065,0.75
2018-09-01,40220,130657,0.91
2018-12-01,40220,130861,-0.41
2019-03-01,40220,129842,0.43
2019-06-01,40220,132200,0.1
2019-09-01,40220,129786,-0.67
2019-12-01,40220,130344,-0.4
2020-03-01,40220,128841,
2020-06-01,40220,120136,-9.13
2020-09-01,40220,123075,-5.17
2020-12-01,40220,125629,-3.62
2021-03-01,40220,123491,
2021-06-01,40220,124725,3.82
2021-09-01,40220,124223,0.93
2021-12-01,40220,126884,1
2022-03-01,40220,125336,1.49
2022-06-01,40220,127626,2.33
2022-09-01,40220,128006,3.05
2022-12-01,40220,129166,1.8
2023-03-01,40220,127628,1.83
2023-06-01,40220,129541,1.5
2023-09-01,40220,129322,1.03
2023-12-01,40220,129932,0.59
2024-03-01,40220,128607,
2024-06-01,40220,130516,0.75
2024-09-01,40220,129827,0.39
2024-12-01,40220,130998,0.82
2025-03-01,40220,130321,
2025-06-01,40220,132318,1.38
2016-03-01,40340,100590,
2016-06-01,40340,104216,
2016-09-01,40340,103625,
2016-12-01,40340,102527,
2017-03-01,40340,101350,
2017-06-01,40340,106306,2.01
2017-09-01,40340,104681,1.02
2017-12-01,40340,103927,1.37
2018-03-01,40340,104119,2.73
2018-06-01,40340,108097,1.68
2018-09-01,40340,107277,2.48
2018-12-01,40340,106293,2.28
2019-03-01,40340,105168,1.01
2019-06-01,40340,108338,0.22
2019-09-01,40340,107418,0.13
2019-12-01,40340,107840,1.46
2020-03-01,40340,106431,
2020-06-01,40340,98011,-9.53
2020-09-01,40340,103711,-3.45
2020-12-01,40340,102315,-5.12
2021-03-01,40340,103028,
2021-06-01,40340,107588,9.77
2021-09-01,40340,106547,2.73
2021-12-01,40340,106406,4
2022-03-01,40340,104740,1.66
2022-06-01,40340,108436,0.79
2022-09-01,40340,107901,1.27
2022-12-01,40340,106932,0.49
2023-03-01,40340,106372,1.56
2023-06-01,40340,110579,1.98
2023-09-01,40340,109335,1.33
2023-12-01,40340,108824,1.77
2024-03-01,40340,108220,
2024-06-01,40340,112359,1.61
2024-09-01,40340,110490,1.06
2024-12-01,40340,110822,1.84
2025-03-01,40340,108313,
2025-06-01,40340,112614,0.23
2016-03-01,40380,422787,
2016-06-01,40380,435816,
2016-09-01,40380,436263,
2016-12-01,40380,432673,
2017-03-01,40380,420620,
2017-06-01,40380,437178,0.31
2017-09-01,40380,437579,0.3
2017-12-01,40380,435109,0.56
2018-03-01,40380,426752,1.46
2018-06-01,40380,441129,0.9
2018-09-01,40380,441772,0.96
2018-12-01,40380,437962,0.66
2019-03-01,40380,428501,0.41
2019-06-01,40380,442946,0.41
2019-09-01,40380,441245,-0.12
2019-12-01,40380,437864,-0.02
2020-03-01,40380,425312,
2020-06-01,40380,383323,-13.46
2020-09-01,40380,400800,-9.17
2020-12-01,40380,397810,-9.15
2021-03-01,40380,394466,
2021-06-01,40380,409694,6.88
2021-09-01,40380,410690,2.47
2021-12-01,40380,414871,4.29
2022-03-01,40380,410503,4.07
2022-06-01,40380,424930,3.72
2022-09-01,40380,424677,3.41
2022-12-01,40380,422442,1.82
2023-03-01,40380,418272,1.89
2023-06-01,40380,431459,1.54
2023-09-01,40380,428352,0.87
2023-12-01,40380,425738,0.78
2024-03-01,40380,418370,
2024-06-01,40380,431702,0.06
2024-09-01,40380,427572,-0.18
2024-12-01,40380,425349,-0.09
2025-03-01,40380,420857,
2025-06-01,40380,432226,0.12
2016-12-01,40420,129711,
2017-03-01,40420,122019,
2017-06-01,40420,129769,
2017-09-01,40420,129294,
2017-12-01,40420,130847,0.88
2018-03-01,40420,129358,6.01
2018-06-01,40420,132873,2.39
2018-09-01,40420,132213,2.26
2018-12-01,40420,131777,0.71
2019-03-01,40420,128533,-0.64
2019-06-01,40420,130487,-1.8
2019-09-01,40420,129391,-2.13
2019-12-01,40420,129716,-1.56
2020-03-01,40420,124586,
2020-06-01,40420,114555,-12.21
2020-09-01,40420,119067,-7.98
2020-12-01,40420,118629,-8.55
2021-03-01,40420,117217,
2021-06-01,40420,118724,3.64
2021-09-01,40420,119310,0.2
2021-12-01,40420,121869,2.73
2022-03-01,40420,121323,3.5
2022-06-01,40420,124662,5
2022-09-01,40420,123969,3.9
2022-12-01,40420,124294,1.99
2023-03-01,40420,121380,0.05
2023-06-01,40420,125474,0.65
2023-09-01,40420,123203,-0.62
2023-12-01,40420,122781,-1.22
2024-03-01,40420,121104,
2024-06-01,40420,124021,-1.16
2024-09-01,40420,123602,0.32
2024-12-01,40420,123764,0.8
2025-03-01,40420,120401,
2025-06-01,40420,122472,-1.25
2016-03-01,40580,45772,
2016-06-01,40580,46749,
2016-09-01,40580,47267,
2016-12-01,40580,47318,
2017-03-01,40580,45730,
2017-06-01,40580,46068,-1.46
2017-09-01,40580,45705,-3.3
2017-12-01,40580,46286,-2.18
2018-03-01,40580,45687,-0.09
2018-06-01,40580,45684,-0.83
2018-09-01,40580,45555,-0.33
2018-12-01,40580,47426,2.46
2019-03-01,40580,45745,0.13
2019-06-01,40580,46076,0.86
2019-09-01,40580,45878,0.71
2019-12-01,40580,46872,-1.17
2020-03-01,40580,45197,
2020-06-01,40580,42528,-7.7
2020-09-01,40580,43146,-5.95
2020-12-01,40580,45093,-3.8
2021-03-01,40580,43717,
2021-06-01,40580,44258,4.07
2021-09-01,40580,44495,3.13
2021-12-01,40580,46094,2.22
2022-03-01,40580,45141,3.26
2022-06-01,40580,43382,-1.98
2022-09-01,40580,43843,-1.47
2022-12-01,40580,44833,-2.74
2023-03-01,40580,43637,-3.33
2023-06-01,40580,43645,0.61
2023-09-01,40580,44223,0.87
2023-12-01,40580,44776,-0.13
2024-03-01,40580,43895,
2024-06-01,40580,44234,1.35
2024-09-01,40580,43822,-0.91
2024-12-01,40580,44515,-0.58
2025-03-01,40580,43970,
2025-06-01,40580,43886,-0.79
2016-03-01,40660,32752,
2016-06-01,40660,33069,
2016-09-01,40660,33449,
2016-12-01,40660,33646,
2017-03-01,40660,33442,
2017-06-01,40660,33591,1.58
2017-09-01,40660,33734,0.85
2017-12-01,40660,34172,1.56
2018-03-01,40660,33949,1.52
2018-06-01,40660,33860,0.8
2018-09-01,40660,33799,0.19
2018-12-01,40660,34334,0.47
2019-03-01,40660,34513,1.66
2019-06-01,40660,34464,1.78
2019-09-01,40660,34083,0.84
2019-12-01,40660,34116,-0.63
2020-03-01,40660,33909,
2020-06-01,40660,31697,-8.03
2020-09-01,40660,32402,-4.93
2020-12-01,40660,33166,-2.78
2021-03-01,40660,33421,
2021-06-01,40660,33315,5.1
2021-09-01,40660,33294,2.75
2021-12-01,40660,34013,2.55
2022-03-01,40660,34082,1.98
2022-06-01,40660,34021,2.12
2022-09-01,40660,34442,3.45
2022-12-01,40660,35227,3.57
2023-03-01,40660,37908,11.23
2023-06-01,40660,35489,4.31
2023-09-01,40660,38552,11.93
2023-12-01,40660,39115,11.04
2024-03-01,40660,38719,
2024-06-01,40660,37813,6.55
2024-09-01,40660,38960,1.06
2024-12-01,40660,40017,2.31
2025-03-01,40660,39222,
2025-06-01,40660,38883,2.83
2016-03-01,40900,697872,
2016-06-01,40900,717081,
2016-09-01,40900,723329,
2016-12-01,40900,723771,
2017-03-01,40900,717216,
2017-06-01,40900,736777,2.75
2017-09-01,40900,740651,2.39
2017-12-01,40900,748917,3.47
2018-03-01,40900,741328,3.36
2018-06-01,40900,762243,3.46
2018-09-01,40900,768072,3.7
2018-12-01,40900,772977,3.21
2019-03-01,40900,764565,3.13
2019-06-01,40900,777955,2.06
2019-09-01,40900,784284,2.11
2019-12-01,40900,788560,2.02
2020-03-01,40900,781028,
2020-06-01,40900,712306,-8.44
2020-09-01,40900,726738,-7.34
2020-12-01,40900,744530,-5.58
2021-03-01,40900,746787,
2021-06-01,40900,766731,7.64
2021-09-01,40900,774969,6.64
2021-12-01,40900,790281,6.14
2022-03-01,40900,791960,6.05
2022-06-01,40900,803283,4.77
2022-09-01,40900,808629,4.34
2022-12-01,40900,808815,2.35
2023-03-01,40900,792382,0.05
2023-06-01,40900,808156,0.61
2023-09-01,40900,811805,0.39
2023-12-01,40900,814161,0.66
2024-03-01,40900,808047,
2024-06-01,40900,814695,0.81
2024-09-01,40900,818046,0.77
2024-12-01,40900,820316,0.76
2025-03-01,40900,810884,
2025-06-01,40900,820885,0.76
2016-03-01,40980,73368,
2016-06-01,40980,75101,
2016-09-01,40980,74946,
2016-12-01,40980,75305,
2017-03-01,40980,72663,
2017-06-01,40980,74685,-0.55
2017-09-01,40980,74128,-1.09
2017-12-01,40980,74282,-1.36
2018-03-01,40980,72464,-0.27
2018-06-01,40980,74563,-0.16
2018-09-01,40980,73966,-0.22
2018-12-01,40980,74604,0.43
2019-03-01,40980,72200,-0.36
2019-06-01,40980,74845,0.38
2019-09-01,40980,74166,0.27
2019-12-01,40980,74567,-0.05
2020-03-01,40980,71172,
2020-06-01,40980,64058,-14.41
2020-09-01,40980,67383,-9.15
2020-12-01,40980,66328,-11.05
2021-03-01,40980,65762,
2021-06-01,40980,68267,6.57
2021-09-01,40980,67646,0.39
2021-12-01,40980,69463,4.73
2022-03-01,40980,68479,4.13
2022-06-01,40980,70133,2.73
2022-09-01,40980,69639,2.95
2022-12-01,40980,69514,0.07
2023-03-01,40980,67674,-1.18
2023-06-01,40980,70308,0.25
2023-09-01,40980,69592,-0.07
2023-12-01,40980,69730,0.31
2024-03-01,40980,67922,
2024-06-01,40980,70018,-0.41
2024-09-01,40980,69253,-0.49
2024-12-01,40980,69456,-0.39
2025-03-01,40980,68201,
2025-06-01,40980,70486,0.67
2016-03-01,41060,87121,
2016-06-01,41060,90941,
2016-09-01,41060,91163,
2016-12-01,41060,90521,
2017-03-01,41060,89759,
2017-06-01,41060,93107,2.38
2017-09-01,41060,92021,0.94
2017-12-01,41060,91085,0.62
2018-03-01,41060,88896,-0.96
2018-06-01,41060,92948,-0.17
2018-09-01,41060,92202,0.2
2018-12-01,41060,91203,0.13
2019-03-01,41060,89713,0.92
2019-06-01,41060,93308,0.39
2019-09-01,41060,92659,0.5
2019-12-01,41060,91276,0.08
2020-03-01,41060,88933,
2020-06-01,41060,85013,-8.89
2020-09-01,41060,86557,-6.59
2020-12-01,41060,84198,-7.75
2021-03-01,41060,84815,
2021-06-01,41060,88164,3.71
2021-09-01,41060,87864,1.51
2021-12-01,41060,87157,3.51
2022-03-01,41060,86325,1.78
2022-06-01,41060,90316,2.44
2022-09-01,41060,90679,3.2
2022-12-01,41060,89715,2.93
2023-03-01,41060,88905,2.99
2023-06-01,41060,92688,2.63
2023-09-01,41060,91993,1.45
2023-12-01,41060,90511,0.89
2024-03-01,41060,89598,
2024-06-01,41060,93940,1.35
2024-09-01,41060,92355,0.39
2024-12-01,41060,90808,0.33
2025-03-01,41060,89397,
2025-06-01,41060,93088,-0.91
2016-03-01,41100,50768,
2016-06-01,41100,52653,
2016-09-01,41100,53278,
2016-12-01,41100,53248,
2017-03-01,41100,53745,
2017-06-01,41100,55060,4.57
2017-09-01,41100,55351,3.89
2017-12-01,41100,56290,5.71
2018-03-01,41100,57655,7.28
2018-06-01,41100,59316,7.73
2018-09-01,41100,60011,8.42
2018-12-01,41100,59905,6.42
2019-03-01,41100,59886,3.87
2019-06-01,41100,61217,3.2
2019-09-01,41100,61621,2.68
2019-12-01,41100,62061,3.6
2020-03-01,41100,61823,
2020-06-01,41100,61002,-0.35
2020-09-01,41100,63178,2.53
2020-12-01,41100,65469,5.49
2021-03-01,41100,65546,
2021-06-01,41100,67541,10.72
2021-09-01,41100,67572,6.95
2021-12-01,41100,68427,4.52
2022-03-01,41100,69522,6.07
2022-06-01,41100,70476,4.35
2022-09-01,41100,70292,4.03
2022-12-01,41100,71609,4.65
2023-03-01,41100,72264,3.94
2023-06-01,41100,72956,3.52
2023-09-01,41100,74467,5.94
2023-12-01,41100,74467,3.99
2024-03-01,41100,74836,
2024-06-01,41100,75302,3.22
2024-09-01,41100,77324,3.84
2024-12-01,41100,77883,4.59
2025-03-01,41100,78193,
2025-06-01,41100,77468,2.88
2016-03-01,41140,45757,
2016-06-01,41140,46339,
2016-09-01,41140,46893,
2016-12-01,41140,46999,
2017-03-01,41140,46219,
2017-06-01,41140,46657,0.69
2017-09-01,41140,46344,-1.17
2017-12-01,41140,46716,-0.6
2018-03-01,41140,45702,-1.12
2018-06-01,41140,46296,-0.77
2018-09-01,41140,46026,-0.69
2018-12-01,41140,46380,-0.72
2019-03-01,41140,45362,-0.74
2019-06-01,41140,46438,0.31
2019-09-01,41140,46104,0.17
2019-12-01,41140,46639,0.56
2020-03-01,41140,45339,
2020-06-01,41140,44296,-4.61
2020-09-01,41140,44476,-3.53
2020-12-01,41140,45267,-2.94
2021-03-01,41140,44269,
2021-06-01,41140,45040,1.68
2021-09-01,41140,44762,0.64
2021-12-01,41140,45240,-0.06
2022-03-01,41140,44163,-0.24
2022-06-01,41140,44967,-0.16
2022-09-01,41140,44869,0.24
2022-12-01,41140,45483,0.54
2023-03-01,41140,45187,2.32
2023-06-01,41140,45714,1.66
2023-09-01,41140,45763,1.99
2023-12-01,41140,45967,1.06
2024-03-01,41140,45782,
2024-06-01,41140,46162,0.98
2024-09-01,41140,45792,0.06
2024-12-01,41140,46265,0.65
2025-03-01,41140,46250,
2025-06-01,41140,46745,1.26
2016-03-01,41180,1130328,
2016-06-01,41180,1160582,
2016-09-01,41180,1153756,
2016-12-01,41180,1156661,
2017-03-01,41180,1143899,
2017-06-01,41180,1173122,1.08
2017-09-01,41180,1166775,1.13
2017-12-01,41180,1171874,1.32
2018-03-01,41180,1157257,1.17
2018-06-01,41180,1182728,0.82
2018-09-01,41180,1172991,0.53
2018-12-01,41180,1178816,0.59
2019-03-01,41180,1160980,0.32
2019-06-01,41180,1185557,0.24
2019-09-01,41180,1180656,0.65
2019-12-01,41180,1190621,1
2020-03-01,41180,1159756,
2020-06-01,41180,1076266,-9.22
2020-09-01,41180,1103405,-6.54
2020-12-01,41180,1119409,-5.98
2021-03-01,41180,1109109,
2021-06-01,41180,1135152,5.47
2021-09-01,41180,1131689,2.56
2021-12-01,41180,1151573,2.87
2022-03-01,41180,1140054,2.79
2022-06-01,41180,1169099,2.99
2022-09-01,41180,1163299,2.79
2022-12-01,41180,1167311,1.37
2023-03-01,41180,1162051,1.93
2023-06-01,41180,1189184,1.72
2023-09-01,41180,1178082,1.27
2023-12-01,41180,1181826,1.24
2024-03-01,41180,1161864,
2024-06-01,41180,1186401,-0.23
2024-09-01,41180,1174607,-0.29
2024-12-01,41180,1179972,-0.16
2025-06-01,41180,1178311,-0.68
2016-03-01,41420,122881,
2016-06-01,41420,130937,
2016-09-01,41420,132510,
2016-12-01,41420,126349,
2017-03-01,41420,126267,
2017-06-01,41420,133208,1.73
2017-09-01,41420,135484,2.24
2017-12-01,41420,130278,3.11
2018-03-01,41420,132529,4.96
2018-06-01,41420,139429,4.67
2018-09-01,41420,139958,3.3
2018-12-01,41420,135915,4.33
2019-03-01,41420,134984,1.85
2019-06-01,41420,142006,1.85
2019-09-01,41420,142719,1.97
2019-12-01,41420,139491,2.63
2020-03-01,41420,136150,
2020-06-01,41420,130737,-7.94
2020-09-01,41420,136479,-4.37
2020-12-01,41420,131524,-5.71
2021-03-01,41420,133701,
2021-06-01,41420,139425,6.65
2021-09-01,41420,141961,4.02
2021-12-01,41420,137898,4.85
2022-03-01,41420,140500,5.09
2022-06-01,41420,144840,3.88
2022-09-01,41420,148934,4.91
2022-12-01,41420,142230,3.14
2023-03-01,41420,143806,2.35
2023-06-01,41420,149614,3.3
2023-09-01,41420,151646,1.82
2023-12-01,41420,146464,2.98
2024-03-01,41420,145959,
2024-06-01,41420,151355,1.16
2024-09-01,41420,155795,2.74
2024-12-01,41420,148007,1.05
2025-03-01,41420,146421,
2025-06-01,41420,153834,1.64
2016-03-01,41500,136236,
2016-06-01,41500,172422,
2016-09-01,41500,171064,
2016-12-01,41500,137776,
2017-03-01,41500,138325,
2017-06-01,41500,174608,1.27
2017-09-01,41500,171447,0.22
2017-12-01,41500,140937,2.29
2018-03-01,41500,144156,4.22
2018-06-01,41500,178380,2.16
2018-09-01,41500,177326,3.43
2018-12-01,41500,145496,3.23
2019-03-01,41500,144311,0.11
2019-06-01,41500,181094,1.52
2019-09-01,41500,180133,1.58
2019-12-01,41500,146586,0.75
2020-03-01,41500,144076,
2020-06-01,41500,162249,-10.41
2020-09-01,41500,163376,-9.3
2020-12-01,41500,132828,-9.39
2021-03-01,41500,132819,
2021-06-01,41500,169257,4.32
2021-09-01,41500,171762,5.13
2021-12-01,41500,143367,7.93
2022-03-01,41500,145598,9.62
2022-06-01,41500,182504,7.83
2022-09-01,41500,185109,7.77
2022-12-01,41500,143559,0.13
2023-03-01,41500,138968,-4.55
2023-06-01,41500,180602,-1.04
2023-09-01,41500,181748,-1.82
2023-12-01,41500,142267,-0.9
2024-03-01,41500,147433,
2024-06-01,41500,180099,-0.28
2024-09-01,41500,181370,-0.21
2024-12-01,41500,143863,1.12
2025-03-01,41500,142960,
2025-06-01,41500,179308,-0.44
2016-03-01,41540,121239,
2016-06-01,41540,140807,
2016-09-01,41540,135379,
2016-12-01,41540,124917,
2017-03-01,41540,124086,
2017-06-01,41540,145088,3.04
2017-09-01,41540,138621,2.39
2017-12-01,41540,128056,2.51
2018-03-01,41540,127958,3.12
2018-06-01,41540,148099,2.08
2018-09-01,41540,139828,0.87
2018-12-01,41540,130683,2.05
2019-03-01,41540,129315,1.06
2019-06-01,41540,149019,0.62
2019-09-01,41540,142367,1.82
2019-12-01,41540,132275,1.22
2020-03-01,41540,128881,
2020-06-01,41540,131461,-11.78
2020-09-01,41540,134419,-5.58
2020-12-01,41540,127986,-3.24
2021-03-01,41540,126120,
2021-06-01,41540,144090,9.61
2021-09-01,41540,139122,3.5
2021-12-01,41540,133281,4.14
2022-03-01,41540,132780,5.28
2022-06-01,41540,148027,2.73
2022-09-01,41540,143978,3.49
2022-12-01,41540,136636,2.52
2023-03-01,41540,136532,2.83
2023-06-01,41540,154846,4.61
2023-09-01,41540,148085,2.85
2023-12-01,41540,140644,2.93
2024-03-01,41540,41261,
2024-06-01,41540,41953,-72.91
2024-09-01,41540,41644,-71.88
2024-12-01,41540,42054,-70.1
2025-03-01,41540,41281,
2025-06-01,41540,41595,-0.85
2016-03-01,41620,574772,
2016-06-01,41620,581679,
2016-09-01,41620,590294,
2016-12-01,41620,594539,
2017-03-01,41620,589263,
2017-06-01,41620,597744,2.76
2017-09-01,41620,601875,1.96
2017-12-01,41620,613000,3.11
2018-03-01,41620,604011,2.5
2018-06-01,41620,613138,2.58
2018-09-01,41620,619694,2.96
2018-12-01,41620,630377,2.83
2019-03-01,41620,621448,2.89
2019-06-01,41620,631456,2.99
2019-09-01,41620,636031,2.64
2019-12-01,41620,645070,2.33
2020-03-01,41620,633074,
2020-06-01,41620,604847,-4.21
2020-09-01,41620,621735,-2.25
2020-12-01,41620,641008,-0.63
2021-03-01,41620,638146,
2021-06-01,41620,649928,7.45
2021-09-01,41620,654390,5.25
2021-12-01,41620,672496,4.91
2022-03-01,41620,672154,5.33
2022-06-01,41620,681833,4.91
2022-09-01,41620,690830,5.57
2022-12-01,41620,695684,3.45
2023-03-01,41620,686435,2.12
2023-06-01,41620,699218,2.55
2023-09-01,41620,700126,1.35
2023-12-01,41620,704851,1.32
2024-03-01,41620,695519,
2024-06-01,41620,697975,-0.18
2024-09-01,41620,703755,0.52
2024-12-01,41620,711773,0.98
2025-03-01,41620,703129,
2025-06-01,41620,707248,1.33
2016-03-01,41660,38865,
2016-06-01,41660,39257,
2016-09-01,41660,38844,
2016-12-01,41660,38874,
2017-03-01,41660,38745,
2017-06-01,41660,39276,0.05
2017-09-01,41660,39143,0.77
2017-12-01,41660,39646,1.99
2018-03-01,41660,39444,1.8
2018-06-01,41660,40026,1.91
2018-09-01,41660,40285,2.92
2018-12-01,41660,40423,1.96
2019-03-01,41660,39884,1.12
2019-06-01,41660,39803,-0.56
2019-09-01,41660,39837,-1.11
2019-12-01,41660,40069,-0.88
2020-03-01,41660,39896,
2020-06-01,41660,37142,-6.69
2020-09-01,41660,37354,-6.23
2020-12-01,41660,38707,-3.4
2021-03-01,41660,38110,
2021-06-01,41660,38487,3.62
2021-09-01,41660,38645,3.46
2021-12-01,41660,39440,1.89
2022-03-01,41660,40293,5.73
2022-06-01,41660,40633,5.58
2022-09-01,41660,41026,6.16
2022-12-01,41660,41709,5.75
2023-03-01,41660,41228,2.32
2023-06-01,41660,41443,1.99
2023-09-01,41660,41401,0.91
2023-12-01,41660,41892,0.44
2024-03-01,41660,41668,
2024-06-01,41660,42089,1.56
2024-09-01,41660,42197,1.92
2024-12-01,41660,42509,1.47
2025-03-01,41660,41626,
2025-06-01,41660,41477,-1.45
2016-03-01,41700,801496,
2016-06-01,41700,815022,
2016-09-01,41700,817912,
2016-12-01,41700,826278,
2017-03-01,41700,823169,
2017-06-01,41700,839003,2.94
2017-09-01,41700,836378,2.26
2017-12-01,41700,842053,1.91
2018-03-01,41700,838645,1.88
2018-06-01,41700,856297,2.06
2018-09-01,41700,852038,1.87
2018-12-01,41700,860702,2.21
2019-03-01,41700,852872,1.7
2019-06-01,41700,869575,1.55
2019-09-01,41700,864944,1.51
2019-12-01,41700,875917,1.77
2020-03-01,41700,857086,
2020-06-01,41700,800193,-7.98
2020-09-01,41700,806193,-6.79
2020-12-01,41700,833596,-4.83
2021-03-01,41700,825559,
2021-06-01,41700,852049,6.48
2021-09-01,41700,855864,6.16
2021-12-01,41700,881874,5.79
2022-03-01,41700,882437,6.89
2022-06-01,41700,900579,5.7
2022-09-01,41700,907251,6
2022-12-01,41700,917251,4.01
2023-03-01,41700,914210,3.6
2023-06-01,41700,931840,3.47
2023-09-01,41700,929149,2.41
2023-12-01,41700,937252,2.18
2024-03-01,41700,922075,
2024-06-01,41700,939142,0.78
2024-09-01,41700,935234,0.65
2024-12-01,41700,942929,0.61
2025-03-01,41700,931048,
2025-06-01,41700,938206,-0.1
2016-03-01,41740,1158311,
2016-06-01,41740,1175457,
2016-09-01,41740,1186005,
2016-12-01,41740,1194655,
2017-03-01,41740,1184262,
2017-06-01,41740,1205471,2.55
2017-09-01,41740,1210223,2.04
2017-12-01,41740,1225840,2.61
2018-03-01,41740,1216390,2.71
2018-06-01,41740,1232764,2.26
2018-09-01,41740,1233488,1.92
2018-12-01,41740,1248204,1.82
2019-03-01,41740,1234532,1.49
2019-06-01,41740,1252347,1.59
2019-09-01,41740,1255373,1.77
2019-12-01,41740,1270565,1.79
2020-03-01,41740,1242316,
2020-06-01,41740,1098159,-12.31
2020-09-01,41740,1125886,-10.31
2020-12-01,41740,1144255,-9.94
2021-03-01,41740,1153229,
2021-06-01,41740,1189571,8.32
2021-09-01,41740,1211509,7.6
2021-12-01,41740,1253555,9.55
2022-03-01,41740,1262992,9.52
2022-06-01,41740,1275646,7.24
2022-09-01,41740,1284850,6.05
2022-12-01,41740,1293844,3.21
2023-03-01,41740,1279324,1.29
2023-06-01,41740,1291460,1.24
2023-09-01,41740,1291465,0.51
2023-12-01,41740,1297382,0.27
2024-03-01,41740,1283416,
2024-06-01,41740,1289981,-0.11
2024-09-01,41740,1285277,-0.48
2024-12-01,41740,1295963,-0.11
2025-03-01,41740,1275228,
2025-06-01,41740,1283278,-0.52
2024-03-01,41780,39506,
2024-06-01,41780,47909,
2024-09-01,41780,45183,
2024-12-01,41780,39671,
2025-03-01,41780,39648,
2025-06-01,41780,47713,-0.41
2016-03-01,41860,1986229,
2016-06-01,41860,2018756,
2016-09-01,41860,2037223,
2016-12-01,41860,2055009,
2017-03-01,41860,2043151,
2017-06-01,41860,2077383,2.9
2017-09-01,41860,2078247,2.01
2017-12-01,41860,2105667,2.47
2018-03-01,41860,2083755,1.99
2018-06-01,41860,2116647,1.89
2018-09-01,41860,2121467,2.08
2018-12-01,41860,2149768,2.09
2019-03-01,41860,2126032,2.03
2019-06-01,41860,2154656,1.8
2019-09-01,41860,2159479,1.79
2019-12-01,41860,2188444,1.8
2020-03-01,41860,2138558,
2020-06-01,41860,1877709,-12.85
2020-09-01,41860,1896186,-12.19
2020-12-01,41860,1941203,-11.3
2021-03-01,41860,1946171,
2021-06-01,41860,2003065,6.68
2021-09-01,41860,2032935,7.21
2021-12-01,41860,2103371,8.35
2022-03-01,41860,2102030,8.01
2022-06-01,41860,2137767,6.72
2022-09-01,41860,2138952,5.21
2022-12-01,41860,2145328,1.99
2023-03-01,41860,2104866,0.13
2023-06-01,41860,2122822,-0.7
2023-09-01,41860,2112079,-1.26
2023-12-01,41860,2118427,-1.25
2024-03-01,41860,2086817,
2024-06-01,41860,2090714,-1.51
2024-09-01,41860,2072604,-1.87
2024-12-01,41860,2073003,-2.14
2025-03-01,41860,2046059,
2025-06-01,41860,2049197,-1.99
2016-03-01,41900,15244,
2016-06-01,41900,16084,
2016-09-01,41900,16478,
2016-12-01,41900,16721,
2017-03-01,41900,15483,
2017-06-01,41900,14924,-7.21
2017-09-01,41900,14595,-11.43
2017-12-01,41900,15137,-9.47
2018-03-01,41900,14709,-5
2018-06-01,41900,15391,3.13
2018-09-01,41900,15911,9.02
2018-12-01,41900,15714,3.81
2019-03-01,41900,15609,6.12
2019-06-01,41900,15556,1.07
2019-09-01,41900,15857,-0.34
2019-12-01,41900,16656,5.99
2020-03-01,41900,15750,
2020-06-01,41900,14308,-8.02
2020-09-01,41900,14894,-6.07
2020-12-01,41900,16187,-2.82
2021-03-01,41900,16107,
2021-06-01,41900,16419,14.75
2021-09-01,41900,17084,14.7
2021-12-01,41900,18045,11.48
2022-03-01,41900,17239,7.03
2022-06-01,41900,17269,5.18
2022-09-01,41900,17103,0.11
2022-12-01,41900,18066,0.12
2023-03-01,41900,17077,-0.94
2023-06-01,41900,17292,0.13
2023-09-01,41900,17219,0.68
2023-12-01,41900,17796,-1.49
2016-03-01,41940,951328,
2016-06-01,41940,975097,
2016-09-01,41940,979430,
2016-12-01,41940,985469,
2017-03-01,41940,979070,
2017-06-01,41940,1000821,2.64
2017-09-01,41940,1002479,2.35
2017-12-01,41940,1011446,2.64
2018-03-01,41940,1003597,2.51
2018-06-01,41940,1026244,2.54
2018-09-01,41940,1027436,2.49
2018-12-01,41940,1037588,2.58
2019-03-01,41940,1027033,2.34
2019-06-01,41940,1043052,1.64
2019-09-01,41940,1045023,1.71
2019-12-01,41940,1056157,1.79
2020-03-01,41940,1036367,
2020-06-01,41940,947706,-9.14
2020-09-01,41940,958462,-8.28
2020-12-01,41940,970756,-8.09
2021-03-01,41940,968456,
2021-06-01,41940,992840,4.76
2021-09-01,41940,1007682,5.14
2021-12-01,41940,1029984,6.1
2022-03-01,41940,1022754,5.61
2022-06-01,41940,1042682,5.02
2022-09-01,41940,1050942,4.29
2022-12-01,41940,1054638,2.39
2023-03-01,41940,1033144,1.02
2023-06-01,41940,1041068,-0.15
2023-09-01,41940,1042972,-0.76
2023-12-01,41940,1041940,-1.2
2024-03-01,41940,1028796,
2024-06-01,41940,1031703,-0.9
2024-09-01,41940,1034474,-0.81
2024-12-01,41940,1038645,-0.32
2025-03-01,41940,1027166,
2025-06-01,41940,1034330,0.25
2016-03-01,41980,491206,
2016-06-01,41980,487517,
2016-09-01,41980,488278,
2016-12-01,41980,515776,
2017-03-01,41980,491338,
2017-06-01,41980,489368,0.38
2017-09-01,41980,480104,-1.67
2017-12-01,41980,501072,-2.85
2018-03-01,41980,479267,-2.46
2018-06-01,41980,482628,-1.38
2018-09-01,41980,486741,1.38
2018-12-01,41980,511947,2.17
2019-03-01,41980,497335,3.77
2019-06-01,41980,497151,3.01
2019-09-01,41980,498684,2.45
2019-12-01,41980,524867,2.52
2020-03-01,41980,501505,
2020-06-01,41980,442348,-11.02
2020-09-01,41980,464877,-6.78
2020-12-01,41980,497056,-5.3
2021-03-01,41980,483445,
2021-06-01,41980,493513,11.57
2021-09-01,41980,508575,9.4
2021-12-01,41980,539935,8.63
2022-03-01,41980,529845,9.6
2022-06-01,41980,530145,7.42
2022-09-01,41980,533254,4.85
2022-12-01,41980,567606,5.12
2023-03-01,41980,539655,1.85
2023-06-01,41980,540999,2.05
2023-09-01,41980,541447,1.54
2023-12-01,41980,564574,-0.53
2024-03-01,41980,545726,
2024-06-01,41980,545333,0.8
2024-09-01,41980,546630,0.96
2024-12-01,41980,565724,0.2
2025-03-01,41980,549007,
2025-06-01,41980,548399,0.56
2016-03-01,42020,91881,
2016-06-01,42020,94745,
2016-09-01,42020,94489,
2016-12-01,42020,93877,
2017-03-01,42020,95339,
2017-06-01,42020,98587,4.06
2017-09-01,42020,97700,3.4
2017-12-01,42020,95923,2.18
2018-03-01,42020,95722,0.4
2018-06-01,42020,98520,-0.07
2018-09-01,42020,97974,0.28
2018-12-01,42020,97430,1.57
2019-03-01,42020,97828,2.2
2019-06-01,42020,100771,2.28
2019-09-01,42020,98950,1
2019-12-01,42020,98385,0.98
2020-03-01,42020,96503,
2020-06-01,42020,85861,-14.8
2020-09-01,42020,88810,-10.25
2020-12-01,42020,89459,-9.07
2021-03-01,42020,92454,
2021-06-01,42020,94458,10.01
2021-09-01,42020,96103,8.21
2021-12-01,42020,96409,7.77
2022-03-01,42020,97078,5
2022-06-01,42020,99646,5.49
2022-09-01,42020,99222,3.25
2022-12-01,42020,96510,0.1
2023-03-01,42020,97264,0.19
2023-06-01,42020,100131,0.49
2023-09-01,42020,100344,1.13
2023-12-01,42020,98803,2.38
2024-03-01,42020,99760,
2024-06-01,42020,101137,1
2024-09-01,42020,100384,0.04
2024-12-01,42020,98597,-0.21
2025-03-01,42020,98787,
2025-06-01,42020,101092,-0.04
2016-03-01,42100,80533,
2016-06-01,42100,90133,
2016-09-01,42100,89381,
2016-12-01,42100,81287,
2017-03-01,42100,81667,
2017-06-01,42100,92050,2.13
2017-09-01,42100,89815,0.49
2017-12-01,42100,82666,1.7
2018-03-01,42100,82161,0.6
2018-06-01,42100,91264,-0.85
2018-09-01,42100,90382,0.63
2018-12-01,42100,83172,0.61
2019-03-01,42100,83081,1.12
2019-06-01,42100,92565,1.43
2019-09-01,42100,91703,1.46
2019-12-01,42100,84793,1.95
2020-03-01,42100,82582,
2020-06-01,42100,79886,-13.7
2020-09-01,42100,81369,-11.27
2020-12-01,42100,76926,-9.28
2021-03-01,42100,76682,
2021-06-01,42100,85852,7.47
2021-09-01,42100,86321,6.09
2021-12-01,42100,82252,6.92
2022-03-01,42100,82433,7.5
2022-06-01,42100,90277,5.15
2022-09-01,42100,90373,4.69
2022-12-01,42100,83586,1.62
2023-03-01,42100,80810,-1.97
2023-06-01,42100,89173,-1.22
2023-09-01,42100,88604,-1.96
2023-12-01,42100,82750,-1
2024-03-01,42100,82194,
2024-06-01,42100,89692,0.58
2024-09-01,42100,88664,0.07
2024-12-01,42100,82235,-0.62
2025-03-01,42100,80385,
2025-06-01,42100,89991,0.33
2016-03-01,42140,44547,
2016-06-01,42140,45925,
2016-09-01,42140,45345,
2016-12-01,42140,45692,
2017-03-01,42140,44529,
2017-06-01,42140,46134,0.46
2017-09-01,42140,45661,0.7
2017-12-01,42140,45870,0.39
2018-03-01,42140,44856,0.73
2018-06-01,42140,46913,1.69
2018-09-01,42140,46118,1
2018-12-01,42140,46844,2.12
2019-03-01,42140,46018,2.59
2019-06-01,42140,47661,1.59
2019-09-01,42140,47773,3.59
2019-12-01,42140,48265,3.03
2020-03-01,42140,45832,
2020-06-01,42140,39897,-16.29
2020-09-01,42140,40517,-15.19
2020-12-01,42140,40492,-16.1
2021-03-01,42140,41381,
2021-06-01,42140,43845,9.9
2021-09-01,42140,45099,11.31
2021-12-01,42140,45433,12.2
2022-03-01,42140,44750,8.14
2022-06-01,42140,45831,4.53
2022-09-01,42140,45973,1.94
2022-12-01,42140,46492,2.33
2023-03-01,42140,45501,1.68
2023-06-01,42140,47197,2.98
2023-09-01,42140,46785,1.77
2023-12-01,42140,47294,1.73
2024-03-01,42140,46376,
2024-06-01,42140,47227,0.06
2024-09-01,42140,46534,-0.54
2024-12-01,42140,47068,-0.48
2025-03-01,42140,45729,
2025-06-01,42140,46596,-1.34
2016-03-01,42200,158821,
2016-06-01,42200,164478,
2016-09-01,42200,164922,
2016-12-01,42200,157736,
2017-03-01,42200,158862,
2017-06-01,42200,168663,2.54
2017-09-01,42200,168765,2.33
2017-12-01,42200,161078,2.12
2018-03-01,42200,161807,1.85
2018-06-01,42200,171598,1.74
2018-09-01,42200,170489,1.02
2018-12-01,42200,163785,1.68
2019-03-01,42200,164044,1.38
2019-06-01,42200,176391,2.79
2019-09-01,42200,175531,2.96
2019-12-01,42200,167989,2.57
2020-03-01,42200,173913,
2020-06-01,42200,167860,-4.84
2020-09-01,42200,172541,-1.7
2020-12-01,42200,164872,-1.86
2021-03-01,42200,167375,
2021-06-01,42200,182588,8.77
2021-09-01,42200,183611,6.42
2021-12-01,42200,178145,8.05
2022-03-01,42200,181534,8.46
2022-06-01,42200,194386,6.46
2022-09-01,42200,186038,1.32
2022-12-01,42200,172493,-3.17
2023-03-01,42200,172604,-4.92
2023-06-01,42200,190649,-1.92
2023-09-01,42200,187773,0.93
2023-12-01,42200,174817,1.35
2024-03-01,42200,176739,
2024-06-01,42200,186263,-2.3
2024-09-01,42200,184533,-1.73
2024-12-01,42200,173474,-0.77
2025-03-01,42200,171927,
2025-06-01,42200,186242,-0.01
2016-03-01,42220,170559,
2016-06-01,42220,175650,
2016-09-01,42220,177717,
2016-12-01,42220,174707,
2017-03-01,42220,173762,
2017-06-01,42220,179961,2.45
2017-09-01,42220,182595,2.74
2017-12-01,42220,179898,2.97
2018-03-01,42220,178357,2.64
2018-06-01,42220,184940,2.77
2018-09-01,42220,186198,1.97
2018-12-01,42220,184232,2.41
2019-03-01,42220,181269,1.63
2019-06-01,42220,185871,0.5
2019-09-01,42220,188182,1.07
2019-12-01,42220,185109,0.48
2020-03-01,42220,182375,
2020-06-01,42220,165018,-11.22
2020-09-01,42220,166739,-11.39
2020-12-01,42220,166676,-9.96
2021-03-01,42220,167291,
2021-06-01,42220,174109,5.51
2021-09-01,42220,176978,6.14
2021-12-01,42220,177992,6.79
2022-03-01,42220,178528,6.72
2022-06-01,42220,183796,5.56
2022-09-01,42220,184650,4.34
2022-12-01,42220,181311,1.86
2023-03-01,42220,177332,-0.67
2023-06-01,42220,183099,-0.38
2023-09-01,42220,184068,-0.32
2023-12-01,42220,179568,-0.96
2024-03-01,42220,178004,
2024-06-01,42220,180666,-1.33
2024-09-01,42220,180314,-2.04
2024-12-01,42220,177234,-1.3
2025-03-01,42220,175195,
2025-06-01,42220,181127,0.26
2016-03-01,42340,141973,
2016-06-01,42340,144071,
2016-09-01,42340,142800,
2016-12-01,42340,145107,
2017-03-01,42340,144897,
2017-06-01,42340,147766,2.56
2017-09-01,42340,143667,0.61
2017-12-01,42340,149849,3.27
2018-03-01,42340,151671,4.68
2018-06-01,42340,152188,2.99
2018-09-01,42340,151489,5.44
2018-12-01,42340,153075,2.15
2019-03-01,42340,155071,2.24
2019-06-01,42340,155498,2.17
2019-09-01,42340,152969,0.98
2019-12-01,42340,158836,3.76
2020-03-01,42340,156715,
2020-06-01,42340,141941,-8.72
2020-09-01,42340,146349,-4.33
2020-12-01,42340,154443,-2.77
2021-03-01,42340,153076,
2021-06-01,42340,157179,10.74
2021-09-01,42340,157966,7.94
2021-12-01,42340,163628,5.95
2022-03-01,42340,163045,6.51
2022-06-01,42340,165629,5.38
2022-09-01,42340,165638,4.86
2022-12-01,42340,167578,2.41
2023-03-01,42340,167824,2.93
2023-06-01,42340,169637,2.42
2023-09-01,42340,168821,1.92
2023-12-01,42340,172474,2.92
2024-03-01,42340,171111,
2024-06-01,42340,173680,2.38
2024-09-01,42340,171337,1.49
2024-12-01,42340,174408,1.12
2025-03-01,42340,173184,
2025-06-01,42340,174692,0.58
2016-03-01,42540,218501,
2016-06-01,42540,223211,
2016-09-01,42540,223429,
2016-12-01,42540,224675,
2017-03-01,42540,218607,
2017-06-01,42540,225977,1.24
2017-09-01,42540,226209,1.24
2017-12-01,42540,227352,1.19
2018-03-01,42540,221587,1.36
2018-06-01,42540,226852,0.39
2018-09-01,42540,224807,-0.62
2018-12-01,42540,226169,-0.52
2019-03-01,42540,220604,-0.44
2019-06-01,42540,225138,-0.76
2019-09-01,42540,224487,-0.14
2019-12-01,42540,226858,0.3
2020-03-01,42540,220990,
2020-06-01,42540,199486,-11.39
2020-09-01,42540,207134,-7.73
2020-12-01,42540,209901,-7.47
2021-03-01,42540,206415,
2021-06-01,42540,211154,5.85
2021-09-01,42540,212542,2.61
2021-12-01,42540,221107,5.34
2022-03-01,42540,216948,5.1
2022-06-01,42540,221828,5.06
2022-09-01,42540,223001,4.92
2022-12-01,42540,223678,1.16
2023-03-01,42540,219437,1.15
2023-06-01,42540,223935,0.95
2023-09-01,42540,225181,0.98
2023-12-01,42540,226767,1.38
2024-03-01,42540,222113,
2024-06-01,42540,225946,0.9
2024-09-01,42540,226430,0.55
2024-12-01,42540,228167,0.62
2025-03-01,42540,222225,
2025-06-01,42540,226730,0.35
2016-03-01,42660,1599527,
2016-06-01,42660,1643553,
2016-09-01,42660,1657000,
2016-12-01,42660,1659580,
2017-03-01,42660,1649806,
2017-06-01,42660,1691647,2.93
2017-09-01,42660,1696351,2.37
2017-12-01,42660,1704009,2.68
2018-03-01,42660,1695180,2.75
2018-06-01,42660,1734782,2.55
2018-09-01,42660,1740668,2.61
2018-12-01,42660,1749745,2.68
2019-03-01,42660,1743371,2.84
2019-06-01,42660,1782395,2.74
2019-09-01,42660,1790154,2.84
2019-12-01,42660,1800665,2.91
2020-03-01,42660,1769713,
2020-06-01,42660,1607617,-9.81
2020-09-01,42660,1655894,-7.5
2020-12-01,42660,1660573,-7.78
2021-03-01,42660,1660436,
2021-06-01,42660,1705005,6.06
2021-09-01,42660,1739529,5.05
2021-12-01,42660,1768565,6.5
2022-03-01,42660,1771166,6.67
2022-06-01,42660,1809622,6.14
2022-09-01,42660,1822260,4.76
2022-12-01,42660,1818608,2.83
2023-03-01,42660,1795327,1.36
2023-06-01,42660,1827463,0.99
2023-09-01,42660,1817047,-0.29
2023-12-01,42660,1813593,-0.28
2024-03-01,42660,1787330,
2024-06-01,42660,1818547,-0.49
2024-09-01,42660,1822910,0.32
2024-12-01,42660,1813971,0.02
2025-03-01,42660,1776903,
2025-06-01,42660,1812667,-0.32
2016-03-01,42680,45701,
2016-06-01,42680,44151,
2016-09-01,42680,44039,
2016-12-01,42680,47388,
2017-03-01,42680,46814,
2017-06-01,42680,45446,2.93
2017-09-01,42680,43629,-0.93
2017-12-01,42680,48228,1.77
2018-03-01,42680,48055,2.65
2018-06-01,42680,46694,2.75
2018-09-01,42680,46437,6.44
2018-12-01,42680,49391,2.41
2019-03-01,42680,49203,2.39
2019-06-01,42680,47894,2.57
2019-09-01,42680,46969,1.15
2019-12-01,42680,49899,1.03
2020-03-01,42680,48943,
2020-06-01,42680,45009,-6.02
2020-09-01,42680,44688,-4.86
2020-12-01,42680,47521,-4.77
2021-03-01,42680,47765,
2021-06-01,42680,46663,3.67
2021-09-01,42680,47367,5.99
2021-12-01,42680,50573,6.42
2022-03-01,42680,50141,4.97
2022-06-01,42680,49549,6.18
2022-09-01,42680,49940,5.43
2022-12-01,42680,52577,3.96
2023-03-01,42680,52362,4.43
2023-06-01,42680,51484,3.91
2023-09-01,42680,50874,1.87
2023-12-01,42680,53227,1.24
2024-03-01,42680,53089,
2024-06-01,42680,51682,0.38
2024-09-01,42680,51578,1.38
2024-12-01,42680,54166,1.76
2025-03-01,42680,52965,
2025-06-01,42680,51507,-0.34
2016-03-01,42700,23729,
2016-06-01,42700,22750,
2016-09-01,42700,22555,
2016-12-01,42700,24033,
2017-03-01,42700,23913,
2017-06-01,42700,23670,4.04
2017-09-01,42700,22125,-1.91
2017-12-01,42700,24960,3.86
2018-03-01,42700,24810,3.75
2018-06-01,42700,23373,-1.25
2018-09-01,42700,22862,3.33
2018-12-01,42700,24107,-3.42
2019-03-01,42700,23628,-4.76
2019-06-01,42700,23158,-0.92
2019-09-01,42700,22560,-1.32
2019-12-01,42700,23322,-3.26
2020-03-01,42700,23009,
2020-06-01,42700,21682,-6.37
2020-09-01,42700,21150,-6.25
2020-12-01,42700,22747,-2.47
2021-03-01,42700,22630,
2021-06-01,42700,22729,4.83
2021-09-01,42700,22379,5.81
2021-12-01,42700,23395,2.85
2022-03-01,42700,24176,6.83
2022-06-01,42700,23306,2.54
2022-09-01,42700,23339,4.29
2022-12-01,42700,24410,4.34
2023-03-01,42700,25016,3.47
2023-06-01,42700,24347,4.47
2023-09-01,42700,23658,1.37
2023-12-01,42700,24745,1.37
2024-03-01,42700,24821,
2024-06-01,42700,24023,-1.33
2024-09-01,42700,24360,2.97
2024-12-01,42700,24682,-0.25
2025-03-01,42700,24479,
2025-06-01,42700,23854,-0.7
2016-03-01,43100,52258,
2016-06-01,43100,55769,
2016-09-01,43100,54987,
2016-12-01,43100,54036,
2017-03-01,43100,53310,
2017-06-01,43100,56967,2.15
2017-09-01,43100,55855,1.58
2017-12-01,43100,54984,1.75
2018-03-01,43100,54317,1.89
2018-06-01,43100,57750,1.37
2018-09-01,43100,56397,0.97
2018-12-01,43100,55502,0.94
2019-03-01,43100,54625,0.57
2019-06-01,43100,57550,-0.35
2019-09-01,43100,56174,-0.4
2019-12-01,43100,55116,-0.7
2020-03-01,43100,53743,
2020-06-01,43100,52588,-8.62
2020-09-01,43100,53338,-5.05
2020-12-01,43100,52906,-4.01
2021-03-01,43100,51778,
2021-06-01,43100,54578,3.78
2021-09-01,43100,53423,0.16
2021-12-01,43100,53269,0.69
2022-03-01,43100,52393,1.19
2022-06-01,43100,55420,1.54
2022-09-01,43100,54420,1.87
2022-12-01,43100,53745,0.89
2023-03-01,43100,53305,1.74
2023-06-01,43100,56667,2.25
2023-09-01,43100,55695,2.34
2023-12-01,43100,54556,1.51
2024-03-01,43100,54165,
2024-06-01,43100,56749,0.14
2024-09-01,43100,55976,0.5
2024-12-01,43100,54923,0.67
2025-03-01,43100,53835,
2025-06-01,43100,56880,0.23
2016-03-01,43300,37576,
2016-06-01,43300,38452,
2016-09-01,43300,38466,
2016-12-01,43300,39076,
2017-03-01,43300,38991,
2017-06-01,43300,39258,2.1
2017-09-01,43300,39096,1.64
2017-12-01,43300,38950,-0.32
2018-03-01,43300,38877,-0.29
2018-06-01,43300,39650,1
2018-09-01,43300,39565,1.2
2018-12-01,43300,40022,2.75
2019-03-01,43300,39729,2.19
2019-06-01,43300,40578,2.34
2019-09-01,43300,40279,1.8
2019-12-01,43300,40744,1.8
2020-03-01,43300,40438,
2020-06-01,43300,39147,-3.53
2020-09-01,43300,39473,-2
2020-12-01,43300,40461,-0.69
2021-03-01,43300,40427,
2021-06-01,43300,41426,5.82
2021-09-01,43300,40549,2.73
2021-12-01,43300,41348,2.19
2022-03-01,43300,39298,-2.79
2022-06-01,43300,40575,-2.05
2022-09-01,43300,40497,-0.13
2022-12-01,43300,41066,-0.68
2023-03-01,43300,42636,8.49
2023-06-01,43300,43708,7.72
2023-09-01,43300,44142,9
2023-12-01,43300,44600,8.61
2024-03-01,43300,43742,
2024-06-01,43300,44015,0.7
2024-09-01,43300,44076,-0.15
2024-12-01,43300,44593,-0.02
2025-03-01,43300,44362,
2025-06-01,43300,44632,1.4
2016-03-01,43340,145673,
2016-06-01,43340,146399,
2016-09-01,43340,144691,
2016-12-01,43340,146526,
2017-03-01,43340,143584,
2017-06-01,43340,144160,-1.53
2017-09-01,43340,143639,-0.73
2017-12-01,43340,144920,-1.1
2018-03-01,43340,144607,0.71
2018-06-01,43340,146056,1.32
2018-09-01,43340,144947,0.91
2018-12-01,43340,146081,0.8
2019-03-01,43340,144744,0.09
2019-06-01,43340,145163,-0.61
2019-09-01,43340,143959,-0.68
2019-12-01,43340,144707,-0.94
2020-03-01,43340,141763,
2020-06-01,43340,129122,-11.05
2020-09-01,43340,131501,-8.65
2020-12-01,43340,134964,-6.73
2021-03-01,43340,134781,
2021-06-01,43340,136417,5.65
2021-09-01,43340,136857,4.07
2021-12-01,43340,139877,3.64
2022-03-01,43340,138813,2.99
2022-06-01,43340,140616,3.08
2022-09-01,43340,141325,3.26
2022-12-01,43340,142655,1.99
2023-03-01,43340,142988,3.01
2023-06-01,43340,143918,2.35
2023-09-01,43340,141798,0.33
2023-12-01,43340,143755,0.77
2024-03-01,43340,132937,
2024-06-01,43340,133701,-7.1
2024-09-01,43340,133110,-6.13
2024-12-01,43340,134298,-6.58
2025-03-01,43340,136361,
2025-06-01,43340,137747,3.03
2016-03-01,43420,22366,
2016-06-01,43420,22503,
2016-09-01,43420,22771,
2016-12-01,43420,23290,
2017-03-01,43420,23067,
2017-06-01,43420,23251,3.32
2017-09-01,43420,22496,-1.21
2017-12-01,43420,22652,-2.74
2018-03-01,43420,22935,-0.57
2018-06-01,43420,23377,0.54
2018-09-01,43420,23215,3.2
2018-12-01,43420,22976,1.43
2019-03-01,43420,23245,1.35
2019-06-01,43420,23294,-0.36
2019-09-01,43420,23402,0.81
2019-12-01,43420,24350,5.98
2020-03-01,43420,24610,
2020-06-01,43420,23924,2.7
2020-09-01,43420,24522,4.79
2020-12-01,43420,24779,1.76
2021-03-01,43420,23471,
2021-06-01,43420,23374,-2.3
2021-09-01,43420,23641,-3.59
2021-12-01,43420,23665,-4.5
2022-03-01,43420,23709,1.01
2022-06-01,43420,23581,0.89
2022-09-01,43420,23672,0.13
2022-12-01,43420,23770,0.44
2023-03-01,43420,24433,3.05
2023-06-01,43420,24477,3.8
2023-09-01,43420,24315,2.72
2023-12-01,43420,24252,2.03
2024-03-01,43420,24786,
2024-06-01,43420,24461,-0.07
2024-09-01,43420,24115,-0.82
2024-12-01,43420,24069,-0.75
2025-03-01,43420,24751,
2025-06-01,43420,24115,-1.41
2016-03-01,43580,77210,
2016-06-01,43580,78862,
2016-09-01,43580,76911,
2016-12-01,43580,75949,
2017-03-01,43580,74436,
2017-06-01,43580,76865,-2.53
2017-09-01,43580,76076,-1.09
2017-12-01,43580,77110,1.53
2018-03-01,43580,75357,1.24
2018-06-01,43580,77594,0.95
2018-09-01,43580,77976,2.5
2018-12-01,43580,77780,0.87
2019-03-01,43580,75957,0.8
2019-06-01,43580,77708,0.15
2019-09-01,43580,77406,-0.73
2019-12-01,43580,77426,-0.46
2020-03-01,43580,75686,
2020-06-01,43580,71866,-7.52
2020-09-01,43580,73886,-4.55
2020-12-01,43580,74729,-3.48
2021-03-01,43580,73745,
2021-06-01,43580,75298,4.78
2021-09-01,43580,75125,1.68
2021-12-01,43580,76549,2.44
2022-03-01,43580,75897,2.92
2022-06-01,43580,77742,3.25
2022-09-01,43580,77751,3.5
2022-12-01,43580,78459,2.5
2023-03-01,43580,76975,1.42
2023-06-01,43580,79012,1.63
2023-09-01,43580,78893,1.47
2023-12-01,43580,78205,-0.32
2024-03-01,43580,65590,
2024-06-01,43580,66533,-15.79
2024-09-01,43580,66619,-15.56
2024-12-01,43580,66411,-15.08
2025-03-01,43580,65221,
2025-06-01,43580,65824,-1.07
2016-03-01,43620,131845,
2016-06-01,43620,136289,
2016-09-01,43620,135777,
2016-12-01,43620,136374,
2017-03-01,43620,134363,
2017-06-01,43620,138800,1.84
2017-09-01,43620,137181,1.03
2017-12-01,43620,138064,1.24
2018-03-01,43620,136183,1.35
2018-06-01,43620,140884,1.5
2018-09-01,43620,140053,2.09
2018-12-01,43620,140662,1.88
2019-03-01,43620,137975,1.32
2019-06-01,43620,143236,1.67
2019-09-01,43620,141590,1.1
2019-12-01,43620,142541,1.34
2020-03-01,43620,140050,
2020-06-01,43620,136842,-4.46
2020-09-01,43620,138420,-2.24
2020-12-01,43620,140094,-1.72
2021-03-01,43620,138663,
2021-06-01,43620,145529,6.35
2021-09-01,43620,143886,3.95
2021-12-01,43620,145403,3.79
2022-03-01,43620,144930,4.52
2022-06-01,43620,150504,3.42
2022-09-01,43620,150296,4.45
2022-12-01,43620,150048,3.19
2023-03-01,43620,148714,2.61
2023-06-01,43620,155904,3.59
2023-09-01,43620,153435,2.09
2023-12-01,43620,154571,3.01
2024-03-01,43620,155744,
2024-06-01,43620,161650,3.69
2024-09-01,43620,159833,4.17
2024-12-01,43620,160313,3.71
2025-03-01,43620,157531,
2025-06-01,43620,164036,1.48
2024-03-01,43640,80536,
2024-06-01,43640,82177,
2024-09-01,43640,81306,
2024-12-01,43640,81871,
2025-03-01,43640,81272,
2025-06-01,43640,82559,0.46
2016-03-01,43780,114938,
2016-06-01,43780,117820,
2016-09-01,43780,118988,
2016-12-01,43780,117962,
2017-03-01,43780,116199,
2017-06-01,43780,118387,0.48
2017-09-01,43780,118176,-0.68
2017-12-01,43780,117613,-0.3
2018-03-01,43780,116502,0.26
2018-06-01,43780,118946,0.47
2018-09-01,43780,118855,0.57
2018-12-01,43780,119383,1.5
2019-03-01,43780,117978,1.27
2019-06-01,43780,120725,1.5
2019-09-01,43780,120988,1.79
2019-12-01,43780,120716,1.12
2020-03-01,43780,114851,
2020-06-01,43780,106632,-11.67
2020-09-01,43780,109183,-9.76
2020-12-01,43780,111002,-8.05
2021-03-01,43780,109118,
2021-06-01,43780,111363,4.44
2021-09-01,43780,110372,1.09
2021-12-01,43780,112243,1.12
2022-03-01,43780,111352,2.05
2022-06-01,43780,114373,2.7
2022-09-01,43780,114380,3.63
2022-12-01,43780,115114,2.56
2023-03-01,43780,114723,3.03
2023-06-01,43780,117483,2.72
2023-09-01,43780,116873,2.18
2023-12-01,43780,116364,1.09
2024-03-01,43780,114574,
2024-06-01,43780,117642,0.14
2024-09-01,43780,117603,0.62
2024-12-01,43780,117511,0.99
2025-03-01,43780,115174,
2025-06-01,43780,116806,-0.71
2016-03-01,43900,115002,
2016-06-01,43900,117323,
2016-09-01,43900,118172,
2016-12-01,43900,122293,
2017-03-01,43900,121107,
2017-06-01,43900,122932,4.78
2017-09-01,43900,122886,3.99
2017-12-01,43900,125703,2.79
2018-03-01,43900,125737,3.82
2018-06-01,43900,127544,3.75
2018-09-01,43900,128146,4.28
2018-12-01,43900,131541,4.64
2019-03-01,43900,130130,3.49
2019-06-01,43900,130809,2.56
2019-09-01,43900,131807,2.86
2019-12-01,43900,132792,0.95
2020-03-01,43900,131947,
2020-06-01,43900,125121,-4.35
2020-09-01,43900,127564,-3.22
2020-12-01,43900,130364,-1.83
2021-03-01,43900,128906,
2021-06-01,43900,129970,3.88
2021-09-01,43900,128931,1.07
2021-12-01,43900,132175,1.39
2022-03-01,43900,130824,1.49
2022-06-01,43900,131282,1.01
2022-09-01,43900,132179,2.52
2022-12-01,43900,133851,1.27
2023-03-01,43900,132905,1.59
2023-06-01,43900,132868,1.21
2023-09-01,43900,133309,0.85
2023-12-01,43900,135666,1.36
2024-03-01,43900,134808,
2024-06-01,43900,136079,2.42
2024-09-01,43900,136268,2.22
2024-12-01,43900,136581,0.67
2025-03-01,43900,137924,
2025-06-01,43900,138829,2.02
2016-03-01,44060,185187,
2016-06-01,44060,190610,
2016-09-01,44060,192772,
2016-12-01,44060,191309,
2017-03-01,44060,188556,
2017-06-01,44060,195309,2.47
2017-09-01,44060,196029,1.69
2017-12-01,44060,194423,1.63
2018-03-01,44060,194007,2.89
2018-06-01,44060,199559,2.18
2018-09-01,44060,200095,2.07
2018-12-01,44060,198783,2.24
2019-03-01,44060,196448,1.26
2019-06-01,44060,203830,2.14
2019-09-01,44060,205246,2.57
2019-12-01,44060,203640,2.44
2020-03-01,44060,202625,
2020-06-01,44060,189483,-7.04
2020-09-01,44060,194026,-5.47
2020-12-01,44060,192877,-5.29
2021-03-01,44060,198379,
2021-06-01,44060,206868,9.17
2021-09-01,44060,209078,7.76
2021-12-01,44060,211494,9.65
2022-03-01,44060,209821,5.77
2022-06-01,44060,214585,3.73
2022-09-01,44060,215717,3.18
2022-12-01,44060,214518,1.43
2023-03-01,44060,212324,1.19
2023-06-01,44060,218166,1.67
2023-09-01,44060,218097,1.1
2023-12-01,44060,215103,0.27
2024-03-01,44060,212391,
2024-06-01,44060,216632,-0.7
2024-09-01,44060,216594,-0.69
2024-12-01,44060,213071,-0.94
2025-03-01,44060,212039,
2025-06-01,44060,217095,0.21
2016-03-01,44100,80663,
2016-06-01,44100,81711,
2016-09-01,44100,83160,
2016-12-01,44100,82347,
2017-03-01,44100,80680,
2017-06-01,44100,82923,1.48
2017-09-01,44100,80829,-2.8
2017-12-01,44100,80870,-1.79
2018-03-01,44100,80626,-0.07
2018-06-01,44100,82383,-0.65
2018-09-01,44100,81738,1.12
2018-12-01,44100,79676,-1.48
2019-03-01,44100,78932,-2.1
2019-06-01,44100,80960,-1.73
2019-09-01,44100,79399,-2.86
2019-12-01,44100,79858,0.23
2020-03-01,44100,76271,
2020-06-01,44100,69267,-14.44
2020-09-01,44100,72800,-8.31
2020-12-01,44100,71559,-10.39
2021-03-01,44100,73048,
2021-06-01,44100,75459,8.94
2021-09-01,44100,75696,3.98
2021-12-01,44100,77215,7.9
2022-03-01,44100,76131,4.22
2022-06-01,44100,79765,5.71
2022-09-01,44100,79384,4.87
2022-12-01,44100,79071,2.4
2023-03-01,44100,78757,3.45
2023-06-01,44100,79530,-0.29
2023-09-01,44100,76446,-3.7
2023-12-01,44100,78289,-0.99
2024-03-01,44100,78264,
2024-06-01,44100,80827,1.63
2024-09-01,44100,79438,3.91
2024-12-01,44100,78787,0.64
2025-03-01,44100,74977,
2025-06-01,44100,76600,-5.23
2016-03-01,44140,216096,
2016-06-01,44140,222910,
2016-09-01,44140,224185,
2016-12-01,44140,223585,
2017-03-01,44140,218658,
2017-06-01,44140,226211,1.48
2017-09-01,44140,226915,1.22
2017-12-01,44140,227349,1.68
2018-03-01,44140,221021,1.08
2018-06-01,44140,227990,0.79
2018-09-01,44140,229759,1.25
2018-12-01,44140,229848,1.1
2019-03-01,44140,226220,2.35
2019-06-01,44140,231190,1.4
2019-09-01,44140,231507,0.76
2019-12-01,44140,231108,0.55
2020-03-01,44140,222134,
2020-06-01,44140,192969,-16.53
2020-09-01,44140,204280,-11.76
2020-12-01,44140,212179,-8.19
2021-03-01,44140,209281,
2021-06-01,44140,217862,12.9
2021-09-01,44140,221783,8.57
2021-12-01,44140,224177,5.65
2022-03-01,44140,219749,5
2022-06-01,44140,225922,3.7
2022-09-01,44140,226432,2.1
2022-12-01,44140,221489,-1.2
2023-03-01,44140,216502,-1.48
2023-06-01,44140,221124,-2.12
2023-09-01,44140,220899,-2.44
2023-12-01,44140,219780,-0.77
2024-03-01,44140,167236,
2024-06-01,44140,171662,-22.37
2024-09-01,44140,171298,-22.45
2024-12-01,44140,168998,-23.11
2025-03-01,44140,165485,
2025-06-01,44140,168768,-1.69
2016-03-01,44180,168461,
2016-06-01,44180,170825,
2016-09-01,44180,171208,
2016-12-01,44180,171795,
2017-03-01,44180,171352,
2017-06-01,44180,173901,1.8
2017-09-01,44180,173643,1.42
2017-12-01,44180,174530,1.59
2018-03-01,44180,173864,1.47
2018-06-01,44180,176280,1.37
2018-09-01,44180,176808,1.82
2018-12-01,44180,178825,2.46
2019-03-01,44180,177638,2.17
2019-06-01,44180,179287,1.71
2019-09-01,44180,179047,1.27
2019-12-01,44180,180893,1.16
2020-03-01,44180,177779,
2020-06-01,44180,169529,-5.44
2020-09-01,44180,173286,-3.22
2020-12-01,44180,177279,-2
2021-03-01,44180,176357,
2021-06-01,44180,178726,5.43
2021-09-01,44180,179722,3.71
2021-12-01,44180,183474,3.49
2022-03-01,44180,183852,4.25
2022-06-01,44180,185241,3.65
2022-09-01,44180,186529,3.79
2022-12-01,44180,187622,2.26
2023-03-01,44180,188261,2.4
2023-06-01,44180,190110,2.63
2023-09-01,44180,190762,2.27
2023-12-01,44180,192969,2.85
2024-03-01,44180,189897,
2024-06-01,44180,191548,0.76
2024-09-01,44180,192066,0.68
2024-12-01,44180,193545,0.3
2025-03-01,44180,191095,
2025-06-01,44180,191648,0.05
2016-03-01,44220,40244,
2016-06-01,44220,41660,
2016-09-01,44220,41221,
2016-12-01,44220,41201,
2017-03-01,44220,40753,
2017-06-01,44220,41916,0.61
2017-09-01,44220,41325,0.25
2017-12-01,44220,41390,0.46
2018-03-01,44220,40845,0.23
2018-06-01,44220,41696,-0.52
2018-09-01,44220,41378,0.13
2018-12-01,44220,41318,-0.17
2019-03-01,44220,40807,-0.09
2019-06-01,44220,41323,-0.89
2019-09-01,44220,40728,-1.57
2019-12-01,44220,40699,-1.5
2020-03-01,44220,39235,
2020-06-01,44220,37903,-8.28
2020-09-01,44220,38142,-6.35
2020-12-01,44220,38514,-5.37
2021-03-01,44220,38293,
2021-06-01,44220,39051,3.03
2021-09-01,44220,38765,1.63
2021-12-01,44220,39800,3.34
2022-03-01,44220,39453,3.03
2022-06-01,44220,40077,2.63
2022-09-01,44220,39901,2.93
2022-12-01,44220,39927,0.32
2023-03-01,44220,40190,1.87
2023-06-01,44220,41297,3.04
2023-09-01,44220,41071,2.93
2023-12-01,44220,40434,1.27
2024-03-01,44220,40310,
2024-06-01,44220,40871,-1.03
2024-09-01,44220,40106,-2.35
2024-12-01,44220,39286,-2.84
2025-03-01,44220,38519,
2025-06-01,44220,39026,-4.51
2016-03-01,44300,44279,
2016-06-01,44300,44642,
2016-09-01,44300,45326,
2016-12-01,44300,45124,
2017-03-01,44300,44003,
2017-06-01,44300,44524,-0.26
2017-09-01,44300,46129,1.77
2017-12-01,44300,45285,0.36
2018-03-01,44300,45091,2.47
2018-06-01,44300,45247,1.62
2018-09-01,44300,46564,0.94
2018-12-01,44300,45634,0.77
2019-03-01,44300,45175,0.19
2019-06-01,44300,45202,-0.1
2019-09-01,44300,45614,-2.04
2019-12-01,44300,45413,-0.48
2020-03-01,44300,43506,
2020-06-01,44300,39308,-13.04
2020-09-01,44300,41089,-9.92
2020-12-01,44300,39884,-12.17
2021-03-01,44300,40681,
2021-06-01,44300,41974,6.78
2021-09-01,44300,42590,3.65
2021-12-01,44300,42989,7.79
2022-03-01,44300,42492,4.45
2022-06-01,44300,43187,2.89
2022-09-01,44300,44072,3.48
2022-12-01,44300,43350,0.84
2023-03-01,44300,43470,2.3
2023-06-01,44300,44246,2.45
2023-09-01,44300,45158,2.46
2023-12-01,44300,44340,2.28
2024-03-01,44300,44291,
2024-06-01,44300,43979,-0.6
2024-09-01,44300,45129,-0.06
2024-12-01,44300,44814,1.07
2025-03-01,44300,44437,
2025-06-01,44300,44517,1.22
2016-03-01,44420,39126,
2016-06-01,44420,39912,
2016-09-01,44420,39682,
2016-12-01,44420,39667,
2017-03-01,44420,38819,
2017-06-01,44420,39601,-0.78
2017-09-01,44420,39049,-1.6
2017-12-01,44420,39566,-0.25
2018-03-01,44420,39237,1.08
2018-06-01,44420,40251,1.64
2018-09-01,44420,39946,2.3
2018-12-01,44420,40316,1.9
2019-03-01,44420,40218,2.5
2019-06-01,44420,40977,1.8
2019-09-01,44420,40499,1.38
2019-12-01,44420,40773,1.13
2020-03-01,44420,39942,
2020-06-01,44420,37869,-7.58
2020-09-01,44420,38980,-3.75
2020-12-01,44420,39129,-4.03
2021-03-01,44420,38700,
2021-06-01,44420,39186,3.48
2021-09-01,44420,39492,1.31
2021-12-01,44420,40521,3.56
2022-03-01,44420,40413,4.43
2022-06-01,44420,41268,5.31
2022-09-01,44420,41786,5.81
2022-12-01,44420,41989,3.62
2023-03-01,44420,42278,4.61
2023-06-01,44420,42434,2.83
2023-09-01,44420,42186,0.96
2023-12-01,44420,42588,1.43
2024-03-01,44420,42288,
2024-06-01,44420,42670,0.56
2024-09-01,44420,42282,0.23
2024-12-01,44420,42844,0.6
2025-03-01,44420,44359,
2025-06-01,44420,44318,3.86
2016-03-01,44700,191576,
2016-06-01,44700,197927,
2016-09-01,44700,203366,
2016-12-01,44700,200627,
2017-03-01,44700,199223,
2017-06-01,44700,207114,4.64
2017-09-01,44700,211222,3.86
2017-12-01,44700,207937,3.64
2018-03-01,44700,204584,2.69
2018-06-01,44700,212346,2.53
2018-09-01,44700,215320,1.94
2018-12-01,44700,211245,1.59
2019-03-01,44700,207777,1.56
2019-06-01,44700,217366,2.36
2019-09-01,44700,216985,0.77
2019-12-01,44700,216821,2.64
2020-03-01,44700,213568,
2020-06-01,44700,208173,-4.23
2020-09-01,44700,213285,-1.71
2020-12-01,44700,215921,-0.42
2021-03-01,44700,213950,
2021-06-01,44700,223218,7.23
2021-09-01,44700,225734,5.84
2021-12-01,44700,232417,7.64
2022-03-01,44700,235360,10.01
2022-06-01,44700,237428,6.37
2022-09-01,44700,242284,7.33
2022-12-01,44700,238241,2.51
2023-03-01,44700,232605,-1.17
2023-06-01,44700,247142,4.09
2023-09-01,44700,244535,0.93
2023-12-01,44700,242293,1.7
2024-03-01,44700,237580,
2024-06-01,44700,242765,-1.77
2024-09-01,44700,245220,0.28
2024-12-01,44700,243416,0.46
2025-03-01,44700,238988,
2025-06-01,44700,246341,1.47
2016-03-01,44940,30036,
2016-06-01,44940,30274,
2016-09-01,44940,30388,
2016-12-01,44940,30589,
2017-03-01,44940,30816,
2017-06-01,44940,30813,1.78
2017-09-01,44940,30559,0.56
2017-12-01,44940,31286,2.28
2018-03-01,44940,31257,1.43
2018-06-01,44940,31787,3.16
2018-09-01,44940,31354,2.6
2018-12-01,44940,31473,0.6
2019-03-01,44940,30499,-2.43
2019-06-01,44940,31085,-2.21
2019-09-01,44940,31038,-1.01
2019-12-01,44940,30845,-2
2020-03-01,44940,30796,
2020-06-01,44940,29313,-5.7
2020-09-01,44940,29415,-5.23
2020-12-01,44940,30078,-2.49
2021-03-01,44940,30230,
2021-06-01,44940,30236,3.15
2021-09-01,44940,29975,1.9
2021-12-01,44940,30582,1.68
2022-03-01,44940,30606,1.24
2022-06-01,44940,31008,2.55
2022-09-01,44940,31003,3.43
2022-12-01,44940,31073,1.61
2023-03-01,44940,29492,-3.64
2023-06-01,44940,29855,-3.72
2023-09-01,44940,30172,-2.68
2023-12-01,44940,30275,-2.57
2024-03-01,44940,29685,
2024-06-01,44940,29964,0.37
2024-09-01,44940,28937,-4.09
2024-12-01,44940,29340,-3.09
2025-03-01,44940,29222,
2025-06-01,44940,29399,-1.89
2016-03-01,45060,240759,
2016-06-01,45060,248478,
2016-09-01,45060,249054,
2016-12-01,45060,247884,
2017-03-01,45060,240570,
2017-06-01,45060,248390,-0.04
2017-09-01,45060,248721,-0.13
2017-12-01,45060,248755,0.35
2018-03-01,45060,242003,0.6
2018-06-01,45060,251571,1.28
2018-09-01,45060,251542,1.13
2018-12-01,45060,250084,0.53
2019-03-01,45060,243711,0.71
2019-06-01,45060,252961,0.55
2019-09-01,45060,251368,-0.07
2019-12-01,45060,249370,-0.29
2020-03-01,45060,241765,
2020-06-01,45060,217630,-13.97
2020-09-01,45060,228897,-8.94
2020-12-01,45060,227064,-8.94
2021-03-01,45060,224135,
2021-06-01,45060,231920,6.57
2021-09-01,45060,232509,1.58
2021-12-01,45060,236848,4.31
2022-03-01,45060,232742,3.84
2022-06-01,45060,240958,3.9
2022-09-01,45060,242390,4.25
2022-12-01,45060,241283,1.87
2023-03-01,45060,238100,2.3
2023-06-01,45060,242980,0.84
2023-09-01,45060,242391,0
2023-12-01,45060,240260,-0.42
2024-03-01,45060,239116,
2024-06-01,45060,247294,1.78
2024-09-01,45060,247026,1.91
2024-12-01,45060,246407,2.56
2025-03-01,45060,240836,
2025-06-01,45060,250274,1.21
2016-03-01,45220,110122,
2016-06-01,45220,111195,
2016-09-01,45220,113426,
2016-12-01,45220,113915,
2017-03-01,45220,112465,
2017-06-01,45220,113458,2.04
2017-09-01,45220,113017,-0.36
2017-12-01,45220,116393,2.18
2018-03-01,45220,116336,3.44
2018-06-01,45220,117354,3.43
2018-09-01,45220,119054,5.34
2018-12-01,45220,120785,3.77
2019-03-01,45220,120414,3.51
2019-06-01,45220,119647,1.95
2019-09-01,45220,121249,1.84
2019-12-01,45220,123100,1.92
2020-03-01,45220,120125,
2020-06-01,45220,112195,-6.23
2020-09-01,45220,115322,-4.89
2020-12-01,45220,118946,-3.37
2021-03-01,45220,119936,
2021-06-01,45220,122241,8.95
2021-09-01,45220,125250,8.61
2021-12-01,45220,129308,8.71
2022-03-01,45220,127740,6.51
2022-06-01,45220,130731,6.95
2022-09-01,45220,132296,5.63
2022-12-01,45220,131819,1.94
2023-03-01,45220,131428,2.89
2023-06-01,45220,129922,-0.62
2023-09-01,45220,132365,0.05
2023-12-01,45220,133709,1.43
2024-03-01,45220,133083,
2024-06-01,45220,132628,2.08
2024-09-01,45220,135060,2.04
2024-12-01,45220,136422,2.03
2025-03-01,45220,134038,
2025-06-01,45220,133114,0.37
2016-03-01,45300,1087729,
2016-06-01,45300,1086644,
2016-09-01,45300,1092330,
2016-12-01,45300,1124729,
2017-03-01,45300,1112829,
2017-06-01,45300,1111171,2.26
2017-09-01,45300,1091715,-0.06
2017-12-01,45300,1140042,1.36
2018-03-01,45300,1138557,2.31
2018-06-01,45300,1135226,2.16
2018-09-01,45300,1139451,4.37
2018-12-01,45300,1166252,2.3
2019-03-01,45300,1165467,2.36
2019-06-01,45300,1163147,2.46
2019-09-01,45300,1168897,2.58
2019-12-01,45300,1198618,2.78
2020-03-01,45300,1182260,
2020-06-01,45300,1104346,-5.06
2020-09-01,45300,1111141,-4.94
2020-12-01,45300,1154992,-3.64
2021-03-01,45300,1157235,
2021-06-01,45300,1170578,6
2021-09-01,45300,1184251,6.58
2021-12-01,45300,1228796,6.39
2022-03-01,45300,1224760,5.84
2022-06-01,45300,1239913,5.92
2022-09-01,45300,1250137,5.56
2022-12-01,45300,1275154,3.77
2023-03-01,45300,1273227,3.96
2023-06-01,45300,1279988,3.23
2023-09-01,45300,1279906,2.38
2023-12-01,45300,1301395,2.06
2024-03-01,45300,1291332,
2024-06-01,45300,1289446,0.74
2024-09-01,45300,1283882,0.31
2024-12-01,45300,1298701,-0.21
2025-03-01,45300,1293966,
2025-06-01,45300,1286625,-0.22
2016-03-01,45460,54621,
2016-06-01,45460,55399,
2016-09-01,45460,55861,
2016-12-01,45460,55864,
2017-03-01,45460,54334,
2017-06-01,45460,55638,0.43
2017-09-01,45460,55180,-1.22
2017-12-01,45460,55681,-0.33
2018-03-01,45460,54727,0.72
2018-06-01,45460,55335,-0.54
2018-09-01,45460,55103,-0.14
2018-12-01,45460,54973,-1.27
2019-03-01,45460,54032,-1.27
2019-06-01,45460,54572,-1.38
2019-09-01,45460,54266,-1.52
2019-12-01,45460,54396,-1.05
2020-03-01,45460,52890,
2020-06-01,45460,50228,-7.96
2020-09-01,45460,51059,-5.91
2020-12-01,45460,51197,-5.88
2021-03-01,45460,50852,
2021-06-01,45460,51808,3.15
2021-09-01,45460,51841,1.53
2021-12-01,45460,52695,2.93
2022-03-01,45460,51969,2.2
2022-06-01,45460,52807,1.93
2022-09-01,45460,53465,3.13
2022-12-01,45460,53196,0.95
2023-03-01,45460,52737,1.48
2023-06-01,45460,53619,1.54
2023-09-01,45460,53446,-0.04
2023-12-01,45460,53788,1.11
2024-03-01,45460,53146,
2024-06-01,45460,53666,0.09
2024-09-01,45460,53551,0.2
2024-12-01,45460,54073,0.53
2025-03-01,45460,53582,
2025-06-01,45460,53647,-0.04
2016-03-01,45500,45130,
2016-06-01,45500,46177,
2016-09-01,45500,45666,
2016-12-01,45500,45666,
2017-03-01,45500,45008,
2017-06-01,45500,45476,-1.52
2017-09-01,45500,45155,-1.12
2017-12-01,45500,45429,-0.52
2018-03-01,45500,44741,-0.59
2018-06-01,45500,45440,-0.08
2018-09-01,45500,45421,0.59
2018-12-01,45500,45715,0.63
2019-03-01,45500,45513,1.73
2019-06-01,45500,46569,2.48
2019-09-01,45500,46275,1.88
2019-12-01,45500,46646,2.04
2020-03-01,45500,45432,
2020-06-01,45500,42603,-8.52
2020-09-01,45500,43262,-6.51
2020-12-01,45500,43919,-5.85
2021-03-01,45500,43657,
2021-06-01,45500,44914,5.42
2021-09-01,45500,44770,3.49
2021-12-01,45500,44850,2.12
2022-03-01,45500,44070,0.95
2022-06-01,45500,45048,0.3
2022-09-01,45500,45017,0.55
2022-12-01,45500,45240,0.87
2023-03-01,45500,44883,1.84
2023-06-01,45500,45473,0.94
2023-09-01,45500,45124,0.24
2023-12-01,45500,45265,0.06
2024-03-01,45500,45434,
2024-06-01,45500,46295,1.81
2024-09-01,45500,45739,1.36
2024-12-01,45500,45914,1.43
2025-03-01,45500,45235,
2025-06-01,45500,45839,-0.98
2016-03-01,45540,22291,
2016-06-01,45540,21873,
2016-09-01,45540,21899,
2016-12-01,45540,22840,
2017-03-01,45540,23206,
2017-06-01,45540,22745,3.99
2017-09-01,45540,22449,2.51
2017-12-01,45540,24541,7.45
2018-03-01,45540,24914,7.36
2018-06-01,45540,24263,6.67
2018-09-01,45540,24536,9.3
2018-12-01,45540,25103,2.29
2019-03-01,45540,26005,4.38
2019-06-01,45540,25562,5.35
2019-09-01,45540,26311,7.23
2019-12-01,45540,27110,8
2020-03-01,45540,27666,
2020-06-01,45540,25984,1.65
2020-09-01,45540,25599,-2.71
2020-12-01,45540,27293,0.68
2021-03-01,45540,29058,
2021-06-01,45540,29260,12.61
2021-09-01,45540,29493,15.21
2021-12-01,45540,30632,12.23
2022-03-01,45540,31729,9.19
2022-06-01,45540,31806,8.7
2022-09-01,45540,32278,9.44
2022-12-01,45540,32768,6.97
2023-03-01,45540,33732,6.31
2023-06-01,45540,33739,6.08
2023-09-01,45540,33894,5.01
2023-12-01,45540,33579,2.47
2016-03-01,45780,250807,
2016-06-01,45780,258514,
2016-09-01,45780,256476,
2016-12-01,45780,257494,
2017-03-01,45780,251772,
2017-06-01,45780,252976,-2.14
2017-09-01,45780,252074,-1.72
2017-12-01,45780,256956,-0.21
2018-03-01,45780,252286,0.2
2018-06-01,45780,255708,1.08
2018-09-01,45780,255548,1.38
2018-12-01,45780,257756,0.31
2019-03-01,45780,252061,-0.09
2019-06-01,45780,258707,1.17
2019-09-01,45780,256340,0.31
2019-12-01,45780,258558,0.31
2020-03-01,45780,250608,
2020-06-01,45780,232811,-10.01
2020-09-01,45780,239315,-6.64
2020-12-01,45780,243297,-5.9
2021-03-01,45780,237867,
2021-06-01,45780,242041,3.96
2021-09-01,45780,242773,1.44
2021-12-01,45780,247431,1.7
2022-03-01,45780,244496,2.79
2022-06-01,45780,248920,2.84
2022-09-01,45780,248307,2.28
2022-12-01,45780,252219,1.94
2023-03-01,45780,247570,1.26
2023-06-01,45780,253622,1.89
2023-09-01,45780,251012,1.09
2023-12-01,45780,252925,0.28
2024-03-01,45780,247596,
2024-06-01,45780,251403,-0.87
2024-09-01,45780,249707,-0.52
2024-12-01,45780,252174,-0.3
2025-03-01,45780,246671,
2025-06-01,45780,249431,-0.78
2016-03-01,45820,80801,
2016-06-01,45820,83886,
2016-09-01,45820,84043,
2016-12-01,45820,83736,
2017-03-01,45820,82094,
2017-06-01,45820,82784,-1.31
2017-09-01,45820,82707,-1.59
2017-12-01,45820,82810,-1.11
2018-03-01,45820,81962,-0.16
2018-06-01,45820,83357,0.69
2018-09-01,45820,82919,0.26
2018-12-01,45820,82442,-0.44
2019-03-01,45820,80782,-1.44
2019-06-01,45820,83234,-0.15
2019-09-01,45820,82109,-0.98
2019-12-01,45820,82138,-0.37
2020-03-01,45820,80502,
2020-06-01,45820,77220,-7.23
2020-09-01,45820,79029,-3.75
2020-12-01,45820,80350,-2.18
2021-03-01,45820,80171,
2021-06-01,45820,81464,5.5
2021-09-01,45820,80422,1.76
2021-12-01,45820,83283,3.65
2022-03-01,45820,82262,2.61
2022-06-01,45820,83248,2.19
2022-09-01,45820,84322,4.85
2022-12-01,45820,88216,5.92
2023-03-01,45820,86569,5.24
2023-06-01,45820,88667,6.51
2023-09-01,45820,87472,3.74
2023-12-01,45820,87375,-0.95
2024-03-01,45820,84104,
2024-06-01,45820,86229,-2.75
2024-09-01,45820,85606,-2.13
2024-12-01,45820,86393,-1.12
2025-03-01,45820,87368,
2025-06-01,45820,90325,4.75
2024-03-01,45900,55592,
2024-06-01,45900,63439,
2024-09-01,45900,60404,
2024-12-01,45900,57314,
2025-03-01,45900,55982,
2025-06-01,45900,64396,1.51
2016-03-01,45940,173371,
2016-06-01,45940,179086,
2016-09-01,45940,178144,
2016-12-01,45940,181279,
2017-03-01,45940,173613,
2017-06-01,45940,180712,0.91
2017-09-01,45940,179889,0.98
2017-12-01,45940,181292,0.01
2018-03-01,45940,176147,1.46
2018-06-01,45940,185737,2.78
2018-09-01,45940,182323,1.35
2018-12-01,45940,186158,2.68
2019-03-01,45940,184296,4.63
2019-06-01,45940,189904,2.24
2019-09-01,45940,187605,2.9
2019-12-01,45940,191851,3.06
2020-03-01,45940,184930,
2020-06-01,45940,166626,-12.26
2020-09-01,45940,174313,-7.09
2020-12-01,45940,180510,-5.91
2021-03-01,45940,174908,
2021-06-01,45940,180207,8.15
2021-09-01,45940,181115,3.9
2021-12-01,45940,188304,4.32
2022-03-01,45940,187121,6.98
2022-06-01,45940,189705,5.27
2022-09-01,45940,189286,4.51
2022-12-01,45940,192576,2.27
2023-03-01,45940,186076,-0.56
2023-06-01,45940,189802,0.05
2023-09-01,45940,187903,-0.73
2023-12-01,45940,189895,-1.39
2024-03-01,45940,185627,
2024-06-01,45940,190088,0.15
2024-09-01,45940,185429,-1.32
2024-12-01,45940,188630,-0.67
2025-03-01,45940,184441,
2025-06-01,45940,188247,-0.97
2016-03-01,46060,288483,
2016-06-01,46060,287938,
2016-09-01,46060,290480,
2016-12-01,46060,296998,
2017-03-01,46060,295089,
2017-06-01,46060,293340,1.88
2017-09-01,46060,294255,1.3
2017-12-01,46060,301309,1.45
2018-03-01,46060,298476,1.15
2018-06-01,46060,296567,1.1
2018-09-01,46060,298575,1.47
2018-12-01,46060,306326,1.67
2019-03-01,46060,305463,2.34
2019-06-01,46060,303023,2.18
2019-09-01,46060,303924,1.79
2019-12-01,46060,310651,1.41
2020-03-01,46060,307764,
2020-06-01,46060,287023,-5.28
2020-09-01,46060,288335,-5.13
2020-12-01,46060,298532,-3.9
2021-03-01,46060,296939,
2021-06-01,46060,298319,3.94
2021-09-01,46060,302671,4.97
2021-12-01,46060,311864,4.47
2022-03-01,46060,310174,4.46
2022-06-01,46060,307400,3.04
2022-09-01,46060,307595,1.63
2022-12-01,46060,314606,0.88
2023-03-01,46060,314350,1.35
2023-06-01,46060,315133,2.52
2023-09-01,46060,314982,2.4
2023-12-01,46060,320557,1.89
2024-03-01,46060,314509,
2024-06-01,46060,310499,-1.47
2024-09-01,46060,312001,-0.95
2024-12-01,46060,318656,-0.59
2025-03-01,46060,316811,
2025-06-01,46060,311559,0.34
2016-03-01,46140,368199,
2016-06-01,46140,370933,
2016-09-01,46140,370081,
2016-12-01,46140,372793,
2017-03-01,46140,367705,
2017-06-01,46140,375480,1.23
2017-09-01,46140,374180,1.11
2017-12-01,46140,378718,1.59
2018-03-01,46140,376337,2.35
2018-06-01,46140,382122,1.77
2018-09-01,46140,381708,2.01
2018-12-01,46140,386810,2.14
2019-03-01,46140,381920,1.48
2019-06-01,46140,388221,1.6
2019-09-01,46140,386500,1.26
2019-12-01,46140,390704,1.01
2020-03-01,46140,380721,
2020-06-01,46140,361331,-6.93
2020-09-01,46140,363530,-5.94
2020-12-01,46140,369482,-5.43
2021-03-01,46140,364885,
2021-06-01,46140,372571,3.11
2021-09-01,46140,370728,1.98
2021-12-01,46140,376176,1.81
2022-03-01,46140,373210,2.28
2022-06-01,46140,381997,2.53
2022-09-01,46140,386443,4.24
2022-12-01,46140,389317,3.49
2023-03-01,46140,387382,3.8
2023-06-01,46140,396272,3.74
2023-09-01,46140,393622,1.86
2023-12-01,46140,396402,1.82
2024-03-01,46140,394770,
2024-06-01,46140,397790,0.38
2024-09-01,46140,398237,1.17
2024-12-01,46140,402120,1.44
2025-03-01,46140,397674,
2025-06-01,46140,402644,1.22
2016-03-01,46220,72985,
2016-06-01,46220,73352,
2016-09-01,46220,75248,
2016-12-01,46220,73669,
2017-03-01,46220,74454,
2017-06-01,46220,74287,1.27
2017-09-01,46220,75830,0.77
2017-12-01,46220,75691,2.74
2018-03-01,46220,75587,1.52
2018-06-01,46220,75468,1.59
2018-09-01,46220,77827,2.63
2018-12-01,46220,78190,3.3
2019-03-01,46220,77900,3.06
2019-06-01,46220,78407,3.89
2019-09-01,46220,79855,2.61
2019-12-01,46220,79777,2.03
2020-03-01,46220,78831,
2020-06-01,46220,69639,-11.18
2020-09-01,46220,72301,-9.46
2020-12-01,46220,72708,-8.86
2021-03-01,46220,72591,
2021-06-01,46220,71599,2.81
2021-09-01,46220,73226,1.28
2021-12-01,46220,74438,2.38
2022-03-01,46220,74654,2.84
2022-06-01,46220,75278,5.14
2022-09-01,46220,77843,6.31
2022-12-01,46220,78088,4.9
2023-03-01,46220,79140,6.01
2023-06-01,46220,79305,5.35
2023-09-01,46220,80472,3.38
2023-12-01,46220,80712,3.36
2024-03-01,46220,80837,
2024-06-01,46220,81297,2.51
2024-09-01,46220,81914,1.79
2024-12-01,46220,82477,2.19
2024-03-01,46300,46478,
2024-06-01,46300,48115,
2024-09-01,46300,48329,
2024-12-01,46300,48195,
2025-03-01,46300,47404,
2025-06-01,46300,49107,2.06
2016-03-01,46340,87008,
2016-06-01,46340,89682,
2016-09-01,46340,89104,
2016-12-01,46340,88847,
2017-03-01,46340,87459,
2017-06-01,46340,88784,-1
2017-09-01,46340,88695,-0.46
2017-12-01,46340,90535,1.9
2018-03-01,46340,87893,0.5
2018-06-01,46340,90211,1.61
2018-09-01,46340,90589,2.14
2018-12-01,46340,91363,0.91
2019-03-01,46340,91289,3.86
2019-06-01,46340,91764,1.72
2019-09-01,46340,91446,0.95
2019-12-01,46340,92298,1.02
2020-03-01,46340,90797,
2020-06-01,46340,86917,-5.28
2020-09-01,46340,87642,-4.16
2020-12-01,46340,90316,-2.15
2021-03-01,46340,89267,
2021-06-01,46340,90692,4.34
2021-09-01,46340,90714,3.51
2021-12-01,46340,93696,3.74
2022-03-01,46340,92505,3.63
2022-06-01,46340,94287,3.96
2022-09-01,46340,94164,3.8
2022-12-01,46340,95736,2.18
2023-03-01,46340,96421,4.23
2023-06-01,46340,98300,4.26
2023-09-01,46340,97492,3.53
2023-12-01,46340,98160,2.53
2024-03-01,46340,97516,
2024-06-01,46340,98497,0.2
2024-09-01,46340,98207,0.73
2024-12-01,46340,99587,1.45
2025-03-01,46340,99473,
2025-06-01,46340,100373,1.9
2016-03-01,46520,374193,
2016-06-01,46520,374021,
2016-09-01,46520,378731,
2016-12-01,46520,381721,
2017-03-01,46520,378075,
2017-06-01,46520,377525,0.94
2017-09-01,46520,378408,-0.09
2017-12-01,46520,382315,0.16
2018-03-01,46520,378512,0.12
2018-06-01,46520,379433,0.51
2018-09-01,46520,378765,0.09
2018-12-01,46520,385628,0.87
2019-03-01,46520,376885,-0.43
2019-06-01,46520,373368,-1.6
2019-09-01,46520,375517,-0.86
2019-12-01,46520,380665,-1.29
2020-03-01,46520,372029,
2020-06-01,46520,298099,-20.16
2020-09-01,46520,282791,-24.69
2020-12-01,46520,313969,-17.52
2021-03-01,46520,317317,
2021-06-01,46520,331696,11.27
2021-09-01,46520,333922,18.08
2021-12-01,46520,344763,9.81
2022-03-01,46520,344822,8.67
2022-06-01,46520,345827,4.26
2022-09-01,46520,350442,4.95
2022-12-01,46520,359005,4.13
2023-03-01,46520,354773,2.89
2023-06-01,46520,355433,2.78
2023-09-01,46520,355928,1.57
2023-12-01,46520,362640,1.01
2024-03-01,46520,359357,
2024-06-01,46520,357107,0.47
2024-09-01,46520,360257,1.22
2024-12-01,46520,365269,0.72
2025-03-01,46520,359593,
2025-06-01,46520,357168,0.02
2016-03-01,46540,88473,
2016-06-01,46540,92287,
2016-09-01,46540,92536,
2016-12-01,46540,91448,
2017-03-01,46540,89965,
2017-06-01,46540,93996,1.85
2017-09-01,46540,92689,0.17
2017-12-01,46540,92161,0.78
2018-03-01,46540,90350,0.43
2018-06-01,46540,93956,-0.04
2018-09-01,46540,92325,-0.39
2018-12-01,46540,92597,0.47
2019-03-01,46540,90850,0.55
2019-06-01,46540,93667,-0.31
2019-09-01,46540,92481,0.17
2019-12-01,46540,92028,-0.61
2020-03-01,46540,89250,
2020-06-01,46540,81570,-12.91
2020-09-01,46540,84722,-8.39
2020-12-01,46540,83661,-9.09
2021-03-01,46540,83363,
2021-06-01,46540,86028,5.47
2021-09-01,46540,86551,2.16
2021-12-01,46540,87457,4.54
2022-03-01,46540,84918,1.87
2022-06-01,46540,89015,3.47
2022-09-01,46540,88099,1.79
2022-12-01,46540,88145,0.79
2023-03-01,46540,87346,2.86
2023-06-01,46540,90047,1.16
2023-09-01,46540,88948,0.96
2023-12-01,46540,88439,0.33
2024-03-01,46540,88476,
2024-06-01,46540,90160,0.13
2024-09-01,46540,89613,0.75
2024-12-01,46540,88588,0.17
2025-03-01,46540,88126,
2025-06-01,46540,90176,0.02
2016-03-01,46660,41710,
2016-06-01,46660,43470,
2016-09-01,46660,42557,
2016-12-01,46660,43122,
2017-03-01,46660,42294,
2017-06-01,46660,42898,-1.32
2017-09-01,46660,41475,-2.54
2017-12-01,46660,42134,-2.29
2018-03-01,46660,42320,0.06
2018-06-01,46660,42403,-1.15
2018-09-01,46660,42310,2.01
2018-12-01,46660,42719,1.39
2019-03-01,46660,42466,0.34
2019-06-01,46660,42837,1.02
2019-09-01,46660,42727,0.99
2019-12-01,46660,43681,2.25
2020-03-01,46660,42871,
2020-06-01,46660,40345,-5.82
2020-09-01,46660,41297,-3.35
2020-12-01,46660,42231,-3.32
2021-03-01,46660,41972,
2021-06-01,46660,41969,4.03
2021-09-01,46660,41706,0.99
2021-12-01,46660,42588,0.85
2022-03-01,46660,42307,0.8
2022-06-01,46660,42549,1.38
2022-09-01,46660,42885,2.83
2022-12-01,46660,42782,0.46
2023-03-01,46660,43152,2
2023-06-01,46660,43660,2.61
2023-09-01,46660,42766,-0.28
2023-12-01,46660,43241,1.07
2024-03-01,46660,42969,
2024-06-01,46660,43361,-0.68
2024-09-01,46660,42648,-0.28
2024-12-01,46660,42869,-0.86
2025-03-01,46660,42797,
2025-06-01,46660,42881,-1.11
2016-03-01,46700,108739,
2016-06-01,46700,111269,
2016-09-01,46700,111506,
2016-12-01,46700,112402,
2017-03-01,46700,110464,
2017-06-01,46700,114448,2.86
2017-09-01,46700,114990,3.12
2017-12-01,46700,115895,3.11
2018-03-01,46700,114134,3.32
2018-06-01,46700,117792,2.92
2018-09-01,46700,117582,2.25
2018-12-01,46700,118329,2.1
2019-03-01,46700,116159,1.77
2019-06-01,46700,119136,1.14
2019-09-01,46700,119426,1.57
2019-12-01,46700,118487,0.13
2020-03-01,46700,116651,
2020-06-01,46700,106300,-10.77
2020-09-01,46700,106751,-10.61
2020-12-01,46700,108391,-8.52
2021-03-01,46700,106369,
2021-06-01,46700,110053,3.53
2021-09-01,46700,111306,4.27
2021-12-01,46700,113296,4.53
2022-03-01,46700,114536,7.68
2022-06-01,46700,116409,5.78
2022-09-01,46700,116536,4.7
2022-12-01,46700,115122,1.61
2023-03-01,46700,112977,-1.36
2023-06-01,46700,117062,0.56
2023-09-01,46700,118805,1.95
2023-12-01,46700,119138,3.49
2024-03-01,46700,118276,
2024-06-01,46700,119316,1.93
2024-09-01,46700,119487,0.57
2024-12-01,46700,119230,0.08
2025-03-01,46700,118703,
2025-06-01,46700,120178,0.72
2016-03-01,47020,33482,
2016-06-01,47020,33079,
2016-09-01,47020,33395,
2016-12-01,47020,33198,
2017-03-01,47020,33011,
2017-06-01,47020,33315,0.71
2017-09-01,47020,32251,-3.43
2017-12-01,47020,32828,-1.11
2018-03-01,47020,33016,0.02
2018-06-01,47020,33680,1.1
2018-09-01,47020,33823,4.87
2018-12-01,47020,34075,3.8
2019-03-01,47020,33682,2.02
2019-06-01,47020,33989,0.92
2019-09-01,47020,33501,-0.95
2019-12-01,47020,32969,-3.25
2020-03-01,47020,31796,
2020-06-01,47020,30061,-11.56
2020-09-01,47020,29754,-11.18
2020-12-01,47020,30411,-7.76
2021-03-01,47020,30194,
2021-06-01,47020,30732,2.23
2021-09-01,47020,30909,3.88
2021-12-01,47020,31757,4.43
2022-03-01,47020,31539,4.45
2022-06-01,47020,31951,3.97
2022-09-01,47020,31997,3.52
2022-12-01,47020,32181,1.34
2023-03-01,47020,31875,1.07
2023-06-01,47020,32581,1.97
2023-09-01,47020,31561,-1.36
2023-12-01,47020,31812,-1.15
2024-03-01,47020,31131,
2024-06-01,47020,31686,-2.75
2024-09-01,47020,31108,-1.44
2024-12-01,47020,31428,-1.21
2025-03-01,47020,30824,
2025-06-01,47020,31479,-0.65
2016-03-01,47220,46119,
2016-06-01,47220,49060,
2016-09-01,47220,49380,
2016-12-01,47220,47788,
2017-03-01,47220,46458,
2017-06-01,47220,49693,1.29
2017-09-01,47220,49351,-0.06
2017-12-01,47220,47989,0.42
2018-03-01,47220,46585,0.27
2018-06-01,47220,49285,-0.82
2018-09-01,47220,49319,-0.06
2018-12-01,47220,48374,0.8
2019-03-01,47220,47512,1.99
2019-06-01,47220,49816,1.08
2019-09-01,47220,49840,1.06
2019-12-01,47220,49003,1.3
2020-03-01,47220,48078,
2020-06-01,47220,44587,-10.5
2020-09-01,47220,46793,-6.11
2020-12-01,47220,46119,-5.89
2021-03-01,47220,46448,
2021-06-01,47220,48630,9.07
2021-09-01,47220,48773,4.23
2021-12-01,47220,49021,6.29
2022-03-01,47220,48990,5.47
2022-06-01,47220,51271,5.43
2022-09-01,47220,51439,5.47
2022-12-01,47220,49775,1.54
2023-03-01,47220,49711,1.47
2023-06-01,47220,51618,0.68
2023-09-01,47220,51234,-0.4
2023-12-01,47220,49980,0.41
2024-03-01,47220,49198,
2024-06-01,47220,51337,-0.54
2024-09-01,47220,51491,0.5
2024-12-01,47220,50638,1.32
2025-03-01,47220,49733,
2025-06-01,47220,51664,0.64
2016-03-01,47260,566208,
2016-06-01,47260,584904,
2016-09-01,47260,579813,
2016-12-01,47260,579397,
2017-03-01,47260,574571,
2017-06-01,47260,595164,1.75
2017-09-01,47260,586351,1.13
2017-12-01,47260,590075,1.84
2018-03-01,47260,586244,2.03
2018-06-01,47260,604490,1.57
2018-09-01,47260,589441,0.53
2018-12-01,47260,595259,0.88
2019-03-01,47260,587990,0.3
2019-06-01,47260,604816,0.05
2019-09-01,47260,593653,0.71
2019-12-01,47260,598463,0.54
2020-03-01,47260,584798,
2020-06-01,47260,538801,-10.91
2020-09-01,47260,556086,-6.33
2020-12-01,47260,565660,-5.48
2021-03-01,47260,559944,
2021-06-01,47260,573445,6.43
2021-09-01,47260,570168,2.53
2021-12-01,47260,579038,2.37
2022-03-01,47260,573989,2.51
2022-06-01,47260,587578,2.46
2022-09-01,47260,586531,2.87
2022-12-01,47260,586158,1.23
2023-03-01,47260,581136,1.25
2023-06-01,47260,597525,1.69
2023-09-01,47260,595891,1.6
2023-12-01,47260,595756,1.64
2024-03-01,47260,592195,
2024-06-01,47260,606132,1.44
2024-09-01,47260,599444,0.6
2024-12-01,47260,597366,0.27
2025-03-01,47260,599312,
2025-06-01,47260,613331,1.19
2016-03-01,47300,121773,
2016-06-01,47300,134064,
2016-09-01,47300,131118,
2016-12-01,47300,126947,
2017-03-01,47300,122816,
2017-06-01,47300,138426,3.25
2017-09-01,47300,132020,0.69
2017-12-01,47300,126788,-0.13
2018-03-01,47300,122539,-0.23
2018-06-01,47300,137781,-0.47
2018-09-01,47300,134984,2.25
2018-12-01,47300,129499,2.14
2019-03-01,47300,124079,1.26
2019-06-01,47300,138792,0.73
2019-09-01,47300,136527,1.14
2019-12-01,47300,129756,0.2
2020-03-01,47300,126814,
2020-06-01,47300,130670,-5.85
2020-09-01,47300,125571,-8.02
2020-12-01,47300,124197,-4.28
2021-03-01,47300,123158,
2021-06-01,47300,133890,2.46
2021-09-01,47300,135333,7.77
2021-12-01,47300,134214,8.07
2022-03-01,47300,132918,7.92
2022-06-01,47300,145396,8.59
2022-09-01,47300,143443,5.99
2022-12-01,47300,140610,4.77
2023-03-01,47300,133093,0.13
2023-06-01,47300,146400,0.69
2023-09-01,47300,144813,0.96
2023-12-01,47300,140823,0.15
2024-03-01,47300,136490,
2024-06-01,47300,144686,-1.17
2024-09-01,47300,143775,-0.72
2024-12-01,47300,139568,-0.89
2025-03-01,47300,133242,
2025-06-01,47300,142626,-1.42
2016-03-01,47380,93987,
2016-06-01,47380,95261,
2016-09-01,47380,96481,
2016-12-01,47380,97654,
2017-03-01,47380,97215,
2017-06-01,47380,97571,2.42
2017-09-01,47380,97417,0.97
2017-12-01,47380,98005,0.36
2018-03-01,47380,97144,-0.07
2018-06-01,47380,99113,1.58
2018-09-01,47380,98704,1.32
2018-12-01,47380,99959,1.99
2019-03-01,47380,96756,-0.4
2019-06-01,47380,97998,-1.12
2019-09-01,47380,98428,-0.28
2019-12-01,47380,99103,-0.86
2020-03-01,47380,98169,
2020-06-01,47380,95466,-2.58
2020-09-01,47380,96243,-2.22
2020-12-01,47380,98556,-0.55
2021-03-01,47380,99232,
2021-06-01,47380,98821,3.51
2021-09-01,47380,102991,7.01
2021-12-01,47380,104888,6.42
2022-03-01,47380,103991,4.8
2022-06-01,47380,103227,4.46
2022-09-01,47380,106508,3.41
2022-12-01,47380,106387,1.43
2023-03-01,47380,102835,-1.11
2023-06-01,47380,104840,1.56
2023-09-01,47380,106185,-0.3
2023-12-01,47380,107486,1.03
2024-03-01,47380,108275,
2024-06-01,47380,108061,3.07
2024-09-01,47380,109476,3.1
2024-12-01,47380,110818,3.1
2025-03-01,47380,107567,
2025-06-01,47380,107860,-0.19
2016-03-01,47460,21797,
2016-06-01,47460,23534,
2016-09-01,47460,23615,
2016-12-01,47460,21289,
2017-03-01,47460,21542,
2017-06-01,47460,23318,-0.92
2017-09-01,47460,23797,0.77
2017-12-01,47460,21307,0.08
2018-03-01,47460,21548,0.03
2018-06-01,47460,24011,2.97
2018-09-01,47460,24455,2.77
2018-12-01,47460,22228,4.32
2019-03-01,47460,22056,2.36
2019-06-01,47460,23889,-0.51
2019-09-01,47460,24558,0.42
2019-12-01,47460,22321,0.42
2020-03-01,47460,22592,
2020-06-01,47460,22620,-5.31
2020-09-01,47460,23527,-4.2
2020-12-01,47460,21154,-5.23
2021-03-01,47460,22117,
2021-06-01,47460,23882,5.58
2021-09-01,47460,24456,3.95
2021-12-01,47460,23127,9.33
2022-03-01,47460,23077,4.34
2022-06-01,47460,24626,3.12
2022-09-01,47460,25036,2.37
2022-12-01,47460,23062,-0.28
2023-03-01,47460,23052,-0.11
2023-06-01,47460,24939,1.27
2023-09-01,47460,25133,0.39
2023-12-01,47460,23490,1.86
2024-03-01,47460,21896,
2024-06-01,47460,24101,-3.36
2024-09-01,47460,23582,-6.17
2024-12-01,47460,22147,-5.72
2025-03-01,47460,21516,
2025-06-01,47460,22948,-4.78
2016-03-01,47580,43488,
2016-06-01,47580,44527,
2016-09-01,47580,44300,
2016-12-01,47580,44837,
2017-03-01,47580,44736,
2017-06-01,47580,45342,1.83
2017-09-01,47580,44707,0.92
2017-12-01,47580,45813,2.18
2018-03-01,47580,46318,3.54
2018-06-01,47580,46989,3.63
2018-09-01,47580,46707,4.47
2018-12-01,47580,45837,0.05
2019-03-01,47580,47686,2.95
2019-06-01,47580,48661,3.56
2019-09-01,47580,48449,3.73
2019-12-01,47580,49153,7.23
2020-03-01,47580,48361,
2020-06-01,47580,45672,-6.14
2020-09-01,47580,45980,-5.1
2020-12-01,47580,47126,-4.12
2021-03-01,47580,47436,
2021-06-01,47580,48101,5.32
2021-09-01,47580,47472,3.24
2021-12-01,47580,48775,3.5
2022-03-01,47580,48878,3.04
2022-06-01,47580,49774,3.48
2022-09-01,47580,49022,3.27
2022-12-01,47580,50085,2.69
2023-03-01,47580,50652,3.63
2023-06-01,47580,50902,2.27
2023-09-01,47580,50885,3.8
2023-12-01,47580,51020,1.87
2024-03-01,47580,49161,
2024-06-01,47580,49710,-2.34
2024-09-01,47580,48355,-4.97
2024-12-01,47580,48646,-4.65
2025-03-01,47580,48615,
2025-06-01,47580,49466,-0.49
2016-12-01,47900,2425795,
2017-03-01,47900,2395256,
2017-06-01,47900,2458543,
2017-09-01,47900,2429518,
2017-12-01,47900,2455630,1.23
2018-03-01,47900,2425985,1.28
2018-06-01,47900,2487759,1.19
2018-09-01,47900,2456551,1.11
2018-12-01,47900,2479850,0.99
2019-03-01,47900,2456124,1.24
2019-06-01,47900,2520138,1.3
2019-09-01,47900,2483663,1.1
2019-12-01,47900,2518486,1.56
2020-03-01,47900,2459171,
2020-06-01,47900,2196013,-12.86
2020-09-01,47900,2271074,-8.56
2020-12-01,47900,2307362,-8.38
2021-03-01,47900,2281551,
2021-06-01,47900,2353398,7.17
2021-09-01,47900,2354342,3.67
2021-12-01,47900,2410467,4.47
2022-03-01,47900,2372534,3.99
2022-06-01,47900,2422889,2.95
2022-09-01,47900,2429278,3.18
2022-12-01,47900,2444741,1.42
2023-03-01,47900,2436898,2.71
2023-06-01,47900,2494502,2.96
2023-09-01,47900,2461586,1.33
2023-12-01,47900,2482652,1.55
2024-03-01,47900,2448772,
2024-06-01,47900,2503068,0.34
2024-09-01,47900,2480776,0.78
2024-12-01,47900,2494580,0.48
2025-03-01,47900,2460390,
2025-06-01,47900,2504992,0.08
2024-03-01,47930,137117,
2024-06-01,47930,141991,
2024-09-01,47930,141407,
2024-12-01,47930,140837,
2025-03-01,47930,137752,
2025-06-01,47930,142129,0.1
2016-03-01,47940,74315,
2016-06-01,47940,75559,
2016-09-01,47940,75577,
2016-12-01,47940,75057,
2017-03-01,47940,73824,
2017-06-01,47940,75784,0.3
2017-09-01,47940,75214,-0.48
2017-12-01,47940,75844,1.05
2018-03-01,47940,74811,1.34
2018-06-01,47940,77057,1.68
2018-09-01,47940,76697,1.97
2018-12-01,47940,76922,1.42
2019-03-01,47940,74412,-0.53
2019-06-01,47940,76030,-1.33
2019-09-01,47940,75475,-1.59
2019-12-01,47940,76092,-1.08
2020-03-01,47940,73398,
2020-06-01,47940,70484,-7.29
2020-09-01,47940,71579,-5.16
2020-12-01,47940,72602,-4.59
2021-03-01,47940,71561,
2021-06-01,47940,73206,3.86
2021-09-01,47940,73765,3.05
2021-12-01,47940,73912,1.8
2022-03-01,47940,72219,0.92
2022-06-01,47940,74511,1.78
2022-09-01,47940,74058,0.4
2022-12-01,47940,73922,0.01
2023-03-01,47940,72761,0.75
2023-06-01,47940,74995,0.65
2023-09-01,47940,74705,0.87
2023-12-01,47940,74336,0.56
2024-03-01,47940,72465,
2024-06-01,47940,73972,-1.36
2024-09-01,47940,72978,-2.31
2024-12-01,47940,71380,-3.98
2025-03-01,47940,71309,
2025-06-01,47940,72833,-1.54
2016-03-01,48060,28324,
2016-06-01,48060,31367,
2016-09-01,48060,30990,
2016-12-01,48060,29290,
2017-03-01,48060,27994,
2017-06-01,48060,31234,-0.42
2017-09-01,48060,30471,-1.67
2017-12-01,48060,29480,0.65
2018-03-01,48060,28338,1.23
2018-06-01,48060,31081,-0.49
2018-09-01,48060,30302,-0.55
2018-12-01,48060,29122,-1.21
2019-03-01,48060,28077,-0.92
2019-06-01,48060,30462,-1.99
2019-09-01,48060,29628,-2.22
2019-12-01,48060,28352,-2.64
2020-03-01,48060,27024,
2020-06-01,48060,26168,-14.1
2020-09-01,48060,27563,-6.97
2020-12-01,48060,26524,-6.45
2021-03-01,48060,26270,
2021-06-01,48060,29335,12.1
2021-09-01,48060,28710,4.16
2021-12-01,48060,28206,6.34
2022-03-01,48060,27768,5.7
2022-06-01,48060,30346,3.45
2022-09-01,48060,29644,3.25
2022-12-01,48060,28352,0.52
2023-03-01,48060,28055,1.03
2023-06-01,48060,30762,1.37
2023-09-01,48060,29948,1.03
2023-12-01,48060,28478,0.44
2024-03-01,48060,28219,
2024-06-01,48060,30894,0.43
2024-09-01,48060,30023,0.25
2024-12-01,48060,28828,1.23
2025-03-01,48060,27960,
2025-06-01,48060,30674,-0.71
2016-03-01,48140,61540,
2016-06-01,48140,63944,
2016-09-01,48140,63498,
2016-12-01,48140,63512,
2017-03-01,48140,62097,
2017-06-01,48140,64491,0.86
2017-09-01,48140,63566,0.11
2017-12-01,48140,64247,1.16
2018-03-01,48140,63227,1.82
2018-06-01,48140,65010,0.8
2018-09-01,48140,64116,0.87
2018-12-01,48140,64740,0.77
2019-03-01,48140,63442,0.34
2019-06-01,48140,65582,0.88
2019-09-01,48140,64546,0.67
2019-12-01,48140,64544,-0.3
2020-03-01,48140,63218,
2020-06-01,48140,61147,-6.76
2020-09-01,48140,61509,-4.71
2020-12-01,48140,61957,-4.01
2021-03-01,48140,61474,
2021-06-01,48140,63294,3.51
2021-09-01,48140,62486,1.59
2021-12-01,48140,63115,1.87
2022-03-01,48140,62494,1.66
2022-06-01,48140,64327,1.63
2022-09-01,48140,63865,2.21
2022-12-01,48140,64176,1.68
2023-03-01,48140,62169,-0.52
2023-06-01,48140,63762,-0.88
2023-09-01,48140,62927,-1.47
2023-12-01,48140,63423,-1.17
2024-03-01,48140,62997,
2024-06-01,48140,64409,1.01
2024-09-01,48140,63231,0.48
2024-12-01,48140,63328,-0.15
2025-03-01,48140,61954,
2025-06-01,48140,63256,-1.79
2016-03-01,48260,32580,
2016-06-01,48260,33127,
2016-09-01,48260,33116,
2016-12-01,48260,32598,
2017-03-01,48260,31532,
2017-06-01,48260,32170,-2.89
2017-09-01,48260,32329,-2.38
2017-12-01,48260,32028,-1.75
2018-03-01,48260,31542,0.03
2018-06-01,48260,32185,0.05
2018-09-01,48260,32203,-0.39
2018-12-01,48260,31908,-0.37
2019-03-01,48260,31614,0.23
2019-06-01,48260,32236,0.16
2019-09-01,48260,31892,-0.97
2019-12-01,48260,31510,-1.25
2020-03-01,48260,30598,
2020-06-01,48260,28913,-10.31
2020-09-01,48260,29179,-8.51
2020-12-01,48260,29050,-7.81
2021-03-01,48260,29185,
2021-06-01,48260,29715,2.77
2021-09-01,48260,29689,1.75
2021-12-01,48260,30287,4.26
2022-03-01,48260,29957,2.65
2022-06-01,48260,30837,3.78
2022-09-01,48260,30605,3.09
2022-12-01,48260,30435,0.49
2023-03-01,48260,30194,0.79
2023-06-01,48260,30856,0.06
2023-09-01,48260,30092,-1.68
2023-12-01,48260,30176,-0.85
2024-03-01,48260,30098,
2024-06-01,48260,30716,-0.45
2024-09-01,48260,29709,-1.27
2024-12-01,48260,30558,1.27
2025-03-01,48260,30534,
2025-06-01,48260,30449,-0.87
2016-03-01,48300,42178,
2016-06-01,48300,55023,
2016-09-01,48300,50377,
2016-12-01,48300,42010,
2017-03-01,48300,43338,
2017-06-01,48300,51155,-7.03
2017-09-01,48300,51196,1.63
2017-12-01,48300,43610,3.81
2018-03-01,48300,44744,3.24
2018-06-01,48300,54918,7.36
2018-09-01,48300,52275,2.11
2018-12-01,48300,44035,0.97
2019-03-01,48300,42750,-4.46
2019-06-01,48300,51943,-5.42
2019-09-01,48300,50562,-3.28
2019-12-01,48300,44459,0.96
2020-03-01,48300,43609,
2020-06-01,48300,45517,-12.37
2020-09-01,48300,47095,-6.86
2020-12-01,48300,41415,-6.85
2021-03-01,48300,42739,
2021-06-01,48300,48025,5.51
2021-09-01,48300,48439,2.85
2021-12-01,48300,43947,6.11
2022-03-01,48300,44798,4.82
2022-06-01,48300,47272,-1.57
2022-09-01,48300,50180,3.59
2022-12-01,48300,44509,1.28
2023-03-01,48300,44933,0.3
2023-06-01,48300,50760,7.38
2023-09-01,48300,51132,1.9
2023-12-01,48300,45959,3.26
2024-03-01,48300,45543,
2024-06-01,48300,51093,0.66
2024-09-01,48300,50836,-0.58
2024-12-01,48300,44732,-2.67
2025-03-01,48300,44441,
2025-06-01,48300,50999,-0.18
2016-03-01,48540,52315,
2016-06-01,48540,53247,
2016-09-01,48540,53086,
2016-12-01,48540,53791,
2017-03-01,48540,52512,
2017-06-01,48540,54282,1.94
2017-09-01,48540,54989,3.58
2017-12-01,48540,55537,3.25
2018-03-01,48540,53396,1.68
2018-06-01,48540,56435,3.97
2018-09-01,48540,57490,4.55
2018-12-01,48540,55895,0.64
2019-03-01,48540,52880,-0.97
2019-06-01,48540,55193,-2.2
2019-09-01,48540,54243,-5.65
2019-12-01,48540,51668,-7.56
2020-03-01,48540,49763,
2020-06-01,48540,46780,-15.24
2020-09-01,48540,47350,-12.71
2020-12-01,48540,48137,-6.83
2021-03-01,48540,47517,
2021-06-01,48540,48447,3.56
2021-09-01,48540,48804,3.07
2021-12-01,48540,49498,2.83
2022-03-01,48540,48402,1.86
2022-06-01,48540,49209,1.57
2022-09-01,48540,49128,0.66
2022-12-01,48540,49421,-0.16
2023-03-01,48540,49085,1.41
2023-06-01,48540,50194,2
2023-09-01,48540,49574,0.91
2023-12-01,48540,49861,0.89
2024-03-01,48540,48686,
2024-06-01,48540,49639,-1.11
2024-09-01,48540,49274,-0.61
2024-12-01,48540,49208,-1.31
2025-03-01,48540,48005,
2025-06-01,48540,48768,-1.75
2016-03-01,48620,250512,
2016-06-01,48620,253408,
2016-09-01,48620,251733,
2016-12-01,48620,252534,
2017-03-01,48620,249011,
2017-06-01,48620,251030,-0.94
2017-09-01,48620,248672,-1.22
2017-12-01,48620,251802,-0.29
2018-03-01,48620,249134,0.05
2018-06-01,48620,254551,1.4
2018-09-01,48620,254303,2.26
2018-12-01,48620,257073,2.09
2019-03-01,48620,256713,3.04
2019-06-01,48620,261391,2.69
2019-09-01,48620,259281,1.96
2019-12-01,48620,262269,2.02
2020-03-01,48620,257186,
2020-06-01,48620,231940,-11.27
2020-09-01,48620,241335,-6.92
2020-12-01,48620,243258,-7.25
2021-03-01,48620,242475,
2021-06-01,48620,248976,7.35
2021-09-01,48620,246811,2.27
2021-12-01,48620,252898,3.96
2022-03-01,48620,249734,2.99
2022-06-01,48620,253826,1.95
2022-09-01,48620,256720,4.01
2022-12-01,48620,260711,3.09
2023-03-01,48620,259589,3.95
2023-06-01,48620,264664,4.27
2023-09-01,48620,263792,2.75
2023-12-01,48620,266104,2.07
2024-03-01,48620,260523,
2024-06-01,48620,265580,0.35
2024-09-01,48620,263741,-0.02
2024-12-01,48620,265504,-0.23
2025-03-01,48620,261744,
2025-06-01,48620,264385,-0.45
2016-03-01,48660,43991,
2016-06-01,48660,44308,
2016-09-01,48660,43820,
2016-12-01,48660,44409,
2017-03-01,48660,45154,
2017-06-01,48660,45582,2.88
2017-09-01,48660,45179,3.1
2017-12-01,48660,46219,4.08
2018-03-01,48660,45524,0.82
2018-06-01,48660,46424,1.85
2018-09-01,48660,45958,1.72
2018-12-01,48660,46849,1.36
2019-03-01,48660,45673,0.33
2019-06-01,48660,46176,-0.53
2019-09-01,48660,46044,0.19
2019-12-01,48660,46335,-1.1
2020-03-01,48660,45152,
2020-06-01,48660,42920,-7.05
2020-09-01,48660,42427,-7.86
2020-12-01,48660,43205,-6.76
2021-03-01,48660,43571,
2021-06-01,48660,44112,2.78
2021-09-01,48660,43972,3.64
2021-12-01,48660,44918,3.96
2022-03-01,48660,44402,1.91
2022-06-01,48660,44895,1.78
2022-09-01,48660,45084,2.53
2022-12-01,48660,45498,1.29
2023-03-01,48660,45511,2.5
2023-06-01,48660,46144,2.78
2023-09-01,48660,45355,0.6
2023-12-01,48660,45752,0.56
2024-03-01,48660,45059,
2024-06-01,48660,45362,-1.69
2024-09-01,48660,44630,-1.6
2024-12-01,48660,44655,-2.4
2025-03-01,48660,44347,
2025-06-01,48660,44518,-1.86
2024-03-01,48680,33855,
2024-06-01,48680,33677,
2024-09-01,48680,33923,
2024-12-01,48680,34617,
2025-03-01,48680,35082,
2025-06-01,48680,34657,2.91
2016-03-01,48700,43533,
2016-06-01,48700,44046,
2016-09-01,48700,44095,
2016-12-01,48700,44130,
2017-03-01,48700,43195,
2017-06-01,48700,44441,0.9
2017-09-01,48700,44326,0.52
2017-12-01,48700,44505,0.85
2018-03-01,48700,43810,1.42
2018-06-01,48700,44529,0.2
2018-09-01,48700,44068,-0.58
2018-12-01,48700,44664,0.36
2019-03-01,48700,43519,-0.66
2019-06-01,48700,44627,0.22
2019-09-01,48700,44356,0.65
2019-12-01,48700,44131,-1.19
2020-03-01,48700,43023,
2020-06-01,48700,40412,-9.44
2020-09-01,48700,40980,-7.61
2020-12-01,48700,40780,-7.59
2021-03-01,48700,40773,
2021-06-01,48700,41368,2.37
2021-09-01,48700,40817,-0.4
2021-12-01,48700,41530,1.84
2022-03-01,48700,41237,1.14
2022-06-01,48700,42169,1.94
2022-09-01,48700,42236,3.48
2022-12-01,48700,42426,2.16
2023-03-01,48700,41923,1.66
2023-06-01,48700,42920,1.78
2023-09-01,48700,42607,0.88
2023-12-01,48700,42862,1.03
2024-03-01,48700,42422,
2024-06-01,48700,43131,0.49
2024-09-01,48700,42722,0.27
2024-12-01,48700,42607,-0.59
2025-03-01,48700,41924,
2025-06-01,48700,42648,-1.12
2016-03-01,48900,96535,
2016-06-01,48900,101450,
2016-09-01,48900,100409,
2016-12-01,48900,99396,
2017-03-01,48900,98992,
2017-06-01,48900,103307,1.83
2017-09-01,48900,101375,0.96
2017-12-01,48900,100490,1.1
2018-03-01,48900,102531,3.58
2018-06-01,48900,106827,3.41
2018-09-01,48900,100302,-1.06
2018-12-01,48900,104580,4.07
2019-03-01,48900,105561,2.96
2019-06-01,48900,109501,2.5
2019-09-01,48900,107857,7.53
2019-12-01,48900,108826,4.06
2020-03-01,48900,107467,
2020-06-01,48900,101126,-7.65
2020-09-01,48900,103687,-3.87
2020-12-01,48900,105981,-2.61
2021-03-01,48900,113147,
2021-06-01,48900,116323,15.03
2021-09-01,48900,115170,11.07
2021-12-01,48900,117856,11.2
2022-03-01,48900,118811,5.01
2022-06-01,48900,123006,5.75
2022-09-01,48900,122380,6.26
2022-12-01,48900,123819,5.06
2023-03-01,48900,124154,4.5
2023-06-01,48900,128261,4.27
2023-09-01,48900,126265,3.17
2023-12-01,48900,127312,2.82
2024-03-01,48900,160366,
2024-06-01,48900,167408,30.52
2024-09-01,48900,163556,29.53
2024-12-01,48900,163697,28.58
2025-03-01,48900,163508,
2025-06-01,48900,170370,1.77
2016-03-01,49020,49035,
2016-06-01,49020,50047,
2016-09-01,49020,50078,
2016-12-01,49020,50436,
2017-03-01,49020,49864,
2017-06-01,49020,51163,2.23
2017-09-01,49020,50976,1.79
2017-12-01,49020,51456,2.02
2018-03-01,49020,51008,2.29
2018-06-01,49020,51662,0.98
2018-09-01,49020,52225,2.45
2018-12-01,49020,52687,2.39
2019-03-01,49020,51913,1.77
2019-06-01,49020,52500,1.62
2019-09-01,49020,52367,0.27
2019-12-01,49020,53006,0.61
2020-03-01,49020,52752,
2020-06-01,49020,50449,-3.91
2020-09-01,49020,52126,-0.46
2020-12-01,49020,53536,1
2021-03-01,49020,52543,
2021-06-01,49020,53459,5.97
2021-09-01,49020,53392,2.43
2021-12-01,49020,54866,2.48
2022-03-01,49020,54423,3.58
2022-06-01,49020,54996,2.88
2022-09-01,49020,55924,4.74
2022-12-01,49020,56480,2.94
2023-03-01,49020,56427,3.68
2023-06-01,49020,57601,4.74
2023-09-01,49020,57562,2.93
2023-12-01,49020,58553,3.67
2024-03-01,49020,57978,
2024-06-01,49020,58681,1.87
2024-09-01,49020,57922,0.63
2024-12-01,49020,59132,0.99
2025-03-01,49020,56218,
2025-06-01,49020,57398,-2.19
2016-03-01,49180,222628,
2016-06-01,49180,225174,
2016-09-01,49180,225687,
2016-12-01,49180,227049,
2017-03-01,49180,225114,
2017-06-01,49180,226973,0.8
2017-09-01,49180,227217,0.68
2017-12-01,49180,229296,0.99
2018-03-01,49180,227827,1.21
2018-06-01,49180,231666,2.07
2018-09-01,49180,230221,1.32
2018-12-01,49180,232391,1.35
2019-03-01,49180,233576,2.52
2019-06-01,49180,235699,1.74
2019-09-01,49180,235160,2.15
2019-12-01,49180,238072,2.44
2020-03-01,49180,234272,
2020-06-01,49180,216806,-8.02
2020-09-01,49180,223986,-4.75
2020-12-01,49180,231230,-2.87
2021-03-01,49180,229648,
2021-06-01,49180,233231,7.58
2021-09-01,49180,231480,3.35
2021-12-01,49180,237321,2.63
2022-03-01,49180,235940,2.74
2022-06-01,49180,238739,2.36
2022-09-01,49180,240198,3.77
2022-12-01,49180,241412,1.72
2023-03-01,49180,239581,1.54
2023-06-01,49180,241470,1.14
2023-09-01,49180,240549,0.15
2023-12-01,49180,242553,0.47
2024-03-01,49180,238928,
2024-06-01,49180,240909,-0.23
2024-09-01,49180,241145,0.25
2024-12-01,49180,242330,-0.09
2025-03-01,49180,236650,
2025-06-01,49180,240036,-0.36
2016-03-01,49340,315769,
2016-06-01,49340,327168,
2016-09-01,49340,326098,
2016-12-01,49340,326914,
2017-03-01,49340,322463,
2017-06-01,49340,333497,1.93
2017-09-01,49340,331291,1.59
2017-12-01,49340,332963,1.85
2018-03-01,49340,325669,0.99
2018-06-01,49340,335612,0.63
2018-09-01,49340,332671,0.42
2018-12-01,49340,334715,0.53
2019-03-01,49340,328287,0.8
2019-06-01,49340,338115,0.75
2019-09-01,49340,334693,0.61
2019-12-01,49340,336525,0.54
2020-03-01,49340,326217,
2020-06-01,49340,292239,-13.57
2020-09-01,49340,305402,-8.75
2020-12-01,49340,312829,-7.04
2021-03-01,49340,307225,
2021-06-01,49340,322377,10.31
2021-09-01,49340,322058,5.45
2021-12-01,49340,326849,4.48
2022-03-01,49340,325534,5.96
2024-03-01,49340,292397,
2024-06-01,49340,301293,
2024-09-01,49340,297269,
2024-12-01,49340,296802,
2025-03-01,49340,292779,
2025-06-01,49340,300191,-0.37
2016-03-01,49420,87568,
2016-06-01,49420,105021,
2016-09-01,49420,106479,
2016-12-01,49420,84791,
2017-03-01,49420,89480,
2017-06-01,49420,103740,-1.22
2017-09-01,49420,107578,1.03
2017-12-01,49420,88852,4.79
2018-03-01,49420,93206,4.16
2018-06-01,49420,110020,6.05
2018-09-01,49420,107396,-0.17
2018-12-01,49420,88990,0.16
2019-03-01,49420,89756,-3.7
2019-06-01,49420,108314,-1.55
2019-09-01,49420,108808,1.31
2019-12-01,49420,90448,1.64
2020-03-01,49420,92557,
2020-06-01,49420,99589,-8.06
2020-09-01,49420,102899,-5.43
2020-12-01,49420,86714,-4.13
2021-03-01,49420,90511,
2021-06-01,49420,101100,1.52
2021-09-01,49420,104180,1.24
2021-12-01,49420,90370,4.22
2022-03-01,49420,94317,4.21
2022-06-01,49420,101262,0.16
2022-09-01,49420,107672,3.35
2022-12-01,49420,90350,-0.02
2023-03-01,49420,93441,-0.93
2023-06-01,49420,102412,1.14
2023-09-01,49420,105903,-1.64
2023-12-01,49420,92989,2.92
2024-03-01,49420,93907,
2024-06-01,49420,103733,1.29
2024-09-01,49420,104985,-0.87
2024-12-01,49420,91602,-1.49
2025-03-01,49420,92907,
2025-06-01,49420,104484,0.72
2016-03-01,49620,154797,
2016-06-01,49620,157736,
2016-09-01,49620,157852,
2016-12-01,49620,158460,
2017-03-01,49620,155796,
2017-06-01,49620,159051,0.83
2017-09-01,49620,159307,0.92
2017-12-01,49620,160583,1.34
2018-03-01,49620,157762,1.26
2018-06-01,49620,160644,1
2018-09-01,49620,159973,0.42
2018-12-01,49620,161565,0.61
2019-03-01,49620,158672,0.58
2019-06-01,49620,161670,0.64
2019-09-01,49620,161279,0.82
2019-12-01,49620,163133,0.97
2020-03-01,49620,157936,
2020-06-01,49620,145682,-9.89
2020-09-01,49620,149849,-7.09
2020-12-01,49620,153264,-6.05
2021-03-01,49620,152001,
2021-06-01,49620,155080,6.45
2021-09-01,49620,154777,3.29
2021-12-01,49620,159619,4.15
2022-03-01,49620,159468,4.91
2022-06-01,49620,161398,4.07
2022-09-01,49620,161234,4.17
2022-12-01,49620,162520,1.82
2023-03-01,49620,161021,0.97
2023-06-01,49620,163825,1.5
2023-09-01,49620,163676,1.51
2023-12-01,49620,166131,2.22
2024-03-01,49620,162205,
2024-06-01,49620,164611,0.48
2024-09-01,49620,163468,-0.13
2024-12-01,49620,165386,-0.45
2025-03-01,49620,162244,
2025-06-01,49620,164723,0.07
2016-03-01,49660,183436,
2016-06-01,49660,187756,
2016-09-01,49660,187153,
2016-12-01,49660,186350,
2017-03-01,49660,179336,
2017-06-01,49660,185157,-1.38
2017-09-01,49660,181738,-2.89
2017-12-01,49660,183944,-1.29
2018-03-01,49660,180078,0.41
2018-06-01,49660,186565,0.76
2018-09-01,49660,181960,0.12
2018-12-01,49660,181909,-1.11
2019-03-01,49660,176821,-1.81
2019-06-01,49660,182100,-2.39
2019-09-01,49660,180227,-0.95
2019-12-01,49660,179166,-1.51
2020-03-01,49660,173066,
2020-06-01,49660,162001,-11.04
2020-09-01,49660,165680,-8.07
2020-12-01,49660,165597,-7.57
2021-03-01,49660,163387,
2021-06-01,49660,169632,4.71
2021-09-01,49660,168910,1.95
2021-12-01,49660,172116,3.94
2022-03-01,49660,169361,3.66
2022-06-01,49660,174596,2.93
2022-09-01,49660,174267,3.17
2022-12-01,49660,174455,1.36
2023-03-01,49660,171955,1.53
2023-06-01,49660,177157,1.47
2023-09-01,49660,177064,1.61
2023-12-01,49660,177300,1.63
2024-03-01,49660,136560,
2024-06-01,49660,140105,-20.91
2024-09-01,49660,138931,-21.54
2024-12-01,49660,138476,-21.9
2025-03-01,49660,135673,
2025-06-01,49660,138784,-0.94
2016-03-01,49700,33197,
2016-06-01,49700,37095,
2016-09-01,49700,37369,
2016-12-01,49700,33871,
2017-03-01,49700,34106,
2017-06-01,49700,38990,5.11
2017-09-01,49700,38769,3.75
2017-12-01,49700,35726,5.48
2018-03-01,49700,35433,3.89
2018-06-01,49700,40150,2.98
2018-09-01,49700,39122,0.91
2018-12-01,49700,36260,1.49
2019-03-01,49700,36166,2.07
2019-06-01,49700,40628,1.19
2019-09-01,49700,40390,3.24
2019-12-01,49700,37258,2.75
2020-03-01,49700,37785,
2020-06-01,49700,38852,-4.37
2020-09-01,49700,38892,-3.71
2020-12-01,49700,36861,-1.07
2021-03-01,49700,36595,
2021-06-01,49700,39941,2.8
2021-09-01,49700,40914,5.2
2021-12-01,49700,38794,5.24
2022-03-01,49700,38886,6.26
2022-06-01,49700,41849,4.78
2022-09-01,49700,42479,3.83
2022-12-01,49700,39044,0.64
2023-03-01,49700,37876,-2.6
2023-06-01,49700,42351,1.2
2023-09-01,49700,42998,1.22
2023-12-01,49700,39588,1.39
2024-03-01,49700,38903,
2024-06-01,49700,41671,-1.61
2024-09-01,49700,42343,-1.52
2024-12-01,49700,38991,-1.51
2025-03-01,49700,38437,
2025-06-01,49700,41282,-0.93
2016-03-01,49740,58165,
2016-06-01,49740,46254,
2016-09-01,49740,46971,
2016-12-01,49740,62852,
2017-03-01,49740,58056,
2017-06-01,49740,44832,-3.07
2017-09-01,49740,47481,1.09
2017-12-01,49740,62855,0
2018-03-01,49740,59464,2.43
2018-06-01,49740,45771,2.09
2018-09-01,49740,47111,-0.78
2018-12-01,49740,65261,3.83
2019-03-01,49740,60454,1.66
2019-06-01,49740,46324,1.21
2019-09-01,49740,48322,2.57
2019-12-01,49740,64476,-1.2
2020-03-01,49740,60987,
2020-06-01,49740,45224,-2.37
2020-09-01,49740,45838,-5.14
2020-12-01,49740,59634,-7.51
2021-03-01,49740,57602,
2021-06-01,49740,47920,5.96
2021-09-01,49740,50069,9.23
2021-12-01,49740,64376,7.95
2022-03-01,49740,61912,7.48
2022-06-01,49740,49657,3.62
2022-09-01,49740,52516,4.89
2022-12-01,49740,63287,-1.69
2023-03-01,49740,62462,0.89
2023-06-01,49740,49684,0.05
2023-09-01,49740,52267,-0.47
2023-12-01,49740,64854,2.48
2024-03-01,49740,61964,
2024-06-01,49740,51542,3.74
2024-09-01,49740,52979,1.36
2024-12-01,49740,63667,-1.83
2025-03-01,49740,61312,
2025-06-01,49740,49955,-3.08